uf,cd,nome,ibge,ts,st,te,est,vv,tv,vb,vn,hg,v_CLARIANA BARAO,v_EDMILSON COSTA,v_ESCRITOR AUGUSTO CURY,v_FLAVIO BOLSONARO,v_HERTZ DIAS,v_LULA,v_RENAN SANTOS,v_RONALDO CAIADO,v_RUI COSTA PIMENTA,v_SAMARA,v_VETERINÁRIO WILSON GRASSI,v_ZEMA
ac,01120,ACRELÂNDIA,1200013,45,45,10207,10207,7791,8055,56,208,19:04:33,2,0,114,5940,1,1508,85,136,0,2,0,3
ac,01570,ASSIS BRASIL,1200054,28,28,7294,7294,5521,5745,20,204,20:22:14,1,5,123,3274,2,2015,38,50,2,2,1,8
ac,01058,BRASILÉIA,1200104,74,74,19978,19978,15387,15907,135,385,19:17:09,2,6,295,10709,1,3965,200,192,0,2,0,15
ac,01007,BUJARI,1200138,41,41,11152,11152,8308,8657,98,251,19:20:51,3,3,165,5531,3,2394,68,133,2,3,0,3
ac,01015,CAPIXABA,1200179,34,34,8170,8170,6298,6513,56,159,18:56:31,1,2,108,4227,0,1732,77,134,0,1,0,16
ac,01074,CRUZEIRO DO SUL,1200203,256,256,63851,63851,49656,51482,573,1253,20:42:45,12,14,1357,34218,8,12368,921,703,2,17,8,28
ac,01112,EPITACIOLÂNDIA,1200252,54,54,14599,14599,11282,11702,101,319,20:24:14,6,2,202,8129,1,2656,133,135,1,9,0,8
ac,01139,FEIJÓ,1200302,88,88,24197,24197,17296,18156,133,727,20:10:45,6,3,384,9069,1,7435,157,214,2,10,1,14
ac,01104,JORDÃO,1200328,24,24,5999,5999,4299,4514,15,200,19:08:54,1,0,152,1935,0,2147,15,43,0,0,1,5
ac,01554,MANOEL URBANO,1200344,31,31,8602,8602,6432,6717,49,236,19:16:08,3,3,76,3823,1,2415,59,51,0,1,0,0
ac,01040,MARECHAL THAUMATURGO,1200351,47,47,11897,11897,9078,9352,48,226,18:17:46,2,2,189,5369,0,3365,43,102,2,1,0,3
ac,01090,MÂNCIO LIMA,1200336,57,57,14657,14657,11689,12089,96,304,20:52:46,1,2,256,7749,0,3481,123,73,1,2,1,0
ac,01511,PLÁCIDO DE CASTRO,1200385,54,54,12291,12291,9568,9931,64,299,18:49:53,2,1,213,6580,2,2473,120,166,0,5,1,5
ac,01023,PORTO ACRE,1200807,60,60,14284,14284,11128,11609,124,357,19:12:39,0,6,228,7926,0,2658,113,169,0,5,1,22
ac,01066,PORTO WALTER,1200393,34,34,8032,8032,6296,6520,49,175,19:07:40,1,1,194,2780,0,3208,48,62,1,1,0,0
ac,01392,RIO BRANCO,1200401,908,908,270174,270174,206854,215564,3119,5591,20:42:26,113,72,7747,131895,46,56423,4808,5143,23,201,24,359
ac,01082,RODRIGUES ALVES,1200427,55,55,12185,12185,9931,10218,69,218,19:14:14,4,1,184,7154,1,2355,77,148,2,1,0,4
ac,01031,SANTA ROSA DO PURUS,1200435,16,16,3927,3927,2742,2884,12,130,18:48:39,1,1,55,1258,0,1384,17,24,0,0,0,2
ac,01457,SENA MADUREIRA,1200500,120,120,30864,30864,23642,24661,254,765,20:55:40,2,5,542,16640,3,5787,348,284,1,15,0,15
ac,01538,SENADOR GUIOMARD,1200450,81,81,18638,18638,14556,15166,180,430,19:02:57,11,2,404,10111,0,3536,195,268,1,18,0,10
ac,01473,TARAUACÁ,1200609,110,110,29970,29970,21508,22603,223,872,20:41:26,37,5,395,12435,0,8099,206,266,0,13,1,51
ac,01490,XAPURI,1200708,53,53,12774,12774,9804,10285,105,376,20:19:36,4,4,140,6055,1,3366,129,98,0,5,0,2
al,27030,ANADIA,2700201,46,46,13090,13090,9441,10144,165,538,19:07:08,3,1,207,2600,3,6524,63,34,0,3,0,3
al,27057,ARAPIRACA,2700300,446,446,158990,158990,123821,130876,2295,4760,21:01:49,48,20,3809,56513,31,60304,2103,830,9,80,10,64
al,27073,ATALAIA,2700409,113,113,32403,32403,23754,25460,475,1231,21:01:27,6,4,443,8726,6,14076,297,179,0,11,1,5
al,27090,BARRA DE SANTO ANTÔNIO,2700508,41,41,14944,14944,10903,11656,223,530,21:17:01,2,3,286,4637,1,5771,124,69,0,3,2,5
al,27111,BARRA DE SÃO MIGUEL,2700607,27,27,8063,8063,6393,6775,122,260,20:57:30,4,0,157,3227,1,2858,78,58,0,3,2,5
al,27138,BATALHA,2700706,36,36,13574,13574,10159,10798,115,524,20:55:22,2,2,201,3579,4,6197,113,52,0,4,1,4
al,27170,BELO MONTE,2700904,16,16,6030,6030,4607,4869,52,210,20:10:29,0,0,106,1314,0,3116,38,32,0,0,0,1
al,27154,BELÉM,2700805,20,20,5054,5054,3596,3882,66,220,20:10:28,1,0,88,956,0,2501,29,14,0,2,0,5
al,27197,BOCA DA MATA,2701001,59,59,19738,19738,14070,14998,270,658,19:23:21,5,3,253,5779,0,7804,146,62,0,6,2,10
al,27219,BRANQUINHA,2701100,26,26,9119,9119,6191,6695,104,400,20:12:41,0,2,85,1877,0,4114,81,27,0,1,0,4
al,27235,CACIMBINHAS,2701209,24,24,8774,8774,5914,6378,72,392,20:47:15,0,0,64,1698,2,4073,51,25,0,0,0,1
al,27251,CAJUEIRO,2701308,42,42,14474,14474,10170,10975,154,651,20:12:41,3,1,185,3135,5,6630,134,67,0,4,0,6
al,27081,CAMPESTRE,2701357,17,17,6077,6077,4242,4586,87,257,20:05:01,1,1,111,1276,0,2798,44,9,1,1,0,0
al,27278,CAMPO ALEGRE,2701407,78,78,27042,27042,19043,20310,282,985,20:57:08,0,2,376,6532,4,11781,256,75,0,10,3,4
al,27294,CAMPO GRANDE,2701506,26,26,9154,9154,6614,7122,126,382,20:33:36,0,0,152,1720,1,4622,78,37,0,1,1,2
al,27316,CANAPI,2701605,53,53,14793,14793,10380,11069,122,567,19:20:53,0,0,219,2051,2,8006,73,16,1,10,1,1
al,27332,CAPELA,2701704,46,46,12900,12900,9614,10312,159,539,20:56:11,6,0,170,3700,3,5533,135,57,0,3,1,6
al,27359,CARNEIROS,2701803,23,23,7751,7751,5564,5938,68,306,20:50:21,0,1,98,1143,1,4217,85,17,1,1,0,0
al,27375,CHÃ PRETA,2701902,23,23,6923,6923,5085,5483,56,342,19:01:36,0,1,119,1422,1,3457,67,14,0,1,0,3
al,27391,COITÉ DO NÓIA,2702009,30,30,9481,9481,7025,7521,100,396,20:25:57,1,0,188,1712,0,4983,110,26,0,4,0,1
al,27413,COLÔNIA LEOPOLDINA,2702108,55,55,15416,15416,10822,11624,207,595,18:49:56,17,2,170,5068,2,5409,97,47,1,3,0,6
al,27430,COQUEIRO SECO,2702207,17,17,5554,5554,4346,4643,86,211,20:33:29,1,0,131,1798,2,2300,65,45,0,2,1,1
al,27456,CORURIPE,2702306,122,122,41885,41885,30378,32689,750,1561,21:00:19,10,7,711,15184,6,13895,363,173,1,12,5,11
al,28894,CRAÍBAS,2702355,59,59,21887,21887,16393,17441,275,773,21:08:56,3,3,427,4159,2,11551,180,58,3,1,2,4
al,27472,DELMIRO GOUVEIA,2702405,151,151,41407,41407,30417,32104,395,1292,21:42:15,6,4,517,5750,5,23510,489,112,3,9,4,8
al,27499,DOIS RIACHOS,2702504,27,27,9497,9497,6321,6778,61,396,22:35:09,0,0,74,1799,2,4352,62,27,0,2,0,3
al,27049,ESTRELA DE ALAGOAS,2702553,41,41,13040,13040,8736,9496,133,627,20:58:13,0,0,130,1613,2,6859,82,42,0,3,2,3
al,27510,FEIRA GRANDE,2702603,53,53,19459,19459,14623,15668,249,796,20:30:08,1,2,350,3614,3,10417,164,60,0,4,1,7
al,27537,FELIZ DESERTO,2702702,11,11,3975,3975,2766,3004,59,179,19:22:09,1,0,50,1030,0,1653,25,6,0,0,0,1
al,27553,FLEXEIRAS,2702801,26,26,8538,8538,6154,6662,117,391,21:24:26,0,1,120,2989,0,2943,72,26,0,2,0,1
al,27570,GIRAU DO PONCIANO,2702900,76,76,28504,28504,20688,22089,327,1074,21:40:45,2,1,357,4370,2,15661,218,65,2,6,1,3
al,27596,IBATEGUARA,2703007,33,33,11536,11536,8037,8744,188,519,20:16:37,21,1,130,3064,3,4702,70,39,0,5,0,2
al,27618,IGACI,2703106,82,82,20525,20525,14198,15294,227,869,20:41:28,3,3,314,3134,2,10470,169,87,0,6,4,6
al,27634,IGREJA NOVA,2703205,55,55,17729,17729,12921,13915,281,713,21:38:27,2,1,237,3533,0,8952,114,76,0,0,3,3
al,27650,INHAPI,2703304,43,43,14561,14561,9914,10641,173,554,20:56:24,0,1,171,1691,2,7926,80,41,0,1,0,1
al,27677,JACARÉ DOS HOMENS,2703403,14,14,5258,5258,3995,4190,48,147,20:27:06,2,0,71,809,1,3067,33,9,0,1,0,2
al,27693,JACUÍPE,2703502,17,17,6044,6044,4709,4980,75,196,19:22:32,1,0,97,1434,1,3113,48,12,0,3,0,0
al,27715,JAPARATINGA,2703601,27,27,9190,9190,6926,7392,111,355,20:59:20,4,2,114,3709,1,2992,61,34,0,2,3,4
al,27731,JARAMATAIA,2703700,16,16,5223,5223,4064,4328,43,221,20:29:15,0,0,68,994,1,2962,20,18,0,0,0,1
al,27065,JEQUIÁ DA PRAIA,2703759,24,24,8245,8245,6244,6618,92,282,19:13:17,1,0,175,2915,1,3053,66,30,0,3,0,0
al,27758,JOAQUIM GOMES,2703809,53,53,15470,15470,11147,12048,144,757,21:34:17,4,2,156,3430,1,7394,103,51,0,6,0,0
al,27774,JUNDIÁ,2703908,14,14,4851,4851,3561,3815,36,218,19:20:54,0,1,63,1399,1,2027,37,29,0,4,0,0
al,27790,JUNQUEIRO,2704005,63,63,20177,20177,14684,15790,301,805,20:54:09,5,8,437,5637,3,8286,183,93,0,22,4,6
al,27812,LAGOA DA CANOA,2704104,46,46,17008,17008,12453,13367,234,680,20:52:30,4,0,213,3911,6,8122,140,47,0,7,0,3
al,27839,LIMOEIRO DE ANADIA,2704203,64,64,20414,20414,15143,16221,209,869,20:07:45,1,0,238,4249,1,10464,132,46,0,5,1,6
al,27855,MACEIÓ,2704302,1661,1661,646463,646463,496116,525546,10209,19221,22:54:07,280,67,13769,259789,166,203850,10043,6691,58,670,108,625
al,27871,MAJOR ISIDORO,2704401,46,46,15675,15675,11373,12230,152,705,21:13:10,0,0,174,4009,2,7056,83,41,0,1,2,5
al,27979,MAR VERMELHO,2704906,11,11,3653,3653,2867,3070,43,160,20:40:36,0,1,52,811,1,1933,36,29,2,2,0,0
al,27898,MARAGOGI,2704500,69,69,26019,26019,19005,20268,419,844,20:58:13,0,6,350,10898,2,7431,213,87,1,10,0,7
al,27910,MARAVILHA,2704609,26,26,8963,8963,6162,6690,112,416,22:50:26,1,0,179,1473,2,4409,65,27,0,0,1,5
al,27936,MARECHAL DEODORO,2704708,142,142,47095,47095,36124,38515,768,1623,21:01:27,13,5,910,19001,9,15178,562,380,2,32,6,26
al,27952,MARIBONDO,2704807,37,37,11142,11142,8527,9172,121,524,20:59:20,2,2,143,3067,5,5141,111,44,1,4,0,7
al,27995,MATA GRANDE,2705002,63,63,18418,18418,12724,13634,170,740,20:51:32,0,1,160,2337,2,10073,107,38,0,4,0,2
al,28010,MATRIZ DE CAMARAGIBE,2705101,53,53,18656,18656,13632,14589,280,677,20:57:07,2,3,187,7489,1,5701,174,63,0,5,3,4
al,28037,MESSIAS,2705200,39,39,14073,14073,10565,11313,211,537,20:52:19,7,2,172,4282,1,5892,129,68,1,7,1,3
al,28053,MINADOR DO NEGRÃO,2705309,18,18,5111,5111,3617,3944,52,275,20:07:45,0,2,93,1106,0,2356,39,19,0,0,0,2
al,28070,MONTEIRÓPOLIS,2705408,19,19,6417,6417,4686,5028,67,275,19:29:35,1,0,136,1141,2,3332,44,24,1,2,0,3
al,28096,MURICI,2705507,63,63,20644,20644,15142,16611,433,1036,19:29:52,2,6,229,5628,3,8996,193,74,0,4,0,7
al,28118,NOVO LINO,2705606,30,30,10016,10016,7298,7805,119,388,20:13:00,12,0,114,3612,0,3432,73,42,0,6,2,5
al,28134,OLHO D'ÁGUA DAS FLORES,2705705,47,47,16240,16240,11897,12635,136,602,21:01:49,0,0,255,4518,1,6905,138,70,0,7,0,3
al,28150,OLHO D'ÁGUA DO CASADO,2705804,21,21,7631,7631,5299,5638,55,284,20:59:20,1,1,94,752,0,4368,71,12,0,0,0,0
al,28177,OLHO D'ÁGUA GRANDE,2705903,15,15,5133,5133,3727,3981,53,201,20:47:55,0,1,74,889,0,2711,40,12,0,0,0,0
al,28193,OLIVENÇA,2706000,38,38,10337,10337,7917,8469,81,471,20:16:37,1,2,172,2379,0,5213,97,43,1,4,0,5
al,28215,OURO BRANCO,2706109,27,27,10029,10029,7329,7753,71,353,21:36:47,2,1,252,1771,1,5183,84,32,1,2,0,0
al,28231,PALESTINA,2706208,14,14,4992,4992,3518,3722,52,152,21:24:16,0,0,102,737,3,2636,21,18,0,1,0,0
al,28258,PALMEIRA DOS ÍNDIOS,2706307,170,170,54544,54544,40222,43046,788,2036,21:17:01,8,10,887,14385,10,23887,661,309,7,24,4,30
al,27022,PARICONHA,2706422,29,29,9772,9772,7161,7539,61,317,20:58:29,0,0,87,658,3,6310,80,20,0,1,1,1
al,27006,PARIPUEIRA,2706448,33,33,12721,12721,9605,10207,211,391,20:56:11,4,5,232,4999,1,4101,155,95,1,7,3,2
al,28290,PASSO DE CAMARAGIBE,2706505,38,38,12513,12513,9622,10255,199,434,20:59:39,2,0,163,4176,0,5161,70,44,1,4,1,0
al,28312,PAULO JACINTO,2706604,26,26,6620,6620,5071,5466,93,302,18:50:12,0,2,125,1472,3,3368,57,40,0,2,0,2
al,28339,PENEDO,2706703,138,138,44742,44742,32595,34518,636,1287,21:37:07,2,2,925,12036,9,18884,480,224,0,16,2,15
al,28355,PIAÇABUÇU,2706802,44,44,13930,13930,10304,10938,164,470,20:42:28,2,2,225,3508,3,6409,96,54,0,1,2,2
al,28371,PILAR,2706901,84,84,29494,29494,22381,23927,502,1044,20:53:21,5,6,507,10026,7,11359,303,146,0,8,3,11
al,28398,PINDOBA,2707008,8,8,2895,2895,2276,2407,14,117,19:29:36,0,0,29,827,0,1393,16,10,0,1,0,0
al,28410,PIRANHAS,2707107,56,56,20101,20101,14440,15316,118,758,21:44:06,6,1,267,2561,3,11382,179,31,2,4,2,2
al,28452,PORTO CALVO,2707305,69,69,21598,21598,16131,17218,302,785,20:07:46,5,2,289,8667,4,6941,122,82,1,11,6,1
al,28479,PORTO DE PEDRAS,2707404,23,23,8457,8457,6493,6885,120,272,21:46:17,2,0,126,3285,2,2989,65,18,0,5,0,1
al,28495,PORTO REAL DO COLÉGIO,2707503,53,53,17563,17563,13261,14129,288,580,21:41:26,0,0,263,3236,1,9542,144,63,0,5,0,7
al,28436,POÇO DAS TRINCHEIRAS,2707206,34,34,11257,11257,8177,8834,145,512,21:18:26,5,0,219,1471,0,6344,78,50,1,8,0,1
al,28274,PÃO DE AÇÚCAR,2706406,64,64,18843,18843,13659,14466,184,623,20:57:30,4,1,250,3331,3,9813,160,86,0,2,1,8
al,28517,QUEBRANGULO,2707602,37,37,10425,10425,7774,8276,84,418,19:20:54,2,0,89,2236,0,5305,87,48,0,2,3,2
al,28533,RIO LARGO,2707701,205,205,68061,68061,53751,57326,1387,2188,20:57:29,27,3,1339,24885,10,26017,924,458,1,53,5,29
al,28550,ROTEIRO,2707800,17,17,5776,5776,4220,4500,69,211,20:16:37,0,1,70,1615,0,2463,47,20,0,2,0,2
al,28576,SANTA LUZIA DO NORTE,2707909,18,18,6471,6471,5078,5375,80,217,19:20:54,0,0,140,1928,2,2912,59,30,0,5,0,2
al,28592,SANTANA DO IPANEMA,2708006,115,115,33109,33109,24853,26479,391,1235,20:10:28,7,3,678,7218,5,16402,386,123,0,12,5,14
al,28614,SANTANA DO MUNDAÚ,2708105,28,28,9415,9415,6773,7203,109,321,19:29:36,1,0,148,1753,1,4749,79,37,0,2,1,2
al,28770,SATUBA,2708907,41,41,15433,15433,12524,13147,228,395,19:29:35,5,2,308,6429,5,5435,219,101,1,10,2,7
al,28916,SENADOR RUI PALMEIRA,2708956,30,30,9681,9681,6975,7451,72,404,20:57:30,1,0,148,1415,2,5297,76,31,0,1,1,3
al,28630,SÃO BRÁS,2708204,23,23,7353,7353,5534,5849,124,191,20:56:11,1,0,102,1467,1,3881,54,22,0,2,2,2
al,28657,SÃO JOSÉ DA LAJE,2708303,50,50,17824,17824,12592,13584,288,704,20:13:48,8,4,259,4848,8,7218,148,80,0,9,3,7
al,28673,SÃO JOSÉ DA TAPERA,2708402,64,64,23495,23495,16315,17434,239,880,22:16:17,1,6,449,3713,5,11832,188,106,0,8,1,6
al,28690,SÃO LUÍS DO QUITUNDE,2708501,71,71,23573,23573,16834,18136,355,947,21:27:27,1,2,271,8292,5,7992,182,74,0,9,0,6
al,28711,SÃO MIGUEL DOS CAMPOS,2708600,137,137,43051,43051,31858,34036,685,1493,20:51:19,10,6,738,15362,4,14939,480,272,0,28,2,17
al,28738,SÃO MIGUEL DOS MILAGRES,2708709,22,22,8255,8255,6202,6617,114,301,21:00:40,1,2,105,3235,1,2743,67,44,0,2,0,2
al,28754,SÃO SEBASTIÃO,2708808,74,74,27082,27082,19994,21387,378,1015,21:01:49,3,2,437,5637,1,13514,288,94,0,11,1,6
al,28797,TANQUE D'ARCA,2709004,19,19,6000,6000,4216,4541,60,265,19:13:27,1,0,81,982,1,3097,33,17,0,2,0,2
al,28819,TAQUARANA,2709103,54,54,15528,15528,11408,12301,179,714,19:25:18,2,1,162,2862,6,8217,106,42,1,6,0,3
al,28932,TEOTÔNIO VILELA,2709152,89,89,31106,31106,21220,22794,416,1158,20:58:29,5,6,557,7879,1,12294,312,140,1,9,7,9
al,28835,TRAIPU,2709202,72,72,19176,19176,13587,14722,169,966,19:17:10,7,1,198,3046,0,10086,149,83,1,6,0,10
al,28851,UNIÃO DOS PALMARES,2709301,140,140,48373,48373,35381,37701,544,1776,21:19:36,11,11,632,12989,5,20994,493,186,1,34,6,19
al,28878,VIÇOSA,2709400,60,60,20902,20902,15512,16593,259,822,21:23:06,2,4,333,5490,1,9372,190,93,1,13,2,11
al,27014,ÁGUA BRANCA,2700102,46,46,16513,16513,11106,11824,119,599,20:57:08,0,2,134,1230,2,9576,117,38,0,2,2,3
ap,06017,AMAPÁ,1600105,27,27,7523,7523,6114,6262,54,94,20:14:16,2,1,259,2277,0,3379,108,81,2,2,0,3
ap,06033,CALÇOENE,1600204,30,30,8907,8907,6869,7009,51,89,19:20:52,0,0,306,2832,0,3476,132,115,0,2,1,5
ap,06068,CUTIAS,1600212,23,23,6300,6300,5092,5191,34,65,19:29:32,0,2,190,2125,0,2645,55,71,0,4,0,0
ap,06114,FERREIRA GOMES,1600238,26,26,7861,7861,6117,6260,40,103,19:07:37,0,0,230,2889,4,2788,120,76,0,4,0,6
ap,06041,ITAUBAL,1600253,31,31,8881,8881,7228,7354,45,81,19:07:36,1,0,265,3107,0,3646,86,115,1,2,1,4
ap,06130,LARANJAL DO JARI,1600279,106,106,28170,28170,20556,21115,179,380,20:14:16,6,2,622,8386,2,10748,482,282,1,17,0,8
ap,06050,MACAPÁ,1600303,1027,1027,321597,321597,263718,270534,2792,4024,21:02:55,155,37,11656,124378,108,114179,7001,5510,31,382,35,246
ap,06076,MAZAGÃO,1600402,90,90,22212,22212,18653,18989,87,249,20:40:27,5,0,600,6402,2,11092,304,236,2,8,0,2
ap,06092,OIAPOQUE,1600501,91,91,24220,24220,16941,17516,204,371,19:11:04,7,2,457,6109,1,9792,313,236,6,8,2,8
ap,06084,PEDRA BRANCA DO AMAPARI,1600154,31,31,9909,9909,6951,7119,58,110,19:30:43,3,3,237,3026,2,3492,86,92,0,3,1,6
ap,06025,PORTO GRANDE,1600535,45,45,15533,15533,12013,12338,90,235,20:58:10,3,2,459,5300,3,5770,284,173,0,10,0,9
ap,06009,PRACUÚBA,1600550,16,16,4022,4022,3265,3313,13,35,19:16:08,2,3,108,1469,0,1612,32,35,0,1,0,3
ap,06157,SANTANA,1600600,274,274,85900,85900,71428,73177,644,1105,20:59:49,39,9,3157,35791,7,29279,1992,1051,8,54,7,34
ap,06106,SERRA DO NAVIO,1600055,12,12,4111,4111,2971,3040,21,48,19:13:43,1,0,116,1693,2,1054,55,46,0,1,0,3
ap,06173,TARTARUGALZINHO,1600709,44,44,11437,11437,9039,9274,65,170,20:54:57,3,1,218,3826,1,4727,151,104,1,4,1,2
ap,06122,VITÓRIA DO JARI,1600808,41,41,10405,10405,7903,8071,38,130,20:14:16,2,0,177,2668,0,4824,141,81,1,6,1,2
am,02895,ALVARÃES,1300029,34,34,12444,12444,9700,9839,22,117,21:01:27,0,0,282,2691,0,6537,107,81,0,1,0,1
am,02917,AMATURÁ,1300060,23,23,7522,7522,6252,6369,15,102,23:39:28,0,0,68,1348,1,4735,34,63,0,0,1,2
am,02933,ANAMÃ,1300086,25,25,9177,9177,6734,6876,36,106,20:37:06,1,0,178,2182,1,4272,44,52,0,2,0,2
am,02038,ANORI,1300102,31,31,11109,11109,8576,8735,53,106,22:21:07,2,0,229,3499,0,4628,113,100,0,2,0,3
am,02003,APUÍ,1300144,32,32,11540,11540,8306,8450,39,105,21:18:57,1,0,202,5895,0,2042,73,88,0,0,0,5
am,02054,ATALAIA DO NORTE,1300201,32,32,9508,9508,6815,6965,24,126,20:33:29,0,0,64,1732,1,4854,54,108,0,2,0,0
am,02070,AUTAZES,1300300,103,103,32340,32340,23389,24067,148,530,22:41:27,0,1,646,9013,0,13259,271,186,0,7,0,6
am,02097,BARCELOS,1300409,36,36,12648,12648,7771,8006,34,201,21:49:58,1,0,243,3161,4,4187,96,72,0,6,1,0
am,02119,BARREIRINHA,1300508,68,65,22727,21677,17253,17576,68,255,22:56:21,1,2,331,1576,1,15079,126,130,0,3,1,3
am,02135,BENJAMIN CONSTANT,1300607,76,76,24218,24218,19688,20087,86,313,23:13:22,2,1,354,3717,1,15294,173,138,0,3,1,4
am,02950,BERURI,1300631,44,44,15139,15139,11350,11548,49,149,21:00:40,1,2,143,4072,1,6883,111,135,0,1,0,1
am,02976,BOA VISTA DO RAMOS,1300680,43,43,13666,13666,10470,10626,29,127,22:39:32,1,1,177,1339,1,8778,104,66,0,1,0,2
am,02151,BOCA DO ACRE,1300706,68,68,23223,23223,17058,17594,134,402,20:54:09,7,0,313,9804,1,6531,158,238,0,3,0,3
am,02178,BORBA,1300805,76,76,24462,24462,18589,19008,82,337,20:52:19,5,2,439,4560,0,13307,144,120,0,2,1,9
am,02992,CAAPIRANGA,1300839,26,26,9486,9486,6906,7067,34,127,20:58:12,1,2,195,2313,1,4291,50,50,0,1,0,2
am,02194,CANUTAMA,1300904,34,34,10740,10740,7728,7932,41,163,22:08:56,3,0,197,3655,0,3653,67,147,0,3,0,3
am,02216,CARAUARI,1301001,76,76,20927,20927,14456,14918,114,348,20:43:36,4,1,408,3935,0,9690,195,221,0,1,1,0
am,02232,CAREIRO,1301100,97,97,27452,27452,19526,20216,151,539,22:34:08,1,8,603,7072,1,11262,254,295,1,12,4,13
am,02046,CAREIRO DA VÁRZEA,1301159,63,63,18436,18436,13739,14049,94,216,20:57:08,4,4,326,5092,1,7982,98,216,0,11,0,5
am,02259,COARI,1301209,161,161,51479,51479,37373,38141,174,594,23:00:34,13,2,766,14023,1,21874,377,287,0,17,2,11
am,02275,CODAJÁS,1301308,54,54,17092,17092,12868,13162,46,248,20:58:30,1,0,290,4984,1,7344,136,104,2,3,2,1
am,02291,EIRUNEPÉ,1301407,65,65,22838,22838,14942,15594,184,468,20:41:06,2,5,523,5334,2,8665,108,297,0,0,1,5
am,02313,ENVIRA,1301506,35,35,10870,10870,7513,7840,53,274,19:25:18,2,1,437,2465,0,4354,86,159,0,1,1,7
am,02330,FONTE BOA,1301605,54,54,17120,17120,12798,13063,43,222,21:21:45,0,3,229,3063,1,9303,84,115,0,0,0,0
am,02020,GUAJARÁ,1301654,38,38,12171,12171,8894,9202,68,240,21:19:56,1,2,208,5489,0,3049,56,85,0,3,1,0
am,02356,HUMAITÁ,1301704,106,106,34907,34907,26839,27459,193,427,21:52:35,1,3,790,14741,3,10608,350,298,1,25,2,17
am,02399,IPIXUNA,1301803,36,36,11575,11575,8135,8455,92,228,21:08:56,0,0,126,3302,0,4479,48,178,0,0,1,1
am,98353,IRANDUBA,1301852,205,205,45948,45948,36777,37750,356,617,20:58:30,22,4,1167,15886,5,18677,499,467,1,26,2,21
am,02410,ITACOATIARA,1301902,248,248,76067,76067,57153,58385,431,801,21:46:46,19,4,1767,20163,6,33740,789,614,0,28,3,20
am,98370,ITAMARATI,1301951,25,25,7343,7343,5375,5529,27,127,19:24:40,0,1,101,1863,0,3274,42,93,0,0,0,1
am,02437,ITAPIRANGA,1302009,30,30,9689,9689,7336,7468,37,95,20:27:06,0,1,177,3096,0,3895,101,56,0,5,1,4
am,02453,JAPURÁ,1302108,17,17,5709,5709,3842,3916,20,54,20:52:18,1,0,141,1856,0,1775,18,48,0,1,0,2
am,02470,JURUÁ,1302207,28,28,7620,7620,5409,5616,40,167,20:54:10,1,0,160,2202,0,2919,40,83,0,2,0,2
am,02496,JUTAÍ,1302306,43,43,15903,15903,10662,10984,42,280,00:11:48,2,0,205,4178,0,6095,71,108,0,1,2,0
am,02518,LÁBREA,1302405,91,91,29351,29351,22007,22463,121,335,20:54:10,2,3,541,8489,1,12464,191,307,0,5,0,4
am,02534,MANACAPURU,1302504,234,234,81115,81115,62561,64079,456,1062,21:50:06,19,13,1639,27295,1,32183,735,627,1,16,5,27
am,98396,MANAQUIRI,1302553,46,46,15304,15304,11396,11733,67,270,21:58:56,6,0,301,3563,1,7301,79,134,1,5,1,4
am,02550,MANAUS,1302603,4013,4013,1477265,1477265,1182539,1223229,18468,22222,21:32:07,743,163,53684,641864,397,439027,25155,18082,144,1551,241,1488
am,02577,MANICORÉ,1302702,107,107,33789,33789,26326,26839,126,387,21:57:17,4,2,573,10039,2,15214,247,227,2,5,0,11
am,02593,MARAÃ,1302801,32,32,9995,9995,6872,7028,29,127,22:24:16,1,1,122,2282,0,4369,36,54,1,4,0,2
am,02615,MAUÉS,1302900,113,113,38063,38063,28189,28766,114,463,22:03:07,1,2,484,4655,2,22574,305,157,0,6,1,2
am,02631,NHAMUNDÁ,1303007,52,52,15833,15833,12063,12275,45,167,23:00:34,1,1,179,1952,0,9762,79,84,0,2,0,3
am,02658,NOVA OLINDA DO NORTE,1303106,64,64,19945,19945,15318,15708,92,298,21:46:55,2,1,780,3902,1,10308,177,140,1,1,1,4
am,02011,NOVO AIRÃO,1303205,39,39,13332,13332,9497,9758,64,197,19:29:52,2,2,357,4377,1,4507,143,101,0,3,1,3
am,02674,NOVO ARIPUANÃ,1303304,39,39,13283,13283,9702,9923,48,173,20:59:41,3,0,201,2938,0,6403,62,89,0,4,1,1
am,02690,PARINTINS,1303403,235,235,73020,73020,55711,56691,343,637,20:59:19,3,3,1175,9489,4,43822,778,408,0,16,2,11
am,02712,PAUINI,1303502,33,33,11565,11565,8377,8565,28,160,19:20:54,2,0,174,3345,0,4710,51,92,0,1,0,2
am,98418,PRESIDENTE FIGUEIREDO,1303536,90,90,28343,28343,19841,20363,167,355,22:54:07,10,1,826,9206,3,9258,310,205,2,9,3,8
am,98434,RIO PRETO DA EVA,1303569,73,73,23243,23243,17017,17468,171,280,20:59:40,5,4,529,7738,1,8281,232,192,1,20,1,13
am,02372,SANTA ISABEL DO RIO NEGRO,1303601,31,31,9379,9379,6337,6580,25,218,20:53:21,0,0,126,1730,0,4355,53,71,0,2,0,0
am,02739,SANTO ANTÔNIO DO IÇÁ,1303700,51,51,18469,18469,14685,14981,51,245,21:01:27,1,0,275,3983,1,10172,115,131,0,4,0,3
am,02771,SILVES,1304005,33,33,9656,9656,7415,7541,35,91,22:18:56,3,1,174,1480,0,5612,68,66,0,5,0,6
am,02836,SÃO GABRIEL DA CACHOEIRA,1303809,103,103,32420,32420,23789,24092,81,222,21:36:46,3,1,277,4638,2,18454,246,153,0,10,0,5
am,02755,SÃO PAULO DE OLIVENÇA,1303908,62,62,21421,21421,17612,17918,47,259,22:16:16,1,0,315,3067,0,13914,100,210,0,2,2,1
am,98450,SÃO SEBASTIÃO DO UATUMÃ,1303957,23,23,7748,7748,5717,5883,54,112,21:00:40,1,1,151,2539,0,2895,64,62,0,4,0,0
am,98477,TABATINGA,1304062,121,119,40230,39444,30134,30961,258,569,22:57:51,7,8,486,10059,1,18803,352,397,1,6,3,11
am,02798,TAPAUÁ,1304104,41,41,14621,14621,10501,10754,45,208,20:54:59,1,1,222,5234,0,4807,89,143,0,1,0,3
am,02810,TEFÉ,1304203,145,145,49827,49827,38748,39486,217,521,22:25:47,8,6,839,14319,1,22775,402,381,0,9,1,7
am,98515,TONANTINS,1304237,35,35,11653,11653,9254,9426,37,135,20:42:27,0,0,127,1855,0,7157,51,63,0,0,0,1
am,98493,UARINI,1304260,32,32,9798,9798,7616,7782,29,137,20:48:06,0,1,152,2576,2,4761,39,83,1,0,0,1
am,02852,URUCARÁ,1304302,38,38,12648,12648,9178,9407,64,165,21:19:05,0,0,159,2309,1,6578,70,56,1,2,0,2
am,02879,URUCURITUBA,1304401,49,49,14200,14200,10593,10782,57,132,20:21:55,0,0,169,2490,1,7749,100,81,0,1,0,2
ba,33030,ABARÉ,2900207,45,45,14734,14734,11859,12289,130,300,22:32:59,1,4,169,2961,2,8618,63,38,0,1,0,2
ba,33014,ABAÍRA,2900108,29,29,6761,6761,4940,5380,93,347,20:59:13,3,4,82,1651,0,3037,78,78,0,3,0,4
ba,33057,ACAJUTIBA,2900306,39,39,12019,12019,9040,9617,153,424,20:59:14,3,0,156,2121,2,6512,132,109,0,0,0,5
ba,33065,ADUSTINA,2900355,45,45,12402,12402,9663,10239,134,442,21:06:58,1,1,230,1979,2,7267,109,69,1,1,1,2
ba,33111,AIQUARA,2900603,14,14,4318,4318,3155,3286,43,88,19:15:06,0,0,52,753,0,2315,15,17,0,1,0,2
ba,33138,ALAGOINHAS,2900702,366,366,114417,114417,84639,90539,2133,3767,21:13:51,36,13,2267,23628,35,55711,1419,1358,9,68,6,89
ba,33154,ALCOBAÇA,2900801,57,57,19171,19171,14214,14850,176,460,21:45:34,7,4,230,4216,1,9507,149,83,1,6,1,9
ba,33170,ALMADINA,2900900,15,15,4923,4923,3733,3844,26,85,19:00:49,1,1,25,719,2,2943,18,22,0,0,0,2
ba,33197,AMARGOSA,2901007,84,84,28384,28384,21355,22830,447,1028,21:57:14,6,2,374,7542,8,12926,252,230,1,4,1,9
ba,33219,AMÉLIA RODRIGUES,2901106,64,64,19625,19625,14900,15825,353,572,21:18:12,1,2,313,2883,7,11248,191,228,0,12,4,11
ba,30716,AMÉRICA DOURADA,2901155,42,42,12503,12503,9892,10243,134,217,19:21:07,1,4,160,1902,1,7668,70,83,0,1,0,2
ba,33235,ANAGÉ,2901205,68,68,18704,18704,14372,15035,173,490,21:53:13,2,3,265,3004,0,10800,145,141,0,5,0,7
ba,33251,ANDARAÍ,2901304,37,37,9794,9794,7288,7682,93,301,21:08:52,0,0,107,1223,1,5844,60,45,0,6,1,1
ba,33260,ANDORINHA,2901353,44,44,13508,13508,10889,11291,109,293,22:13:54,1,1,201,1289,0,9252,91,52,0,1,0,1
ba,33278,ANGICAL,2901403,49,49,12831,12831,10114,10421,78,229,19:21:04,2,1,155,2640,2,7073,95,139,0,2,1,4
ba,33294,ANGUERA,2901502,36,36,10304,10304,8055,8457,131,271,21:26:54,3,0,110,1553,1,6206,56,123,0,2,0,1
ba,33316,ANTAS,2901601,33,33,10594,10594,8219,8590,89,282,20:55:48,1,1,174,2611,1,5290,87,51,0,2,0,1
ba,33332,ANTÔNIO CARDOSO,2901700,38,38,12130,12130,9581,10025,125,319,21:45:01,1,0,111,1415,1,7868,42,141,0,2,0,0
ba,33359,ANTÔNIO GONÇALVES,2901809,35,35,8672,8672,6795,7070,83,192,20:13:40,4,2,80,1568,1,5000,65,67,0,5,0,3
ba,33375,APORÁ,2901908,45,45,14198,14198,10663,11384,182,539,21:09:52,1,1,156,2718,0,7517,99,164,0,3,1,3
ba,33405,APUAREMA,2901957,18,18,6358,6358,4725,4985,42,218,21:41:01,0,2,124,1452,1,3060,35,46,1,1,0,3
ba,33391,ARACATU,2902005,43,43,12568,12568,10063,10499,167,269,21:03:05,0,1,177,2292,1,7400,77,107,1,2,0,5
ba,33413,ARACI,2902104,131,131,40272,40272,30413,31786,372,1001,22:06:30,7,3,605,4872,3,24425,260,222,2,7,1,6
ba,33430,ARAMARI,2902203,35,35,9785,9785,7252,7691,132,307,19:29:48,1,2,115,1026,0,6003,44,56,0,2,0,3
ba,30732,ARATACA,2902252,24,24,6559,6559,4728,4935,41,166,19:13:38,2,0,72,1388,0,3188,45,30,0,1,1,1
ba,33456,ARATUÍPE,2902302,28,28,8424,8424,6297,6657,135,225,19:29:46,1,2,111,1325,2,4711,45,97,0,1,0,2
ba,33383,ARAÇÁS,2902054,30,30,10800,10800,7855,8266,127,284,19:21:03,1,3,109,1239,1,6357,84,55,1,1,1,3
ba,33472,AURELINO LEAL,2902401,34,34,9612,9612,6869,7219,95,255,19:08:46,2,3,179,1927,4,4612,61,73,0,4,2,2
ba,33499,BAIANÓPOLIS,2902500,45,45,12451,12451,9644,10117,151,322,21:38:44,0,4,203,3286,1,5937,65,140,0,0,0,8
ba,33510,BAIXA GRANDE,2902609,56,56,15480,15480,11406,12160,215,539,21:10:19,2,3,154,2989,0,8040,101,107,0,5,0,5
ba,33529,BANZAÊ,2902658,42,42,10902,10902,8425,8760,101,234,20:47:11,1,0,156,1839,0,6255,79,87,1,3,1,3
ba,33537,BARRA,2902708,139,139,37117,37117,28119,29228,254,855,22:05:32,2,3,377,5261,2,22029,218,207,5,3,2,10
ba,33553,BARRA DA ESTIVA,2902807,67,67,21065,21065,17221,18304,413,670,21:32:26,0,2,467,5674,4,10707,236,115,0,6,1,9
ba,33570,BARRA DO CHOÇA,2902906,110,110,28911,28911,21975,23288,369,944,19:17:21,3,2,590,5298,6,15560,264,226,2,7,0,17
ba,33596,BARRA DO MENDES,2903003,57,57,12115,12115,9494,9919,108,317,21:00:59,1,0,224,1137,2,7970,99,58,0,2,0,1
ba,33618,BARRA DO ROCHA,2903102,14,14,4427,4427,3123,3250,33,94,18:57:41,1,0,67,983,1,1994,28,44,0,0,0,5
ba,33634,BARREIRAS,2903201,325,325,109227,109227,85750,88859,1232,1877,21:11:23,8,5,2048,37394,19,43434,1475,1259,4,41,5,58
ba,30759,BARRO ALTO,2903235,41,41,11523,11523,9056,9432,122,254,20:12:14,1,1,338,1966,0,6560,98,79,0,3,0,10
ba,33650,BARRO PRETO,2903300,21,21,5763,5763,4273,4531,72,186,19:21:03,0,0,96,1109,0,2978,42,41,0,4,0,3
ba,30775,BARROCAS,2903276,52,52,14895,14895,11884,12391,152,355,22:19:22,0,0,277,2245,6,9074,164,112,0,4,0,2
ba,33677,BELMONTE,2903409,55,55,14778,14778,10927,11430,150,353,20:52:16,2,1,175,3246,2,7238,123,120,3,4,1,12
ba,33693,BELO CAMPO,2903508,58,54,15726,14496,11028,11566,187,351,21:01:01,4,2,175,2945,6,7608,160,117,1,4,0,6
ba,33715,BIRITINGA,2903607,43,43,13259,13259,9944,10579,157,478,21:51:49,1,5,149,1376,1,8240,75,93,0,1,1,2
ba,33731,BOA NOVA,2903706,48,48,13066,13066,8981,9531,132,418,20:53:27,0,1,170,1440,2,7150,123,80,1,7,2,5
ba,33758,BOA VISTA DO TUPIM,2903805,51,51,14089,14089,10414,11108,122,572,21:48:01,0,3,145,3177,3,6856,67,153,0,4,4,2
ba,33774,BOM JESUS DA LAPA,2903904,160,160,48946,48946,38391,39998,564,1043,23:10:26,8,3,688,8683,5,28130,466,378,0,11,3,16
ba,33782,BOM JESUS DA SERRA,2903953,32,32,9372,9372,6801,7142,74,267,20:32:41,3,1,108,953,1,5574,61,93,1,2,0,4
ba,33790,BONINAL,2904001,45,45,10945,10945,8074,8619,166,379,21:57:15,0,0,111,2429,1,5416,58,47,3,4,0,5
ba,33804,BONITO,2904050,42,42,12270,12270,9642,10180,178,360,21:24:40,1,1,231,2028,3,7146,122,106,0,1,0,3
ba,33812,BOQUIRA,2904100,69,69,16616,16616,12232,12816,115,469,21:50:52,2,1,135,1387,0,10524,101,78,0,1,0,3
ba,33839,BOTUPORÃ,2904209,35,35,9465,9465,7017,7440,99,324,21:13:51,3,2,116,1506,1,5199,112,75,0,1,0,2
ba,33871,BREJOLÂNDIA,2904407,31,31,8415,8415,6139,6440,133,168,21:57:15,0,1,75,2092,1,3829,52,86,0,1,0,2
ba,33855,BREJÕES,2904308,37,37,10919,10919,8232,8722,172,318,21:49:52,0,3,121,2146,1,5782,69,103,0,3,0,4
ba,33898,BROTAS DE MACAÚBAS,2904506,38,38,9505,9505,7482,7852,90,280,22:08:20,3,3,121,1805,1,5353,121,66,0,4,1,4
ba,33910,BRUMADO,2904605,173,173,53467,53467,42567,44773,694,1512,20:17:50,7,4,992,13281,7,27162,647,419,6,14,2,26
ba,33936,BUERAREMA,2904704,42,42,13021,13021,9278,9889,143,468,19:15:30,5,4,141,4796,0,4039,118,153,2,8,1,11
ba,30791,BURITIRAMA,2904753,53,53,15728,15728,11897,12419,78,444,21:41:02,2,1,154,2901,2,8642,81,103,0,3,1,7
ba,33952,CAATIBA,2904803,23,23,5851,5851,4438,4650,45,167,18:44:48,0,0,103,1522,0,2687,53,67,0,3,0,3
ba,33960,CABACEIRAS DO PARAGUAÇU,2904852,46,46,14433,14433,10894,11452,191,367,20:16:48,1,1,198,1932,2,8550,72,126,0,5,1,6
ba,33979,CACHOEIRA,2904902,85,85,26041,26041,19875,20885,345,665,21:08:22,2,5,304,3319,5,15771,187,257,0,10,1,14
ba,33995,CACULÉ,2905008,61,61,18021,18021,14289,15113,257,567,20:31:40,1,5,327,4447,4,9136,208,140,0,4,0,17
ba,34010,CAEM,2905107,28,28,8150,8150,6232,6496,42,222,21:47:33,0,0,95,1082,1,4964,35,52,0,3,0,0
ba,34029,CAETANOS,2905156,34,34,11192,11192,8376,8643,80,187,22:46:22,0,0,118,1068,0,7101,36,49,0,1,0,3
ba,34037,CAETITÉ,2905206,139,139,42181,42181,33054,34897,487,1356,22:10:21,3,4,908,7558,10,23679,475,380,2,11,0,24
ba,34053,CAFARNAUM,2905305,49,49,14513,14513,11229,11941,239,473,20:15:46,3,2,237,3231,1,7525,84,136,1,3,1,5
ba,34070,CAIRU,2905404,46,46,15480,15480,11435,12126,224,467,21:08:52,3,0,360,3880,2,6883,116,168,0,11,0,12
ba,34096,CALDEIRÃO GRANDE,2905503,34,34,10361,10361,7784,8169,93,292,20:13:12,1,1,111,2218,0,5292,70,86,0,1,0,4
ba,34118,CAMACAN,2905602,66,66,17301,17301,12965,13628,162,501,20:56:45,3,2,241,5250,3,7078,201,167,0,10,2,8
ba,34150,CAMAMU,2905800,79,79,24576,24576,17466,18595,280,849,22:03:30,3,2,482,6073,1,10402,141,347,0,5,2,8
ba,34134,CAMAÇARI,2905701,564,564,210762,210762,155927,167003,3863,7213,21:11:23,31,27,5005,48036,32,96949,2927,2618,12,137,14,139
ba,34177,CAMPO ALEGRE DE LOURDES,2905909,84,84,23549,23549,18648,19165,102,415,21:58:15,0,2,270,3448,0,14703,138,80,1,1,1,4
ba,34193,CAMPO FORMOSO,2906006,208,208,57975,57975,45117,47874,794,1963,22:33:20,3,10,959,13710,10,29443,466,481,2,16,2,15
ba,34231,CANARANA,2906204,69,69,20021,20021,15775,16438,180,483,22:25:24,2,1,350,3640,0,11513,152,108,0,2,0,7
ba,34258,CANAVIEIRAS,2906303,90,90,25424,25424,17667,18628,261,700,21:00:27,6,3,393,6239,3,10555,210,223,3,15,2,15
ba,34274,CANDEAL,2906402,27,27,7799,7799,6201,6556,87,268,21:03:05,0,1,59,1385,1,4655,31,68,0,0,0,1
ba,34290,CANDEIAS,2906501,192,192,64825,64825,48042,50828,1089,1697,23:00:20,10,7,1301,8127,4,37343,639,559,4,20,1,27
ba,34312,CANDIBA,2906600,36,36,11498,11498,8840,9329,168,321,20:52:47,1,2,229,2301,1,6160,91,47,1,2,0,5
ba,34355,CANSANÇÃO,2906808,97,97,28890,28890,22981,23856,274,601,23:12:34,0,5,454,3838,2,18443,118,108,0,3,1,9
ba,30856,CANUDOS,2906824,51,51,13077,13077,10332,10763,84,347,20:11:19,1,2,120,1802,3,8248,106,43,0,4,0,3
ba,34215,CANÁPOLIS,2906105,31,31,8772,8772,6929,7206,78,199,22:53:55,2,0,78,1559,0,5127,71,91,0,0,1,0
ba,30813,CAPELA DO ALTO ALEGRE,2906857,36,36,9756,9756,7579,8015,132,304,21:32:26,2,1,165,1941,2,5263,74,124,0,3,0,4
ba,30830,CAPIM GROSSO,2906873,75,75,24872,24872,19243,20311,344,724,20:48:08,0,1,472,7103,4,11210,248,192,2,4,2,5
ba,34371,CARAVELAS,2906907,49,49,16260,16260,11746,12320,132,442,21:01:28,2,3,191,3746,3,7550,130,107,2,5,0,7
ba,34363,CARAÍBAS,2906899,24,24,8699,8699,6587,6870,67,216,21:53:44,1,1,143,1687,2,4610,62,75,1,0,0,5
ba,34398,CARDEAL DA SILVA,2907004,22,22,8041,8041,5688,6052,89,275,20:15:46,2,1,83,763,0,4771,30,35,0,1,0,2
ba,34410,CARINHANHA,2907103,75,75,22328,22328,17489,18315,178,648,22:13:54,2,4,286,6390,4,10479,153,154,0,3,3,11
ba,34436,CASA NOVA,2907202,185,184,57206,56829,44743,46744,450,1551,23:18:17,1,11,1024,10578,3,32509,419,179,0,13,0,6
ba,34452,CASTRO ALVES,2907301,80,80,22931,22931,18225,19157,275,657,21:18:13,4,4,382,3908,2,13426,178,314,1,0,0,6
ba,34479,CATOLÂNDIA,2907400,15,15,4177,4177,3254,3346,44,48,22:13:54,0,0,85,890,2,2197,34,45,0,0,0,1
ba,34495,CATU,2907509,127,127,41271,41271,31211,33588,917,1460,23:24:22,3,7,734,5781,3,23954,430,268,2,14,1,14
ba,34509,CATURAMA,2907558,30,30,7298,7298,5540,5845,107,198,18:42:14,0,0,74,942,0,4386,66,67,1,0,1,3
ba,34517,CENTRAL,2907608,52,52,13497,13497,10654,11140,142,344,20:57:17,1,1,160,2202,3,8102,87,87,0,7,0,4
ba,34533,CHORROCHÓ,2907707,31,31,9081,9081,7186,7391,54,151,21:15:41,0,0,88,1058,1,5965,34,38,0,2,0,0
ba,34576,CIPÓ,2907905,46,46,15277,15277,11365,11998,139,494,21:33:55,1,3,202,3584,2,7344,116,101,2,7,0,3
ba,34592,COARACI,2908002,61,61,15399,15399,11510,12073,167,396,19:21:04,2,3,196,3954,2,7053,126,167,1,3,0,3
ba,34614,COCOS,2908101,53,53,16368,16368,12229,12719,177,313,23:10:27,1,1,180,4354,2,7462,96,122,2,5,0,4
ba,34630,CONCEIÇÃO DA FEIRA,2908200,57,57,17483,17483,13305,14371,406,660,20:57:15,2,5,352,2979,3,9602,130,223,2,4,0,3
ba,34657,CONCEIÇÃO DO ALMEIDA,2908309,49,49,14213,14213,11400,12049,187,462,20:54:41,0,0,151,2256,2,8790,53,143,0,3,0,2
ba,34673,CONCEIÇÃO DO COITÉ,2908408,187,186,54576,54383,43566,46179,860,1753,21:01:00,3,1,853,16163,5,25644,532,328,4,21,2,10
ba,34690,CONCEIÇÃO DO JACUÍPE,2908507,80,80,29454,29454,21639,23126,560,927,21:18:12,4,5,690,6321,5,13822,353,397,3,18,3,18
ba,34711,CONDE,2908606,59,59,19016,19016,14017,14755,191,547,20:57:46,1,4,223,3043,2,10501,121,110,0,6,1,5
ba,34738,CONDEÚBA,2908705,59,59,15144,15144,10740,11447,194,513,20:50:08,2,3,267,3077,2,7133,132,106,1,2,2,13
ba,34754,CONTENDAS DO SINCORÁ,2908804,15,15,4520,4520,3541,3692,64,87,20:54:39,3,0,65,959,0,2469,22,21,0,0,1,1
ba,34770,CORAÇÃO DE MARIA,2908903,67,67,22538,22538,17251,18393,391,751,20:59:53,6,7,370,3396,2,13081,179,199,1,4,1,5
ba,34797,CORDEIROS,2909000,25,25,7148,7148,5154,5428,66,208,19:16:31,2,0,133,1972,1,2886,82,72,0,0,0,6
ba,34819,CORIBE,2909109,45,45,12810,12810,9051,9551,125,375,21:09:52,1,4,113,2656,0,6041,80,151,0,2,0,3
ba,34835,CORONEL JOÃO SÁ,2909208,48,48,15065,15065,11650,12206,183,373,20:55:49,0,0,239,3143,4,8067,104,91,0,2,0,0
ba,34851,CORRENTINA,2909307,94,94,28078,28078,21051,22165,289,825,22:43:59,0,4,345,6535,2,13258,213,684,2,6,0,2
ba,34878,COTEGIPE,2909406,42,42,11726,11726,9053,9260,81,126,20:20:08,0,0,106,2269,0,6465,74,132,1,5,0,1
ba,34894,CRAVOLÂNDIA,2909505,15,15,4632,4632,3443,3641,59,139,20:14:55,0,0,43,636,0,2704,39,19,1,1,0,0
ba,34932,CRISTÓPOLIS,2909703,45,45,12379,12379,9487,9960,145,328,20:57:45,0,0,126,2967,1,6168,79,133,1,5,0,7
ba,34916,CRISÓPOLIS,2909604,53,53,16673,16673,12501,13097,156,440,20:52:47,1,0,148,2227,1,9900,126,83,2,3,0,10
ba,34959,CRUZ DAS ALMAS,2909802,154,154,49209,49209,39204,41278,771,1303,20:57:17,11,3,806,12166,11,25171,454,535,2,18,3,24
ba,34975,CURAÇÁ,2909901,96,96,27548,27548,22354,23142,226,562,23:01:47,3,3,519,4866,1,16607,235,107,0,4,0,9
ba,34339,CÂNDIDO SALES,2906709,79,79,20878,20878,15742,16307,165,400,21:01:00,0,4,278,4302,2,10888,152,102,2,0,0,12
ba,34550,CÍCERO DANTAS,2907806,82,82,26260,26260,19919,20996,374,703,20:59:15,2,2,403,5530,6,13507,259,199,0,2,2,7
ba,30872,DIAS D'ÁVILA,2910057,169,169,53134,53134,38501,41256,956,1799,20:53:28,12,3,1220,9615,6,26217,754,611,2,25,5,31
ba,35017,DOM BASÍLIO,2910107,37,37,10634,10634,8818,9150,136,196,20:50:36,2,2,136,1680,0,6829,79,85,1,3,0,1
ba,35033,DOM MACEDO COSTA,2910206,16,16,4864,4864,3737,3974,63,174,19:30:28,0,0,74,1306,2,2216,41,96,0,1,1,0
ba,34991,DÁRIO MEIRA,2910008,30,30,8515,8515,6278,6543,61,204,20:52:17,1,0,96,1413,0,4661,61,40,0,2,0,4
ba,35050,ELÍSIO MEDRADO,2910305,24,24,7650,7650,5754,6183,119,310,21:26:54,1,4,91,1724,0,3821,54,55,0,2,1,1
ba,35076,ENCRUZILHADA,2910404,55,55,15576,15576,11472,11974,121,381,20:51:15,2,3,190,2998,2,8129,84,59,0,1,0,4
ba,35092,ENTRE RIOS,2910503,105,105,31166,31166,22199,23774,480,1095,21:02:01,6,2,528,4888,2,16289,235,215,5,17,2,10
ba,35114,ESPLANADA,2910602,84,84,26991,26991,20195,21383,369,819,21:26:31,0,3,361,4667,3,14763,182,199,0,6,4,7
ba,35130,EUCLIDES DA CUNHA,2910701,150,150,45601,45601,35563,37180,434,1183,23:42:03,6,11,628,6876,4,27308,419,275,2,13,4,17
ba,30058,EUNÁPOLIS,2910727,267,267,83372,83372,61415,64629,1063,2151,20:59:14,13,12,1946,28359,6,28976,1147,828,5,31,7,85
ba,35149,FEIRA DA MATA,2910776,16,16,5181,5181,4037,4136,40,59,20:41:34,1,0,58,1488,1,2409,23,54,0,0,1,2
ba,35157,FEIRA DE SANTANA,2910800,1218,1218,435631,435631,340031,360647,7027,13589,21:42:31,76,47,9356,121727,94,194272,5720,7997,39,259,36,408
ba,30910,FILADÉLFIA,2910859,50,50,15281,15281,11992,12559,212,355,20:55:48,0,0,191,3021,3,8554,119,95,0,3,0,6
ba,35173,FIRMINO ALVES,2910909,19,19,5527,5527,3820,4017,44,153,18:43:18,0,2,83,1311,0,2361,20,42,0,0,0,1
ba,35190,FLORESTA AZUL,2911006,25,25,7825,7825,5838,6116,62,216,21:43:01,3,0,136,1483,1,4089,67,53,0,2,0,4
ba,35211,FORMOSA DO RIO PRETO,2911105,72,72,20786,20786,16106,16750,154,490,21:34:20,3,3,271,6090,1,9366,143,221,1,3,0,4
ba,30899,FÁTIMA,2910750,48,48,15318,15318,12199,12801,191,411,23:08:43,4,2,166,2004,3,9758,177,76,1,2,0,6
ba,35238,GANDU,2911204,78,78,23509,23509,17803,18889,332,754,21:02:01,3,1,362,6926,1,9997,202,291,2,8,0,10
ba,30937,GAVIÃO,2911253,19,19,4375,4375,3298,3570,65,207,20:14:30,0,1,123,1038,0,2055,29,47,0,1,0,4
ba,35254,GENTIO DO OURO,2911303,41,41,9718,9718,7926,8130,94,110,20:11:18,1,0,105,1559,0,6148,44,63,1,3,0,2
ba,35270,GLÓRIA,2911402,52,52,13025,13025,9999,10408,124,285,21:00:29,0,0,96,1201,3,8557,77,59,0,3,0,3
ba,35297,GONGOGI,2911501,19,19,5380,5380,3559,3742,40,143,19:29:47,1,1,76,779,3,2633,28,38,0,0,0,0
ba,35319,GOVERNADOR MANGABEIRA,2911600,60,60,19120,19120,14047,14975,300,628,20:19:41,2,2,258,3126,1,10179,113,354,0,3,3,6
ba,30953,GUAJERU,2911659,21,21,6431,6431,4673,4851,48,130,21:00:29,1,0,124,713,1,3739,34,57,0,1,1,2
ba,35335,GUANAMBI,2911709,192,192,67489,67489,52562,55417,932,1923,21:02:01,5,15,1446,18945,12,30792,751,526,7,24,3,36
ba,35351,GUARATINGA,2911808,58,58,15720,15720,11274,11910,142,494,20:52:47,1,6,180,3745,1,7102,105,101,0,8,1,24
ba,30970,HELIÓPOLIS,2911857,39,39,12729,12729,9723,10069,106,240,21:37:43,0,0,167,1500,2,7776,198,74,0,2,0,4
ba,35378,IAÇU,2911907,73,73,20513,20513,14978,15839,215,646,21:54:13,4,3,174,3300,1,11219,112,154,1,4,0,6
ba,35394,IBIASSUCÊ,2912004,31,31,8476,8476,6735,7081,91,255,21:13:27,0,4,148,2103,0,4318,80,75,0,2,0,5
ba,35416,IBICARAÍ,2912103,61,61,17862,17862,13455,14106,157,494,20:15:16,3,2,307,4725,4,8105,138,157,0,5,4,5
ba,35432,IBICOARA,2912202,46,46,15956,15956,12413,13323,305,605,21:05:32,0,1,357,4432,0,7385,129,98,3,4,0,4
ba,35459,IBICUÍ,2912301,39,39,11456,11456,8442,8901,126,333,22:06:31,1,3,209,2714,0,5319,107,76,2,3,3,5
ba,35475,IBIPEBA,2912400,53,53,13655,13655,11039,11440,126,275,22:03:05,1,2,229,2014,0,8605,113,71,0,1,0,3
ba,35513,IBIPITANGA,2912509,44,44,13075,13075,9789,10239,120,330,21:02:01,0,0,369,2981,1,6281,95,57,0,1,0,4
ba,35530,IBIQUERA,2912608,15,15,4187,4187,3045,3190,38,107,18:37:36,0,1,41,571,0,2387,13,31,0,0,0,1
ba,35556,IBIRAPITANGA,2912707,48,48,14359,14359,10483,10958,124,351,19:05:04,2,1,214,2928,2,7118,93,120,0,1,0,4
ba,35572,IBIRAPUÃ,2912806,28,28,7516,7516,5889,6131,68,174,20:58:50,0,0,73,2772,0,2948,54,35,1,0,0,6
ba,35599,IBIRATAIA,2912905,54,54,16014,16014,11230,11986,162,594,19:24:45,4,2,238,3886,1,6782,143,162,0,5,0,7
ba,35610,IBITIARA,2913002,46,46,12093,12093,9021,9506,157,328,21:31:56,1,2,258,2153,1,6428,68,101,1,4,1,3
ba,35637,IBITITÁ,2913101,62,62,15648,15648,12879,13320,138,303,21:02:01,0,1,239,2801,0,9615,118,98,0,3,0,4
ba,35653,IBOTIRAMA,2913200,81,81,21431,21431,16647,17240,209,384,21:02:01,1,1,221,5506,2,10583,201,119,2,9,0,2
ba,35670,ICHU,2913309,18,18,6009,6009,4921,5124,66,137,21:34:20,0,0,122,1021,0,3638,105,30,1,3,0,1
ba,35696,IGAPORÃ,2913408,36,36,12265,12265,9378,9881,174,329,21:02:01,2,1,167,1681,2,7336,82,103,1,1,1,1
ba,35700,IGRAPIÚNA,2913457,33,33,9050,9050,6754,7205,106,345,22:19:51,0,1,164,1732,0,4697,57,97,0,3,0,3
ba,35718,IGUAÍ,2913507,57,57,17709,17709,12252,13083,202,629,21:00:28,0,2,249,4409,0,7300,144,132,1,7,0,8
ba,35734,ILHÉUS,2913606,409,409,130310,130310,98343,103570,1863,3364,21:44:01,33,16,2641,35875,36,55886,1729,1872,18,100,13,124
ba,35750,INHAMBUPE,2913705,83,83,27722,27722,20608,21968,459,901,21:33:23,7,3,338,4765,2,15026,200,233,2,14,4,14
ba,35777,IPECAETÁ,2913804,48,48,15029,15029,11411,11991,157,423,20:54:04,3,1,145,2350,1,8661,82,161,1,4,1,1
ba,35793,IPIAÚ,2913903,117,117,32735,32735,23801,25189,413,975,21:19:14,13,5,618,8128,7,14346,337,302,1,12,1,31
ba,35815,IPIRÁ,2914000,155,155,47871,47871,34813,37048,571,1664,21:49:51,3,9,586,8255,6,25020,369,536,2,15,3,9
ba,35831,IPUPIARA,2914109,28,28,8953,8953,7152,7494,123,219,20:58:50,1,1,189,2265,1,4551,78,63,0,0,0,3
ba,35858,IRAJUBA,2914208,21,21,5507,5507,4003,4246,55,188,21:01:00,1,1,56,927,1,2944,39,28,0,0,2,4
ba,35874,IRAMAIA,2914307,31,31,8556,8556,6648,6962,91,223,21:04:01,1,3,104,1393,2,5071,43,30,0,1,0,0
ba,35890,IRAQUARA,2914406,63,63,19044,19044,15180,15807,212,415,21:36:41,1,1,290,2077,2,12559,133,106,1,4,0,6
ba,35912,IRARÁ,2914505,90,90,25619,25619,19342,20527,370,815,20:52:17,2,5,472,4007,5,14354,180,296,0,14,0,7
ba,35939,IRECÊ,2914604,163,163,51249,51249,40679,42791,624,1488,22:15:57,4,4,1157,12777,6,25731,618,330,4,19,1,28
ba,35947,ITABELA,2914653,70,70,22120,22120,15524,16559,306,729,20:13:13,2,4,388,7069,1,7623,252,174,2,4,0,5
ba,35955,ITABERABA,2914703,151,151,48749,48749,38067,40338,614,1657,22:14:23,5,1,871,10089,2,25880,549,612,2,17,2,37
ba,35971,ITABUNA,2914802,453,453,141524,141524,109876,115006,1894,3236,21:01:28,42,17,2862,47182,33,55379,1969,2138,19,105,14,116
ba,35998,ITACARÉ,2914901,59,59,19616,19616,14057,14756,195,504,21:11:54,1,1,210,3841,2,9700,151,125,2,9,1,14
ba,36013,ITAETÉ,2915007,40,39,11361,11128,7928,8455,125,402,21:01:00,0,2,77,2386,1,5357,46,53,0,0,1,5
ba,36030,ITAGI,2915106,36,36,10639,10639,7624,8050,101,325,20:52:16,3,2,128,2238,1,5103,52,89,0,4,0,4
ba,36056,ITAGIBÁ,2915205,41,41,13131,13131,9578,10144,119,447,20:07:40,3,1,266,3250,0,5834,110,108,0,5,0,1
ba,36072,ITAGIMIRIM,2915304,22,22,6636,6636,4629,4863,51,183,19:21:04,0,3,162,1530,0,2829,60,38,0,4,0,3
ba,36080,ITAGUAÇU DA BAHIA,2915353,36,36,10842,10842,8659,8843,69,115,22:29:51,0,0,68,1098,0,7403,55,31,0,1,0,3
ba,36099,ITAJU DO COLÔNIA,2915403,20,20,6225,6225,4540,4689,32,117,19:24:48,0,1,41,1560,0,2862,38,35,1,1,0,1
ba,36110,ITAJUÍPE,2915502,56,56,16067,16067,12181,12772,190,401,20:49:35,1,2,266,3662,2,7925,175,128,2,8,2,8
ba,36137,ITAMARAJU,2915601,152,152,45999,45999,33605,35519,518,1396,22:00:10,9,7,487,17365,3,15069,332,294,2,9,1,27
ba,36153,ITAMARI,2915700,24,24,6100,6100,4428,4696,82,186,19:23:44,0,1,105,1437,0,2809,35,40,0,0,0,1
ba,36170,ITAMBÉ,2915809,65,65,17831,17831,13513,14076,172,391,21:45:01,0,3,259,3903,0,9029,172,143,1,2,0,1
ba,36196,ITANAGRA,2915908,20,20,6668,6668,4668,4904,71,165,19:30:25,0,1,60,930,2,3565,50,54,0,2,0,4
ba,36218,ITANHÉM,2916005,50,50,14916,14916,10368,10934,143,423,21:01:28,3,2,244,3918,0,5976,111,94,1,5,0,14
ba,36234,ITAPARICA,2916104,64,64,20044,20044,15024,15799,240,535,22:19:51,0,1,223,2680,2,11792,108,202,0,11,2,3
ba,36277,ITAPEBI,2916302,26,26,8383,8383,5648,5881,61,172,19:21:05,0,2,83,1380,1,4091,58,31,0,1,0,1
ba,36293,ITAPETINGA,2916401,159,159,48314,48314,36776,38690,727,1187,20:54:39,14,8,775,15640,5,19382,503,386,2,21,1,39
ba,36315,ITAPICURU,2916500,75,75,23461,23461,18151,19195,233,811,22:10:21,2,6,328,3348,3,14089,133,218,0,15,1,8
ba,36331,ITAPITANGA,2916609,21,21,5934,5934,4525,4706,40,141,19:24:47,2,1,63,1216,1,3139,50,48,0,2,1,2
ba,36250,ITAPÉ,2916203,28,28,8428,8428,6199,6552,87,266,19:23:44,1,2,113,2296,0,3650,74,57,0,3,0,3
ba,36358,ITAQUARA,2916708,21,21,6754,6754,4842,5124,73,209,20:56:21,0,2,75,1379,2,3304,31,46,0,2,1,0
ba,36374,ITARANTIM,2916807,47,47,13931,13931,10349,10864,164,351,19:25:20,1,1,178,4151,0,5837,80,88,0,8,0,5
ba,36382,ITATIM,2916856,40,40,12954,12954,10104,10709,189,416,21:32:26,1,2,224,3041,0,6602,117,110,0,1,1,5
ba,36390,ITIRUÇU,2916906,33,33,8937,8937,6635,7075,115,325,20:49:33,1,1,93,1741,0,4697,61,40,0,0,0,1
ba,36412,ITIÚBA,2917003,97,97,27758,27758,21652,22581,314,615,21:43:31,0,3,388,5709,3,15207,181,154,0,6,0,1
ba,36439,ITORORÓ,2917102,56,56,16355,16355,11996,12624,173,455,20:48:08,4,1,289,4167,0,7257,167,102,0,3,1,5
ba,36455,ITUAÇU,2917201,57,57,15600,15600,11963,12748,251,534,21:01:28,2,2,317,4012,3,7396,119,99,3,2,0,8
ba,36471,ITUBERÁ,2917300,65,65,17839,17839,13062,13902,300,540,21:26:31,6,4,280,4802,5,7615,164,171,1,6,1,7
ba,30660,IUIU,2917334,28,28,8643,8643,6764,7018,102,152,20:10:39,0,1,136,1571,1,4935,62,55,0,1,0,2
ba,30678,JABORANDI,2917359,34,34,10158,10158,7370,7745,122,253,21:25:04,1,3,107,2144,2,4868,58,180,1,0,0,6
ba,36498,JACARACI,2917409,39,39,11808,11808,8982,9375,104,289,21:02:01,2,0,188,1875,0,6713,121,77,1,2,0,3
ba,36510,JACOBINA,2917508,192,192,61665,61665,46859,49411,769,1783,21:26:54,14,7,1189,12630,6,31691,560,707,3,23,4,25
ba,36536,JAGUAQUARA,2917607,117,117,35855,35855,25904,27805,492,1409,20:57:47,6,3,560,8548,3,16206,282,263,2,12,3,16
ba,36552,JAGUARARI,2917706,89,89,23294,23294,18477,19437,329,631,20:56:22,1,3,348,4249,6,13404,276,166,6,7,1,10
ba,36579,JAGUARIPE,2917805,49,49,15393,15393,11569,12295,259,467,20:58:50,6,1,201,2345,1,8755,73,179,2,1,2,3
ba,36595,JANDAÍRA,2917904,33,33,9074,9074,6847,7124,63,214,20:42:33,0,0,124,1165,1,5476,47,28,0,2,1,3
ba,36617,JEQUIÉ,2918001,359,359,119040,119040,91725,97318,1774,3819,21:32:26,14,10,2497,31824,28,53993,1654,1554,4,50,6,91
ba,36633,JEREMOABO,2918100,104,104,29071,29071,23099,24022,226,697,22:50:44,4,3,244,4724,3,17774,174,156,1,9,1,6
ba,36650,JIQUIRIÇÁ,2918209,38,38,11479,11479,8717,9293,199,377,20:59:13,4,3,300,2163,0,6026,85,126,1,3,1,5
ba,36676,JITAÚNA,2918308,45,45,12992,12992,9614,10124,111,399,21:03:31,2,1,174,2359,3,6894,81,89,0,3,1,7
ba,30996,JOÃO DOURADO,2918357,59,59,19862,19862,15654,16236,199,383,21:01:01,1,1,362,5456,1,9545,153,122,0,6,1,6
ba,36692,JUAZEIRO,2918407,495,495,165666,165666,131848,136940,1961,3131,22:22:41,25,14,2991,42135,30,83457,2109,960,4,46,10,67
ba,36706,JUCURUÇU,2918456,30,30,8448,8448,6058,6476,96,322,20:59:13,1,1,126,1999,1,3830,39,54,1,1,0,5
ba,36714,JUSSARA,2918506,50,50,14126,14126,11069,11556,104,383,20:57:15,2,0,129,1475,0,9304,90,64,0,3,0,2
ba,30694,JUSSARI,2918555,16,16,4647,4647,3467,3644,32,145,20:55:18,0,0,28,1061,0,2342,12,22,0,2,0,0
ba,36730,JUSSIAPE,2918605,27,27,6499,6499,5127,5426,97,202,23:03:21,1,0,80,1358,1,3588,46,49,0,0,0,4
ba,36757,LAFAIETE COUTINHO,2918704,15,15,4471,4471,3399,3625,48,178,20:35:19,0,3,56,849,0,2406,32,51,0,1,1,0
ba,36765,LAGOA REAL,2918753,36,36,10624,10624,8519,8987,89,379,21:57:15,1,0,159,1653,0,6533,95,72,0,1,1,4
ba,36773,LAJE,2918803,62,62,20749,20749,15580,16559,223,756,22:07:54,2,5,294,4467,4,10552,113,137,0,4,0,2
ba,36811,LAJEDINHO,2919009,11,11,3619,3619,2716,2835,22,97,20:58:21,0,0,40,548,0,2091,17,19,0,0,0,1
ba,36820,LAJEDO DO TABOCAL,2919058,25,25,6287,6287,4697,5025,102,226,19:08:46,1,1,130,927,0,3532,48,56,0,1,0,1
ba,36790,LAJEDÃO,2918902,16,16,4258,4258,3074,3201,26,101,18:50:04,0,1,52,1291,0,1682,20,25,0,0,0,3
ba,36838,LAMARÃO,2919108,28,28,8523,8523,6240,6560,94,226,21:19:43,0,1,73,741,0,5344,37,44,0,0,0,0
ba,39730,LAPÃO,2919157,86,86,22037,22037,18066,18767,240,461,21:01:28,3,2,354,4265,0,13144,147,142,1,2,1,5
ba,36854,LAURO DE FREITAS,2919207,413,413,163871,163871,119345,126329,2397,4587,21:39:13,33,10,3788,39471,44,70481,2641,2613,7,88,10,159
ba,36870,LENÇÓIS,2919306,24,24,7895,7895,5911,6154,64,179,20:56:22,1,2,98,1037,0,4676,52,41,0,1,0,3
ba,36897,LICÍNIO DE ALMEIDA,2919405,32,32,10121,10121,8085,8487,150,252,21:18:12,2,0,143,2257,0,5512,112,43,0,2,0,14
ba,36919,LIVRAMENTO DE NOSSA SENHORA,2919504,114,114,34703,34703,28077,29383,482,824,21:08:53,4,7,589,7513,4,19442,339,155,2,4,2,16
ba,30007,LUÍS EDUARDO MAGALHÃES,2919553,241,241,81123,81123,62061,63933,744,1128,20:29:08,8,7,1531,38496,11,20173,1101,657,7,18,0,52
ba,36935,MACAJUBA,2919603,32,32,10033,10033,7004,7464,123,337,20:58:22,0,0,74,1598,3,5188,40,92,1,2,3,3
ba,36951,MACARANI,2919702,42,42,12841,12841,9001,9670,154,515,19:29:46,0,1,182,3536,0,5105,89,83,0,1,2,2
ba,36978,MACAÚBAS,2919801,142,142,32963,32963,24795,26214,394,1025,21:12:58,2,3,546,6619,2,17101,284,220,1,5,3,9
ba,36994,MACURURÉ,2919900,24,24,6566,6566,5161,5330,31,138,23:03:45,0,1,81,738,0,4260,36,42,0,1,1,1
ba,39748,MADRE DE DEUS,2919926,49,49,17110,17110,13251,13732,176,305,21:32:26,1,4,307,2471,0,10107,181,164,1,11,1,3
ba,39756,MAETINGA,2919959,20,20,6722,6722,4711,4986,49,226,20:59:15,1,0,108,1145,0,3366,43,45,0,3,0,0
ba,37010,MAIQUINIQUE,2920007,23,23,7260,7260,5360,5685,91,234,19:22:22,0,1,96,2275,1,2889,44,46,0,5,1,2
ba,37036,MAIRI,2920106,49,49,13826,13826,10118,10815,185,512,21:48:53,3,1,176,2232,4,7520,63,109,2,4,0,4
ba,37052,MALHADA,2920205,45,45,13151,13151,10299,10709,161,249,21:55:10,0,2,136,3149,2,6864,82,62,0,0,0,2
ba,37079,MALHADA DE PEDRAS,2920304,26,26,7896,7896,6189,6484,104,191,21:34:20,3,0,91,1791,0,4197,45,58,0,1,1,2
ba,37095,MANOEL VITORINO,2920403,44,44,13181,13181,10160,10534,85,289,21:04:35,1,2,255,1951,0,7696,168,78,0,3,0,6
ba,39772,MANSIDÃO,2920452,37,37,10491,10491,7052,7288,43,193,22:07:54,0,1,50,1163,0,5720,35,79,0,3,0,1
ba,37117,MARACÁS,2920502,74,74,21719,21719,15975,16972,312,685,21:02:00,2,4,439,4379,5,10774,191,165,2,3,2,9
ba,37133,MARAGOGIPE,2920601,122,122,34902,34902,27453,28791,435,903,22:19:22,0,1,340,5197,2,21252,213,418,1,18,1,10
ba,37150,MARAÚ,2920700,57,57,16481,16481,11842,12482,157,483,22:16:23,0,2,260,2857,3,8455,110,137,1,6,0,11
ba,37176,MARCIONÍLIO SOUZA,2920809,27,27,7767,7767,5742,6060,88,230,21:06:34,0,0,99,1235,0,4348,22,34,0,1,0,3
ba,37192,MASCOTE,2920908,34,34,9177,9177,6686,6972,66,220,20:59:14,0,1,127,1879,0,4564,65,47,0,1,0,2
ba,37214,MATA DE SÃO JOÃO,2921005,128,128,43098,43098,31631,33881,867,1383,20:57:45,6,1,829,7239,8,22616,415,477,5,14,2,19
ba,37222,MATINA,2921054,31,31,9556,9556,7240,7633,117,276,20:57:17,1,1,99,1157,1,5861,60,56,1,1,0,2
ba,37230,MEDEIROS NETO,2921104,66,66,18663,18663,13846,14622,189,587,21:45:34,1,5,258,5924,2,7356,172,109,0,6,1,12
ba,37257,MIGUEL CALMON,2921203,77,77,19996,19996,15051,16001,200,750,21:33:55,2,3,285,4617,4,9764,130,239,0,4,1,2
ba,37273,MILAGRES,2921302,35,35,8823,8823,6718,7138,116,304,21:23:13,0,0,98,1816,0,4673,61,68,0,1,0,1
ba,37290,MIRANGABA,2921401,45,45,12693,12693,9805,10205,108,292,20:53:28,1,2,126,2088,2,7379,100,102,0,2,0,3
ba,37303,MIRANTE,2921450,30,30,8301,8301,6299,6596,69,228,23:10:27,0,4,143,1314,1,4716,51,65,2,2,0,1
ba,37311,MONTE SANTO,2921500,162,162,41809,41809,32838,34145,323,984,23:20:52,4,3,424,4308,6,27711,218,144,0,6,2,12
ba,37338,MORPARÁ,2921609,30,30,7604,7604,5689,5951,72,190,20:52:16,0,3,63,1658,1,3912,30,21,0,1,0,0
ba,37354,MORRO DO CHAPÉU,2921708,91,91,26151,26151,19633,20787,284,870,21:01:28,2,3,427,4918,2,13770,201,300,2,2,0,6
ba,37370,MORTUGABA,2921807,33,33,9597,9597,7026,7456,97,333,21:47:02,2,2,142,2716,1,4000,67,84,0,4,2,6
ba,37397,MUCUGÊ,2921906,34,34,9863,9863,7857,8381,160,364,23:50:44,0,2,153,2316,2,5229,76,65,0,6,2,6
ba,37419,MUCURI,2922003,98,98,27873,27873,20035,20987,303,649,20:41:09,7,4,460,8840,2,10146,337,194,0,9,4,32
ba,37427,MULUNGU DO MORRO,2922052,38,38,10988,10988,8899,9211,99,213,21:34:20,3,0,379,1357,0,7005,93,57,0,1,0,4
ba,37435,MUNDO NOVO,2922102,56,56,14921,14921,11004,11669,151,514,20:58:21,1,3,120,2560,1,8071,80,160,1,1,0,6
ba,37451,MUNIZ FERREIRA,2922201,32,32,8206,8206,6633,6969,87,249,20:54:39,1,2,148,1583,1,4748,52,94,0,1,1,2
ba,37460,MUQUÉM DO SÃO FRANCISCO,2922250,31,31,9684,9684,7633,7835,69,133,21:56:15,0,0,87,2171,3,5249,61,58,3,0,0,1
ba,37478,MURITIBA,2922300,73,73,23640,23640,16879,18019,348,792,20:50:09,1,6,284,3162,8,13033,147,225,1,6,1,5
ba,37494,MUTUÍPE,2922409,56,56,17909,17909,13165,14152,238,749,20:26:28,1,1,371,4127,3,8337,111,204,2,5,0,3
ba,37516,NAZARÉ,2922508,72,72,22055,22055,17072,17968,328,568,21:13:27,2,1,358,3821,3,12434,187,259,0,3,0,4
ba,37532,NILO PEÇANHA,2922607,30,30,10011,10011,7493,8012,174,345,23:01:47,4,1,150,1868,1,5338,50,79,0,0,1,1
ba,39799,NORDESTINA,2922656,36,36,10580,10580,8139,8554,105,310,21:24:40,0,5,141,1597,0,6269,59,61,0,3,0,4
ba,37559,NOVA CANAÃ,2922706,43,43,12377,12377,9062,9547,100,385,22:06:53,5,1,157,2070,1,6661,93,69,0,2,0,3
ba,37567,NOVA FÁTIMA,2922730,29,29,7957,7957,6291,6597,87,219,21:00:28,3,0,208,1655,0,4311,41,68,0,2,1,2
ba,39969,NOVA IBIÁ,2922755,19,19,5509,5509,4242,4460,61,157,20:14:31,0,2,68,1441,0,2634,30,64,0,0,0,3
ba,37575,NOVA ITARANA,2922805,23,23,6607,6607,5233,5467,80,154,20:13:41,0,0,64,1434,0,3641,39,52,0,1,0,2
ba,37583,NOVA REDENÇÃO,2922854,21,21,6421,6421,4920,5099,38,141,20:44:18,1,1,54,698,0,4105,29,30,0,1,0,1
ba,37591,NOVA SOURE,2922904,70,70,21207,21207,15816,16499,164,519,22:21:43,0,7,214,2292,2,13021,140,134,1,1,0,4
ba,37613,NOVA VIÇOSA,2923001,101,101,30989,30989,22962,24101,355,784,21:27:23,4,2,379,10817,5,11287,253,181,2,8,1,23
ba,39942,NOVO HORIZONTE,2923035,38,38,9200,9200,7372,7689,117,200,21:01:01,2,2,230,1899,0,5116,65,52,0,1,1,4
ba,37621,NOVO TRIUNFO,2923050,25,25,8227,8227,6133,6381,35,213,20:58:48,1,2,80,1354,0,4575,75,44,0,0,0,2
ba,37630,OLINDINA,2923100,69,69,19699,19699,14840,15471,191,440,20:55:48,0,1,216,2497,2,11811,152,154,0,3,0,4
ba,37656,OLIVEIRA DOS BREJINHOS,2923209,70,70,16618,16618,13338,13886,140,408,21:00:29,1,2,161,2937,4,9993,109,126,0,3,0,2
ba,37672,OURIÇANGAS,2923308,26,26,7224,7224,5383,5732,96,253,21:22:15,2,2,112,855,0,4265,40,96,0,5,0,6
ba,37680,OUROLÂNDIA,2923357,44,44,14353,14353,10785,11337,107,445,21:59:15,1,1,182,4267,0,6103,113,114,0,1,0,3
ba,37699,PALMAS DE MONTE ALTO,2923407,69,69,17255,17255,13495,14073,167,411,22:26:13,1,2,197,2628,0,10470,86,100,0,2,0,9
ba,37710,PALMEIRAS,2923506,24,24,7857,7857,6158,6433,74,201,22:29:51,1,1,119,974,3,4978,33,39,3,1,0,6
ba,37737,PARAMIRIM,2923605,61,61,16913,16913,13105,13807,255,447,21:33:55,1,2,309,2920,1,9668,106,89,0,1,1,7
ba,37753,PARATINGA,2923704,79,79,24228,24228,18436,19165,206,523,23:16:04,4,1,205,3700,2,14251,109,150,0,6,2,6
ba,37770,PARIPIRANGA,2923803,87,87,23527,23527,18272,19240,333,635,21:15:41,2,0,300,3927,3,13615,227,185,0,3,1,9
ba,37796,PAU BRASIL,2923902,26,26,7547,7547,5876,6106,43,187,21:05:31,0,0,64,2045,0,3689,34,42,0,0,0,2
ba,37818,PAULO AFONSO,2924009,258,258,83620,83620,62915,65344,921,1508,21:15:41,16,7,1106,13063,14,47173,1140,317,5,27,6,41
ba,37850,PEDRO ALEXANDRE,2924207,35,35,10164,10164,8057,8389,76,256,21:46:03,0,0,163,1331,2,6416,63,79,0,1,1,1
ba,37834,PEDRÃO,2924108,21,21,6573,6573,5042,5279,88,149,19:22:21,1,0,150,668,1,4116,51,54,0,1,0,0
ba,37877,PIATÃ,2924306,76,76,17470,17470,12447,13440,230,763,20:08:09,1,2,395,3438,1,8124,272,195,0,7,1,11
ba,37893,PILÃO ARCADO,2924405,121,121,28531,28531,22386,23193,142,665,21:52:14,4,3,322,4132,6,17562,166,179,0,5,0,7
ba,37915,PINDAÍ,2924504,42,42,12750,12750,10303,10761,125,333,21:00:27,3,1,215,2302,1,7588,90,95,1,5,1,1
ba,37931,PINDOBAÇU,2924603,57,57,16173,16173,12830,13416,211,375,23:50:23,1,2,169,3819,2,8620,108,104,0,0,0,5
ba,39837,PINTADAS,2924652,29,29,8931,8931,6220,6623,102,301,20:11:19,0,3,109,2227,0,3780,47,48,1,2,1,2
ba,37940,PIRAÍ DO NORTE,2924678,24,24,7100,7100,5517,5813,94,202,20:59:54,2,0,126,1590,0,3656,64,79,0,0,0,0
ba,37958,PIRIPÁ,2924702,27,27,8923,8923,6304,6598,78,216,19:26:24,2,2,154,1595,0,4388,99,60,0,1,0,3
ba,37974,PIRITIBA,2924801,48,48,14292,14292,10755,11380,150,475,19:29:47,2,3,202,2946,1,7330,95,169,1,3,0,3
ba,37990,PLANALTINO,2924900,25,25,6975,6975,5148,5503,103,252,21:08:53,1,1,83,1247,1,3715,41,55,0,2,1,1
ba,38016,PLANALTO,2925006,77,77,20252,20252,15547,16462,281,634,20:51:14,3,3,266,4489,3,10387,207,161,0,6,1,21
ba,38059,POJUCA,2925204,88,88,29229,29229,21477,23259,696,1086,19:32:25,5,6,364,4413,1,16067,320,266,2,11,2,20
ba,38067,PONTO NOVO,2925253,44,44,15183,15183,11932,12456,179,345,20:59:14,4,0,240,3032,2,8429,105,110,2,4,0,4
ba,38075,PORTO SEGURO,2925303,323,323,116587,116587,84678,88955,1470,2807,21:17:13,20,5,2641,37301,32,42129,1515,848,7,82,2,96
ba,38091,POTIRAGUÁ,2925402,29,29,7860,7860,5712,5995,72,211,19:25:54,3,0,69,2126,0,3421,40,47,0,1,1,4
ba,38032,POÇÕES,2925105,126,126,37374,37374,28195,29493,414,884,20:55:48,4,6,570,7393,4,19478,375,330,0,12,2,21
ba,38113,PRADO,2925501,76,76,25814,25814,18900,19884,275,709,21:27:23,5,2,243,8545,7,9774,165,138,1,10,0,10
ba,38130,PRESIDENTE DUTRA,2925600,48,48,11979,11979,9934,10244,97,213,21:01:02,1,0,111,1417,2,8285,79,37,1,1,0,0
ba,38156,PRESIDENTE JÂNIO QUADROS,2925709,35,35,10674,10674,7454,7823,84,285,20:49:34,0,0,172,1460,0,5660,75,83,1,0,0,3
ba,38164,PRESIDENTE TANCREDO NEVES,2925758,65,65,21689,21689,16728,17793,304,761,22:46:01,2,0,485,5876,4,9981,127,244,0,3,0,6
ba,39810,PÉ DE SERRA,2924058,43,43,12191,12191,9513,10070,138,419,22:19:51,0,0,210,3418,1,5666,108,103,0,3,0,4
ba,38172,QUEIMADAS,2925808,66,66,20515,20515,15946,16685,232,507,22:15:26,2,3,310,4310,5,10967,160,178,1,3,3,4
ba,38199,QUIJINGUE,2925907,69,69,21197,21197,16841,17545,182,522,23:10:27,2,5,235,2647,2,13742,114,86,0,2,1,5
ba,39845,QUIXABEIRA,2925931,31,31,8784,8784,6652,7134,152,330,21:02:02,1,0,153,2858,1,3523,61,49,0,4,1,1
ba,39853,RAFAEL JAMBEIRO,2925956,63,63,19049,19049,13701,14618,179,738,22:36:28,0,1,248,3653,7,9556,75,153,3,1,0,4
ba,38210,REMANSO,2926004,108,108,32212,32212,24880,25810,207,723,21:41:01,3,2,309,5159,2,18991,220,172,2,4,0,16
ba,38237,RETIROLÂNDIA,2926103,44,44,12901,12901,10248,10779,163,368,21:14:40,1,5,281,2441,1,7245,135,123,0,10,0,6
ba,38296,RIACHO DE SANTANA,2926400,78,78,23737,23737,17926,18798,345,527,22:23:03,3,2,311,3037,1,14242,221,97,0,2,0,10
ba,38253,RIACHÃO DAS NEVES,2926202,72,72,19206,19206,14575,15052,129,348,21:27:23,1,3,219,3857,0,10280,111,98,0,5,0,1
ba,38270,RIACHÃO DO JACUÍPE,2926301,94,94,27708,27708,22520,23622,339,763,21:00:59,5,3,632,4506,4,16737,262,348,2,9,1,11
ba,38318,RIBEIRA DO AMPARO,2926509,44,44,12452,12452,9492,10009,139,378,20:54:03,2,0,110,1739,0,7489,67,70,1,5,2,7
ba,38334,RIBEIRA DO POMBAL,2926608,142,142,45064,45064,34451,36167,572,1144,22:18:56,4,1,774,8900,1,23991,441,309,3,9,1,17
ba,38342,RIBEIRÃO DO LARGO,2926657,28,28,8797,8797,6326,6579,73,180,20:22:00,0,0,81,1678,0,4425,58,79,0,1,0,4
ba,38350,RIO DE CONTAS,2926707,44,44,12117,12117,9648,10173,150,375,21:01:28,3,1,164,2493,1,6790,110,71,2,2,1,10
ba,38377,RIO DO ANTÔNIO,2926806,40,40,10690,10690,8611,8962,109,242,20:59:14,0,2,149,1706,1,6628,65,53,0,2,0,5
ba,38393,RIO DO PIRES,2926905,38,38,11178,11178,7354,7754,87,313,20:43:31,3,0,167,1711,1,5350,72,48,1,1,0,0
ba,38415,RIO REAL,2927002,94,94,29286,29286,22548,23841,466,827,21:07:52,2,2,580,6058,5,15327,268,292,0,7,2,5
ba,38431,RODELAS,2927101,22,22,7602,7602,5998,6193,52,143,20:59:54,0,0,81,1132,0,4694,66,24,0,0,0,1
ba,38458,RUY BARBOSA,2927200,81,81,23977,23977,17369,18674,341,964,21:22:42,6,4,303,4857,2,11694,155,323,5,7,1,12
ba,38474,SALINAS DA MARGARIDA,2927309,45,45,16000,16000,11691,12334,215,428,21:03:31,3,1,207,1991,0,9248,92,135,0,4,0,10
ba,38490,SALVADOR,2927408,5124,5124,1955479,1955479,1447014,1561593,37013,77566,21:48:24,462,226,40676,391188,505,944358,29219,36320,239,1589,180,2052
ba,38539,SANTA BRÍGIDA,2927606,42,42,11939,11939,8857,9279,108,314,22:50:17,0,1,150,1369,0,7189,98,43,0,1,1,5
ba,38512,SANTA BÁRBARA,2927507,61,61,20163,20163,15559,16324,221,544,21:53:13,2,3,320,3307,0,11603,125,190,0,1,0,8
ba,38555,SANTA CRUZ CABRÁLIA,2927705,82,82,25527,25527,17571,18430,271,588,21:01:28,4,3,444,6755,5,9896,240,197,2,16,0,9
ba,38571,SANTA CRUZ DA VITÓRIA,2927804,16,16,4922,4922,3372,3563,57,134,18:47:49,0,0,132,1253,0,1924,29,29,0,1,0,4
ba,38598,SANTA INÊS,2927903,30,30,8217,8217,5973,6301,115,213,20:15:15,0,0,91,1146,0,4647,51,34,1,0,0,3
ba,39870,SANTA LUZIA,2928059,30,30,9034,9034,6646,6939,71,222,20:41:09,2,0,119,2247,0,4143,55,76,2,1,0,1
ba,38636,SANTA MARIA DA VITÓRIA,2928109,113,113,30271,30271,23719,24825,317,789,22:14:54,3,0,347,6763,3,15887,266,433,1,4,0,12
ba,35491,SANTA RITA DE CÁSSIA,2928406,80,80,22965,22965,17014,17740,264,462,21:01:27,3,4,241,4071,2,12359,152,175,0,0,1,6
ba,38695,SANTA TEREZINHA,2928505,34,34,9441,9441,7283,7700,117,300,20:44:43,0,1,104,1566,1,5463,47,94,1,3,0,3
ba,38610,SANTALUZ,2928000,104,104,32102,32102,24983,26577,443,1151,21:51:49,2,3,695,6733,3,16973,291,269,1,3,1,9
ba,38652,SANTANA,2928208,68,68,21022,21022,16094,16849,204,551,22:18:22,0,3,191,5076,2,10420,153,235,1,5,0,8
ba,38679,SANTANÓPOLIS,2928307,29,29,9599,9599,7155,7651,191,305,21:02:02,0,0,147,1512,1,5327,55,111,0,1,0,1
ba,38717,SANTO AMARO,2928604,154,154,47773,47773,35514,37730,834,1382,21:02:31,15,3,620,5155,9,28779,328,559,2,21,4,19
ba,38733,SANTO ANTÔNIO DE JESUS,2928703,237,237,77886,77886,60017,63969,1097,2855,20:52:47,18,12,1880,19640,10,36601,970,807,3,32,1,43
ba,38750,SANTO ESTEVÃO,2928802,120,120,39754,39754,30384,32217,511,1322,21:46:03,6,7,593,5841,5,23211,323,368,1,11,2,16
ba,38911,SAPEAÇU,2929602,57,57,16207,16207,12391,13261,302,568,19:07:48,0,1,244,2995,1,8881,115,145,0,2,1,6
ba,38946,SAUBARA,2929750,38,38,13374,13374,9728,10317,220,369,21:34:42,3,2,163,2147,0,7146,74,184,0,3,0,6
ba,38954,SAÚDE,2929800,32,32,9154,9154,6512,6963,104,347,20:53:27,0,1,109,1588,3,4671,59,76,0,1,0,4
ba,38970,SEABRA,2929909,121,121,35799,35799,28749,30252,418,1085,21:57:15,4,6,668,5468,4,21986,367,219,4,10,0,13
ba,38997,SEBASTIÃO LARANJEIRAS,2930006,26,26,7218,7218,5770,5962,70,122,21:23:13,2,1,134,1569,2,4001,27,28,0,3,0,3
ba,39012,SENHOR DO BONFIM,2930105,174,174,53709,53709,41313,43744,714,1717,21:30:22,4,9,779,13819,11,25666,538,432,4,23,2,26
ba,39039,SENTO SÉ,2930204,103,103,30127,30127,23606,24637,350,681,20:58:22,5,2,403,7419,3,15344,210,198,1,10,2,9
ba,39047,SERRA DO RAMALHO,2930154,90,90,26065,26065,20695,21368,222,451,22:25:49,1,4,313,5014,3,14982,173,189,0,6,2,8
ba,39055,SERRA DOURADA,2930303,52,52,15281,15281,11306,11851,192,353,21:59:15,0,0,119,4114,1,6849,84,133,0,1,1,4
ba,39071,SERRA PRETA,2930402,60,60,17262,17262,12878,13521,196,447,21:53:13,1,1,214,2311,2,10106,84,153,0,3,0,3
ba,39098,SERRINHA,2930501,218,218,63689,63689,49064,52079,819,2196,22:23:03,8,10,1113,11134,6,35445,706,590,3,19,5,25
ba,39110,SERROLÂNDIA,2930600,37,37,11033,11033,8400,8904,138,366,21:27:53,0,0,209,2507,0,5505,77,91,3,3,0,5
ba,39136,SIMÕES FILHO,2930709,260,260,90003,90003,67072,71439,1605,2762,21:18:43,11,6,2279,17661,12,44707,1229,1082,8,31,6,40
ba,39985,SOBRADINHO,2930774,60,60,20427,20427,15371,15975,194,410,21:02:31,0,4,414,3814,0,10803,249,74,0,5,1,7
ba,39152,SOUTO SOARES,2930808,47,47,14232,14232,11282,11656,146,228,20:58:20,5,1,231,1545,1,9291,110,91,1,2,0,4
ba,38938,SÁTIRO DIAS,2929701,49,49,14469,14469,10698,11327,207,422,20:59:54,0,1,188,2452,4,7770,130,145,3,5,0,0
ba,38776,SÃO DESIDÉRIO,2928901,94,94,28595,28595,22217,22878,220,441,22:07:24,4,0,385,7931,3,13345,271,264,2,2,1,9
ba,38806,SÃO DOMINGOS,2928950,29,29,7986,7986,6486,6814,81,247,20:27:18,0,1,145,1781,2,4375,69,106,2,2,0,3
ba,38814,SÃO FELIPE,2929107,67,67,17802,17802,13939,14773,290,544,20:10:40,0,2,198,3812,1,9543,166,210,1,3,0,3
ba,38830,SÃO FRANCISCO DO CONDE,2929206,108,108,33764,33764,24492,25755,488,775,21:38:14,7,4,504,3397,6,20076,207,261,2,12,1,15
ba,38792,SÃO FÉLIX,2929008,38,38,10118,10118,7859,8288,151,278,19:29:46,2,2,124,1331,1,6190,62,134,4,5,0,4
ba,38822,SÃO FÉLIX DO CORIBE,2929057,40,40,12580,12580,9950,10408,140,318,22:44:29,1,0,186,3798,2,5660,119,173,2,4,1,4
ba,39896,SÃO GABRIEL,2929255,68,68,16440,16440,13468,13973,148,357,22:15:57,2,3,222,2122,0,10916,106,93,0,2,0,2
ba,38857,SÃO GONÇALO DOS CAMPOS,2929305,93,93,30041,30041,23487,24850,496,867,21:42:03,2,4,573,4622,0,17586,242,443,1,8,1,5
ba,39926,SÃO JOSÉ DA VITÓRIA,2929354,19,19,5258,5258,3732,3954,52,170,19:01:48,0,1,72,1258,0,2313,39,44,0,4,0,1
ba,38865,SÃO JOSÉ DO JACUÍPE,2929370,27,27,8830,8830,6615,7017,141,261,21:05:32,1,2,135,1782,1,4572,56,63,0,2,0,1
ba,38873,SÃO MIGUEL DAS MATAS,2929404,35,35,9030,9030,7333,7672,101,238,21:45:01,1,0,134,1637,0,5368,91,91,0,1,1,9
ba,38890,SÃO SEBASTIÃO DO PASSÉ,2929503,105,105,34046,34046,25767,27067,409,891,21:41:32,2,0,431,3443,4,21232,303,325,0,11,2,14
ba,39144,SÍTIO DO MATO,2930758,38,38,11257,11257,8934,9228,102,192,22:39:51,1,0,127,2402,1,6262,50,89,0,1,0,1
ba,39900,SÍTIO DO QUINTO,2930766,34,34,9929,9929,7873,8232,74,285,20:59:55,0,3,152,1852,1,5726,73,62,1,3,0,0
ba,39179,TABOCAS DO BREJO VELHO,2930907,36,36,11241,11241,8310,8657,112,235,21:59:15,0,0,196,2130,1,5809,59,111,0,1,1,2
ba,39195,TANHAÇU,2931004,57,57,17984,17984,14408,14985,185,392,21:52:41,1,1,316,3462,2,10305,157,145,0,6,2,11
ba,39918,TANQUE NOVO,2931053,45,45,14688,14688,11551,12236,271,414,22:33:45,0,2,319,2212,2,8808,126,73,0,2,0,7
ba,39217,TANQUINHO,2931103,28,28,7717,7717,6212,6444,63,169,21:01:28,1,1,105,1427,0,4546,32,96,0,1,2,1
ba,39233,TAPEROÁ,2931202,45,45,14359,14359,10645,11297,177,475,21:21:14,2,2,224,2811,3,7311,93,192,0,1,0,6
ba,39250,TAPIRAMUTÁ,2931301,37,37,11283,11283,7915,8616,120,581,20:13:41,0,1,120,2051,0,5554,52,130,1,2,0,4
ba,39934,TEIXEIRA DE FREITAS,2931350,303,303,105045,105045,78098,81717,1269,2350,22:08:56,13,9,1779,38670,10,35445,1325,710,2,27,6,102
ba,39276,TEODORO SAMPAIO,2931400,24,24,6868,6868,5368,5631,76,187,19:21:03,0,0,100,630,2,4544,36,51,1,2,0,2
ba,39292,TEOFILÂNDIA,2931509,62,62,18692,18692,13663,14304,183,458,22:07:54,0,3,221,1918,4,11318,96,91,1,3,0,8
ba,39314,TEOLÂNDIA,2931608,37,37,11256,11256,8545,8977,118,314,21:52:13,0,1,139,2241,0,5969,68,121,1,2,1,2
ba,39330,TERRA NOVA,2931707,35,35,10480,10480,7850,8323,138,335,20:08:09,2,2,148,1335,1,6144,73,139,0,2,0,4
ba,39357,TREMEDAL,2931806,51,51,15421,15421,10971,11551,105,475,21:11:54,0,2,256,3188,2,7294,100,118,0,4,0,7
ba,39373,TUCANO,2931905,133,133,41771,41771,31802,33428,448,1178,22:28:26,4,5,597,6849,15,23765,369,178,1,4,3,12
ba,39390,UAUÁ,2932002,82,82,22079,22079,17453,18137,223,461,20:36:21,4,2,306,2594,3,14202,243,89,1,2,1,6
ba,39438,UBAITABA,2932200,43,43,14272,14272,10214,10679,124,341,20:13:40,3,2,230,3709,2,6014,95,143,1,6,3,6
ba,39454,UBATÃ,2932309,41,41,11980,11980,8712,9222,121,389,19:26:24,0,3,227,3051,2,5152,119,152,0,4,0,2
ba,39411,UBAÍRA,2932101,54,54,15896,15896,11855,12630,210,565,21:54:44,1,4,308,3655,2,7651,87,136,0,7,2,2
ba,39470,UIBAÍ,2932408,43,43,12012,12012,9545,9971,159,267,20:58:22,0,2,158,1954,6,7232,116,73,0,1,0,3
ba,39489,UMBURANAS,2932457,35,35,11651,11651,8879,9235,77,279,23:23:57,0,0,106,2472,3,6133,71,88,0,1,0,5
ba,39497,UNA,2932507,64,64,16864,16864,11936,12601,194,471,20:12:14,1,5,252,4753,1,6538,206,157,1,10,1,11
ba,39519,URANDI,2932606,43,43,13766,13766,10773,11131,127,231,20:51:14,1,3,182,2357,2,8062,95,62,0,3,0,6
ba,39535,URUÇUCA,2932705,62,62,18222,18222,13210,13919,159,550,20:49:35,2,1,219,4599,1,8109,139,129,1,5,0,5
ba,39551,UTINGA,2932804,42,42,13057,13057,9746,10190,98,346,21:00:29,2,0,165,2420,1,6959,76,119,0,3,0,1
ba,39594,VALENTE,2933000,73,73,20175,20175,16489,17431,273,669,20:29:28,1,2,515,5598,4,9915,211,212,2,12,2,15
ba,39578,VALENÇA,2932903,195,195,66657,66657,49124,52894,1296,2474,22:23:03,4,12,1323,15367,15,30832,621,895,3,21,5,26
ba,39624,VARZEDO,2933174,30,30,9468,9468,7496,7868,84,288,21:00:28,0,1,170,2167,1,4957,61,134,0,0,0,5
ba,39632,VERA CRUZ,2933208,107,107,36715,36715,27886,29228,506,836,21:09:22,2,2,558,5950,10,20718,248,375,1,15,1,6
ba,39640,VEREDA,2933257,23,23,6714,6714,4910,5103,49,144,22:16:56,0,2,94,1637,1,3074,63,30,1,1,1,6
ba,39659,VITÓRIA DA CONQUISTA,2933307,766,766,265595,265595,204384,216286,4195,7707,22:29:21,69,34,5688,82936,66,108011,3943,3133,29,187,23,265
ba,39977,VÁRZEA DA ROÇA,2933059,38,38,10928,10928,8092,8692,205,395,22:14:54,1,1,165,1967,2,5793,65,91,0,4,1,2
ba,39616,VÁRZEA DO POÇO,2933109,25,25,7284,7284,5605,5905,77,223,19:15:05,5,2,126,1426,1,3937,47,53,0,5,0,3
ba,39950,VÁRZEA NOVA,2933158,36,36,10874,10874,8316,8855,142,397,19:23:44,2,1,191,2228,2,5666,80,142,0,4,0,0
ba,39675,WAGNER,2933406,22,22,6804,6804,5160,5413,69,184,21:01:29,0,0,74,1268,1,3730,40,41,2,2,1,1
ba,39993,WANDERLEY,2933455,36,36,10702,10702,8240,8494,82,172,20:50:35,0,1,110,2911,0,5088,42,81,3,3,1,0
ba,39691,WENCESLAU GUIMARÃES,2933505,54,54,16675,16675,12418,13076,198,460,21:52:42,2,2,227,3965,0,7981,97,135,1,4,1,3
ba,39713,XIQUE-XIQUE,2933604,124,124,35384,35384,26040,27416,364,1012,23:15:05,0,7,386,6878,1,18111,288,347,3,6,2,11
ba,33073,ÁGUA FRIA,2900405,45,45,13416,13416,9806,10582,211,565,20:59:14,3,2,236,1964,1,7386,85,119,1,7,0,2
ba,33090,ÉRICO CARDOSO,2900504,34,34,8440,8440,6073,6468,92,303,20:34:07,2,1,100,1258,0,4545,62,97,0,3,1,4
ce,13013,ABAIARA,2300101,28,28,7775,7775,5880,6239,113,246,20:56:54,0,1,124,1036,3,4634,57,22,0,2,0,1
ce,13145,ACARAPE,2300150,41,41,12546,12546,10364,10868,211,293,21:53:40,0,0,254,3847,0,6079,130,46,1,1,1,5
ce,13030,ACARAÚ,2300200,167,167,49197,49197,37609,39831,755,1467,22:41:52,6,5,777,12267,7,23817,553,148,0,6,2,21
ce,13056,ACOPIARA,2300309,146,146,38571,38571,30627,32404,568,1209,22:07:20,0,4,450,6153,6,23458,370,158,3,17,4,4
ce,13072,AIUABA,2300408,45,45,11440,11440,8639,9041,80,322,20:55:03,1,1,136,1196,1,7142,97,60,0,3,0,2
ce,13099,ALCÂNTARAS,2300507,36,36,10265,10265,7722,8189,177,290,21:00:48,0,1,184,1437,1,5939,90,67,0,0,1,2
ce,13110,ALTANEIRA,2300606,27,27,6949,6949,5413,5670,54,203,19:23:45,0,2,88,669,2,4500,128,21,0,0,1,2
ce,13137,ALTO SANTO,2300705,50,50,12108,12108,9771,10156,149,236,20:47:20,0,2,193,2157,1,7184,179,49,0,2,0,4
ce,15873,AMONTADA,2300754,130,130,36349,36349,28311,29633,438,884,21:17:59,2,4,462,7402,2,19857,408,158,1,8,1,6
ce,13153,ANTONINA DO NORTE,2300804,30,30,7089,7089,5198,5468,64,206,19:07:25,0,0,77,791,1,4169,138,19,0,2,0,1
ce,13170,APUIARÉS,2300903,48,48,12696,12696,10341,10722,131,250,20:45:31,4,0,241,2442,2,7375,196,70,0,4,0,7
ce,13196,AQUIRAZ,2301000,229,229,69632,69632,56565,59747,1117,2065,20:58:33,7,7,1690,20298,15,33019,1006,447,4,25,6,41
ce,13218,ARACATI,2301109,206,206,57417,57417,46341,48733,1095,1297,20:58:14,15,9,1513,14510,14,29308,713,225,3,11,1,19
ce,13234,ARACOIABA,2301208,91,91,24943,24943,20985,21764,277,502,21:02:21,1,0,374,5701,1,14493,304,94,4,6,0,7
ce,13420,ARARENDÁ,2301257,37,37,9705,9705,7755,8085,86,244,22:29:00,0,0,115,1943,3,5559,76,44,0,5,0,10
ce,13250,ARARIPE,2301307,67,67,17494,17494,13520,14182,158,504,21:21:11,2,1,178,1870,2,11246,159,53,0,4,0,5
ce,13277,ARATUBA,2301406,40,40,12289,12289,9743,10233,199,291,21:03:42,1,0,201,2571,1,6776,118,68,1,4,0,2
ce,13293,ARNEIROZ,2301505,25,25,6939,6939,5264,5463,50,149,20:15:30,0,0,123,1157,1,3885,61,30,0,3,0,4
ce,13315,ASSARÉ,2301604,72,72,18914,18914,14261,15013,251,501,21:38:00,2,3,347,2518,3,11066,234,77,1,7,0,3
ce,13331,AURORA,2301703,79,79,20292,20292,15227,16196,287,682,20:58:32,1,3,327,3343,1,11216,223,101,0,6,1,5
ce,13358,BAIXIO,2301802,23,23,5464,5464,4418,4582,37,127,20:25:40,1,0,52,682,1,3608,48,24,1,1,0,0
ce,13382,BANABUIÚ,2301851,56,56,15673,15673,12727,13185,139,319,20:02:01,0,0,177,2774,1,9529,155,84,0,3,0,4
ce,13374,BARBALHA,2301901,171,171,53415,53415,42422,44632,750,1460,22:42:52,8,6,1011,11693,9,28658,745,242,0,23,1,26
ce,13129,BARREIRA,2301950,63,63,19586,19586,16092,16915,308,515,22:04:11,2,3,209,6410,1,9176,171,112,0,2,0,6
ce,13390,BARRO,2302008,59,59,17005,17005,12457,13193,169,567,21:22:09,1,1,197,1938,4,10047,177,82,1,6,0,3
ce,13404,BARROQUINHA,2302057,49,49,15207,15207,11385,12042,199,458,22:34:12,0,0,281,3225,2,7660,153,59,1,1,0,3
ce,13412,BATURITÉ,2302107,97,97,28552,28552,22800,23949,435,714,22:42:42,2,2,413,5988,1,15878,378,123,0,6,0,9
ce,13439,BEBERIBE,2302206,166,166,46979,46979,38162,40501,824,1515,21:05:59,4,1,1026,11429,2,24758,573,321,3,18,5,22
ce,13455,BELA CRUZ,2302305,81,81,21553,21553,16627,17755,365,763,21:49:01,2,1,399,5325,4,10504,321,57,0,5,1,8
ce,13471,BOA VIAGEM,2302404,161,161,42595,42595,32751,34497,587,1159,21:21:11,0,4,1194,6541,6,24219,452,305,2,9,3,16
ce,13498,BREJO SANTO,2302503,136,136,36964,36964,29196,30613,405,1012,21:09:31,8,2,485,6049,7,22036,466,116,0,13,1,13
ce,13510,CAMOCIM,2302602,177,177,50991,50991,39245,41277,782,1250,22:05:20,4,7,1231,12134,7,24861,784,187,2,13,2,13
ce,13536,CAMPOS SALES,2302701,77,77,20555,20555,15769,16478,189,520,20:46:19,1,0,282,2654,8,12519,231,68,0,2,1,3
ce,13552,CANINDÉ,2302800,222,222,60219,60219,47726,49860,625,1509,22:37:51,9,2,926,11278,9,34478,759,227,3,19,4,12
ce,13579,CAPISTRANO,2302909,56,56,16205,16205,13203,13732,208,321,21:49:09,1,0,239,3111,2,9626,141,69,0,8,1,5
ce,13595,CARIDADE,2303006,66,66,17474,17474,13984,14673,219,470,20:07:49,3,1,337,3364,1,9972,220,85,0,1,0,0
ce,13633,CARIRIAÇU,2303204,97,97,24954,24954,19728,20642,218,696,20:36:10,4,3,472,4254,4,14590,284,91,3,10,4,9
ce,13617,CARIRÉ,2303105,58,58,15391,15391,11680,12458,260,518,22:47:50,2,3,200,3225,4,8007,168,60,0,5,0,6
ce,13650,CARIÚS,2303303,58,58,15846,15846,12501,13118,191,426,20:16:40,1,1,237,2359,0,9699,145,44,0,8,0,7
ce,13676,CARNAUBAL,2303402,53,53,14575,14575,10678,11540,185,677,22:11:33,1,2,262,3375,2,6757,182,90,0,4,1,2
ce,13692,CASCAVEL,2303501,216,216,60466,60466,48388,51335,1080,1867,20:58:33,3,5,1376,16340,20,29406,828,346,1,16,5,42
ce,13714,CATARINA,2303600,35,35,9892,9892,7061,7376,80,235,20:11:52,0,1,157,1492,1,5288,71,48,0,1,0,2
ce,13447,CATUNDA,2303659,32,32,9313,9313,7407,7671,101,163,20:49:59,1,1,76,1372,1,5840,76,39,0,0,0,1
ce,13730,CAUCAIA,2303709,783,783,249622,249622,203857,215416,4150,7409,20:56:17,56,30,6310,76282,49,114126,4783,1811,25,190,26,169
ce,13757,CEDRO,2303808,78,78,20348,20348,15588,16419,233,598,20:55:27,1,4,229,3046,4,11931,281,79,2,3,0,8
ce,13773,CHAVAL,2303907,47,47,10966,10966,8171,8617,158,288,20:59:24,0,1,164,1561,1,6298,102,41,0,0,0,3
ce,13161,CHOROZINHO,2303956,64,64,18301,18301,14898,15790,323,569,21:33:54,1,1,278,4194,1,10147,207,57,0,5,1,6
ce,13463,CHORÓ,2303931,43,43,11642,11642,9137,9500,96,267,20:51:23,1,1,129,1858,0,6995,100,48,0,1,0,4
ce,13811,COREAÚ,2304004,83,83,19700,19700,15339,16269,325,605,20:15:30,1,0,271,4123,1,10639,217,82,1,2,0,2
ce,13838,CRATEÚS,2304103,212,212,60099,60099,47711,50292,621,1960,21:49:58,8,10,565,12345,8,33967,570,201,4,14,4,15
ce,13854,CRATO,2304202,327,327,95932,95932,79347,82696,1095,2254,21:01:15,18,3,1457,14782,19,61083,1451,421,13,52,3,45
ce,15881,CROATÁ,2304236,57,57,15338,15338,11243,12010,257,510,21:20:00,3,2,310,2654,2,7967,208,80,0,10,0,7
ce,15890,CRUZ,2304251,84,84,23786,23786,18422,19574,362,790,21:00:26,3,2,546,6951,2,10525,297,76,0,6,2,12
ce,15989,DEPUTADO IRAPUAN PINHEIRO,2304269,29,29,7474,7474,5931,6265,116,218,20:49:59,1,0,133,1086,0,4534,108,64,0,1,2,2
ce,13200,ERERÉ,2304277,21,21,5605,5605,4389,4578,46,143,20:57:52,1,0,85,746,0,3476,48,33,0,0,0,0
ce,13226,EUSÉBIO,2304285,184,184,59877,59877,48099,50473,988,1386,20:15:38,13,11,1726,21798,10,22791,1155,505,7,27,6,50
ce,13870,FARIAS BRITO,2304301,65,65,17579,17579,14054,14784,217,513,22:13:51,5,1,207,2198,2,11341,207,77,0,7,2,7
ce,15911,FORQUILHA,2304350,66,66,19740,19740,15877,17017,484,656,21:41:09,0,3,460,5378,3,9481,395,139,0,8,1,9
ce,13897,FORTALEZA,2304400,5335,5335,1795713,1795713,1490374,1561854,26884,44596,21:02:02,427,257,44901,586251,686,797002,37754,18680,247,1655,185,2329
ce,13501,FORTIM,2304459,54,54,17196,17196,14032,14673,232,409,21:31:49,5,2,434,4725,1,8552,243,59,2,3,1,5
ce,13919,FRECHEIRINHA,2304509,46,46,13849,13849,10924,11671,227,520,21:05:40,5,2,228,3748,3,6692,192,48,0,3,0,3
ce,13935,GENERAL SAMPAIO,2304608,30,30,8274,8274,6494,6711,77,140,20:58:15,1,0,112,1488,1,4759,75,52,1,2,0,3
ce,13951,GRANJA,2304707,159,159,44060,44060,33051,35395,763,1581,21:49:58,1,4,519,5594,5,26283,501,130,1,6,2,5
ce,13978,GRANJEIRO,2304806,22,22,6328,6328,4983,5138,54,101,22:41:52,1,2,90,798,0,4014,52,24,0,2,0,0
ce,13064,GRAÇA,2304657,47,47,12854,12854,9939,10508,161,408,22:53:44,1,2,205,1913,2,7532,195,78,2,2,0,7
ce,13994,GROAÍRAS,2304905,34,34,9842,9842,7408,8012,273,331,22:47:50,1,0,195,2725,5,4258,120,94,0,4,3,3
ce,13242,GUAIÚBA,2304954,73,73,20884,20884,17297,18125,278,550,21:02:02,1,3,317,4665,6,12008,187,100,2,2,1,5
ce,14010,GUARACIABA DO NORTE,2305001,127,127,34685,34685,25949,27639,520,1170,22:13:40,4,4,659,7903,7,16748,390,203,4,5,1,21
ce,14036,GUARAMIRANGA,2305100,24,24,6646,6646,5158,5447,98,191,19:24:39,0,0,92,1378,2,3543,100,36,0,3,0,4
ce,14052,HIDROLÂNDIA,2305209,59,59,16000,16000,12852,13384,120,412,21:14:49,1,0,282,3339,1,9004,158,59,2,1,1,4
ce,13188,HORIZONTE,2305233,201,201,62776,62776,50478,53588,1293,1817,20:37:29,22,9,1785,17836,18,29252,1146,359,2,27,2,20
ce,14060,IBARETAMA,2305266,48,48,13532,13532,11009,11466,124,333,21:02:38,2,2,150,2252,1,8395,140,62,0,2,1,2
ce,14079,IBIAPINA,2305308,86,86,20158,20158,15044,16131,340,747,20:55:04,2,2,489,5084,3,9010,278,163,0,3,1,9
ce,15920,IBICUITINGA,2305332,48,48,12514,12514,10282,10752,213,257,20:58:15,1,0,220,2982,1,6902,110,55,1,6,1,3
ce,15938,ICAPUÍ,2305357,56,56,17718,17718,14403,15089,292,394,21:31:41,6,2,329,4848,3,8929,210,65,1,4,0,6
ce,14095,ICÓ,2305407,185,185,51307,51307,39064,40930,551,1315,21:17:01,2,8,748,8660,7,28786,598,230,1,10,5,9
ce,14117,IGUATU,2305506,261,261,71278,71278,58085,60716,881,1750,21:02:02,8,4,1067,11296,15,44295,1096,255,2,22,1,24
ce,14133,INDEPENDÊNCIA,2305605,98,98,21208,21208,16903,17635,188,544,21:11:59,1,4,197,4523,3,11873,130,167,1,1,0,3
ce,13340,IPAPORANGA,2305654,38,38,10349,10349,7874,8297,122,301,20:56:55,0,1,98,1872,0,5753,104,41,0,3,0,2
ce,14150,IPAUMIRIM,2305704,36,36,9459,9459,7552,7936,111,273,20:53:51,0,0,158,1334,0,5919,90,46,0,1,1,3
ce,14176,IPU,2305803,117,117,33130,33130,26617,28035,371,1047,22:22:41,6,5,626,6549,3,18920,326,161,1,6,2,12
ce,14192,IPUEIRAS,2305902,134,134,30943,30943,22754,24196,421,1021,21:17:01,0,5,396,6104,3,15705,355,164,5,11,4,2
ce,14214,IRACEMA,2306009,43,43,12096,12096,9259,9602,90,253,20:16:40,0,0,143,2084,3,6861,109,50,0,4,1,4
ce,14230,IRAUÇUBA,2306108,70,70,19467,19467,15746,16473,205,522,20:46:19,1,1,253,3431,2,11742,250,56,0,4,0,6
ce,13480,ITAITINGA,2306256,134,134,38235,38235,31442,33195,640,1113,20:28:10,5,9,1097,11752,2,17681,614,238,3,16,8,17
ce,14257,ITAIÇABA,2306207,26,26,7213,7213,5935,6201,111,155,20:58:14,1,1,171,1889,3,3735,90,33,0,1,1,10
ce,14273,ITAPAJÉ,2306306,140,140,39662,39662,32041,33605,529,1035,21:18:09,6,2,552,11791,2,19007,433,220,5,6,0,17
ce,14290,ITAPIPOCA,2306405,361,361,103228,103228,85581,89243,1253,2409,22:48:00,11,14,1428,21251,8,60812,1476,499,4,37,8,33
ce,14311,ITAPIÚNA,2306504,58,58,16385,16385,12871,13565,233,461,20:57:51,2,2,244,3651,1,8761,130,75,0,1,0,4
ce,15954,ITAREMA,2306553,116,116,34502,34502,26628,28056,444,984,21:19:09,1,1,554,9901,2,15771,275,106,0,4,1,12
ce,14338,ITATIRA,2306603,69,69,19602,19602,14376,15051,196,479,20:56:54,2,1,272,3158,1,10661,181,93,2,3,1,1
ce,14354,JAGUARETAMA,2306702,58,58,15538,15538,12360,12930,188,382,22:00:52,0,2,285,2635,2,9178,179,67,0,5,0,7
ce,14370,JAGUARIBARA,2306801,31,31,8993,8993,7475,7778,88,215,21:10:40,3,0,125,1602,0,5608,90,39,0,4,0,4
ce,14397,JAGUARIBE,2306900,102,102,29394,29394,22791,23760,301,668,21:02:22,3,1,466,4905,3,16798,407,181,1,12,1,13
ce,14419,JAGUARUANA,2307007,109,109,28915,28915,22720,24499,934,845,20:52:04,4,5,557,7319,4,14451,258,108,1,7,0,6
ce,14435,JARDIM,2307106,87,87,22592,22592,16674,17681,271,736,20:51:23,1,3,383,3321,3,12667,181,103,0,6,3,3
ce,14451,JATI,2307205,27,27,7093,7093,5345,5664,88,231,21:01:15,1,0,87,912,0,4270,42,28,0,3,0,2
ce,13005,JIJOCA DE JERICOACOARA,2307254,72,72,21575,21575,16722,17528,255,551,20:49:58,0,2,537,6378,0,9363,346,86,1,6,0,3
ce,14478,JUAZEIRO DO NORTE,2307304,646,646,200346,200346,161821,168920,2558,4541,20:49:33,44,20,4961,42438,36,108543,4362,1093,18,143,18,145
ce,14494,JUCÁS,2307403,79,79,20189,20189,15020,15966,302,644,20:55:26,2,1,319,3580,6,10723,243,138,0,5,1,2
ce,14516,LAVRAS DA MANGABEIRA,2307502,90,90,24134,24134,18485,19424,243,696,21:31:41,0,4,261,3553,1,14299,268,77,2,10,1,9
ce,14532,LIMOEIRO DO NORTE,2307601,162,162,46944,46944,38148,40008,732,1128,21:51:00,9,7,982,9496,17,26541,882,175,2,18,1,18
ce,13021,MADALENA,2307635,50,50,14764,14764,11661,12164,176,327,22:05:20,1,1,323,2482,3,8623,158,58,0,5,0,7
ce,15857,MARACANAÚ,2307650,559,559,179488,179488,149704,157250,2927,4619,20:49:33,38,15,4488,58590,47,81340,3536,1408,15,93,23,111
ce,14559,MARANGUAPE,2307700,293,293,83544,83544,69437,72834,1256,2141,21:00:25,10,2,1640,24200,11,41673,1243,576,0,34,3,45
ce,14575,MARCO,2307809,85,85,23434,23434,18710,19885,465,710,19:29:59,0,2,378,8386,3,9649,221,61,0,2,2,6
ce,14591,MARTINÓPOLE,2307908,35,35,10730,10730,8687,9109,129,293,20:56:56,1,0,178,1777,0,6561,146,22,1,0,0,1
ce,14613,MASSAPÊ,2308005,115,115,31825,31825,25832,27549,770,947,21:00:25,8,2,575,7777,3,16904,383,161,2,11,1,5
ce,14630,MAURITI,2308104,140,140,36552,36552,28940,30378,354,1084,21:21:21,4,1,369,7084,4,20987,368,109,0,5,1,8
ce,14656,MERUOCA,2308203,46,46,13277,13277,10530,11288,341,417,20:53:16,3,1,272,2771,1,7134,217,121,0,5,1,4
ce,14672,MILAGRES,2308302,91,91,22637,22637,17559,18407,228,620,20:55:27,2,0,303,2441,3,14430,295,67,0,7,2,9
ce,15970,MILHÃ,2308351,40,40,11291,11291,9118,9457,99,240,20:53:15,0,1,156,1816,1,6941,123,72,0,3,0,5
ce,14680,MIRAÍMA,2308377,45,45,12141,12141,9736,10094,104,254,21:21:20,0,2,145,1798,0,7603,119,63,0,2,0,4
ce,14699,MISSÃO VELHA,2308401,113,113,30981,30981,23585,24807,306,916,21:07:00,2,3,338,4370,7,18420,323,99,3,11,0,9
ce,14710,MOMBAÇA,2308500,119,119,32520,32520,24198,25596,311,1087,21:01:16,2,3,413,5065,3,18333,242,125,0,3,0,9
ce,14737,MONSENHOR TABOSA,2308609,57,57,14947,14947,11332,11972,200,440,20:14:29,2,2,146,2823,3,8152,123,71,0,5,0,5
ce,14753,MORADA NOVA,2308708,199,199,56913,56913,44772,47599,999,1828,22:22:41,4,6,1350,14382,11,27829,764,362,4,28,5,27
ce,14770,MORAÚJO,2308807,33,33,8262,8262,6384,6725,146,195,20:17:40,1,1,125,1694,0,4443,79,34,1,2,1,3
ce,14796,MORRINHOS,2308906,68,68,19053,19053,15248,16039,322,469,20:56:17,0,3,274,7387,3,7275,246,52,1,2,1,4
ce,14818,MUCAMBO,2309003,45,45,12736,12736,9335,10046,224,487,20:59:44,2,2,305,2286,2,6515,150,68,0,2,0,3
ce,14834,MULUNGU,2309102,33,33,9751,9751,7721,8091,108,262,21:07:00,0,0,99,2121,0,5380,85,31,0,0,0,5
ce,14850,NOVA OLINDA,2309201,46,46,12790,12790,10215,10649,134,300,20:17:39,1,0,186,2176,1,7654,154,39,0,0,0,4
ce,14877,NOVA RUSSAS,2309300,99,99,24866,24866,19101,20194,365,728,21:01:15,4,1,349,5557,7,12738,303,125,1,7,3,6
ce,14893,NOVO ORIENTE,2309409,91,91,23218,23218,16886,17942,317,739,20:48:41,0,6,209,3784,5,12598,199,71,1,6,1,6
ce,13307,OCARA,2309458,98,98,25191,25191,21417,22258,335,506,21:03:41,1,1,515,5798,4,14664,301,116,0,9,1,7
ce,14915,ORÓS,2309508,68,68,17682,17682,13568,14173,161,444,22:14:40,0,5,211,3029,3,9994,193,116,0,4,0,13
ce,14931,PACAJUS,2309607,186,186,54458,54458,44943,47610,1048,1619,22:03:21,12,8,1555,16650,6,25412,918,334,4,18,1,25
ce,14958,PACATUBA,2309706,185,185,57825,57825,47197,49596,850,1549,20:53:16,6,7,1351,18124,10,26240,972,421,4,26,9,27
ce,14974,PACOTI,2309805,48,48,10776,10776,8498,9015,151,366,19:20:55,0,2,161,2030,0,6128,113,57,1,1,2,3
ce,14990,PACUJÁ,2309904,22,22,6659,6659,5091,5366,74,201,21:01:15,0,3,176,1011,1,3766,69,59,0,6,0,0
ce,15016,PALHANO,2310001,35,35,9841,9841,8005,8364,116,243,20:56:17,0,0,192,2924,2,4690,124,64,2,3,1,3
ce,15032,PALMÁCIA,2310100,40,40,9908,9908,7892,8345,129,324,20:07:48,1,0,136,2262,1,5319,112,51,0,6,1,3
ce,15059,PARACURU,2310209,115,115,33717,33717,26629,28122,512,981,19:32:16,3,8,620,8698,7,16637,446,182,1,14,0,13
ce,15997,PARAIPABA,2310258,93,93,27584,27584,22510,23568,347,711,22:50:02,5,1,597,8620,1,12809,356,104,1,12,0,4
ce,15075,PARAMBU,2310308,109,109,27269,27269,19334,20676,391,951,21:02:03,4,2,255,6286,1,12368,272,137,3,1,2,3
ce,15091,PARAMOTI,2310407,42,42,10188,10188,8224,8607,100,283,20:17:40,2,1,140,1926,0,6004,103,42,0,5,0,1
ce,15113,PEDRA BRANCA,2310506,138,138,34612,34612,25523,26952,356,1073,20:56:35,5,5,452,4261,4,20314,346,128,1,3,0,4
ce,15130,PENAFORTE,2310605,30,30,8694,8694,6908,7299,125,266,20:50:25,0,0,150,1332,0,5295,102,27,0,1,0,1
ce,15156,PENTECOSTE,2310704,105,105,32386,32386,26241,27189,336,612,22:30:13,6,1,506,6983,2,18206,355,156,1,9,0,16
ce,15172,PEREIRO,2310803,59,59,14487,14487,11059,11647,171,417,20:54:15,2,0,145,2014,1,8549,280,61,0,2,1,4
ce,13285,PINDORETAMA,2310852,67,67,21261,21261,17248,18098,245,605,20:51:23,0,2,366,4701,3,11798,267,100,0,5,0,6
ce,15199,PIQUET CARNEIRO,2310902,43,43,12098,12098,9392,9874,150,332,22:45:52,0,1,100,2145,0,6979,115,46,0,5,0,1
ce,13048,PIRES FERREIRA,2310951,32,32,8610,8610,7180,7479,75,224,22:32:43,0,1,221,1705,0,5117,74,54,0,5,0,3
ce,15210,PORANGA,2311009,42,42,10071,10071,7749,8115,61,305,20:52:02,2,2,100,1375,1,6142,91,30,1,5,0,0
ce,15237,PORTEIRAS,2311108,58,58,14641,14641,11321,11825,125,379,20:33:53,1,1,105,1695,0,9360,133,22,0,0,2,2
ce,15253,POTENGI,2311207,33,33,8102,8102,6501,6816,91,224,21:47:51,0,0,63,846,0,5486,73,30,0,1,0,2
ce,13269,POTIRETAMA,2311231,22,22,5834,5834,4959,5091,48,84,21:34:38,0,0,89,1173,0,3617,55,24,0,0,0,1
ce,13102,QUITERIANÓPOLIS,2311264,64,64,16987,16987,13034,13793,183,576,20:59:44,3,4,325,2581,1,9882,101,126,2,3,2,4
ce,15270,QUIXADÁ,2311306,217,217,61599,61599,49451,52092,975,1666,21:51:20,5,5,886,17682,6,29771,731,315,5,17,9,19
ce,98531,QUIXELÔ,2311355,53,53,14956,14956,12282,12879,181,416,23:10:16,0,0,149,2124,3,9804,146,51,1,2,0,2
ce,15296,QUIXERAMOBIM,2311405,218,218,60112,60112,48438,50237,665,1134,23:10:16,3,9,960,10848,10,35579,711,291,1,14,1,11
ce,15318,QUIXERÉ,2311504,63,63,18875,18875,15026,15919,303,590,21:57:39,5,1,577,3863,1,10153,313,95,1,11,1,5
ce,15334,REDENÇÃO,2311603,85,85,24248,24248,19075,20226,442,709,21:56:23,0,2,434,5528,4,12747,206,140,0,4,0,10
ce,15350,RERIUTABA,2311702,62,62,15853,15853,12694,13312,216,402,21:16:00,9,2,304,2552,1,9501,216,100,0,5,0,4
ce,15377,RUSSAS,2311801,200,200,58537,58537,47313,49670,866,1491,21:05:40,9,4,1484,14414,15,30006,1006,329,2,20,4,20
ce,15393,SABOEIRO,2311900,50,50,12621,12621,9718,10186,118,350,20:52:02,2,1,125,1884,0,7532,131,41,0,1,0,1
ce,15440,SALITRE,2311959,52,52,14839,14839,11792,12264,125,347,22:03:21,1,0,148,3054,1,8457,82,37,0,4,3,5
ce,15458,SANTA QUITÉRIA,2312205,125,125,33618,33618,26599,28000,530,871,21:16:51,5,4,647,5499,5,19711,489,221,0,7,0,11
ce,15415,SANTANA DO ACARAÚ,2312007,107,107,25778,25778,20884,21922,437,601,21:20:00,4,4,464,4717,1,15321,250,103,0,8,1,11
ce,15431,SANTANA DO CARIRI,2312106,56,56,13899,13899,11017,11480,105,358,21:00:47,5,2,152,1495,0,9167,125,60,0,7,1,3
ce,15555,SENADOR POMPEU,2312700,80,80,20302,20302,16081,17015,240,694,22:34:12,2,6,304,4812,0,10688,166,94,1,1,2,5
ce,15571,SENADOR SÁ,2312809,23,23,7038,7038,5789,6080,77,214,21:00:49,1,3,183,1468,1,3995,99,36,0,0,0,3
ce,15598,SOBRAL,2312908,502,502,153073,153073,120038,129694,4591,5065,21:59:29,22,20,3510,40500,41,71616,2870,1271,13,57,14,104
ce,15610,SOLONÓPOLE,2313005,50,50,14292,14292,11330,11740,121,289,20:59:24,1,3,340,2426,5,8309,152,85,0,7,0,2
ce,15474,SÃO BENEDITO,2312304,140,140,37548,37548,27953,30318,913,1452,20:54:15,9,3,592,8885,9,17707,512,207,2,7,5,15
ce,15490,SÃO GONÇALO DO AMARANTE,2312403,170,170,51355,51355,40721,43005,851,1433,21:02:21,4,7,1326,15175,13,23120,719,306,5,14,2,30
ce,15512,SÃO JOÃO DO JAGUARIBE,2312502,24,24,5965,5965,4521,4797,113,163,21:02:02,0,1,80,748,0,3586,71,34,0,0,0,1
ce,15539,SÃO LUÍS DO CURU,2312601,41,41,12630,12630,9915,10428,179,334,20:54:15,5,2,182,2838,1,6697,123,58,2,3,2,2
ce,15636,TABULEIRO DO NORTE,2313104,96,96,26004,26004,20297,21225,365,563,21:33:40,1,1,435,4033,5,15386,346,77,0,9,0,4
ce,15652,TAMBORIL,2313203,89,89,21345,21345,16331,17262,238,693,22:03:10,0,2,213,3651,5,12211,150,87,1,4,1,6
ce,13366,TARRAFAS,2313252,29,29,7393,7393,5509,5834,112,213,20:32:29,0,0,93,835,1,4471,76,31,0,1,0,1
ce,15679,TAUÁ,2313302,186,186,47270,47270,35882,38004,614,1508,21:00:25,3,7,539,11128,5,23351,433,394,1,10,2,9
ce,13323,TEJUÇUOCA,2313351,61,61,15973,15973,12949,13565,182,434,20:53:16,0,1,302,3289,1,9096,169,83,0,3,0,5
ce,15695,TIANGUÁ,2313401,222,222,59588,59588,47438,51057,1382,2237,21:23:10,7,8,1311,19329,13,25577,880,278,5,11,4,15
ce,15717,TRAIRI,2313500,183,183,49869,49869,40340,42316,649,1327,22:12:41,8,5,849,11756,8,26868,577,242,1,14,4,8
ce,13080,TURURU,2313559,62,62,15653,15653,12815,13458,206,437,21:54:48,1,1,256,3534,2,8801,141,73,1,2,0,3
ce,15733,UBAJARA,2313609,95,95,27963,27963,21778,23327,550,999,22:10:30,2,5,417,7179,8,13622,373,135,2,11,6,18
ce,15750,UMARI,2313708,26,26,6522,6522,5164,5372,44,164,20:15:38,0,1,85,1114,0,3891,53,19,0,0,0,1
ce,98558,UMIRIM,2313757,56,56,16067,16067,12618,13194,184,392,20:57:52,4,0,204,3337,2,8829,178,57,2,2,1,2
ce,15776,URUBURETAMA,2313807,65,65,18709,18709,14830,15595,266,499,21:01:16,1,1,261,4048,1,10246,187,74,0,3,0,8
ce,15792,URUOCA,2313906,41,41,11317,11317,8985,9416,124,307,21:00:25,0,0,151,2256,2,6441,96,36,0,1,0,2
ce,98574,VARJOTA,2313955,59,59,15992,15992,12706,13452,249,497,22:47:50,1,2,388,4355,1,7596,224,122,1,8,1,7
ce,15830,VIÇOSA DO CEARÁ,2314102,181,181,48288,48288,37150,39672,864,1658,21:04:52,2,7,640,9981,11,25776,492,221,0,5,0,15
ce,15814,VÁRZEA ALEGRE,2314003,116,116,32554,32554,25299,26667,415,953,20:49:58,5,2,444,5341,5,18931,383,173,0,7,0,8
df,97012,BRASÍLIA,5300108,6969,6969,2258320,2258320,1772808,1831396,25362,33226,20:12:07,716,334,45979,909616,828,675627,46714,85076,382,2297,324,4915
es,56014,AFONSO CLÁUDIO,3200102,83,83,26254,26254,18472,19358,343,543,20:45:45,6,5,514,10999,5,6192,307,380,3,15,0,46
es,56030,ALEGRE,3200201,93,93,23554,23554,17078,17940,293,569,18:32:09,3,3,360,8645,5,7395,315,304,0,17,2,29
es,56057,ALFREDO CHAVES,3200300,49,49,12984,12984,9603,10050,186,261,18:56:33,3,1,274,6510,0,2428,139,224,0,3,2,19
es,56065,ALTO RIO NOVO,3200359,24,24,6545,6545,4821,5055,96,138,18:20:29,0,1,174,2039,1,2489,74,35,0,1,0,7
es,56073,ANCHIETA,3200409,94,94,24797,24797,19472,20320,351,497,19:24:39,4,1,521,11105,5,7084,441,250,1,9,2,49
es,56090,APIACÁ,3200508,25,25,6320,6320,4686,4906,72,148,18:31:51,1,0,85,2315,0,2122,82,71,0,0,0,10
es,56111,ARACRUZ,3200607,240,240,75118,75118,55209,57900,1135,1556,19:29:52,28,11,1790,30223,15,20915,1258,791,3,26,8,141
es,56138,ATÍLIO VIVÁCQUA,3200706,30,30,9255,9255,7313,7559,100,146,19:20:55,5,1,132,4111,1,2859,85,110,1,0,0,8
es,56154,BAIXO GUANDU,3200805,90,90,24892,24892,18410,19243,336,497,19:02:26,8,6,450,10475,7,6841,368,192,3,11,2,47
es,56170,BARRA DE SÃO FRANCISCO,3200904,115,115,34548,34548,24626,25607,356,625,20:12:41,11,3,545,13193,4,10054,450,287,0,15,2,62
es,56197,BOA ESPERANÇA,3201001,39,39,11266,11266,8621,8994,113,260,18:21:09,0,0,201,4047,2,4123,101,128,0,4,2,13
es,56219,BOM JESUS DO NORTE,3201100,33,33,8487,8487,6388,6731,99,244,17:54:29,2,0,170,3286,0,2703,114,102,1,3,0,7
es,56146,BREJETUBA,3201159,37,37,10987,10987,7705,8056,120,231,19:13:46,7,2,184,4344,0,2919,137,92,1,9,0,10
es,56235,CACHOEIRO DE ITAPEMIRIM,3201209,480,480,134177,134177,105465,109971,2218,2288,19:23:31,46,9,2512,69303,30,28830,2259,2149,11,86,12,218
es,56251,CARIACICA,3201308,842,842,274339,274339,204448,213804,4511,4845,19:29:33,98,44,6632,106008,66,81394,5701,3755,19,229,39,463
es,56278,CASTELO,3201407,138,138,30033,30033,22879,23863,407,577,18:38:42,11,5,510,16359,4,5019,422,460,0,13,8,68
es,56294,COLATINA,3201506,319,319,87109,87109,68118,71035,1287,1630,19:13:46,25,13,2039,41676,6,20830,1681,1640,8,36,11,153
es,56316,CONCEIÇÃO DA BARRA,3201605,77,77,25964,25964,17533,18471,302,636,20:31:47,3,3,430,6160,1,10532,238,129,0,15,1,21
es,56332,CONCEIÇÃO DO CASTELO,3201704,38,38,9986,9986,7261,7743,187,295,19:04:12,1,2,177,4899,3,1857,141,151,0,7,0,23
es,56359,DIVINO DE SÃO LOURENÇO,3201803,16,16,4889,4889,3768,3960,60,132,18:33:55,2,0,54,2246,0,1358,41,59,0,3,1,4
es,56375,DOMINGOS MARTINS,3201902,97,97,29145,29145,22567,23671,510,594,19:24:39,6,2,583,15389,3,5442,484,588,2,12,3,53
es,56391,DORES DO RIO PRETO,3202009,25,25,6285,6285,4684,4953,75,194,17:33:44,1,1,119,2630,0,1771,76,76,3,3,1,3
es,56413,ECOPORANGA,3202108,73,73,19065,19065,13731,14249,192,326,19:23:21,4,1,319,5927,2,7063,166,209,0,6,0,34
es,56430,FUNDÃO,3202207,51,51,14736,14736,11025,11542,196,321,18:44:23,2,1,276,5417,1,4938,201,166,1,8,1,13
es,56308,GOVERNADOR LINDENBERG,3202256,31,31,9107,9107,6695,7005,114,196,18:44:23,1,0,228,3438,1,2763,130,123,0,2,1,8
es,56472,GUARAPARI,3202405,313,313,101964,101964,73959,77508,1526,2023,20:56:39,38,15,2155,44951,18,23362,1853,1304,5,69,12,177
es,56456,GUAÇUÍ,3202306,73,73,22346,22346,16038,16843,315,490,18:47:42,1,3,438,8905,3,6083,288,253,0,14,1,49
es,57096,IBATIBA,3202454,69,69,19598,19598,15002,15766,259,505,18:49:57,8,2,332,9995,1,4166,259,177,0,2,2,58
es,56499,IBIRAÇU,3202504,38,38,9933,9933,7247,7627,148,232,18:44:22,3,5,257,4043,3,2695,138,83,0,2,1,17
es,56502,IBITIRAMA,3202553,28,28,7471,7471,5857,6145,97,191,18:38:42,5,0,139,3733,1,1829,62,76,0,4,0,8
es,56510,ICONHA,3202603,42,42,11401,11401,8732,9176,184,260,18:15:02,6,3,277,5485,1,2638,149,156,0,3,1,13
es,56049,IRUPI,3202652,40,40,11392,11392,8219,8659,167,273,19:05:18,3,0,139,5719,2,2128,104,109,0,3,1,11
es,56537,ITAGUAÇU,3202702,40,40,11742,11742,8399,8774,154,221,18:25:55,4,1,211,4628,0,3242,135,157,0,7,0,14
es,56553,ITAPEMIRIM,3202801,130,130,36630,36630,28273,29271,390,608,19:22:08,8,3,556,18531,7,8314,471,325,1,10,1,46
es,56570,ITARANA,3202900,32,32,9584,9584,7008,7362,109,245,18:16:09,1,1,221,4502,0,1999,127,136,0,7,1,13
es,56596,IÚNA,3203007,77,77,21285,21285,15478,16206,291,437,18:44:42,15,1,387,10234,3,4361,227,216,0,6,2,26
es,57134,JAGUARÉ,3203056,80,80,24297,24297,18269,19037,355,413,19:23:31,11,0,391,7603,5,9787,263,182,2,11,0,14
es,56618,JERÔNIMO MONTEIRO,3203106,35,35,10071,10071,7447,7877,140,290,18:00:35,7,2,237,3838,0,3034,85,230,0,2,0,12
es,56626,JOÃO NEIVA,3203130,48,48,12793,12793,9582,10056,177,297,18:32:10,2,0,260,5474,1,3454,173,185,1,6,1,25
es,57916,LARANJA DA TERRA,3203163,32,32,9495,9495,7547,7904,134,223,19:00:39,0,0,167,4748,0,2372,92,145,1,5,1,16
es,56634,LINHARES,3203205,379,379,122598,122598,87971,93119,2221,2927,19:17:17,39,17,2215,52025,15,30016,1928,1493,4,67,6,146
es,56650,MANTENÓPOLIS,3203304,35,35,10402,10402,7410,7733,116,207,18:44:23,1,1,146,4072,3,2994,115,60,0,0,1,17
es,56120,MARATAÍZES,3203320,116,116,33342,33342,26350,27300,395,555,19:05:18,7,3,577,17081,2,7868,498,249,0,17,3,45
es,56103,MARECHAL FLORIANO,3203346,51,51,14378,14378,10818,11387,264,305,18:55:35,2,3,349,6720,2,3207,268,224,3,11,2,27
es,57070,MARILÂNDIA,3203353,38,38,10864,10864,8478,8906,169,259,18:33:55,0,0,208,5309,1,2666,153,127,0,3,2,9
es,56677,MIMOSO DO SUL,3203403,71,71,19748,19748,14756,15702,346,600,19:02:45,9,0,297,7119,3,6736,241,317,1,10,2,21
es,56693,MONTANHA,3203502,51,51,15424,15424,11112,11634,171,351,19:05:09,1,3,219,4965,1,5650,152,97,0,1,0,23
es,56715,MUCURICI,3203601,20,20,5141,5141,3867,4033,46,120,20:14:46,0,0,85,1450,2,2237,33,57,1,0,0,2
es,56731,MUNIZ FREIRE,3203700,58,58,14757,14757,10807,11402,242,353,18:42:05,4,0,298,5925,1,4172,169,201,2,7,1,27
es,56758,MUQUI,3203809,38,38,11078,11078,8486,8912,168,258,18:20:08,6,5,190,4377,3,3552,144,192,1,7,3,6
es,56774,NOVA VENÉCIA,3203908,155,155,41191,41191,30349,31567,551,667,18:38:42,11,1,853,15483,0,12907,520,488,1,12,4,69
es,56790,PANCAS,3204005,53,53,15876,15876,11123,11563,157,283,19:02:45,7,1,220,5953,1,4617,161,140,0,7,0,16
es,57150,PEDRO CANÁRIO,3204054,63,63,18937,18937,12897,13508,197,414,20:01:58,5,1,365,5187,1,7033,193,86,0,8,4,14
es,56812,PINHEIROS,3204104,72,72,18818,18818,14104,14638,201,333,19:20:54,4,1,404,5400,2,7910,196,147,1,11,3,25
es,56839,PIÚMA,3204203,69,69,17326,17326,13446,14061,223,392,17:54:29,5,2,363,7769,3,4820,299,155,1,12,2,15
es,56200,PONTO BELO,3204252,24,24,6490,6490,4776,4985,53,156,18:47:42,2,2,114,1791,0,2777,43,42,0,0,0,5
es,56855,PRESIDENTE KENNEDY,3204302,51,51,13256,13256,10041,10449,152,256,19:08:55,7,2,185,6428,1,3170,104,124,3,8,1,8
es,57118,RIO BANANAL,3204351,54,54,15535,15535,11444,11994,250,300,18:44:42,1,0,280,6438,1,4332,158,213,1,1,0,19
es,56871,RIO NOVO DO SUL,3204401,34,34,8808,8808,6965,7274,157,152,18:54:38,0,4,146,4864,2,1727,111,99,1,4,0,7
es,56898,SANTA LEOPOLDINA,3204500,40,40,10108,10108,7593,7992,173,226,19:22:08,3,1,235,3859,0,3146,165,172,0,3,1,8
es,57932,SANTA MARIA DE JETIBÁ,3204559,94,94,31314,31314,24483,25523,497,543,19:26:02,3,1,767,17156,4,5506,538,456,1,14,4,33
es,56910,SANTA TERESA,3204609,64,64,20737,20737,14629,15389,302,458,18:38:42,5,0,466,9197,7,4255,312,335,0,9,3,40
es,56995,SERRA,3205002,1093,1093,361737,361737,268840,281829,5585,7404,20:48:25,143,61,9305,132177,102,113186,8234,4498,37,301,41,755
es,56189,SOORETAMA,3205010,67,67,20980,20980,14592,15359,317,450,19:10:45,6,4,432,7438,0,6248,270,174,1,13,1,5
es,56006,SÃO DOMINGOS DO NORTE,3204658,30,30,8443,8443,6498,6738,87,153,18:30:35,1,0,167,3271,0,2860,84,102,0,3,0,10
es,56936,SÃO GABRIEL DA PALHA,3204708,88,88,26249,26249,19855,20668,360,453,18:41:08,6,0,596,11256,2,7347,345,248,0,11,3,41
es,56952,SÃO JOSÉ DO CALÇADO,3204807,37,37,9759,9759,7223,7649,124,302,18:30:16,2,1,128,3292,0,3568,83,143,1,2,0,3
es,56979,SÃO MATEUS,3204906,295,295,92268,92268,67110,70059,1214,1735,20:16:26,21,6,1609,30661,14,32351,1381,898,1,40,4,124
es,56162,SÃO ROQUE DO CANAÃ,3204955,33,33,9890,9890,7357,7809,197,255,18:27:07,2,1,159,4394,1,2523,126,133,0,2,1,15
es,57959,VARGEM ALTA,3205036,54,54,16002,16002,12328,12821,206,287,18:54:39,2,1,241,8436,1,3249,163,207,1,6,0,21
es,57975,VENDA NOVA DO IMIGRANTE,3205069,61,61,20198,20198,14743,15486,349,394,18:32:09,6,2,399,10649,2,3095,283,229,2,16,3,57
es,57010,VIANA,3205101,172,172,54374,54374,42055,43912,853,1004,19:16:32,11,5,1414,21924,15,16824,1003,740,3,39,3,74
es,56081,VILA PAVÃO,3205150,28,28,7761,7761,6340,6574,94,140,18:33:16,1,0,196,2975,0,2976,83,95,1,1,0,12
es,56227,VILA VALÉRIO,3205176,44,44,12919,12919,10138,10536,143,255,18:55:35,5,0,281,4812,2,4691,180,139,0,1,0,27
es,57037,VILA VELHA,3205200,1119,1119,347987,347987,270064,281119,4988,6067,19:31:51,148,64,8988,149819,127,95998,8260,5226,58,319,56,1001
es,57053,VITÓRIA,3205309,799,799,267102,267102,209276,216724,3317,4131,20:10:47,105,44,6426,103461,110,87021,6204,4389,51,316,35,1114
es,56022,ÁGUA DOCE DO NORTE,3200169,46,46,11111,11111,8169,8575,133,273,18:33:54,3,0,159,3834,0,3930,119,102,0,6,0,16
es,57991,ÁGUIA BRANCA,3200136,32,32,8898,8898,6950,7156,88,118,18:27:07,0,0,193,3094,0,3478,80,95,1,1,0,8
zz,29254,ABIDJÃ,,1,1,91,91,44,44,0,0,20:30:27,0,1,1,13,0,24,1,2,1,0,0,1
zz,29262,ABU DHABI,,5,5,2988,2988,1355,1396,13,28,17:21:14,3,2,56,659,3,512,64,26,2,0,1,27
zz,99198,ABUJA,,1,1,3,3,0,0,0,0,17:39:54,0,0,0,0,0,0,0,0,0,0,0,0
zz,29270,ACCRA,,1,1,43,43,13,13,0,0,20:29:14,0,0,2,2,0,8,0,1,0,0,0,0
zz,99325,ADIS ABEBA,,1,1,3,3,0,0,0,0,17:31:43,0,0,0,0,0,0,0,0,0,0,0,0
zz,30457,AMSTERDÃ,,17,17,12752,12752,6274,6450,93,83,17:21:13,17,4,156,1081,15,4624,164,81,5,31,4,92
zz,29289,AMÃ,,2,2,1489,1489,783,833,19,31,17:21:14,8,4,8,59,3,675,2,13,1,4,0,6
zz,29297,ANCARA,,1,1,77,77,37,37,0,0,20:29:14,0,0,2,7,0,24,1,1,0,0,0,2
zz,29300,ARGEL,,1,1,48,48,31,31,0,0,20:31:47,0,1,0,3,0,27,0,0,0,0,0,0
zz,29319,ARTIGAS,,1,1,611,611,367,385,8,10,17:51:32,4,3,11,227,0,104,4,11,0,2,0,1
zz,29327,ASSUNÇÃO,,4,4,2205,2205,1061,1151,59,31,17:31:43,3,3,17,740,0,250,23,10,1,2,1,11
zz,39241,ASTANA,,1,1,13,13,0,0,0,0,17:26:35,0,0,0,0,0,0,0,0,0,0,0,0
zz,29335,ATENAS,,2,2,1211,1211,494,508,8,6,17:21:11,6,0,21,230,0,196,6,10,1,13,1,10
zz,39080,ATLANTA,,22,22,16301,16301,4903,5022,57,62,19:20:54,5,3,101,3276,4,1221,101,122,1,10,7,52
zz,99171,BAGDÁ,,1,1,10,10,0,0,0,0,17:32:43,0,0,0,0,0,0,0,0,0,0,0,0
zz,39128,BAKU,,1,1,5,5,0,0,0,0,17:27:44,0,0,0,0,0,0,0,0,0,0,0,0
zz,99350,BAMAKO,,1,1,5,5,0,0,0,0,17:47:44,0,0,0,0,0,0,0,0,0,0,0,0
zz,29343,BANGKOK,,1,1,310,310,99,102,3,0,17:21:12,0,0,3,51,0,40,3,0,0,1,0,1
zz,29351,BARCELONA,,22,22,17254,17254,5043,5185,75,67,17:21:14,5,1,113,995,7,3692,105,52,1,26,4,42
zz,99473,BAREIN,,1,1,69,69,47,49,0,2,20:27:44,0,0,2,27,0,17,1,0,0,0,0,0
zz,29360,BEIRUTE,,13,13,8919,8919,3883,4097,91,123,17:21:12,31,19,49,1138,5,2538,13,49,7,10,5,19
zz,29378,BELGRADO,,1,1,115,115,48,48,0,0,17:21:13,0,0,2,13,0,30,2,1,0,0,0,0
zz,38881,BELMOPAN,,1,1,13,13,0,0,0,0,18:12:02,0,0,0,0,0,0,0,0,0,0,0,0
zz,29386,BERLIM,,20,20,15066,15066,8019,8204,68,117,17:21:12,11,13,170,925,26,6504,164,74,5,45,9,73
zz,29394,BISSAU,,1,1,88,88,37,37,0,0,20:30:08,0,0,2,17,0,17,1,0,0,0,0,0
zz,29408,BOGOTÁ,,2,2,1499,1499,527,556,23,6,20:19:37,1,0,12,252,0,245,5,8,1,0,1,2
zz,29416,BOSTON,,69,69,53358,53358,16092,16390,175,123,20:57:29,17,14,370,11228,4,3919,230,161,5,15,24,105
zz,39209,BRATISLAVA,,1,1,129,129,58,61,2,1,17:21:14,0,0,5,13,0,35,3,2,0,0,0,0
zz,39187,BRAZZAVILLE,,1,1,2,2,0,0,0,0,17:43:13,0,0,0,0,0,0,0,0,0,0,0,0
zz,29424,BRIDGETOWN,,1,1,22,22,0,0,0,0,18:10:51,0,0,0,0,0,0,0,0,0,0,0,0
zz,29432,BRUXELAS,,14,14,10073,10073,4975,5091,63,53,17:21:12,11,1,184,1959,8,2516,121,98,3,13,6,55
zz,29440,BUCARESTE,,1,1,130,130,62,62,0,0,17:21:12,0,0,6,22,0,31,1,1,0,0,1,0
zz,29459,BUDAPESTE,,2,2,810,810,464,471,5,2,17:21:13,2,1,15,93,0,331,12,3,0,0,0,7
zz,29467,BUENOS AIRES,,15,15,11748,11748,5309,5435,74,52,19:22:44,3,4,118,1449,9,3507,130,54,1,9,3,22
zz,29475,CAIENA,,5,5,3117,3117,1084,1152,42,26,18:44:42,4,2,38,518,3,484,16,12,0,4,1,2
zz,29483,CAIRO,,1,1,203,203,64,69,2,3,17:21:13,0,0,3,12,0,46,0,2,1,0,0,0
zz,29491,CAMBERRA,,10,10,6243,6243,2593,2705,50,62,17:21:12,3,5,100,805,3,1478,95,32,1,14,1,56
zz,30651,CANTÃO,,1,1,419,419,92,99,2,5,17:21:13,0,0,1,35,0,48,6,1,1,0,0,0
zz,29505,CARACAS,,3,3,994,994,262,264,2,0,20:21:48,1,0,1,125,0,128,2,3,0,1,0,1
zz,99384,CASTRIES,,1,1,7,7,0,0,0,0,18:10:51,0,0,0,0,0,0,0,0,0,0,0,0
zz,29513,CHICAGO,,18,18,12452,12452,2694,2779,42,43,20:35:27,6,0,92,953,0,1485,72,41,3,4,5,33
zz,29521,CHUY,,1,1,27,27,0,0,0,0,17:53:52,0,0,0,0,0,0,0,0,0,0,0,0
zz,29530,CIDADE DO CABO,,1,1,355,355,160,170,3,7,17:21:13,0,0,4,58,0,90,1,5,0,0,0,2
zz,29556,CIUDAD DEL ESTE,,7,7,5094,5094,2503,2586,57,26,19:20:54,2,1,21,2239,1,202,24,10,0,0,0,3
zz,29564,CIUDAD GUAYANA,,1,1,72,72,0,0,0,0,21:46:47,0,0,0,0,0,0,0,0,0,0,0,0
zz,99210,COBIJA,,1,1,1,1,0,0,0,0,17:54:46,0,0,0,0,0,0,0,0,0,0,0,0
zz,29572,COCHABAMBA,,1,1,412,412,185,187,0,2,18:38:26,2,0,3,119,0,57,3,0,0,0,1,0
zz,30929,COLOMBO,,1,1,12,12,0,0,0,0,17:25:59,0,0,0,0,0,0,0,0,0,0,0,0
zz,38903,CONACRI,,1,1,5,5,0,0,0,0,17:49:24,0,0,0,0,0,0,0,0,0,0,0,0
zz,29580,CONCEPCIÓN,,1,1,78,78,35,36,1,0,20:32:07,0,0,0,32,0,2,1,0,0,0,0,0
zz,29599,COPENHAGUE,,4,4,2856,2856,1476,1522,23,23,17:21:12,1,0,41,195,5,1166,28,18,2,5,0,15
zz,38920,COTONOU,,1,1,8,8,0,0,0,0,17:37:37,0,0,0,0,0,0,0,0,0,0,0,0
zz,29602,CÓRDOBA,,2,2,918,918,367,376,5,4,17:52:42,2,1,4,159,0,182,4,7,0,2,1,5
zz,29610,DACAR,,1,1,132,132,79,80,1,0,17:21:12,2,0,1,24,0,51,0,1,0,0,0,0
zz,29629,DACCA,,1,1,1,1,0,0,0,0,17:24:51,0,0,0,0,0,0,0,0,0,0,0,0
zz,29637,DAMASCO,,1,1,775,775,108,118,1,9,17:21:14,1,0,1,7,0,97,0,2,0,0,0,0
zz,38962,DAR ES SALAAM,,1,1,34,34,16,16,0,0,20:33:37,0,0,0,5,0,11,0,0,0,0,0,0
zz,29653,DOHA,,1,1,758,758,357,364,4,3,17:21:13,1,1,10,173,0,147,15,4,0,0,0,6
zz,29661,DUBLIN,,28,28,16720,16720,8299,8417,47,71,17:21:13,8,2,225,1559,11,6025,312,56,5,26,2,68
zz,29645,DÍLI,,1,1,89,89,46,47,1,0,20:33:30,0,0,2,27,0,16,0,0,0,0,0,1
zz,99503,EDIMBURGO,,6,6,4447,4447,677,694,8,9,17:21:14,1,1,12,139,0,488,21,9,1,3,1,1
zz,29670,ENCARNACIÓN,,1,1,281,281,141,149,6,2,17:36:23,0,0,0,122,1,14,2,1,0,0,0,1
zz,29688,ESTOCOLMO,,7,7,4866,4866,2540,2607,31,36,17:21:12,5,4,84,505,3,1770,70,41,1,6,3,48
zz,30961,FARO,,11,11,8271,8271,2670,2761,50,41,17:21:13,5,2,108,1305,4,1097,90,33,0,13,2,11
zz,29696,FRANKFURT,,21,21,12961,12961,5495,5619,64,60,17:21:12,14,5,174,1320,6,3657,109,88,6,28,9,79
zz,30669,GABORONE,,1,1,10,10,0,0,0,0,17:35:31,0,0,0,0,0,0,0,0,0,0,0,0
zz,29700,GENEBRA,,15,15,11883,11883,5063,5237,97,77,17:21:12,6,6,198,2226,1,2298,122,109,2,19,7,69
zz,29718,GEORGETOWN,,1,1,178,178,53,53,0,0,18:44:42,0,0,1,43,0,7,1,0,0,0,0,1
zz,98000,GUATEMALA,,1,1,284,284,118,120,0,2,20:59:40,0,1,10,67,0,33,6,1,0,0,0,0
zz,29742,HAMAMATSU,,18,18,13729,13729,6475,6918,271,172,17:20:29,71,28,287,4698,15,884,279,99,10,32,20,52
zz,29750,HANÓI,,1,1,82,82,29,32,1,2,20:31:47,0,0,0,14,0,13,1,0,1,0,0,0
zz,29769,HARARE,,1,1,7,7,0,0,0,0,17:36:52,0,0,0,0,0,0,0,0,0,0,0,0
zz,30902,HARTFORD,,12,12,9181,9181,1895,1951,29,27,19:29:34,3,3,29,1207,1,557,30,45,2,4,0,14
zz,29777,HAVANA,,1,1,92,92,38,40,1,1,22:07:28,0,1,0,1,0,36,0,0,0,0,0,0
zz,29785,HELSINQUE,,2,2,1278,1278,693,718,14,11,17:21:13,2,3,14,155,3,475,22,10,0,1,0,8
zz,29793,HONG KONG,,1,1,668,668,244,264,10,10,17:21:13,1,0,10,105,0,99,12,11,1,0,0,5
zz,29807,HOUSTON,,23,23,16438,16438,4321,4500,89,90,20:33:30,4,3,152,2586,1,1265,109,84,3,5,6,103
zz,29815,IAUNDÊ,,1,1,14,14,0,0,0,0,17:45:26,0,0,0,0,0,0,0,0,0,0,0,0
zz,38989,IEREVAN,,1,1,13,13,0,0,0,0,17:30:03,0,0,0,0,0,0,0,0,0,0,0,0
zz,29823,IQUITOS,,1,1,17,17,0,0,0,0,18:11:00,0,0,0,0,0,0,0,0,0,0,0,0
zz,29831,ISLAMABADE,,1,1,18,18,0,0,0,0,17:25:59,0,0,0,0,0,0,0,0,0,0,0,0
zz,39306,ISTAMBUL,,1,1,327,327,127,129,0,2,17:21:13,1,0,3,30,0,90,0,1,1,1,0,0
zz,29840,JACARTA,,1,1,172,172,31,31,0,0,17:21:12,0,0,2,19,1,8,1,0,0,0,0,0
zz,29173,KATMANDU,,1,1,32,32,13,13,0,0,20:30:08,0,0,1,11,0,1,0,0,0,0,0,0
zz,29858,KIEV,,1,1,65,65,23,23,0,0,20:34:26,0,0,0,19,0,4,0,0,0,0,0,0
zz,99430,KINGSTON-JAMAICA,,1,1,103,103,19,19,0,0,20:27:26,0,0,0,14,0,4,0,1,0,0,0,0
zz,29874,KINSHASA,,1,1,27,27,0,0,0,0,17:44:12,0,0,0,0,0,0,0,0,0,0,0,0
zz,29882,KUAITE,,1,1,138,138,73,77,1,3,17:21:14,0,0,5,12,0,54,0,2,0,0,0,0
zz,29890,KUALA LUMPUR,,1,1,170,170,82,83,0,1,17:21:12,0,0,3,27,0,44,7,0,0,0,0,1
zz,29904,LA PAZ,,1,1,418,418,224,251,16,11,18:44:23,0,3,2,106,0,98,6,7,0,1,0,1
zz,29912,LAGOS,,1,1,82,82,32,33,1,0,20:32:26,0,0,0,6,0,26,0,0,0,0,0,0
zz,29939,LIBREVILLE,,1,1,18,18,0,0,0,0,17:41:57,0,0,0,0,0,0,0,0,0,0,0,0
zz,99341,LILONGUE,,1,1,6,6,0,0,0,0,17:35:31,0,0,0,0,0,0,0,0,0,0,0,0
zz,29947,LIMA,,3,3,1616,1616,730,760,18,12,20:07:44,3,1,31,380,1,248,27,23,0,1,3,12
zz,29955,LISBOA,,103,103,78607,78607,27936,28643,387,320,17:21:13,35,16,896,10548,27,14948,838,349,10,92,18,159
zz,39160,LIUBLIANA,,1,1,162,162,98,103,2,3,17:21:13,0,0,1,25,1,61,2,6,0,0,0,2
zz,29963,LOMÉ,,1,1,7,7,0,0,0,0,17:48:34,0,0,0,0,0,0,0,0,0,0,0,0
zz,29971,LONDRES,,48,48,37448,37448,14472,14797,161,164,17:21:12,15,6,334,5227,13,8152,357,171,10,42,14,131
zz,29980,LOS ANGELES,,25,25,18262,18262,4492,4609,58,59,22:55:10,7,2,122,1994,2,2131,122,57,2,6,5,42
zz,29998,LUANDA,,1,1,716,716,264,270,2,4,17:21:14,0,0,3,101,0,147,6,4,0,0,0,3
zz,99287,LUSACA,,1,1,25,25,0,0,0,0,17:34:12,0,0,0,0,0,0,0,0,0,0,0,0
zz,30066,MADRI,,30,30,23464,23464,6554,6833,159,120,17:21:14,14,5,209,2343,4,3571,168,118,6,26,3,87
zz,39263,MALABO,,1,1,5,5,0,0,0,0,17:45:26,0,0,0,0,0,0,0,0,0,0,0,0
zz,30082,MANILA,,1,1,229,229,62,63,0,1,17:21:14,0,0,0,33,0,26,2,1,0,0,0,0
zz,30074,MANÁGUA,,1,1,134,134,69,75,2,4,20:52:48,0,0,0,35,0,33,0,0,0,0,1,0
zz,30090,MAPUTO,,1,1,557,557,214,228,2,12,17:21:14,0,0,5,113,0,89,1,1,0,0,0,5
zz,99511,MARSELHA,,4,4,2660,2660,868,875,4,3,17:21:14,1,0,13,104,3,715,19,1,0,5,1,6
zz,39102,MASCATE,,1,1,97,97,36,38,1,1,20:35:27,0,0,4,20,0,12,0,0,0,0,0,0
zz,39004,MENDOZA,,1,1,235,235,112,116,2,2,17:21:56,0,0,2,55,0,49,4,1,0,0,0,1
zz,30104,MEXICO,,6,6,3958,3958,1285,1315,10,20,20:57:07,2,3,40,589,1,585,22,25,0,4,3,11
zz,30112,MIAMI,,51,51,40053,40053,12017,12278,122,139,20:59:40,9,4,226,8914,2,2260,266,172,5,4,10,145
zz,30120,MILÃO,,37,37,24594,24594,7163,7455,157,135,17:21:12,21,14,235,2908,8,3593,171,117,3,32,10,51
zz,30147,MONTEVIDÉU,,4,4,2448,2448,1263,1343,47,33,18:11:00,7,0,38,465,2,686,24,19,0,8,2,12
zz,30155,MONTREAL,,15,15,10953,10953,5889,6101,104,108,20:30:08,14,5,195,1456,9,3823,190,84,6,27,4,76
zz,30163,MOSCOU,,1,1,252,252,81,85,0,4,21:27:27,0,0,0,25,0,49,0,2,3,0,0,2
zz,30171,MUMBAI,,1,1,55,55,11,11,0,0,21:34:08,1,0,1,1,0,5,3,0,0,0,0,0
zz,30180,MUNIQUE,,21,21,13374,13374,5288,5423,65,70,17:21:13,15,9,226,1287,9,3364,149,102,2,23,11,91
zz,30198,NAGÓIA,,58,58,44536,44536,15406,16317,528,383,17:21:14,90,50,696,11480,15,2022,521,258,14,67,38,155
zz,30201,NAIRÓBI,,1,1,112,112,46,47,1,0,17:21:14,0,0,1,17,0,26,1,1,0,0,0,0
zz,99180,NASSAU,,1,1,69,69,19,19,0,0,21:22:07,0,0,1,10,0,6,0,1,0,0,0,1
zz,39322,NICOSIA,,1,1,137,137,57,58,0,1,17:21:14,0,0,5,20,0,24,2,4,1,0,0,1
zz,30210,NOVA DELHI,,1,1,141,141,50,50,0,0,17:21:13,0,0,0,26,0,24,0,0,0,0,0,0
zz,30228,NOVA YORK,,53,53,38953,38953,9891,10134,132,111,21:10:27,5,7,197,4684,6,4570,150,163,7,11,10,81
zz,99490,ORLANDO,,34,34,26386,26386,8868,8994,60,66,20:10:48,5,3,177,6981,2,1332,228,71,0,4,5,60
zz,30244,OSLO,,3,3,2185,2185,884,909,9,16,17:21:14,1,3,34,198,0,592,18,17,0,3,1,17
zz,30252,OTTAWA,,4,4,2357,2357,1361,1434,30,43,19:29:34,3,1,54,395,0,794,48,26,6,7,0,27
zz,30260,PANAMA,,2,2,1399,1399,658,677,10,9,19:22:44,3,1,28,336,0,236,14,19,0,1,0,20
zz,30279,PARAMARIBO,,3,3,1430,1430,540,560,12,8,18:17:47,4,1,18,366,1,121,15,7,1,0,3,3
zz,30287,PARIS,,34,34,26957,26957,10341,10540,115,84,17:21:12,12,8,198,1654,10,8054,167,119,3,33,5,78
zz,30295,PASO LOS LIBRES,,1,1,41,41,5,5,0,0,21:19:06,0,0,0,3,0,2,0,0,0,0,0,0
zz,30309,PEDRO JUAN CABALLERO,,1,1,650,650,295,323,18,10,17:47:45,2,0,4,219,0,59,4,2,0,2,2,1
zz,30317,PEQUIM,,1,1,342,342,134,136,0,2,17:21:13,1,0,3,22,0,104,1,1,0,2,0,0
zz,30325,PORT OF SPAIN,,1,1,87,87,19,19,0,0,20:32:06,1,0,3,10,0,4,0,1,0,0,0,0
zz,30341,PORTO,,62,62,47496,47496,19728,20279,324,227,17:21:13,28,17,676,7559,22,10356,652,204,7,78,8,121
zz,30333,PORTO PRÍNCIPE,,1,1,33,33,5,5,0,0,21:19:56,0,0,0,0,0,5,0,0,0,0,0,0
zz,30350,PRAGA,,1,1,690,690,397,411,7,7,17:21:13,0,0,13,70,2,279,25,2,0,1,0,5
zz,30368,PRAIA,,1,1,146,146,70,74,3,1,17:21:13,0,0,7,20,0,39,2,2,0,0,0,0
zz,30376,PRETÓRIA,,1,1,657,657,259,265,3,3,17:21:14,1,0,6,172,0,62,5,9,0,2,0,2
zz,99155,PUERTO IGUAZÚ,,1,1,62,62,22,22,0,0,21:18:57,0,0,0,15,0,7,0,0,0,0,0,0
zz,99236,PUERTO QUIJARRO,,1,1,8,8,0,0,0,0,18:09:25,0,0,0,0,0,0,0,0,0,0,0,0
zz,99295,PYONGYANG,,1,1,1,1,0,0,0,0,17:21:56,0,0,0,0,0,0,0,0,0,0,0,0
zz,30392,QUITO,,2,2,993,993,328,343,6,9,20:51:30,1,0,9,171,0,130,6,5,1,0,2,3
zz,30406,RABAT,,1,1,117,117,42,47,3,2,17:21:12,2,0,1,6,0,30,0,3,0,0,0,0
zz,30414,RAMALLAH,,3,3,2135,2135,1157,1202,16,29,17:21:13,9,7,2,46,1,1078,6,2,1,1,2,2
zz,30422,RIADE,,1,1,311,311,83,84,0,1,17:21:12,0,0,0,22,0,52,6,1,0,0,0,2
zz,30430,RIO BRANCO,,1,1,58,58,21,23,2,0,21:38:28,0,0,0,9,0,7,2,3,0,0,0,0
zz,99244,RIVERA,,1,1,19,19,0,0,0,0,17:52:43,0,0,0,0,0,0,0,0,0,0,0,0
zz,30449,ROMA,,22,22,14153,14153,4432,4616,82,102,17:21:14,19,12,140,1478,5,2555,94,70,5,14,8,32
zz,99147,SAINT JOHNS,,1,1,1,1,0,0,0,0,18:10:51,0,0,0,0,0,0,0,0,0,0,0,0
zz,30465,SALTO DEL GUAIRÁ,,2,2,899,899,525,537,8,4,18:11:00,0,0,2,496,0,19,5,1,0,0,0,2
zz,30473,SANTA CRUZ DE LA SIERRA,,5,5,2765,2765,1428,1473,21,24,19:12:06,2,0,17,1162,1,194,28,16,2,1,2,3
zz,99279,SANTA ELENA DE UAIRÉN,,1,1,1,1,0,0,0,0,18:09:47,0,0,0,0,0,0,0,0,0,0,0,0
zz,30481,SANTIAGO,,5,5,3551,3551,1971,2069,44,54,18:10:51,1,2,68,809,1,928,67,43,0,6,3,43
zz,30988,SARAJEVO,,2,2,11,11,0,0,0,0,18:44:42,0,0,0,0,0,0,0,0,0,0,0,0
zz,30538,SEUL,,1,1,485,485,216,226,6,4,17:21:13,0,0,6,72,0,123,6,6,1,1,0,1
zz,29548,SINGAPURA,,2,2,864,864,348,364,8,8,17:21:13,1,0,21,92,0,190,22,6,2,2,0,12
zz,99333,ST GEORGES DE LOYAPOCK,,1,1,10,10,0,0,0,0,17:51:51,0,0,0,0,0,0,0,0,0,0,0,0
zz,30562,SYDNEY,,19,19,14031,14031,5536,5694,71,87,17:21:13,11,5,231,1774,11,3084,221,89,5,17,5,83
zz,30490,SÃO DOMINGOS,,1,1,415,415,188,197,2,7,18:38:42,0,1,3,106,1,65,4,3,0,2,0,3
zz,30503,SÃO FRANCISCO,,20,20,15492,15492,3782,3896,59,55,22:12:08,5,3,81,1323,5,2176,52,84,0,2,3,48
zz,30511,SÃO JOSÉ,,1,1,714,714,370,376,4,2,20:56:23,2,0,9,159,2,173,9,3,1,1,0,11
zz,30520,SÃO SALVADOR,,1,1,161,161,77,84,2,5,20:52:48,0,1,0,48,0,23,3,0,0,1,1,0
zz,39225,SÃO TOMÉ,,1,1,18,18,0,0,0,0,17:46:18,0,0,0,0,0,0,0,0,0,0,0,0
zz,30546,SÓFIA,,1,1,98,98,47,49,0,2,21:20:07,0,0,4,8,0,34,0,0,0,0,0,1
zz,30570,TAIPÉ,,1,1,622,622,218,231,6,7,17:21:14,4,1,6,107,2,77,14,2,0,1,0,4
zz,99317,TALIN,,1,1,320,320,190,197,3,4,17:20:29,1,0,9,19,0,142,8,5,0,3,0,3
zz,99104,TBILISI,,1,1,29,29,0,0,0,0,17:31:11,0,0,0,0,0,0,0,0,0,0,0,0
zz,30597,TEERÃ,,1,1,45,45,25,25,0,0,21:21:08,0,0,0,11,0,14,0,0,0,0,0,0
zz,30600,TEGUCIGALPA,,1,1,152,152,59,59,0,0,20:59:20,0,1,3,34,0,17,1,2,0,1,0,0
zz,30619,TEL AVIV,,5,5,3442,3442,704,730,14,12,17:21:13,3,0,25,523,0,92,27,24,0,1,2,7
zz,99139,TIRANA,,1,1,9,9,0,0,0,0,17:38:21,0,0,0,0,0,0,0,0,0,0,0,0
zz,30635,TORONTO,,28,28,20953,20953,8697,8999,129,173,21:11:26,7,9,205,3319,11,4670,248,94,2,27,9,96
zz,30686,TRÍPOLI,,1,1,30,30,2,2,0,0,21:51:47,0,0,0,0,0,2,0,0,0,0,0,0
zz,30708,TUNIS,,1,1,47,47,22,22,0,0,21:51:36,0,0,1,9,0,12,0,0,0,0,0,0
zz,30627,TÓQUIO,,43,43,30028,30028,12400,13392,642,350,17:20:30,146,58,518,8423,24,2328,397,238,9,65,33,161
zz,39284,UAGADUGU,,1,1,6,6,0,0,0,0,17:51:32,0,0,0,0,0,0,0,0,0,0,0,0
zz,39063,VANCOUVER,,16,16,12082,12082,5711,5912,93,108,22:16:17,3,5,181,1873,10,3221,192,77,5,35,3,106
zz,30740,VARSÓVIA,,1,1,748,748,282,291,2,7,17:21:12,1,1,7,65,1,183,12,4,0,2,0,6
zz,30767,VIENA,,5,5,3134,3134,1471,1522,26,25,17:21:14,4,3,53,311,2,979,37,38,1,10,5,28
zz,30783,WASHINGTON,,31,31,18146,18146,4706,4836,72,58,20:40:55,13,4,111,1858,4,2419,113,109,0,5,9,61
zz,30805,WELLINGTON,,5,5,3118,3118,332,339,4,3,17:21:13,0,0,6,64,1,234,13,5,0,2,0,7
zz,30821,WINDHOEK,,1,1,37,37,13,13,0,0,21:21:17,0,0,1,5,0,6,0,0,0,0,0,1
zz,30848,XANGAI,,1,1,739,739,181,197,3,13,17:20:30,0,0,7,41,1,116,9,3,0,0,0,4
zz,99376,YANGON,,1,1,6,6,0,0,0,0,17:21:56,0,0,0,0,0,0,0,0,0,0,0,0
zz,39020,ZAGREB,,1,1,136,136,48,52,1,3,17:20:29,0,0,1,17,0,29,0,0,0,0,0,1
zz,30864,ZURIQUE,,19,19,15099,15099,5790,6001,124,87,17:21:12,17,6,236,2299,7,2896,130,96,2,22,3,76
go,93360,ABADIA DE GOIÁS,5200050,53,53,15631,15631,11337,11753,117,299,19:20:56,1,1,132,5749,2,3480,121,1844,0,3,0,4
go,92010,ABADIÂNIA,5200100,38,38,12586,12586,9441,9830,114,275,19:17:20,2,1,97,5710,1,2319,92,1212,1,1,0,5
go,96458,ACREÚNA,5200134,48,48,15970,15970,12162,12583,117,304,19:07:01,1,2,95,7342,1,3772,100,835,1,4,0,9
go,96911,ADELÂNDIA,5200159,8,8,2963,2963,2291,2362,17,54,20:32:29,0,1,17,1422,0,523,8,318,0,0,0,2
go,92053,ALEXÂNIA,5200308,72,72,21974,21974,16699,17316,188,429,19:20:58,2,1,140,9942,2,4114,201,2281,1,6,0,9
go,92096,ALOÂNDIA,5200506,6,6,2168,2168,1658,1731,21,52,20:53:15,0,0,19,874,0,609,5,148,0,1,0,2
go,92940,ALTO HORIZONTE,5200555,19,19,6397,6397,4578,4694,45,71,20:34:29,0,0,48,2579,4,1433,43,467,0,1,0,3
go,92118,ALTO PARAÍSO DE GOIÁS,5200605,25,25,7682,7682,5466,5604,32,106,19:29:37,1,1,101,1853,4,2874,59,555,3,8,0,7
go,92150,ALVORADA DO NORTE,5200803,24,24,6780,6780,4956,5171,63,152,19:14:53,0,1,52,2164,0,2089,51,592,1,2,1,3
go,93386,AMARALINA,5200829,11,11,2969,2969,2126,2213,20,67,19:00:41,0,0,27,865,0,919,20,295,0,0,0,0
go,96610,AMERICANO DO BRASIL,5200852,17,17,5599,5599,4328,4485,37,120,19:24:42,2,0,61,2044,0,1554,43,621,0,1,1,1
go,92177,AMORINÓPOLIS,5200902,17,17,3862,3862,2954,3071,20,97,19:17:20,0,1,40,1595,0,982,13,321,0,0,2,0
go,92231,ANHANGÜERA,5201207,5,5,1738,1738,1054,1093,8,31,18:46:32,0,0,17,475,0,430,8,123,0,0,0,1
go,92258,ANICUNS,5201306,49,49,15170,15170,11714,12168,120,334,19:25:43,2,3,106,6256,3,3476,116,1745,0,2,0,5
go,92215,ANÁPOLIS,5201108,847,847,288292,288292,215471,224064,3074,5519,19:14:10,35,25,3370,135929,40,47059,3858,24777,15,167,25,171
go,92274,APARECIDA DE GOIÂNIA,5201405,930,930,341263,341263,258136,268635,3349,7150,21:13:50,45,36,4258,130460,62,81517,4264,37105,18,175,23,173
go,93009,APARECIDA DO RIO DOCE,5201454,11,11,3439,3439,2421,2516,13,82,18:26:03,0,0,37,1342,0,844,49,148,0,0,1,0
go,92290,APORÉ,5201504,13,13,3455,3455,2449,2558,28,81,18:22:11,0,0,35,1310,0,694,29,381,0,0,0,0
go,92339,ARAGARÇAS,5201702,49,49,13908,13908,10350,10669,107,212,18:56:35,2,1,177,5724,0,3648,200,582,0,9,1,6
go,92355,ARAGOIÂNIA,5201801,34,34,10215,10215,7769,8075,70,236,19:08:38,0,2,109,3803,0,2618,59,1172,0,3,1,2
go,96695,ARAGUAPAZ,5202155,24,24,6011,6011,4520,4651,22,109,19:22:13,0,0,19,2241,0,1642,25,589,0,1,0,3
go,92312,ARAÇU,5201603,15,15,4172,4172,3362,3496,24,110,19:07:45,0,1,37,1479,0,1298,43,504,0,0,0,0
go,96717,ARENÓPOLIS,5202353,14,14,3626,3626,2745,2817,24,48,19:12:43,0,2,33,1425,0,1019,14,250,0,1,0,1
go,92495,ARUANÃ,5202502,24,24,7391,7391,5025,5204,52,127,19:11:20,0,0,62,2378,0,1768,33,781,0,2,1,0
go,92517,AURILÂNDIA,5202601,10,10,3295,3295,2486,2566,18,62,20:11:53,1,0,12,1116,0,1090,19,246,0,1,1,0
go,92550,AVELINÓPOLIS,5202809,13,13,4465,4465,3368,3457,23,66,21:00:23,0,0,35,1958,0,906,23,444,1,1,0,0
go,92614,BALIZA,5203104,15,15,3329,3329,2418,2496,18,60,17:31:43,0,0,30,1059,0,1109,26,193,1,0,0,0
go,92630,BARRO ALTO,5203203,31,31,10023,10023,7337,7589,69,183,20:56:15,1,0,90,3744,1,2185,52,1263,0,0,1,0
go,92657,BELA VISTA DE GOIÁS,5203302,69,69,24222,24222,17872,18590,205,513,19:24:42,1,1,242,9205,2,5039,193,3167,0,4,3,15
go,92673,BOM JARDIM DE GOIÁS,5203401,24,24,7603,7603,5714,5882,31,137,18:50:16,2,0,69,2910,0,2264,42,424,0,1,0,2
go,92690,BOM JESUS,5203500,51,51,18138,18138,13011,13665,259,395,18:46:32,2,2,202,7383,2,4306,243,858,1,4,0,8
go,92029,BONFINÓPOLIS,5203559,23,23,7873,7873,6086,6343,48,209,19:29:56,0,1,74,2993,0,2049,75,891,0,1,0,2
go,93408,BONÓPOLIS,5203575,13,13,3730,3730,2642,2706,16,48,20:51:36,0,0,16,1135,0,1124,7,359,0,1,0,0
go,92711,BRAZABRANTES,5203609,12,12,3891,3891,2890,3001,27,84,19:20:58,2,1,26,1374,0,1018,32,431,1,1,0,4
go,92754,BRITÂNIA,5203807,19,19,5183,5183,3822,3943,37,84,20:42:30,0,1,52,2187,0,1118,34,424,1,2,0,3
go,92770,BURITI ALEGRE,5203906,29,29,8690,8690,5974,6208,81,153,18:23:54,1,1,73,3257,0,1969,68,596,1,2,3,3
go,93106,BURITI DE GOIÁS,5203939,10,10,3494,3494,2665,2739,13,61,19:07:02,1,1,18,1500,1,651,29,460,0,1,1,2
go,93262,BURITINÓPOLIS,5203962,12,12,3507,3507,2486,2604,12,106,20:15:30,0,0,60,1058,0,1113,29,223,1,1,0,1
go,92797,CABECEIRAS,5204003,25,25,7447,7447,5578,5818,63,177,18:55:48,1,1,54,2733,1,2192,45,543,2,4,0,2
go,92819,CACHOEIRA ALTA,5204102,27,27,7723,7723,5474,5737,88,175,17:44:13,1,1,96,2972,0,1798,65,535,0,2,1,3
go,92835,CACHOEIRA DE GOIÁS,5204201,6,6,2065,2065,1521,1581,9,51,20:11:53,0,0,6,778,0,525,9,202,0,0,0,1
go,96733,CACHOEIRA DOURADA,5204250,25,25,7232,7232,5321,5537,46,170,19:23:45,0,1,68,2635,1,2106,54,450,0,1,0,5
go,92878,CAIAPÔNIA,5204409,42,42,13208,13208,9784,10126,80,262,18:59:29,1,1,132,5595,2,3097,105,839,0,3,1,8
go,92894,CALDAS NOVAS,5204508,210,210,68138,68138,49445,51692,725,1522,20:23:47,5,5,855,29008,11,13530,833,5131,4,23,5,35
go,93122,CALDAZINHA,5204557,13,13,4292,4292,3183,3303,37,83,20:05:04,0,0,32,1494,2,957,35,659,0,0,1,3
go,92916,CAMPESTRE DE GOIÁS,5204607,13,13,4041,4041,2957,3063,24,82,19:04:14,0,0,30,1407,0,1079,44,397,0,0,0,0
go,96873,CAMPINAÇU,5204656,15,15,3775,3775,2673,2764,26,65,20:55:24,1,0,18,1303,0,1046,14,289,1,0,0,1
go,92932,CAMPINORTE,5204706,29,29,9168,9168,6900,7121,66,155,20:25:02,0,0,90,4071,1,1818,71,837,0,5,0,7
go,92959,CAMPO ALEGRE DE GOIÁS,5204805,20,20,5811,5811,4502,4651,40,109,19:10:37,0,1,83,2373,0,1628,42,370,0,1,0,4
go,93580,CAMPO LIMPO DE GOIÁS,5204854,20,20,6772,6772,5170,5346,43,133,18:28:22,0,0,35,2930,1,1305,40,852,0,2,0,5
go,92975,CAMPOS BELOS,5204904,47,47,14899,14899,10607,11061,91,363,20:55:02,1,2,104,3843,0,5081,89,1483,1,2,0,1
go,92061,CAMPOS VERDES,5204953,14,14,4498,4498,3081,3203,22,100,21:06:19,1,0,25,1043,0,1678,28,305,0,1,0,0
go,92991,CARMO DO RIO VERDE,5205000,21,21,7229,7229,5475,5678,65,138,21:00:43,0,1,45,3092,0,1801,58,471,0,3,0,4
go,92967,CASTELÂNDIA,5205059,17,17,3999,3999,2851,2911,14,46,18:21:10,0,1,22,1568,0,1141,16,100,0,3,0,0
go,93017,CATALÃO,5205109,216,216,75393,75393,56341,58685,892,1452,19:32:16,7,8,780,27883,13,20371,876,6307,6,36,5,49
go,93033,CATURAÍ,5205208,17,17,5460,5460,4037,4236,48,151,19:20:58,1,1,47,1819,0,1631,34,503,0,1,0,0
go,93050,CAVALCANTE,5205307,30,30,7953,7953,5411,5672,39,222,20:55:02,1,0,62,855,2,3865,16,597,1,6,0,6
go,92851,CAÇU,5204300,37,37,10792,10792,8000,8260,54,206,18:50:16,0,3,118,5222,1,2012,51,585,0,2,0,6
go,93076,CERES,5205406,57,57,16940,16940,13168,13581,149,264,20:32:29,5,2,185,7836,3,3561,139,1428,0,4,2,3
go,92100,CEZARINA,5205455,26,26,7360,7360,5735,5958,45,178,18:33:16,1,0,75,3033,0,1835,52,735,0,1,0,3
go,92924,CHAPADÃO DO CÉU,5205471,30,30,9497,9497,7158,7327,47,122,18:59:08,1,0,90,4928,0,1722,79,334,0,1,0,3
go,93025,CIDADE OCIDENTAL,5205497,144,144,49714,49714,37820,39055,489,746,20:10:31,6,3,515,17750,3,14490,689,4312,0,30,2,20
go,92886,COCALZINHO DE GOIÁS,5205513,50,50,17515,17515,12822,13396,200,374,19:29:38,1,4,139,6745,0,4127,170,1623,1,6,0,6
go,92126,COLINAS DO SUL,5205521,13,13,3848,3848,2713,2806,12,81,20:45:49,0,0,31,785,1,1453,14,428,0,0,0,1
go,93190,CORUMBAÍBA,5205901,23,23,7145,7145,5247,5463,50,166,20:58:32,1,2,91,2938,1,1613,37,560,0,1,0,3
go,93173,CORUMBÁ DE GOIÁS,5205802,31,31,7930,7930,5856,6096,72,168,18:56:35,0,1,85,3006,0,1886,62,812,1,1,0,2
go,93254,CRISTALINA,5206206,115,115,38974,38974,28934,30063,419,710,20:58:11,1,9,378,18635,2,7374,326,2187,1,9,1,11
go,93270,CRISTIANÓPOLIS,5206305,12,12,4023,4023,2983,3064,12,69,19:01:11,0,0,17,1750,0,660,23,533,0,0,0,0
go,93297,CRIXÁS,5206404,42,42,13017,13017,9007,9329,63,259,21:50:30,0,0,63,3808,1,3783,56,1288,0,2,0,6
go,93319,CROMÍNIA,5206503,15,15,3970,3970,3187,3291,28,76,20:10:32,0,0,51,1703,2,991,26,411,0,1,0,2
go,93335,CUMARI,5206602,12,12,2613,2613,1926,2000,21,53,18:48:44,0,0,29,766,0,953,18,156,0,1,1,2
go,93157,CÓRREGO DO OURO,5205703,9,9,3112,3112,2450,2512,8,54,19:22:35,0,0,23,1582,0,503,14,326,0,1,1,0
go,93351,DAMIANÓPOLIS,5206701,13,13,4024,4024,2916,3040,30,94,19:16:14,0,0,34,1482,0,1041,28,330,0,0,0,1
go,93378,DAMOLÂNDIA,5206800,12,12,3634,3634,2826,2949,29,94,19:20:57,0,1,26,1301,0,830,27,641,0,0,0,0
go,93394,DAVINÓPOLIS,5206909,12,12,4145,4145,2880,2949,20,49,19:11:46,0,1,38,1263,0,1243,23,309,1,0,0,2
go,93432,DIORAMA,5207105,8,8,2503,2503,1924,1972,19,29,20:10:32,0,0,12,1083,1,560,8,259,0,0,0,1
go,93092,DIVINÓPOLIS DE GOIÁS,5208301,16,16,5110,5110,3559,3748,26,163,20:56:52,0,1,15,1217,0,1821,11,491,1,0,0,2
go,96750,DOVERLÂNDIA,5207253,20,20,5670,5670,4426,4547,15,106,20:04:52,1,1,35,2381,0,1359,33,616,0,0,0,0
go,92207,EDEALINA,5207352,13,13,4159,4159,3092,3186,23,71,20:11:34,0,1,35,1907,0,807,42,297,0,2,0,1
go,93491,EDÉIA,5207402,32,32,9541,9541,7127,7424,74,223,20:04:52,1,0,122,4251,2,2001,88,655,0,2,1,4
go,93513,ESTRELA DO NORTE,5207501,12,12,3214,3214,2393,2485,17,75,19:20:58,0,0,21,1099,0,858,19,394,1,1,0,0
go,92223,FAINA,5207535,21,21,6624,6624,4809,4940,41,90,18:47:47,0,1,40,2045,0,2093,31,594,0,3,1,1
go,93530,FAZENDA NOVA,5207600,22,22,5536,5536,4287,4450,37,126,18:47:46,1,0,30,2259,0,1413,31,550,0,1,0,2
go,93572,FIRMINÓPOLIS,5207808,30,30,8767,8767,6873,7097,65,159,18:09:47,1,0,55,4235,3,1644,55,872,1,3,0,4
go,93599,FLORES DE GOIÁS,5207907,28,28,8526,8526,6018,6258,32,208,22:25:10,0,1,39,2340,0,2674,23,941,0,0,0,0
go,93610,FORMOSA,5208004,243,243,77711,77711,58674,60920,734,1512,20:59:23,11,4,766,30623,10,18724,770,7703,3,25,2,33
go,93637,FORMOSO,5208103,17,17,4706,4706,3379,3481,20,82,21:15:22,0,0,37,1579,1,1433,22,306,1,0,0,0
go,93564,GAMELEIRA DE GOIÁS,5208152,13,13,3713,3713,2910,3007,35,62,19:16:14,1,0,45,1528,1,905,31,394,0,3,1,1
go,93696,GOIANDIRA,5208509,14,14,4561,4561,3627,3750,36,87,18:44:45,1,1,72,1546,0,1583,65,352,1,1,0,5
go,93750,GOIANIRA,5208806,137,137,47570,47570,34369,35824,475,980,20:11:34,9,3,476,16866,7,11622,485,4851,3,26,2,19
go,93670,GOIANÁPOLIS,5208400,42,42,10753,10753,8349,8631,84,198,19:04:14,1,1,68,5491,0,1790,63,930,0,2,1,2
go,93718,GOIANÉSIA,5208608,172,172,59437,59437,44063,45856,663,1130,20:56:16,7,9,684,24267,3,12943,611,5488,1,15,2,33
go,93793,GOIATUBA,5209101,98,98,27861,27861,21192,22201,298,711,19:03:12,4,3,303,13135,3,5065,285,2370,2,3,3,16
go,93777,GOIÁS,5208905,63,63,19216,19216,13869,14381,119,393,19:07:02,0,4,145,5630,5,6377,117,1572,1,10,1,7
go,93734,GOIÂNIA,5208707,3043,3043,1019261,1019261,791095,816529,7528,17906,21:13:32,146,110,12391,432608,208,223219,13738,106965,90,678,102,840
go,92266,GOUVELÂNDIA,5209150,13,13,4011,4011,2946,3073,29,98,20:21:08,0,0,34,1339,0,1317,37,217,0,1,0,1
go,93815,GUAPÓ,5209200,49,49,14861,14861,10914,11398,118,366,18:22:50,2,0,123,4939,2,3828,129,1883,0,2,1,5
go,93831,GUARANI DE GOIÁS,5209408,17,17,4796,4796,3807,3975,15,153,19:23:45,1,1,17,1014,0,1530,14,1228,0,2,0,0
go,93149,GUARAÍTA,5209291,9,9,2781,2781,2205,2296,27,64,19:16:15,1,0,21,1091,0,827,9,256,0,0,0,0
go,92860,GUARINOS,5209457,10,10,3062,3062,2080,2146,16,50,20:28:11,0,0,13,806,0,974,11,276,0,0,0,0
go,93874,HEITORAÍ,5209606,13,13,4192,4192,3176,3286,28,82,19:11:46,0,0,21,1650,0,1162,10,331,0,1,0,1
go,93912,HIDROLINA,5209804,13,13,3869,3869,2985,3078,33,60,20:52:51,0,0,24,1420,0,1307,10,222,0,2,0,0
go,93890,HIDROLÂNDIA,5209705,67,67,23574,23574,17516,18181,180,485,20:56:52,4,2,177,7760,3,4838,196,4521,4,9,0,2
go,93939,IACIARA,5209903,28,28,8526,8526,6344,6593,40,209,20:14:30,1,0,26,2363,0,2553,49,1340,0,3,3,6
go,93165,INACIOLÂNDIA,5209937,14,14,4809,4809,3595,3767,43,129,20:14:15,1,0,44,1564,0,1574,45,366,0,1,0,0
go,96814,INDIARA,5209952,40,40,12731,12731,9523,9889,105,261,21:11:00,1,2,140,4977,2,3387,148,858,0,5,0,3
go,93955,INHUMAS,5210000,128,128,40854,40854,30644,32068,407,1017,19:04:46,4,4,466,15356,4,9392,406,4969,5,11,4,23
go,93971,IPAMERI,5210109,69,69,20506,20506,15004,15655,216,435,18:50:16,1,3,245,7897,3,5004,193,1642,1,7,2,6
go,93548,IPIRANGA DE GOIÁS,5210158,10,10,3148,3148,2423,2501,20,58,20:48:59,0,1,13,1389,0,790,12,217,0,0,0,1
go,93998,IPORÁ,5210208,105,105,26609,26609,19787,20449,195,467,20:25:37,3,1,276,11368,2,5561,245,2302,1,9,1,18
go,94013,ISRAELÂNDIA,5210307,12,12,2989,2989,2180,2269,22,67,19:01:40,0,0,23,1054,0,781,17,305,0,0,0,0
go,94030,ITABERAÍ,5210406,99,99,33230,33230,24447,25401,350,604,20:10:31,3,0,307,12900,1,8077,265,2879,0,7,2,6
go,92282,ITAGUARI,5210562,16,16,5166,5166,4095,4218,28,95,20:56:34,1,0,20,1868,0,1494,20,691,0,1,0,0
go,94072,ITAGUARU,5210604,19,19,5268,5268,4252,4402,39,111,20:07:48,0,0,29,1956,1,1816,13,437,0,0,0,0
go,94110,ITAJÁ,5210802,16,16,3668,3668,2790,2870,17,63,18:17:33,0,0,32,1610,0,717,19,410,0,1,0,1
go,94137,ITAPACI,5210901,48,48,15697,15697,11395,11803,119,289,19:10:38,0,0,125,5854,2,4226,98,1084,0,1,0,5
go,94153,ITAPIRAPUÃ,5211008,23,23,6866,6866,5089,5237,29,119,20:56:15,0,0,28,2409,0,1974,24,649,0,3,0,2
go,94196,ITAPURANGA,5211206,76,76,21491,21491,17051,17637,186,400,19:23:24,1,3,155,8670,0,5904,150,2154,1,4,1,8
go,94218,ITARUMÃ,5211305,17,17,4683,4683,3396,3529,30,103,18:48:44,1,0,69,1875,0,1148,22,271,0,0,2,8
go,94234,ITAUÇU,5211404,31,31,7690,7690,6113,6335,63,159,18:23:54,0,1,77,3175,0,2066,41,740,0,8,1,4
go,94250,ITUMBIARA,5211503,219,219,74876,74876,54976,57334,815,1543,19:20:57,3,7,915,31755,6,15732,886,5584,1,26,6,55
go,94277,IVOLÂNDIA,5211602,10,10,3148,3148,2277,2345,9,59,20:11:53,1,0,21,1054,0,825,16,358,0,0,0,2
go,94293,JANDAIA,5211701,21,21,5992,5992,4726,4880,37,117,19:29:37,0,1,49,2723,0,1464,47,436,0,2,0,4
go,94315,JARAGUÁ,5211800,100,100,33457,33457,25426,26202,289,487,19:28:54,3,3,187,15948,2,5084,279,3909,1,0,1,9
go,94331,JATAÍ,5211909,256,256,73593,73593,54913,56961,742,1306,18:57:36,7,9,786,34317,10,14385,870,4439,4,35,4,47
go,94358,JAUPACI,5212006,13,13,3160,3160,2325,2402,12,65,19:32:16,0,0,26,1068,0,862,29,336,0,2,1,1
go,92983,JESÚPOLIS,5212055,8,8,2726,2726,1978,2033,7,48,20:13:51,0,0,16,1067,0,539,11,345,0,0,0,0
go,94374,JOVIÂNIA,5212105,22,22,5772,5772,4522,4724,50,152,19:01:40,3,0,72,2583,0,1455,40,360,3,1,1,4
go,94390,JUSSARA,5212204,52,52,14816,14816,11117,11544,102,325,20:58:11,4,1,101,6348,0,3223,97,1335,0,4,0,4
go,93602,LAGOA SANTA,5212253,6,6,1783,1783,1249,1288,10,29,18:27:08,0,0,15,673,0,408,12,141,0,0,0,0
go,94439,LEOPOLDO DE BULHÕES,5212303,25,25,7348,7348,5523,5776,75,178,20:10:31,0,1,73,2890,2,1802,37,712,0,4,0,2
go,94455,LUZIÂNIA,5212501,397,397,136763,136763,102630,106954,1628,2696,21:13:13,17,12,1077,52703,23,32036,1349,15300,5,41,5,62
go,94471,MAIRIPOTABA,5212600,11,11,3493,3493,2662,2739,19,58,19:30:20,0,1,32,1387,1,743,16,481,0,0,0,1
go,94498,MAMBAÍ,5212709,20,20,6519,6519,4962,5112,33,117,20:05:04,0,0,31,3054,0,1546,21,308,0,0,1,1
go,94510,MARA ROSA,5212808,30,30,9165,9165,6696,6931,56,179,19:25:42,0,0,53,3267,1,2320,52,998,1,2,0,2
go,94536,MARZAGÃO,5212907,9,9,3001,3001,2167,2245,17,61,20:14:30,0,0,29,1079,0,728,32,298,0,1,0,0
go,92320,MATRINCHÃ,5212956,13,13,3955,3955,2908,3026,14,104,20:12:43,0,0,21,1322,2,1018,11,534,0,0,0,0
go,94579,MAURILÂNDIA,5213004,26,26,7553,7553,5750,5972,66,156,19:20:57,1,1,61,2678,0,2527,62,417,0,1,0,2
go,92347,MIMOSO DE GOIÁS,5213053,11,11,3345,3345,2581,2686,19,86,19:30:39,0,0,17,1167,1,943,20,430,0,0,1,2
go,96474,MINAÇU,5213087,79,79,22408,22408,16026,16554,177,351,19:20:58,1,2,176,8307,3,5796,149,1572,1,7,0,12
go,94595,MINEIROS,5213103,141,141,51739,51739,37888,39413,485,1040,20:10:31,5,6,727,22904,7,10358,544,3283,0,21,5,28
go,94650,MOIPORÁ,5213400,9,9,2507,2507,1822,1865,8,35,20:13:03,0,0,26,950,0,541,14,290,0,0,1,0
go,94676,MONTE ALEGRE DE GOIÁS,5213509,22,22,5622,5622,3954,4118,20,144,20:24:01,0,2,33,1002,1,2178,17,720,0,0,1,0
go,94714,MONTES CLAROS DE GOIÁS,5213707,24,24,7109,7109,5369,5522,44,109,19:29:38,1,1,53,3027,0,1693,29,560,0,2,0,3
go,92363,MONTIVIDIU,5213756,31,31,9826,9826,7559,7810,90,161,19:23:24,0,0,100,5303,0,1787,73,291,0,0,0,5
go,93181,MONTIVIDIU DO NORTE,5213772,13,13,3716,3716,2727,2786,4,55,21:31:08,1,1,26,1334,0,1055,33,277,0,0,0,0
go,94730,MORRINHOS,5213806,126,126,37180,37180,27892,28972,377,703,21:06:35,4,4,328,15720,6,7784,369,3635,3,12,2,25
go,92169,MORRO AGUDO DE GOIÁS,5213855,10,10,3067,3067,2453,2526,15,58,19:30:39,1,0,19,1326,0,701,11,394,0,0,0,1
go,94757,MOSSÂMEDES,5213905,13,13,4636,4636,3478,3597,32,87,20:52:04,1,0,43,1370,1,1561,20,477,0,3,0,2
go,94773,MOZARLÂNDIA,5214002,42,42,12318,12318,8569,8869,84,216,22:35:51,0,0,85,4454,0,2768,63,1190,2,2,0,5
go,96512,MUNDO NOVO,5214051,21,21,5366,5366,3854,3985,23,108,19:30:38,2,0,31,2041,0,1418,39,322,0,0,1,0
go,94790,MUTUNÓPOLIS,5214101,14,14,3622,3622,2822,2896,16,58,20:14:30,0,0,13,1393,0,825,16,574,0,0,0,1
go,94854,NAZÁRIO,5214408,24,24,7694,7694,5848,6034,40,146,18:44:47,0,0,48,3359,0,1744,39,653,1,3,0,1
go,94870,NERÓPOLIS,5214507,74,74,25856,25856,18587,19344,222,535,19:09:46,0,1,290,9804,2,5675,230,2575,0,3,2,5
go,94897,NIQUELÂNDIA,5214606,98,98,28256,28256,19997,20780,174,609,20:11:13,4,4,183,9529,2,6557,143,3563,1,2,2,7
go,94919,NOVA AMÉRICA,5214705,10,10,2769,2769,2204,2298,21,73,19:13:49,0,0,17,1033,0,627,17,507,0,0,0,3
go,94935,NOVA AURORA,5214804,10,10,2328,2328,1809,1900,34,57,19:04:46,1,0,16,816,0,751,16,201,0,2,0,6
go,96539,NOVA CRIXÁS,5214838,31,31,9335,9335,6936,7150,43,171,19:22:35,2,0,87,3346,0,2727,33,735,0,2,1,3
go,96555,NOVA GLÓRIA,5214861,25,25,6881,6881,5300,5510,76,134,21:13:13,1,1,30,2672,1,1891,41,660,0,0,0,3
go,93084,NOVA IGUAÇU DE GOIÁS,5214879,8,8,2680,2680,2042,2100,14,44,19:20:58,0,0,20,1036,0,724,29,232,0,1,0,0
go,94951,NOVA ROMA,5214903,11,11,3006,3006,2117,2208,12,79,19:11:47,0,0,9,585,0,979,13,530,1,0,0,0
go,94978,NOVA VENEZA,5215009,23,23,8553,8553,6394,6611,61,156,20:13:03,1,1,72,3206,0,2106,75,925,0,3,0,5
go,95010,NOVO BRASIL,5215207,15,15,3599,3599,2747,2844,33,64,18:46:32,0,1,30,1447,0,951,24,294,0,0,0,0
go,93327,NOVO GAMA,5215231,184,184,58615,58615,44667,46570,796,1107,20:18:47,7,4,622,21705,7,16994,790,4496,0,30,0,12
go,92444,NOVO PLANALTO,5215256,13,13,4131,4131,3050,3147,26,71,19:14:53,0,0,27,1547,1,1125,19,330,0,1,0,0
go,95036,ORIZONA,5215306,43,43,12089,12089,9333,9720,116,271,19:25:43,1,0,113,5123,0,2357,87,1647,0,2,0,3
go,95052,OURO VERDE DE GOIÁS,5215405,15,15,3766,3766,2962,3086,27,97,19:08:39,1,0,36,1605,0,766,22,532,0,0,0,0
go,95079,OUVIDOR,5215504,28,28,10501,10501,7771,8142,122,249,19:20:56,0,0,134,3828,1,2890,122,782,1,5,0,8
go,95095,PADRE BERNARDO,5215603,68,68,20391,20391,15082,15761,182,497,21:30:00,0,5,174,7779,1,5003,159,1937,2,9,2,11
go,92460,PALESTINA DE GOIÁS,5215652,12,12,3576,3576,2661,2742,16,65,19:28:55,0,1,13,1543,1,791,20,289,0,0,0,3
go,95117,PALMEIRAS DE GOIÁS,5215702,73,73,23454,23454,17529,18144,181,434,19:22:13,2,3,300,10656,1,4912,146,1492,1,9,0,7
go,95133,PALMELO,5215801,8,8,2406,2406,1762,1837,16,59,18:55:37,2,1,44,902,0,576,21,215,0,0,0,1
go,95150,PALMINÓPOLIS,5215900,13,13,4428,4428,3393,3477,22,62,17:57:27,0,0,48,2068,0,813,19,441,0,1,0,3
go,95176,PANAMÁ,5216007,14,14,3038,3038,2270,2367,31,66,18:24:58,0,0,21,1108,0,793,12,332,1,0,0,3
go,94552,PARANAIGUARA,5216304,25,25,7170,7170,5317,5566,72,177,18:27:08,0,0,57,2422,1,2196,46,588,0,1,1,5
go,95230,PARAÚNA,5216403,31,31,9273,9273,6854,7140,52,234,19:29:38,0,1,89,4290,2,1848,87,528,0,5,0,4
go,93068,PEROLÂNDIA,5216452,9,9,3152,3152,2278,2352,18,56,19:23:24,0,0,23,1258,0,686,17,293,0,1,0,0
go,95311,PETROLINA DE GOIÁS,5216809,29,29,7530,7530,5852,6127,81,194,19:15:10,2,0,61,3414,1,1604,40,725,0,3,1,1
go,95354,PILAR DE GOIÁS,5216908,14,14,3938,3938,2670,2761,32,59,19:25:21,0,0,11,1229,1,1097,18,313,0,0,0,1
go,95397,PIRACANJUBA,5217104,63,63,18846,18846,13789,14331,168,374,19:24:42,6,3,130,7002,6,4435,126,2064,1,8,0,8
go,95419,PIRANHAS,5217203,32,32,9094,9094,6945,7206,43,218,19:13:49,0,2,57,3853,0,2115,56,857,1,2,0,2
go,95435,PIRENÓPOLIS,5217302,76,76,20745,20745,15619,16355,267,469,20:07:49,1,2,281,8072,2,5246,178,1815,1,4,2,15
go,95451,PIRES DO RIO,5217401,72,72,22071,22071,16043,16866,282,541,18:38:45,2,2,219,9848,0,4155,176,1613,1,10,4,13
go,95958,PLANALTINA,5217609,206,206,66587,66587,48865,50984,831,1288,20:52:04,2,6,722,22566,9,19605,817,5068,2,26,5,37
go,95494,PONTALINA,5217708,53,53,14364,14364,11093,11555,130,332,18:27:08,1,2,116,6199,1,3283,110,1370,1,4,0,6
go,95559,PORANGATU,5218003,109,109,30959,30959,22946,23783,264,573,19:02:48,4,1,271,12662,5,7786,240,1951,0,8,0,18
go,93424,PORTEIRÃO,5218052,11,11,3963,3963,2779,2845,16,50,19:04:32,0,1,20,1474,0,992,36,254,0,0,0,2
go,95575,PORTELÂNDIA,5218102,11,11,3416,3416,2541,2650,30,79,19:23:45,0,0,24,1451,0,838,16,210,0,0,0,2
go,95613,POSSE,5218300,86,86,25339,25339,19415,20138,214,509,19:20:59,3,4,178,9593,3,7175,169,2279,1,2,2,6
go,93041,PROFESSOR JAMIL,5218391,11,11,3597,3597,2740,2825,16,69,18:44:46,0,0,35,1199,0,1075,14,416,0,1,0,0
go,95630,QUIRINÓPOLIS,5218508,106,106,35296,35296,26197,27307,382,728,18:35:06,1,4,491,14886,3,8125,359,2304,1,10,1,12
go,95656,RIALMA,5218607,32,32,9232,9232,7188,7418,83,147,18:54:39,0,1,77,4437,1,1921,87,662,0,1,0,1
go,95672,RIANÁPOLIS,5218706,13,13,3946,3946,2999,3135,38,98,20:52:03,0,0,33,1738,0,808,26,393,0,1,0,0
go,92827,RIO QUENTE,5218789,14,14,4413,4413,3282,3415,31,102,20:33:33,1,0,38,1779,2,902,38,517,1,1,0,3
go,95710,RIO VERDE,5218805,471,471,153307,153307,117044,121346,1729,2573,20:11:13,18,15,2646,74548,21,31329,2066,6222,3,45,6,125
go,95737,RUBIATABA,5218904,52,52,15629,15629,11576,12024,135,313,19:23:45,0,1,97,6987,1,2690,100,1691,1,1,0,7
go,95753,SANCLERLÂNDIA,5219001,24,24,7135,7135,5609,5803,50,144,18:30:36,2,0,72,3053,0,1872,42,565,0,2,0,1
go,95770,SANTA BÁRBARA DE GOIÁS,5219100,18,18,5600,5600,4415,4542,48,79,18:18:42,0,0,69,2300,0,1368,42,634,0,0,2,0
go,95796,SANTA CRUZ DE GOIÁS,5219209,11,11,3504,3504,2640,2753,28,85,18:39:55,1,0,37,1430,0,820,17,332,0,1,1,1
go,92568,SANTA FÉ DE GOIÁS,5219258,16,16,4208,4208,3066,3150,16,68,19:25:42,0,1,20,1543,0,1005,39,454,0,1,1,2
go,95818,SANTA HELENA DE GOIÁS,5219308,95,95,30181,30181,22887,23953,373,693,19:16:15,3,3,308,12658,2,7501,356,2028,1,7,0,20
go,96890,SANTA ISABEL,5219357,14,14,3820,3820,2878,2974,19,77,20:32:29,0,0,24,1576,0,978,23,275,0,0,0,2
go,95834,SANTA RITA DO ARAGUAIA,5219407,15,15,4460,4460,3190,3305,32,83,18:37:16,1,0,31,1669,1,1132,51,301,1,0,0,3
go,93440,SANTA RITA DO NOVO DESTINO,5219456,10,10,3048,3048,2313,2383,18,52,19:10:59,0,0,16,1069,0,873,11,343,0,0,0,1
go,95850,SANTA ROSA DE GOIÁS,5219506,12,12,3527,3527,2809,2913,26,78,19:02:49,0,0,30,1395,1,936,18,428,0,0,0,1
go,95877,SANTA TEREZA DE GOIÁS,5219605,13,13,3838,3838,2643,2745,27,75,19:04:14,0,1,18,1320,0,1097,15,192,0,0,0,0
go,95893,SANTA TEREZINHA DE GOIÁS,5219704,32,32,8524,8524,6041,6260,44,175,21:04:21,1,0,59,2672,0,2639,37,628,0,0,1,4
go,93203,SANTO ANTÔNIO DA BARRA,5219712,15,15,4303,4303,3203,3370,50,117,18:33:56,1,1,49,1632,0,1239,29,246,0,1,0,5
go,92908,SANTO ANTÔNIO DE GOIÁS,5219738,23,23,7976,7976,6069,6260,44,147,19:01:40,1,0,75,3167,0,2035,70,715,0,3,0,3
go,96776,SANTO ANTÔNIO DO DESCOBERTO,5219753,142,142,46706,46706,34823,36393,615,955,19:29:38,9,2,625,17257,6,12739,632,3513,2,16,5,17
go,92703,SENADOR CANEDO,5220454,263,263,95243,95243,72040,74896,875,1981,20:31:30,14,7,1111,34865,18,24600,1111,10223,3,46,5,37
go,96075,SERRANÓPOLIS,5220504,21,21,6621,6621,4728,4887,50,109,18:38:46,1,0,58,2535,0,1681,44,408,0,0,0,1
go,96091,SILVÂNIA,5220603,56,56,16325,16325,12697,13159,150,312,21:02:31,1,0,198,7333,3,3466,152,1527,0,10,1,6
go,92720,SIMOLÂNDIA,5220686,22,22,5580,5580,4053,4261,42,166,18:34:56,0,0,45,1703,0,1784,19,500,0,2,0,0
go,95915,SÃO DOMINGOS,5219803,29,29,7284,7284,5042,5326,48,236,19:24:41,0,1,20,1537,0,2322,28,1130,0,2,2,0
go,95931,SÃO FRANCISCO DE GOIÁS,5219902,18,18,5392,5392,3996,4195,62,137,19:07:02,1,0,24,2249,0,1073,17,627,0,3,1,1
go,95974,SÃO JOÃO D'ALIANÇA,5220009,24,24,7763,7763,5860,6089,44,185,20:59:23,1,2,104,2736,0,2116,43,850,1,1,0,6
go,92622,SÃO JOÃO DA PARAÚNA,5220058,6,6,2198,2198,1588,1650,11,51,19:22:13,0,0,9,920,0,402,14,243,0,0,0,0
go,92649,SÃO LUIZ DO NORTE,5220157,16,16,5107,5107,3751,3869,38,80,20:21:28,0,0,25,1464,0,1635,32,594,0,1,0,0
go,95990,SÃO LUÍS DE MONTES BELOS,5220108,80,80,24563,24563,18830,19503,195,478,20:12:43,4,0,174,12796,4,3785,179,1869,1,7,2,9
go,96016,SÃO MIGUEL DO ARAGUAIA,5220207,59,59,18389,18389,13242,13689,106,341,19:31:54,2,0,105,7941,0,3798,94,1293,0,6,0,3
go,92665,SÃO MIGUEL DO PASSA QUATRO,5220264,13,13,4211,4211,3393,3517,24,100,19:00:41,0,0,40,1740,3,973,33,604,0,0,0,0
go,93483,SÃO PATRÍCIO,5220280,9,9,2457,2457,1901,1988,24,63,20:38:20,1,0,7,1124,0,479,11,276,0,2,1,0
go,96059,SÃO SIMÃO,5220405,48,48,13332,13332,9487,9888,143,258,18:47:47,4,0,189,4407,1,4172,187,516,0,4,2,5
go,96113,SÍTIO D'ABADIA,5220702,11,11,3498,3498,2259,2370,15,96,20:10:32,1,0,32,877,1,972,13,361,0,0,1,1
go,96172,TAQUARAL DE GOIÁS,5221007,17,17,4447,4447,3396,3523,38,89,18:44:46,0,0,35,1899,0,1032,24,401,0,1,0,4
go,92762,TERESINA DE GOIÁS,5221080,12,12,3252,3252,2205,2302,13,84,20:50:24,2,0,13,640,0,1223,17,307,0,2,1,0
go,93220,TEREZÓPOLIS DE GOIÁS,5221197,21,21,6829,6829,5291,5501,46,164,20:41:30,1,3,52,2576,0,1796,65,796,0,1,0,1
go,96253,TRINDADE,5221403,304,304,95914,95914,72155,74885,891,1839,21:26:20,11,8,987,35469,5,22580,984,12022,3,33,21,32
go,92789,TROMBAS,5221452,10,10,3059,3059,2199,2281,13,69,20:50:24,0,0,27,1026,0,874,23,249,0,0,0,0
go,96237,TRÊS RANCHOS,5221304,12,12,3894,3894,2822,2948,34,92,19:14:09,1,0,30,1226,0,1139,38,382,0,2,0,4
go,92800,TURVELÂNDIA,5221551,15,15,4210,4210,3237,3337,32,68,18:47:46,0,0,21,1585,0,1390,44,195,1,0,0,1
go,96318,TURVÂNIA,5221502,15,15,4582,4582,3517,3634,36,81,19:07:46,0,0,27,2108,0,988,27,361,0,2,0,4
go,93246,UIRAPURU,5221577,10,10,3080,3080,2188,2251,13,50,21:52:39,0,0,8,854,0,930,15,381,0,0,0,0
go,96350,URUANA,5221700,38,38,10812,10812,8336,8703,94,273,19:25:21,0,1,79,4380,1,2818,43,1005,0,2,1,6
go,96334,URUAÇU,5221601,97,97,30439,30439,22251,23078,258,569,20:41:38,2,4,231,12136,7,7283,262,2313,1,4,0,8
go,96377,URUTAÍ,5221809,14,14,3949,3949,2948,3057,30,79,18:47:47,1,0,32,1334,0,1060,41,478,0,1,0,1
go,93300,VALPARAÍSO DE GOIÁS,5221858,302,302,99112,99112,76603,79203,1063,1537,19:25:21,9,8,1187,37361,10,27783,1623,8480,8,63,5,66
go,96393,VARJÃO,5221908,15,15,4454,4454,3299,3448,34,115,18:59:07,0,1,20,1775,0,858,28,608,1,3,1,4
go,96415,VIANÓPOLIS,5222005,34,34,11287,11287,8710,9013,80,223,19:23:45,0,1,79,5501,1,1942,74,1101,1,5,0,5
go,96571,VICENTINÓPOLIS,5222054,25,25,7110,7110,5541,5758,58,159,19:20:59,0,1,80,3054,0,1928,72,401,0,2,1,2
go,93289,VILA BOA,5222203,13,13,4021,4021,2809,2903,19,75,18:50:00,0,1,14,936,0,1372,29,455,0,0,1,1
go,93505,VILA PROPÍCIO,5222302,19,19,6026,6026,4585,4696,29,82,20:51:23,1,1,42,1919,1,1508,32,1076,0,2,0,3
go,96938,ÁGUA FRIA DE GOIÁS,5200175,17,17,5099,5099,3754,3881,31,96,20:14:15,0,0,22,1906,1,1024,27,769,1,0,1,3
go,92037,ÁGUA LIMPA,5200209,9,9,2635,2635,1962,2019,22,35,19:12:44,1,1,18,1073,0,602,15,251,0,0,0,1
go,93343,ÁGUAS LINDAS DE GOIÁS,5200258,322,322,125210,125210,94754,98492,1637,2101,21:18:59,14,7,1463,44175,23,37004,1755,10187,9,63,12,42
ma,07013,AFONSO CUNHA,2100105,30,30,7467,7467,5864,6035,32,139,21:11:42,0,1,75,793,0,4920,35,39,0,0,0,1
ma,07030,ALCÂNTARA,2100204,77,77,17613,17613,13943,14387,187,257,20:10:34,2,0,218,2724,2,10696,140,138,0,9,1,13
ma,07056,ALDEIAS ALTAS,2100303,73,73,18506,18506,13340,14119,125,654,20:07:48,3,4,232,2651,1,10166,128,137,1,3,0,14
ma,07072,ALTAMIRA DO MARANHÃO,2100402,25,25,5758,5758,4287,4488,29,172,20:18:29,1,0,82,1234,1,2890,45,28,0,1,0,5
ma,07021,ALTO ALEGRE DO MARANHÃO,2100436,61,61,18076,18076,13873,14397,94,430,20:56:29,1,0,166,3495,1,9952,113,123,0,1,3,18
ma,07048,ALTO ALEGRE DO PINDARÉ,2100477,82,82,20251,20251,15068,15671,114,489,20:54:47,0,3,231,3285,2,11178,192,139,1,2,2,33
ma,07099,ALTO PARNAÍBA,2100501,29,29,8142,8142,6077,6345,45,223,21:14:31,0,0,122,2257,2,3531,33,119,0,1,1,11
ma,07080,AMAPÁ DO MARANHÃO,2100550,22,22,4953,4953,4212,4388,36,140,20:35:03,0,0,78,1209,0,2816,71,32,0,0,0,6
ma,07110,AMARANTE DO MARANHÃO,2100600,108,108,28108,28108,21911,22660,138,611,20:07:48,2,3,248,10256,4,10878,232,249,1,8,2,28
ma,07137,ANAJATUBA,2100709,87,87,20568,20568,16004,16567,155,408,20:59:24,1,1,307,2995,8,12395,121,158,0,8,0,10
ma,07153,ANAPURUS,2100808,48,48,14136,14136,11184,11670,128,358,20:59:24,1,3,161,2663,2,8150,103,89,0,2,0,10
ma,07064,APICUM-AÇU,2100832,49,49,13470,13470,10640,10866,82,144,20:39:00,0,1,252,2991,0,7164,111,114,0,2,1,4
ma,07102,ARAGUANÃ,2100873,29,29,8007,8007,6057,6192,34,101,19:13:49,0,0,110,1383,0,4443,52,65,0,1,0,3
ma,07170,ARAIOSES,2100907,129,129,32649,32649,24398,25962,432,1132,21:15:21,7,2,263,4020,4,19509,348,216,0,9,0,20
ma,09679,ARAME,2100956,81,81,20826,20826,16332,16756,81,343,20:51:49,0,3,153,5520,0,10385,110,139,0,5,0,17
ma,07196,ARARI,2101004,89,89,24000,24000,17767,18438,269,402,20:49:34,2,1,407,4280,2,12643,248,174,0,2,1,7
ma,07218,AXIXÁ,2101103,41,41,11529,11529,9276,9643,105,262,20:07:50,1,0,163,1987,2,6913,105,91,0,3,1,10
ma,09610,AÇAILÂNDIA,2100055,262,262,78000,78000,61426,63185,589,1170,20:56:55,21,5,1308,34351,15,23910,1068,621,4,33,4,86
ma,07234,BACABAL,2101202,253,253,71838,71838,56807,59100,706,1587,22:09:32,12,7,969,19904,12,34459,877,471,2,21,2,71
ma,07129,BACABEIRA,2101251,54,54,16057,16057,12724,13207,189,294,20:37:11,1,0,278,2955,4,9140,171,166,1,0,1,7
ma,07250,BACURI,2101301,56,56,13893,13893,10541,10881,83,257,21:01:55,1,1,161,1972,0,8219,80,102,0,1,0,4
ma,07145,BACURITUBA,2101350,20,20,5647,5647,3936,4078,39,103,20:41:12,0,0,41,521,0,3283,32,47,1,2,0,9
ma,07277,BALSAS,2101400,223,223,71213,71213,55383,56886,511,992,20:59:24,6,11,1618,30716,9,21256,940,717,3,14,2,91
ma,07315,BARRA DO CORDA,2101608,241,241,63831,63831,49502,51171,470,1199,22:02:42,3,3,657,17483,3,30259,628,391,2,16,2,55
ma,07331,BARREIRINHAS,2101707,197,197,52533,52533,42351,43807,375,1081,22:32:44,6,4,854,9885,4,30786,517,254,0,14,1,26
ma,07293,BARÃO DE GRAJAÚ,2101509,54,54,16130,16130,12282,12855,150,423,21:26:49,2,0,264,2003,1,9666,163,160,0,6,2,15
ma,07188,BELA VISTA DO MARANHÃO,2101772,38,38,10096,10096,7783,8117,70,264,21:43:09,0,0,99,2095,1,5466,66,50,0,0,0,6
ma,07161,BELÁGUA,2101731,27,27,8091,8091,6336,6588,39,213,20:12:45,0,0,57,782,1,5424,35,30,0,0,0,7
ma,07358,BENEDITO LEITE,2101806,15,15,4638,4638,3632,3757,20,105,19:25:23,0,0,48,961,0,2541,21,41,0,0,0,20
ma,07374,BEQUIMÃO,2101905,64,64,18606,18606,14001,14655,261,393,20:49:33,1,0,201,2619,0,10825,114,218,0,4,1,18
ma,07200,BERNARDO DO MEARIM,2101939,23,23,5015,5015,4046,4198,35,117,19:24:37,0,1,66,1132,0,2773,33,36,0,1,0,4
ma,07323,BOA VISTA DO GURUPI,2101970,25,25,6551,6551,5057,5207,40,110,18:56:35,0,0,89,1469,0,3395,68,29,0,2,0,5
ma,09555,BOM JARDIM,2102002,115,115,26888,26888,20141,20906,155,610,21:24:50,5,4,330,5407,3,13949,251,170,0,7,4,11
ma,07269,BOM JESUS DAS SELVAS,2102036,76,76,19650,19650,14906,15363,91,366,20:51:26,1,1,240,6061,0,8298,134,148,1,3,1,18
ma,07285,BOM LUGAR,2102077,45,45,11468,11468,9156,9312,51,105,20:56:56,3,0,63,2528,1,6419,57,82,0,1,0,2
ma,07390,BREJO,2102101,88,88,25937,25937,20007,20697,179,511,21:05:10,3,2,265,4593,0,14728,143,227,0,3,2,41
ma,07307,BREJO DE AREIA,2102150,34,34,8475,8475,6014,6260,44,202,19:25:22,0,1,75,2037,2,3797,32,57,0,0,1,12
ma,07412,BURITI,2102200,79,79,22995,22995,17089,17866,166,611,23:14:22,0,2,176,2468,0,14151,170,107,1,3,1,10
ma,07439,BURITI BRAVO,2102309,67,67,17755,17755,12902,13739,130,707,19:08:12,0,1,164,2540,0,9932,129,130,0,3,0,3
ma,07340,BURITICUPU,2102325,154,154,42732,42732,32052,32976,186,738,20:57:51,5,2,520,12440,4,18151,557,316,3,10,2,42
ma,07366,BURITIRANA,2102358,43,43,10837,10837,8483,8846,86,277,20:56:56,1,1,174,3637,1,4432,118,104,2,2,0,11
ma,07226,CACHOEIRA GRANDE,2102374,37,37,9001,9001,6825,7010,38,147,21:36:20,0,1,86,1417,2,5206,65,42,0,0,0,6
ma,07455,CAJAPIÓ,2102408,32,32,10224,10224,7282,7606,67,257,19:29:39,2,1,75,957,2,6114,42,73,0,4,1,11
ma,07471,CAJARI,2102507,61,55,16136,14907,11254,11548,84,210,23:03:12,0,0,154,1718,2,9194,74,102,2,1,0,7
ma,07382,CAMPESTRE DO MARANHÃO,2102556,34,34,9948,9948,7599,7791,59,133,20:44:11,2,0,98,2975,0,4390,86,40,0,0,1,7
ma,07510,CANTANHEDE,2102705,54,54,14177,14177,10741,11197,112,344,21:56:23,1,4,142,2177,1,8211,104,90,0,1,3,7
ma,07404,CAPINZAL DO NORTE,2102754,35,35,8689,8689,6758,7107,73,276,19:25:43,1,0,164,1917,0,4549,66,50,0,2,0,9
ma,07536,CAROLINA,2102804,72,72,18310,18310,13985,14439,126,328,19:13:49,3,1,357,5545,2,7629,178,244,0,5,0,21
ma,07552,CARUTAPERA,2102903,73,73,19093,19093,14390,14893,93,410,20:52:05,2,0,304,4184,4,9499,262,116,0,2,1,16
ma,07579,CAXIAS,2103000,406,406,113420,113420,86605,90472,1164,2703,21:24:31,27,13,2051,22555,29,58914,1802,1085,3,39,4,83
ma,07595,CEDRAL,2103109,37,37,9329,9329,7240,7573,108,225,20:50:27,0,0,144,1497,1,5405,105,84,0,0,0,4
ma,07420,CENTRAL DO MARANHÃO,2103125,29,29,7808,7808,5524,5790,53,213,21:00:46,1,2,76,701,0,4630,34,66,0,8,1,5
ma,07447,CENTRO DO GUILHERME,2103158,36,36,7966,7966,6502,6679,42,135,19:20:57,0,2,166,1614,1,4607,65,39,0,0,0,8
ma,07463,CENTRO NOVO DO MARANHÃO,2103174,47,47,11932,11932,9315,9594,48,231,20:56:56,0,2,213,2573,2,6297,97,109,1,2,3,16
ma,07617,CHAPADINHA,2103208,182,182,60242,60242,46444,48047,558,1045,22:18:40,7,2,927,12515,3,31922,612,410,1,7,3,35
ma,07480,CIDELÂNDIA,2103257,36,36,10660,10660,8335,8617,65,217,21:09:50,2,1,197,2700,1,5207,135,82,1,2,0,7
ma,07633,CODÓ,2103307,273,273,82435,82435,59034,61949,669,2246,21:39:01,11,12,1050,14191,12,42197,773,707,5,13,4,59
ma,07650,COELHO NETO,2103406,116,116,33370,33370,24816,25807,220,771,20:43:30,5,1,323,4492,7,19424,313,222,1,12,2,14
ma,07676,COLINAS,2103505,90,90,28426,28426,21379,22487,191,917,21:02:12,0,7,423,5491,6,14991,222,210,1,3,3,22
ma,07501,CONCEIÇÃO DO LAGO-AÇU,2103554,47,47,11878,11878,9060,9342,53,229,20:57:51,0,0,155,2320,0,6422,68,87,0,1,0,7
ma,07692,COROATÁ,2103604,160,160,46886,46886,32876,34637,368,1393,21:11:41,6,9,424,9126,3,22485,367,387,1,12,1,55
ma,07714,CURURUPU,2103703,105,105,26322,26322,19442,20164,282,440,20:50:28,4,1,332,3666,2,15051,195,181,0,6,0,4
ma,07498,CÂNDIDO MENDES,2102606,56,56,14853,14853,12475,12872,72,325,21:42:09,1,0,288,3165,0,8785,101,117,0,1,2,15
ma,07242,DAVINÓPOLIS,2103752,37,37,12223,12223,9651,9864,78,135,20:40:10,0,3,238,3840,1,5232,194,132,0,4,1,6
ma,07730,DOM PEDRO,2103802,68,68,17803,17803,14055,14617,155,407,20:52:36,1,2,233,5025,1,8464,186,117,1,5,2,18
ma,07757,DUQUE BACELAR,2103901,36,36,9654,9654,7711,7922,49,162,20:58:12,0,0,83,1029,0,6461,84,54,0,0,0,0
ma,07773,ESPERANTINÓPOLIS,2104008,59,59,14795,14795,11195,11727,107,425,20:44:11,1,1,188,3135,1,7640,129,88,0,2,1,9
ma,09636,ESTREITO,2104057,77,77,24146,24146,18538,19004,125,341,20:36:10,4,1,544,8837,4,8519,343,253,2,4,0,27
ma,07528,FEIRA NOVA DO MARANHÃO,2104073,21,21,6389,6389,5020,5211,47,144,20:54:20,0,0,184,1908,1,2786,26,102,1,1,0,11
ma,07544,FERNANDO FALCÃO,2104081,36,36,9487,9487,7742,7960,35,183,19:22:14,0,0,87,2134,0,5426,34,56,0,1,0,4
ma,07560,FORMOSA DA SERRA NEGRA,2104099,53,53,14076,14076,11298,11715,97,320,20:35:02,4,3,207,5141,1,5562,77,270,0,2,0,31
ma,07790,FORTALEZA DOS NOGUEIRAS,2104107,36,36,10569,10569,8531,8820,90,199,20:51:25,2,0,137,2988,0,5243,60,81,0,3,1,16
ma,07811,FORTUNA,2104206,49,49,13022,13022,9570,10092,101,421,20:29:20,0,0,148,2023,3,7200,106,81,0,3,0,6
ma,07838,GODOFREDO VIANA,2104305,34,34,7329,7329,6083,6319,69,167,20:57:51,1,1,142,1995,2,3803,57,78,0,1,0,3
ma,07854,GONÇALVES DIAS,2104404,52,52,13629,13629,10097,10523,101,325,21:01:31,0,1,85,2746,1,7073,80,92,1,3,0,15
ma,07870,GOVERNADOR ARCHER,2104503,36,36,8077,8077,6140,6408,59,209,21:21:11,0,3,78,1374,1,4545,80,55,0,2,0,2
ma,07609,GOVERNADOR EDISON LOBÃO,2104552,44,44,15378,15378,12094,12429,117,218,20:56:29,1,0,375,5060,2,6192,246,198,1,5,1,13
ma,07897,GOVERNADOR EUGÊNIO BARROS,2104602,43,43,10692,10692,8212,8509,73,224,20:11:12,1,0,101,1991,0,5965,101,46,0,2,0,5
ma,07625,GOVERNADOR LUIZ ROCHA,2104628,22,22,6417,6417,4870,5133,56,207,20:15:31,0,1,75,1493,1,3196,47,44,0,1,0,12
ma,07641,GOVERNADOR NEWTON BELLO,2104651,33,33,7695,7695,5991,6181,29,161,21:26:00,1,0,89,1494,0,4307,42,55,0,1,1,1
ma,07668,GOVERNADOR NUNES FREIRE,2104677,68,68,17561,17561,13528,13833,77,228,20:10:33,4,1,222,4747,0,8240,157,150,1,1,1,4
ma,07935,GRAJAÚ,2104800,181,181,52273,52273,41112,42204,261,831,21:11:42,6,3,766,16331,7,23002,511,432,1,6,5,42
ma,07919,GRAÇA ARANHA,2104701,23,23,6274,6274,4997,5132,34,101,19:23:25,0,0,66,1235,2,3624,45,21,0,2,0,2
ma,07951,GUIMARÃES,2104909,40,40,9820,9820,7082,7520,113,325,19:29:40,0,0,105,1113,4,5705,60,85,0,1,0,9
ma,07978,HUMBERTO DE CAMPOS,2105005,91,91,23439,23439,17843,18570,154,573,21:18:00,0,3,349,3292,4,13787,177,215,1,2,0,13
ma,07994,ICATU,2105104,96,96,23106,23106,18695,19268,164,409,20:58:12,4,0,260,3547,8,14496,162,200,0,2,0,16
ma,07684,IGARAPÉ DO MEIO,2105153,45,45,10867,10867,8283,8587,83,221,19:29:41,1,2,152,1646,1,6350,75,47,0,0,0,9
ma,08010,IGARAPÉ GRANDE,2105203,33,33,8484,8484,6833,7115,61,221,19:23:45,0,0,66,2571,0,4053,89,44,1,1,2,6
ma,08036,IMPERATRIZ,2105302,600,600,195325,195325,153763,158388,1891,2734,21:22:11,55,33,4479,81738,48,60008,4009,3084,14,80,9,206
ma,07706,ITAIPAVA DO GRAJAÚ,2105351,42,42,11234,11234,8342,8503,40,121,20:51:25,0,0,114,2454,0,5629,56,83,0,1,1,4
ma,08079,ITAPECURU MIRIM,2105401,177,177,47851,47851,35996,37238,380,862,21:02:12,7,5,846,8120,11,25994,531,419,2,18,2,41
ma,07722,ITINGA DO MARANHÃO,2105427,67,67,17555,17555,13776,14222,106,340,20:45:13,0,2,214,7048,3,6167,186,142,0,2,0,12
ma,07749,JATOBÁ,2105450,27,27,7205,7205,5349,5633,53,231,20:14:14,1,1,63,1219,0,3987,40,35,0,0,0,3
ma,07765,JENIPAPO DOS VIEIRAS,2105476,52,52,13237,13237,10210,10615,62,343,21:03:00,0,2,78,2548,3,7398,73,92,2,4,1,9
ma,08117,JOSELÂNDIA,2105609,51,51,12529,12529,9597,9894,90,207,19:20:55,2,1,162,2503,1,6750,112,57,0,2,0,7
ma,08095,JOÃO LISBOA,2105500,81,81,21876,21876,17462,18030,183,385,22:32:44,0,5,460,6924,2,9489,320,232,0,7,1,22
ma,07781,JUNCO DO MARANHÃO,2105658,21,21,5092,5092,3793,3890,25,72,20:52:36,0,0,67,873,0,2795,27,29,0,0,0,2
ma,08133,LAGO DA PEDRA,2105708,114,114,34283,34283,26503,27367,230,634,22:22:42,3,2,294,11613,4,14008,280,236,4,3,1,55
ma,08150,LAGO DO JUNCO,2105807,35,35,8447,8447,6921,7101,48,132,21:19:23,0,0,56,1936,1,4831,62,18,0,2,0,15
ma,07803,LAGO DOS RODRIGUES,2105948,33,33,8271,8271,6815,7017,46,156,20:57:51,0,1,55,1860,0,4759,81,50,0,2,0,7
ma,08176,LAGO VERDE,2105906,47,47,12196,12196,9436,9626,56,134,20:12:46,0,0,108,1896,0,7269,107,49,0,1,1,5
ma,07820,LAGOA DO MATO,2105922,34,34,8284,8284,6201,6596,45,350,20:49:34,1,0,43,1123,0,4934,35,48,0,2,2,13
ma,07846,LAGOA GRANDE DO MARANHÃO,2105963,30,30,9997,9997,7600,7818,57,161,22:18:22,0,0,97,2246,1,5113,71,59,1,1,3,8
ma,07862,LAJEADO NOVO,2105989,22,22,6682,6682,5411,5521,26,84,19:20:58,0,1,96,2513,0,2658,58,76,0,0,0,9
ma,08192,LIMA CAMPOS,2106003,42,42,11183,11183,8545,8944,104,295,22:12:40,1,3,128,2824,0,5377,107,93,0,1,3,8
ma,08214,LORETO,2106102,34,34,8569,8569,6672,7016,60,284,18:54:42,1,1,134,1894,0,4513,86,40,0,1,1,1
ma,08230,LUÍS DOMINGUES,2106201,20,20,6072,6072,4573,4764,57,134,19:30:01,0,1,104,1552,0,2796,75,32,0,3,0,10
ma,08257,MAGALHÃES DE ALMEIDA,2106300,51,51,12195,12195,9424,9856,125,307,21:01:54,0,2,149,2179,2,6787,173,113,1,2,1,15
ma,07889,MARACAÇUMÉ,2106326,52,52,15698,15698,11199,11607,103,305,19:08:39,2,1,222,4102,1,6625,132,101,0,0,0,13
ma,07900,MARAJÁ DO SENA,2106359,26,26,6771,6771,5020,5205,35,150,20:53:29,0,1,72,1693,1,3150,29,60,0,0,1,13
ma,07927,MARANHÃOZINHO,2106375,31,31,8133,8133,6382,6537,60,95,20:51:48,0,0,120,1560,1,4596,51,51,0,2,0,1
ma,08273,MATA ROMA,2106409,50,50,16271,16271,12698,13281,166,417,21:45:51,1,1,190,2877,1,9424,113,81,0,2,0,8
ma,08290,MATINHA,2106508,73,73,20053,20053,15805,16419,212,402,21:31:42,1,0,270,4061,3,11163,119,177,0,4,0,7
ma,08311,MATÕES,2106607,101,101,27285,27285,20129,20919,140,650,20:16:09,0,1,216,3771,1,15815,189,112,0,2,0,22
ma,07943,MATÕES DO NORTE,2106631,30,30,7654,7654,5537,5732,49,146,20:52:06,2,0,78,1098,0,4248,60,43,0,2,1,5
ma,07960,MILAGRES DO MARANHÃO,2106672,24,24,6650,6650,5226,5412,27,159,21:02:12,1,1,53,940,2,4133,65,29,0,1,0,1
ma,08338,MIRADOR,2106706,54,54,16373,16373,12910,13434,68,456,20:44:11,1,2,162,3187,2,9313,91,136,1,0,3,12
ma,09695,MIRANDA DO NORTE,2106755,61,61,16991,16991,13036,13432,116,280,20:58:33,1,1,255,3649,1,8792,198,122,2,3,0,12
ma,08354,MIRINZAL,2106805,45,45,12016,12016,9000,9387,112,275,20:30:31,1,1,141,1942,1,6686,102,118,2,1,1,4
ma,08397,MONTES ALTOS,2107001,26,26,7514,7514,5905,6081,53,123,20:41:12,0,0,144,2195,0,3408,67,82,1,5,0,3
ma,08370,MONÇÃO,2106904,87,87,21263,21263,15675,16225,114,436,20:56:56,1,2,177,3245,5,11953,123,160,0,4,1,4
ma,08419,MORROS,2107100,66,66,16701,16701,13600,13977,85,292,21:53:10,2,1,183,3083,1,10072,119,120,0,5,0,14
ma,08435,NINA RODRIGUES,2107209,40,40,10518,10518,7984,8285,39,262,20:56:56,0,1,66,1705,0,6043,76,78,0,0,0,15
ma,07986,NOVA COLINAS,2107258,17,17,4514,4514,3509,3686,26,151,19:02:31,0,0,102,1115,6,2215,27,41,0,1,0,2
ma,08451,NOVA IORQUE,2107308,15,15,4134,4134,3192,3285,16,77,18:35:07,0,1,30,742,1,2365,21,30,0,1,0,1
ma,08001,NOVA OLINDA DO MARANHÃO,2107357,49,49,13507,13507,9979,10373,92,302,21:41:11,3,0,228,2449,5,7088,97,103,0,0,0,6
ma,08478,OLHO D'ÁGUA DAS CUNHÃS,2107407,53,53,14387,14387,11015,11603,124,464,21:14:31,1,1,181,2692,2,7830,198,100,0,1,0,9
ma,08028,OLINDA NOVA DO MARANHÃO,2107456,34,34,11175,11175,8219,8544,83,242,21:00:47,2,0,145,1573,2,6298,77,115,0,0,2,5
ma,08516,PALMEIRÂNDIA,2107605,61,61,17179,17179,12321,12744,120,303,21:09:50,0,1,158,1949,1,9975,92,132,1,4,0,8
ma,08532,PARAIBANO,2107704,46,46,14960,14960,10627,11151,58,466,20:18:50,0,1,123,2263,1,8082,89,64,0,0,1,3
ma,08559,PARNARAMA,2107803,99,99,26242,26242,18895,19971,149,927,22:36:54,3,4,232,2921,2,15317,215,136,1,1,3,60
ma,08575,PASSAGEM FRANCA,2107902,58,58,14692,14692,10766,11483,104,613,20:58:34,1,2,148,2538,1,7791,109,154,0,1,1,20
ma,08591,PASTOS BONS,2108009,54,54,15148,15148,11508,11969,99,362,20:49:57,0,1,164,3103,1,8003,102,115,1,1,0,17
ma,08044,PAULINO NEVES,2108058,62,62,15080,15080,12074,12407,85,248,20:31:31,2,0,242,2204,3,9352,146,116,0,1,1,7
ma,09598,PAULO RAMOS,2108108,61,61,16850,16850,12441,12975,89,445,21:01:54,1,0,168,4106,3,7966,123,66,0,0,0,8
ma,08494,PAÇO DO LUMIAR,2107506,290,290,90287,90287,74270,77066,1428,1368,21:24:31,44,8,2589,26083,68,42191,1779,1304,2,89,12,101
ma,08613,PEDREIRAS,2108207,110,110,28040,28040,22399,23067,226,442,20:47:41,5,6,409,7977,4,13363,420,175,3,10,0,27
ma,08060,PEDRO DO ROSÁRIO,2108256,72,72,18241,18241,13269,13750,98,383,21:49:32,0,3,192,2319,0,10516,101,128,0,0,0,10
ma,08630,PENALVA,2108306,102,102,26013,26013,18638,19307,119,550,20:07:50,3,1,317,2746,2,15251,140,154,0,5,1,18
ma,08656,PERI MIRIM,2108405,36,36,11291,11291,8705,9055,102,248,20:47:41,2,0,81,1564,2,6900,67,81,0,3,0,5
ma,08087,PERITORÓ,2108454,56,56,16364,16364,12024,12605,98,483,20:54:21,0,1,139,2690,1,8907,145,119,0,5,1,16
ma,08672,PINDARÉ-MIRIM,2108504,85,85,25951,25951,19140,19854,219,495,21:24:20,3,6,318,4802,2,13575,245,170,0,3,1,15
ma,08699,PINHEIRO,2108603,211,211,62812,62812,46536,48166,574,1056,21:25:50,2,3,1132,12115,8,31826,758,610,4,28,3,47
ma,08710,PIO XII,2108702,70,70,18787,18787,14470,15068,119,479,21:13:22,0,1,203,3667,3,10313,168,93,0,5,0,17
ma,08737,PIRAPEMAS,2108801,43,43,12904,12904,9158,9553,78,317,21:11:42,1,0,84,1827,1,7017,93,116,0,1,0,18
ma,08770,PORTO FRANCO,2109007,66,66,18862,18862,14852,15208,122,234,20:50:27,5,1,384,6221,3,7812,227,180,0,1,0,18
ma,08109,PORTO RICO DO MARANHÃO,2109056,29,29,7200,7200,5188,5325,50,87,21:01:54,0,0,118,1362,2,3587,45,67,0,1,0,6
ma,08753,POÇÃO DE PEDRAS,2108900,66,66,14763,14763,11191,11711,112,408,20:43:12,2,2,135,3189,2,7691,83,76,1,0,1,9
ma,08796,PRESIDENTE DUTRA,2109106,115,115,32781,32781,26158,27169,270,741,20:56:56,11,1,509,9559,8,15452,388,203,0,7,1,19
ma,08818,PRESIDENTE JUSCELINO,2109205,41,41,10017,10017,7604,7827,52,171,20:51:25,0,1,120,1356,3,5992,69,56,0,0,1,6
ma,08125,PRESIDENTE MÉDICI,2109239,22,22,5728,5728,4449,4592,25,118,21:14:31,0,1,111,1076,2,3182,57,14,1,3,0,2
ma,08141,PRESIDENTE SARNEY,2109270,60,60,15655,15655,11260,11574,85,229,20:50:27,2,0,244,1887,1,8815,181,115,0,3,0,12
ma,08834,PRESIDENTE VARGAS,2109304,40,40,10343,10343,7946,8192,57,189,21:19:41,0,0,138,1179,1,6488,64,70,0,0,0,6
ma,08850,PRIMEIRA CRUZ,2109403,46,46,11110,11110,8851,9220,94,275,23:22:11,1,2,114,1408,0,7136,70,108,0,1,1,10
ma,08168,RAPOSA,2109452,83,83,24288,24288,19767,20466,298,401,21:14:31,6,4,561,6856,8,11674,366,252,3,11,2,24
ma,08877,RIACHÃO,2109502,58,58,16914,16914,12791,13298,102,405,20:29:20,4,1,230,4283,1,7981,106,171,0,2,1,11
ma,08184,RIBAMAR FIQUENE,2109551,23,23,6276,6276,4909,5020,34,77,18:32:14,0,1,118,1786,0,2865,62,69,0,2,0,6
ma,08915,ROSÁRIO,2109601,108,108,32344,32344,25229,26074,339,506,21:39:01,9,2,598,5916,8,17853,470,343,0,15,1,14
ma,08931,SAMBAÍBA,2109700,20,20,5411,5411,4252,4402,31,119,22:22:42,1,1,65,1624,0,2482,28,43,0,0,0,8
ma,08206,SANTA FILOMENA DO MARANHÃO,2109759,24,24,6119,6119,4867,5015,33,115,21:01:31,0,1,70,1242,0,3503,23,25,0,0,0,3
ma,08958,SANTA HELENA,2109809,98,98,24651,24651,17610,18218,154,454,20:23:19,0,0,396,4631,0,12149,276,138,0,2,1,17
ma,09571,SANTA INÊS,2109908,218,218,63447,63447,49425,51029,623,981,21:19:23,16,7,942,17834,9,29154,903,506,3,13,5,33
ma,08974,SANTA LUZIA,2110005,173,173,45122,45122,33838,35089,277,974,20:59:44,2,7,617,10041,1,22466,405,267,0,9,3,20
ma,09652,SANTA LUZIA DO PARUÁ,2110039,61,61,17081,17081,12943,13391,133,315,20:39:00,1,2,237,4219,1,8146,179,145,1,5,0,7
ma,08990,SANTA QUITÉRIA DO MARANHÃO,2110104,72,72,21175,21175,16072,16774,154,548,21:59:09,1,2,150,3215,4,12320,153,179,0,1,2,45
ma,09016,SANTA RITA,2110203,93,93,28000,28000,20667,21478,290,521,20:51:25,1,0,335,4539,3,15361,212,195,0,5,1,15
ma,08222,SANTANA DO MARANHÃO,2110237,34,34,8165,8165,6056,6250,40,154,20:59:44,0,0,55,1309,0,4555,74,49,1,2,0,11
ma,08249,SANTO AMARO DO MARANHÃO,2110278,49,49,13330,13330,10530,10920,92,298,22:00:00,2,1,197,1987,0,8084,113,137,0,3,0,6
ma,09032,SANTO ANTÔNIO DOS LOPES,2110302,53,53,15375,15375,12257,12718,93,368,22:29:00,1,1,153,3736,5,8069,190,86,0,1,2,13
ma,08460,SATUBINHA,2111722,31,31,7469,7469,5862,6098,51,185,20:11:53,0,2,113,1559,0,4078,57,46,0,0,0,7
ma,08486,SENADOR ALEXANDRE COSTA,2111748,32,32,8450,8450,6200,6424,56,168,19:20:57,0,0,84,1587,0,4446,42,35,0,0,0,6
ma,08508,SENADOR LA ROCQUE,2111763,49,49,12262,12262,9580,9901,83,238,20:39:51,0,2,280,3366,0,5633,166,121,1,3,1,7
ma,08524,SERRANO DO MARANHÃO,2111789,40,40,9228,9228,6817,7061,70,174,22:49:30,2,0,68,743,0,5912,44,43,0,1,1,3
ma,09318,SUCUPIRA DO NORTE,2111904,31,31,8257,8257,6701,6963,44,218,20:56:07,0,1,81,1795,0,4731,38,54,1,0,0,0
ma,08540,SUCUPIRA DO RIACHÃO,2111953,17,17,4707,4707,3431,3677,35,211,20:59:44,1,1,41,610,2,2696,23,54,0,0,1,2
ma,09059,SÃO BENEDITO DO RIO PRETO,2110401,60,60,16310,16310,12834,13269,102,333,20:52:36,1,1,146,2271,0,10179,102,115,0,2,0,17
ma,09075,SÃO BENTO,2110500,104,104,29322,29322,20757,21660,292,611,21:13:06,3,2,297,4479,4,15522,233,197,1,2,2,15
ma,09091,SÃO BERNARDO,2110609,85,85,21808,21808,16380,17139,168,591,21:19:01,2,2,208,3867,2,11932,184,167,1,3,1,11
ma,08265,SÃO DOMINGOS DO AZEITÃO,2110658,25,25,6763,6763,5423,5635,30,182,20:34:11,0,0,92,1623,1,3578,35,76,0,0,0,18
ma,09113,SÃO DOMINGOS DO MARANHÃO,2110708,103,103,28537,28537,21925,23143,248,970,21:16:21,1,3,333,7793,4,13306,237,196,1,7,1,43
ma,08281,SÃO FRANCISCO DO BREJÃO,2110856,29,29,8123,8123,6302,6482,43,137,20:56:07,1,0,102,2839,0,3230,62,59,0,2,0,7
ma,09156,SÃO FRANCISCO DO MARANHÃO,2110906,36,36,9159,9159,6895,7246,86,265,21:16:40,2,2,64,1033,2,5660,57,69,0,2,1,3
ma,09130,SÃO FÉLIX DE BALSAS,2110807,17,17,4224,4224,3138,3297,27,132,19:22:14,0,1,66,1005,1,1987,18,44,0,1,0,15
ma,08893,SÃO JOSÉ DE RIBAMAR,2111201,403,403,131324,131324,105538,109700,2024,2138,21:59:00,44,12,3209,36443,95,61232,2469,1797,6,99,19,113
ma,08362,SÃO JOSÉ DOS BASÍLIOS,2111250,26,26,6388,6388,5029,5187,42,116,19:29:38,0,1,63,920,1,3950,66,23,0,0,2,3
ma,09172,SÃO JOÃO BATISTA,2111003,80,80,20103,20103,14635,15087,111,341,20:15:31,0,1,179,2214,1,12009,83,138,0,3,2,5
ma,08303,SÃO JOÃO DO CARÚ,2111029,42,42,10141,10141,7211,7437,47,179,18:59:31,0,1,114,2140,2,4808,58,76,0,1,0,11
ma,08320,SÃO JOÃO DO PARAÍSO,2111052,33,33,8599,8599,7073,7245,47,125,19:28:55,2,0,200,3013,0,3697,39,108,0,2,0,12
ma,08346,SÃO JOÃO DO SOTER,2111078,52,52,14327,14327,10607,10968,52,309,19:32:18,1,1,117,1565,1,8738,111,55,0,0,0,18
ma,09199,SÃO JOÃO DOS PATOS,2111102,72,72,19533,19533,14801,15553,219,533,20:10:33,3,1,323,3700,1,10402,207,149,1,4,0,10
ma,09210,SÃO LUÍS,2111300,2273,2273,761443,761443,619322,642000,11228,11450,20:56:07,325,83,21153,229253,781,337598,14793,13405,81,748,83,1019
ma,08052,SÃO LUÍS GONZAGA DO MARANHÃO,2111409,62,62,17211,17211,12570,13036,91,375,20:53:29,1,0,79,2181,2,10117,94,85,1,0,0,10
ma,09237,SÃO MATEUS DO MARANHÃO,2111508,105,105,30147,30147,21873,22755,182,700,21:00:47,1,6,239,5836,3,15258,303,194,2,7,0,24
ma,08389,SÃO PEDRO DA ÁGUA BRANCA,2111532,30,30,9693,9693,6982,7166,35,149,19:22:14,0,1,96,3052,0,3683,77,66,0,2,0,5
ma,08400,SÃO PEDRO DOS CRENTES,2111573,15,15,4689,4689,3802,3900,26,72,20:51:25,2,1,43,2477,0,1195,13,60,0,0,0,11
ma,09253,SÃO RAIMUNDO DAS MANGABEIRAS,2111607,51,51,15701,15701,12177,12665,122,366,20:51:26,0,2,232,4486,1,7163,165,113,0,2,0,13
ma,08427,SÃO RAIMUNDO DO DOCA BEZERRA,2111631,22,22,5160,5160,3855,4024,41,128,21:01:31,1,0,70,978,1,2738,39,25,0,1,0,2
ma,08443,SÃO ROBERTO,2111672,19,19,4547,4547,3442,3565,20,103,19:11:03,0,0,46,811,1,2521,30,28,0,2,1,2
ma,09270,SÃO VICENTE FERRER,2111706,61,61,16729,16729,11642,12300,194,464,20:46:21,0,1,161,2069,1,9148,91,167,0,1,0,3
ma,09296,SÍTIO NOVO,2111805,55,55,13984,13984,11607,11927,95,225,21:19:41,3,0,275,4420,0,6635,87,175,0,0,0,12
ma,09334,TASSO FRAGOSO,2112001,24,24,6854,6854,5398,5594,34,162,19:31:56,0,1,175,2390,0,2715,45,54,0,0,1,17
ma,09350,TIMBIRAS,2112100,65,65,21254,21254,14810,15483,105,568,20:52:05,2,2,210,2776,3,11441,198,160,0,3,3,12
ma,09377,TIMON,2112209,402,402,124767,124767,100929,105358,1283,3146,20:53:29,24,18,2290,28444,24,67010,1810,1155,10,48,9,87
ma,08567,TRIZIDELA DO VALE,2112233,56,56,16878,16878,13429,13895,152,314,20:15:31,7,1,247,4744,1,8059,234,119,0,3,2,12
ma,08583,TUFILÂNDIA,2112274,22,22,6051,6051,4332,4509,20,157,20:45:13,3,1,65,1024,0,3161,42,32,0,1,0,3
ma,09393,TUNTUM,2112308,97,97,28443,28443,21633,22571,240,698,21:56:42,3,0,359,7114,8,13758,211,147,1,5,0,27
ma,09415,TURIAÇU,2112407,118,118,28166,28166,22096,22760,159,505,21:01:55,4,5,347,4502,4,16792,186,227,0,9,0,20
ma,08605,TURILÂNDIA,2112456,66,66,15977,15977,11360,11725,107,258,21:32:01,4,0,319,2773,0,8018,106,127,1,3,2,7
ma,09431,TUTÓIA,2112506,158,158,43215,43215,32432,33914,448,1034,21:01:32,5,3,761,7838,2,23022,438,334,0,8,1,20
ma,09458,URBANO SANTOS,2112605,82,82,25803,25803,19491,20337,179,667,21:28:21,1,1,208,3826,1,15137,188,111,0,2,0,16
ma,09474,VARGEM GRANDE,2112704,112,112,32648,32648,24399,25476,204,873,23:11:41,3,3,334,5599,2,17844,266,299,0,5,2,42
ma,09490,VIANA,2112803,151,151,39769,39769,30098,31042,318,626,20:58:13,9,3,564,8910,5,19880,306,388,0,7,2,24
ma,08621,VILA NOVA DOS MARTÍRIOS,2112852,27,27,8903,8903,6485,6671,57,129,20:07:49,1,0,155,2666,0,3534,54,72,0,0,0,3
ma,09539,VITORINO FREIRE,2113009,84,84,22898,22898,17791,18470,189,490,21:12:44,1,3,278,5446,2,11621,221,196,0,3,2,18
ma,09512,VITÓRIA DO MEARIM,2112902,94,94,24683,24683,18779,19338,204,355,20:56:08,5,1,299,5409,0,12723,172,145,1,8,3,13
ma,09717,ZÉ DOCA,2114007,107,107,33014,33014,25129,25899,234,536,22:17:22,5,2,351,7316,4,16901,277,242,1,6,1,23
ma,07005,ÁGUA DOCE DO MARANHÃO,2100154,42,42,11520,11520,8341,8715,105,269,21:01:32,2,0,98,1493,2,6572,103,68,0,0,1,2
mt,90018,ACORIZAL,5100102,26,26,7353,7353,5923,6085,33,129,19:28:53,8,1,110,2864,0,2776,57,103,0,0,0,4
mt,89877,ALTA FLORESTA,5100250,125,125,43203,43203,32395,33253,297,561,20:23:46,12,3,552,23270,1,7677,451,374,4,14,2,35
mt,90050,ALTO ARAGUAIA,5100300,44,44,11527,11527,8503,8821,90,228,18:43:14,4,1,134,5403,2,2478,101,366,1,7,0,6
mt,90042,ALTO BOA VISTA,5100359,16,16,4151,4151,3165,3236,16,55,18:11:01,0,0,28,2349,0,681,31,75,0,0,0,1
mt,90077,ALTO GARÇAS,5100409,31,31,8774,8774,6593,6836,73,170,17:51:33,3,0,120,4272,0,2012,77,98,0,2,1,8
mt,90093,ALTO PARAGUAI,5100508,24,24,6195,6195,4574,4763,54,135,19:10:37,1,0,85,1956,1,2427,45,56,0,0,0,3
mt,98612,ALTO TAQUARI,5100607,26,26,7979,7979,5825,6010,64,121,18:54:41,2,0,80,3951,0,1552,98,135,0,5,0,2
mt,90263,APIACÁS,5100805,22,22,6340,6340,4671,4798,29,98,18:32:12,0,0,58,3244,1,1266,51,41,0,7,0,3
mt,98639,ARAGUAIANA,5101001,10,10,3259,3259,2364,2444,26,54,18:15:02,1,0,46,1295,1,849,31,136,0,3,1,1
mt,90239,ARAGUAINHA,5101209,5,5,1233,1233,936,963,6,21,18:43:15,0,0,16,498,0,400,5,16,0,0,0,1
mt,89893,ARAPUTANGA,5101258,34,34,11533,11533,8722,9018,82,214,19:11:43,6,1,157,6325,0,2005,99,114,1,5,0,9
mt,90255,ARENÁPOLIS,5101308,31,31,7881,7881,6052,6273,61,160,19:00:12,6,0,115,3621,1,2101,91,111,1,2,0,3
mt,90271,ARIPUANÃ,5101407,54,54,17103,17103,11483,11768,102,183,19:14:53,2,0,159,8794,0,2192,201,120,0,2,2,11
mt,90336,BARRA DO BUGRES,5101704,81,81,22360,22360,16898,17501,185,418,20:57:08,8,1,364,8893,3,7085,268,243,1,11,1,20
mt,90352,BARRA DO GARÇAS,5101803,157,157,47123,47123,35119,36137,379,639,19:30:19,13,4,678,21019,9,11720,598,990,5,30,2,51
mt,90310,BARÃO DE MELGAÇO,5101605,25,25,6862,6862,5484,5630,38,108,20:07:46,28,0,83,2064,1,3158,55,90,0,3,0,2
mt,73709,BOA ESPERANÇA DO NORTE,5101837,13,13,4326,4326,3189,3245,21,35,20:11:33,0,0,88,2243,0,764,59,28,1,0,0,6
mt,90905,BOM JESUS DO ARAGUAIA,5101852,19,19,5661,5661,4053,4160,18,89,19:15:07,2,0,67,2638,0,1161,48,135,0,1,0,1
mt,90468,BRASNORTE,5101902,39,39,12659,12659,8966,9205,57,182,19:29:36,2,0,130,6575,0,2108,78,62,0,4,0,7
mt,98655,CAMPINÁPOLIS,5102603,38,38,11507,11507,8185,8377,41,151,21:09:31,0,2,49,3471,0,4457,41,161,0,1,0,3
mt,90484,CAMPO NOVO DO PARECIS,5102637,88,88,31126,31126,23154,23767,256,357,20:53:13,14,3,407,16547,4,5529,357,247,0,11,2,33
mt,90506,CAMPO VERDE,5102678,96,96,33977,33977,25697,26361,281,383,20:51:50,12,5,522,18026,4,6202,542,348,1,11,1,23
mt,90743,CAMPOS DE JÚLIO,5102686,18,18,6787,6787,4857,4982,47,78,19:15:08,1,0,62,3554,0,1115,88,31,0,5,0,1
mt,90085,CANABRAVA DO NORTE,5102694,14,14,4167,4167,2956,3016,16,44,19:04:13,0,0,54,2090,0,749,24,38,0,0,1,0
mt,91936,CANARANA,5102702,52,52,17766,17766,13356,13624,92,176,19:20:58,0,1,126,10515,2,2339,170,189,3,6,0,5
mt,90760,CARLINDA,5102793,24,24,8400,8400,6062,6271,80,129,20:49:30,1,0,123,3707,0,2064,67,91,0,4,0,5
mt,90549,CASTANHEIRA,5102850,28,28,6035,6035,4407,4570,43,120,18:42:06,3,1,63,3050,0,1174,34,72,1,0,1,8
mt,90590,CHAPADA DOS GUIMARÃES,5103007,66,66,17941,17941,13475,13878,111,292,19:25:19,10,0,250,6773,3,5968,173,277,1,9,0,11
mt,90522,CLÁUDIA,5103056,28,28,8579,8579,6683,6858,65,110,20:07:46,0,0,65,5097,0,1351,105,57,2,2,0,4
mt,98671,COCALINHO,5103106,21,21,5454,5454,3690,3797,31,76,18:15:16,0,1,27,2233,0,1171,39,216,0,0,3,0
mt,89788,COLNIZA,5103254,67,67,19479,19479,13832,14190,129,229,21:01:00,1,1,237,10609,0,2679,163,124,0,7,1,10
mt,89796,COLÍDER,5103205,82,82,23598,23598,17912,18390,171,307,19:17:19,4,3,336,14305,3,2786,276,168,1,7,2,21
mt,99015,COMODORO,5103304,47,47,14317,14317,10155,10499,80,264,20:11:07,8,0,170,7003,3,2733,115,110,0,4,1,8
mt,90280,CONFRESA,5103353,80,80,26068,26068,19460,19945,157,328,20:25:37,9,3,260,14321,0,4262,252,339,0,5,1,8
mt,91006,CONQUISTA D'OESTE,5103361,10,10,3426,3426,2378,2438,9,51,19:07:22,0,2,48,1751,0,539,26,12,0,0,0,0
mt,90425,COTRIGUAÇU,5103379,30,30,7706,7706,5798,5971,41,132,19:29:36,2,2,72,4146,0,1419,70,79,0,4,0,4
mt,90670,CUIABÁ,5103403,1338,1338,456517,456517,361616,373302,4497,7189,20:58:13,702,62,10898,208637,100,123207,8103,8377,46,574,50,860
mt,89800,CURVELÂNDIA,5103437,16,16,4408,4408,3473,3581,34,74,19:08:09,0,0,39,2214,1,1113,40,62,0,3,0,1
mt,90476,CÁCERES,5102504,209,209,62205,62205,45853,47292,525,914,21:02:29,58,8,890,24018,11,19130,703,927,5,40,5,58
mt,98337,DENISE,5103452,21,21,5710,5710,4466,4645,54,125,20:25:17,1,1,91,2523,0,1757,48,42,1,0,1,1
mt,90697,DIAMANTINO,5103502,56,56,16562,16562,12285,12629,118,226,19:07:23,15,0,170,8095,1,3667,183,132,0,9,0,13
mt,90719,DOM AQUINO,5103601,21,21,6230,6230,4840,4997,37,120,19:22:37,0,0,86,2999,0,1582,52,112,0,3,0,6
mt,90786,FELIZ NATAL,5103700,23,23,7181,7181,5303,5403,35,65,18:31:52,0,1,74,3675,1,1449,60,38,0,2,0,3
mt,99031,FIGUEIRÓPOLIS D'OESTE,5103809,12,12,2866,2866,2249,2325,20,56,18:27:07,0,0,25,1758,0,416,26,21,0,1,0,2
mt,90824,GAÚCHA DO NORTE,5103858,21,21,6795,6795,4942,5045,25,78,19:11:21,0,0,55,3271,0,1509,47,56,0,2,0,2
mt,90778,GENERAL CARNEIRO,5103908,16,16,4719,4719,3343,3427,14,70,20:53:53,2,1,39,1742,0,1440,30,84,0,4,0,1
mt,90204,GLÓRIA D'OESTE,5103957,9,9,2685,2685,2078,2133,22,33,18:48:43,0,1,26,1447,0,556,21,25,1,1,0,0
mt,99058,GUARANTÃ DO NORTE,5104104,78,78,22729,22729,17235,17632,131,266,20:47:16,2,2,179,13975,0,2696,254,106,0,4,1,16
mt,90832,GUIRATINGA,5104203,27,27,8175,8175,6170,6391,49,172,18:29:09,1,0,130,3448,1,2322,76,184,0,3,1,4
mt,99074,INDIAVAÍ,5104500,9,9,2028,2028,1612,1663,9,42,17:33:46,1,0,44,1031,0,508,14,14,0,0,0,0
mt,91081,IPIRANGA DO NORTE,5104526,17,17,5997,5997,4703,4774,25,46,18:50:14,2,0,84,3454,0,1043,81,34,0,3,0,2
mt,91103,ITANHANGÁ,5104542,17,17,5239,5239,4083,4147,30,34,18:44:41,0,0,31,3373,0,618,40,17,0,0,0,4
mt,98698,ITAÚBA,5104559,13,13,4349,4349,3198,3288,20,70,18:57:36,0,0,47,2389,0,696,40,19,0,2,0,5
mt,90913,ITIQUIRA,5104609,27,27,9345,9345,6739,6976,90,147,18:30:16,2,1,136,4240,1,2111,109,130,0,4,0,5
mt,90956,JACIARA,5104807,62,62,20547,20547,15510,15986,146,330,19:29:36,5,3,357,10618,3,4059,172,263,0,7,1,22
mt,90565,JANGADA,5104906,27,27,7473,7473,5914,6087,45,128,19:28:53,7,0,96,2682,0,2967,66,93,0,0,0,3
mt,89915,JAURU,5105002,37,37,7115,7115,5125,5284,39,120,18:18:42,2,0,89,3775,1,1155,44,59,0,0,0,0
mt,98191,JUARA,5105101,85,85,25464,25464,18722,19298,205,371,19:24:40,11,0,301,14232,0,3717,212,220,3,8,0,18
mt,90581,JURUENA,5105176,27,27,7692,7692,5457,5618,54,107,18:58:27,3,2,77,3965,1,1295,58,51,0,0,0,5
mt,91898,JUSCIMEIRA,5105200,34,34,8751,8751,6976,7184,66,142,19:08:37,1,0,128,4261,0,2434,51,93,1,2,1,4
mt,98310,JUÍNA,5105150,109,109,34218,34218,24270,25061,293,498,19:28:53,8,5,419,17325,1,5871,322,281,1,6,2,29
mt,90301,LAMBARI D'OESTE,5105234,16,16,4215,4215,3205,3329,35,89,19:29:36,0,0,64,1746,0,1294,51,48,0,0,0,2
mt,90603,LUCAS DO RIO VERDE,5105259,153,153,54792,54792,41398,42434,438,598,18:59:27,21,3,745,30711,13,8636,875,322,2,23,1,46
mt,91057,LUCIARA,5105309,9,9,2406,2406,1845,1888,7,36,18:10:52,4,0,42,1017,0,748,7,24,0,0,1,2
mt,98710,MARCELÂNDIA,5105580,34,34,9499,9499,6711,6934,47,176,19:13:46,1,0,41,5292,1,1265,76,30,1,0,0,4
mt,90620,MATUPÁ,5105606,47,47,15134,15134,11376,11624,94,154,20:13:48,1,1,158,8825,1,2114,165,99,0,3,1,8
mt,91774,MIRASSOL D'OESTE,5105622,65,65,19682,19682,14777,15377,198,402,19:07:23,5,1,226,10277,0,3781,263,200,1,5,3,15
mt,91170,NOBRES,5105903,40,40,12502,12502,9639,9933,96,198,19:12:56,3,0,112,6602,1,2637,125,138,0,4,2,15
mt,91197,NORTELÂNDIA,5106000,22,22,4871,4871,3704,3886,55,127,18:58:27,0,0,120,1798,1,1663,52,68,0,1,0,1
mt,91219,NOSSA SENHORA DO LIVRAMENTO,5106109,50,50,13537,13537,10779,11129,68,282,21:01:00,12,0,175,3739,1,6530,83,219,0,12,0,8
mt,90387,NOVA BANDEIRANTES,5106158,31,31,10127,10127,7382,7569,47,140,19:20:57,0,1,72,6062,0,1120,55,66,0,2,1,3
mt,89818,NOVA BRASILÂNDIA,5106208,14,14,3832,3832,2891,2986,22,73,20:59:40,2,2,83,1500,0,1210,31,60,0,0,0,3
mt,98752,NOVA CANAÃ DO NORTE,5106216,34,34,10256,10256,7533,7787,77,177,19:13:46,1,2,101,5758,1,1499,69,92,1,2,1,6
mt,90140,NOVA GUARITA,5108808,12,12,4119,4119,3091,3183,35,57,20:59:20,0,1,48,2075,0,900,43,21,0,1,0,2
mt,90867,NOVA LACERDA,5106182,15,15,4972,4972,3355,3458,21,82,19:20:57,1,1,91,2201,0,978,40,36,0,2,1,4
mt,90166,NOVA MARILÂNDIA,5108857,10,10,3030,3030,2243,2313,30,40,18:56:34,0,0,49,1392,1,758,20,19,1,1,0,2
mt,90123,NOVA MARINGÁ,5108907,15,15,4626,4626,3257,3347,22,68,17:51:33,3,0,29,2432,0,741,33,18,0,0,0,1
mt,90360,NOVA MONTE VERDE,5108956,20,20,6036,6036,4588,4720,51,81,18:23:56,0,1,78,3339,0,1041,71,56,0,1,0,1
mt,90646,NOVA MUTUM,5106224,115,115,37953,37953,29224,29958,357,377,18:59:06,21,0,638,22032,8,5669,559,242,2,14,1,38
mt,90964,NOVA NAZARÉ,5106174,14,14,3521,3521,2316,2405,8,81,18:00:37,1,1,32,1191,0,1011,15,65,0,0,0,0
mt,98736,NOVA OLÍMPIA,5106232,45,45,12967,12967,9754,10181,150,277,19:30:19,4,2,204,4935,1,4303,157,137,0,4,4,3
mt,89826,NOVA SANTA HELENA,5106190,10,10,3384,3384,2515,2589,12,62,19:24:39,1,1,31,1830,0,587,42,22,0,1,0,0
mt,90883,NOVA UBIRATÃ,5106240,23,23,7592,7592,5537,5648,38,73,19:09:24,0,1,99,4121,0,1186,85,43,0,2,0,0
mt,91952,NOVA XAVANTINA,5106257,51,51,16249,16249,11696,12039,100,243,20:12:43,2,6,147,8243,3,2868,162,248,0,8,0,9
mt,98795,NOVO HORIZONTE DO NORTE,5106273,12,12,3305,3305,2546,2604,16,42,19:22:37,0,2,69,1779,0,648,22,23,0,1,0,2
mt,90808,NOVO MUNDO,5106265,17,17,6075,6075,4465,4559,29,65,19:31:53,0,0,49,3294,2,1043,27,46,0,0,0,4
mt,90948,NOVO SANTO ANTÔNIO,5106315,6,6,2039,2039,1402,1440,8,30,18:22:50,0,0,33,950,0,376,9,33,0,1,0,0
mt,98779,NOVO SÃO JOAQUIM,5106281,19,19,5505,5505,4030,4151,22,99,18:28:22,0,0,49,2796,0,1035,36,112,0,1,0,1
mt,89834,PARANATINGA,5106307,55,55,16917,16917,12327,12620,78,215,19:20:57,2,1,180,8745,0,3087,154,143,1,7,1,6
mt,98833,PARANAÍTA,5106299,29,29,9406,9406,7047,7248,66,135,20:53:53,2,0,106,5150,0,1630,71,79,0,2,0,7
mt,91812,PEDRA PRETA,5106372,42,42,14477,14477,10632,11036,135,269,19:07:22,4,1,174,6283,1,3751,193,209,0,9,0,7
mt,98817,PEIXOTO DE AZEVEDO,5106422,80,80,23802,23802,17193,17679,180,306,20:49:30,10,3,310,10882,3,5506,267,192,0,12,0,8
mt,90344,PLANALTO DA SERRA,5106455,11,11,3110,3110,2280,2356,18,58,18:44:25,1,1,55,1193,1,953,33,39,0,1,0,3
mt,91294,POCONÉ,5106505,89,89,25545,25545,18827,19450,207,416,20:59:40,11,1,311,7486,2,10514,140,346,0,9,0,7
mt,90700,PONTAL DO ARAGUAIA,5106653,18,18,5354,5354,4227,4339,33,79,20:11:49,2,0,82,2495,1,1408,88,143,0,6,0,2
mt,91332,PONTE BRANCA,5106703,9,9,2037,2037,1484,1548,20,44,17:36:03,1,0,49,680,1,704,5,42,0,0,1,1
mt,89990,PONTES E LACERDA,5106752,130,130,34620,34620,25111,25860,265,484,20:17:38,8,0,440,19351,1,4594,383,295,2,13,0,24
mt,98850,PORTO ALEGRE DO NORTE,5106778,33,33,7904,7904,5877,6045,49,119,19:15:07,1,0,76,3863,1,1779,44,107,0,4,1,1
mt,91359,PORTO DOS GAÚCHOS,5106802,14,14,4455,4455,3344,3431,29,58,19:22:17,1,0,34,2583,1,640,48,35,0,1,0,1
mt,98876,PORTO ESPERIDIÃO,5106828,26,26,8053,8053,5739,5944,32,173,20:53:53,0,0,67,3488,1,2055,68,56,0,1,1,2
mt,90182,PORTO ESTRELA,5106851,13,13,3328,3328,2578,2665,14,73,19:20:56,0,1,27,1048,1,1443,13,42,0,0,1,2
mt,91391,POXORÉU,5107008,53,53,14509,14509,10426,10801,120,255,19:24:12,4,1,269,5778,0,4058,118,187,1,5,0,5
mt,98892,PRIMAVERA DO LESTE,5107040,159,159,57120,57120,43218,44309,411,680,19:29:53,22,2,792,32776,5,8209,782,539,3,38,1,49
mt,90069,QUERÊNCIA,5107065,54,54,18997,18997,13985,14247,80,182,19:07:43,1,0,198,10420,0,2992,137,230,1,3,0,3
mt,98914,RESERVA DO CABAÇAL,5107156,6,6,1838,1838,1415,1465,14,36,18:46:31,0,0,49,812,0,524,12,17,0,0,0,1
mt,90662,RIBEIRÃO CASCALHEIRA,5107180,27,27,7618,7618,5651,5818,38,129,18:49:58,1,0,60,3961,0,1483,32,109,0,2,0,3
mt,90441,RIBEIRÃOZINHO,5107198,8,8,2466,2466,1926,1979,16,37,18:33:55,6,0,45,1064,1,706,32,69,0,0,0,3
mt,89958,RIO BRANCO,5107206,13,13,3897,3897,2936,3051,34,81,19:28:53,0,1,69,1732,2,1035,46,45,1,0,0,5
mt,89960,RONDOLÂNDIA,5107578,12,12,3084,3084,2233,2298,10,55,18:41:09,0,0,31,1295,0,861,24,20,0,0,0,2
mt,91510,RONDONÓPOLIS,5107602,547,547,177622,177622,132616,136921,1599,2706,20:52:50,68,26,2668,85901,27,38046,2691,2867,8,125,10,179
mt,91537,ROSÁRIO OESTE,5107701,45,45,13155,13155,9857,10185,85,243,21:09:31,3,1,147,5223,1,4253,87,130,0,4,1,7
mt,89974,SALTO DO CÉU,5107750,10,10,3076,3076,2326,2408,30,52,21:01:00,0,0,38,1566,1,680,14,24,0,0,0,3
mt,90107,SANTA CARMEM,5107248,12,12,4178,4178,3376,3457,37,44,19:01:37,2,0,59,2624,0,612,51,25,0,2,0,1
mt,90980,SANTA CRUZ DO XINGU,5107743,7,7,2268,2268,1610,1651,7,34,19:22:37,0,0,27,1175,0,370,21,14,2,1,0,0
mt,91049,SANTA RITA DO TRIVELATO,5107768,9,9,2606,2606,1981,2027,17,29,18:21:54,2,0,74,1373,1,478,32,18,0,3,0,0
mt,91979,SANTA TEREZINHA,5107776,23,23,5358,5358,3788,3919,17,114,19:25:41,0,0,78,1909,0,1693,25,79,0,2,1,1
mt,90328,SANTO AFONSO,5107263,12,12,2661,2661,2011,2073,22,40,19:23:03,0,0,59,1251,0,652,25,24,0,0,0,0
mt,89843,SANTO ANTÔNIO DO LESTE,5107792,10,10,2731,2731,1967,2028,6,55,17:53:54,0,0,36,1219,0,660,21,29,0,1,0,1
mt,91553,SANTO ANTÔNIO DO LEVERGER,5107800,55,55,17145,17145,13325,13710,112,273,20:19:08,19,3,242,6285,0,6337,133,277,1,13,1,14
mt,90727,SAPEZAL,5107875,55,55,20539,20539,14652,15044,158,234,18:59:28,2,1,256,10477,1,3520,272,105,0,7,1,10
mt,90921,SERRA NOVA DOURADA,5107883,5,5,1725,1725,1156,1183,3,24,19:22:37,0,0,11,836,0,271,7,31,0,0,0,0
mt,89850,SINOP,5107909,346,346,127167,127167,96146,98342,816,1380,19:23:03,51,9,1728,73701,29,17568,1967,903,2,80,2,106
mt,98930,SORRISO,5107925,206,206,76028,76028,58458,59713,486,769,19:10:37,17,6,1049,43990,9,11829,1056,431,2,28,1,40
mt,91839,SÃO FÉLIX DO ARAGUAIA,5107859,31,31,8490,8490,5769,5928,24,135,18:59:06,0,3,75,3600,1,1921,49,117,0,1,0,2
mt,90026,SÃO JOSÉ DO POVO,5107297,10,10,3000,3000,2292,2376,19,65,19:12:56,0,1,51,1307,0,852,16,59,0,2,1,3
mt,91995,SÃO JOSÉ DO RIO CLARO,5107305,39,39,11217,11217,8596,8842,74,172,19:07:00,7,1,98,6570,3,1741,83,79,0,5,1,8
mt,90247,SÃO JOSÉ DO XINGU,5107354,17,17,5340,5340,3586,3691,31,74,18:31:51,3,0,53,2293,0,1153,35,49,0,0,0,0
mt,89931,SÃO JOSÉ DOS QUATRO MARCOS,5107107,56,56,13117,13117,9870,10253,141,242,18:34:55,1,1,117,6871,5,2640,122,105,0,0,1,7
mt,90409,SÃO PEDRO DA CIPA,5107404,12,12,3891,3891,3049,3119,28,42,19:10:58,0,0,50,1736,2,1213,20,21,0,1,0,6
mt,90220,TABAPORÃ,5107941,23,23,8039,8039,5796,5923,46,81,19:09:45,1,1,78,4500,1,1093,63,50,0,2,0,7
mt,91855,TANGARÁ DA SERRA,5107958,220,220,70136,70136,52755,54250,586,909,19:29:36,26,8,1039,38028,10,11800,973,754,2,43,7,65
mt,90689,TAPURAH,5108006,27,27,9694,9694,7485,7642,49,108,19:16:11,1,1,91,5887,2,1351,109,40,0,3,0,0
mt,98957,TERRA NOVA DO NORTE,5108055,32,32,9125,9125,6773,6971,83,115,21:22:37,0,0,126,4591,0,1873,89,87,0,1,2,4
mt,91618,TESOURO,5108105,10,10,2759,2759,2035,2101,13,53,19:29:37,2,0,40,1024,1,879,22,64,0,2,0,1
mt,91634,TORIXORÉU,5108204,13,13,3727,3727,2909,2992,14,69,18:21:09,2,0,48,1663,0,1057,37,100,0,1,0,1
mt,90840,UNIÃO DO SUL,5108303,10,10,3630,3630,2640,2681,15,26,18:44:42,0,0,18,1918,0,663,24,15,0,0,0,2
mt,91022,VALE DE SÃO DOMINGOS,5108352,10,10,2721,2721,2088,2146,10,48,19:09:45,2,0,11,1610,0,415,18,27,0,3,0,2
mt,98973,VERA,5108501,23,23,7850,7850,5997,6174,62,115,18:43:14,0,2,100,4397,0,1337,104,46,1,4,0,6
mt,91090,VILA BELA DA SANTÍSSIMA TRINDADE,5105507,43,43,11198,11198,8081,8318,50,187,20:16:38,4,1,126,4975,1,2791,63,111,0,4,0,5
mt,98990,VILA RICA,5108600,49,49,13846,13846,10024,10315,95,196,18:44:24,3,0,119,7421,0,2213,88,175,0,2,0,3
mt,91677,VÁRZEA GRANDE,5108402,581,581,194985,194985,151684,156729,2100,2945,20:50:39,507,11,3649,85581,28,55331,2896,3215,13,191,36,226
mt,91910,ÁGUA BOA,5100201,77,77,21159,21159,15741,16113,125,247,18:33:55,0,3,197,12438,0,2549,256,285,1,1,1,10
ms,55018,ALCINÓPOLIS,5000252,13,13,3809,3809,2836,2915,22,57,18:13:11,1,0,100,1510,0,1092,53,77,0,1,0,2
ms,90115,AMAMBAI,5000609,96,96,27203,27203,18422,18880,145,313,19:07:08,7,1,316,10701,0,6943,252,164,8,12,0,18
ms,90131,ANASTÁCIO,5000708,79,79,18203,18203,12954,13312,150,208,19:32:20,13,2,280,7224,0,5052,159,187,0,13,1,23
ms,90158,ANAURILÂNDIA,5000807,22,22,6297,6297,4628,4777,38,111,18:24:01,1,0,161,2396,0,1933,59,73,0,1,0,4
ms,91693,ANGÉLICA,5000856,30,30,8695,8695,6114,6330,82,134,19:20:55,2,1,180,3246,0,2453,147,72,0,1,0,12
ms,90174,ANTÔNIO JOÃO,5000906,28,28,7911,7911,5822,6025,68,135,19:20:55,0,0,116,3542,1,2031,77,49,0,2,0,4
ms,90190,APARECIDA DO TABOADO,5001003,61,61,19558,19558,13571,14220,248,401,18:31:50,4,2,324,8093,4,4599,270,234,1,6,7,27
ms,90212,AQUIDAUANA,5001102,143,143,36393,36393,25127,25813,339,347,19:20:55,14,6,550,12723,3,11058,405,320,3,14,0,31
ms,91715,ARAL MOREIRA,5001243,31,31,8273,8273,6235,6400,41,124,19:22:08,1,1,86,3563,1,2504,56,15,0,2,1,5
ms,90298,BANDEIRANTES,5001508,24,24,6799,6799,4889,5054,51,114,18:29:08,1,0,128,2842,2,1734,95,76,1,2,0,8
ms,90379,BATAGUASSU,5001904,69,69,19771,19771,13716,14263,237,310,18:33:53,7,2,378,7765,3,5075,288,165,2,6,0,25
ms,90395,BATAYPORÃ,5002001,30,30,8414,8414,5940,6130,60,130,20:07:29,0,0,137,3307,0,2360,67,59,0,2,0,8
ms,90417,BELA VISTA,5002100,67,67,16420,16420,11683,11967,104,180,19:22:08,2,5,191,6983,1,4235,164,90,0,7,0,5
ms,98019,BODOQUENA,5002159,28,28,6487,6487,4794,4931,53,84,18:30:14,2,1,142,2574,1,1943,79,47,0,2,1,2
ms,90433,BONITO,5002209,64,64,19254,19254,13861,14181,127,193,18:38:25,7,1,352,8663,1,4388,231,185,0,4,2,27
ms,90450,BRASILÂNDIA,5002308,34,34,9576,9576,6304,6539,84,151,17:51:49,0,1,150,3941,0,2019,82,99,0,3,1,8
ms,90557,CAARAPÓ,5002407,73,73,22152,22152,15845,16245,151,249,20:10:47,4,0,289,10049,3,5160,193,123,1,3,1,19
ms,90492,CAMAPUÃ,5002605,44,44,10948,10948,8003,8240,83,154,18:43:13,3,3,129,4886,0,2725,83,160,2,6,0,6
ms,90514,CAMPO GRANDE,5002704,2189,2189,641185,641185,493688,512243,8120,10435,19:22:08,260,120,16454,289672,172,159856,14315,10578,86,689,101,1385
ms,90530,CARACOL,5002803,22,22,4723,4723,3579,3636,16,41,18:19:22,3,0,61,2214,0,1241,24,31,0,1,1,3
ms,90573,CASSILÂNDIA,5002902,55,55,15301,15301,10701,11165,149,315,18:46:30,4,5,218,6951,0,2961,125,418,0,1,1,17
ms,91782,CHAPADÃO DO SUL,5002951,76,76,23000,23000,16972,17409,177,260,18:41:07,5,1,318,12182,2,3860,317,252,3,5,1,26
ms,90611,CORGUINHO,5003108,17,17,4479,4479,3249,3353,33,71,18:38:25,1,0,85,1750,0,1287,48,69,0,1,2,6
ms,98590,CORONEL SAPUCAIA,5003157,49,49,12105,12105,9579,9894,85,230,19:29:33,0,2,121,4988,0,4295,119,46,0,1,1,6
ms,90638,CORUMBÁ,5003207,249,249,67548,67548,49644,51312,793,875,21:03:36,39,12,803,24513,8,22332,953,848,8,54,2,72
ms,98035,COSTA RICA,5003256,76,76,22355,22355,15565,16061,189,307,18:55:34,3,2,353,10033,0,4613,248,294,0,6,0,13
ms,90654,COXIM,5003306,105,105,26464,26464,18767,19354,237,350,18:37:13,2,2,398,10656,4,7119,261,293,3,8,0,21
ms,91758,DEODÁPOLIS,5003454,42,42,10690,10690,7882,8161,112,167,19:20:55,2,1,209,4411,2,3048,108,86,1,3,1,10
ms,91804,DOIS IRMÃOS DO BURITI,5003488,34,34,8601,8601,6346,6512,68,98,19:20:55,0,0,93,2509,0,3579,76,86,0,3,0,0
ms,98051,DOURADINA,5003504,18,18,4920,4920,4020,4131,19,92,19:24:37,0,0,90,2506,0,1358,39,27,0,0,0,0
ms,90735,DOURADOS,5003702,583,583,166869,166869,128832,133124,1794,2498,19:30:35,50,24,3561,79483,49,40477,3040,1731,25,113,27,252
ms,91731,ELDORADO,5003751,35,35,8988,8988,6087,6302,79,136,20:37:46,3,2,155,3759,1,2021,95,40,0,2,0,9
ms,55069,FIGUEIRÃO,5003900,10,10,2805,2805,2088,2152,27,37,18:25:52,1,0,45,1151,0,792,26,72,0,0,1,0
ms,90751,FÁTIMA DO SUL,5003801,62,62,16886,16886,12776,13209,175,258,19:15:24,6,1,339,7072,1,4939,222,162,1,11,1,21
ms,90794,GLÓRIA DE DOURADOS,5004007,31,31,8125,8125,6011,6225,80,134,19:26:02,3,0,119,3427,0,2278,108,64,0,2,1,9
ms,90816,GUIA LOPES DA LAGUNA,5004106,30,30,7950,7950,5604,5797,57,136,18:43:13,0,0,109,3255,0,2092,72,62,0,2,0,12
ms,90859,IGUATEMI,5004304,34,34,10722,10722,7358,7561,70,133,18:47:43,0,3,170,4552,0,2452,99,77,1,0,0,4
ms,90875,INOCÊNCIA,5004403,23,23,7251,7251,4491,4681,66,124,18:22:10,6,1,98,2721,0,1514,52,85,0,5,0,9
ms,90891,ITAPORÃ,5004502,47,47,14201,14201,11289,11633,133,211,18:59:26,1,3,198,7419,3,3349,191,107,0,2,1,15
ms,98078,ITAQUIRAÍ,5004601,52,52,14628,14628,9844,10129,96,189,19:22:32,0,1,259,4871,0,4474,124,97,0,2,0,16
ms,90930,IVINHEMA,5004700,66,66,21196,21196,15141,15630,219,270,19:20:55,11,3,381,9512,0,4696,315,188,1,9,3,22
ms,55034,JAPORÃ,5004809,23,23,6581,6581,4866,5053,20,167,20:13:48,0,1,79,1452,0,3273,38,21,0,1,0,1
ms,90972,JARAGUARI,5004908,20,20,6048,6048,4387,4510,36,87,18:24:56,4,1,131,2211,0,1870,69,91,0,7,0,3
ms,90999,JARDIM,5005004,69,69,18633,18633,13151,13538,144,243,18:34:56,4,0,251,8299,1,4191,253,126,0,4,2,20
ms,91014,JATEÍ,5005103,16,16,4340,4340,3302,3367,29,36,18:42:04,0,0,49,1822,0,1368,34,24,0,1,0,4
ms,91820,JUTI,5005152,21,21,5982,5982,4216,4327,29,82,18:48:40,2,0,68,2196,1,1873,46,26,0,1,0,3
ms,91030,LADÁRIO,5005202,50,50,13609,13609,9915,10248,141,192,18:46:30,3,1,189,4969,1,4451,142,133,2,15,2,7
ms,55026,LAGUNA CARAPÃ,5005251,19,19,5465,5465,4182,4275,30,63,20:58:12,1,1,68,2667,3,1358,56,25,0,1,0,2
ms,91073,MARACAJU,5005400,111,111,29813,29813,22524,23048,207,317,20:10:47,6,10,448,16185,1,5356,319,162,1,11,3,22
ms,91111,MIRANDA,5005608,76,76,20066,20066,14121,14503,140,242,20:16:25,0,2,266,5937,0,7626,156,124,1,2,1,6
ms,91790,MUNDO NOVO,5005681,50,50,14988,14988,10570,10970,132,268,18:54:38,7,3,233,6593,0,3461,171,85,0,5,2,10
ms,91138,NAVIRAÍ,5005707,136,136,37528,37528,26830,27689,357,502,18:30:35,5,4,598,17261,4,8020,586,286,2,11,2,51
ms,91154,NIOAQUE,5005806,42,42,10377,10377,7813,7968,57,98,19:30:35,1,2,105,4238,0,3297,92,72,0,4,0,2
ms,55000,NOVA ALVORADA DO SUL,5006002,54,54,16244,16244,10372,10655,120,163,18:12:09,0,2,245,5815,4,4003,173,116,0,2,3,9
ms,91235,NOVA ANDRADINA,5006200,122,122,35629,35629,24451,25197,353,393,20:10:47,9,4,693,14489,3,8442,463,297,1,7,1,42
ms,55042,NOVO HORIZONTE DO SUL,5006259,16,16,3610,3610,2763,2856,33,60,18:34:56,0,0,78,1442,0,1177,47,17,0,0,0,2
ms,91251,PARANAÍBA,5006309,107,107,31506,31506,22386,23316,402,528,19:12:40,8,5,585,12815,3,8030,309,554,2,14,3,58
ms,91847,PARANHOS,5006358,32,32,9433,9433,5950,6257,45,262,20:48:25,0,2,73,2600,0,3192,56,22,0,0,0,5
ms,55050,PARAÍSO DAS ÁGUAS,5006275,16,16,4335,4335,3087,3179,35,57,18:37:13,0,0,60,2253,0,701,26,41,0,4,0,2
ms,91278,PEDRO GOMES,5006408,22,22,6048,6048,4462,4611,45,104,18:54:38,2,1,53,2508,2,1784,50,62,0,0,0,0
ms,91316,PONTA PORÃ,5006606,249,249,69957,69957,50133,52170,984,1053,19:20:55,33,36,1061,31418,13,15824,1076,501,10,75,8,78
ms,91375,PORTO MURTINHO,5006903,30,30,8647,8647,5622,5768,58,88,20:51:48,0,0,107,2949,0,2441,94,27,0,0,1,3
ms,91413,RIBAS DO RIO PARDO,5007109,60,60,16370,16370,10934,11283,142,207,18:25:53,5,1,276,6317,3,3970,221,119,1,6,1,14
ms,91430,RIO BRILHANTE,5007208,87,87,26188,26188,19195,19729,231,303,18:47:43,10,4,389,11885,2,6397,327,152,0,13,1,15
ms,91456,RIO NEGRO,5007307,16,16,4176,4176,3144,3248,38,66,18:31:50,1,1,67,1775,0,1215,30,53,1,0,0,1
ms,91472,RIO VERDE DE MATO GROSSO,5007406,56,56,13917,13917,10162,10427,88,177,18:37:12,5,3,224,6090,3,3583,127,115,1,5,1,5
ms,91499,ROCHEDO,5007505,16,16,4984,4984,3578,3705,49,78,18:11:01,3,0,86,2125,4,1229,59,68,0,1,0,3
ms,91863,SANTA RITA DO PARDO,5007554,18,18,5541,5541,3534,3671,52,85,18:17:47,0,0,117,2061,0,1219,64,63,0,1,0,9
ms,98116,SELVÍRIA,5007802,22,22,7236,7236,4966,5241,109,166,19:22:32,3,0,135,2363,1,2305,90,59,0,3,1,6
ms,98132,SETE QUEDAS,5007703,34,34,7773,7773,5544,5750,56,150,18:38:42,2,1,83,3659,0,1694,65,34,1,1,1,3
ms,91570,SIDROLÂNDIA,5007901,118,118,35153,35153,24783,25508,323,402,19:17:17,11,7,579,13860,5,9542,406,316,1,15,1,40
ms,91880,SONORA,5007935,40,40,11254,11254,8401,8636,100,135,18:37:13,1,2,156,4947,0,3066,131,85,0,8,0,5
ms,98094,SÃO GABRIEL DO OESTE,5007695,73,73,23080,23080,16940,17363,192,231,19:12:40,4,5,379,11840,6,4130,319,233,0,6,0,18
ms,98159,TACURU,5007950,22,22,7003,7003,4490,4663,53,120,19:11:44,0,2,126,1695,0,2596,45,23,0,2,0,1
ms,98175,TAQUARUSSU,5007976,13,13,3942,3942,2895,2946,16,35,19:08:55,1,0,44,1413,0,1381,28,28,0,0,0,0
ms,91596,TERENOS,5008008,48,48,13850,13850,10407,10749,121,221,19:10:03,3,3,257,5363,3,4404,166,183,0,6,2,17
ms,91650,TRÊS LAGOAS,5008305,297,297,88506,88506,62576,65127,1250,1301,19:05:09,16,16,1825,36690,28,21347,1522,905,12,48,15,152
ms,91901,VICENTINA,5008404,21,21,5998,5998,4674,4817,69,74,19:10:45,2,2,117,2164,0,2237,94,57,0,0,0,1
ms,90034,ÁGUA CLARA,5000203,43,43,13465,13465,8695,8956,107,154,18:12:09,5,1,202,5370,0,2865,160,78,0,4,0,10
mg,40010,ABADIA DOS DOURADOS,3100104,21,21,5720,5720,4374,4597,66,157,20:05:06,2,1,99,2285,2,1742,60,162,0,2,0,19
mg,40037,ABAETÉ,3100203,62,62,17445,17445,13365,13969,264,340,18:47:56,2,1,376,7518,0,4853,210,279,2,8,0,116
mg,40053,ABRE CAMPO,3100302,40,40,12103,12103,8920,9483,197,366,19:16:23,2,1,247,3728,0,4657,145,97,0,8,0,35
mg,40070,ACAIACA,3100401,13,13,3518,3518,2515,2683,39,129,19:11:11,0,0,83,776,2,1577,26,35,0,0,0,16
mg,40150,AGUANIL,3100807,13,13,4331,4331,3096,3305,86,123,20:36:27,0,1,114,1443,0,1367,56,105,1,4,0,5
mg,40215,AIMORÉS,3101102,64,64,19149,19149,13582,14096,237,277,20:58:23,1,3,237,7590,2,5379,191,110,3,5,0,61
mg,40231,AIURUOCA,3101201,20,20,4838,4838,3525,3792,85,182,19:21:13,1,2,109,1634,3,1603,71,73,0,9,0,20
mg,40258,ALAGOA,3101300,9,9,2619,2619,1965,2046,41,40,19:21:10,0,0,61,1240,0,573,29,35,1,2,0,24
mg,40274,ALBERTINA,3101409,10,10,3575,3575,2674,2790,41,75,20:07:47,2,0,56,1776,1,748,26,48,0,1,0,16
mg,40312,ALFENAS,3101607,177,177,61027,61027,43642,45855,1133,1080,20:02:15,6,8,1272,25475,20,15031,838,664,3,38,14,273
mg,40002,ALFREDO VASCONCELOS,3101631,18,18,6138,6138,4701,5037,112,224,20:47:27,1,0,236,1993,1,2215,78,132,0,2,0,43
mg,40339,ALMENARA,3101706,108,108,31120,31120,21351,22411,277,783,20:55:46,3,5,487,6331,0,14005,319,139,1,7,2,52
mg,40355,ALPERCATA,3101805,23,23,6064,6064,4500,4701,91,110,18:33:50,0,0,80,2117,2,2182,63,29,4,3,0,20
mg,40371,ALPINÓPOLIS,3101904,47,47,16047,16047,12001,12536,206,329,18:57:42,0,1,506,6537,2,4443,225,202,2,11,0,72
mg,40398,ALTEROSA,3102001,42,42,12246,12246,9286,9725,203,236,19:01:47,1,4,287,5080,1,3615,132,133,0,2,1,30
mg,41661,ALTO CAPARAÓ,3102050,13,13,4564,4564,3698,3796,36,62,20:50:49,1,0,74,2512,1,1010,41,40,0,0,0,19
mg,50695,ALTO JEQUITIBÁ,3153509,28,28,7177,7177,5521,5776,95,160,20:14:31,0,0,110,3473,2,1767,87,43,0,4,0,35
mg,40410,ALTO RIO DOCE,3102100,34,34,10053,10053,6727,7171,167,277,19:32:01,0,1,187,2205,1,4069,112,123,1,3,3,22
mg,40436,ALVARENGA,3102209,19,19,4518,4518,3462,3572,38,72,19:07:12,0,0,66,1586,0,1710,56,34,1,0,0,9
mg,40452,ALVINÓPOLIS,3102308,42,42,13098,13098,9202,9877,226,449,19:25:30,3,2,295,3095,2,5519,113,126,1,5,0,41
mg,40479,ALVORADA DE MINAS,3102407,16,16,4946,4946,3109,3336,57,170,19:26:28,0,1,107,981,1,1913,23,65,0,2,0,16
mg,40290,ALÉM PARAÍBA,3101508,106,106,27004,27004,19450,20323,386,487,20:02:15,10,1,466,8346,8,9703,337,418,3,20,1,137
mg,40495,AMPARO DO SERRA,3102506,18,18,4531,4531,3360,3508,48,100,19:08:53,1,0,129,854,0,2298,45,28,0,1,0,4
mg,40517,ANDRADAS,3102605,100,100,30179,30179,21463,22852,614,775,18:57:44,6,5,632,13467,6,6054,426,452,1,19,5,390
mg,40550,ANDRELÂNDIA,3102803,37,37,9886,9886,6748,7216,212,256,18:48:53,1,0,227,3036,2,3190,102,119,1,5,1,64
mg,41688,ANGELÂNDIA,3102852,21,21,6879,6879,4692,4967,66,209,20:10:44,1,0,180,2302,0,2069,59,57,0,3,0,21
mg,40576,ANTÔNIO CARLOS,3102902,33,33,9889,9889,7248,7776,228,300,20:15:05,2,1,259,2599,0,4036,99,194,0,5,2,51
mg,40592,ANTÔNIO DIAS,3103009,35,35,9101,9101,6406,6790,134,250,21:59:49,0,0,188,2883,1,3172,63,64,0,1,1,33
mg,40614,ANTÔNIO PRADO DE MINAS,3103108,9,9,1915,1915,1493,1551,19,39,17:48:38,1,1,50,661,1,711,35,25,0,1,0,7
mg,40657,ARACITABA,3103306,9,9,2839,2839,1987,2130,48,95,20:13:57,1,2,43,796,0,1061,31,49,0,0,1,3
mg,40690,ARAGUARI,3103504,286,286,90272,90272,66984,69735,1081,1670,19:21:12,19,11,1673,40252,25,20925,1335,2294,5,46,4,395
mg,40711,ARANTINA,3103603,9,9,2872,2872,2095,2240,64,81,19:21:11,0,1,103,751,0,1167,33,33,0,2,0,5
mg,40738,ARAPONGA,3103702,24,24,6500,6500,4914,5353,155,284,19:30:35,0,4,112,1333,0,3282,83,88,0,4,0,8
mg,40029,ARAPORÃ,3103751,19,19,7006,7006,5303,5494,71,120,18:09:28,0,0,112,2786,1,2044,117,216,0,6,0,21
mg,40754,ARAPUÁ,3103801,11,11,3487,3487,2548,2711,62,101,18:42:15,0,0,40,1704,2,703,28,55,1,6,0,9
mg,40797,ARAXÁ,3104007,248,248,81839,81839,59879,63006,1325,1802,20:17:35,16,8,1681,31626,19,21347,1170,1165,0,45,5,2797
mg,40630,ARAÇAÍ,3103207,10,10,2834,2834,2103,2208,40,65,18:55:58,1,0,68,944,0,998,31,47,1,0,0,13
mg,40673,ARAÇUAÍ,3103405,90,90,28297,28297,18847,19735,316,572,20:33:22,2,4,354,6666,4,11299,256,167,0,9,0,86
mg,40770,ARAÚJOS,3103900,21,21,6636,6636,5313,5551,88,150,20:51:54,0,1,262,3338,0,1557,62,60,1,5,0,27
mg,40819,ARCEBURGO,3104106,21,21,7685,7685,5668,6043,139,236,19:07:53,2,1,170,3193,1,1988,185,90,1,2,4,31
mg,40835,ARCOS,3104205,109,109,33540,33540,24832,26302,714,756,20:36:56,8,2,893,14028,2,8408,527,642,3,16,1,302
mg,40851,AREADO,3104304,39,39,11770,11770,8584,9048,219,245,18:37:54,0,0,325,4959,2,2900,150,189,0,7,1,51
mg,40878,ARGIRITA,3104403,12,12,3035,3035,2360,2438,29,49,19:12:09,0,0,48,807,0,1434,30,33,0,0,0,8
mg,41700,ARICANDUVA,3104452,15,15,5172,5172,3564,3782,88,130,19:03:24,1,0,182,1263,1,2016,41,53,0,2,1,4
mg,40894,ARINOS,3104502,48,48,14460,14460,9895,10322,110,317,20:43:38,0,1,215,4172,0,5115,158,212,2,1,0,19
mg,40916,ASTOLFO DUTRA,3104601,36,36,10808,10808,8265,8655,168,222,19:29:53,1,0,209,4028,1,3703,187,119,1,2,0,14
mg,40932,ATALÉIA,3104700,38,38,11033,11033,7317,7658,80,261,23:42:39,0,3,166,2507,0,4475,55,69,0,3,0,39
mg,40959,AUGUSTO DE LIMA,3104809,19,19,4467,4467,2947,3101,55,99,20:17:34,1,2,91,1234,0,1501,32,74,0,1,0,11
mg,40096,AÇUCENA,3100500,34,34,8227,8227,5073,5412,114,225,19:25:58,1,2,125,2061,1,2771,55,45,0,0,1,11
mg,40975,BAEPENDI,3104908,53,53,15621,15621,11735,12336,238,363,20:20:05,3,1,413,6905,3,3846,248,251,0,12,0,53
mg,40991,BALDIM,3105004,27,27,7093,7093,5405,5685,123,157,20:53:11,0,2,198,2492,2,2375,63,212,1,5,0,55
mg,41017,BAMBUÍ,3105103,65,65,19001,19001,13270,14059,369,420,20:38:28,4,1,445,6202,6,5851,269,395,1,10,0,86
mg,41033,BANDEIRA,3105202,16,16,4576,4576,2982,3218,51,185,19:16:22,0,0,79,630,0,2237,19,15,0,0,0,2
mg,41050,BANDEIRA DO SUL,3105301,18,18,5237,5237,3944,4136,89,103,20:19:37,1,0,108,2242,0,1359,86,119,0,6,0,23
mg,41114,BARBACENA,3105608,322,322,99361,99361,73323,78398,1985,3090,21:01:01,30,16,2824,31062,34,35266,1933,1435,7,71,22,623
mg,41130,BARRA LONGA,3105707,24,24,5500,5500,3865,4133,90,178,19:08:53,0,0,106,1145,1,2513,24,55,0,0,1,20
mg,41173,BARROSO,3105905,54,54,17476,17476,12656,13791,525,610,21:03:02,3,1,526,5110,2,6454,216,245,0,9,6,84
mg,41076,BARÃO DE COCAIS,3105400,76,76,24133,24133,17714,19178,638,826,21:00:27,11,1,934,7794,15,7920,393,419,0,26,8,193
mg,41092,BARÃO DE MONTE ALTO,3105509,19,19,5613,5613,4116,4270,49,105,20:50:13,0,0,81,1535,0,2394,24,66,0,1,2,13
mg,41190,BELA VISTA DE MINAS,3106002,33,33,8231,8231,6240,6598,162,196,19:13:10,3,1,196,2305,0,3508,93,95,1,7,0,31
mg,41211,BELMIRO BRAGA,3106101,12,12,3228,3228,2497,2593,35,61,20:41:26,1,0,62,876,0,1470,41,32,0,0,1,14
mg,41238,BELO HORIZONTE,3106200,4927,4927,1966966,1966966,1430488,1502632,30483,41661,22:22:28,554,315,52809,690960,969,592037,39081,33055,335,2636,273,17464
mg,41254,BELO ORIENTE,3106309,70,70,20697,20697,14627,15361,280,454,20:54:31,3,1,397,7209,4,6621,235,96,0,7,2,52
mg,41270,BELO VALE,3106408,31,31,8588,8588,6455,6828,160,213,19:23:19,1,0,234,2728,2,3205,90,154,1,4,1,35
mg,41297,BERILO,3106507,38,38,8995,8995,5630,6020,118,272,20:46:27,0,1,127,1369,0,3957,69,75,0,1,3,28
mg,41726,BERIZAL,3106655,13,13,4307,4307,3199,3356,40,117,21:57:24,0,0,125,1009,1,1952,44,51,0,6,0,11
mg,41319,BERTÓPOLIS,3106606,17,17,4066,4066,2975,3094,27,92,20:56:26,0,1,54,912,0,1961,25,15,1,1,0,5
mg,41335,BETIM,3106705,1008,1008,301594,301594,231975,247276,6411,8890,20:57:06,81,46,9937,113009,90,95603,6754,4036,31,294,68,2026
mg,41351,BIAS FORTES,3106804,12,12,3816,3816,2660,2828,65,103,21:22:54,1,2,74,817,0,1690,13,48,0,1,0,14
mg,41378,BICAS,3106903,47,47,11578,11578,8451,8861,132,278,17:48:38,1,0,277,3887,1,3949,148,132,0,7,2,47
mg,41394,BIQUINHAS,3107000,10,10,2682,2682,1917,2023,36,70,21:01:10,0,0,24,982,0,836,10,50,0,1,0,14
mg,41416,BOA ESPERANÇA,3107109,89,89,32515,32515,23115,24278,599,564,19:05:12,6,5,772,12418,6,9021,378,415,1,16,1,76
mg,41432,BOCAINA DE MINAS,3107208,14,14,4428,4428,3196,3389,64,129,19:32:29,1,0,146,1534,1,1360,57,59,0,4,1,33
mg,41459,BOCAIÚVA,3107307,116,116,35646,35646,26680,27974,521,773,21:00:26,3,3,984,8117,8,16819,379,251,2,4,2,108
mg,41475,BOM DESPACHO,3107406,125,125,39052,39052,28389,29939,761,789,21:10:00,5,8,913,18173,14,7553,579,863,5,23,3,250
mg,41491,BOM JARDIM DE MINAS,3107505,23,23,6321,6321,4727,4986,102,157,20:56:26,4,0,223,2016,1,2288,82,87,0,3,1,22
mg,41513,BOM JESUS DA PENHA,3107604,11,11,3674,3674,2807,2935,48,80,19:04:04,0,1,142,1661,1,882,34,61,0,1,0,24
mg,41530,BOM JESUS DO AMPARO,3107703,19,19,5181,5181,3673,3935,98,164,20:21:05,0,0,232,1377,1,1900,64,64,0,3,0,32
mg,41556,BOM JESUS DO GALHO,3107802,41,38,12062,11004,8129,8636,168,339,20:54:32,2,1,174,3844,1,3925,88,71,0,4,0,19
mg,41572,BOM REPOUSO,3107901,29,29,10209,10209,7824,8264,189,251,21:36:53,0,1,263,4238,1,3018,157,97,0,4,0,45
mg,41599,BOM SUCESSO,3108008,51,51,15102,15102,10298,11063,353,412,20:57:06,0,1,272,4687,3,4823,159,235,3,11,3,101
mg,41610,BONFIM,3108107,25,25,7317,7317,5211,5596,184,201,19:11:37,1,1,321,2255,0,2302,132,148,1,2,0,48
mg,41637,BONFINÓPOLIS DE MINAS,3108206,22,22,5046,5046,3538,3663,59,66,18:18:46,3,0,243,1493,0,1722,33,38,1,0,0,5
mg,41742,BONITO DE MINAS,3108255,38,38,8624,8624,5729,6063,68,266,21:50:09,0,0,198,1086,0,4263,82,78,0,2,0,20
mg,41653,BORDA DA MATA,3108305,45,45,13454,13454,10089,10648,219,340,20:11:24,3,2,411,5900,2,3275,193,200,2,6,1,94
mg,41670,BOTELHOS,3108404,40,40,12776,12776,9179,9614,190,245,19:11:37,6,0,303,4117,2,4353,157,168,1,6,3,63
mg,41696,BOTUMIRIM,3108503,19,10,5656,3094,2104,2260,44,112,21:01:44,0,1,54,521,0,1486,19,18,0,1,1,3
mg,40045,BRASILÂNDIA DE MINAS,3108552,38,38,12436,12436,9176,9458,83,199,21:01:02,1,0,374,4073,3,4395,129,174,1,1,0,25
mg,41718,BRASÍLIA DE MINAS,3108602,95,95,27089,27089,18798,19651,321,532,20:59:43,6,4,487,5653,5,12141,193,200,0,8,1,100
mg,41777,BRAZÓPOLIS,3108909,41,41,12541,12541,8814,9376,246,316,20:58:22,2,2,357,4663,3,3305,174,196,3,14,1,94
mg,41750,BRAÚNAS,3108800,20,20,4386,4386,2809,3009,58,142,19:21:10,1,0,66,1171,0,1494,30,34,0,1,0,12
mg,41793,BRUMADINHO,3109006,107,107,35366,35366,26295,27822,610,917,20:10:45,17,4,1457,12959,4,10586,624,483,6,37,2,116
mg,41734,BRÁS PIRES,3108701,15,15,4684,4684,3108,3291,63,120,19:02:59,0,0,112,1243,1,1651,38,47,0,4,0,12
mg,41815,BUENO BRANDÃO,3109105,25,25,8694,8694,6270,6580,133,177,21:03:40,0,3,169,4040,0,1663,157,145,1,1,1,90
mg,41831,BUENÓPOLIS,3109204,30,30,8547,8547,5168,5459,91,200,19:16:24,0,2,230,1985,1,2762,59,99,1,1,0,28
mg,41769,BUGRE,3109253,16,16,4366,4366,3136,3276,57,83,20:39:57,1,0,64,1671,0,1297,44,47,0,4,0,8
mg,41858,BURITIS,3109303,66,66,20584,20584,14829,15278,148,301,20:52:36,1,2,279,8399,3,5572,176,352,0,8,0,37
mg,41874,BURITIZEIRO,3109402,75,75,20491,20491,14130,15147,335,682,20:49:41,5,1,432,6277,3,6943,172,224,1,13,0,59
mg,41785,CABECEIRA GRANDE,3109451,18,18,5891,5891,4256,4408,55,97,21:02:24,1,0,80,2234,0,1680,52,202,0,3,0,4
mg,41890,CABO VERDE,3109501,31,31,9574,9574,7113,7449,155,181,19:04:02,0,1,205,3393,1,3220,120,132,1,5,0,35
mg,41912,CACHOEIRA DA PRATA,3109600,13,13,3473,3473,2707,2846,63,76,20:14:31,2,0,134,1267,0,1154,39,65,0,4,0,42
mg,41939,CACHOEIRA DE MINAS,3109709,33,33,10111,10111,7611,8049,177,261,18:41:16,6,1,271,4410,1,2419,184,203,0,8,1,107
mg,40533,CACHOEIRA DE PAJEÚ,3102704,30,30,6975,6975,4694,4954,84,176,19:07:54,0,0,92,1503,0,2984,31,72,0,2,1,9
mg,41955,CACHOEIRA DOURADA,3109808,9,9,2798,2798,1968,2016,14,34,18:16:12,0,0,95,801,0,989,27,52,0,1,0,3
mg,41971,CAETANÓPOLIS,3109907,31,31,8761,8761,6728,7177,164,285,19:13:10,2,0,256,3638,3,2479,92,186,0,3,0,69
mg,41998,CAETÉ,3110004,106,106,34347,34347,24433,26117,734,950,20:12:56,11,5,1676,10061,7,11032,625,658,3,31,7,317
mg,42013,CAIANA,3110103,16,16,4437,4437,3343,3532,63,126,20:07:46,0,2,70,1486,1,1635,77,60,1,0,0,11
mg,42030,CAJURI,3110202,17,17,4769,4769,3636,3867,99,132,20:15:34,1,5,84,1102,1,2310,45,71,0,3,0,14
mg,42056,CALDAS,3110301,40,40,10805,10805,7944,8369,157,268,19:25:31,1,1,239,4607,0,2671,138,187,1,4,0,95
mg,42072,CAMACHO,3110400,15,15,3110,3110,2393,2563,94,76,19:21:12,1,0,53,1096,0,1181,29,20,0,1,0,12
mg,42099,CAMANDUCAIA,3110509,51,51,18995,18995,13118,13918,375,425,19:30:35,2,1,323,7679,5,4556,257,152,0,7,2,134
mg,42137,CAMBUQUIRA,3110707,32,32,10157,10157,6996,7452,174,282,19:26:29,2,0,225,3437,2,3008,112,157,1,6,3,43
mg,42110,CAMBUÍ,3110608,65,65,22533,22533,15989,16922,357,576,20:34:54,5,0,785,8860,2,5482,377,269,5,8,4,192
mg,42170,CAMPANHA,3110905,36,36,12729,12729,8971,9480,226,283,20:10:45,4,1,276,5606,8,2706,143,171,1,9,1,45
mg,42153,CAMPANÁRIO,3110806,14,14,3378,3378,2270,2388,29,89,20:32:27,0,1,35,796,0,1392,15,19,0,0,1,11
mg,42196,CAMPESTRE,3111002,58,58,16477,16477,12228,12997,411,358,20:21:43,1,2,382,7199,1,3891,289,329,0,11,4,119
mg,42218,CAMPINA VERDE,3111101,69,69,14505,14505,10603,11012,153,256,18:59:18,1,2,289,5723,0,4202,112,230,0,4,0,40
mg,41807,CAMPO AZUL,3111150,17,17,4494,4494,2991,3090,33,66,20:50:50,0,0,85,760,0,2083,23,35,0,0,0,5
mg,42234,CAMPO BELO,3111200,120,120,39354,39354,27488,29228,828,912,19:09:30,4,5,971,15633,5,9729,473,474,2,13,1,178
mg,42250,CAMPO DO MEIO,3111309,33,33,10449,10449,7564,7950,191,195,20:10:44,1,1,178,3261,0,3889,132,82,0,0,2,18
mg,42277,CAMPO FLORIDO,3111408,25,25,6473,6473,4910,5085,69,106,20:30:16,1,1,108,2540,1,2096,79,72,1,1,0,10
mg,42293,CAMPOS ALTOS,3111507,34,34,10084,10084,6672,7016,171,173,18:30:21,0,0,196,3890,0,2237,106,133,0,2,0,108
mg,42315,CAMPOS GERAIS,3111606,62,62,20481,20481,14491,15354,412,451,20:50:13,3,3,475,7710,5,5690,275,200,2,9,3,116
mg,42374,CANA VERDE,3111903,17,17,4983,4983,3795,3989,94,100,19:12:09,0,1,158,1829,1,1695,54,32,5,2,1,17
mg,42331,CANAÃ,3111705,18,18,4403,4403,3476,3690,80,134,18:59:19,0,1,117,986,0,2262,50,46,1,1,0,12
mg,42390,CANDEIAS,3112000,42,42,11511,11511,8329,9101,387,385,19:16:22,2,3,337,4266,2,3411,105,162,2,5,0,34
mg,41823,CANTAGALO,3112059,11,11,3858,3858,2530,2699,40,129,19:25:58,0,1,94,832,0,1534,27,24,0,2,1,15
mg,42358,CANÁPOLIS,3111804,27,27,8776,8776,6262,6477,82,133,19:16:23,1,1,146,2596,0,3266,89,149,2,2,1,9
mg,42412,CAPARAÓ,3112109,15,15,4641,4641,3461,3609,58,90,20:11:24,0,2,83,2024,1,1219,41,65,0,0,0,26
mg,42439,CAPELA NOVA,3112208,18,18,4746,4746,3467,3797,171,159,19:32:01,2,0,117,1239,0,1935,66,77,0,2,1,28
mg,42455,CAPELINHA,3112307,94,94,31072,31072,21867,23167,482,818,20:40:58,5,3,864,10539,1,9706,351,300,0,5,1,92
mg,42471,CAPETINGA,3112406,18,18,5621,5621,3907,4135,97,131,19:14:49,1,1,129,1985,0,1597,67,96,1,1,0,29
mg,42498,CAPIM BRANCO,3112505,26,26,8469,8469,6433,6827,177,217,19:29:53,1,0,230,3379,0,2411,153,192,1,7,0,59
mg,42510,CAPINÓPOLIS,3112604,43,43,11606,11606,8641,8920,106,173,19:09:57,3,0,257,4129,5,3898,116,218,0,1,0,14
mg,40061,CAPITÃO ANDRADE,3112653,14,14,4057,4057,2877,3006,39,90,21:33:59,0,0,101,1485,1,1190,56,31,1,0,0,12
mg,42536,CAPITÃO ENÉAS,3112703,46,46,13076,13076,9286,9795,154,355,21:25:14,2,4,297,2801,0,5945,95,111,0,3,1,27
mg,42552,CAPITÓLIO,3112802,22,22,8244,8244,5934,6184,99,151,20:51:21,3,1,225,3618,0,1824,136,73,0,6,0,48
mg,42579,CAPUTIRA,3112901,28,28,7830,7830,6131,6539,173,235,21:05:30,0,2,135,2570,2,3284,50,65,0,2,1,20
mg,42617,CARANAÍBA,3113107,13,13,3454,3454,2535,2753,80,138,20:32:54,0,0,118,1033,0,1276,30,51,0,2,0,25
mg,42633,CARANDAÍ,3113206,65,65,20681,20681,15661,16996,724,611,20:18:32,3,5,517,7394,0,7083,331,237,0,6,6,79
mg,42650,CARANGOLA,3113305,78,78,23082,23082,17355,18200,321,524,19:23:50,1,3,536,7936,3,8137,365,281,2,9,3,79
mg,42676,CARATINGA,3113404,210,210,60397,60397,45035,47222,829,1358,21:01:02,11,5,1242,23415,15,18714,824,457,4,21,7,320
mg,42595,CARAÍ,3113008,47,47,15521,15521,9890,10639,169,580,22:14:13,6,2,264,2546,5,6827,145,71,1,3,3,17
mg,42692,CARBONITA,3113503,29,29,8159,8159,5558,5955,154,243,19:25:30,0,0,305,2273,1,2789,80,85,0,4,0,21
mg,42714,CAREAÇU,3113602,16,16,5368,5368,4035,4200,54,111,21:05:54,1,0,104,2281,0,1509,60,52,0,2,1,25
mg,42730,CARLOS CHAGAS,3113701,54,54,16296,16296,10604,11190,198,388,20:51:23,3,1,242,4165,1,5856,122,135,1,2,0,76
mg,42773,CARMO DA CACHOEIRA,3113909,30,30,9450,9450,6492,6991,207,292,19:05:13,3,0,207,2726,1,3310,68,118,1,0,1,57
mg,42790,CARMO DA MATA,3114006,36,36,9616,9616,7159,7648,214,275,19:13:41,1,0,251,2917,2,3618,131,180,0,8,1,50
mg,42811,CARMO DE MINAS,3114105,32,32,9819,9819,7203,7695,189,303,18:48:54,0,1,202,3856,1,2866,117,112,0,2,1,45
mg,42838,CARMO DO CAJURU,3114204,57,57,19084,19084,14645,15442,380,417,19:05:12,3,4,723,7916,3,5213,328,300,4,8,1,142
mg,42854,CARMO DO PARANAÍBA,3114303,81,81,22245,22245,16171,17026,380,475,19:07:52,1,4,292,10621,3,4509,244,392,2,5,1,97
mg,42870,CARMO DO RIO CLARO,3114402,59,59,15908,15908,11773,12322,235,314,20:38:28,2,2,543,6702,2,3987,195,252,0,7,2,79
mg,42757,CARMÉSIA,3113800,10,10,2716,2716,1844,1946,27,75,20:11:55,0,0,92,670,0,1007,23,39,0,1,1,11
mg,42897,CARMÓPOLIS DE MINAS,3114501,52,52,13900,13900,11207,11785,256,322,19:05:12,2,0,380,5807,0,4392,225,271,1,3,2,124
mg,40088,CARNEIRINHO,3114550,26,26,7997,7997,5943,6153,54,156,20:11:54,0,0,141,3105,0,2543,42,100,0,3,0,9
mg,42919,CARRANCAS,3114600,12,12,3441,3441,2514,2657,57,86,20:50:49,0,0,71,1213,0,1085,40,75,1,0,0,29
mg,42951,CARVALHOS,3114808,15,15,3994,3994,2980,3264,100,184,19:21:14,1,0,84,1450,0,1343,38,55,1,0,0,8
mg,42935,CARVALHÓPOLIS,3114709,12,12,3407,3407,2542,2675,48,85,18:59:48,0,0,79,1425,0,948,52,28,0,0,0,10
mg,42978,CASA GRANDE,3114907,10,10,3027,3027,2355,2462,42,65,20:33:58,1,0,102,1273,1,822,58,77,0,1,0,20
mg,42994,CASCALHO RICO,3115003,12,12,3773,3773,2823,2919,34,62,19:07:53,0,0,49,1602,0,1035,33,98,0,1,0,5
mg,43052,CATAGUASES,3115300,169,169,52112,52112,37632,39504,712,1160,20:07:48,6,3,1182,14298,10,20582,818,522,1,16,12,182
mg,41840,CATAS ALTAS,3115359,15,15,5156,5156,3737,4007,111,159,20:10:45,0,1,311,1462,1,1710,112,83,0,17,0,40
mg,43079,CATAS ALTAS DA NORUEGA,3115409,14,14,4149,4149,2990,3189,67,132,20:12:30,0,2,123,1077,0,1675,42,55,1,1,0,14
mg,40100,CATUJI,3115458,27,27,8492,8492,5824,6132,68,240,21:14:51,0,1,85,1641,0,3945,72,59,0,2,1,18
mg,41866,CATUTI,3115474,17,17,4594,4594,3399,3563,32,132,21:29:10,0,0,103,931,2,2294,37,24,0,0,0,8
mg,43095,CAXAMBU,3115508,52,52,17661,17661,11949,12585,276,360,19:21:14,6,2,384,5487,3,5437,214,328,1,13,1,73
mg,43117,CEDRO DO ABAETÉ,3115607,4,4,1420,1420,990,1026,10,26,18:40:04,1,1,25,529,0,393,13,21,0,0,0,7
mg,43133,CENTRAL DE MINAS,3115706,21,21,5637,5637,4246,4437,70,121,19:25:31,0,1,53,2186,4,1874,64,46,0,0,0,18
mg,43150,CENTRALINA,3115805,26,26,7672,7672,5728,5946,104,114,19:21:14,1,0,133,2226,0,3107,75,171,3,1,0,11
mg,43192,CHALÉ,3116001,17,17,5275,5275,4161,4353,62,130,19:22:26,1,1,73,2046,1,1942,44,33,0,0,1,19
mg,43214,CHAPADA DO NORTE,3116100,38,38,9254,9254,5459,5807,85,263,22:36:49,1,2,156,969,0,4207,52,54,0,2,0,16
mg,41882,CHAPADA GAÚCHA,3116159,34,34,9589,9589,6865,7119,60,194,21:57:24,1,0,110,2702,1,3762,143,140,0,2,0,4
mg,43230,CHIADOR,3116209,14,14,3296,3296,2465,2611,42,104,19:21:14,0,0,77,1217,1,1046,35,76,0,1,1,11
mg,43176,CHÁCARA,3115904,17,17,4371,4371,3326,3452,46,80,17:52:44,0,0,138,1494,0,1532,54,85,0,1,0,22
mg,43257,CIPOTÂNEA,3116308,18,18,5815,5815,3649,3932,137,146,18:47:56,0,1,140,1365,0,1985,69,70,0,2,0,17
mg,43273,CLARAVAL,3116407,14,14,5081,5081,3901,4011,41,69,20:17:35,0,1,81,2639,0,1004,40,83,1,0,0,52
mg,43290,CLARO DOS POÇÕES,3116506,32,32,7507,7507,5515,5807,95,197,21:13:27,0,0,234,2229,0,2890,66,63,0,5,1,27
mg,43311,CLÁUDIO,3116605,71,71,22834,22834,17346,18369,488,535,20:05:07,5,2,586,11132,4,4597,356,368,3,25,5,263
mg,43338,COIMBRA,3116704,20,20,6598,6598,4982,5394,167,245,20:39:57,0,1,208,1779,1,2754,94,116,0,4,2,23
mg,43354,COLUNA,3116803,25,25,6936,6936,4480,4834,106,248,20:10:46,1,1,189,1697,1,2468,51,58,0,1,1,12
mg,43370,COMENDADOR GOMES,3116902,9,9,2849,2849,2182,2229,18,29,18:30:44,0,0,56,1216,0,848,28,32,0,0,0,2
mg,43397,COMERCINHO,3117009,26,26,6685,6685,4449,4681,56,176,21:01:04,2,0,87,958,2,3327,35,27,0,1,0,10
mg,43419,CONCEIÇÃO DA APARECIDA,3117108,25,25,8307,8307,6160,6439,121,158,19:12:08,0,0,276,3198,1,2425,95,124,0,5,1,35
mg,43036,CONCEIÇÃO DA BARRA DE MINAS,3115201,12,12,3677,3677,2809,2992,77,106,20:50:13,1,2,143,1253,1,1299,27,56,0,2,0,25
mg,43451,CONCEIÇÃO DAS ALAGOAS,3117306,61,61,20159,20159,14881,15441,250,310,18:42:15,2,1,329,7158,1,6964,222,160,2,3,0,39
mg,43435,CONCEIÇÃO DAS PEDRAS,3117207,11,11,2816,2816,2070,2219,53,96,20:13:57,0,1,82,1098,1,778,34,49,1,1,0,25
mg,43478,CONCEIÇÃO DE IPANEMA,3117405,16,16,4497,4497,3356,3459,27,76,22:06:54,1,0,77,1544,0,1669,23,37,0,0,0,5
mg,43494,CONCEIÇÃO DO MATO DENTRO,3117504,73,73,19793,19793,13041,14000,323,636,20:57:05,8,0,576,4443,1,7457,267,198,3,12,1,75
mg,43516,CONCEIÇÃO DO PARÁ,3117603,17,17,5489,5489,4079,4298,98,121,20:51:53,0,3,136,2586,0,1147,75,92,0,3,0,37
mg,43532,CONCEIÇÃO DO RIO VERDE,3117702,37,37,10403,10403,7308,7814,240,266,19:21:11,3,1,214,3035,0,3796,101,120,0,4,0,34
mg,43559,CONCEIÇÃO DOS OUROS,3117801,34,34,9042,9042,7186,7576,164,226,19:02:27,1,0,267,4313,2,2290,163,84,0,4,3,59
mg,41920,CONFINS,3117876,23,23,7057,7057,5546,5797,107,144,19:12:10,1,3,241,3021,1,2015,98,106,0,1,1,58
mg,43575,CONGONHAL,3117900,30,30,9730,9730,7521,7897,171,205,20:59:42,1,2,234,4684,1,2285,138,130,3,2,0,41
mg,43591,CONGONHAS,3118007,126,126,43886,43886,32436,34664,980,1248,20:47:58,17,4,1670,14653,34,14236,822,745,7,38,4,206
mg,43613,CONGONHAS DO NORTE,3118106,16,16,4429,4429,2799,3102,66,237,20:51:22,0,0,92,792,0,1792,60,51,0,0,0,12
mg,43630,CONQUISTA,3118205,20,20,5471,5471,4237,4422,74,111,19:29:54,0,1,128,2063,0,1914,53,49,0,0,0,29
mg,43656,CONSELHEIRO LAFAIETE,3118304,308,308,94215,94215,73456,78620,2028,3136,20:41:26,28,15,3882,30818,26,34018,2145,1786,16,75,16,631
mg,43672,CONSELHEIRO PENA,3118403,63,63,15714,15714,11546,12020,197,277,21:46:23,0,2,292,6474,4,4427,149,122,0,4,2,70
mg,43699,CONSOLAÇÃO,3118502,7,7,2032,2032,1448,1522,36,38,19:05:11,1,0,34,818,0,516,19,20,0,1,0,39
mg,43710,CONTAGEM,3118601,1359,1359,463466,463466,355282,375467,8230,11955,20:51:54,141,64,14664,178639,211,139596,9893,7692,52,505,58,3767
mg,43737,COQUEIRAL,3118700,26,26,7797,7797,5653,5963,134,176,19:04:45,1,2,168,2888,0,2276,131,140,0,6,0,41
mg,43753,CORAÇÃO DE JESUS,3118809,81,81,21928,21928,15191,15860,189,480,21:05:54,1,3,444,4008,3,10327,165,186,0,4,1,49
mg,43770,CORDISBURGO,3118908,24,24,6880,6880,5185,5451,127,139,20:54:31,0,1,157,2310,0,2520,35,121,0,1,0,40
mg,43796,CORDISLÂNDIA,3119005,12,12,2969,2969,2186,2289,34,69,21:01:04,0,1,51,986,0,1099,17,26,0,0,0,6
mg,43818,CORINTO,3119104,71,71,19765,19765,13132,13842,320,390,20:50:12,4,0,453,5359,2,6787,183,248,1,5,6,84
mg,43834,COROACI,3119203,30,30,7969,7969,5668,6125,117,340,19:13:11,2,0,101,2362,0,3029,86,63,0,3,1,21
mg,43850,COROMANDEL,3119302,72,72,24503,24503,18159,18942,319,464,19:22:54,1,3,459,11001,6,5748,251,493,1,4,3,189
mg,43877,CORONEL FABRICIANO,3119401,262,262,79951,79951,57433,59892,1076,1383,20:30:48,24,9,1771,32048,13,21203,1277,632,6,43,2,405
mg,43893,CORONEL MURTA,3119500,23,23,7295,7295,5184,5450,91,175,21:15:51,1,1,110,1530,2,3450,40,40,0,1,0,9
mg,43915,CORONEL PACHECO,3119609,16,16,3068,3068,2355,2490,48,87,19:30:34,0,0,74,997,0,1194,37,42,0,1,0,10
mg,43931,CORONEL XAVIER CHAVES,3119708,14,14,3179,3179,2383,2574,91,100,18:44:51,0,0,88,932,0,1237,54,40,0,3,0,29
mg,44016,COUTO DE MAGALHÃES DE MINAS,3120102,14,14,3916,3916,2606,2779,56,117,20:58:25,0,0,97,597,0,1825,47,32,0,0,0,8
mg,44032,CRISTAIS,3120201,25,25,8667,8667,6277,6737,205,255,20:36:27,2,0,179,3339,2,2463,149,118,0,2,2,21
mg,44075,CRISTIANO OTONI,3120409,16,16,4448,4448,3390,3676,125,161,19:21:46,1,2,131,1681,1,1415,63,68,0,6,0,22
mg,44091,CRISTINA,3120508,26,26,8297,8297,5808,6239,139,292,18:50:06,2,1,156,3196,2,2076,125,189,1,5,0,55
mg,44059,CRISTÁLIA,3120300,18,18,5202,5202,3500,3722,67,155,18:44:50,0,1,96,976,0,2363,28,30,0,0,0,6
mg,41963,CRISÓLITA,3120151,19,19,4714,4714,3114,3282,32,136,20:10:46,0,0,94,1028,0,1927,19,22,0,1,0,23
mg,44113,CRUCILÂNDIA,3120607,15,15,5672,5672,4026,4324,125,173,19:22:54,1,3,132,2088,0,1535,91,135,2,2,0,37
mg,44130,CRUZEIRO DA FORTALEZA,3120706,13,13,4351,4351,3352,3446,38,56,20:10:44,0,1,120,2032,0,1055,56,73,0,2,0,13
mg,44156,CRUZÍLIA,3120805,37,37,12917,12917,9305,9864,290,269,19:03:25,1,2,408,4007,5,4528,150,139,0,6,1,58
mg,41980,CUPARAQUE,3120839,16,16,3950,3950,2993,3087,33,61,20:51:23,0,0,42,1826,0,1028,50,36,0,0,0,11
mg,42005,CURRAL DE DENTRO,3120870,19,12,6816,4325,3063,3234,39,132,21:01:04,0,1,59,1167,0,1757,17,39,0,1,0,22
mg,44172,CURVELO,3120904,203,203,61304,61304,43610,46111,1224,1277,21:01:03,11,6,1642,20834,17,18959,755,949,2,29,3,403
mg,43010,CÁSSIA,3115102,39,39,13923,13923,9279,9792,198,315,17:59:27,0,3,371,4684,4,3791,136,214,0,3,1,72
mg,43958,CÓRREGO DANTA,3119807,14,14,3391,3391,2293,2407,37,77,18:37:23,0,1,54,1177,0,965,28,47,1,0,1,19
mg,43974,CÓRREGO DO BOM JESUS,3119906,15,15,4380,4380,3195,3386,78,113,20:34:54,2,0,121,1774,5,1166,49,46,0,2,0,30
mg,41947,CÓRREGO FUNDO,3119955,19,19,5391,5391,4186,4457,109,162,19:13:41,1,1,277,2416,0,1182,90,200,0,2,0,17
mg,43990,CÓRREGO NOVO,3120003,16,16,3921,3921,2772,2910,43,95,19:32:29,2,0,59,1063,1,1602,25,15,0,2,0,3
mg,41904,CÔNEGO MARINHO,3117836,28,28,6340,6340,4522,4748,66,160,20:30:48,1,1,181,786,1,3425,63,45,0,0,0,19
mg,44199,DATAS,3121001,18,18,5139,5139,3499,3752,91,162,20:54:30,1,0,99,828,1,2467,35,53,0,0,1,14
mg,44210,DELFIM MOREIRA,3121100,22,22,6363,6363,4830,5127,110,187,20:48:29,2,1,167,2637,2,1816,70,76,2,1,1,55
mg,44237,DELFINÓPOLIS,3121209,20,20,6314,6314,4509,4693,72,112,19:29:52,0,0,124,2458,0,1737,61,94,1,1,0,33
mg,42021,DELTA,3121258,25,25,7483,7483,5480,5798,149,169,19:08:53,2,0,162,2400,0,2717,109,72,0,1,0,17
mg,44253,DESCOBERTO,3121308,13,13,4548,4548,3430,3606,58,118,19:21:13,0,0,192,1406,0,1698,44,71,0,0,4,15
mg,44270,DESTERRO DE ENTRE RIOS,3121407,22,22,6445,6445,4704,5105,226,175,21:02:24,0,1,169,2762,1,1533,56,130,0,5,0,47
mg,44296,DESTERRO DO MELO,3121506,14,14,4211,4211,3252,3475,54,169,20:12:56,1,1,109,1552,0,1424,64,92,0,2,0,7
mg,44318,DIAMANTINA,3121605,132,132,38586,38586,26948,28296,563,785,20:59:43,3,11,1065,8152,4,16583,500,435,3,24,0,168
mg,44334,DIOGO DE VASCONCELOS,3121704,16,16,3860,3860,2679,2894,57,158,20:55:13,0,0,80,709,0,1814,31,32,0,2,0,11
mg,44350,DIONÍSIO,3121803,29,29,6910,6910,4589,4772,62,121,19:14:12,1,2,108,1809,0,2536,52,50,0,1,1,29
mg,44393,DIVINO,3122009,48,48,16044,16044,11174,11652,212,266,20:05:06,2,3,239,4774,1,5863,126,124,1,3,0,38
mg,44415,DIVINO DAS LARANJEIRAS,3122108,16,16,4710,4710,3342,3492,40,110,20:54:31,0,0,62,1672,1,1477,58,46,3,1,2,20
mg,44431,DIVINOLÂNDIA DE MINAS,3122207,19,19,6375,6375,4281,4562,67,214,20:33:22,1,3,192,1860,1,2096,65,43,0,0,0,20
mg,44377,DIVINÉSIA,3121902,17,17,5015,5015,3819,3994,56,119,19:03:00,1,2,90,1277,1,2293,73,53,0,5,0,24
mg,44458,DIVINÓPOLIS,3122306,501,501,171705,171705,132399,139696,3081,4216,19:23:18,34,21,4568,71478,31,49403,3219,2214,9,130,15,1277
mg,40126,DIVISA ALEGRE,3122355,15,15,5228,5228,3648,3872,44,180,21:01:02,0,0,131,1373,0,2047,45,39,0,2,0,11
mg,44474,DIVISA NOVA,3122405,15,15,5108,5108,3708,3900,82,110,20:32:27,3,0,80,1753,1,1712,65,71,0,2,0,21
mg,40142,DIVISÓPOLIS,3122454,19,19,7088,7088,4976,5252,78,198,20:48:30,1,1,71,1853,0,2889,48,89,0,4,0,20
mg,42048,DOM BOSCO,3122470,13,13,3779,3779,2835,2917,26,56,18:28:27,0,1,76,1656,1,1008,37,53,0,0,0,3
mg,44490,DOM CAVATI,3122504,20,20,4341,4341,3313,3484,42,129,19:09:30,0,0,75,1731,0,1380,82,27,0,0,0,18
mg,44512,DOM JOAQUIM,3122603,18,18,4274,4274,2802,3046,78,166,20:50:14,1,1,126,960,0,1630,25,40,0,0,0,19
mg,44539,DOM SILVÉRIO,3122702,15,15,4478,4478,3196,3384,62,126,19:21:12,0,3,158,1137,2,1836,21,28,0,0,2,9
mg,44555,DOM VIÇOSO,3122801,9,9,3158,3158,2441,2547,54,52,20:55:13,1,1,64,1271,0,1010,40,43,0,0,1,10
mg,44571,DONA EUSÉBIA,3122900,19,19,5779,5779,4632,4810,77,101,19:31:31,0,1,131,2154,1,2184,97,56,0,0,0,8
mg,44598,DORES DE CAMPOS,3123007,27,27,8082,8082,6339,6917,267,311,20:57:05,5,0,318,3227,4,2540,102,105,0,2,0,36
mg,44610,DORES DE GUANHÃES,3123106,20,20,5278,5278,3480,3730,81,169,21:00:26,0,1,80,1336,0,1962,35,47,0,1,0,18
mg,44636,DORES DO INDAIÁ,3123205,42,42,10109,10109,7222,7567,146,199,18:32:18,1,0,190,4269,0,2446,94,177,0,6,1,38
mg,44652,DORES DO TURVO,3123304,19,19,5453,5453,3868,4092,81,143,18:20:34,1,0,109,1519,2,2123,49,38,0,2,0,25
mg,44679,DORESÓPOLIS,3123403,7,7,2217,2217,1474,1539,35,30,20:53:46,0,0,42,867,0,514,12,30,0,2,0,7
mg,44695,DOURADOQUARA,3123502,7,7,2127,2127,1621,1671,20,30,19:00:19,1,0,74,763,0,721,11,43,0,1,0,7
mg,40169,DURANDÉ,3123528,24,24,6586,6586,4812,5067,78,177,21:01:02,0,0,86,2114,1,2470,54,74,0,1,0,12
mg,44717,ELÓI MENDES,3123601,58,58,19976,19976,14691,15638,447,500,20:13:30,4,8,504,8279,6,5123,308,334,0,14,3,108
mg,44733,ENGENHEIRO CALDAS,3123700,30,30,7790,7790,5675,5977,102,200,19:07:12,3,2,108,2875,0,2560,68,44,1,1,3,10
mg,44750,ENGENHEIRO NAVARRO,3123809,19,19,6173,6173,4473,4708,79,156,20:59:42,0,1,182,1271,0,2920,33,47,0,3,0,16
mg,40185,ENTRE FOLHAS,3123858,20,20,5891,5891,4383,4557,57,117,20:12:30,0,1,41,2150,0,2073,56,25,0,1,0,36
mg,44776,ENTRE RIOS DE MINAS,3123908,40,40,12811,12811,9397,9963,203,363,20:19:37,4,1,560,4146,4,4203,143,265,1,8,1,61
mg,44792,ERVÁLIA,3124005,63,63,16479,16479,12007,13217,646,564,19:22:54,1,2,397,4244,4,6779,265,239,0,10,1,65
mg,44814,ESMERALDAS,3124104,187,187,56992,56992,40645,43358,1270,1443,19:11:38,16,10,1551,17976,14,18840,819,936,4,59,10,410
mg,44830,ESPERA FELIZ,3124203,61,61,18168,18168,13289,14087,322,476,20:25:26,5,3,423,6308,4,6041,287,157,2,3,0,56
mg,44857,ESPINOSA,3124302,103,103,23564,23564,18018,18704,265,421,22:00:33,1,3,615,6420,1,10628,201,120,0,4,2,23
mg,44873,ESPÍRITO SANTO DO DOURADO,3124401,16,16,5532,5532,4084,4304,75,145,20:54:33,2,0,121,2178,0,1645,46,72,0,1,0,19
mg,44890,ESTIVA,3124500,34,34,9545,9545,7377,7813,201,235,18:51:34,3,2,270,4164,1,2556,149,170,0,3,0,59
mg,44911,ESTRELA DALVA,3124609,10,10,2914,2914,2064,2173,32,77,20:10:44,0,0,74,761,0,1179,21,24,0,0,0,5
mg,44938,ESTRELA DO INDAIÁ,3124708,11,11,2723,2723,1932,2037,32,73,18:57:43,0,0,49,986,3,830,26,29,0,0,0,9
mg,44954,ESTRELA DO SUL,3124807,20,20,5930,5930,4443,4646,71,132,18:57:43,0,0,77,1988,1,2209,63,92,0,1,2,10
mg,44970,EUGENÓPOLIS,3124906,31,31,8752,8752,6716,7011,100,195,18:30:21,0,2,127,3482,0,2877,112,91,0,1,1,23
mg,44997,EWBANK DA CÂMARA,3125002,14,14,4497,4497,3370,3506,44,92,19:12:09,0,0,66,1239,1,1967,47,44,0,2,0,4
mg,45012,EXTREMA,3125101,116,116,43712,43712,30512,32395,903,980,19:29:51,14,6,1311,16484,7,10793,1011,430,0,29,1,426
mg,45039,FAMA,3125200,11,11,3353,3353,2348,2458,53,57,19:16:46,0,1,55,1328,0,864,45,33,0,4,1,17
mg,45055,FARIA LEMOS,3125309,13,13,3325,3325,2529,2653,37,87,18:39:16,0,0,66,998,0,1385,36,25,1,0,0,18
mg,45110,FELISBURGO,3125606,17,17,5960,5960,3867,4088,42,179,19:23:19,1,1,120,1180,0,2471,42,37,0,4,0,11
mg,45136,FELIXLÂNDIA,3125705,39,39,12556,12556,8769,9282,258,255,20:58:25,2,0,328,3634,3,4475,80,204,0,1,1,41
mg,45071,FELÍCIO DOS SANTOS,3125408,16,16,5047,5047,3101,3318,63,154,19:16:47,0,0,153,1015,1,1818,33,30,0,1,0,50
mg,45152,FERNANDES TOURINHO,3125804,11,11,2576,2576,1891,1993,43,59,19:09:58,0,0,43,980,0,819,25,11,0,0,0,13
mg,45179,FERROS,3125903,35,35,8590,8590,5608,5994,101,285,20:11:54,0,0,146,1866,0,3407,80,74,0,1,0,34
mg,40207,FERVEDOURO,3125952,28,28,8564,8564,6555,6934,109,270,19:08:22,4,0,136,2933,1,3311,70,81,0,2,1,16
mg,45195,FLORESTAL,3126000,22,22,6984,6984,5179,5450,129,142,20:52:37,5,1,241,2412,0,2127,122,182,2,7,2,78
mg,45217,FORMIGA,3126109,180,180,54476,54476,39787,42299,1090,1422,19:29:53,7,10,1463,22936,14,12491,1069,1368,6,30,4,389
mg,45233,FORMOSO,3126208,23,23,6282,6282,4674,4844,45,125,19:08:22,0,1,122,2064,1,2304,35,144,0,0,0,3
mg,45250,FORTALEZA DE MINAS,3126307,11,11,3215,3215,2227,2375,64,84,19:12:35,0,1,101,1177,1,835,30,73,0,1,0,8
mg,45276,FORTUNA DE MINAS,3126406,11,11,3012,3012,2386,2482,45,51,20:15:34,0,0,106,978,0,1188,27,56,0,0,0,31
mg,45292,FRANCISCO BADARÓ,3126505,30,30,7239,7239,4337,4624,98,189,20:13:57,0,2,123,1383,2,2670,67,71,0,1,1,17
mg,45314,FRANCISCO DUMONT,3126604,17,17,4726,4726,3177,3320,43,100,19:14:49,1,0,121,1230,0,1763,15,40,0,1,0,6
mg,45330,FRANCISCO SÁ,3126703,86,86,19570,19570,13957,14611,207,447,20:51:22,2,4,415,4027,2,9160,150,137,1,3,2,54
mg,40223,FRANCISCÓPOLIS,3126752,16,16,5005,5005,3243,3414,47,124,19:32:01,0,2,71,1109,2,1982,37,36,0,1,0,3
mg,45357,FREI GASPAR,3126802,19,19,5965,5965,4117,4421,44,260,21:32:12,0,2,73,1525,1,2408,50,45,0,1,0,12
mg,45373,FREI INOCÊNCIO,3126901,28,28,6787,6787,5113,5315,65,137,19:02:59,0,1,98,2200,1,2670,60,53,2,7,0,21
mg,42064,FREI LAGONEGRO,3126950,12,12,3669,3669,2560,2716,40,116,19:09:57,0,0,153,853,0,1482,30,34,0,2,0,6
mg,45390,FRONTEIRA,3127008,31,31,10748,10748,7800,8098,109,189,20:58:24,2,0,167,3750,0,3656,103,90,1,3,2,26
mg,49352,FRONTEIRA DOS VALES,3127057,17,17,4372,4372,3039,3172,26,107,20:10:43,0,2,96,711,1,2145,46,26,0,1,0,11
mg,42080,FRUTA DE LEITE,3127073,23,23,5143,5143,2983,3286,43,260,20:14:30,0,0,152,634,0,2115,31,42,0,1,0,8
mg,45411,FRUTAL,3127107,125,125,42351,42351,30172,31389,554,663,20:14:30,3,2,770,17384,2,10858,486,526,3,16,2,120
mg,45438,FUNILÂNDIA,3127206,19,19,5397,5397,3985,4191,70,136,20:25:55,1,1,165,2088,1,1513,56,105,2,3,1,49
mg,45454,GALILÉIA,3127305,20,20,5434,5434,3748,3883,59,76,18:44:32,0,1,68,1839,0,1734,38,47,0,0,2,19
mg,42102,GAMELEIRAS,3127339,20,20,4725,4725,3649,3774,26,99,21:39:31,0,0,72,1162,0,2319,21,63,0,2,0,10
mg,42129,GLAUCILÂNDIA,3127354,14,14,4010,4010,3128,3222,34,60,20:10:45,0,0,69,964,1,2014,30,42,0,0,0,8
mg,42145,GOIABEIRA,3127370,9,9,3104,3104,2252,2354,33,69,21:01:02,0,2,20,1344,0,825,16,33,0,0,1,11
mg,42161,GOIANÁ,3127388,12,12,4491,4491,3295,3442,41,106,19:16:46,1,2,139,1479,4,1536,56,59,0,3,1,15
mg,45497,GONZAGA,3127503,18,18,4583,4583,2996,3242,84,162,21:00:25,1,1,77,1243,0,1557,38,62,0,1,1,15
mg,45470,GONÇALVES,3127404,15,15,4111,4111,2925,3096,59,112,18:50:07,3,0,108,1747,1,895,47,94,0,5,0,25
mg,45519,GOUVEIA,3127602,35,35,10625,10625,7272,7788,185,331,21:12:23,0,3,240,2437,2,4310,119,113,0,10,1,37
mg,45535,GOVERNADOR VALADARES,3127701,661,661,193573,193573,142283,148641,2934,3424,21:27:11,50,20,3108,84782,44,48763,2895,1458,15,88,13,1047
mg,45578,GRUPIARA,3127909,7,7,1789,1789,1375,1421,19,27,18:44:32,0,0,42,734,0,542,15,36,0,1,0,5
mg,45551,GRÃO MOGOL,3127800,42,42,12003,12003,7805,8242,110,327,21:14:51,1,3,169,2254,4,5198,72,80,0,2,0,22
mg,45594,GUANHÃES,3128006,88,88,25045,25045,15904,17032,394,734,19:29:52,1,4,688,7012,4,7571,251,223,3,19,0,128
mg,45616,GUAPÉ,3128105,37,37,10938,10938,7679,8200,272,249,20:58:22,1,1,329,4621,3,2327,104,185,0,0,0,108
mg,45632,GUARACIABA,3128204,32,32,8024,8024,5707,6106,118,281,20:58:23,0,4,226,1687,3,3539,74,148,1,1,0,24
mg,42188,GUARACIAMA,3128253,15,15,5315,5315,4019,4164,50,95,21:05:30,0,0,95,720,0,3123,42,31,0,1,0,7
mg,45675,GUARANI,3128402,22,22,6718,6718,4943,5204,76,185,19:25:31,5,3,148,1718,2,2893,74,75,1,2,2,20
mg,45659,GUARANÉSIA,3128303,42,42,14892,14892,10761,11400,277,362,19:12:09,0,4,407,4435,3,5442,177,220,2,3,1,67
mg,45691,GUARARÁ,3128501,15,15,3674,3674,2768,2910,51,91,17:35:04,0,1,98,1248,1,1305,53,49,0,1,1,11
mg,45713,GUARDA-MOR,3128600,20,20,6295,6295,4525,4668,64,79,20:43:37,1,0,81,2672,2,1580,30,137,1,2,0,19
mg,45730,GUAXUPÉ,3128709,111,111,39360,39360,27848,29509,730,931,19:01:47,15,4,879,13687,7,11785,557,562,5,13,3,331
mg,45756,GUIDOVAL,3128808,27,27,6718,6718,5238,5498,108,152,20:32:27,1,2,122,2197,1,2751,68,81,0,0,0,15
mg,45772,GUIMARÂNIA,3128907,24,24,6658,6658,5095,5354,96,163,19:21:46,1,0,241,2958,0,1691,64,119,0,2,1,18
mg,45799,GUIRICEMA,3129004,25,25,7504,7504,5645,6016,147,224,20:50:13,0,3,175,2237,4,3005,84,104,0,3,1,29
mg,45810,GURINHATÃ,3129103,26,26,5083,5083,3641,3744,25,78,20:49:42,1,0,85,1991,1,1402,35,110,0,4,0,12
mg,45837,HELIODORA,3129202,17,17,5308,5308,4084,4335,89,162,20:12:56,1,1,348,1836,3,1758,53,64,0,3,1,16
mg,45853,IAPU,3129301,26,26,8427,8427,5969,6273,105,199,20:59:43,3,1,114,3122,2,2541,99,70,0,2,0,15
mg,45870,IBERTIOGA,3129400,16,16,4944,4944,3664,3841,87,90,20:49:42,0,0,112,1206,0,2191,57,79,0,0,3,16
mg,45918,IBIAÍ,3129608,21,21,6806,6806,4535,4750,57,158,22:06:54,1,2,109,1192,1,3120,40,63,0,0,0,7
mg,42200,IBIRACATU,3129657,21,21,5860,5860,3956,4108,44,108,20:58:24,2,0,58,860,0,2971,26,32,1,0,0,6
mg,45934,IBIRACI,3129707,27,27,9469,9469,6937,7228,118,173,18:34:36,2,1,141,3930,0,2573,108,122,0,1,1,58
mg,45950,IBIRITÉ,3129806,353,353,122338,122338,92524,98887,2946,3417,20:49:42,49,28,4452,43183,46,39349,2557,1845,13,124,28,850
mg,45977,IBITIÚRA DE MINAS,3129905,11,11,3709,3709,2723,2850,42,85,18:37:23,1,2,56,1941,0,620,34,43,0,2,0,24
mg,45993,IBITURUNA,3130002,9,9,2602,2602,1927,2024,29,68,19:05:12,0,0,53,984,1,828,21,38,0,0,0,2
mg,45896,IBIÁ,3129509,58,58,16840,16840,12030,12582,249,303,19:00:21,2,1,301,6563,3,4647,168,247,2,5,1,90
mg,40240,ICARAÍ DE MINAS,3130051,32,32,8823,8823,6514,6683,38,131,21:03:01,0,0,104,1990,0,4311,45,35,0,2,3,24
mg,46019,IGARAPÉ,3130101,100,100,35009,35009,25495,26961,643,823,19:02:59,7,4,1383,12689,9,9974,644,474,3,24,2,282
mg,46035,IGARATINGA,3130200,25,25,8345,8345,6329,6710,198,183,18:54:50,2,1,271,3735,0,2111,89,89,0,3,0,28
mg,46051,IGUATAMA,3130309,25,25,6258,6258,4438,4724,128,158,18:51:35,0,0,115,2098,1,2058,66,68,0,3,1,28
mg,46078,IJACI,3130408,16,15,5796,5467,4111,4453,134,208,21:01:02,0,0,132,1992,2,1781,79,86,1,6,0,32
mg,46094,ILICÍNEA,3130507,28,28,9938,9938,7302,7645,179,164,20:58:23,2,0,212,3635,1,3237,75,110,0,0,0,30
mg,42226,IMBÉ DE MINAS,3130556,20,20,5725,5725,4327,4487,40,120,21:01:01,0,0,110,1865,2,2254,50,30,0,1,0,15
mg,46116,INCONFIDENTES,3130606,17,17,6559,6559,4853,5079,98,128,19:29:54,0,1,145,2711,1,1802,84,78,0,2,1,28
mg,42242,INDAIABIRA,3130655,21,21,6438,6438,4361,4574,39,174,20:59:41,0,0,88,1912,2,2280,36,29,0,0,0,14
mg,46132,INDIANÓPOLIS,3130705,16,16,5187,5187,3930,4097,65,102,19:21:45,2,0,123,1855,0,1785,70,78,0,2,1,14
mg,46159,INGAÍ,3130804,11,11,2824,2824,2183,2328,67,78,19:01:21,1,1,48,991,1,1043,33,49,0,2,0,14
mg,46175,INHAPIM,3130903,74,74,19666,19666,14266,14830,210,354,22:35:08,3,2,278,7661,1,5930,189,150,0,3,1,48
mg,46191,INHAÚMA,3131000,18,18,5730,5730,4256,4510,93,161,19:16:22,2,1,142,2145,1,1771,60,102,0,1,0,31
mg,46213,INIMUTABA,3131109,22,22,6575,6575,4551,4812,126,135,20:51:54,3,1,156,1966,1,2195,62,132,0,1,2,32
mg,40266,IPABA,3131158,42,42,13853,13853,9965,10437,203,269,20:10:45,2,0,380,5081,4,4196,170,101,0,4,0,27
mg,46230,IPANEMA,3131208,50,50,16009,16009,11034,11560,191,335,21:22:25,0,3,285,5573,2,4884,118,119,2,6,0,42
mg,46256,IPATINGA,3131307,543,543,176630,176630,128537,133577,2084,2956,20:39:58,49,15,4043,78548,53,40448,2818,1363,23,101,13,1063
mg,46272,IPIAÇU,3131406,13,13,3926,3926,2686,2773,36,51,20:10:44,0,2,65,1205,0,1331,27,50,0,0,0,6
mg,46299,IPUIÚNA,3131505,24,24,7715,7715,5876,6152,128,148,19:21:12,2,0,144,3447,1,1994,119,130,1,2,0,36
mg,46310,IRAÍ DE MINAS,3131604,21,21,6872,6872,5241,5472,89,142,19:22:27,0,0,154,3134,0,1801,52,85,2,1,0,12
mg,46337,ITABIRA,3131703,277,277,88413,88413,67463,72453,1966,3024,21:28:37,39,16,2944,29588,26,30883,1594,1483,14,92,16,768
mg,46353,ITABIRINHA,3131802,37,37,8908,8908,6786,7083,109,188,18:57:44,0,2,108,3363,0,3105,101,83,0,3,0,21
mg,46370,ITABIRITO,3131901,135,135,45012,45012,32578,35175,1194,1403,20:07:48,19,13,1806,14845,9,13370,950,1028,3,77,8,450
mg,46396,ITACAMBIRA,3132008,25,25,4825,4825,3494,3661,42,125,20:10:44,1,0,89,796,0,2521,28,43,0,1,0,15
mg,46418,ITACARAMBI,3132107,50,50,14164,14164,9392,9878,150,336,20:56:27,0,2,234,2908,1,6033,111,82,0,4,1,16
mg,46434,ITAGUARA,3132206,43,43,10982,10982,8142,8851,342,367,20:24:19,1,1,449,4135,2,3019,155,259,0,6,2,113
mg,46450,ITAIPÉ,3132305,30,30,9564,9564,6177,6619,109,333,22:06:54,1,2,212,2249,0,3520,106,55,0,5,1,26
mg,46477,ITAJUBÁ,3132404,221,221,68385,68385,51946,54696,1162,1588,20:10:43,17,6,1644,31458,24,15948,1361,829,12,66,7,574
mg,46493,ITAMARANDIBA,3132503,85,85,26424,26424,18758,20009,480,771,20:40:58,3,4,1570,7751,5,8824,341,197,3,3,1,56
mg,46515,ITAMARATI DE MINAS,3132602,14,14,3881,3881,2920,3079,51,108,19:09:57,2,1,102,1142,0,1568,32,61,0,2,0,10
mg,46531,ITAMBACURI,3132701,65,65,18385,18385,11790,12520,186,544,20:58:22,0,4,275,4019,3,7168,185,94,0,5,5,32
mg,46558,ITAMBÉ DO MATO DENTRO,3132800,10,10,2720,2720,1954,2065,35,76,20:52:36,3,2,52,648,0,1165,15,59,0,2,0,8
mg,46574,ITAMOGI,3132909,27,27,9062,9062,6452,6853,144,257,19:21:12,0,1,189,3466,1,2530,128,104,0,2,0,31
mg,46590,ITAMONTE,3133006,36,36,12325,12325,9079,9588,209,300,19:21:15,2,1,329,5436,3,2935,164,167,0,6,1,35
mg,46612,ITANHANDU,3133105,36,36,12883,12883,9491,9955,214,250,18:10:53,2,5,430,4961,3,3542,249,239,0,9,0,51
mg,46639,ITANHOMI,3133204,33,33,9623,9623,6634,6987,85,268,20:35:25,0,0,197,3026,0,3242,76,79,1,3,0,10
mg,46655,ITAOBIM,3133303,54,54,16895,16895,11217,11918,262,439,21:09:23,1,5,242,4668,1,6035,147,84,1,2,1,30
mg,46671,ITAPAGIPE,3133402,33,33,10384,10384,7660,7905,84,161,18:16:11,1,1,345,4280,0,2767,101,139,1,1,0,24
mg,46698,ITAPECERICA,3133501,72,72,17090,17090,13414,14346,377,555,18:23:33,3,5,449,6604,3,5723,238,277,3,11,2,96
mg,46710,ITAPEVA,3133600,26,26,9518,9518,6610,7026,163,253,19:12:10,1,2,151,4198,2,1977,153,76,0,18,1,31
mg,46736,ITATIAIUÇU,3133709,38,38,12385,12385,9062,9608,269,277,20:51:54,3,3,326,5524,1,2773,154,169,0,9,1,99
mg,46779,ITAVERAVA,3133907,20,20,5696,5696,4423,4731,100,208,20:45:55,0,0,152,1811,0,2277,79,80,1,1,0,22
mg,54453,ITAÚ DE MINAS,3133758,35,35,12435,12435,8859,9407,218,330,19:07:14,2,0,458,4945,7,2966,156,206,1,9,0,109
mg,46752,ITAÚNA,3133808,232,232,70855,70855,52844,56012,1322,1846,19:12:09,12,10,1892,33311,16,14521,1229,1110,7,78,7,651
mg,46795,ITINGA,3134004,39,39,11490,11490,7829,8208,86,293,22:23:00,0,0,86,1991,1,5602,68,64,0,4,0,13
mg,46817,ITUETA,3134103,19,19,5084,5084,3824,3969,51,94,20:13:57,2,2,41,2381,0,1301,41,34,0,3,0,19
mg,46833,ITUIUTABA,3134202,275,275,77491,77491,55268,57105,811,1026,21:01:44,11,8,1939,25059,14,25289,1085,1587,5,27,7,237
mg,46850,ITUMIRIM,3134301,22,22,5825,5825,4375,4706,138,193,18:23:34,2,1,158,1989,2,1967,96,114,1,2,3,40
mg,46876,ITURAMA,3134400,86,86,30000,30000,21294,22049,270,485,19:10:37,1,1,520,10613,0,9402,342,322,0,9,1,83
mg,46892,ITUTINGA,3134509,12,12,3559,3559,2647,2877,92,138,19:08:22,1,2,64,1198,0,1254,50,60,0,4,0,14
mg,46914,JABOTICATUBAS,3134608,51,51,16254,16254,11792,12450,254,404,20:58:24,5,4,589,5355,3,5241,169,295,0,7,2,122
mg,46930,JACINTO,3134707,32,32,9221,9221,5940,6350,102,308,19:25:04,2,0,96,2016,0,3705,75,36,0,1,0,9
mg,46973,JACUTINGA,3134905,52,52,19258,19258,14164,14814,239,411,20:50:50,0,0,328,10033,4,3173,294,221,1,6,2,102
mg,46957,JACUÍ,3134806,19,19,6410,6410,4596,4881,108,177,19:08:53,2,0,155,3065,2,1091,97,132,0,2,0,50
mg,46990,JAGUARAÇU,3135001,11,11,3209,3209,2474,2592,54,64,18:58:18,0,0,56,1311,1,1053,26,14,0,4,0,9
mg,40304,JAMPRUCA,3135076,15,15,4243,4243,2961,3107,42,104,19:14:14,0,3,36,1014,1,1844,25,21,0,0,1,16
mg,47015,JANAÚBA,3135100,197,197,55304,55304,40873,42923,808,1242,20:49:42,14,10,1259,18164,5,20155,586,490,0,27,0,163
mg,47031,JANUÁRIA,3135209,191,191,51291,51291,35071,36555,560,924,21:17:39,3,4,694,8458,5,24776,504,500,3,16,1,107
mg,47058,JAPARAÍBA,3135308,11,11,3685,3685,2937,3062,55,70,20:10:45,0,1,128,1590,0,1018,59,110,0,1,1,29
mg,42269,JAPONVAR,3135357,29,29,8549,8549,5981,6336,108,247,20:51:23,2,0,143,1500,0,4222,51,58,0,2,0,3
mg,40282,JAÍBA,3135050,91,91,27130,27130,19531,20441,258,652,22:21:53,0,2,441,8580,3,10039,208,182,1,5,2,68
mg,47074,JECEABA,3135407,23,23,5837,5837,4491,4786,137,158,19:09:29,0,0,264,1883,0,2061,132,121,1,1,0,28
mg,42285,JENIPAPO DE MINAS,3135456,18,18,6076,6076,3568,3823,55,200,21:10:00,3,0,148,1036,0,2286,44,38,0,1,1,11
mg,47090,JEQUERI,3135506,34,34,10390,10390,7003,7535,155,377,20:40:58,0,2,192,2287,1,4313,77,106,1,2,0,22
mg,47112,JEQUITAÍ,3135605,22,22,6548,6548,4190,4448,71,187,21:23:26,1,1,126,1303,1,2667,37,38,0,1,1,14
mg,47139,JEQUITIBÁ,3135704,24,24,5903,5903,4502,4749,80,167,20:10:44,2,0,177,2148,0,1916,52,123,1,6,0,77
mg,47155,JEQUITINHONHA,3135803,59,59,18092,18092,11700,12319,136,483,20:15:05,1,3,217,2866,3,8358,115,104,0,2,0,31
mg,47171,JESUÂNIA,3135902,13,13,4445,4445,3259,3447,50,138,19:22:26,1,0,139,1705,2,1242,41,100,0,1,0,28
mg,47210,JOANÉSIA,3136108,23,23,5118,5118,3429,3613,61,123,19:07:13,0,1,86,1544,1,1694,32,53,0,0,2,16
mg,47279,JOAQUIM FELÍCIO,3136405,16,16,3756,3756,2439,2584,52,93,19:26:29,0,1,62,1069,0,1225,30,34,0,1,3,14
mg,47198,JOAÍMA,3136009,40,34,11145,8915,5684,6092,119,289,20:57:42,0,1,128,1516,1,3939,50,38,0,1,0,10
mg,47295,JORDÂNIA,3136504,28,28,7734,7734,5125,5468,61,282,21:01:44,2,3,115,1962,0,2913,62,54,0,3,1,10
mg,40924,JOSENÓPOLIS,3136579,13,13,3576,3576,2212,2383,23,148,18:36:18,1,0,53,697,0,1424,19,17,0,0,0,1
mg,42307,JOSÉ GONÇALVES DE MINAS,3136520,13,13,3806,3806,2540,2711,40,131,21:01:02,3,1,92,773,2,1579,29,44,0,1,0,16
mg,42323,JOSÉ RAYDAN,3136553,15,15,4368,4368,2755,2919,32,132,20:36:27,0,1,50,1035,0,1575,35,49,0,2,0,8
mg,47236,JOÃO MONLEVADE,3136207,216,216,61219,61219,44190,46909,1232,1487,19:22:27,12,11,1551,21256,16,19003,978,830,5,59,6,463
mg,47252,JOÃO PINHEIRO,3136306,129,129,38832,38832,27501,28601,521,579,20:44:50,9,2,789,15663,7,10009,374,494,2,13,4,135
mg,40320,JUATUBA,3136652,79,79,25040,25040,18102,19315,504,709,20:55:13,10,0,752,8452,10,7798,513,377,4,23,4,159
mg,47333,JUIZ DE FORA,3136702,1256,1256,395457,395457,305690,322505,6610,10205,21:07:13,106,93,10517,126964,226,151552,7846,5276,59,434,87,2530
mg,47350,JURAMENTO,3136801,15,15,4669,4669,3533,3697,59,105,21:13:27,1,0,67,1202,1,2177,34,41,0,1,0,9
mg,47376,JURUAIA,3136900,24,24,9242,9242,7213,7506,143,150,19:21:11,1,1,310,4476,1,2072,132,161,0,8,0,51
mg,40940,JUVENÍLIA,3136959,22,22,5569,5569,3761,3927,36,130,20:53:11,0,2,94,1327,0,2241,31,54,1,1,0,10
mg,47392,LADAINHA,3137007,41,41,12287,12287,7403,8124,97,624,21:29:11,5,4,167,2209,1,4853,73,44,3,4,1,39
mg,47414,LAGAMAR,3137106,21,21,6403,6403,4806,4964,58,100,21:01:04,1,1,127,2754,0,1766,40,98,0,0,0,19
mg,47430,LAGOA DA PRATA,3137205,107,107,37445,37445,27120,28487,623,744,20:10:44,5,6,805,16332,5,8554,629,364,1,22,5,392
mg,47457,LAGOA DOS PATOS,3137304,14,14,3774,3774,2601,2740,30,109,19:21:15,0,1,82,1028,0,1412,26,45,0,1,0,6
mg,47473,LAGOA DOURADA,3137403,32,32,10425,10425,8067,8768,323,378,21:15:51,0,2,248,4044,0,3223,362,135,3,7,2,41
mg,47490,LAGOA FORMOSA,3137502,53,53,15873,15873,12404,13002,333,265,20:48:57,5,1,305,7159,6,4301,208,352,0,10,0,57
mg,40347,LAGOA GRANDE,3137536,22,22,7611,7611,5688,5868,65,115,20:48:29,0,0,187,2808,0,2480,54,143,0,1,0,15
mg,47511,LAGOA SANTA,3137601,175,175,54891,54891,41528,43627,930,1169,19:26:28,25,10,1558,23793,13,13679,1038,875,3,34,7,493
mg,47538,LAJINHA,3137700,52,52,16637,16637,12482,13110,219,409,20:39:27,1,3,232,6740,1,5181,149,119,1,4,0,51
mg,47554,LAMBARI,3137809,50,50,17336,17336,12518,13195,223,454,20:05:07,4,3,429,7328,3,4210,234,234,4,6,3,60
mg,47570,LAMIM,3137908,11,11,3521,3521,2577,2757,94,86,19:32:02,0,1,82,770,0,1569,85,61,0,0,1,8
mg,47597,LARANJAL,3138005,20,20,5921,5921,4494,4668,55,119,19:10:37,0,0,86,2286,0,1997,64,52,0,1,1,7
mg,47619,LASSANCE,3138104,20,20,6216,6216,4167,4389,62,160,21:02:24,0,0,225,1542,0,2284,38,53,0,2,0,23
mg,47635,LAVRAS,3138203,213,213,75558,75558,53276,57260,1648,2336,21:02:24,23,19,1920,26718,19,21474,1342,1150,6,69,9,527
mg,47651,LEANDRO FERREIRA,3138302,10,10,3322,3322,2472,2575,34,69,20:24:56,0,0,71,1462,1,845,37,43,0,0,0,13
mg,40967,LEME DO PRADO,3138351,15,15,4360,4360,2926,3065,36,103,20:59:42,3,1,109,819,0,1899,44,35,0,0,1,15
mg,47678,LEOPOLDINA,3138401,132,132,40162,40162,29048,30447,683,716,19:08:21,6,6,907,11528,9,15286,643,498,4,22,4,135
mg,47694,LIBERDADE,3138500,17,17,4275,4275,3265,3446,56,125,18:37:54,0,2,92,1312,2,1726,40,73,1,5,0,12
mg,47716,LIMA DUARTE,3138609,46,46,14497,14497,10306,10928,223,399,20:28:05,1,2,349,3278,6,6206,212,183,0,5,2,62
mg,40363,LIMEIRA DO OESTE,3138625,19,19,6632,6632,5082,5254,61,111,19:13:11,0,1,124,2461,0,2371,51,65,0,3,0,6
mg,40380,LONTRA,3138658,26,26,8567,8567,6041,6276,65,170,22:05:01,0,1,172,1895,0,3842,71,53,0,0,0,7
mg,40983,LUISBURGO,3138674,18,18,5861,5861,4450,4645,81,114,21:49:33,0,0,146,2491,0,1632,63,78,0,2,0,38
mg,41009,LUISLÂNDIA,3138682,28,28,6783,6783,4708,4856,44,104,20:49:42,0,1,116,911,0,3584,56,33,0,0,1,6
mg,47732,LUMINÁRIAS,3138708,16,16,4351,4351,3366,3665,140,159,19:25:30,2,0,94,1470,2,1621,74,73,1,2,0,27
mg,47759,LUZ,3138807,56,56,14672,14672,10115,10679,253,311,18:40:03,1,0,329,5713,1,3641,149,181,0,6,2,92
mg,47775,MACHACALIS,3138906,21,21,5799,5799,4292,4472,44,136,20:19:02,0,0,109,1629,1,2419,76,41,1,2,1,13
mg,47791,MACHADO,3139003,92,92,30436,30436,21763,23169,613,793,19:17:26,4,3,665,13011,4,7234,390,288,0,11,2,151
mg,47813,MADRE DE DEUS DE MINAS,3139102,16,16,4478,4478,3397,3653,80,176,20:45:22,1,0,130,1458,0,1676,31,69,0,3,1,28
mg,47830,MALACACHETA,3139201,58,58,15507,15507,10032,10636,176,428,20:33:22,2,2,263,3776,1,5763,100,94,1,1,3,26
mg,40401,MAMONAS,3139250,24,24,6126,6126,4890,5028,37,101,20:54:33,1,1,236,1578,0,2990,44,25,0,1,1,13
mg,47856,MANGA,3139300,63,63,16127,16127,10999,11533,149,385,22:35:08,1,3,185,3883,2,6711,94,72,2,2,0,44
mg,47872,MANHUAÇU,3139409,181,181,62011,62011,45688,47704,859,1157,21:37:55,8,7,1170,25075,9,17692,827,571,6,24,2,297
mg,47899,MANHUMIRIM,3139508,60,60,17013,17013,12067,12673,237,369,18:39:15,1,2,314,5762,4,5574,167,152,2,8,1,80
mg,47910,MANTENA,3139607,73,73,19156,19156,14316,14836,195,325,19:11:12,5,2,272,8400,3,5172,231,171,3,3,2,52
mg,47953,MAR DE ESPANHA,3139805,40,40,10443,10443,7992,8419,153,274,20:40:27,0,3,235,3980,1,3419,146,171,1,5,3,28
mg,47937,MARAVILHAS,3139706,18,18,6311,6311,4980,5196,90,126,21:02:24,0,1,244,2874,0,1616,83,122,1,2,2,35
mg,47970,MARIA DA FÉ,3139904,37,37,12214,12214,9245,9712,209,258,20:55:47,5,2,293,5267,2,3222,180,173,1,1,0,99
mg,47996,MARIANA,3140001,160,160,52424,52424,37006,40170,1316,1848,20:58:25,23,15,1878,11762,25,21541,869,571,5,47,6,264
mg,48011,MARILAC,3140100,15,15,4681,4681,3304,3492,56,132,20:54:30,0,2,83,1303,0,1798,71,32,0,1,0,14
mg,48038,MARIPÁ DE MINAS,3140209,12,12,3150,3150,2365,2486,36,85,17:23:12,2,0,98,1163,1,1026,27,29,0,1,0,18
mg,48054,MARLIÉRIA,3140308,17,17,4514,4514,3351,3488,42,95,20:12:31,0,1,91,1591,2,1556,40,52,0,0,0,18
mg,48070,MARMELÓPOLIS,3140407,10,10,3077,3077,2276,2416,59,81,20:48:30,0,0,82,1090,0,989,33,64,0,0,0,18
mg,48097,MARTINHO CAMPOS,3140506,38,38,11161,11161,8082,8481,216,183,19:11:12,1,0,296,5071,0,2379,122,145,2,5,2,59
mg,41041,MARTINS SOARES,3140530,25,25,8197,8197,6033,6323,107,183,20:13:30,1,2,149,2812,0,2912,85,58,0,1,0,13
mg,40428,MATA VERDE,3140555,24,24,7529,7529,5554,5810,74,182,19:14:48,2,0,97,2357,0,2922,71,93,0,2,0,10
mg,48119,MATERLÂNDIA,3140605,18,18,4509,4509,2660,2871,64,147,18:44:50,1,1,64,635,0,1867,43,31,0,0,1,17
mg,48135,MATEUS LEME,3140704,93,93,29334,29334,20143,21698,675,880,20:52:36,8,8,970,10122,7,7717,486,571,1,19,7,227
mg,54313,MATHIAS LOBATO,3171501,16,16,3363,3363,2374,2475,29,72,18:43:19,0,0,25,1001,0,1314,19,9,0,0,1,5
mg,48151,MATIAS BARBOSA,3140803,36,36,11981,11981,8960,9444,188,296,19:12:09,2,1,281,3810,4,4471,202,119,0,7,2,61
mg,40444,MATIAS CARDOSO,3140852,28,28,7349,7349,5326,5520,40,154,22:06:15,0,0,100,1518,0,3616,42,32,0,0,1,17
mg,48178,MATIPÓ,3140902,43,43,15216,15216,11301,11954,258,395,21:31:00,0,1,214,5263,2,5578,127,82,1,4,1,28
mg,48194,MATO VERDE,3141009,41,41,10840,10840,8497,8910,103,310,20:57:41,0,1,198,3103,2,5025,101,42,0,0,0,25
mg,48216,MATOZINHOS,3141108,92,92,30120,30120,21866,23432,718,848,19:29:54,14,2,1040,10341,10,9068,529,612,3,25,3,219
mg,48232,MATUTINA,3141207,12,12,3386,3386,2464,2608,50,94,19:09:57,1,0,59,1440,2,848,20,78,0,1,0,15
mg,48259,MEDEIROS,3141306,11,11,3335,3335,2459,2557,43,55,20:51:53,1,2,68,1454,0,852,32,25,0,2,1,22
mg,48275,MEDINA,3141405,54,54,16321,16321,11206,11940,205,529,21:03:01,1,4,232,3738,1,7026,110,67,0,3,0,24
mg,48291,MENDES PIMENTEL,3141504,20,20,4977,4977,3514,3685,66,105,21:00:26,0,2,90,1597,1,1727,34,39,0,1,0,23
mg,48313,MERCÊS,3141603,27,27,8100,8100,6057,6443,137,249,19:14:49,0,0,263,2148,1,3396,122,95,0,2,1,29
mg,48330,MESQUITA,3141702,21,21,5447,5447,3520,3692,67,105,18:41:15,0,1,106,1643,0,1678,34,38,1,1,0,18
mg,48356,MINAS NOVAS,3141801,78,78,22788,22788,13681,14773,249,843,21:17:09,3,4,309,3576,2,9519,138,92,0,1,0,37
mg,48372,MINDURI,3141900,15,15,3240,3240,2358,2503,54,91,18:09:27,0,0,76,1107,0,1115,23,25,0,0,0,12
mg,48399,MIRABELA,3142007,39,39,10866,10866,8385,8709,100,224,20:17:34,2,1,350,2521,5,5330,88,63,0,1,2,22
mg,48410,MIRADOURO,3142106,32,32,8125,8125,6073,6418,137,208,20:53:47,0,3,125,2649,0,3113,64,88,0,2,3,26
mg,41068,MIRAVÂNIA,3142254,14,14,4128,4128,2588,2728,28,112,20:59:04,0,0,101,672,0,1747,29,29,0,1,2,7
mg,48437,MIRAÍ,3142205,41,41,10695,10695,7900,8329,120,309,20:57:42,0,1,236,4092,1,3298,119,124,2,3,2,22
mg,48453,MOEDA,3142304,19,19,5316,5316,4078,4304,85,141,20:58:24,0,0,190,1943,2,1734,78,88,0,0,0,43
mg,48470,MOEMA,3142403,24,24,6829,6829,5196,5420,93,131,19:13:40,0,1,176,2900,2,1844,76,158,1,2,0,36
mg,48496,MONJOLOS,3142502,10,10,2627,2627,1606,1695,21,68,19:11:37,1,0,43,601,0,908,12,35,0,0,0,6
mg,48518,MONSENHOR PAULO,3142601,20,20,6960,6960,5036,5355,125,194,20:16:34,3,0,120,2609,0,2146,65,67,0,3,0,23
mg,48534,MONTALVÂNIA,3142700,55,55,13202,13202,8893,9373,108,372,20:07:47,0,0,225,2836,0,5627,69,104,0,3,2,27
mg,48550,MONTE ALEGRE DE MINAS,3142809,52,52,15409,15409,10678,11176,214,284,18:38:15,1,2,190,5288,2,4677,119,343,0,3,1,52
mg,48577,MONTE AZUL,3142908,75,75,17843,17843,13595,14307,197,515,20:40:27,3,2,303,5113,2,7858,168,101,0,1,1,43
mg,48593,MONTE BELO,3143005,32,32,10838,10838,8040,8452,201,211,20:33:57,0,1,221,4180,4,3272,141,165,0,7,0,49
mg,48615,MONTE CARMELO,3143104,108,108,35703,35703,26310,27556,569,677,20:14:31,2,4,728,13186,12,11046,404,748,2,11,9,158
mg,41084,MONTE FORMOSO,3143153,15,15,4603,4603,2857,3069,47,165,19:11:38,1,1,124,708,1,1968,32,13,0,1,0,8
mg,48631,MONTE SANTO DE MINAS,3143203,48,48,17062,17062,11371,12243,380,492,18:50:07,4,1,389,6241,2,4199,175,237,2,8,1,112
mg,48674,MONTE SIÃO,3143401,53,53,18682,18682,14135,14693,235,323,19:07:53,1,5,295,10553,2,2794,227,183,2,3,3,67
mg,48658,MONTES CLAROS,3143302,921,921,283875,283875,221074,233349,4741,7534,22:11:31,52,41,8142,108875,67,94112,4267,3477,25,186,21,1809
mg,40460,MONTEZUMA,3143450,26,26,5966,5966,4245,4492,67,180,19:25:31,0,1,90,1440,1,2608,47,46,0,4,0,8
mg,48690,MORADA NOVA DE MINAS,3143500,28,28,7207,7207,5377,5644,100,167,21:01:03,1,0,116,3104,0,2002,47,68,0,3,1,35
mg,48712,MORRO DA GARÇA,3143609,10,10,3045,3045,2116,2202,29,57,20:12:56,0,0,63,668,0,1302,14,53,0,0,0,16
mg,48739,MORRO DO PILAR,3143708,18,18,3968,3968,2583,2802,41,178,21:02:25,1,1,167,906,0,1435,15,50,0,3,0,5
mg,48755,MUNHOZ,3143807,19,19,6066,6066,4494,4715,102,119,20:59:41,1,0,85,2654,1,1587,61,89,0,2,0,14
mg,48771,MURIAÉ,3143906,273,273,78840,78840,59812,62984,1218,1954,20:02:15,21,5,1392,30669,16,25203,1134,939,11,38,12,372
mg,48798,MUTUM,3144003,71,71,21564,21564,15886,16489,236,367,20:57:42,3,2,327,8657,2,6442,205,209,0,3,0,36
mg,48810,MUZAMBINHO,3144102,51,51,17966,17966,13154,13777,305,318,18:26:26,1,2,336,7138,4,5075,252,262,1,7,0,76
mg,41025,MÁRIO CAMPOS,3140159,35,35,12178,12178,9155,9817,312,350,20:18:06,2,3,444,4662,5,3583,175,200,2,11,1,67
mg,48836,NACIP RAYDAN,3144201,9,9,2825,2825,1783,1903,18,102,19:13:40,0,0,50,627,0,1046,26,25,1,1,0,7
mg,48852,NANUQUE,3144300,108,108,29314,29314,19575,20546,358,613,20:53:47,2,5,343,9501,3,9175,236,186,0,6,0,118
mg,40487,NAQUE,3144359,15,15,5485,5485,3809,4014,72,133,21:13:27,0,2,92,1642,1,2004,33,27,0,0,0,8
mg,41106,NATALÂNDIA,3144375,12,12,3571,3571,2660,2743,41,42,18:59:48,0,0,90,1154,0,1319,45,45,0,3,0,4
mg,48879,NATÉRCIA,3144409,17,17,4090,4090,3025,3254,93,136,20:05:06,0,3,132,1700,3,990,62,96,1,0,0,38
mg,48895,NAZARENO,3144508,22,22,6298,6298,4919,5258,160,179,20:50:14,2,1,179,1963,3,2558,60,124,1,1,0,27
mg,48917,NEPOMUCENO,3144607,67,67,20890,20890,14506,15482,400,576,19:23:50,5,4,568,7270,2,5909,265,384,2,10,3,84
mg,41122,NINHEIRA,3144656,42,42,8803,8803,5809,6286,130,347,20:58:22,0,1,245,1904,1,3440,82,106,0,1,2,27
mg,41149,NOVA BELÉM,3144672,14,14,3553,3553,2559,2678,41,78,18:33:49,1,0,50,1179,0,1258,20,41,0,1,0,9
mg,48933,NOVA ERA,3144706,63,63,15012,15012,10513,11184,288,383,19:13:11,3,3,386,3947,2,5702,176,165,1,10,3,115
mg,48950,NOVA LIMA,3144805,227,227,77107,77107,60227,63499,1356,1916,20:33:57,34,12,2666,27750,33,25643,1666,1517,10,90,5,801
mg,48976,NOVA MÓDICA,3144904,14,14,3589,3589,2594,2721,23,104,20:07:46,0,1,59,1042,0,1411,31,31,0,1,1,17
mg,48992,NOVA PONTE,3145000,36,36,13442,13442,9642,10051,173,236,19:21:15,3,2,187,5375,1,3684,181,177,0,2,0,30
mg,41165,NOVA PORTEIRINHA,3145059,26,26,6102,6102,4820,5030,75,135,19:25:31,0,1,133,1829,0,2737,58,49,0,1,0,12
mg,49018,NOVA RESENDE,3145109,38,38,13447,13447,10188,10781,269,324,19:24:28,3,4,367,6135,0,3293,170,160,0,1,1,54
mg,49034,NOVA SERRANA,3145208,202,202,67377,67377,53816,55835,1088,931,20:20:37,5,9,1676,38660,7,11437,1155,520,3,32,5,307
mg,47317,NOVA UNIÃO,3136603,18,18,5802,5802,4091,4308,93,124,19:21:14,2,1,258,1723,1,1914,60,101,0,1,1,29
mg,49050,NOVO CRUZEIRO,3145307,85,85,24963,24963,14730,15861,258,873,20:51:53,1,2,239,4310,1,9854,146,148,0,2,1,26
mg,40509,NOVO ORIENTE DE MINAS,3145356,26,26,9100,9100,5578,6032,102,352,20:51:52,0,2,131,1750,1,3540,79,51,0,0,0,24
mg,41181,NOVORIZONTE,3145372,15,15,4973,4973,3475,3721,50,196,21:01:02,1,1,87,1436,0,1877,31,33,0,2,0,7
mg,49077,OLARIA,3145406,8,8,2313,2313,1713,1800,23,64,18:57:42,0,0,95,624,0,929,23,22,0,0,0,20
mg,41203,OLHOS D'ÁGUA,3145455,20,20,5281,5281,3876,4034,52,106,20:55:46,0,1,157,1066,0,2554,53,33,0,2,0,10
mg,49115,OLIVEIRA,3145604,110,110,33504,33504,24378,26140,825,937,19:29:53,4,3,822,11980,6,10180,492,583,6,26,5,271
mg,49131,OLIVEIRA FORTES,3145703,10,10,2731,2731,2035,2154,49,70,19:10:38,2,0,52,654,0,1239,42,43,0,1,0,2
mg,49093,OLÍMPIO NORONHA,3145505,9,9,2869,2869,2029,2165,35,101,18:55:59,0,1,45,881,1,964,55,53,0,3,2,24
mg,49158,ONÇA DE PITANGUI,3145802,15,15,3368,3368,2601,2694,39,54,19:21:14,0,0,107,1551,0,828,25,78,0,2,0,10
mg,41220,ORATÓRIOS,3145851,15,15,4326,4326,3253,3455,79,123,19:22:54,0,0,78,824,0,2241,58,45,0,0,0,7
mg,41246,ORIZÂNIA,3145877,20,20,6817,6817,5000,5181,74,107,20:59:03,0,0,102,2247,2,2489,48,90,0,1,0,21
mg,49174,OURO BRANCO,3145901,91,91,30112,30112,23484,24831,596,751,21:16:32,9,0,1043,10891,3,10187,619,461,1,28,1,241
mg,49190,OURO FINO,3146008,84,84,25443,25443,17906,18942,462,574,18:59:18,7,2,632,11490,4,4826,355,360,1,18,0,211
mg,49212,OURO PRETO,3146107,203,203,64302,64302,47290,50483,1412,1781,21:38:58,19,11,1866,14272,15,28812,971,871,9,69,6,369
mg,49239,OURO VERDE DE MINAS,3146206,25,25,7237,7237,5029,5264,68,167,23:26:11,1,1,59,2123,3,2709,49,74,0,1,0,9
mg,41262,PADRE CARVALHO,3146255,19,19,5095,5095,3112,3276,44,120,20:59:04,0,0,105,983,0,1940,19,56,1,1,1,6
mg,49255,PADRE PARAÍSO,3146305,46,46,14207,14207,9185,9774,171,418,20:54:30,1,0,231,3819,3,4904,128,66,0,5,0,28
mg,41289,PAI PEDRO,3146552,18,18,5550,5550,3972,4178,34,172,22:09:32,0,1,63,1076,1,2736,41,46,0,2,0,6
mg,49271,PAINEIRAS,3146404,15,15,3921,3921,2995,3170,71,104,19:23:20,0,0,105,1290,1,1474,57,47,0,1,0,20
mg,49298,PAINS,3146503,22,22,6914,6914,5183,5397,99,115,20:25:25,0,0,192,3007,0,1761,77,112,0,1,0,33
mg,49310,PAIVA,3146602,8,8,1859,1859,1419,1495,26,50,19:11:12,1,0,84,506,0,778,27,21,0,0,0,2
mg,49336,PALMA,3146701,19,19,5273,5273,3858,4012,58,96,19:02:28,0,0,67,1485,0,2176,55,67,0,2,0,6
mg,40525,PALMÓPOLIS,3146750,20,20,6338,6338,4055,4357,70,232,19:17:26,0,1,116,1177,0,2651,51,50,0,0,0,9
mg,49379,PAPAGAIOS,3146909,33,33,11723,11723,9243,9691,200,248,20:58:24,5,0,383,4919,0,3626,138,118,0,5,0,49
mg,49395,PARACATU,3147006,197,197,68278,68278,50136,52502,1284,1082,20:45:55,11,4,1396,30159,9,16165,755,1214,2,33,5,383
mg,49433,PARAGUAÇU,3147204,50,50,16696,16696,12328,13027,351,348,21:00:26,3,2,382,6695,1,4694,192,210,0,8,2,139
mg,49450,PARAISÓPOLIS,3147303,48,48,16472,16472,11920,12685,303,462,19:04:46,4,2,462,6542,7,4167,309,286,2,17,3,119
mg,49476,PARAOPEBA,3147402,63,63,19694,19694,15151,16076,407,518,19:09:30,4,1,554,7978,3,5915,226,348,2,13,2,105
mg,49417,PARÁ DE MINAS,3147105,225,225,67632,67632,49933,53206,1344,1929,21:14:51,16,3,2243,31055,7,13618,976,1226,3,52,9,725
mg,49514,PASSA QUATRO,3147600,38,38,13298,13298,9892,10482,252,338,20:58:25,4,4,364,4713,1,4297,229,232,2,13,1,32
mg,49530,PASSA TEMPO,3147709,28,28,7354,7354,5382,5927,199,346,18:48:52,2,1,236,2392,1,2470,97,127,2,3,0,51
mg,49557,PASSA VINTE,3147808,9,9,2493,2493,1945,2021,24,52,18:24:00,0,0,48,925,1,849,76,40,0,2,0,4
mg,49492,PASSABÉM,3147501,7,7,1914,1914,1386,1461,23,52,17:47:46,0,0,46,543,0,734,18,33,0,0,0,12
mg,49573,PASSOS,3147907,284,284,81108,81108,59479,62818,1559,1780,19:12:35,12,9,2395,30548,12,23112,1391,1448,5,50,11,486
mg,41300,PATIS,3147956,25,25,5226,5226,3769,3921,47,105,20:10:44,1,1,99,843,0,2727,34,53,0,2,1,8
mg,49590,PATOS DE MINAS,3148004,372,372,116646,116646,86616,90467,1640,2211,19:29:52,25,7,2597,54527,39,24655,1901,2229,15,60,9,552
mg,49611,PATROCÍNIO,3148103,222,222,65612,65612,50686,53327,1280,1361,20:28:05,8,6,1827,31008,6,15427,902,1161,5,30,6,300
mg,49638,PATROCÍNIO DO MURIAÉ,3148202,19,19,5085,5085,4023,4207,57,127,18:30:43,0,0,98,1810,0,1985,52,58,0,1,1,18
mg,49654,PAULA CÂNDIDO,3148301,30,30,7817,7817,5723,6052,118,211,20:51:53,4,0,146,1630,2,3669,100,104,0,3,1,64
mg,49670,PAULISTAS,3148400,18,18,4222,4222,2668,2854,51,135,21:53:32,1,1,64,636,0,1891,34,38,0,0,0,3
mg,49697,PAVÃO,3148509,19,19,6314,6314,4148,4430,76,206,19:23:49,0,0,39,1468,1,2570,35,18,0,1,0,16
mg,49735,PEDRA AZUL,3148707,68,68,18355,18355,11710,12472,174,588,19:24:28,0,2,256,4639,0,6480,125,118,5,6,3,76
mg,41327,PEDRA BONITA,3148756,19,19,6260,6260,4849,5120,95,176,21:02:24,0,1,97,2435,0,2172,65,62,1,0,0,16
mg,49751,PEDRA DO ANTA,3148806,16,16,3516,3516,2628,2808,70,110,19:00:52,0,1,75,815,0,1669,25,40,0,1,0,2
mg,49778,PEDRA DO INDAIÁ,3148905,15,15,3864,3864,2954,3143,67,122,20:19:37,1,1,124,1741,0,965,29,70,0,1,0,22
mg,49794,PEDRA DOURADA,3149002,10,10,2730,2730,2100,2215,29,86,18:15:05,0,0,59,878,0,1097,24,39,1,1,0,1
mg,49816,PEDRALVA,3149101,30,30,9379,9379,6799,7240,185,256,20:13:58,1,0,215,3793,1,2509,106,122,1,2,2,47
mg,40541,PEDRAS DE MARIA DA CRUZ,3149150,30,30,8112,8112,5541,5735,61,133,21:02:24,2,1,93,1322,0,4055,27,32,0,1,0,8
mg,49832,PEDRINÓPOLIS,3149200,13,13,3421,3421,2580,2673,41,52,17:51:36,0,1,88,1419,0,964,44,46,0,2,1,15
mg,49859,PEDRO LEOPOLDO,3149309,166,166,49124,49124,36766,39110,1048,1296,19:21:09,10,7,1748,18757,10,13992,773,992,5,54,6,412
mg,49875,PEDRO TEIXEIRA,3149408,10,10,2507,2507,1996,2090,42,52,19:29:52,0,0,85,578,0,1251,36,27,1,1,0,17
mg,49891,PEQUERI,3149507,12,12,3368,3368,2552,2673,49,72,17:26:36,0,0,91,1080,0,1292,32,43,0,4,0,10
mg,49913,PEQUI,3149606,16,16,3981,3981,3214,3348,52,82,19:22:27,0,0,241,1604,3,1253,31,51,0,1,0,30
mg,49930,PERDIGÃO,3149705,28,28,8537,8537,6660,6952,128,164,20:21:43,1,1,278,4724,2,1398,124,71,0,0,0,61
mg,49956,PERDIZES,3149804,55,55,14146,14146,10161,10558,156,241,18:09:26,2,4,224,6184,0,3221,179,217,3,5,3,119
mg,49972,PERDÕES,3149903,56,56,17292,17292,12727,13566,408,431,18:54:49,3,4,525,6915,2,4660,259,270,0,6,3,80
mg,40568,PERIQUITO,3149952,21,21,6318,6318,4478,4670,80,112,20:33:58,0,2,107,2159,0,2097,37,35,0,1,0,40
mg,49999,PESCADOR,3150000,14,14,3581,3581,2338,2477,25,114,21:01:04,0,1,56,816,0,1415,20,19,2,1,0,8
mg,49719,PEÇANHA,3148608,45,45,11993,11993,8146,8706,168,392,21:48:54,0,3,303,3062,1,4466,105,150,0,1,0,55
mg,50016,PIAU,3150109,13,13,3238,3238,2531,2639,42,66,20:58:22,1,0,80,948,1,1399,48,41,0,0,0,13
mg,41343,PIEDADE DE CARATINGA,3150158,26,26,7808,7808,5686,5984,99,199,19:29:51,2,2,133,3192,0,2231,62,40,0,0,1,23
mg,50032,PIEDADE DE PONTE NOVA,3150208,13,13,3812,3812,2757,2903,54,92,20:54:32,1,1,67,852,0,1749,41,39,0,1,0,6
mg,50059,PIEDADE DO RIO GRANDE,3150307,16,16,4083,4083,2904,3119,76,139,20:24:18,1,0,136,1208,0,1409,37,88,0,2,0,23
mg,50075,PIEDADE DOS GERAIS,3150406,14,14,5270,5270,3651,3917,144,122,22:44:35,0,3,189,1853,1,1448,56,73,0,1,1,26
mg,50091,PIMENTA,3150505,23,23,7313,7313,5389,5750,182,179,20:13:30,0,2,163,3252,2,1778,55,106,0,1,0,30
mg,41360,PINGO D'ÁGUA,3150539,14,14,4149,4149,2955,3129,49,125,21:53:32,0,0,74,1129,2,1670,30,21,0,1,0,28
mg,41386,PINTÓPOLIS,3150570,28,28,6546,6546,4353,4537,67,117,18:57:43,1,0,147,1250,0,2798,37,87,0,2,0,31
mg,50113,PIRACEMA,3150604,22,22,6032,6032,4736,5130,185,209,19:01:47,1,1,251,2063,2,2155,75,142,1,5,0,40
mg,50130,PIRAJUBA,3150703,14,14,4817,4817,3563,3703,57,83,19:10:37,0,0,102,1856,0,1522,41,35,0,0,2,5
mg,50156,PIRANGA,3150802,48,48,14052,14052,8749,9476,247,480,20:07:46,3,7,390,3026,4,4932,187,134,2,4,0,60
mg,50199,PIRANGUINHO,3151008,23,23,7298,7298,5608,5881,104,169,20:56:27,2,1,185,2982,0,2130,136,108,1,2,0,61
mg,50172,PIRANGUÇU,3150901,15,15,4789,4789,3633,3809,74,102,20:56:26,4,3,148,2074,0,1254,69,56,0,5,0,20
mg,50210,PIRAPETINGA,3151107,37,37,9414,9414,7238,7637,140,259,19:08:21,3,0,129,3304,1,3539,107,121,0,4,1,29
mg,50237,PIRAPORA,3151206,137,137,41904,41904,29395,31291,706,1190,20:41:26,5,4,1008,15504,13,11637,495,554,3,24,0,148
mg,50253,PIRAÚBA,3151305,27,27,9664,9664,7230,7566,130,206,20:56:26,1,2,239,3064,1,3680,131,88,0,1,1,22
mg,50270,PITANGUI,3151404,70,70,21464,21464,16412,17160,341,407,19:29:52,6,2,541,10412,4,4660,278,324,1,3,2,179
mg,50296,PIUMHI,3151503,75,75,26253,26253,18664,19578,406,508,20:12:56,0,2,459,11798,3,5561,333,337,0,24,2,145
mg,50318,PLANURA,3151602,25,25,8677,8677,6071,6319,106,142,20:51:54,1,0,141,3121,1,2628,96,63,0,1,0,19
mg,50377,POCRANE,3151909,26,26,7548,7548,5399,5629,65,165,22:06:54,0,1,63,2601,0,2621,49,48,0,1,0,15
mg,50393,POMPÉU,3152006,69,69,24330,24330,17033,18202,470,699,20:52:36,5,2,621,7984,3,7718,259,301,3,9,2,126
mg,50415,PONTE NOVA,3152105,152,152,44494,44494,32951,34655,781,923,20:10:44,12,8,1135,10611,8,19696,658,533,4,30,5,251
mg,41408,PONTO CHIQUE,3152131,13,13,3901,3901,2583,2700,20,97,19:17:26,0,0,30,625,1,1871,25,24,0,2,1,4
mg,40584,PONTO DOS VOLANTES,3152170,31,31,9457,9457,6083,6545,96,366,20:58:24,0,1,179,2053,3,3707,63,60,1,3,0,13
mg,50431,PORTEIRINHA,3152204,113,113,31682,31682,23331,24520,380,809,22:09:32,4,2,534,8563,4,13656,259,253,0,7,0,49
mg,50458,PORTO FIRME,3152303,30,30,9025,9025,6262,6628,133,233,21:51:18,1,2,203,2261,5,3598,77,81,0,2,0,32
mg,50474,POTÉ,3152402,41,41,12644,12644,8322,8911,112,477,21:40:31,6,3,155,3526,3,4420,88,86,0,3,0,32
mg,50490,POUSO ALEGRE,3152501,360,360,112425,112425,82880,87556,1922,2754,20:53:11,33,18,2910,46748,25,28345,2272,1459,13,86,9,962
mg,50512,POUSO ALTO,3152600,18,18,5593,5593,4259,4492,100,133,20:07:46,3,0,114,2337,0,1620,60,111,1,0,2,11
mg,50334,POÇO FUNDO,3151701,37,37,12809,12809,9670,10223,299,254,20:25:54,0,1,327,5067,0,3873,169,162,1,6,3,61
mg,50350,POÇOS DE CALDAS,3151800,401,401,122866,122866,85738,90264,1852,2674,20:29:14,27,25,2982,45922,38,31033,2422,1743,8,122,16,1400
mg,50539,PRADOS,3152709,23,23,7485,7485,5648,6199,249,302,19:25:04,0,2,228,2223,0,2913,141,106,1,3,2,29
mg,50555,PRATA,3152808,76,76,22334,22334,15759,16315,280,276,19:12:10,1,2,1116,7964,4,6185,177,240,1,4,2,63
mg,50598,PRATINHA,3153004,11,11,3312,3312,2476,2568,43,49,19:09:58,1,0,94,1569,0,690,22,52,0,0,0,48
mg,50571,PRATÁPOLIS,3152907,25,25,7457,7457,5373,5733,118,242,18:20:15,0,0,171,2807,1,2133,87,152,0,2,0,20
mg,50610,PRESIDENTE BERNARDES,3153103,23,23,5729,5729,3818,4029,77,134,20:07:47,0,1,122,1243,3,2318,49,60,1,2,0,19
mg,50636,PRESIDENTE JUSCELINO,3153202,17,17,4089,4089,2610,2754,43,101,20:18:06,0,1,78,959,0,1485,14,54,0,7,1,11
mg,50652,PRESIDENTE KUBITSCHEK,3153301,12,12,3087,3087,2261,2388,22,105,20:52:37,0,0,120,401,0,1671,38,24,0,0,0,7
mg,50679,PRESIDENTE OLEGÁRIO,3153400,51,51,16281,16281,11578,12133,191,364,19:24:30,5,2,360,6239,1,4356,230,324,2,8,0,51
mg,50717,PRUDENTE DE MORAIS,3153608,26,26,8555,8555,6394,6964,229,341,20:51:22,0,2,227,3238,3,2611,111,128,3,5,2,64
mg,50733,QUARTEL GERAL,3153707,13,13,3749,3749,2751,2930,63,116,19:32:30,1,0,65,1283,0,1286,31,70,0,1,0,14
mg,50750,QUELUZITO,3153806,8,8,2785,2785,2153,2252,32,67,19:16:23,0,0,108,935,1,985,37,63,0,1,0,23
mg,50776,RAPOSOS,3153905,40,40,12906,12906,10164,10860,292,404,20:47:00,7,7,590,3629,6,5196,291,322,4,13,0,99
mg,50792,RAUL SOARES,3154002,68,68,18357,18357,13034,13799,255,510,19:03:24,3,1,327,5220,1,6994,234,201,0,5,0,48
mg,50814,RECREIO,3154101,26,26,7959,7959,5609,5878,105,164,21:47:03,2,2,132,2129,1,3204,72,51,0,2,1,13
mg,41424,REDUTO,3154150,17,17,5853,5853,4316,4484,64,104,21:04:11,0,1,145,2116,1,1916,64,49,0,3,0,21
mg,50830,RESENDE COSTA,3154200,33,33,9645,9645,7309,7807,222,276,18:26:26,4,2,361,3368,3,3132,152,224,0,2,1,60
mg,50857,RESPLENDOR,3154309,53,53,12729,12729,8793,9093,145,155,19:31:03,1,0,144,5450,0,2968,98,87,1,2,0,42
mg,50873,RESSAQUINHA,3154408,18,18,4433,4433,3547,3766,83,136,20:38:57,0,1,148,1258,2,1893,77,111,0,3,0,54
mg,40606,RIACHINHO,3154457,20,20,6015,6015,4370,4532,45,117,19:07:53,3,1,236,1703,0,2241,49,122,0,0,1,14
mg,50890,RIACHO DOS MACHADOS,3154507,31,31,8031,8031,5538,5857,86,233,21:00:26,1,1,169,1835,0,3358,66,79,0,5,1,23
mg,50911,RIBEIRÃO DAS NEVES,3154606,662,662,218584,218584,161650,173134,5289,6195,20:10:44,66,40,6600,75218,67,71008,4072,3112,14,208,24,1221
mg,50938,RIBEIRÃO VERMELHO,3154705,12,12,3461,3461,2619,2807,62,126,19:02:58,0,0,81,1080,0,1330,63,42,1,5,0,17
mg,50954,RIO ACIMA,3154804,26,26,8371,8371,6501,6923,179,243,20:24:18,1,3,338,2825,4,2964,114,187,0,5,1,59
mg,50970,RIO CASCA,3154903,36,36,10834,10834,7212,7690,168,310,19:00:20,2,2,229,2429,1,4258,150,114,5,0,0,22
mg,51012,RIO DO PRADO,3155108,13,13,4338,4338,2986,3149,34,129,20:13:57,0,1,49,781,1,2098,28,17,0,2,0,9
mg,50997,RIO DOCE,3155009,9,9,2624,2624,1956,2103,41,106,19:23:20,0,0,43,628,0,1224,28,25,0,0,0,8
mg,51039,RIO ESPERA,3155207,23,23,5784,5784,3883,4186,141,162,18:59:20,0,2,140,1517,1,2022,106,77,1,1,0,16
mg,51055,RIO MANSO,3155306,16,16,5025,5025,3764,3961,72,125,19:03:00,0,0,223,1654,1,1672,65,119,1,1,0,28
mg,51071,RIO NOVO,3155405,30,30,7131,7131,5120,5412,92,200,18:57:44,1,0,157,2162,5,2595,102,69,3,1,4,21
mg,51098,RIO PARANAÍBA,3155504,39,39,11055,11055,8052,8467,172,243,20:57:06,1,0,181,4434,2,3107,112,175,0,2,0,38
mg,51110,RIO PARDO DE MINAS,3155603,108,108,22281,22281,16287,17182,204,691,20:58:25,3,2,477,6231,0,9138,168,180,0,4,3,81
mg,51136,RIO PIRACICABA,3155702,47,47,12444,12444,8708,9329,284,337,19:17:26,6,1,365,3402,1,4544,147,156,1,4,2,79
mg,51152,RIO POMBA,3155801,45,45,13402,13402,10153,10726,248,325,20:32:54,4,2,311,4244,3,5195,193,151,0,3,1,46
mg,51179,RIO PRETO,3155900,18,18,5409,5409,4052,4196,46,98,20:55:47,0,0,117,1543,0,2242,65,65,0,3,1,16
mg,51195,RIO VERMELHO,3156007,41,41,10175,10175,5637,6096,148,311,19:21:45,0,1,170,1856,1,3386,71,126,1,2,2,21
mg,51217,RITÁPOLIS,3156106,19,19,4803,4803,3520,3792,101,171,18:20:14,0,2,121,1335,3,1859,74,105,0,1,1,19
mg,51233,ROCHEDO DE MINAS,3156205,8,8,2917,2917,2099,2207,33,75,20:13:31,0,1,67,1026,0,926,34,36,0,0,0,9
mg,51250,RODEIRO,3156304,21,21,6844,6844,5247,5497,105,145,21:07:47,0,3,120,2639,0,2283,84,96,0,1,1,20
mg,51276,ROMARIA,3156403,10,10,3430,3430,2688,2790,27,75,19:30:35,1,0,50,1110,0,1402,32,87,0,0,0,6
mg,40622,ROSÁRIO DA LIMEIRA,3156452,16,12,5195,3887,2947,3128,74,107,20:58:23,2,0,100,1182,1,1538,47,60,0,1,3,13
mg,51292,RUBELITA,3156502,33,33,7524,7524,4620,5007,94,293,19:21:13,1,0,128,1030,0,3363,37,49,0,0,0,12
mg,51314,RUBIM,3156601,25,25,7158,7158,4814,5130,81,235,19:00:20,1,0,141,1362,1,3179,65,51,0,1,2,11
mg,51330,SABARÁ,3156700,295,295,94323,94323,71131,76541,2516,2894,21:24:01,34,22,2914,32586,38,31450,1711,1557,7,109,12,691
mg,51357,SABINÓPOLIS,3156809,44,44,12417,12417,7596,8119,210,313,19:07:52,2,2,238,2260,2,4853,105,88,0,2,2,42
mg,51373,SACRAMENTO,3156908,60,60,20911,20911,15413,15963,226,324,19:00:50,3,1,561,8728,2,5315,317,295,2,12,1,176
mg,51390,SALINAS,3157005,107,107,33019,33019,23272,24619,467,880,20:22:15,5,2,740,9122,5,12741,347,203,3,6,0,98
mg,51411,SALTO DA DIVISA,3157104,18,18,4987,4987,3349,3564,52,163,20:44:19,0,2,57,1212,1,2008,35,22,0,4,0,8
mg,51438,SANTA BÁRBARA,3157203,81,81,24261,24261,17433,18611,509,669,20:32:54,9,6,942,6288,4,9234,372,375,2,25,2,174
mg,40649,SANTA BÁRBARA DO LESTE,3157252,24,24,6925,6925,5206,5555,114,235,21:01:03,0,0,157,2623,0,2273,72,54,1,3,1,22
mg,41440,SANTA BÁRBARA DO MONTE VERDE,3157278,11,11,3595,3595,2669,2790,41,80,19:07:13,0,2,83,1083,0,1422,23,44,1,1,0,10
mg,51454,SANTA BÁRBARA DO TUGÚRIO,3157302,18,18,4340,4340,3202,3453,81,170,19:12:10,0,1,99,978,0,2017,48,44,0,3,0,12
mg,41467,SANTA CRUZ DE MINAS,3157336,19,19,6469,6469,4967,5278,146,165,21:23:26,3,1,202,2608,3,1881,102,115,1,14,0,37
mg,41483,SANTA CRUZ DE SALINAS,3157377,15,15,4496,4496,2955,3155,53,147,20:51:21,0,1,113,574,1,2175,24,56,1,0,0,10
mg,51470,SANTA CRUZ DO ESCALVADO,3157401,17,17,4879,4879,3666,3864,60,138,19:21:13,0,0,69,1089,0,2393,59,44,0,0,0,12
mg,51497,SANTA EFIGÊNIA DE MINAS,3157500,13,13,3985,3985,2631,2875,86,158,20:53:47,0,1,95,1008,1,1437,35,44,0,0,0,10
mg,51519,SANTA FÉ DE MINAS,3157609,14,14,3706,3706,2376,2457,20,61,19:07:52,0,0,75,627,0,1626,21,25,0,1,0,1
mg,41505,SANTA HELENA DE MINAS,3157658,18,18,5344,5344,3818,4022,36,168,21:02:24,0,0,87,1127,2,2539,22,27,0,0,0,14
mg,51535,SANTA JULIANA,3157708,32,32,11819,11819,8834,9175,149,192,20:11:24,1,1,199,5141,0,3259,112,101,1,2,0,17
mg,51551,SANTA LUZIA,3157807,479,479,164668,164668,124532,132961,3857,4572,20:10:46,49,33,6013,59701,45,51624,3108,2612,25,189,33,1100
mg,51578,SANTA MARGARIDA,3157906,38,38,12910,12910,10333,10833,215,285,21:02:24,0,1,162,4913,1,4888,140,167,0,2,0,59
mg,51594,SANTA MARIA DE ITABIRA,3158003,28,28,8798,8798,6297,6719,154,268,20:58:25,1,1,177,2143,3,3692,62,164,0,2,1,51
mg,51616,SANTA MARIA DO SALTO,3158102,16,16,4598,4598,2885,3126,56,185,19:07:52,0,1,62,1115,0,1625,36,31,0,6,0,9
mg,51632,SANTA MARIA DO SUAÇUÍ,3158201,43,43,12134,12134,7200,7557,78,279,19:00:20,2,2,157,2651,1,4151,111,96,1,1,2,25
mg,51837,SANTA RITA DE CALDAS,3159209,23,23,7062,7062,5333,5550,65,152,19:08:22,0,0,208,3341,2,1532,96,116,1,1,1,35
mg,51870,SANTA RITA DE IBITIPOCA,3159407,14,14,3384,3384,2383,2548,44,121,21:47:40,0,1,156,724,0,1404,25,57,0,4,0,12
mg,51853,SANTA RITA DE JACUTINGA,3159308,20,20,4360,4360,3384,3543,59,100,19:12:36,2,0,81,1426,0,1734,55,71,1,2,0,12
mg,40665,SANTA RITA DE MINAS,3159357,20,20,5935,5935,4445,4733,94,194,20:10:46,0,1,97,2256,0,1949,72,41,0,2,0,27
mg,51896,SANTA RITA DO ITUETO,3159506,24,24,5151,5151,3781,3924,53,90,20:12:30,0,0,52,2283,0,1341,35,49,0,1,0,20
mg,51918,SANTA RITA DO SAPUCAÍ,3159605,93,93,31737,31737,23280,24619,679,660,19:13:40,9,2,963,14359,8,6239,655,556,5,31,5,448
mg,51934,SANTA ROSA DA SERRA,3159704,12,12,3513,3513,2408,2538,62,68,18:50:07,0,0,58,1268,0,1002,36,23,0,0,0,21
mg,51950,SANTA VITÓRIA,3159803,65,65,17312,17312,12626,13055,173,256,18:47:56,2,2,321,5586,0,6187,207,285,0,4,0,32
mg,51659,SANTANA DA VARGEM,3158300,20,20,5973,5973,4624,4928,155,149,18:51:35,0,2,175,2273,2,1941,105,111,0,2,0,13
mg,51675,SANTANA DE CATAGUASES,3158409,14,14,3385,3385,2669,2780,41,70,20:15:34,1,0,60,1331,0,1178,34,48,0,0,0,17
mg,51691,SANTANA DE PIRAPAMA,3158508,26,26,7165,7165,5329,5609,102,178,20:16:07,0,2,152,2418,0,2431,29,240,0,4,2,51
mg,51713,SANTANA DO DESERTO,3158607,13,13,3542,3542,2769,2877,32,76,20:50:14,0,1,67,1052,0,1550,31,51,0,1,1,15
mg,51730,SANTANA DO GARAMBÉU,3158706,7,7,2352,2352,1714,1860,44,102,19:24:29,0,1,68,563,0,1034,20,19,1,1,1,6
mg,51756,SANTANA DO JACARÉ,3158805,13,13,3915,3915,2925,3176,121,130,20:40:27,1,1,100,1355,1,1359,49,44,0,0,0,15
mg,51772,SANTANA DO MANHUAÇU,3158904,26,26,7807,7807,5760,5981,90,131,21:33:59,0,0,128,2529,1,2934,83,54,0,2,0,29
mg,40681,SANTANA DO PARAÍSO,3158953,77,77,25815,25815,19209,19903,324,370,20:50:13,5,5,667,11146,4,6686,391,189,1,10,1,104
mg,51799,SANTANA DO RIACHO,3159001,20,20,6031,6031,4280,4449,65,104,22:16:45,2,0,138,1645,1,2289,65,99,0,2,1,38
mg,51810,SANTANA DOS MONTES,3159100,12,12,3869,3869,2846,3077,112,119,20:12:30,1,0,107,1181,0,1457,22,58,0,0,0,20
mg,51977,SANTO ANTÔNIO DO AMPARO,3159902,47,46,14255,13895,10007,10817,400,410,21:01:44,1,1,308,3606,1,5718,141,166,0,5,2,58
mg,51993,SANTO ANTÔNIO DO AVENTUREIRO,3160009,15,15,3747,3747,2910,3075,62,103,20:43:38,0,2,116,1287,0,1382,58,52,0,2,0,11
mg,52019,SANTO ANTÔNIO DO GRAMA,3160108,12,12,3941,3941,2812,2985,66,107,18:51:35,0,0,102,874,0,1756,50,19,0,0,0,11
mg,52035,SANTO ANTÔNIO DO ITAMBÉ,3160207,11,11,3863,3863,2142,2335,52,141,20:13:57,0,1,58,538,1,1452,30,50,0,0,0,12
mg,52051,SANTO ANTÔNIO DO JACINTO,3160306,30,30,9461,9461,5932,6462,116,414,20:30:48,1,1,82,2550,1,3158,59,67,0,0,5,8
mg,52078,SANTO ANTÔNIO DO MONTE,3160405,79,79,21033,21033,16065,16679,273,341,21:03:01,1,4,358,11398,4,3696,206,252,0,6,0,140
mg,41521,SANTO ANTÔNIO DO RETIRO,3160454,26,26,6670,6670,4739,4979,51,189,21:02:24,1,2,128,1406,0,3076,45,52,0,0,0,29
mg,52094,SANTO ANTÔNIO DO RIO ABAIXO,3160504,9,9,2393,2393,1527,1614,27,60,19:25:58,0,0,41,579,0,837,10,55,0,0,0,5
mg,52116,SANTO HIPÓLITO,3160603,11,11,3387,3387,2092,2216,35,89,20:10:45,0,1,105,621,1,1282,37,32,0,2,0,11
mg,52132,SANTOS DUMONT,3160702,130,130,37567,37567,27175,28793,723,895,20:17:35,10,10,810,9912,15,15053,576,566,1,37,2,183
mg,53074,SAPUCAÍ-MIRIM,3165404,18,18,6091,6091,4370,4629,104,155,19:10:38,1,0,137,2425,0,1604,96,79,1,3,0,24
mg,53090,SARDOÁ,3165503,16,16,4955,4955,3348,3659,84,227,21:01:02,0,1,149,1479,1,1629,52,22,0,4,0,11
mg,40800,SARZEDO,3165537,75,75,26228,26228,20154,21426,568,704,22:16:15,5,4,976,10834,5,7093,573,424,2,19,7,212
mg,40827,SEM PEIXE,3165560,12,12,3765,3765,2527,2653,49,77,20:56:27,0,0,71,803,0,1534,30,78,0,2,0,9
mg,40843,SENADOR AMARAL,3165578,16,16,6008,6008,4589,4778,72,117,21:52:19,0,1,107,2898,1,1372,127,54,1,3,0,25
mg,53112,SENADOR CORTES,3165602,9,9,2545,2545,1918,2012,33,61,19:25:31,2,0,46,765,1,1020,24,54,0,1,0,5
mg,53139,SENADOR FIRMINO,3165701,24,24,7117,7117,5181,5485,127,177,18:21:16,1,2,175,1729,4,3028,123,70,0,2,1,46
mg,53155,SENADOR JOSÉ BENTO,3165800,8,8,2481,2481,1878,1977,39,60,19:11:38,1,0,39,1116,0,646,30,40,0,0,0,6
mg,53171,SENADOR MODESTINO GONÇALVES,3165909,17,12,4784,3343,2136,2260,28,96,21:01:03,0,0,73,698,0,1277,42,40,0,0,0,6
mg,53198,SENHORA DE OLIVEIRA,3166006,17,17,5747,5747,4107,4342,117,118,21:12:23,0,4,160,1306,0,2466,68,83,1,4,0,15
mg,53210,SENHORA DO PORTO,3166105,14,14,3323,3323,2108,2269,50,111,19:29:52,0,2,105,770,0,1159,23,42,0,2,0,5
mg,53236,SENHORA DOS REMÉDIOS,3166204,29,29,8367,8367,6246,6735,122,367,21:03:40,4,2,234,2390,1,3325,115,141,2,4,0,28
mg,53252,SERICITA,3166303,22,22,7087,7087,5431,5686,99,156,20:53:12,1,1,88,2758,0,2427,48,100,0,1,0,7
mg,53279,SERITINGA,3166402,7,7,2045,2045,1509,1593,24,60,18:50:06,3,0,48,689,0,722,20,22,1,0,0,4
mg,53295,SERRA AZUL DE MINAS,3166501,11,11,3725,3725,2076,2283,52,155,18:28:27,0,1,77,647,2,1258,8,72,0,0,0,11
mg,53317,SERRA DA SAUDADE,3166600,4,4,1281,1281,963,989,5,21,18:33:49,0,0,22,531,0,360,12,25,0,0,0,13
mg,53350,SERRA DO SALITRE,3166808,31,31,9396,9396,7279,7551,131,141,20:48:57,1,1,186,4358,2,2516,80,98,0,2,0,35
mg,53333,SERRA DOS AIMORÉS,3166709,26,26,6251,6251,4410,4590,64,116,19:23:19,7,1,85,1648,0,2562,45,35,0,8,0,19
mg,53376,SERRANIA,3166907,18,18,6378,6378,4562,4837,114,161,19:14:49,2,0,165,2194,0,2041,54,60,0,1,0,45
mg,53392,SERRANOS,3167004,10,10,2075,2075,1565,1662,36,61,17:48:37,0,1,44,656,0,803,18,32,0,0,0,11
mg,42382,SERRANÓPOLIS DE MINAS,3166956,16,16,4136,4136,3080,3227,47,100,19:23:49,0,0,74,971,0,1967,27,34,0,1,0,6
mg,53414,SERRO,3167103,56,56,17103,17103,10550,11396,287,559,21:09:23,2,4,308,2952,1,6898,123,161,2,11,0,88
mg,53430,SETE LAGOAS,3167202,535,535,167416,167416,128074,137452,4040,5338,20:57:42,53,27,5154,70304,45,44239,2992,3182,21,140,17,1900
mg,42404,SETUBINHA,3165552,29,29,9306,9306,5782,6219,65,372,21:49:33,1,2,139,1563,2,3959,58,46,1,1,1,9
mg,53457,SILVEIRÂNIA,3167301,10,10,2977,2977,2393,2485,26,66,19:07:52,1,1,116,854,0,1333,62,21,0,0,0,5
mg,53473,SILVIANÓPOLIS,3167400,21,21,4859,4859,3581,3753,56,116,20:10:44,0,0,119,2020,1,1247,69,88,0,1,1,35
mg,53511,SIMONÉSIA,3167608,57,57,16466,16466,11977,12769,339,453,21:09:59,6,2,322,5855,1,5363,169,216,0,4,3,36
mg,53490,SIMÃO PEREIRA,3167509,10,10,3145,3145,2499,2596,27,70,20:50:14,3,0,67,1099,0,1220,34,49,0,1,0,26
mg,53538,SOBRÁLIA,3167707,18,18,4076,4076,3033,3223,51,139,20:13:57,2,1,77,1407,0,1472,34,31,0,1,1,7
mg,53554,SOLEDADE DE MINAS,3167806,17,17,5000,5000,3715,3921,95,111,18:23:33,0,1,103,1896,3,1533,83,72,0,1,0,23
mg,52159,SÃO BENTO ABADE,3160801,12,12,4193,4193,3002,3202,95,105,19:22:54,1,1,132,1390,1,1276,99,86,1,1,0,14
mg,52175,SÃO BRÁS DO SUAÇUÍ,3160900,12,12,3755,3755,2687,2875,62,126,19:21:14,1,0,124,1060,1,1383,36,74,1,0,0,7
mg,41548,SÃO DOMINGOS DAS DORES,3160959,20,20,5911,5911,4559,4751,63,129,20:56:27,0,0,115,2382,2,1929,58,31,0,3,1,38
mg,52191,SÃO DOMINGOS DO PRATA,3161007,44,44,14284,14284,10025,10568,193,350,20:53:47,1,1,384,3879,2,5369,134,182,1,11,0,61
mg,52213,SÃO FRANCISCO,3161106,152,152,41950,41950,28587,29479,320,572,20:48:30,3,3,749,9161,2,17831,307,369,1,9,1,151
mg,52230,SÃO FRANCISCO DE PAULA,3161205,23,23,5996,5996,4588,4841,102,151,19:07:52,0,0,138,1756,0,2468,95,110,0,0,0,21
mg,52256,SÃO FRANCISCO DE SALES,3161304,23,23,4637,4637,3575,3717,49,93,18:57:43,0,0,130,1481,0,1865,41,48,0,2,0,8
mg,52272,SÃO FRANCISCO DO GLÓRIA,3161403,13,13,4163,4163,3229,3387,40,118,18:59:19,1,0,68,1257,0,1808,46,30,0,3,2,14
mg,41564,SÃO FÉLIX DE MINAS,3161056,13,13,3799,3799,2662,2762,27,73,20:47:58,0,1,51,1366,0,1177,26,33,0,2,0,6
mg,52299,SÃO GERALDO,3161502,20,20,7348,7348,5404,5693,139,150,20:53:11,0,2,186,1861,1,3199,67,60,0,3,1,24
mg,52310,SÃO GERALDO DA PIEDADE,3161601,13,13,3667,3667,2428,2577,47,102,22:49:10,0,3,62,898,1,1394,17,43,0,3,1,6
mg,41580,SÃO GERALDO DO BAIXIO,3161650,12,12,3221,3221,2294,2428,33,101,20:29:14,0,1,46,1155,0,1024,19,40,0,1,0,8
mg,52337,SÃO GONÇALO DO ABAETÉ,3161700,21,21,5648,5648,4097,4277,85,95,20:16:34,0,1,116,2118,1,1728,47,67,0,3,1,15
mg,52353,SÃO GONÇALO DO PARÁ,3161809,32,32,8689,8689,6841,7304,195,268,19:21:46,2,1,328,3850,2,2351,129,117,1,9,0,51
mg,52370,SÃO GONÇALO DO RIO ABAIXO,3161908,38,38,11721,11721,9015,9683,288,380,20:59:42,2,1,364,4113,3,4108,158,178,4,9,1,74
mg,45098,SÃO GONÇALO DO RIO PRETO,3125507,12,12,3128,3128,2036,2190,50,104,21:00:25,1,1,61,482,0,1416,27,27,0,2,1,18
mg,52396,SÃO GONÇALO DO SAPUCAÍ,3162005,58,58,19134,19134,13207,14017,372,438,21:02:24,4,1,413,6699,2,5411,239,279,0,3,4,152
mg,52418,SÃO GOTARDO,3162104,98,98,28579,28579,21321,22371,462,588,19:07:11,3,2,464,14127,6,5818,358,381,1,11,3,147
mg,41629,SÃO JOAQUIM DE BICAS,3162922,70,70,25074,25074,17953,19114,467,694,20:10:43,6,4,765,8139,7,8138,453,289,4,11,4,133
mg,41645,SÃO JOSÉ DA BARRA,3162948,26,26,6753,6753,5028,5247,89,130,19:31:04,0,0,232,2668,0,1951,44,104,0,1,2,26
mg,40789,SÃO JOSÉ DA LAPA,3162955,68,68,19738,19738,15503,16356,367,486,20:12:30,2,5,602,8081,7,5944,383,349,0,12,5,113
mg,52590,SÃO JOSÉ DA SAFIRA,3163003,15,15,4189,4189,2859,2987,30,98,19:16:24,1,0,66,1098,1,1639,20,28,0,1,2,3
mg,52612,SÃO JOSÉ DA VARGINHA,3163102,14,14,3988,3988,2996,3154,66,92,20:48:30,0,0,141,1581,1,1171,26,50,1,5,0,20
mg,52639,SÃO JOSÉ DO ALEGRE,3163201,11,11,3727,3727,2760,2948,79,109,20:57:42,0,1,69,1707,0,854,45,51,1,0,0,32
mg,52655,SÃO JOSÉ DO DIVINO,3163300,12,12,3170,3170,2363,2479,26,90,19:14:14,2,0,28,1279,0,1002,20,22,0,2,0,8
mg,52671,SÃO JOSÉ DO GOIABAL,3163409,16,16,4897,4897,3456,3634,56,122,19:04:03,1,1,99,1148,2,2082,54,49,1,0,1,18
mg,52698,SÃO JOSÉ DO JACURI,3163508,21,21,5252,5252,3646,3952,83,223,20:10:44,1,1,104,1233,1,2200,40,45,0,5,0,16
mg,52710,SÃO JOSÉ DO MANTIMENTO,3163607,10,10,3068,3068,2272,2389,58,59,19:07:13,0,0,36,963,1,1221,17,28,0,0,0,6
mg,52434,SÃO JOÃO BATISTA DO GLÓRIA,3162203,21,21,6432,6432,4871,5114,106,137,19:25:58,1,0,130,2890,3,1620,67,114,0,2,2,42
mg,40703,SÃO JOÃO DA LAGOA,3162252,18,18,5131,5131,3772,3925,43,110,20:53:46,1,0,164,1059,0,2405,49,68,0,3,0,23
mg,52450,SÃO JOÃO DA MATA,3162302,11,11,3192,3192,2367,2499,51,81,18:50:08,0,1,67,1477,0,731,43,32,0,3,0,13
mg,52477,SÃO JOÃO DA PONTE,3162401,83,83,22992,22992,15309,15955,170,476,20:53:12,1,0,412,3219,2,11436,113,93,2,1,0,30
mg,41602,SÃO JOÃO DAS MISSÕES,3162450,36,34,9981,9353,6647,7001,72,282,22:58:17,1,5,89,1961,2,4507,21,39,0,1,0,21
mg,52493,SÃO JOÃO DEL REI,3162500,218,218,70117,70117,52330,55472,1423,1719,21:00:26,21,17,1858,25618,48,21946,1157,1102,6,76,15,466
mg,40720,SÃO JOÃO DO MANHUAÇU,3162559,27,27,9811,9811,7487,7770,87,196,21:37:29,0,0,120,4078,0,3126,69,63,0,0,2,29
mg,40746,SÃO JOÃO DO MANTENINHA,3162575,19,19,5242,5242,4097,4216,49,70,19:25:04,0,2,103,2019,0,1875,49,41,0,4,0,4
mg,52515,SÃO JOÃO DO ORIENTE,3162609,22,22,6955,6955,5186,5420,76,158,20:53:11,0,0,101,2444,2,2506,72,35,1,3,1,21
mg,40762,SÃO JOÃO DO PACUÍ,3162658,16,16,4046,4046,2828,2923,20,75,20:10:44,0,0,109,674,0,1986,18,32,0,2,0,7
mg,52531,SÃO JOÃO DO PARAÍSO,3162708,82,82,18054,18054,12740,13840,296,804,20:51:23,4,3,403,5958,3,5914,243,141,1,7,1,62
mg,52558,SÃO JOÃO EVANGELISTA,3162807,38,38,12840,12840,8687,9136,151,298,19:31:03,2,1,276,2739,1,5385,112,128,0,6,1,36
mg,52574,SÃO JOÃO NEPOMUCENO,3162906,66,66,20106,20106,14884,15601,287,430,18:43:23,3,4,661,6904,6,6580,315,303,4,10,2,92
mg,52736,SÃO LOURENÇO,3163706,116,116,34836,34836,25221,26571,558,792,18:27:22,12,4,803,15030,5,8155,525,490,1,20,6,170
mg,52752,SÃO MIGUEL DO ANTA,3163805,23,23,6021,6021,4704,5019,140,175,19:25:30,1,1,134,1524,0,2867,76,80,0,1,0,20
mg,52779,SÃO PEDRO DA UNIÃO,3163904,14,14,4328,4328,3163,3346,73,110,18:57:44,0,0,88,1815,0,1127,37,72,0,1,1,22
mg,52817,SÃO PEDRO DO SUAÇUÍ,3164100,15,15,4666,4666,3192,3371,39,140,20:52:37,0,2,90,1193,1,1806,38,42,0,0,2,18
mg,52795,SÃO PEDRO DOS FERROS,3164001,24,24,6402,6402,4377,4632,80,175,19:12:09,0,0,117,1213,0,2860,92,75,0,4,0,16
mg,52833,SÃO ROMÃO,3164209,26,26,7275,7275,4602,4826,62,162,20:07:47,0,0,112,1649,0,2763,37,27,0,4,0,10
mg,52850,SÃO ROQUE DE MINAS,3164308,18,18,5891,5891,4348,4505,65,92,20:45:22,0,2,102,3085,1,979,37,99,0,1,0,42
mg,52876,SÃO SEBASTIÃO DA BELA VISTA,3164407,18,18,6472,6472,4731,4940,96,113,20:56:27,0,0,129,2627,0,1754,79,89,0,2,1,50
mg,42340,SÃO SEBASTIÃO DA VARGEM ALEGRE,3164431,9,9,3045,3045,2314,2447,58,75,20:53:47,0,1,81,1018,0,1104,47,52,1,0,1,9
mg,42366,SÃO SEBASTIÃO DO ANTA,3164472,17,17,5604,5604,4031,4238,43,164,21:02:24,1,1,77,2202,0,1644,65,35,0,1,0,5
mg,52892,SÃO SEBASTIÃO DO MARANHÃO,3164506,34,34,8934,8934,5399,5734,85,250,19:25:04,3,1,133,2048,1,3061,58,74,0,0,0,20
mg,52914,SÃO SEBASTIÃO DO OESTE,3164605,29,29,7573,7573,5908,6212,121,183,20:30:48,3,0,145,3047,1,2501,75,87,0,5,0,44
mg,52930,SÃO SEBASTIÃO DO PARAÍSO,3164704,147,147,51162,51162,35867,37885,844,1174,18:59:19,9,8,1657,19067,8,12696,817,1037,6,36,6,520
mg,52957,SÃO SEBASTIÃO DO RIO PRETO,3164803,9,9,2043,2043,1328,1394,25,41,20:11:55,0,2,47,619,0,607,8,33,1,2,0,9
mg,52973,SÃO SEBASTIÃO DO RIO VERDE,3164902,7,7,2163,2163,1686,1777,35,56,18:26:26,0,0,50,969,1,572,32,50,1,0,0,11
mg,53031,SÃO THOMÉ DAS LETRAS,3165206,19,19,5182,5182,3854,4045,86,105,20:49:41,0,0,131,1261,2,2318,59,63,1,4,1,14
mg,52990,SÃO TIAGO,3165008,32,32,9396,9396,7055,7599,232,312,20:47:27,6,0,328,3273,7,2913,205,235,1,8,2,77
mg,53015,SÃO TOMÁS DE AQUINO,3165107,17,17,5951,5951,4281,4495,89,125,18:35:14,0,2,170,2178,1,1654,61,144,0,5,0,66
mg,53058,SÃO VICENTE DE MINAS,3165305,22,22,5681,5681,4002,4258,86,170,18:18:02,0,0,101,1806,1,1940,50,81,0,4,0,19
mg,53570,TABULEIRO,3167905,13,13,4006,4006,2983,3165,52,130,19:22:27,0,4,99,1211,0,1579,37,38,0,0,1,14
mg,53597,TAIOBEIRAS,3168002,84,84,27594,27594,19957,21029,281,791,20:46:59,1,6,523,11580,2,7283,270,162,3,7,3,117
mg,42420,TAPARUBA,3168051,13,13,4088,4088,2907,3026,41,78,22:06:54,0,1,62,1243,0,1544,23,22,1,0,0,11
mg,53619,TAPIRA,3168101,15,15,4968,4968,3899,3984,37,48,20:43:09,2,0,70,2754,0,871,52,58,0,3,0,89
mg,53635,TAPIRAÍ,3168200,8,8,1974,1974,1515,1559,13,31,19:15:23,1,0,60,718,0,676,21,30,0,1,0,8
mg,53651,TAQUARAÇU DE MINAS,3168309,19,19,5759,5759,4025,4281,80,176,20:10:43,0,1,144,2110,0,1557,58,105,0,5,0,45
mg,53678,TARUMIRIM,3168408,44,44,10127,10127,7537,7876,97,242,20:57:42,0,2,114,3744,0,3462,100,83,1,0,0,31
mg,53694,TEIXEIRAS,3168507,45,45,10098,10098,7596,8123,185,342,18:43:19,1,1,247,2702,0,4307,134,153,1,9,3,38
mg,53716,TEÓFILO OTONI,3168606,335,335,106567,106567,73389,77223,1449,2385,21:17:09,13,10,1539,34422,17,34828,1347,665,6,23,9,510
mg,53732,TIMÓTEO,3168705,175,175,59600,59600,43865,45764,830,1069,20:15:34,15,5,1340,24867,22,15867,973,430,4,41,8,293
mg,53759,TIRADENTES,3168804,22,22,6892,6892,5336,5608,118,154,20:57:41,6,0,162,2556,0,2399,83,100,0,5,1,24
mg,53775,TIROS,3168903,25,25,6214,6214,4523,4727,80,124,20:11:55,0,0,89,3195,0,1080,54,96,0,2,0,7
mg,53791,TOCANTINS,3169000,47,47,12649,12649,9945,10533,253,335,22:12:14,2,0,312,4696,5,4550,169,157,0,8,1,45
mg,42587,TOCOS DO MOJI,3169059,13,13,4159,4159,3292,3482,91,99,19:29:53,1,1,157,1513,0,1430,66,83,0,2,1,38
mg,53813,TOLEDO,3169109,21,21,7507,7507,5476,5720,94,150,19:29:53,0,0,121,3420,0,1673,113,106,0,3,0,40
mg,53830,TOMBOS,3169208,26,26,6714,6714,5233,5435,77,125,18:12:24,1,0,88,2487,2,2516,54,73,0,0,1,11
mg,53856,TRÊS CORAÇÕES,3169307,173,173,56588,56588,39187,42028,1348,1493,20:45:22,20,8,1548,21745,9,13698,808,973,6,38,4,330
mg,41157,TRÊS MARIAS,3169356,82,82,24921,24921,17115,18101,422,564,19:16:47,5,3,567,8632,4,7107,301,381,0,11,0,104
mg,53872,TRÊS PONTAS,3169406,153,153,45341,45341,33388,35448,1126,934,18:54:51,13,5,1385,15431,10,14545,787,921,5,38,7,241
mg,53899,TUMIRITINGA,3169505,17,17,5517,5517,3790,3947,46,111,21:09:23,1,0,57,1745,0,1898,42,40,0,0,0,7
mg,53910,TUPACIGUARA,3169604,65,65,20966,20966,15260,15919,256,403,19:01:22,2,0,266,7260,0,7105,205,377,2,6,1,36
mg,53937,TURMALINA,3169703,56,56,16553,16553,12336,12926,234,356,20:17:06,2,0,352,4187,0,7373,246,117,0,7,1,51
mg,53953,TURVOLÂNDIA,3169802,17,17,4957,4957,3664,3891,88,139,21:02:24,0,1,119,1952,1,1444,73,52,0,2,0,20
mg,40860,UBAPORANGA,3170057,41,41,10135,10135,7902,8231,90,239,20:14:30,2,0,164,4333,1,3185,111,73,0,0,1,32
mg,53996,UBAÍ,3170008,43,43,9797,9797,6840,7106,60,206,21:28:38,0,0,111,1682,0,4902,59,71,0,3,0,12
mg,54011,UBERABA,3170107,795,795,236838,236838,178245,186055,3280,4530,20:50:50,36,26,5850,91107,83,68891,4740,5218,21,171,29,2073
mg,54038,UBERLÂNDIA,3170206,1703,1703,540033,540033,409921,429516,7763,11832,21:27:42,153,82,11754,206793,147,163879,10535,12145,51,399,62,3921
mg,53970,UBÁ,3169901,239,239,71547,71547,52666,55425,1179,1580,21:46:23,17,4,1617,25035,10,23492,1213,821,7,36,11,403
mg,54054,UMBURATIBA,3170305,13,13,2736,2736,1863,1965,45,57,19:11:38,0,1,57,657,0,1120,9,13,0,0,0,6
mg,54070,UNAÍ,3170404,191,191,64172,64172,47812,49422,689,921,20:40:58,7,4,1293,30244,8,13714,893,1401,1,16,8,223
mg,42447,UNIÃO DE MINAS,3170438,12,12,3158,3158,2375,2431,16,40,18:23:33,0,0,47,1088,1,1185,20,28,0,1,0,5
mg,42463,URUANA DE MINAS,3170479,11,11,3686,3686,2619,2721,30,72,20:23:16,0,0,83,1338,0,1099,14,76,0,0,0,9
mg,40886,URUCUIA,3170529,27,27,7988,7988,5554,5768,43,171,20:13:57,1,0,182,2148,2,3034,43,96,2,0,0,46
mg,54097,URUCÂNIA,3170503,27,27,8712,8712,6098,6603,169,336,20:10:45,3,6,138,2210,1,3550,97,61,1,6,0,25
mg,40908,VARGEM ALEGRE,3170578,21,21,5430,5430,3990,4195,60,145,19:21:11,0,2,64,1881,0,1956,40,29,0,1,0,17
mg,54119,VARGEM BONITA,3170602,8,8,2601,2601,1798,1853,23,32,20:51:21,1,0,48,1079,1,611,17,29,0,0,0,12
mg,42480,VARGEM GRANDE DO RIO PARDO,3170651,18,18,4199,4199,3137,3265,13,115,20:55:13,0,1,101,1501,0,1399,79,46,0,1,0,9
mg,54135,VARGINHA,3170701,305,305,104607,104607,76210,80512,2069,2233,19:07:13,24,22,3041,42950,28,25551,1871,1763,13,93,14,840
mg,42501,VARJÃO DE MINAS,3170750,20,20,6717,6717,4993,5202,84,125,18:59:48,0,0,209,2610,0,1998,83,76,0,1,3,13
mg,54178,VARZELÂNDIA,3170909,54,54,17159,17159,11610,12040,124,306,22:54:29,2,0,175,2895,2,8365,100,48,0,1,2,20
mg,54194,VAZANTE,3171006,53,53,16950,16950,12262,12750,218,270,19:21:12,3,1,334,6165,1,4982,267,462,1,7,0,39
mg,42528,VERDELÂNDIA,3171030,27,27,6974,6974,4883,5108,69,156,20:12:30,0,2,116,1414,0,3283,34,25,0,1,0,8
mg,42544,VEREDINHA,3171071,18,18,5268,5268,3765,3963,57,141,20:44:20,0,0,204,1228,0,2210,62,38,0,0,0,23
mg,42560,VERMELHO NOVO,3171154,17,17,5097,5097,3657,3894,96,141,19:07:53,0,0,127,1569,0,1851,48,37,0,2,0,23
mg,54232,VERÍSSIMO,3171105,11,11,3223,3223,2307,2393,34,52,19:21:11,0,0,46,1041,0,1104,30,63,0,0,0,23
mg,54259,VESPASIANO,3171204,301,301,87691,87691,66427,70909,2077,2405,20:31:16,19,14,2768,32456,24,27581,1676,1290,8,94,9,488
mg,54291,VIEIRAS,3171402,12,12,4007,4007,3125,3254,37,92,20:53:46,1,2,63,1371,0,1602,31,45,2,0,0,8
mg,54330,VIRGEM DA LAPA,3171600,31,31,10159,10159,6451,6883,106,326,21:57:24,0,1,117,2009,1,4174,70,66,0,3,0,10
mg,54372,VIRGINÓPOLIS,3171808,28,28,8530,8530,5534,5953,129,290,19:21:45,5,2,356,1988,4,2913,79,143,1,7,1,35
mg,54399,VIRGOLÂNDIA,3171907,17,17,4613,4613,3094,3277,48,135,18:44:52,2,0,97,911,0,2006,35,26,0,4,1,12
mg,54356,VIRGÍNIA,3171709,23,23,7521,7521,5761,5997,108,128,20:21:06,0,0,184,2645,0,2687,85,125,0,2,0,33
mg,54410,VISCONDE DO RIO BRANCO,3172004,102,102,30721,30721,22990,24362,616,756,20:59:42,4,4,701,9901,7,11462,431,341,2,19,5,113
mg,54275,VIÇOSA,3171303,193,193,61609,61609,45338,47857,1154,1365,20:54:30,21,10,1725,14071,16,27070,1047,958,14,59,8,339
mg,54437,VOLTA GRANDE,3172103,20,20,4431,4431,2995,3143,58,90,19:07:13,0,1,76,1122,0,1691,54,32,0,1,0,18
mg,54151,VÁRZEA DA PALMA,3170800,85,85,27190,27190,19008,20137,385,744,21:42:16,4,2,669,9205,4,8491,234,275,0,7,3,114
mg,54216,WENCESLAU BRAZ,3172202,11,11,2695,2695,2037,2158,44,77,20:48:30,0,1,63,1084,0,778,56,39,0,0,0,16
mg,40118,ÁGUA BOA,3100609,38,38,11836,11836,7631,8050,98,321,20:12:55,1,1,177,3057,0,4211,77,75,0,2,0,30
mg,40134,ÁGUA COMPRIDA,3100708,10,10,2699,2699,2023,2102,23,56,19:21:11,0,0,29,1176,0,753,31,23,0,0,1,10
mg,40177,ÁGUAS FORMOSAS,3100906,49,49,14491,14491,10529,11041,125,387,20:21:06,2,2,293,4605,4,5334,108,93,2,3,1,82
mg,40193,ÁGUAS VERMELHAS,3101003,31,31,10868,10868,7149,7559,101,309,21:01:04,1,0,216,2268,0,4486,69,89,0,0,1,19
pr,74012,ABATIÁ,4100103,18,18,5976,5976,4306,4452,69,77,19:09:55,2,1,88,2635,2,1444,54,72,0,2,1,5
pr,74039,ADRIANÓPOLIS,4100202,23,23,5781,5781,4201,4351,67,83,21:46:56,1,0,80,1726,0,2225,65,96,1,1,0,6
pr,74055,AGUDOS DO SUL,4100301,26,26,8981,8981,6937,7262,176,149,19:30:29,0,1,132,4544,1,2002,97,146,0,3,2,9
pr,74071,ALMIRANTE TAMANDARÉ,4100400,211,211,77677,77677,56841,59864,1600,1423,19:05:07,35,11,2073,31191,21,19638,1858,1804,7,61,6,136
pr,84557,ALTAMIRA DO PARANÁ,4100459,11,11,3441,3441,2568,2655,35,52,17:44:16,0,0,93,1260,0,1129,22,58,0,5,0,1
pr,74098,ALTO PARANÁ,4100608,33,33,10406,10406,7643,7914,123,148,18:34:05,2,0,168,4457,2,2704,116,178,0,4,0,12
pr,74926,ALTO PARAÍSO,4128625,11,11,3269,3269,2280,2336,29,27,17:33:47,1,0,47,1321,0,830,29,48,0,3,0,1
pr,74110,ALTO PIQUIRI,4100707,25,25,7426,7426,5428,5623,91,104,19:15:04,0,0,110,2713,1,2395,102,98,0,0,0,9
pr,79510,ALTÔNIA,4100509,50,50,14510,14510,10958,11306,164,184,18:09:29,2,1,294,7311,3,2893,186,251,0,0,0,17
pr,74136,ALVORADA DO SUL,4100806,25,25,7430,7430,5652,5830,70,108,18:12:30,0,1,87,3473,2,1930,59,93,0,3,0,4
pr,74152,AMAPORÃ,4100905,13,13,4058,4058,3044,3144,34,66,19:07:19,2,0,77,1547,0,1309,39,69,0,0,0,1
pr,74179,AMPÉRE,4101002,48,48,14532,14532,11739,12167,176,252,19:09:55,0,1,318,5616,1,5365,236,179,1,7,0,15
pr,74101,ANAHY,4101051,9,9,2828,2828,2290,2356,24,42,18:41:17,0,1,50,1200,0,927,47,63,0,0,0,2
pr,74195,ANDIRÁ,4101101,55,55,16359,16359,11876,12461,203,382,18:10:01,2,3,315,6892,2,4223,224,187,2,4,0,22
pr,74217,ANTONINA,4101200,53,53,15653,15653,11262,11626,201,163,19:05:27,7,2,206,6940,2,3624,210,235,1,6,4,25
pr,74233,ANTÔNIO OLINTO,4101309,25,25,6911,6911,5226,5516,142,148,19:08:17,2,2,148,2894,0,1832,121,219,0,3,1,4
pr,74250,APUCARANA,4101408,295,295,94187,94187,70474,73788,1473,1841,19:25:48,18,12,2379,47060,23,16907,1924,1860,11,63,8,209
pr,74276,ARAPONGAS,4101507,247,247,84444,84444,64346,67094,1243,1505,18:44:54,22,9,1663,46270,14,12880,1739,1524,7,51,7,160
pr,74292,ARAPOTI,4101606,66,66,19003,19003,13753,14323,323,247,18:12:47,2,4,281,9426,2,3483,195,328,0,7,4,21
pr,75108,ARAPUÃ,4101655,13,13,3263,3263,2651,2734,28,55,19:15:26,0,0,54,1278,0,1215,38,59,0,4,0,3
pr,74314,ARARUNA,4101705,36,36,10853,10853,8514,8853,144,195,20:45:55,0,2,234,5079,3,2827,186,163,0,4,0,16
pr,74357,ARAUCÁRIA,4101804,341,341,112066,112066,84807,89402,2261,2334,20:04:07,56,22,3461,44601,33,30847,2919,2462,18,153,14,221
pr,75086,ARIRANHA DO IVAÍ,4101853,8,8,2527,2527,1958,2024,27,39,18:59:17,1,0,43,907,1,935,18,45,0,3,0,5
pr,74373,ASSAÍ,4101903,44,44,12321,12321,8981,9270,140,149,18:24:03,2,0,227,6168,1,2240,150,172,0,9,1,11
pr,79537,ASSIS CHATEAUBRIAND,4102000,87,87,27256,27256,21045,21731,307,379,19:30:47,5,3,443,13775,4,5958,413,398,4,11,3,28
pr,74390,ASTORGA,4102109,63,63,19627,19627,15201,15664,202,261,18:48:52,1,1,283,10863,3,3530,204,286,3,7,2,18
pr,74411,ATALAIA,4102208,12,12,3479,3479,2779,2853,38,36,17:40:38,0,0,58,1687,1,932,42,55,0,2,0,2
pr,74438,BALSA NOVA,4102307,40,40,12129,12129,9478,9934,223,233,18:30:22,2,2,238,5851,2,2840,212,299,4,10,3,15
pr,74454,BANDEIRANTES,4102406,82,82,24411,24411,18078,18610,248,284,19:05:27,7,0,357,12532,2,4584,232,314,3,10,2,35
pr,74470,BARBOSA FERRAZ,4102505,35,35,8859,8859,6377,6664,103,184,19:13:15,0,0,146,3460,1,2458,111,188,1,3,1,8
pr,74519,BARRA DO JACARÉ,4102703,9,9,2805,2805,2154,2239,37,48,18:32:31,0,0,56,1135,0,874,30,57,0,0,0,2
pr,74497,BARRACÃO,4102604,28,28,7600,7600,5951,6109,73,85,19:25:05,1,1,117,3262,0,2329,116,114,0,3,1,7
pr,75124,BELA VISTA DA CAROBA,4102752,9,9,2988,2988,2407,2483,33,43,18:54:49,1,0,46,1049,0,1210,31,63,0,3,1,3
pr,74535,BELA VISTA DO PARAÍSO,4102802,43,43,12282,12282,8904,9270,164,202,18:37:22,2,1,193,5574,3,2779,124,209,1,7,1,10
pr,74551,BITURUNA,4102901,45,45,12808,12808,9950,10386,211,225,20:11:59,2,3,212,5048,0,4349,144,170,0,3,0,19
pr,74578,BOA ESPERANÇA,4103008,13,13,3974,3974,3123,3222,47,52,18:59:34,0,1,52,2240,1,744,36,45,1,1,0,2
pr,74144,BOA ESPERANÇA DO IGUAÇU,4103024,8,8,2309,2309,1896,1942,20,26,18:26:04,1,0,82,854,0,895,30,32,0,1,0,1
pr,75140,BOA VENTURA DE SÃO ROQUE,4103040,22,22,5080,5080,4051,4184,60,73,19:29:01,1,1,139,1872,0,1876,44,113,0,0,0,5
pr,79812,BOA VISTA DA APARECIDA,4103057,20,20,7107,7107,5429,5615,76,110,19:22:42,0,1,126,2910,0,2189,82,115,0,1,0,5
pr,74594,BOCAIÚVA DO SUL,4103107,33,33,10205,10205,7279,7649,199,171,19:09:55,4,2,206,4328,0,2318,175,223,0,5,3,15
pr,75167,BOM JESUS DO SUL,4103156,14,14,3699,3699,2990,3069,26,53,18:34:04,0,0,61,1403,0,1423,55,45,0,3,0,0
pr,74616,BOM SUCESSO,4103206,18,18,5316,5316,4049,4219,76,94,17:49:53,2,2,122,1916,0,1840,63,99,0,1,0,4
pr,74160,BOM SUCESSO DO SUL,4103222,11,11,3020,3020,2514,2562,27,21,18:21:51,0,0,51,1769,0,619,38,34,0,0,0,3
pr,74632,BORRAZÓPOLIS,4103305,27,27,6279,6279,5004,5169,73,92,18:37:22,0,0,113,3013,0,1720,49,97,2,1,0,9
pr,79839,BRAGANEY,4103354,16,16,4330,4330,3376,3495,56,63,18:38:13,0,2,72,1953,0,1225,63,60,0,0,0,1
pr,74187,BRASILÂNDIA DO SUL,4103370,11,11,3350,3350,2580,2658,31,47,18:26:28,0,1,55,1258,1,1174,35,50,0,2,0,4
pr,74659,CAFEARA,4103404,7,7,2223,2223,1763,1837,21,53,18:42:15,0,0,37,821,0,861,18,24,0,1,0,1
pr,79855,CAFELÂNDIA,4103453,41,41,13247,13247,10639,10940,137,164,19:09:23,5,1,246,7110,4,2768,286,188,1,6,1,23
pr,74209,CAFEZAL DO SUL,4103479,15,15,4161,4161,3195,3278,38,45,18:26:57,2,0,67,1970,0,1020,70,60,0,1,0,5
pr,74675,CALIFÓRNIA,4103503,25,25,6940,6940,5369,5618,120,129,17:57:31,4,0,171,3498,0,1487,76,121,0,2,0,10
pr,74691,CAMBARÁ,4103602,60,60,17864,17864,12553,13252,277,422,19:16:43,2,4,303,7552,4,4130,221,302,0,7,1,27
pr,74730,CAMBIRA,4103800,19,19,6442,6442,4984,5192,91,117,18:36:00,2,0,98,3314,0,1376,75,108,1,2,0,8
pr,74713,CAMBÉ,4103701,224,224,76178,76178,56980,59684,1186,1518,19:07:20,27,13,1972,36772,15,14688,1468,1780,6,85,12,142
pr,74756,CAMPINA DA LAGOA,4103909,42,42,12371,12371,9247,9562,146,169,18:55:56,2,1,230,5520,3,3125,135,209,3,6,0,13
pr,75183,CAMPINA DO SIMÃO,4103958,14,14,3735,3735,2791,2942,80,71,18:45:18,0,0,118,1228,0,1308,55,78,0,1,0,3
pr,74772,CAMPINA GRANDE DO SUL,4104006,103,103,35488,35488,26649,27795,590,556,19:09:55,13,1,826,15901,17,8274,768,753,5,20,3,68
pr,74780,CAMPO BONITO,4104055,12,12,3695,3695,2812,2888,32,44,18:16:15,0,0,59,1515,0,1135,46,52,0,2,0,3
pr,74799,CAMPO DO TENENTE,4104105,20,20,6393,6393,5070,5237,92,75,18:15:25,0,0,141,3167,0,1515,116,124,1,0,0,6
pr,74810,CAMPO LARGO,4104204,296,296,94798,94798,73035,76479,1795,1649,18:32:29,32,12,2639,44882,28,20761,2143,2257,11,76,20,174
pr,75205,CAMPO MAGRO,4104253,66,66,21484,21484,16370,17157,400,387,19:16:19,3,4,630,9079,5,5501,525,561,1,23,3,35
pr,74837,CAMPO MOURÃO,4104303,216,216,70262,70262,54281,56172,903,988,19:11:27,27,7,1848,32846,16,16646,1290,1446,4,41,4,106
pr,74225,CANDÓI,4104428,43,43,12050,12050,9410,9741,162,169,18:55:26,0,2,275,4740,0,4025,167,192,0,2,0,7
pr,84514,CANTAGALO,4104451,35,35,9118,9118,6600,6886,102,184,18:10:01,2,1,162,3142,1,3054,115,119,0,1,0,3
pr,74870,CAPANEMA,4104501,54,54,15204,15204,11831,12180,164,185,19:15:04,2,3,338,6496,0,4468,278,222,2,6,1,15
pr,74896,CAPITÃO LEÔNIDAS MARQUES,4104600,34,34,11861,11861,9013,9287,122,152,19:14:07,4,0,170,5165,1,3336,195,132,0,1,0,9
pr,75221,CARAMBEÍ,4104659,51,51,17446,17446,13670,14314,329,315,18:32:30,2,2,430,9238,3,3192,312,452,0,10,0,29
pr,74918,CARLÓPOLIS,4104709,38,38,12148,12148,8838,9214,153,223,18:44:54,3,0,192,5552,1,2722,168,180,0,0,1,19
pr,74934,CASCAVEL,4104808,707,707,239954,239954,188488,194330,2801,3041,19:29:44,66,29,5583,121234,54,51045,5823,3880,26,188,23,537
pr,74950,CASTRO,4104907,188,188,55971,55971,42298,44474,1273,903,18:57:44,10,5,1297,27057,8,11474,1093,1247,4,32,4,67
pr,74977,CATANDUVAS,4105003,27,27,7097,7097,5310,5507,82,115,19:16:20,1,0,112,3183,0,1798,116,91,0,4,0,5
pr,74993,CENTENÁRIO DO SUL,4105102,32,32,8551,8551,6289,6534,82,163,18:00:45,1,2,113,2800,1,3172,83,109,0,0,1,7
pr,75019,CERRO AZUL,4105201,48,48,13491,13491,9958,10494,277,259,20:44:17,0,2,285,4661,0,4665,131,204,0,1,0,9
pr,75035,CHOPINZINHO,4105409,53,53,16864,16864,13029,13477,206,242,18:43:22,3,1,282,7713,0,4482,297,228,0,7,0,16
pr,75051,CIANORTE,4105508,189,189,58478,58478,44411,45860,717,732,18:51:31,8,5,1439,30549,12,10283,945,1061,8,23,5,73
pr,75078,CIDADE GAÚCHA,4105607,32,32,8899,8899,6611,6816,79,126,21:12:06,2,2,153,3676,1,2559,69,137,2,1,0,9
pr,75094,CLEVELÂNDIA,4105706,50,50,13247,13247,9792,10109,132,185,17:54:35,3,4,151,5539,1,3826,117,136,1,3,0,11
pr,75132,COLOMBO,4105805,486,486,161954,161954,123040,129119,3283,2796,19:22:18,63,22,4538,69990,53,39734,4205,3926,19,181,21,288
pr,75159,COLORADO,4105904,59,59,17627,17627,13343,13943,248,352,18:45:18,5,2,416,7552,2,4883,182,277,1,3,2,18
pr,75175,CONGONHINHAS,4106001,21,21,6609,6609,4760,4934,63,111,18:28:31,3,1,94,2129,0,2378,49,101,0,1,1,3
pr,75191,CONSELHEIRO MAIRINCK,4106100,10,10,3221,3221,2368,2469,39,62,20:51:41,0,0,78,1260,0,956,33,34,0,2,0,5
pr,75213,CONTENDA,4106209,42,42,13638,13638,10651,11203,331,221,18:57:44,4,1,291,6403,0,3327,233,367,0,7,0,18
pr,75230,CORBÉLIA,4106308,45,45,13858,13858,11081,11380,160,139,19:13:35,5,0,200,7590,4,2774,260,215,1,5,2,25
pr,75256,CORNÉLIO PROCÓPIO,4106407,121,121,35102,35102,25953,26949,448,548,19:01:44,12,5,883,16058,6,7747,541,604,6,18,0,73
pr,75248,CORONEL DOMINGOS SOARES,4106456,18,18,5280,5280,3934,4052,55,63,19:30:47,0,0,83,1864,0,1877,24,85,0,1,0,0
pr,75272,CORONEL VIVIDA,4106506,59,59,17708,17708,13946,14440,245,249,19:01:45,3,1,330,7845,3,5245,258,237,2,7,1,14
pr,75280,CORUMBATAÍ DO SUL,4106555,12,12,3757,3757,2753,2871,51,67,22:34:17,0,0,87,1295,0,1250,33,83,0,4,1,0
pr,75337,CRUZ MACHADO,4106803,50,50,13735,13735,10654,11224,277,293,19:25:23,4,5,335,6358,0,3203,198,524,1,5,0,21
pr,74241,CRUZEIRO DO IGUAÇU,4106571,13,13,3622,3622,2840,2910,30,40,18:50:07,0,0,99,1464,0,1185,52,37,0,2,0,1
pr,75299,CRUZEIRO DO OESTE,4106605,56,56,16510,16510,12154,12582,187,241,20:50:03,1,0,274,7335,1,4065,240,209,1,6,1,21
pr,75310,CRUZEIRO DO SUL,4106704,12,12,3922,3922,2913,3022,41,68,18:34:04,0,0,74,1298,0,1449,41,50,0,0,0,1
pr,75264,CRUZMALTINA,4106852,11,11,2730,2730,2101,2172,26,45,18:15:25,1,0,62,1227,0,728,34,46,0,2,0,1
pr,75353,CURITIBA,4106902,4056,4056,1415148,1415148,1093434,1136092,19244,23414,19:05:07,619,290,43236,628721,626,332099,43451,36171,304,1973,268,5676
pr,75370,CURIÚVA,4107009,35,35,10807,10807,7559,7971,196,216,17:51:39,1,2,182,4476,0,2615,128,140,1,6,2,6
pr,74853,CÂNDIDO DE ABREU,4104402,51,51,11738,11738,8704,9075,170,201,18:56:27,2,1,183,4879,2,3243,167,208,4,6,0,9
pr,79570,CÉU AZUL,4105300,27,27,8788,8788,6985,7186,87,114,19:14:08,1,1,129,5247,1,1389,110,92,2,3,0,10
pr,75400,DIAMANTE D'OESTE,4107157,17,17,3758,3758,2955,3038,36,47,19:21:04,0,0,65,1266,1,1555,35,30,0,2,0,1
pr,75396,DIAMANTE DO NORTE,4107108,13,13,4379,4379,3255,3358,43,60,20:10:57,0,0,54,1902,0,1170,71,52,0,1,0,5
pr,74268,DIAMANTE DO SUL,4107124,12,12,3479,3479,2572,2637,33,32,17:42:02,0,0,27,1401,0,1082,28,33,0,0,0,1
pr,75418,DOIS VIZINHOS,4107207,104,104,33146,33146,26747,27530,399,384,18:26:58,3,2,766,15013,7,10056,569,286,1,11,4,29
pr,84654,DOURADINA,4107256,22,22,6988,6988,5465,5603,74,64,19:25:22,3,2,111,3589,0,1545,110,92,1,2,1,9
pr,75434,DOUTOR CAMARGO,4107306,17,17,5175,5175,4038,4166,53,75,18:57:44,1,1,83,2659,3,1152,55,78,0,1,0,5
pr,74942,DOUTOR ULYSSES,4128633,20,20,5209,5209,3889,4089,104,96,18:17:20,3,0,100,1851,0,1796,47,84,0,2,1,5
pr,75477,ENGENHEIRO BELTRÃO,4107504,33,33,10063,10063,7632,7894,111,151,18:39:52,0,0,162,4654,1,2494,119,194,0,1,1,6
pr,74284,ENTRE RIOS DO OESTE,4107538,15,15,3721,3721,3085,3139,24,30,19:21:05,0,0,44,2257,0,644,86,45,0,0,0,9
pr,75450,ENÉAS MARQUES,4107405,17,17,5490,5490,4418,4541,65,58,18:37:22,0,0,130,2121,2,1988,80,89,0,1,1,6
pr,75302,ESPERANÇA NOVA,4107520,7,7,2112,2112,1565,1598,19,14,18:20:36,1,1,36,1049,0,427,16,33,0,1,0,1
pr,75329,ESPIGÃO ALTO DO IGUAÇU,4107546,16,16,4416,4416,3333,3425,42,50,18:45:18,0,0,32,1937,0,1239,47,71,1,2,0,4
pr,74306,FAROL,4107553,10,10,2837,2837,2172,2246,37,37,18:54:49,0,0,45,1157,0,897,29,43,0,0,0,1
pr,75493,FAXINAL,4107603,45,45,12177,12177,9400,9681,128,153,18:22:20,3,3,200,6470,2,2331,144,229,0,4,0,14
pr,74322,FAZENDA RIO GRANDE,4107652,259,259,94019,94019,68615,72128,1859,1654,20:51:41,39,9,2597,39363,23,21881,2536,1900,10,111,18,128
pr,75345,FERNANDES PINHEIRO,4107736,20,20,5554,5554,4309,4504,91,104,20:07:52,0,1,95,2288,0,1731,88,101,0,0,0,5
pr,84573,FIGUEIRA,4107751,19,19,6360,6360,4571,4771,88,112,20:14:18,0,1,85,2071,0,2255,67,85,0,1,0,6
pr,74349,FLOR DA SERRA DO SUL,4107850,17,17,4381,4381,3408,3519,47,64,17:47:48,0,2,93,1771,0,1413,57,69,0,2,0,1
pr,75531,FLORAÍ,4107801,15,15,4346,4346,3533,3674,74,67,18:44:33,0,1,84,2132,0,1183,57,70,1,1,0,4
pr,75558,FLORESTA,4107900,24,24,8070,8070,6214,6397,69,114,19:04:40,1,0,153,4014,3,1779,94,150,1,8,0,11
pr,75574,FLORESTÓPOLIS,4108007,34,34,9394,9394,7398,7649,132,119,18:47:53,2,3,203,3439,1,3450,146,143,0,4,1,6
pr,75590,FLÓRIDA,4108106,9,9,2410,2410,1933,2002,35,34,18:15:08,0,0,48,1020,0,789,36,36,0,1,1,2
pr,75612,FORMOSA DO OESTE,4108205,21,21,6080,6080,4559,4763,78,126,18:39:18,0,4,103,2982,2,1294,77,84,0,6,0,7
pr,75639,FOZ DO IGUAÇU,4108304,626,626,209121,209121,160136,165077,2343,2598,18:46:40,79,37,3790,97614,65,50383,4690,2886,31,151,28,382
pr,75361,FOZ DO JORDÃO,4108452,16,16,4360,4360,3209,3317,41,67,18:11:17,0,0,103,1280,0,1746,41,36,0,1,1,1
pr,79774,FRANCISCO ALVES,4108320,21,21,6100,6100,4442,4580,69,69,17:58:54,1,0,63,2856,0,1370,81,59,0,4,0,8
pr,75655,FRANCISCO BELTRÃO,4108403,217,217,66806,66806,54033,55715,847,835,18:44:54,10,8,1869,29992,10,19798,1362,871,2,30,7,74
pr,75515,FÊNIX,4107702,12,12,3851,3851,2921,3045,40,84,20:50:03,2,0,70,1433,0,1286,51,75,0,0,0,4
pr,75671,GENERAL CARNEIRO,4108502,32,32,8667,8667,6495,6763,149,119,20:37:17,2,3,118,3335,0,2785,104,140,0,2,1,5
pr,74004,GODOY MOREIRA,4108551,11,11,2850,2850,2150,2218,27,41,18:44:56,1,0,65,877,2,1151,16,37,0,0,0,1
pr,75698,GOIOERÊ,4108601,72,72,21161,21161,16178,16694,266,250,19:02:56,3,1,314,10278,2,4969,271,309,0,7,1,23
pr,75388,GOIOXIM,4108650,20,20,5428,5428,4085,4222,61,76,19:16:19,1,0,131,1785,0,2056,56,51,0,2,0,3
pr,79596,GRANDES RIOS,4108700,18,18,4758,4758,3598,3729,57,74,18:57:43,1,0,95,2260,0,1094,54,90,0,0,0,4
pr,75736,GUAIRAÇÁ,4108908,17,17,5399,5399,4006,4147,61,80,18:59:35,2,2,71,2456,0,1322,57,90,0,4,0,2
pr,75426,GUAMIRANGA,4108957,22,22,6603,6603,5374,5591,127,90,18:34:05,1,1,114,3420,0,1596,92,145,0,0,0,5
pr,75752,GUAPIRAMA,4109005,12,12,4064,4064,2983,3125,60,82,19:21:05,0,1,71,1626,1,1140,54,83,0,2,1,4
pr,75779,GUAPOREMA,4109104,6,6,1979,1979,1473,1518,21,24,20:57:54,0,3,46,859,1,510,22,29,0,0,0,3
pr,75795,GUARACI,4109203,15,15,4224,4224,3283,3363,36,44,18:27:22,0,1,73,2003,0,1089,48,66,0,0,0,3
pr,75817,GUARANIAÇU,4109302,44,44,11100,11100,8373,8592,91,128,19:00:48,3,0,157,5465,1,2436,111,182,0,5,0,13
pr,75833,GUARAPUAVA,4109401,438,438,133846,133846,103362,107679,2185,2132,19:21:04,41,9,3092,56860,29,38125,2594,2356,13,58,14,171
pr,75850,GUARAQUEÇABA,4109500,29,29,7430,7430,5218,5377,71,88,19:10:33,0,0,108,2717,1,2182,115,90,0,1,0,4
pr,75876,GUARATUBA,4109609,95,95,32489,32489,23373,24109,343,393,18:38:13,3,5,652,14855,5,6607,510,651,4,33,0,48
pr,75710,GUAÍRA,4108809,82,82,23809,23809,17829,18348,265,254,18:12:48,1,2,300,12008,6,4848,376,248,2,13,4,21
pr,74365,HONÓRIO SERPA,4109658,14,14,4366,4366,3423,3492,29,40,18:48:51,0,0,60,1585,2,1670,20,83,0,1,0,2
pr,75892,IBAITI,4109708,74,74,21627,21627,15729,16410,335,346,19:07:19,1,4,418,9639,5,5046,288,302,0,3,0,23
pr,74020,IBEMA,4109757,20,20,5098,5098,3847,3991,65,79,18:34:04,2,0,105,1962,1,1630,66,71,1,2,0,7
pr,75914,IBIPORÃ,4109807,119,119,39987,39987,28952,30302,648,702,19:07:20,2,6,988,18657,9,7746,623,807,2,33,1,78
pr,75930,ICARAÍMA,4109906,24,24,7070,7070,5314,5465,82,69,18:41:17,0,0,80,3480,0,1602,57,84,3,1,0,7
pr,75957,IGUARAÇU,4110003,12,12,4057,4057,3157,3246,37,52,19:02:55,1,0,81,1985,0,967,45,68,0,1,0,9
pr,74381,IGUATU,4110052,8,8,2131,2131,1716,1763,19,28,18:35:24,0,0,30,836,0,787,37,24,0,0,0,2
pr,75442,IMBAÚ,4110078,29,29,8865,8865,6698,7089,180,211,18:47:53,2,0,164,3387,0,2890,134,113,0,4,0,4
pr,75973,IMBITUVA,4110102,76,76,23461,23461,18528,19338,458,352,18:45:18,4,3,472,11802,2,5216,385,614,2,10,0,18
pr,76015,INAJÁ,4110300,8,8,2546,2546,1951,1995,14,30,18:15:25,0,2,21,869,2,994,33,29,0,1,0,0
pr,79618,INDIANÓPOLIS,4110409,14,14,3803,3803,2869,3007,60,78,17:53:58,0,2,75,1749,0,943,41,53,1,0,0,5
pr,75990,INÁCIO MARTINS,4110201,31,31,8367,8367,6556,6843,126,161,18:51:31,4,2,166,3172,0,2850,130,219,0,4,1,8
pr,76031,IPIRANGA,4110508,41,41,11267,11267,9021,9449,242,186,20:55:09,4,2,342,6042,0,2128,223,262,2,5,1,10
pr,76058,IPORÃ,4110607,47,47,12170,12170,8889,9270,183,198,18:19:30,0,1,210,5671,1,2683,182,123,0,3,1,14
pr,74403,IRACEMA DO OESTE,4110656,9,9,2427,2427,1885,1945,18,42,18:22:19,0,1,29,976,0,810,33,36,0,0,0,0
pr,76074,IRATI,4110706,161,161,45672,45672,35440,37334,1000,894,19:09:55,16,2,1234,21227,13,10632,919,1282,5,31,4,75
pr,76090,IRETAMA,4110805,26,26,7961,7961,5710,5963,107,146,18:47:52,2,0,149,2869,2,2459,81,137,0,2,3,6
pr,76112,ITAGUAJÉ,4110904,11,11,3512,3512,2752,2823,21,50,19:21:04,0,0,55,1395,0,1213,35,48,0,1,2,3
pr,75000,ITAIPULÂNDIA,4110953,30,30,9902,9902,8068,8239,78,93,18:34:04,0,3,173,4998,1,2632,129,125,0,1,0,6
pr,76139,ITAMBARACÁ,4111001,16,16,5267,5267,3820,3965,60,85,18:56:28,0,0,60,2391,0,1220,57,90,0,0,0,2
pr,76155,ITAMBÉ,4111100,18,18,5052,5052,4121,4241,54,66,19:04:22,1,0,111,2467,2,1342,75,120,1,1,0,1
pr,76171,ITAPEJARA D'OESTE,4111209,28,28,9159,9159,7251,7521,130,140,18:59:17,1,1,171,3931,1,2878,124,137,1,3,2,1
pr,74446,ITAPERUÇU,4111258,61,61,21624,21624,17457,18183,417,309,20:52:09,2,3,579,7469,1,8697,371,314,0,8,2,11
pr,76198,ITAÚNA DO SUL,4111308,10,10,2788,2788,2046,2109,23,40,17:44:59,0,1,62,829,0,1076,43,32,0,0,0,3
pr,76236,IVAIPORÃ,4111506,82,82,24012,24012,18776,19485,350,359,22:41:06,4,6,540,10742,3,6516,380,528,1,13,3,40
pr,76252,IVATUBA,4111605,12,12,3152,3152,2283,2356,30,43,18:43:22,0,0,94,1397,0,673,72,46,0,0,0,1
pr,74462,IVATÉ,4111555,20,20,5439,5439,4226,4359,55,78,18:33:02,0,0,95,2276,0,1679,82,88,0,0,1,5
pr,76210,IVAÍ,4111407,37,37,10656,10656,8614,8953,158,181,19:05:07,1,2,191,5550,1,2445,186,229,1,0,0,8
pr,76279,JABOTI,4111704,15,15,4523,4523,3505,3655,69,81,19:15:26,1,0,127,2108,0,1146,45,70,0,0,1,7
pr,76295,JACAREZINHO,4111803,102,102,29711,29711,21765,22752,494,493,19:21:04,6,5,558,11043,4,9267,422,405,2,19,4,30
pr,76317,JAGUAPITÃ,4111902,33,33,11056,11056,7873,8207,158,176,18:54:48,0,1,230,5042,4,2280,120,178,0,5,1,12
pr,76333,JAGUARIAÍVA,4112009,85,85,25982,25982,19374,20088,417,297,19:21:04,7,4,398,12904,2,5219,399,406,0,13,1,21
pr,76350,JANDAIA DO SUL,4112108,56,56,16534,16534,12751,13213,212,250,18:37:57,4,0,354,8694,3,2994,287,372,0,14,0,29
pr,76376,JANIÓPOLIS,4112207,16,16,4944,4944,3668,3817,68,81,18:51:31,0,0,59,1901,0,1571,59,73,0,0,1,4
pr,76392,JAPIRA,4112306,14,14,3943,3943,2932,3048,53,63,19:16:19,2,1,61,1576,0,1159,51,78,0,2,0,2
pr,76414,JAPURÁ,4112405,25,25,7452,7452,5861,6040,91,88,19:21:05,0,1,139,3976,4,1476,105,148,0,0,0,12
pr,76430,JARDIM ALEGRE,4112504,33,33,9012,9012,7120,7358,106,132,20:30:17,1,2,162,3850,0,2847,84,149,0,8,3,14
pr,76457,JARDIM OLINDA,4112603,5,5,1350,1350,1113,1142,8,21,17:36:04,0,0,30,429,0,626,15,12,0,0,0,1
pr,76473,JATAIZINHO,4112702,31,31,9482,9482,7052,7361,142,167,18:24:02,1,1,177,4190,0,2336,152,175,1,7,1,11
pr,79979,JESUÍTAS,4112751,25,25,7384,7384,5810,6049,103,136,19:16:43,1,0,115,3597,1,1856,116,112,0,0,0,12
pr,76490,JOAQUIM TÁVORA,4112801,28,28,9226,9226,6808,7084,129,147,19:05:07,1,1,186,4212,1,2112,145,130,1,5,1,13
pr,76511,JUNDIAÍ DO SUL,4112900,9,9,2911,2911,2120,2192,33,39,19:04:22,0,1,28,965,2,1035,29,55,2,0,0,3
pr,84638,JURANDA,4112959,21,21,6202,6202,4962,5110,63,85,18:44:56,0,0,78,3295,0,1412,82,90,0,0,0,5
pr,76538,JUSSARA,4113007,17,17,5485,5485,4174,4348,75,99,18:25:05,0,0,131,2419,1,1434,61,119,0,0,1,8
pr,76554,KALORÉ,4113106,14,14,4004,4004,3256,3354,47,51,18:37:23,2,0,63,1967,0,1119,27,77,0,0,0,1
pr,76570,LAPA,4113205,119,119,36461,36461,27960,29526,844,722,19:15:04,19,3,772,16244,8,9069,689,1070,3,27,4,52
pr,74985,LARANJAL,4113254,18,18,4694,4694,3590,3690,39,61,18:56:27,2,0,46,1457,1,1988,22,68,0,6,0,0
pr,76597,LARANJEIRAS DO SUL,4113304,84,84,24304,24304,17876,18535,294,365,20:46:57,1,3,446,8871,1,7835,375,318,1,7,0,18
pr,76619,LEÓPOLIS,4113403,13,13,3502,3502,2779,2866,31,56,19:14:08,1,0,57,1465,0,1147,15,79,0,2,1,12
pr,74489,LIDIANÓPOLIS,4113429,13,13,3461,3461,2784,2860,26,50,19:23:44,0,2,48,1757,1,874,32,66,0,0,0,4
pr,74047,LINDOESTE,4113452,16,16,5116,5116,3929,4026,49,48,19:21:03,3,0,68,1785,0,1898,78,89,0,1,0,7
pr,76635,LOANDA,4113502,56,56,15869,15869,12262,12634,184,188,17:55:33,3,2,218,7922,3,3646,224,218,0,8,1,17
pr,76651,LOBATO,4113601,13,13,3851,3851,2960,3104,43,101,18:12:49,1,0,72,1572,1,1193,68,47,0,0,3,3
pr,76678,LONDRINA,4113700,1200,1200,394978,394978,299327,312425,5621,7477,19:21:05,143,66,11533,195008,157,72432,8534,9466,54,532,50,1352
pr,75809,LUIZIANA,4113734,19,19,5953,5953,4500,4672,84,88,18:35:24,0,3,78,2333,1,1896,65,110,0,4,0,10
pr,84590,LUNARDELLI,4113759,14,14,4235,4235,3179,3322,72,71,18:51:31,0,0,64,1746,0,1227,45,89,0,2,1,5
pr,76694,LUPIONÓPOLIS,4113809,14,14,4003,4003,3104,3225,46,75,18:26:03,0,1,63,1465,0,1479,44,45,0,2,0,5
pr,76716,MALLET,4113908,37,37,10552,10552,8236,8656,196,224,18:28:31,2,0,256,5337,0,2100,151,377,1,8,0,4
pr,76732,MAMBORÊ,4114005,38,38,10615,10615,8240,8484,113,131,18:25:05,0,0,145,5730,1,2104,92,151,0,2,1,14
pr,76775,MANDAGUARI,4114203,86,86,27663,27663,20576,21467,386,505,19:08:17,7,4,583,13488,6,5397,482,552,2,9,5,41
pr,76759,MANDAGUAÇU,4114104,64,64,19903,19903,14709,15370,294,367,18:24:04,6,1,428,8997,2,4608,311,331,1,11,1,12
pr,76791,MANDIRITUBA,4114302,62,62,19907,19907,15158,15854,371,325,19:02:36,4,5,435,8758,1,5138,330,461,0,8,0,18
pr,75469,MANFRINÓPOLIS,4114351,11,11,3122,3122,2489,2555,28,38,19:05:06,1,0,58,970,0,1383,35,42,0,0,0,0
pr,75116,MANGUEIRINHA,4114401,47,47,13764,13764,10479,10802,142,181,18:34:05,3,0,243,5398,0,4480,171,163,1,6,0,14
pr,76813,MANOEL RIBAS,4114500,42,42,11018,11018,8629,8861,97,135,18:17:54,0,1,216,5884,0,2244,101,172,1,2,0,8
pr,76830,MARECHAL CÂNDIDO RONDON,4114609,154,154,40475,40475,32596,33318,339,383,18:50:07,11,2,696,23987,8,6627,781,398,9,16,3,58
pr,76856,MARIA HELENA,4114708,15,15,4789,4789,3698,3792,46,48,20:49:38,1,1,51,2011,2,1506,36,82,3,0,0,5
pr,76872,MARIALVA,4114807,99,99,30178,30178,23136,23953,413,404,18:48:52,6,4,667,15602,4,5730,508,558,1,13,4,39
pr,79758,MARILENA,4115002,19,19,5989,5989,4483,4620,58,79,19:15:04,0,1,107,2077,0,2131,70,92,0,3,0,2
pr,76899,MARILUZ,4115101,26,26,7588,7588,5721,5953,105,127,18:17:55,4,2,127,2917,1,2480,83,92,2,1,3,9
pr,74330,MARILÂNDIA DO SUL,4114906,28,28,7142,7142,5353,5563,109,101,20:07:52,0,2,158,3492,2,1462,91,136,0,2,0,8
pr,76910,MARINGÁ,4115200,974,974,302812,302812,232142,239058,3024,3892,19:10:32,88,54,8540,146584,102,62164,7637,5715,41,281,45,891
pr,74500,MARIPÁ,4115358,18,18,5176,5176,4304,4379,42,33,19:02:55,1,1,64,3440,0,674,62,54,0,3,0,5
pr,76937,MARIÓPOLIS,4115309,19,19,5494,5494,4289,4452,70,93,17:46:21,1,0,77,2733,1,1324,55,91,0,0,0,7
pr,76953,MARMELEIRO,4115408,37,37,11778,11778,9225,9535,159,151,18:19:08,3,3,276,5002,1,3580,196,138,1,5,2,18
pr,75485,MARQUINHO,4115457,16,16,3876,3876,2970,3071,46,55,18:39:19,0,0,62,1473,0,1337,33,65,0,0,0,0
pr,76970,MARUMBI,4115507,13,13,3950,3950,3202,3306,39,65,17:47:48,0,0,92,1706,0,1262,57,81,0,0,0,4
pr,76996,MATELÂNDIA,4115606,42,42,13751,13751,10900,11141,115,126,19:21:03,6,0,155,8141,4,2214,202,156,1,2,0,19
pr,79634,MATINHOS,4115705,100,100,35293,35293,23989,24935,442,504,19:21:05,9,5,755,13302,5,8531,610,672,2,41,4,53
pr,74527,MATO RICO,4115739,16,16,3238,3238,2480,2567,31,56,18:12:31,1,0,53,1146,1,1173,22,81,0,1,0,2
pr,74543,MAUÁ DA SERRA,4115754,25,25,7691,7691,5845,6042,76,121,19:05:07,2,1,145,3565,3,1928,91,97,0,2,1,10
pr,77011,MEDIANEIRA,4115804,126,126,37479,37479,29271,30093,397,425,18:28:29,4,6,602,19850,3,7595,697,431,7,21,3,52
pr,74560,MERCEDES,4115853,20,20,4929,4929,4193,4258,32,33,19:00:48,0,0,52,3387,0,577,107,55,0,3,0,12
pr,77038,MIRADOR,4115903,8,8,2160,2160,1562,1620,31,27,19:21:03,1,0,46,633,0,834,30,17,0,0,0,1
pr,77054,MIRASELVA,4116000,7,7,1851,1851,1530,1570,16,24,19:00:14,1,0,23,862,0,600,21,21,0,0,0,2
pr,84697,MISSAL,4116059,33,33,9671,9671,7949,8108,63,96,18:15:07,0,1,167,5368,0,2101,176,127,0,2,1,6
pr,77070,MOREIRA SALES,4116109,36,36,9161,9161,7094,7378,140,144,18:33:01,0,0,103,4197,1,2584,84,110,0,1,2,12
pr,77097,MORRETES,4116208,47,47,14680,14680,10835,11241,216,190,19:16:19,7,1,249,6155,1,3892,238,262,2,14,1,13
pr,77119,MUNHOZ DE MELLO,4116307,11,11,3547,3547,2769,2859,44,46,18:19:08,0,0,71,1627,0,999,28,40,0,2,0,2
pr,77135,NOSSA SENHORA DAS GRAÇAS,4116406,11,11,3173,3173,2431,2531,42,58,18:29:18,0,0,82,1064,0,1189,33,60,0,1,0,2
pr,77151,NOVA ALIANÇA DO IVAÍ,4116505,5,5,1565,1565,1210,1242,12,20,19:01:18,0,0,35,657,0,470,13,33,0,0,0,2
pr,77178,NOVA AMÉRICA DA COLINA,4116604,12,12,3349,3349,2739,2818,29,50,18:15:25,0,1,67,1534,0,1060,33,39,0,3,0,2
pr,79650,NOVA AURORA,4116703,35,35,9631,9631,7844,8096,119,133,19:21:04,2,1,121,5094,0,2338,143,128,1,2,1,13
pr,77194,NOVA CANTU,4116802,22,22,6004,6004,4692,4848,54,102,18:44:56,0,1,82,2148,0,2298,47,110,0,3,0,3
pr,77216,NOVA ESPERANÇA,4116901,74,74,19494,19494,14948,15448,248,252,18:37:21,5,2,402,9358,2,4503,278,362,0,9,2,25
pr,75027,NOVA ESPERANÇA DO SUDOESTE,4116950,16,16,5165,5165,4219,4335,67,49,19:09:23,0,0,105,1985,2,1971,74,79,0,1,0,2
pr,77232,NOVA FÁTIMA,4117008,22,22,6087,6087,4516,4706,85,105,18:15:08,0,1,113,2490,0,1738,70,94,0,4,1,5
pr,74586,NOVA LARANJEIRAS,4117057,29,29,8591,8591,6577,6765,59,129,19:29:45,2,0,139,3044,0,3253,53,81,0,2,0,3
pr,77259,NOVA LONDRINA,4117107,34,34,9738,9738,7124,7327,88,115,17:54:18,2,3,185,4022,0,2629,148,128,0,2,0,5
pr,79677,NOVA OLÍMPIA,4117206,17,17,4854,4854,3702,3834,58,74,20:10:56,0,0,54,2360,1,1148,77,57,0,0,0,5
pr,79952,NOVA PRATA DO IGUAÇU,4117255,27,27,8864,8864,7089,7237,80,68,19:03:18,0,0,142,3665,0,3075,102,98,0,0,0,7
pr,74608,NOVA SANTA BÁRBARA,4117214,13,13,3758,3758,2854,2960,44,62,18:41:18,0,0,110,1413,0,1230,45,53,0,1,1,1
pr,79790,NOVA SANTA ROSA,4117222,24,24,7055,7055,5978,6057,36,43,19:09:23,1,1,72,4936,1,778,97,76,0,1,0,15
pr,75760,NOVA TEBAS,4117271,24,24,6025,6025,4681,4857,67,109,18:15:09,1,2,204,1851,0,2438,65,114,0,1,0,5
pr,74420,NOVO ITACOLOMI,4117297,9,9,2996,2996,2374,2464,41,49,18:10:57,0,0,52,1494,0,696,56,68,0,0,0,8
pr,77275,ORTIGUEIRA,4117305,71,71,20079,20079,14239,14859,292,328,19:30:29,4,5,292,6612,3,6754,279,266,2,7,0,15
pr,77291,OURIZONA,4117404,10,10,2830,2830,2288,2377,33,56,18:22:20,0,0,51,1159,0,997,36,37,1,1,0,6
pr,74063,OURO VERDE DO OESTE,4117453,17,17,5332,5332,4261,4405,66,78,19:12:51,0,0,89,2672,1,1321,69,100,1,1,0,7
pr,77313,PAIÇANDU,4117503,100,100,30395,30395,22712,23736,479,545,18:54:49,5,7,839,12703,4,7842,585,662,1,15,7,42
pr,77330,PALMAS,4117602,103,103,32266,32266,22715,23743,539,489,20:56:20,4,5,462,11262,8,10127,410,392,2,23,0,20
pr,77356,PALMEIRA,4117701,87,87,26972,26972,21070,22033,535,428,19:10:56,23,4,556,14241,6,4871,555,746,5,17,7,39
pr,77372,PALMITAL,4117800,41,41,10879,10879,8284,8568,104,180,18:32:31,2,0,176,4127,4,3670,118,175,0,4,0,8
pr,77399,PALOTINA,4117909,84,84,24632,24632,19844,20293,203,246,19:11:27,4,0,452,14434,3,4166,446,284,2,13,2,38
pr,77437,PARANACITY,4118105,24,24,7616,7616,5509,5742,94,139,18:29:19,2,0,139,2705,2,2494,81,79,0,5,0,2
pr,77453,PARANAGUÁ,4118204,322,322,108469,108469,83241,86218,1664,1313,19:22:19,35,9,2571,50905,23,25382,2350,1722,10,97,18,119
pr,77470,PARANAPOEMA,4118303,7,7,2106,2106,1706,1751,19,26,18:12:30,1,0,44,716,0,893,26,25,0,0,0,1
pr,77496,PARANAVAÍ,4118402,202,202,63954,63954,47947,49673,832,894,20:26:06,13,6,1280,31593,19,12811,1034,1039,4,41,2,105
pr,77410,PARAÍSO DO NORTE,4118006,30,30,9490,9490,7207,7477,134,136,19:09:55,0,0,162,4044,1,2752,120,118,0,1,0,9
pr,74624,PATO BRAGADO,4118451,15,15,4506,4506,3735,3808,28,45,18:57:43,2,0,61,2899,0,644,80,41,0,1,0,7
pr,77518,PATO BRANCO,4118501,204,204,64406,64406,50984,52385,707,694,19:05:06,12,10,1504,31466,10,15294,1482,1033,5,40,6,122
pr,77534,PAULA FREITAS,4118600,18,18,4763,4763,3714,3862,72,76,18:36:00,0,1,101,2410,2,1022,65,107,1,0,0,5
pr,77550,PAULO FRONTIN,4118709,21,21,5698,5698,4556,4774,127,91,18:39:18,2,1,164,2942,0,1175,88,169,0,6,2,7
pr,77577,PEABIRU,4118808,33,33,9916,9916,7594,7919,138,187,18:25:07,6,1,209,4395,0,2655,151,162,1,4,0,10
pr,75507,PEROBAL,4118857,17,17,5670,5670,4359,4490,64,67,20:13:59,1,1,95,2812,1,1283,55,102,0,1,0,8
pr,75043,PINHAIS,4119152,280,280,99265,99265,76420,79507,1584,1503,19:13:36,40,16,2889,43866,34,23903,2998,2298,11,102,18,245
pr,74640,PINHAL DE SÃO BENTO,4119251,9,9,2579,2579,2068,2134,32,34,18:27:23,0,0,49,768,0,1156,48,45,0,2,0,0
pr,77631,PINHALÃO,4119202,19,19,5879,5879,4574,4715,69,72,19:02:55,1,0,95,2663,0,1607,80,123,0,1,0,4
pr,77658,PINHÃO,4119301,81,81,23849,23849,17075,17870,337,458,19:23:10,4,5,455,7295,3,8609,306,380,1,4,0,13
pr,77690,PIRAQUARA,4119509,214,214,73929,73929,54409,57125,1442,1274,19:31:12,31,15,1942,29174,10,19477,1889,1659,7,95,7,103
pr,77674,PIRAÍ DO SUL,4119400,63,63,18800,18800,14048,14835,488,299,19:23:43,2,2,388,8665,6,4109,325,521,4,5,5,16
pr,77712,PITANGA,4119608,98,98,25677,25677,19522,20236,336,378,19:07:47,5,1,663,10166,6,7699,454,493,8,10,1,16
pr,74667,PITANGUEIRAS,4119657,8,8,2622,2622,2041,2106,31,34,18:35:59,1,0,54,1267,0,643,26,46,0,1,0,3
pr,77615,PIÊN,4119103,35,35,10850,10850,9064,9389,180,145,18:48:53,1,2,189,6672,0,1701,183,305,0,4,0,7
pr,77739,PLANALTINA DO PARANÁ,4119707,12,12,3432,3432,2728,2818,41,49,19:10:56,1,0,64,1305,1,1258,37,59,0,2,0,1
pr,77755,PLANALTO,4119806,38,38,10281,10281,8155,8403,123,125,18:48:52,3,0,173,4285,0,3434,135,115,0,3,0,7
pr,77771,PONTA GROSSA,4119905,781,781,258390,258390,198330,207347,4708,4309,18:39:52,107,34,8620,117846,70,56136,6377,8287,27,265,33,528
pr,75523,PONTAL DO PARANÁ,4119954,72,72,24938,24938,17792,18431,303,336,18:55:26,4,1,487,9884,10,6500,325,527,4,20,1,29
pr,77798,PORECATU,4120002,34,34,9608,9608,7141,7359,92,126,19:09:55,2,0,199,3483,0,3163,129,152,1,4,0,8
pr,77810,PORTO AMAZONAS,4120101,13,13,3870,3870,2897,3036,80,59,18:26:03,0,0,111,1769,2,828,82,101,0,1,0,3
pr,75540,PORTO BARREIRO,4120150,12,12,3139,3139,2407,2461,27,27,18:45:18,0,0,55,1342,0,909,25,74,0,1,0,1
pr,77836,PORTO RICO,4120200,10,10,3003,3003,2343,2382,19,20,18:55:56,0,0,43,1565,0,670,24,39,0,0,1,1
pr,77852,PORTO VITÓRIA,4120309,13,13,3274,3274,2543,2660,67,50,18:25:06,0,0,83,1483,0,851,40,80,0,0,0,6
pr,75566,PRADO FERREIRA,4120333,10,10,3188,3188,2527,2604,34,43,18:58:15,1,0,73,1339,3,1012,27,71,0,0,0,1
pr,79910,PRANCHITA,4120358,17,17,4649,4649,3860,3942,39,43,18:15:25,0,0,83,2486,0,1174,52,58,0,1,0,6
pr,77879,PRESIDENTE CASTELO BRANCO,4120408,13,13,3887,3887,2945,3068,51,72,19:07:47,0,1,107,1396,3,1336,43,47,0,2,0,10
pr,77895,PRIMEIRO DE MAIO,4120507,26,26,8333,8333,6424,6642,100,118,20:56:40,6,1,118,4377,1,1747,71,91,0,2,0,10
pr,77917,PRUDENTÓPOLIS,4120606,143,143,39039,39039,30583,31831,617,631,19:12:51,5,10,638,21823,5,6277,773,991,3,11,2,45
pr,79693,PÉROLA,4118907,30,30,9508,9508,6995,7238,111,132,18:11:17,2,2,172,4403,0,2124,142,142,0,4,0,4
pr,77593,PÉROLA D'OESTE,4119004,18,18,5285,5285,4354,4450,47,49,19:11:53,0,0,119,2734,0,1381,51,57,0,0,0,12
pr,75582,QUARTO CENTENÁRIO,4120655,13,13,3470,3470,2766,2841,32,43,18:48:53,1,0,44,1690,0,932,28,69,0,0,0,2
pr,77933,QUATIGUÁ,4120705,20,20,6645,6645,5030,5239,108,101,18:43:23,1,0,92,3274,0,1467,70,118,1,3,0,4
pr,77950,QUATRO BARRAS,4120804,53,53,18192,18192,13918,14519,263,338,19:09:23,9,1,393,8918,6,3676,446,409,2,18,1,39
pr,74683,QUATRO PONTES,4120853,14,14,4065,4065,3544,3580,15,21,18:54:48,1,0,73,2954,2,384,61,59,1,1,1,7
pr,79553,QUEDAS DO IGUAÇU,4120903,80,80,23209,23209,17476,17989,230,283,18:37:22,1,1,285,10344,1,6197,398,233,0,2,2,12
pr,77976,QUERÊNCIA DO NORTE,4121000,32,32,7996,7996,6146,6331,58,127,19:21:04,0,3,131,2984,1,2867,75,78,0,4,0,3
pr,77992,QUINTA DO SOL,4121109,13,13,4291,4291,3355,3470,36,79,19:22:42,0,0,64,1783,0,1391,50,63,0,0,0,4
pr,78018,QUITANDINHA,4121208,46,46,14118,14118,11347,11851,256,248,19:04:22,5,1,234,7780,0,2805,180,327,0,4,0,11
pr,74705,RAMILÂNDIA,4121257,11,11,3754,3754,2860,2915,24,31,18:42:15,1,0,45,1369,0,1327,40,76,1,0,0,1
pr,78034,RANCHO ALEGRE,4121307,10,10,3224,3224,2492,2565,27,46,18:44:32,1,0,31,1523,1,817,40,72,0,2,0,5
pr,74721,RANCHO ALEGRE D'OESTE,4121356,10,10,2352,2352,1860,1922,22,40,17:44:59,0,0,17,1095,0,690,19,36,0,0,1,2
pr,78050,REALEZA,4121406,46,46,14524,14524,11309,11643,130,204,18:33:02,3,2,245,6803,2,3909,181,139,0,11,2,12
pr,78077,REBOUÇAS,4121505,38,38,12151,12151,9504,9996,284,208,19:10:56,5,0,271,5527,1,3168,174,337,1,5,2,13
pr,78093,RENASCENÇA,4121604,17,17,5351,5351,4200,4344,65,79,18:14:12,0,0,114,2299,0,1689,49,45,0,0,0,4
pr,78115,RESERVA,4121703,64,64,20369,20369,14576,15295,349,370,20:50:29,3,2,287,8541,2,5136,267,320,2,2,2,12
pr,75604,RESERVA DO IGUAÇU,4121752,19,19,5460,5460,4006,4162,59,97,19:11:27,2,0,108,1822,1,1936,39,93,1,0,0,4
pr,78131,RIBEIRÃO CLARO,4121802,30,30,9867,9867,7091,7430,136,203,18:12:49,1,2,195,4118,0,2497,111,148,0,6,0,13
pr,78158,RIBEIRÃO DO PINHAL,4121901,34,34,10165,10165,7133,7463,129,201,19:21:04,1,0,173,3290,0,3345,149,162,1,2,0,10
pr,78174,RIO AZUL,4122008,35,35,11268,11268,9221,9643,221,201,20:42:03,2,2,234,6545,2,1864,169,388,0,5,0,10
pr,78190,RIO BOM,4122107,11,11,3019,3019,2337,2434,37,60,18:27:23,0,0,75,1284,0,862,55,55,0,0,1,5
pr,74748,RIO BONITO DO IGUAÇU,4122156,40,40,11105,11105,8277,8541,125,139,20:52:39,0,0,182,2939,0,4947,98,105,0,3,0,3
pr,75620,RIO BRANCO DO IVAÍ,4122172,13,13,3520,3520,2571,2677,32,74,19:09:23,0,1,67,1318,0,1092,37,55,0,0,0,1
pr,78212,RIO BRANCO DO SUL,4122206,89,89,27280,27280,21206,22137,499,432,19:15:26,6,7,642,10808,5,8899,344,446,0,8,3,38
pr,78239,RIO NEGRO,4122305,84,84,24158,24158,18548,19314,451,315,19:13:36,10,1,560,13188,6,3719,476,518,3,29,3,35
pr,78255,ROLÂNDIA,4122404,154,154,49517,49517,36749,38397,856,792,19:29:44,16,7,1002,25073,7,8718,893,898,3,29,7,96
pr,78271,RONCADOR,4122503,30,30,8952,8952,6813,7066,91,162,19:00:13,3,1,172,3384,2,2964,91,183,0,2,1,10
pr,78298,RONDON,4122602,25,25,6991,6991,5433,5628,102,93,18:55:26,0,0,139,3439,2,1706,70,70,1,0,1,5
pr,75744,ROSÁRIO DO IVAÍ,4122651,18,18,4714,4714,3743,3859,49,67,18:25:06,0,0,68,2035,0,1406,124,106,0,0,0,4
pr,78310,SABÁUDIA,4122701,19,19,6748,6748,5281,5451,70,100,19:15:04,0,1,141,3712,0,1184,91,135,0,3,0,14
pr,78336,SALGADO FILHO,4122800,16,16,3590,3590,2964,3068,44,60,18:20:36,0,0,76,1640,0,1108,47,87,0,1,0,5
pr,78352,SALTO DO ITARARÉ,4122909,16,16,4614,4614,3457,3640,77,106,19:10:56,0,0,59,1784,0,1438,48,113,0,1,1,13
pr,78379,SALTO DO LONTRA,4123006,37,37,11161,11161,8735,9035,148,152,18:39:52,2,1,201,3931,0,4257,186,151,1,2,0,3
pr,78395,SANTA AMÉLIA,4123105,11,11,3048,3048,2339,2428,50,39,18:39:17,2,0,33,1357,0,898,18,27,0,1,0,3
pr,78417,SANTA CECÍLIA DO PAVÃO,4123204,13,13,3121,3121,2491,2572,27,54,19:07:20,0,0,49,1326,0,1010,22,80,1,3,0,0
pr,78433,SANTA CRUZ DE MONTE CASTELO,4123303,22,22,6773,6773,5250,5402,67,85,19:05:06,1,0,86,3135,0,1880,58,79,0,2,0,9
pr,78450,SANTA FÉ,4123402,28,28,9149,9149,6973,7198,97,128,18:17:53,1,1,160,4337,0,2272,94,96,1,0,0,11
pr,79715,SANTA HELENA,4123501,75,75,21071,21071,16629,17035,178,228,19:11:53,1,2,305,10545,0,5239,299,205,0,7,1,25
pr,78476,SANTA INÊS,4123600,7,7,1684,1684,1409,1437,9,19,18:43:22,0,0,54,628,1,693,14,19,0,0,0,0
pr,78492,SANTA ISABEL DO IVAÍ,4123709,26,26,7006,7006,5320,5481,81,80,18:25:07,0,0,68,3436,0,1617,89,106,0,0,0,4
pr,78514,SANTA IZABEL DO OESTE,4123808,29,29,8780,8780,6881,7082,80,121,19:16:20,1,1,141,3874,1,2663,80,100,0,2,1,17
pr,74764,SANTA LÚCIA,4123824,8,8,3289,3289,2465,2546,28,53,20:58:19,2,0,35,1392,2,912,38,83,0,0,0,1
pr,74802,SANTA MARIA DO OESTE,4123857,31,31,8019,8019,6099,6335,87,149,18:58:15,2,0,137,2931,0,2824,68,128,0,3,0,6
pr,78530,SANTA MARIANA,4123907,33,33,9361,9361,6908,7151,111,132,18:28:29,4,0,181,3542,0,2909,106,142,3,7,1,13
pr,74829,SANTA MÔNICA,4123956,10,10,2710,2710,2051,2106,22,33,18:27:23,0,0,24,973,0,1000,16,37,0,0,0,1
pr,74080,SANTA TEREZA DO OESTE,4124020,30,30,10278,10278,8040,8260,104,116,19:21:05,1,3,187,4832,1,2618,219,156,0,10,0,13
pr,84670,SANTA TEREZINHA DE ITAIPU,4124053,56,56,18871,18871,14915,15304,166,223,19:21:05,5,3,283,10393,1,3722,259,218,1,8,2,20
pr,78557,SANTANA DO ITARARÉ,4124004,15,15,4659,4659,3470,3651,94,87,19:21:04,1,0,119,1886,0,1348,41,70,1,0,0,4
pr,78590,SANTO ANTÔNIO DA PLATINA,4124103,107,107,32125,32125,23440,24489,577,472,19:31:12,11,5,694,14659,5,7056,420,527,1,20,2,40
pr,78611,SANTO ANTÔNIO DO CAIUÁ,4124202,7,7,2358,2358,1876,1949,29,44,19:22:42,2,0,22,824,0,968,14,44,0,0,0,2
pr,78638,SANTO ANTÔNIO DO PARAÍSO,4124301,9,9,2247,2247,1706,1753,27,20,17:59:31,2,0,34,878,0,739,28,23,0,1,0,1
pr,78573,SANTO ANTÔNIO DO SUDOESTE,4124400,53,53,15509,15509,12388,12757,163,206,19:32:01,1,1,198,6705,3,5104,218,144,0,5,0,9
pr,78654,SANTO INÁCIO,4124509,14,14,4802,4802,3642,3751,43,66,18:39:53,1,0,87,1910,1,1506,83,53,0,0,0,1
pr,78999,SAPOPEMA,4126207,20,20,5485,5485,4051,4239,81,107,19:13:36,0,1,117,2059,1,1706,77,84,0,0,0,6
pr,84611,SARANDI,4126256,218,218,72031,72031,52143,54578,1252,1183,18:51:31,22,8,1891,29305,14,17759,1505,1455,2,46,6,130
pr,75060,SAUDADE DO IGUAÇU,4126272,16,16,5302,5302,3934,4043,47,62,18:16:15,1,0,114,1881,0,1792,75,64,0,3,0,4
pr,79014,SENGÉS,4126306,50,50,13757,13757,10255,10738,215,268,19:01:44,1,1,237,6582,0,2996,149,265,1,4,1,18
pr,75647,SERRANÓPOLIS DO IGUAÇU,4126355,17,17,4396,4396,3651,3730,34,45,18:15:25,1,0,60,2701,0,769,55,58,0,0,0,7
pr,79030,SERTANEJA,4126405,16,16,4818,4818,3794,3914,51,69,18:44:33,0,0,80,2313,0,1247,57,90,0,2,0,5
pr,79057,SERTANÓPOLIS,4126504,40,40,13311,13311,10168,10470,138,164,18:39:17,1,1,175,7245,2,2336,165,220,1,5,0,17
pr,79073,SIQUEIRA CAMPOS,4126603,50,50,16432,16432,12058,12725,247,420,19:04:40,2,1,469,6602,3,4336,296,324,0,3,1,21
pr,75787,SULINA,4126652,10,10,2942,2942,2314,2403,34,55,18:24:03,0,0,70,1264,0,872,38,64,0,4,0,2
pr,78670,SÃO CARLOS DO IVAÍ,4124608,17,17,5076,5076,4037,4210,77,96,18:12:50,2,0,71,2620,1,1251,48,40,0,0,0,4
pr,78697,SÃO JERÔNIMO DA SERRA,4124707,35,35,8538,8538,6034,6292,85,173,19:07:20,1,4,124,2667,0,3015,72,137,0,4,1,9
pr,78816,SÃO JORGE D'OESTE,4125209,29,29,8006,8006,6555,6734,92,87,19:07:20,0,0,124,3815,0,2408,73,121,0,3,1,10
pr,78794,SÃO JORGE DO IVAÍ,4125308,18,18,4820,4820,3926,4044,56,62,18:27:22,0,1,70,2746,0,1012,41,53,0,2,0,1
pr,79995,SÃO JORGE DO PATROCÍNIO,4125357,16,16,5235,5235,4040,4155,42,73,18:37:23,0,1,73,2502,0,1355,39,63,0,1,1,5
pr,78832,SÃO JOSÉ DA BOA VISTA,4125407,16,16,4737,4737,3642,3784,48,94,18:32:03,3,1,100,2269,0,1076,78,105,1,2,0,7
pr,84719,SÃO JOSÉ DAS PALMEIRAS,4125456,11,11,3463,3463,2676,2757,40,41,17:57:31,0,0,53,1301,0,1211,38,70,0,1,0,2
pr,78859,SÃO JOSÉ DOS PINHAIS,4125506,641,641,227539,227539,173708,181359,3803,3848,19:08:17,92,35,6687,105608,54,48980,6222,5163,31,274,36,526
pr,78719,SÃO JOÃO,4124806,33,33,9177,9177,7289,7518,84,145,18:26:58,1,1,163,4441,1,2430,124,119,0,0,1,8
pr,78735,SÃO JOÃO DO CAIUÁ,4124905,16,16,4585,4585,3638,3762,61,63,17:59:31,0,0,86,1592,0,1868,30,59,0,2,1,0
pr,78751,SÃO JOÃO DO IVAÍ,4125001,29,29,9056,9056,6790,7017,96,131,18:30:24,0,0,235,3458,0,2814,81,192,1,3,1,5
pr,78778,SÃO JOÃO DO TRIUNFO,4125100,46,46,11623,11623,9017,9608,402,189,18:35:59,2,3,263,4653,1,3409,342,332,1,7,0,4
pr,74845,SÃO MANOEL DO PARANÁ,4125555,7,7,2070,2070,1629,1673,25,19,18:28:30,0,0,22,982,0,563,18,39,0,3,0,2
pr,78875,SÃO MATEUS DO SUL,4125605,115,115,34022,34022,26279,27626,787,560,18:54:49,14,6,854,14766,9,8875,699,991,5,19,7,34
pr,78891,SÃO MIGUEL DO IGUAÇU,4125704,79,79,21857,21857,17194,17616,177,245,18:30:24,1,0,305,11029,3,5302,290,224,0,5,0,35
pr,74861,SÃO PEDRO DO IGUAÇU,4125753,18,18,5033,5033,3846,3999,51,102,18:30:23,0,1,69,2254,1,1405,51,62,0,0,0,3
pr,78913,SÃO PEDRO DO IVAÍ,4125803,25,25,6943,6943,5278,5492,89,125,18:32:30,0,0,111,3103,1,1842,73,133,1,6,0,8
pr,78930,SÃO PEDRO DO PARANÁ,4125902,11,11,2695,2695,2084,2141,24,33,18:13:43,1,1,33,1419,0,565,31,32,0,1,0,1
pr,78956,SÃO SEBASTIÃO DA AMOREIRA,4126009,22,22,6561,6561,4904,5079,80,95,18:32:02,1,0,129,2390,1,2169,71,137,0,3,0,3
pr,78972,SÃO TOMÉ,4126108,16,16,4816,4816,3592,3755,72,91,18:16:16,0,0,91,2231,0,1112,75,75,0,1,1,6
pr,75663,TAMARANA,4126678,29,29,9024,9024,6545,6765,104,116,20:54:01,2,2,179,3603,3,2511,86,134,0,11,0,14
pr,79090,TAMBOARA,4126702,14,14,4157,4157,3100,3275,66,109,18:39:17,0,0,58,1948,2,975,46,67,0,2,1,1
pr,79111,TAPEJARA,4126801,36,36,11635,11635,8635,8963,135,193,18:32:02,0,0,190,5373,0,2791,139,128,0,6,0,8
pr,79731,TAPIRA,4126900,17,17,4694,4694,3430,3554,55,69,20:56:20,0,2,49,1975,0,1300,39,58,0,1,0,6
pr,79138,TEIXEIRA SOARES,4127007,28,28,8083,8083,6174,6447,144,129,18:50:07,1,1,205,3739,1,1904,125,184,0,2,2,10
pr,79154,TELÊMACO BORBA,4127106,165,165,51913,51913,39198,40930,985,747,18:59:17,7,6,1331,23280,12,12276,1063,1052,9,28,5,129
pr,79170,TERRA BOA,4127205,41,41,13355,13355,9959,10330,184,187,18:12:31,3,4,266,6562,2,2697,199,206,1,8,1,10
pr,79197,TERRA RICA,4127304,41,41,11783,11783,8707,9017,136,174,18:42:14,2,0,230,5510,0,2665,111,174,0,1,0,14
pr,79219,TERRA ROXA,4127403,47,47,13332,13332,10473,10761,109,179,19:14:08,2,2,190,7167,2,2796,160,125,0,4,3,22
pr,79235,TIBAGI,4127502,50,50,14864,14864,10704,11255,291,260,18:58:15,7,1,303,5748,2,4063,254,305,1,7,1,12
pr,79251,TIJUCAS DO SUL,4127601,40,40,13059,13059,10231,10737,272,234,20:13:59,2,4,338,5747,0,3601,221,301,2,3,0,12
pr,79278,TOLEDO,4127700,355,355,108119,108119,85568,88198,1162,1468,20:11:15,25,13,2492,56579,29,22331,2267,1532,9,84,11,196
pr,79294,TOMAZINA,4127809,25,25,6647,6647,5099,5297,81,117,19:14:08,0,1,122,2952,1,1776,95,135,0,1,2,14
pr,79871,TRÊS BARRAS DO PARANÁ,4127858,35,35,9120,9120,7187,7448,142,119,19:02:37,2,1,117,4329,1,2519,101,106,0,3,1,7
pr,74888,TUNAS DO PARANÁ,4127882,18,18,5500,5500,4116,4269,68,85,18:37:22,1,1,94,2296,0,1550,67,102,0,2,1,2
pr,79316,TUNEIRAS DO OESTE,4127908,21,21,6721,6721,5153,5290,54,83,19:29:45,0,1,120,3229,0,1632,84,79,0,2,0,6
pr,79936,TUPÃSSI,4127957,21,21,6257,6257,5029,5172,76,67,18:20:36,0,0,62,3640,1,1154,78,80,0,6,3,5
pr,84530,TURVO,4127965,46,46,11863,11863,9253,9595,154,188,21:45:53,4,3,260,4324,2,4246,146,257,0,3,0,8
pr,79332,UBIRATÃ,4128005,66,66,19130,19130,14789,15260,236,235,19:16:20,2,9,324,9663,0,4259,241,250,2,3,0,36
pr,79359,UMUARAMA,4128104,256,256,82990,82990,63490,65258,856,912,19:00:48,7,6,1629,43812,23,15059,1440,1307,3,61,5,138
pr,79391,UNIFLOR,4128302,8,8,2155,2155,1738,1786,17,31,18:00:46,0,0,16,878,0,780,26,36,0,0,0,2
pr,79375,UNIÃO DA VITÓRIA,4128203,139,139,40654,40654,29991,31382,788,603,19:07:20,13,4,969,18160,10,8985,927,803,4,34,11,71
pr,79413,URAÍ,4128401,32,32,8555,8555,6506,6745,101,138,18:32:30,1,1,172,3836,2,2209,110,150,2,5,0,18
pr,74900,VENTANIA,4128534,24,24,7525,7525,5849,6162,172,141,19:29:45,1,0,137,3072,1,2392,73,166,0,0,2,5
pr,79898,VERA CRUZ DO OESTE,4128559,21,21,6593,6593,5149,5320,64,107,19:00:49,0,0,86,3257,0,1648,67,85,0,1,0,5
pr,79456,VERÊ,4128609,24,24,6888,6888,5653,5840,93,94,18:30:24,0,0,102,3024,0,2365,66,88,0,0,0,8
pr,74969,VIRMOND,4128658,12,12,3584,3584,2841,2914,33,40,18:30:51,0,2,57,1652,0,996,36,92,0,2,0,4
pr,79472,VITORINO,4128708,18,18,5942,5942,4839,4949,52,58,17:51:39,1,0,93,3075,0,1488,96,74,0,0,2,10
pr,79430,WENCESLAU BRAZ,4128500,48,48,14549,14549,10663,11068,209,196,18:30:23,1,1,263,6708,4,3166,241,250,1,4,2,22
pr,79499,XAMBRÊ,4128807,19,19,5375,5375,4038,4140,48,54,17:57:31,0,0,74,2383,0,1427,60,78,0,4,0,12
pr,74128,ÂNGULO,4101150,9,9,2817,2817,2241,2321,36,44,19:00:48,0,1,60,1479,0,602,30,65,0,0,0,4
pb,19038,AGUIAR,2500205,17,17,4779,4779,3716,3847,36,95,19:11:09,0,0,87,719,0,2862,30,16,0,1,0,1
pb,19054,ALAGOA GRANDE,2500304,80,80,23238,23238,16929,18350,395,1026,20:17:00,1,4,364,4323,2,11918,200,111,0,2,0,4
pb,19070,ALAGOA NOVA,2500403,52,52,16592,16592,12188,13314,313,813,19:20:58,2,3,371,2785,2,8684,238,89,0,6,0,8
pb,19097,ALAGOINHA,2500502,40,40,12228,12228,9324,9973,207,442,18:38:46,0,2,203,1803,2,7145,135,27,0,4,0,3
pb,19763,ALCANTIL,2500536,19,19,5001,5001,4031,4331,86,214,19:04:14,0,2,139,1483,1,2293,66,42,0,2,0,3
pb,19925,ALGODÃO DE JANDAÍRA,2500577,10,10,3119,3119,2365,2536,47,124,18:44:45,0,0,43,326,1,1968,20,6,0,0,0,1
pb,19119,ALHANDRA,2500601,66,66,21079,21079,15922,17142,428,792,20:54:27,5,3,463,6439,4,8729,179,88,1,4,1,6
pb,19585,AMPARO,2500734,9,9,2665,2665,2173,2261,22,66,18:38:47,0,0,36,310,0,1804,19,4,0,0,0,0
pb,19844,APARECIDA,2500775,25,25,7247,7247,5629,5981,108,244,19:25:11,1,0,107,1376,0,4027,77,38,0,1,1,1
pb,19178,ARARA,2500908,37,37,9325,9325,6784,7320,165,371,18:30:38,3,1,222,1569,1,4851,96,34,1,1,1,4
pb,19194,ARARUNA,2501005,47,47,14816,14816,10462,11315,201,652,19:09:47,3,1,224,3109,3,6942,118,52,1,3,1,5
pb,19151,ARAÇAGI,2500809,55,55,14344,14344,10791,11665,245,629,19:22:12,0,2,237,2098,4,8271,125,47,0,5,1,1
pb,19216,AREIA,2501104,82,82,19068,19068,14285,15524,401,838,19:23:45,1,6,340,2885,2,10722,200,108,1,10,0,10
pb,19909,AREIA DE BARAÚNAS,2501153,8,8,2502,2502,1813,1935,25,97,19:20:58,1,1,45,442,0,1295,18,10,0,0,0,1
pb,19232,AREIAL,2501203,21,21,6597,6597,5042,5485,137,306,18:44:46,0,0,171,1368,0,3373,81,37,0,3,2,7
pb,19259,AROEIRAS,2501302,56,56,16290,16290,12451,13498,308,739,19:09:28,0,3,341,2635,3,9216,193,51,0,3,2,4
pb,19321,ASSUNÇÃO,2501351,14,14,4201,4201,3142,3342,51,149,19:14:56,1,2,66,888,0,2137,25,18,1,2,1,1
pb,19313,BANANEIRAS,2501500,63,63,19361,19361,14286,15414,374,754,19:20:58,2,1,434,3567,0,10014,175,83,1,5,0,4
pb,19305,BARAÚNA,2501534,18,18,4663,4663,3644,3913,56,213,18:48:45,0,1,135,761,1,2681,42,20,0,1,0,2
pb,19330,BARRA DE SANTA ROSA,2501609,43,43,11480,11480,8896,9439,94,449,19:02:50,2,0,197,1760,2,6795,98,34,0,5,0,3
pb,19780,BARRA DE SANTANA,2501575,28,28,7793,7793,6035,6520,130,355,19:20:57,1,2,145,1568,2,4182,78,48,1,3,0,5
pb,19356,BARRA DE SÃO MIGUEL,2501708,18,18,6048,6048,4920,5228,106,202,20:11:34,0,0,118,1388,0,3334,58,21,0,0,0,1
pb,19372,BAYEUX,2501807,248,248,74369,74369,59157,63114,1367,2590,20:11:34,18,7,2174,27396,12,27912,970,557,5,51,5,50
pb,19291,BAÍA DA TRAIÇÃO,2501401,27,27,8424,8424,6460,6800,104,236,21:05:40,1,0,109,1295,2,4975,53,22,0,0,1,2
pb,19399,BELÉM,2501906,45,45,13281,13281,9749,10518,254,515,20:54:28,2,1,231,2977,1,6371,107,50,0,4,1,4
pb,19410,BELÉM DO BREJO DO CRUZ,2502003,22,22,6644,6644,4963,5227,78,186,19:16:39,1,0,95,1347,0,3427,78,13,0,0,0,2
pb,19500,BERNARDINO BATISTA,2502052,13,13,3353,3353,2346,2521,21,154,20:17:00,0,2,31,407,1,1873,22,8,0,1,0,1
pb,19437,BOA VENTURA,2502102,20,20,5167,5167,3703,3972,42,227,17:59:27,1,0,93,658,1,2894,32,23,0,0,0,1
pb,19941,BOA VISTA,2502151,20,20,6123,6123,5059,5369,102,208,20:54:44,0,0,126,1566,1,3243,76,42,2,3,0,0
pb,19453,BOM JESUS,2502201,11,11,3055,3055,2499,2607,26,82,18:43:18,0,0,36,350,0,2041,58,14,0,0,0,0
pb,19470,BOM SUCESSO,2502300,15,15,4846,4846,3778,3906,30,98,18:48:45,1,0,47,572,0,3112,35,10,1,0,0,0
pb,19496,BONITO DE SANTA FÉ,2502409,27,27,7923,7923,6046,6369,57,266,19:16:39,0,1,114,1474,0,4356,72,23,0,5,0,1
pb,19518,BOQUEIRÃO,2502508,52,52,15970,15970,12652,13471,229,590,19:23:27,1,2,383,3981,1,8029,163,77,3,6,1,5
pb,19550,BORBOREMA,2502706,20,20,4895,4895,3696,3996,80,220,17:55:28,1,0,93,919,0,2623,29,26,0,2,0,3
pb,19577,BREJO DO CRUZ,2502805,36,36,10744,10744,8400,8883,142,341,19:08:10,0,1,230,2640,0,5362,114,46,0,4,1,2
pb,19593,BREJO DOS SANTOS,2502904,18,18,5994,5994,4774,5032,86,172,19:04:47,0,1,91,1235,1,3382,52,11,0,0,0,1
pb,19615,CAAPORÃ,2503001,56,56,17081,17081,13269,14169,339,561,19:29:39,1,3,354,4214,1,8448,163,70,0,4,1,10
pb,19631,CABACEIRAS,2503100,17,17,5237,5237,4223,4525,101,201,18:33:57,3,0,102,1327,0,2661,93,31,0,1,0,5
pb,19658,CABEDELO,2503209,168,168,54022,54022,40482,42794,969,1343,22:02:40,14,3,1543,18499,19,19051,818,437,7,38,10,43
pb,19674,CACHOEIRA DOS ÍNDIOS,2503308,31,31,7912,7912,6043,6459,88,328,19:25:11,0,4,145,842,1,4922,95,31,0,2,0,1
pb,19690,CACIMBA DE AREIA,2503407,18,18,4343,4343,3377,3569,47,145,18:00:39,0,1,58,689,0,2575,40,13,0,0,0,1
pb,19712,CACIMBA DE DENTRO,2503506,42,42,14334,14334,10179,11100,173,748,19:24:42,2,2,260,2752,1,6977,149,28,0,1,2,5
pb,19364,CACIMBAS,2503555,26,26,6623,6623,4536,4862,73,253,19:07:02,0,0,108,744,1,3612,54,14,0,1,0,2
pb,19739,CAIÇARA,2503605,22,22,6526,6526,4780,5179,104,295,19:09:47,1,1,125,1483,1,3075,71,20,0,0,1,2
pb,19755,CAJAZEIRAS,2503704,178,178,47827,47827,37693,39869,683,1493,19:25:10,8,3,913,7508,6,28253,746,217,5,14,2,18
pb,19380,CAJAZEIRINHAS,2503753,15,15,3758,3758,2853,3021,24,144,18:23:59,0,0,43,636,0,2137,24,13,0,0,0,0
pb,19771,CALDAS BRANDÃO,2503803,23,23,5445,5445,4280,4617,105,232,20:16:00,0,0,82,1126,0,3004,51,16,0,1,0,0
pb,19798,CAMALAÚ,2503902,20,20,6294,6294,4907,5186,56,223,22:13:41,0,1,58,588,0,4206,36,13,0,1,0,4
pb,19810,CAMPINA GRANDE,2504009,957,957,305258,305258,245436,263420,5816,12168,19:22:36,70,44,8519,108991,77,118783,5435,2900,59,225,30,303
pb,19062,CAPIM,2504033,23,23,7251,7251,5160,5675,140,375,20:51:51,1,1,110,1424,0,3533,74,15,0,0,0,2
pb,19240,CARAÚBAS,2504074,15,15,4534,4534,3685,3912,41,186,20:14:15,1,1,78,850,1,2687,41,22,0,1,0,3
pb,19836,CARRAPATEIRA,2504108,9,9,2444,2444,1864,1973,14,95,20:11:53,0,0,52,273,1,1522,10,6,0,0,0,0
pb,19607,CASSERENGUE,2504157,21,21,6406,6406,4637,5010,75,298,18:55:39,0,4,126,921,1,3513,49,17,0,2,0,4
pb,19852,CATINGUEIRA,2504207,18,18,5416,5416,3905,4139,73,161,18:38:27,1,0,64,1035,0,2742,37,25,0,0,1,0
pb,19879,CATOLÉ DO ROCHA,2504306,70,70,22557,22557,17870,18819,347,602,19:20:57,1,2,406,4521,3,12601,249,65,1,9,0,12
pb,19801,CATURITÉ,2504355,20,20,5518,5518,4414,4755,103,238,18:32:15,1,1,146,1030,1,3131,60,37,0,4,0,3
pb,19895,CONCEIÇÃO,2504405,57,57,15357,15357,11309,12106,135,662,19:29:39,2,1,185,2644,2,8262,140,61,0,5,1,6
pb,19917,CONDADO,2504504,21,21,5803,5803,4328,4608,52,228,20:07:48,1,1,98,865,0,3307,40,11,0,1,0,4
pb,19933,CONDE,2504603,81,81,27248,27248,20208,21670,541,921,23:12:51,3,1,580,7703,2,11440,306,146,4,8,1,14
pb,19950,CONGO,2504702,16,16,5388,5388,4312,4564,66,186,20:37:30,0,0,80,849,0,3307,59,14,0,1,0,2
pb,19976,COREMAS,2504801,50,50,12873,12873,9425,10091,128,538,18:16:12,2,1,185,2672,2,6382,145,32,0,3,0,1
pb,19704,COXIXOLA,2504850,8,8,2047,2047,1608,1718,41,69,17:54:13,0,0,35,333,0,1203,22,13,1,0,0,1
pb,19992,CRUZ DO ESPÍRITO SANTO,2504900,55,55,16431,16431,12661,13882,501,720,23:22:11,3,2,279,3791,2,8410,108,53,1,0,2,10
pb,20010,CUBATI,2505006,22,22,6956,6956,5242,5652,120,290,20:14:15,0,0,159,1376,1,3612,59,31,1,2,0,1
pb,20052,CUITEGI,2505204,22,22,6098,6098,4501,4869,116,252,19:04:14,1,0,91,1115,1,3216,52,20,2,3,0,0
pb,20036,CUITÉ,2505105,58,58,17388,17388,13008,13921,225,688,18:37:16,1,1,310,2578,2,9903,133,66,3,6,1,4
pb,19089,CUITÉ DE MAMANGUAPE,2505238,25,25,7662,7662,5608,6106,135,363,19:20:57,1,2,97,1324,0,4083,80,17,0,0,1,3
pb,19100,CURRAL DE CIMA,2505279,21,21,6226,6226,4614,5016,92,310,19:29:39,0,2,129,1047,1,3335,64,24,0,3,1,8
pb,20079,CURRAL VELHO,2505303,8,8,2327,2327,1738,1844,14,92,18:17:15,2,0,78,374,0,1243,7,33,0,0,0,1
pb,19275,DAMIÃO,2505352,16,16,4885,4885,3557,3834,48,229,19:29:39,2,0,135,610,2,2777,16,12,2,1,0,0
pb,20095,DESTERRO,2505402,30,30,7716,7716,5829,6165,76,260,19:29:39,1,1,117,1400,0,4244,56,6,1,2,0,1
pb,20133,DIAMANTE,2505600,20,20,5910,5910,4247,4545,47,251,18:22:51,0,0,78,764,0,3320,57,27,0,1,0,0
pb,20150,DONA INÊS,2505709,31,31,9272,9272,7017,7503,102,384,19:20:57,2,1,138,1271,4,5492,76,26,0,1,1,5
pb,20176,DUAS ESTRADAS,2505808,18,18,3885,3885,2922,3131,62,147,17:49:28,1,0,70,865,1,1932,31,19,0,1,0,2
pb,20192,EMAS,2505907,13,13,3824,3824,2710,2916,54,152,19:02:50,0,1,69,748,1,1836,42,12,0,0,0,1
pb,20214,ESPERANÇA,2506004,80,80,26015,26015,20033,21659,531,1095,19:09:28,3,4,711,6326,3,12496,353,114,1,11,1,10
pb,20230,FAGUNDES,2506103,41,41,10547,10547,7913,8618,147,558,18:10:54,1,2,190,1609,4,5939,118,40,3,2,1,4
pb,20257,FREI MARTINHO,2506202,10,10,2942,2942,2303,2462,31,128,17:58:51,2,1,85,634,0,1521,38,18,0,3,0,1
pb,19623,GADO BRAVO,2506251,26,26,8093,8093,6253,6775,139,383,19:20:58,1,0,111,1164,0,4811,125,33,1,4,0,3
pb,20273,GUARABIRA,2506301,154,154,43618,43618,34315,36687,910,1462,19:22:36,9,5,1213,12337,9,19765,666,250,6,13,5,37
pb,20290,GURINHÉM,2506400,43,43,11420,11420,8546,9272,232,494,20:14:30,2,2,168,2096,0,6110,125,39,0,1,1,2
pb,20311,GURJÃO,2506509,12,12,3193,3193,2579,2741,28,134,18:38:46,0,0,48,445,2,2045,22,14,0,2,0,1
pb,20338,IBIARA,2506608,20,20,5580,5580,4165,4388,57,166,19:07:02,0,0,114,735,0,3245,50,17,1,0,1,2
pb,19534,IGARACY,2502607,23,23,5888,5888,4301,4520,29,190,18:41:12,0,2,165,1022,0,3030,48,29,0,2,0,3
pb,20354,IMACULADA,2506707,35,35,9116,9116,6721,7134,100,313,19:26:22,0,2,109,1160,1,5354,65,27,0,1,0,2
pb,20370,INGÁ,2506806,50,50,15724,15724,11904,12764,224,636,19:20:57,2,2,224,3666,1,7800,147,48,0,2,0,12
pb,20397,ITABAIANA,2506905,72,72,19586,19586,15302,16296,304,690,19:04:47,1,2,407,5524,6,9027,196,120,3,9,1,6
pb,20419,ITAPORANGA,2507002,56,56,17565,17565,13143,13923,188,592,18:33:18,1,2,360,3220,2,9241,211,85,4,5,2,10
pb,20435,ITAPOROROCA,2507101,43,43,14182,14182,11109,11857,227,521,20:12:46,3,0,300,2933,0,7656,126,78,1,4,2,6
pb,20451,ITATUBA,2507200,31,31,9118,9118,7056,7643,141,446,20:12:46,0,2,145,2011,0,4811,53,25,1,3,1,4
pb,20478,JACARAÚ,2507309,44,44,14325,14325,10442,11163,186,535,20:13:50,0,1,328,3493,1,6352,181,69,0,8,2,7
pb,20494,JERICÓ,2507408,21,21,6938,6938,5061,5316,63,192,19:20:56,1,0,108,1212,0,3696,31,9,1,1,0,2
pb,19666,JOCA CLAUDINO,2513653,10,10,2516,2516,1877,1999,12,110,18:37:34,0,1,32,297,1,1496,34,15,1,0,0,0
pb,20516,JOÃO PESSOA,2507507,1714,1714,591750,591750,470970,496403,9441,15992,20:41:31,206,57,17814,215086,202,219023,11025,6042,83,661,46,725
pb,20532,JUAREZ TÁVORA,2507606,24,24,7954,7954,6090,6558,136,332,20:07:49,0,0,138,1507,0,4374,47,22,0,0,1,1
pb,20559,JUAZEIRINHO,2507705,49,49,14045,14045,10630,11453,221,602,18:30:20,1,0,188,2803,4,7484,110,31,0,3,1,5
pb,20575,JUNCO DO SERIDÓ,2507804,20,20,5990,5990,4621,4962,94,247,18:59:08,1,1,167,1187,1,3154,84,22,1,0,0,3
pb,20591,JURIPIRANGA,2507903,33,33,9829,9829,7472,8102,162,468,18:25:57,1,1,156,2253,0,4914,106,37,0,1,0,3
pb,20613,JURU,2508000,31,31,8201,8201,5998,6372,81,293,19:14:09,0,0,124,1040,3,4766,42,23,0,0,0,0
pb,20630,LAGOA,2508109,18,18,4698,4698,3540,3780,60,180,18:33:57,1,0,91,595,1,2777,53,11,0,8,1,2
pb,20656,LAGOA DE DENTRO,2508208,23,23,7869,7869,5613,5975,104,258,20:10:52,1,1,161,1519,0,3814,83,29,0,2,0,3
pb,20672,LAGOA SECA,2508307,68,68,22056,22056,17149,18758,596,1013,20:20:40,8,3,490,6181,9,10065,236,135,1,12,2,7
pb,20699,LASTRO,2508406,14,14,4395,4395,3466,3635,46,123,18:47:46,0,1,63,717,1,2619,39,21,1,0,0,4
pb,20710,LIVRAMENTO,2508505,20,20,5930,5930,4396,4721,90,235,18:26:24,0,0,128,1034,2,3164,39,27,0,0,0,2
pb,19160,LOGRADOURO,2508554,15,15,4789,4789,3737,3966,52,177,19:20:56,1,0,89,1245,1,2318,62,16,1,3,0,1
pb,20737,LUCENA,2508604,42,42,12879,12879,9873,10535,196,466,19:12:59,6,0,265,3248,0,6131,142,68,0,8,0,5
pb,20770,MALTA,2508802,18,18,5263,5263,3979,4208,58,171,18:21:55,2,0,70,686,0,3150,50,19,0,0,0,2
pb,20796,MAMANGUAPE,2508901,115,115,34604,34604,26085,28258,745,1428,19:08:10,11,3,855,9234,3,15315,468,179,0,3,4,10
pb,20818,MANAÍRA,2509008,31,31,9110,9110,6646,7185,74,465,20:50:41,0,2,93,922,1,5507,66,37,0,5,1,12
pb,19968,MARCAÇÃO,2509057,26,26,7913,7913,6036,6447,140,271,20:43:39,0,0,90,1194,2,4660,59,24,1,3,1,2
pb,20834,MARI,2509107,65,65,18460,18460,14497,15590,279,814,19:09:27,3,3,352,4108,4,9729,213,74,0,5,3,3
pb,19461,MARIZÓPOLIS,2509156,20,20,6301,6301,4919,5273,85,269,20:51:00,0,0,202,1532,1,3079,62,41,0,2,0,0
pb,20850,MASSARANDUBA,2509206,37,37,12155,12155,9256,10218,288,674,19:20:56,6,1,212,2610,3,6224,132,62,1,0,1,4
pb,20877,MATARACA,2509305,28,28,8714,8714,6330,6817,149,338,18:46:34,0,0,145,1965,1,4083,98,35,0,2,0,1
pb,19143,MATINHAS,2509339,15,15,4881,4881,3538,3902,111,253,19:29:39,1,0,82,722,1,2680,29,21,1,0,0,1
pb,19488,MATO GROSSO,2509370,10,10,3319,3319,2101,2229,23,105,18:48:45,0,0,29,404,1,1635,20,12,0,0,0,0
pb,19984,MATURÉIA,2509396,24,24,5807,5807,4368,4708,88,252,17:55:29,0,1,75,804,0,3434,37,13,0,1,0,3
pb,20893,MOGEIRO,2509404,37,37,11482,11482,8820,9500,182,498,20:35:02,0,0,203,2751,2,5739,78,40,0,3,0,4
pb,20915,MONTADAS,2509503,15,15,5373,5373,4149,4520,103,268,19:13:00,1,1,159,1153,0,2762,45,24,0,2,1,1
pb,20931,MONTE HOREBE,2509602,15,15,4313,4313,3152,3369,43,174,18:19:25,0,1,93,605,0,2398,43,10,1,0,0,1
pb,20958,MONTEIRO,2509701,98,98,27191,27191,20907,22348,418,1023,20:53:19,1,4,403,4647,2,15329,403,97,3,5,1,12
pb,20974,MULUNGU,2509800,33,33,9094,9094,7206,7723,150,367,18:42:10,1,1,196,1761,1,5094,94,49,0,5,0,4
pb,20753,MÃE D'ÁGUA,2508703,17,17,3876,3876,3079,3234,33,122,17:49:28,0,1,78,634,1,2314,34,15,0,1,0,1
pb,20990,NATUBA,2509909,25,25,6840,6840,5054,5557,112,391,20:57:11,2,3,124,1261,2,3551,73,30,0,3,0,5
pb,21016,NAZAREZINHO,2510006,26,26,7091,7091,5532,5855,80,243,19:16:13,0,0,109,1039,0,4305,56,21,0,0,1,1
pb,21032,NOVA FLORESTA,2510105,29,29,8307,8307,6222,6660,79,359,19:04:33,3,0,229,1552,0,4309,94,31,0,0,0,4
pb,21059,NOVA OLINDA,2510204,20,20,5895,5895,3942,4241,45,254,18:23:59,0,0,80,709,0,3092,44,15,0,1,0,1
pb,21075,NOVA PALMEIRA,2510303,13,13,3681,3681,3069,3252,60,123,18:13:51,1,0,91,533,1,2373,60,9,0,0,0,1
pb,21091,OLHO D'ÁGUA,2510402,26,26,7440,7440,5282,5734,87,365,19:16:39,0,0,121,1266,0,3802,64,27,0,0,2,0
pb,21113,OLIVEDOS,2510501,13,13,4073,4073,3169,3401,71,161,18:37:33,0,0,115,895,0,2103,37,17,0,1,0,1
pb,21130,OURO VELHO,2510600,12,12,3098,3098,2527,2676,25,124,17:55:29,1,1,42,476,0,1975,22,9,0,0,0,1
pb,19720,PARARI,2510659,9,9,2403,2403,1925,2052,26,101,18:22:15,0,0,35,423,1,1434,19,10,0,0,2,1
pb,21156,PASSAGEM,2510709,10,10,2846,2846,2177,2282,24,81,17:41:59,0,0,51,604,0,1485,27,10,0,0,0,0
pb,21172,PATOS,2510808,233,233,67671,67671,52322,55648,1135,2191,19:12:43,12,5,1566,17681,14,31431,1159,363,6,50,3,32
pb,21199,PAULISTA,2510907,34,34,10996,10996,8545,9053,101,407,20:52:03,0,1,272,2536,1,5574,135,22,1,0,0,3
pb,21210,PEDRA BRANCA,2511004,14,14,4075,4075,3004,3192,39,149,18:43:17,0,0,89,826,2,2025,30,28,0,2,1,1
pb,21237,PEDRA LAVRADA,2511103,23,23,5944,5944,4792,5108,84,232,17:44:15,6,0,145,1000,0,3540,67,27,0,2,2,3
pb,21253,PEDRAS DE FOGO,2511202,78,78,25239,25239,19354,20710,449,907,20:42:31,0,3,407,6368,1,12172,287,99,4,2,0,11
pb,19747,PEDRO RÉGIS,2512721,18,18,5725,5725,3934,4317,111,272,19:24:42,1,1,126,1273,1,2448,49,34,0,1,0,0
pb,21270,PIANCÓ,2511301,44,44,12777,12777,9527,10157,155,475,19:24:42,2,1,261,2576,1,6507,111,56,0,1,1,10
pb,21296,PICUÍ,2511400,59,59,15036,15036,11719,12528,217,592,18:32:15,4,0,291,3308,2,7815,200,86,0,5,0,8
pb,21318,PILAR,2511509,33,33,10756,10756,8480,9122,186,456,19:23:45,3,1,260,2659,2,5404,89,60,0,1,0,1
pb,21334,PILÕES,2511608,27,27,7122,7122,5343,5766,123,300,18:44:24,2,1,126,1212,0,3896,65,37,0,1,0,3
pb,21350,PILÕEZINHOS,2511707,21,21,5890,5890,4479,4818,103,236,20:07:49,1,2,113,995,2,3287,60,16,0,2,0,1
pb,21377,PIRPIRITUBA,2511806,34,34,8201,8201,6388,6805,143,274,18:48:45,1,0,222,1621,1,4375,109,51,1,3,1,3
pb,21393,PITIMBU,2511905,42,42,13151,13151,9903,10450,184,363,21:37:31,1,0,288,3089,0,6395,79,43,0,3,1,4
pb,21415,POCINHOS,2512002,50,50,15440,15440,11818,12851,327,706,18:42:09,0,0,370,3914,4,7251,178,82,0,5,2,12
pb,21431,POMBAL,2512101,88,88,25859,25859,19862,21044,301,881,20:11:10,1,3,537,6509,4,12343,305,138,2,10,1,9
pb,19640,POÇO DANTAS,2512036,14,14,4135,4135,3094,3245,29,122,20:41:50,1,0,85,373,0,2590,34,11,0,0,0,0
pb,19526,POÇO DE JOSÉ DE MOURA,2512077,17,17,4432,4432,3495,3711,44,172,19:29:39,1,0,74,561,2,2786,57,12,0,1,1,0
pb,21458,PRATA,2512200,14,14,4236,4236,3278,3485,52,155,19:02:50,0,1,50,904,1,2273,31,16,0,0,1,1
pb,21474,PRINCESA ISABEL,2512309,51,51,16939,16939,12364,13199,193,642,20:57:32,0,1,250,2283,4,9524,241,48,1,2,1,9
pb,21490,PUXINANÃ,2512408,39,39,12878,12878,10086,11021,300,635,19:04:14,2,1,381,3204,1,6222,179,81,1,6,2,6
pb,21512,QUEIMADAS,2512507,137,137,36681,36681,28356,30591,680,1555,19:04:33,4,3,720,7873,6,19096,458,143,3,13,6,31
pb,21539,QUIXABA,2512606,8,8,2501,2501,1958,2089,37,94,19:01:41,1,0,39,590,0,1286,24,18,0,0,0,0
pb,21555,REMÍGIO,2512705,50,50,15062,15062,11510,12208,176,522,18:41:12,1,1,317,2589,2,8385,154,48,1,7,2,3
pb,19828,RIACHO DE SANTO ANTÔNIO,2512788,9,9,2834,2834,2270,2410,35,105,18:15:18,0,1,47,799,0,1389,23,11,0,0,0,0
pb,21571,RIACHO DOS CAVALOS,2512804,26,26,8428,8428,6748,7126,117,261,19:26:07,0,1,120,1403,2,5133,58,25,0,0,2,4
pb,19208,RIACHÃO,2512747,11,11,3550,3550,2637,2795,42,116,18:54:42,0,1,40,588,0,1975,16,15,0,2,0,0
pb,19127,RIACHÃO DO BACAMARTE,2512754,18,18,4999,4999,3809,4193,91,293,19:12:43,0,4,86,1069,0,2576,44,20,0,6,1,3
pb,19003,RIACHÃO DO POÇO,2512762,20,20,4868,4868,3823,4096,79,194,20:07:49,2,0,91,1211,2,2455,37,22,0,2,0,1
pb,21598,RIO TINTO,2512903,66,66,18838,18838,14952,15996,328,716,20:10:52,4,1,378,4688,1,9588,198,86,0,2,0,6
pb,21610,SALGADINHO,2513000,13,13,3477,3477,2526,2703,51,126,19:20:58,1,0,99,738,0,1645,33,8,0,1,0,1
pb,21636,SALGADO DE SÃO FÉLIX,2513109,41,41,10366,10366,7779,8329,149,401,18:44:24,5,0,178,2070,1,5369,113,34,1,6,0,2
pb,20001,SANTA CECÍLIA,2513158,24,24,7090,7090,5785,6170,106,279,20:52:51,0,1,164,1537,1,3979,68,34,0,1,0,0
pb,21652,SANTA CRUZ,2513208,26,26,5529,5529,4503,4683,49,131,18:17:15,1,0,71,780,1,3572,48,28,0,1,0,1
pb,21679,SANTA HELENA,2513307,21,21,5959,5959,4603,4866,47,216,20:16:59,1,0,50,620,0,3803,106,21,0,1,0,1
pb,19569,SANTA INÊS,2513356,13,13,3848,3848,2878,3027,21,128,18:39:55,1,0,41,361,1,2441,21,11,0,0,0,1
pb,21695,SANTA LUZIA,2513406,47,47,12261,12261,9759,10398,249,390,17:49:28,0,1,336,3022,2,6173,151,62,2,3,0,7
pb,21750,SANTA RITA,2513703,332,332,103539,103539,80590,87057,2353,4114,20:59:42,34,10,2743,32912,19,42713,1385,638,7,62,6,61
pb,21776,SANTA TERESINHA,2513802,22,22,5773,5773,4394,4673,81,198,18:31:54,0,1,109,1199,0,2993,69,20,0,1,0,2
pb,21717,SANTANA DE MANGUEIRA,2513505,16,16,4562,4562,3333,3561,45,183,19:09:28,3,0,77,444,1,2757,31,15,2,2,1,0
pb,21733,SANTANA DOS GARROTES,2513604,25,25,6318,6318,4592,4951,60,299,18:32:16,1,1,123,1039,1,3327,66,29,0,5,0,0
pb,19267,SANTO ANDRÉ,2513851,9,9,3035,3035,2322,2470,35,113,19:14:09,0,0,62,546,1,1688,8,14,0,2,0,1
pb,22071,SAPÉ,2515302,138,138,38037,38037,29004,31470,824,1642,19:13:47,3,7,673,9366,7,18302,381,226,3,10,4,22
pb,22110,SERRA BRANCA,2515500,36,36,10863,10863,8418,8928,130,380,19:22:13,1,0,148,2291,1,5775,141,46,0,8,0,7
pb,22136,SERRA DA RAIZ,2515609,11,11,3167,3167,2424,2595,50,121,17:58:52,0,1,51,738,1,1584,27,18,0,2,1,1
pb,22152,SERRA GRANDE,2515708,10,10,3110,3110,2338,2453,33,82,18:56:36,0,0,43,324,1,1915,37,16,0,1,0,1
pb,22179,SERRA REDONDA,2515807,25,25,6492,6492,5151,5531,104,276,19:08:40,2,3,145,1205,0,3722,44,26,0,1,0,3
pb,22195,SERRARIA,2515906,17,17,4595,4595,3329,3626,68,229,18:21:12,2,0,100,793,3,2346,55,29,0,0,1,0
pb,19186,SERTÃOZINHO,2515930,16,16,5104,5104,3974,4250,94,182,19:14:10,0,0,130,991,0,2759,70,21,0,0,2,1
pb,19020,SOBRADO,2515971,28,28,8060,8060,6204,6687,164,319,20:10:52,1,1,136,1914,0,4051,47,48,0,2,0,4
pb,22233,SOLEDADE,2516102,39,39,11716,11716,9160,9861,197,504,20:07:49,0,0,255,2579,4,6151,98,62,2,3,1,5
pb,22217,SOLÂNEA,2516003,72,72,22196,22196,16689,17851,322,840,19:20:58,7,1,535,4787,3,11013,220,105,1,7,0,10
pb,19283,SOSSÊGO,2516151,11,11,3672,3672,2990,3174,31,153,19:11:30,0,0,71,534,0,2347,31,5,0,0,0,2
pb,22250,SOUSA,2516201,163,163,48187,48187,38523,40768,780,1465,21:00:22,7,4,1208,11592,8,24676,728,266,4,8,2,20
pb,22276,SUMÉ,2516300,52,52,14168,14168,10955,11522,116,451,19:12:59,1,1,181,2432,3,8123,157,44,0,4,2,7
pb,19402,SÃO BENTINHO,2513927,12,12,3802,3802,2816,3005,31,158,18:41:12,0,1,54,494,0,2216,32,16,0,1,0,2
pb,21792,SÃO BENTO,2513901,94,94,29523,29523,23247,24610,395,968,19:29:40,4,1,1080,10379,3,11253,396,112,0,6,2,11
pb,19429,SÃO DOMINGOS,2513968,10,10,3287,3287,2448,2623,45,130,18:44:24,0,0,40,616,0,1758,25,8,0,0,0,1
pb,19224,SÃO DOMINGOS DO CARIRI,2513943,10,10,3072,3072,2355,2491,31,105,17:43:15,2,0,71,644,0,1592,38,5,0,1,0,2
pb,19860,SÃO FRANCISCO,2513984,17,17,4138,4138,3287,3507,64,156,18:56:36,0,0,126,810,0,2305,27,17,0,1,1,0
pb,21857,SÃO JOSÉ DA LAGOA TAPADA,2514206,27,27,7125,7125,5398,5849,85,366,20:46:20,1,0,76,1047,1,4164,72,34,0,0,0,3
pb,21873,SÃO JOSÉ DE CAIANA,2514305,18,18,5643,5643,3899,4083,32,152,19:00:41,0,1,74,778,0,2958,70,16,0,1,0,1
pb,21890,SÃO JOSÉ DE ESPINHARAS,2514404,15,15,4450,4450,3564,3747,46,137,18:38:47,0,1,66,773,0,2660,44,16,0,1,0,3
pb,21911,SÃO JOSÉ DE PIRANHAS,2514503,58,58,15561,15561,11867,12589,210,512,21:13:41,3,0,270,2068,1,9261,187,68,4,0,0,5
pb,19445,SÃO JOSÉ DE PRINCESA,2514552,13,13,3236,3236,2376,2590,38,176,19:07:45,0,3,28,317,0,1990,18,17,0,3,0,0
pb,21938,SÃO JOSÉ DO BONFIM,2514602,16,16,4531,4531,3505,3747,61,181,18:13:33,0,0,87,995,1,2365,37,18,0,1,0,1
pb,19542,SÃO JOSÉ DO BREJO DO CRUZ,2514651,8,8,2613,2613,2015,2113,23,75,18:41:12,2,0,63,620,0,1293,27,10,0,0,0,0
pb,21954,SÃO JOSÉ DO SABUGI,2514701,17,17,4227,4227,3632,3827,48,147,19:07:02,1,3,98,1023,0,2460,26,18,0,2,0,1
pb,21970,SÃO JOSÉ DOS CORDEIROS,2514800,13,13,3778,3778,2936,3103,47,120,18:28:24,0,0,28,557,1,2297,21,26,0,2,0,4
pb,19046,SÃO JOSÉ DOS RAMOS,2514453,18,18,5940,5940,4387,4772,115,270,19:20:59,0,1,98,1118,0,3104,41,22,0,2,1,0
pb,21814,SÃO JOÃO DO CARIRI,2514008,17,17,4578,4578,3717,3895,48,130,18:09:57,0,0,47,752,4,2856,38,20,0,0,0,0
pb,19135,SÃO JOÃO DO RIO DO PEIXE,2500700,56,56,14571,14571,11402,12253,234,617,19:23:45,2,0,208,2155,4,8769,197,60,1,0,1,5
pb,21830,SÃO JOÃO DO TIGRE,2514107,13,13,3965,3965,3052,3331,52,227,21:27:51,0,1,36,568,0,2396,31,15,0,3,0,2
pb,21997,SÃO MAMEDE,2514909,27,27,7110,7110,5348,5602,73,181,19:03:13,1,3,162,1627,0,3456,61,33,1,0,0,4
pb,22012,SÃO MIGUEL DE TAIPU,2515005,19,19,6576,6576,5048,5472,161,263,20:14:16,0,1,111,2023,1,2823,52,32,0,0,0,5
pb,22039,SÃO SEBASTIÃO DE LAGOA DE ROÇA,2515104,29,29,9171,9171,6839,7512,211,462,18:50:16,0,2,208,1963,3,4471,127,58,0,2,1,4
pb,22055,SÃO SEBASTIÃO DO UMBUZEIRO,2515203,12,12,3304,3304,2517,2723,40,166,18:48:46,1,0,42,357,1,2085,22,9,0,0,0,0
pb,22098,SÃO VICENTE DO SERIDÓ,2515401,31,31,9254,9254,7063,7595,170,362,18:44:46,2,0,219,1370,0,5352,67,41,1,2,2,7
pb,22292,TACIMA,2516409,27,27,8148,8148,6023,6417,116,278,18:27:10,0,3,135,1635,0,4139,74,33,0,1,0,3
pb,22314,TAPEROÁ,2516508,38,38,11366,11366,8220,8863,150,493,18:31:54,0,3,161,1825,6,6102,79,42,0,0,0,2
pb,22330,TAVARES,2516607,44,44,11897,11897,8490,9050,108,452,19:23:27,1,2,85,1172,3,7091,118,14,1,2,0,1
pb,22357,TEIXEIRA,2516706,42,42,12091,12091,9154,9736,177,405,20:21:51,2,2,152,1901,1,6957,101,35,0,2,1,0
pb,19682,TENÓRIO,2516755,10,10,3314,3314,2593,2751,25,133,19:08:40,0,1,46,622,2,1889,26,7,0,0,0,0
pb,22373,TRIUNFO,2516805,29,29,7597,7597,5910,6192,74,208,18:41:11,0,0,135,823,1,4848,78,22,0,1,0,2
pb,22390,UIRAÚNA,2516904,47,47,13083,13083,10069,10705,126,510,21:11:59,0,1,270,2143,2,7431,154,57,0,4,2,5
pb,22411,UMBUZEIRO,2517001,25,25,7797,7797,5960,6414,123,331,20:54:27,0,1,139,1366,5,4314,88,39,2,2,2,2
pb,19887,VIEIRÓPOLIS,2517209,18,18,5431,5431,4217,4489,49,223,20:16:00,0,2,75,877,0,3189,45,26,0,1,1,1
pb,20117,VISTA SERRANA,2505501,13,13,3470,3470,2573,2693,33,87,17:36:21,0,0,57,521,0,1934,41,19,0,1,0,0
pb,22438,VÁRZEA,2517100,10,10,2845,2845,2371,2471,41,59,18:21:55,0,0,61,502,2,1755,29,19,0,0,0,3
pb,19348,ZABELÊ,2517407,9,9,2666,2666,2002,2160,25,133,19:22:36,0,1,30,318,0,1616,31,6,0,0,0,0
pb,19011,ÁGUA BRANCA,2500106,33,33,8397,8397,6282,6682,85,315,18:42:10,1,0,141,1112,4,4874,111,33,0,1,0,5
pa,04014,ABAETETUBA,1500107,388,388,123890,123890,102876,106322,867,2579,22:25:52,18,8,1768,24765,17,74035,1539,629,2,46,5,44
pa,04502,ABEL FIGUEIREDO,1500131,21,21,6010,6010,4404,4601,36,161,18:50:02,0,1,83,2081,4,2182,36,15,0,0,0,2
pa,04030,ACARÁ,1500206,171,171,48817,48817,39198,40862,267,1397,21:57:22,1,2,692,11954,10,25654,399,449,0,17,0,20
pa,04057,AFUÁ,1500305,99,99,29760,29760,22243,23301,149,909,20:53:31,5,1,724,7018,1,14123,218,146,1,4,1,1
pa,04073,ALENQUER,1500404,183,183,45624,45624,35847,37022,199,976,21:38:10,7,4,731,18312,1,16099,383,267,2,23,1,17
pa,04090,ALMEIRIM,1500503,99,99,23890,23890,17208,17878,123,547,21:22:11,5,0,308,5534,3,11089,214,49,0,2,1,3
pa,04111,ALTAMIRA,1500602,315,315,86743,86743,64830,67458,758,1870,20:50:28,24,17,1378,41004,19,20416,1250,648,5,32,3,34
pa,04138,ANAJÁS,1500701,86,86,22636,22636,17041,17911,59,811,20:12:43,2,5,737,7411,2,8404,306,163,0,4,1,6
pa,04154,ANANINDEUA,1500800,1058,1058,358249,358249,283649,297406,4896,8861,19:25:23,141,46,10901,130954,126,127573,8201,4868,45,454,61,279
pa,04723,ANAPU,1500859,77,77,25278,25278,18453,19129,164,512,22:22:12,3,1,219,13113,0,4771,138,198,0,0,1,9
pa,04170,AUGUSTO CORRÊA,1500909,141,141,39219,39219,29997,31644,225,1422,21:41:11,3,2,894,8171,4,20300,343,263,1,5,0,11
pa,04340,AURORA DO PARÁ,1500958,74,74,18265,18265,13948,14648,97,603,19:30:21,1,3,261,4466,1,8980,138,78,0,6,4,10
pa,04197,AVEIRO,1501006,57,57,11870,11870,8816,9093,46,231,20:48:22,0,0,126,4043,0,4498,62,85,0,1,0,1
pa,04219,BAGRE,1501105,54,54,16607,16607,12625,13159,52,482,20:48:23,1,3,191,2849,0,9427,113,39,0,1,0,1
pa,04235,BAIÃO,1501204,103,103,27595,27595,22118,22967,178,671,21:36:53,2,4,341,6006,4,15458,184,115,1,3,0,0
pa,04588,BANNACH,1501253,12,12,3170,3170,2322,2393,11,60,18:10:53,0,0,44,1525,0,690,24,38,1,0,0,0
pa,04251,BARCARENA,1501303,322,322,102889,102889,80178,83714,1192,2344,20:58:14,37,18,2912,27194,8,47254,1884,723,2,57,5,84
pa,04804,BELTERRA,1501451,73,73,17778,17778,13833,14353,134,386,20:32:31,1,2,244,7175,1,6023,242,134,0,3,0,8
pa,04278,BELÉM,1501402,2989,2989,1048781,1048781,826218,866529,14208,26103,20:51:38,386,156,28127,361377,422,396570,21476,14850,84,1475,164,1131
pa,04294,BENEVIDES,1501501,154,154,49269,49269,39461,41355,597,1297,20:57:53,12,11,1037,17146,7,19932,770,490,4,30,1,21
pa,04049,BOM JESUS DO TOCANTINS,1501576,44,44,12477,12477,9256,9631,52,323,20:10:32,2,1,195,4521,0,4360,90,73,0,7,0,7
pa,04316,BONITO,1501600,47,47,12897,12897,10080,10621,98,443,20:59:56,0,0,249,3159,0,6451,121,93,0,6,0,1
pa,04332,BRAGANÇA,1501709,341,341,94963,94963,73464,76483,689,2330,22:01:02,20,12,2621,26670,14,41880,1265,870,7,56,4,45
pa,04227,BRASIL NOVO,1501725,59,59,16697,16697,13029,13476,103,344,20:55:28,0,1,177,9164,1,3429,134,105,0,11,0,7
pa,05932,BREJO GRANDE DO ARAGUAIA,1501758,26,26,6821,6821,5232,5416,34,150,21:00:17,0,0,63,2433,0,2648,53,33,0,0,0,2
pa,04448,BREU BRANCO,1501782,122,122,32173,32173,23328,24359,195,836,20:27:11,5,7,497,10484,2,11864,288,163,0,9,2,7
pa,04359,BREVES,1501808,239,239,77288,77288,59305,61897,356,2236,21:18:12,8,9,1269,20877,5,35854,837,397,3,22,2,22
pa,04375,BUJARU,1501907,79,79,21846,21846,18256,18899,149,494,21:29:41,3,3,316,5255,0,12347,124,194,0,11,0,3
pa,04391,CACHOEIRA DO ARARI,1502004,66,66,18975,18975,14611,15247,97,539,20:59:57,0,2,165,2982,1,11255,73,125,0,4,0,4
pa,04766,CACHOEIRA DO PIRIÁ,1501956,58,58,14421,14421,11187,11691,89,415,21:29:22,0,1,237,3590,0,7191,99,65,1,2,0,1
pa,04413,CAMETÁ,1502103,357,357,106190,106190,89329,92293,611,2353,22:16:53,6,9,1165,19380,12,67400,990,302,2,34,3,26
pa,04707,CANAÃ DOS CARAJÁS,1502152,204,204,73378,73378,53407,55028,594,1027,20:41:01,5,9,1610,33546,12,16676,1047,441,2,22,4,33
pa,04430,CAPANEMA,1502202,203,203,54759,54759,43106,45065,581,1378,20:51:55,10,3,1125,16976,7,23613,919,402,2,27,0,22
pa,04456,CAPITÃO POÇO,1502301,153,153,42609,42609,34299,35744,349,1096,22:20:01,6,6,777,12771,4,20007,500,208,3,7,2,8
pa,04472,CASTANHAL,1502400,455,455,143934,143934,115842,120369,1521,3006,21:24:21,39,11,4249,57961,25,49063,2432,1806,2,165,18,71
pa,04499,CHAVES,1502509,63,63,15966,15966,10826,11487,54,607,20:54:15,0,3,246,3305,2,7098,61,108,0,2,1,0
pa,04510,COLARES,1502608,49,49,12702,12702,10030,10443,121,292,21:47:22,1,4,234,2462,0,7126,113,83,1,3,0,3
pa,04537,CONCEIÇÃO DO ARAGUAIA,1502707,115,115,33537,33537,23961,25089,229,899,20:48:23,1,6,484,13757,4,8907,341,431,2,12,3,13
pa,05819,CONCÓRDIA DO PARÁ,1502756,82,82,24113,24113,19431,20178,154,593,22:40:33,2,5,217,7737,2,11158,196,104,0,6,0,4
pa,04529,CUMARU DO NORTE,1502764,30,30,8216,8216,5930,6100,31,139,21:02:04,3,0,71,3864,3,1929,27,32,0,0,0,1
pa,05851,CURIONÓPOLIS,1502772,56,56,17009,17009,12534,13079,109,436,20:48:22,3,2,287,7212,0,4765,186,66,0,8,1,4
pa,04553,CURRALINHO,1502806,87,87,25964,25964,20650,21453,78,725,21:47:40,2,0,183,4207,2,15895,275,74,0,0,1,11
pa,04740,CURUÁ,1502855,51,51,11427,11427,9308,9593,41,244,20:25:41,1,3,250,2292,2,6668,58,30,0,2,1,1
pa,04570,CURUÇÁ,1502905,124,124,36832,36832,27912,29265,285,1068,21:35:31,6,1,592,7417,4,19407,283,186,0,5,1,10
pa,05975,DOM ELISEU,1502939,112,112,30137,30137,23357,24121,187,577,20:57:52,3,4,396,12367,1,10038,397,134,1,8,0,8
pa,04120,ELDORADO DOS CARAJÁS,1502954,77,77,20306,20306,15621,16255,119,515,21:05:21,2,3,260,8096,0,6895,203,155,0,3,0,4
pa,04596,FARO,1503002,29,29,7131,7131,5280,5417,30,107,18:15:04,0,0,81,1242,1,3894,52,10,0,0,0,0
pa,04561,FLORESTA DO ARAGUAIA,1503044,49,49,13756,13756,10417,10839,76,346,19:29:42,3,2,200,5926,0,4084,104,91,0,1,0,6
pa,05878,GARRAFÃO DO NORTE,1503077,77,77,22326,22326,17166,18142,151,825,22:24:12,4,2,401,5663,0,10723,207,152,0,8,1,5
pa,04006,GOIANÉSIA DO PARÁ,1503093,87,87,21405,21405,16190,16841,140,511,20:28:32,4,1,349,7667,3,7830,179,140,0,9,0,8
pa,04618,GURUPÁ,1503101,89,89,24520,24520,19963,20656,67,626,22:49:31,0,0,283,5808,1,13613,173,79,0,4,0,2
pa,04634,IGARAPÉ-AÇU,1503200,104,104,31175,31175,25024,26301,311,966,20:58:14,2,3,495,7277,3,16703,333,195,0,2,2,9
pa,04650,IGARAPÉ-MIRI,1503309,166,166,53657,53657,44218,45956,353,1385,22:00:12,6,8,896,14783,4,27542,475,436,2,45,1,20
pa,04677,INHANGAPI,1503408,34,34,9354,9354,7675,7995,65,255,21:29:21,1,0,180,2860,0,4430,87,108,0,6,1,2
pa,04189,IPIXUNA DO PARÁ,1503457,93,93,24689,24689,18350,19343,153,840,20:56:19,2,2,321,6832,1,10829,236,114,1,7,1,4
pa,04693,IRITUIA,1503507,102,102,26388,26388,21315,22077,181,581,21:21:23,3,1,560,5721,2,14585,258,166,1,5,1,12
pa,04715,ITAITUBA,1503606,287,287,85347,85347,61244,63645,669,1732,21:24:21,9,5,1267,42299,6,16245,835,519,6,24,4,25
pa,04731,ITUPIRANGA,1503705,121,121,32730,32730,24645,25496,166,685,21:26:50,4,5,490,11137,3,12516,305,174,0,6,1,4
pa,04200,JACAREACANGA,1503754,55,55,13777,13777,9708,10226,41,477,19:22:15,2,0,82,4841,2,4694,46,38,1,2,0,0
pa,04758,JACUNDÁ,1503804,117,117,30585,30585,23394,24521,238,889,21:10:09,8,5,535,11463,6,10825,295,230,4,11,1,11
pa,04774,JURUTI,1503903,135,135,39112,39112,30902,31784,183,699,21:54:11,12,3,673,11942,1,17817,317,122,0,7,2,6
pa,04790,LIMOEIRO DO AJURU,1504000,78,78,22959,22959,18840,19571,137,594,21:18:12,0,2,305,4401,1,13910,144,69,0,4,0,4
pa,04812,MAGALHÃES BARATA,1504109,35,35,8796,8796,6958,7170,41,171,19:29:40,1,0,139,2100,1,4579,73,62,0,1,0,2
pa,04839,MARABÁ,1504208,583,583,179940,179940,140306,145688,1470,3912,20:56:55,40,14,3395,76354,32,56350,2549,1392,12,82,9,77
pa,04855,MARACANÃ,1504307,118,118,27798,27798,22225,22962,194,543,23:55:54,0,0,582,6786,2,14545,172,119,0,12,2,5
pa,04871,MARAPANIM,1504406,93,93,25293,25293,20004,20789,151,634,20:51:39,4,2,379,6308,4,12915,212,164,2,8,0,6
pa,04642,MARITUBA,1504422,276,276,90873,90873,71727,75057,1134,2196,20:14:15,27,16,2542,30495,23,35565,1843,1066,3,97,12,38
pa,05770,MEDICILÂNDIA,1504455,74,74,20484,20484,15786,16382,150,446,21:26:51,0,3,305,11318,4,3806,188,143,2,9,2,6
pa,04898,MELGAÇO,1504505,62,62,19565,19565,14648,15307,38,621,20:53:56,2,2,223,4952,2,9241,156,64,0,5,0,1
pa,04910,MOCAJUBA,1504604,99,99,29081,29081,23360,24173,126,687,21:17:03,2,0,468,5901,5,16587,290,99,1,5,0,2
pa,04936,MOJU,1504703,202,202,56811,56811,45457,47230,352,1421,20:59:56,1,3,1011,13493,3,29900,657,321,1,46,2,19
pa,04863,MOJUÍ DOS CAMPOS,1504752,95,95,24248,24248,18454,19167,184,529,20:18:49,2,1,321,11924,3,5740,254,193,2,4,1,9
pa,04952,MONTE ALEGRE,1504802,222,222,52563,52563,41623,42958,358,977,20:59:03,5,4,849,21437,4,18579,406,311,2,11,0,15
pa,04979,MUANÁ,1504901,98,98,30413,30413,23803,24825,149,873,23:30:02,2,0,381,5394,2,17644,232,134,1,4,1,8
pa,04103,MÃE DO RIO,1504059,92,92,25345,25345,19958,20877,182,737,20:07:51,4,1,430,9396,0,9709,259,137,1,12,0,9
pa,04480,NOVA ESPERANÇA DO PIRIÁ,1504950,50,50,15528,15528,11869,12476,65,542,21:18:12,0,0,197,5759,0,5714,117,76,0,2,1,3
pa,04600,NOVA IPIXUNA,1504976,39,39,11487,11487,8741,9158,60,357,21:26:02,3,1,221,4349,0,3953,116,90,0,4,0,4
pa,04995,NOVA TIMBOTEUA,1505007,41,41,11967,11967,9333,9879,138,408,21:24:22,2,0,214,2761,1,6158,129,64,0,2,0,2
pa,04383,NOVO PROGRESSO,1505031,87,87,24783,24783,17589,18089,123,377,19:24:15,1,2,187,14798,3,2357,153,82,2,2,0,2
pa,04421,NOVO REPARTIMENTO,1505064,159,159,45702,45702,34663,35936,233,1040,21:35:31,6,9,614,20744,2,12531,344,391,1,6,3,12
pa,05037,OEIRAS DO PARÁ,1505205,91,91,25487,25487,20593,21420,76,751,20:57:53,0,0,258,4029,1,16001,206,89,0,4,0,5
pa,05053,ORIXIMINÁ,1505304,195,195,50827,50827,37821,39198,354,1023,21:12:01,13,8,830,17678,1,18589,461,208,5,13,1,14
pa,05959,OURILÂNDIA DO NORTE,1505437,83,83,25886,25886,18908,19479,118,453,20:10:32,7,4,407,11989,0,6063,240,174,0,6,0,18
pa,05070,OURÉM,1505403,64,64,16525,16525,12956,13580,131,493,21:00:48,2,3,280,3455,1,8947,174,89,2,1,0,2
pa,05916,PACAJÁ,1505486,99,99,29481,29481,22206,22984,142,636,21:02:03,1,3,294,15214,1,6201,230,245,2,8,0,7
pa,04162,PALESTINA DO PARÁ,1505494,21,21,5862,5862,4430,4623,21,172,20:11:37,0,0,68,2087,0,2208,43,22,1,1,0,0
pa,05096,PARAGOMINAS,1505502,246,246,76388,76388,58512,60616,516,1588,21:11:01,16,9,1079,34754,4,20989,1126,467,2,22,1,43
pa,05835,PARAUAPEBAS,1505536,586,586,201342,201342,151399,156808,1983,3426,20:56:37,51,19,5425,89244,32,51646,3270,1444,12,117,6,133
pa,04308,PAU D'ARCO,1505551,30,30,8655,8655,6460,6685,35,190,20:36:22,1,0,127,3802,0,2411,63,53,0,0,2,1
pa,05118,PEIXE-BOI,1505601,36,36,9487,9487,7510,7867,68,289,20:46:52,1,2,138,2429,0,4783,82,71,0,2,0,2
pa,04782,PIÇARRA,1505635,35,35,9403,9403,7288,7555,32,235,22:02:43,0,0,117,3981,0,3063,64,58,0,3,1,1
pa,04626,PLACAS,1505650,56,56,14807,14807,11501,11933,124,308,19:25:45,1,2,154,8356,0,2777,109,92,0,4,0,6
pa,05134,PONTA DE PEDRAS,1505700,73,73,23302,23302,17698,18521,130,693,20:56:56,6,0,296,4000,2,13032,203,143,1,7,3,5
pa,05150,PORTEL,1505809,149,149,41746,41746,30457,32037,162,1418,22:49:30,7,3,472,10679,1,18831,348,102,3,4,3,4
pa,05177,PORTO DE MOZ,1505908,83,83,23709,23709,17998,18571,69,504,21:20:00,3,2,402,7591,1,9783,153,56,0,3,0,4
pa,05193,PRAINHA,1506005,111,111,27386,27386,21263,22025,118,644,20:56:55,1,1,276,10016,0,10767,127,71,1,1,0,2
pa,05215,PRIMAVERA,1506104,36,36,11339,11339,8322,8713,82,309,20:17:41,2,0,196,2136,0,5798,127,56,0,2,1,4
pa,04685,QUATIPURU,1506112,36,36,10484,10484,7496,7784,47,241,19:29:41,1,3,208,1860,0,5282,79,58,0,4,0,1
pa,05673,REDENÇÃO,1506138,205,205,62358,62358,48610,50046,369,1067,20:11:13,14,4,916,34761,4,11726,672,470,3,18,1,21
pa,05690,RIO MARIA,1506161,50,50,13846,13846,10333,10720,65,322,21:00:48,1,1,164,6461,4,3376,115,200,2,7,0,2
pa,05738,RONDON DO PARÁ,1506187,100,100,26999,26999,20113,21010,193,704,20:13:06,2,3,294,11652,4,7754,233,157,3,3,1,7
pa,05894,RURÓPOLIS,1506195,82,82,20247,20247,15384,15956,144,428,20:28:32,5,1,242,10826,1,3946,191,158,1,7,0,6
pa,05231,SALINÓPOLIS,1506203,121,121,38078,38078,29692,30886,335,859,21:01:16,6,4,889,10812,2,17220,531,188,0,23,3,14
pa,05258,SALVATERRA,1506302,78,78,20320,20320,15805,16601,210,586,20:53:56,3,2,293,4050,2,11124,174,140,1,8,3,5
pa,04243,SANTA BÁRBARA DO PARÁ,1506351,64,64,18358,18358,14391,15043,190,462,20:55:28,3,1,330,5763,2,7853,259,165,0,4,4,7
pa,05274,SANTA CRUZ DO ARARI,1506401,28,28,7042,7042,4785,5046,28,233,18:37:16,0,1,39,1400,0,3307,14,20,3,0,0,1
pa,05290,SANTA IZABEL DO PARÁ,1506500,155,155,49185,49185,39749,41518,604,1165,23:02:35,17,8,987,17718,5,19808,648,488,2,31,8,29
pa,04146,SANTA LUZIA DO PARÁ,1506559,70,70,18518,18518,14170,14944,125,649,21:35:20,2,1,242,4286,2,9388,156,76,1,6,3,7
pa,05991,SANTA MARIA DAS BARREIRAS,1506583,50,50,13340,13340,9717,10059,52,290,20:42:01,4,2,159,6587,0,2749,64,149,0,1,0,2
pa,05312,SANTA MARIA DO PARÁ,1506609,68,68,22313,22313,17538,18385,216,631,21:01:16,1,2,484,8061,3,8568,242,152,0,12,0,13
pa,05339,SANTANA DO ARAGUAIA,1506708,83,83,25280,25280,18135,18830,128,567,19:10:48,1,3,255,12320,1,5193,183,168,2,7,0,2
pa,05355,SANTARÉM,1506807,872,872,253605,253605,198657,205910,2422,4831,21:02:03,65,25,5600,108078,48,78382,3856,2233,14,197,35,124
pa,05371,SANTARÉM NOVO,1506906,27,27,6794,6794,5539,5719,29,151,20:55:05,1,0,104,1397,0,3967,50,18,0,1,0,1
pa,05398,SANTO ANTÔNIO DO TAUÁ,1507003,87,87,26159,26159,21302,22187,214,671,21:15:31,3,4,628,7569,5,12601,282,168,1,28,0,13
pa,04847,SAPUCAIA,1507755,17,17,5430,5430,3863,4054,49,142,21:21:23,1,0,72,2099,0,1615,32,43,0,1,0,0
pa,05550,SENADOR JOSÉ PORFÍRIO,1507805,49,49,14884,14884,10973,11387,66,348,21:11:12,1,3,157,6729,1,3870,101,101,0,3,0,7
pa,05576,SOURE,1507904,78,78,22800,22800,17403,18148,165,580,21:00:49,3,2,343,3861,5,12917,161,96,0,9,0,6
pa,05410,SÃO CAETANO DE ODIVELAS,1507102,58,58,15886,15886,12727,13249,119,403,22:03:00,3,2,396,3231,1,8792,188,104,1,5,0,4
pa,04464,SÃO DOMINGOS DO ARAGUAIA,1507151,59,59,15405,15405,11766,12248,83,399,20:59:56,1,1,188,5526,1,5838,98,104,1,3,1,4
pa,05436,SÃO DOMINGOS DO CAPIM,1507201,104,104,25155,25155,19832,20707,163,712,21:02:04,2,1,395,5026,2,14001,207,188,3,2,1,4
pa,05479,SÃO FRANCISCO DO PARÁ,1507409,57,57,15923,15923,13070,13649,145,434,20:52:15,4,1,273,5029,0,7503,149,106,1,1,1,2
pa,05452,SÃO FÉLIX DO XINGU,1507300,154,154,43015,43015,31913,32935,172,850,20:39:51,4,1,557,23071,3,7515,346,403,2,5,1,5
pa,05797,SÃO GERALDO DO ARAGUAIA,1507458,73,73,19494,19494,15061,15615,88,466,21:00:17,2,0,301,8816,0,5631,162,142,1,1,0,5
pa,04820,SÃO JOÃO DA PONTA,1507466,24,24,6367,6367,4887,5151,65,199,19:24:37,0,0,122,1472,0,3174,65,50,0,1,0,3
pa,04065,SÃO JOÃO DE PIRABAS,1507474,64,64,18795,18795,14266,14884,116,502,21:21:23,1,2,334,3996,0,9710,140,74,0,4,0,5
pa,05495,SÃO JOÃO DO ARAGUAIA,1507508,48,48,13212,13212,9840,10250,68,342,21:30:31,1,5,136,4197,3,5336,86,73,0,2,0,1
pa,05517,SÃO MIGUEL DO GUAMÁ,1507607,152,152,42257,42257,33895,35272,394,983,22:16:02,7,2,1033,11437,4,20545,482,360,1,14,2,8
pa,05533,SÃO SEBASTIÃO DA BOA VISTA,1507706,78,78,23902,23902,18836,19501,96,569,21:06:20,2,1,322,4401,1,13805,214,86,0,1,0,3
pa,04022,TAILÂNDIA,1507953,200,200,55596,55596,41873,43893,460,1560,20:55:05,8,8,1157,22994,3,16699,701,266,3,7,5,22
pa,04545,TERRA ALTA,1507961,44,44,12581,12581,9534,9911,73,304,20:10:33,3,1,188,3236,1,5918,95,85,0,6,0,1
pa,04367,TERRA SANTA,1507979,61,61,15511,15511,11925,12287,88,274,20:18:49,1,2,422,5591,0,5682,184,40,1,0,0,2
pa,05592,TOMÉ-AÇU,1508001,185,185,52852,52852,39457,41331,462,1412,21:36:53,6,7,887,16970,4,20574,689,291,2,14,2,11
pa,04669,TRACUATEUA,1508035,93,93,25730,25730,20055,20917,133,729,21:24:50,1,2,306,4403,2,15002,178,147,1,7,1,5
pa,04286,TRAIRÃO,1508050,43,43,12441,12441,8880,9187,62,245,20:52:35,2,0,193,6697,0,1848,69,62,1,6,1,1
pa,04081,TUCUMÃ,1508084,91,91,28014,28014,20314,20885,149,422,19:09:18,5,1,427,14240,0,5046,282,299,1,3,0,10
pa,05614,TUCURUÍ,1508100,236,236,73025,73025,53875,55986,538,1573,20:52:16,26,4,1325,24019,11,26736,1222,443,1,50,4,34
pa,04324,ULIANÓPOLIS,1508126,69,69,20159,20159,15550,16081,107,424,20:59:03,1,0,253,8453,1,6506,215,114,0,0,0,7
pa,05754,URUARÁ,1508159,105,105,31993,31993,24320,25232,264,648,20:59:04,3,6,381,18737,0,4745,236,189,0,10,0,13
pa,05630,VIGIA,1508209,144,144,39656,39656,30492,31809,443,874,21:48:31,7,4,954,9291,8,19402,579,208,2,24,2,11
pa,05657,VISEU,1508308,168,168,43477,43477,33417,34936,164,1355,21:03:42,2,5,463,6907,2,25524,303,183,1,12,4,11
pa,04405,VITÓRIA DO XINGU,1508357,58,58,16489,16489,12697,13147,95,355,20:13:06,4,1,215,7026,1,5134,188,114,1,7,1,5
pa,05711,XINGUARA,1508407,117,117,35427,35427,26816,27815,234,765,21:02:04,9,2,530,17605,2,7894,381,368,2,8,0,15
pa,04260,ÁGUA AZUL DO NORTE,1500347,34,34,10878,10878,8125,8363,33,205,20:59:56,1,0,199,5316,0,2433,62,107,1,3,0,3
pa,05010,ÓBIDOS,1505106,171,171,39920,39920,31381,32455,284,790,22:03:00,2,3,761,9826,4,20194,347,219,0,12,1,12
pe,26310,ABREU E LIMA,2600054,233,233,79387,79387,64196,67927,1478,2253,21:00:47,5,6,1616,24301,8,36334,1001,827,8,24,5,61
pe,23019,AFOGADOS DA INGAZEIRA,2600104,103,103,30094,30094,23059,24183,385,739,20:50:25,2,1,404,5300,1,16835,291,188,0,11,0,26
pe,23035,AFRÂNIO,2600203,50,50,17488,17488,12892,13902,271,739,20:47:41,4,1,336,3770,1,8397,142,226,2,1,0,12
pe,23051,AGRESTINA,2600302,62,62,20932,20932,16241,17231,321,669,20:59:43,2,2,318,3992,0,11514,237,161,0,5,2,8
pe,23116,ALAGOINHA,2600609,43,43,12070,12070,9634,10085,145,306,19:20:55,0,1,113,1235,0,8034,118,129,0,2,0,2
pe,23132,ALIANÇA,2600708,98,98,29186,29186,21427,22828,489,912,20:18:28,4,6,407,5825,1,14569,209,384,0,4,5,13
pe,23159,ALTINHO,2600807,52,52,17270,17270,13456,14374,283,635,21:44:08,3,2,262,3028,2,9814,136,199,2,1,1,6
pe,23175,AMARAJI,2600906,50,50,17368,17368,13135,13869,251,483,20:10:32,0,0,256,3900,4,8734,85,140,1,1,0,14
pe,23191,ANGELIM,2601003,25,25,9105,9105,6887,7282,106,289,21:00:46,2,0,102,1511,1,5111,89,64,0,4,1,2
pe,23213,ARARIPINA,2601102,177,177,60070,60070,45275,47999,701,2023,21:02:11,3,5,1211,10820,5,32160,611,413,0,8,1,38
pe,23205,ARAÇOIABA,2601052,49,49,17404,17404,13527,14315,277,511,20:52:04,0,1,325,3680,0,9092,153,261,1,2,0,12
pe,23230,ARCOVERDE,2601201,171,171,51729,51729,40462,42251,595,1194,21:00:46,9,6,927,10211,10,28253,613,375,1,18,7,32
pe,23256,BARRA DE GUABIRABA,2601300,30,30,10106,10106,8094,8432,132,206,20:51:22,0,0,123,2835,0,4988,68,77,0,0,1,2
pe,23272,BARREIROS,2601409,99,99,30474,30474,22106,23563,567,890,19:20:56,3,7,436,7196,2,13980,255,212,0,8,0,7
pe,23337,BELO JARDIM,2601706,180,180,60920,60920,46521,49925,1229,2175,22:00:10,3,6,1390,13557,10,30166,753,558,4,13,4,57
pe,23299,BELÉM DE MARIA,2601508,32,32,9176,9176,7325,7675,128,222,19:13:48,2,0,178,1864,2,5113,85,81,0,0,0,0
pe,23310,BELÉM DO SÃO FRANCISCO,2601607,52,52,15567,15567,11786,12298,95,417,20:59:23,0,1,269,1927,2,9306,167,109,1,2,0,2
pe,23353,BETÂNIA,2601805,30,30,10088,10088,7534,7988,88,366,20:49:32,0,0,151,873,0,6368,52,84,0,2,0,4
pe,23370,BEZERROS,2601904,152,152,48313,48313,37941,40125,882,1302,21:24:18,4,9,823,10523,6,25506,515,487,0,17,0,51
pe,23396,BODOCÓ,2602001,83,83,27831,27831,21495,22531,258,778,21:04:20,2,4,345,2881,1,17737,262,246,0,8,1,8
pe,23418,BOM CONSELHO,2602100,110,110,34189,34189,25604,26899,333,962,21:07:20,3,4,436,5154,3,19346,281,365,0,3,1,8
pe,23434,BOM JARDIM,2602209,106,106,30623,30623,23291,24775,427,1057,20:11:51,1,5,395,5347,4,16995,255,276,0,3,0,10
pe,23450,BONITO,2602308,92,92,30694,30694,23139,24637,480,1018,20:49:56,4,10,447,7418,4,14524,317,388,1,4,4,18
pe,23493,BREJINHO,2602506,23,23,7811,7811,5630,5958,114,214,20:14:13,0,1,113,1009,0,4350,65,87,0,1,2,2
pe,23515,BREJO DA MADRE DE DEUS,2602605,110,110,36268,36268,26824,28422,618,980,21:22:20,4,4,755,8750,8,16581,412,284,2,3,3,18
pe,23477,BREJÃO,2602407,36,36,9703,9703,7649,8054,124,281,22:05:21,1,0,140,1588,0,5721,91,95,1,1,3,8
pe,23531,BUENOS AIRES,2602704,33,33,11990,11990,9200,9759,139,420,20:07:49,0,2,104,2089,3,6822,74,98,0,2,0,6
pe,23558,BUÍQUE,2602803,117,117,42576,42576,29058,30792,375,1359,22:08:31,2,10,329,4117,3,23785,296,490,1,12,5,8
pe,23574,CABO DE SANTO AGOSTINHO,2602902,496,496,172140,172140,134037,143379,3505,5837,20:55:02,28,19,3991,37650,27,88386,2065,1697,13,38,12,111
pe,23590,CABROBÓ,2603009,81,81,25723,25723,20151,21009,229,629,21:22:20,1,2,538,3541,1,15648,254,152,0,3,3,8
pe,23612,CACHOEIRINHA,2603108,51,51,16068,16068,12547,13300,274,479,20:53:49,1,3,215,3036,1,8924,188,169,1,2,0,7
pe,23639,CAETÉS,2603207,62,62,20683,20683,14594,15465,256,615,22:21:50,0,1,137,1472,1,12694,205,70,0,9,0,5
pe,23671,CALUMBI,2603405,21,21,7378,7378,5774,5964,64,126,21:02:11,0,0,102,735,0,4824,52,58,0,0,0,3
pe,23655,CALÇADO,2603306,23,23,7893,7893,6124,6448,86,238,20:21:49,1,1,117,898,0,4938,62,104,0,1,0,2
pe,26298,CAMARAGIBE,2603454,355,355,127152,127152,101980,107908,2207,3721,20:55:25,19,11,3086,40322,36,54971,1755,1589,6,48,9,128
pe,23698,CAMOCIM DE SÃO FÉLIX,2603504,49,49,15623,15623,12099,12835,255,481,20:52:04,0,1,264,3386,2,8145,142,150,0,1,1,7
pe,23710,CAMUTANGA,2603603,21,21,7337,7337,5495,5837,116,226,20:16:29,1,2,100,1582,0,3655,72,75,0,1,1,6
pe,23736,CANHOTINHO,2603702,63,63,17167,17167,12907,13673,228,538,20:51:22,0,2,159,3486,1,9050,110,92,2,2,0,3
pe,23752,CAPOEIRAS,2603801,50,50,16542,16542,11851,12566,244,471,22:40:01,1,0,174,1509,2,9833,163,158,0,6,1,4
pe,23167,CARNAUBEIRA DA PENHA,2603926,37,37,12559,12559,9654,10026,79,293,22:21:30,0,0,156,839,1,8527,69,59,0,0,0,3
pe,23779,CARNAÍBA,2603900,52,52,16879,16879,12455,13125,150,520,20:54:14,0,2,182,1896,2,10126,119,117,2,2,0,7
pe,23795,CARPINA,2604007,169,169,59993,59993,47995,50883,1082,1806,20:58:11,2,6,1160,19665,14,25652,665,738,2,33,6,52
pe,23817,CARUARU,2604106,708,708,255270,255270,205714,217132,4946,6472,21:31:40,40,18,5966,82763,41,109691,3713,3126,10,115,19,212
pe,23221,CASINHAS,2604155,40,40,12078,12078,9041,9727,221,465,20:15:29,0,1,167,1766,0,6872,85,139,0,5,1,5
pe,23833,CATENDE,2604205,85,85,25872,25872,19381,20375,311,683,20:49:32,3,3,370,4962,0,13575,230,223,1,2,4,8
pe,23850,CEDRO,2604304,29,29,10190,10190,7354,7684,91,239,20:58:12,2,0,189,1180,1,5762,96,118,0,3,1,2
pe,23876,CHÃ DE ALEGRIA,2604403,38,38,11584,11584,9061,9609,155,393,19:20:57,1,0,138,2563,1,6192,56,104,0,1,0,5
pe,23892,CHÃ GRANDE,2604502,54,54,18860,18860,14918,15822,303,601,20:52:04,0,1,407,4736,1,9418,159,183,0,5,1,7
pe,23914,CONDADO,2604601,56,56,19764,19764,15259,16219,304,656,20:52:04,0,1,284,4387,1,10200,207,166,0,6,0,7
pe,23930,CORRENTES,2604700,42,42,14583,14583,9808,10328,159,361,20:45:31,0,0,164,1808,0,7601,134,96,0,4,0,1
pe,23957,CORTÊS,2604809,38,38,11265,11265,8367,8810,136,307,19:25:21,5,1,151,2088,1,5846,129,139,0,2,0,5
pe,23973,CUMARU,2604908,49,49,14479,14479,11449,12138,172,517,20:53:49,0,0,197,2624,0,8371,124,130,1,1,0,1
pe,23990,CUPIRA,2605004,63,63,19864,19864,15389,16290,307,594,20:49:32,4,2,424,5083,4,9537,174,146,1,3,2,9
pe,24015,CUSTÓDIA,2605103,84,84,29588,29588,21560,22588,251,777,21:01:52,0,1,441,3202,3,17343,267,289,0,2,1,11
pe,23140,DORMENTES,2605152,46,46,16158,16158,12587,13390,252,551,21:35:20,0,2,487,3325,2,8436,152,176,0,1,0,6
pe,24031,ESCADA,2605202,158,158,48189,48189,37632,39902,779,1491,20:37:29,9,4,1092,10368,4,25252,435,429,1,8,1,29
pe,24058,EXU,2605301,85,85,29164,29164,21591,22817,272,954,21:15:48,0,3,403,3357,3,17334,250,217,2,6,2,14
pe,24074,FEIRA NOVA,2605400,57,57,18025,18025,14099,15037,286,652,20:13:52,1,0,259,4585,5,8818,181,237,0,5,1,7
pe,30015,FERNANDO DE NORONHA,2605459,10,10,3657,3657,2354,2463,52,57,19:17:20,0,0,100,1019,2,1153,41,30,1,2,0,6
pe,24090,FERREIROS,2605509,29,29,10137,10137,7791,8343,202,350,19:32:16,0,0,154,2096,0,5312,87,134,0,3,0,5
pe,24112,FLORES,2605608,59,59,16541,16541,12042,12803,204,557,20:52:03,2,2,196,1801,1,9756,126,150,0,3,1,4
pe,24139,FLORESTA,2605707,75,75,25254,25254,18960,19765,154,651,20:59:42,7,2,341,2854,2,15329,272,141,1,2,0,9
pe,24155,FREI MIGUELINHO,2605806,43,43,12929,12929,10724,11147,162,261,20:53:50,2,1,250,3174,1,7028,77,186,0,3,0,2
pe,24171,GAMELEIRA,2605905,46,46,14871,14871,10831,11515,242,442,20:23:19,0,0,219,3167,1,7190,120,122,0,3,2,7
pe,24198,GARANHUNS,2606002,292,292,99315,99315,76730,80582,1494,2358,21:02:11,8,7,1761,19550,6,53078,1561,656,6,35,6,56
pe,24210,GLÓRIA DO GOITÁ,2606101,66,66,23472,23472,17986,19276,374,916,19:30:19,4,3,340,4406,6,12792,233,179,3,8,1,11
pe,24236,GOIANA,2606200,204,204,67037,67037,53874,56745,1233,1638,20:53:50,8,4,1288,18178,2,32987,769,576,2,10,3,47
pe,24252,GRANITO,2606309,23,23,6958,6958,5576,5790,69,145,20:59:23,0,0,95,917,0,4418,71,73,0,0,1,1
pe,24279,GRAVATÁ,2606408,185,185,67863,67863,52221,55798,1364,2213,21:00:47,5,10,1636,18368,10,30773,778,570,1,25,5,40
pe,24295,IATI,2606507,49,49,16331,16331,10959,11593,152,482,20:59:23,0,0,174,1655,0,8880,133,110,0,2,1,4
pe,24317,IBIMIRIM,2606606,68,68,21737,21737,15976,16479,128,375,21:29:28,2,2,230,1891,0,13547,180,115,0,3,0,6
pe,24333,IBIRAJUBA,2606705,24,24,6807,6807,5225,5507,101,181,19:14:39,0,2,91,1036,0,3979,65,51,0,0,0,1
pe,24350,IGARASSU,2606804,248,248,89866,89866,70636,74928,1668,2624,21:02:59,10,7,1974,23072,12,43364,1171,921,2,29,6,68
pe,24376,IGUARACY,2606903,33,33,9100,9100,6898,7234,99,237,19:10:59,0,0,110,1109,0,5541,59,73,1,1,0,4
pe,24511,ILHA DE ITAMARACÁ,2607604,51,51,18612,18612,14394,14969,254,321,20:29:17,1,3,319,3718,2,9986,145,201,0,8,0,11
pe,24392,INAJÁ,2607000,45,45,15906,15906,11874,12252,69,309,22:37:19,0,0,147,1209,0,10390,69,56,0,1,0,2
pe,24414,INGAZEIRA,2607109,12,12,4249,4249,3396,3561,44,121,20:55:24,0,0,54,462,1,2829,14,35,0,0,0,1
pe,24430,IPOJUCA,2607208,264,264,89076,89076,69167,72714,1427,2120,20:33:52,9,8,1798,17919,9,47651,956,735,2,18,8,54
pe,24457,IPUBI,2607307,68,68,24789,24789,17472,18481,242,767,21:09:28,2,4,612,3679,2,12714,251,197,1,3,0,7
pe,24473,ITACURUBA,2607406,17,17,4741,4741,3688,3796,19,89,18:59:10,0,0,56,507,0,3081,33,11,0,0,0,0
pe,25976,ITAMBÉ,2607653,77,77,24464,24464,18554,19662,377,731,20:22:29,0,2,283,5144,0,12589,203,305,0,5,0,23
pe,24538,ITAPETIM,2607703,38,38,11940,11940,9085,9623,136,402,21:08:20,1,1,162,1690,1,7010,102,105,0,4,0,9
pe,26336,ITAPISSUMA,2607752,59,59,21440,21440,17273,18278,404,601,21:01:31,1,2,423,4738,3,11659,219,212,0,8,2,6
pe,24554,ITAQUITINGA,2607802,39,39,12828,12828,10256,10829,179,394,20:22:29,1,4,223,2990,1,6809,116,109,2,0,0,1
pe,24490,ITAÍBA,2607505,68,68,21182,21182,15596,16461,204,661,21:00:23,1,4,401,2758,4,11977,199,244,0,2,1,5
pe,24570,JABOATÃO DOS GUARARAPES,2607901,1342,1342,498555,498555,372048,395112,8943,14121,21:00:46,84,48,11040,147539,75,199975,7132,5317,34,281,41,482
pe,23302,JAQUEIRA,2607950,30,30,9225,9225,6782,7105,118,205,20:10:31,0,0,103,1751,2,4771,66,87,1,0,0,1
pe,24597,JATAÚBA,2608008,51,51,15816,15816,11692,12224,184,348,21:39:00,3,1,271,2465,2,8687,155,103,0,2,0,3
pe,23264,JATOBÁ,2608057,37,37,11616,11616,8545,8867,82,240,20:56:35,2,2,172,1157,0,7017,118,70,2,3,0,2
pe,24635,JOAQUIM NABUCO,2608206,44,44,14094,14094,10533,11083,213,337,20:59:23,2,0,229,2975,0,7120,89,107,1,1,1,8
pe,24619,JOÃO ALFREDO,2608107,74,74,24726,24726,18268,19392,371,753,20:10:31,1,1,450,4046,1,13280,233,229,2,7,0,18
pe,23124,JUCATI,2608255,34,34,10180,10180,7823,8271,165,283,20:31:19,3,1,108,1232,0,6329,72,68,0,4,1,5
pe,24651,JUPI,2608305,49,49,13003,13003,10450,11011,213,348,20:24:20,0,0,205,1694,0,8218,192,132,2,2,1,4
pe,24678,JUREMA,2608404,36,36,12362,12362,9146,9663,151,366,20:34:10,1,0,144,1809,1,6985,106,99,0,0,0,1
pe,24694,LAGOA DE ITAENGA,2608503,56,56,18474,18474,14436,15421,311,674,21:00:46,2,0,325,4164,4,9561,141,219,3,6,3,8
pe,23027,LAGOA DO CARRO,2608453,44,44,15710,15710,12696,13392,206,490,20:59:42,1,2,278,3689,1,8436,127,153,0,3,2,4
pe,24716,LAGOA DO OURO,2608602,35,35,12046,12046,8676,9180,131,373,20:58:11,1,1,142,1468,0,6822,123,110,1,2,0,6
pe,24732,LAGOA DOS GATOS,2608701,41,41,11190,11190,8839,9240,118,283,22:02:09,2,0,129,1848,0,6686,71,99,2,0,0,2
pe,23183,LAGOA GRANDE,2608750,62,62,20661,20661,15773,16510,179,558,20:53:50,3,1,501,3252,0,11618,233,142,0,3,1,19
pe,24759,LAJEDO,2608800,91,91,32462,32462,24765,26150,502,883,20:56:15,3,1,653,7567,8,15821,387,298,2,9,0,16
pe,24775,LIMOEIRO,2608909,152,152,45789,45789,36388,38601,710,1503,20:13:03,5,2,696,9746,1,24895,547,446,8,5,6,31
pe,24791,MACAPARANA,2609006,66,66,20026,20026,14743,15721,286,692,20:20:48,3,2,382,4843,2,9088,165,245,0,3,2,8
pe,24813,MACHADOS,2609105,35,35,11111,11111,8524,9040,231,285,18:48:41,1,1,164,1954,0,6219,77,103,0,2,0,3
pe,23248,MANARI,2609154,45,45,14245,14245,10234,10625,91,300,21:00:47,0,1,176,1131,0,8703,113,105,0,2,0,3
pe,24830,MARAIAL,2609204,30,30,8002,8002,5916,6210,90,204,20:59:43,1,2,78,1657,1,4055,60,61,0,0,0,1
pe,24856,MIRANDIBA,2609303,35,35,11941,11941,8653,9077,106,318,22:10:29,1,0,98,1675,2,6695,66,110,0,3,1,2
pe,25852,MOREILÂNDIA,2614303,32,32,9938,9938,7496,7779,77,206,20:36:21,1,2,78,944,3,6275,101,83,0,2,1,6
pe,24872,MORENO,2609402,138,138,48774,48774,37272,40174,1142,1760,20:10:30,2,7,968,11818,3,23371,436,621,5,9,2,30
pe,24899,NAZARÉ DA MATA,2609501,75,75,25649,25649,19849,21215,517,849,20:51:22,4,5,432,6506,7,12367,227,268,4,6,5,18
pe,24910,OLINDA,2609600,893,893,301943,301943,243207,256476,4955,8314,20:29:17,57,27,6235,89168,61,139200,4301,3627,29,150,23,329
pe,24937,OROBÓ,2609709,62,62,18326,18326,13973,14869,250,646,20:11:35,3,3,265,2665,0,10699,148,182,1,1,0,6
pe,24953,OROCÓ,2609808,41,41,12481,12481,10062,10439,91,286,21:49:31,1,3,251,1975,3,7581,103,138,0,2,1,4
pe,24970,OURICURI,2609907,148,148,48563,48563,36944,38700,352,1404,21:39:58,3,8,730,5890,6,29476,460,332,1,11,6,21
pe,24996,PALMARES,2610004,128,128,40845,40845,30780,32261,548,933,20:50:24,5,6,657,8493,4,20803,431,353,1,6,4,17
pe,25011,PALMEIRINA,2610103,23,23,6511,6511,4316,4627,73,238,18:48:42,1,4,92,760,0,3348,50,50,2,3,1,5
pe,25038,PANELAS,2610202,75,75,19612,19612,15124,15960,211,625,20:04:52,4,1,364,3284,2,11111,196,150,0,3,0,9
pe,25054,PARANATAMA,2610301,49,49,11943,11943,9252,9847,139,456,21:00:24,2,1,151,1502,0,7313,147,129,0,4,0,3
pe,25070,PARNAMIRIM,2610400,61,61,18517,18517,14412,14812,91,309,21:50:29,0,0,163,1618,0,12372,131,125,0,0,0,3
pe,25097,PASSIRA,2610509,79,79,26110,26110,20039,21237,378,820,20:48:39,0,2,381,5048,3,14147,188,246,3,4,1,16
pe,25119,PAUDALHO,2610608,142,142,45812,45812,36224,38711,967,1520,20:49:32,3,4,888,13362,4,20935,490,497,1,12,2,26
pe,25135,PAULISTA,2610707,661,661,237186,237186,189472,199179,3697,6010,20:50:25,44,25,5634,70764,66,106250,3651,2626,21,104,24,263
pe,25151,PEDRA,2610806,64,64,18714,18714,14223,15179,236,720,20:48:39,1,3,203,2621,2,11159,122,102,1,5,0,4
pe,25178,PESQUEIRA,2610905,179,179,52492,52492,38647,40222,535,1040,22:04:09,4,4,591,6886,0,30246,400,486,0,7,5,18
pe,25216,PETROLINA,2611101,730,730,249120,249120,193929,203889,3392,6568,22:05:21,29,22,6807,63545,37,116703,4200,2248,13,109,12,204
pe,25194,PETROLÂNDIA,2611002,87,87,26448,26448,19216,20004,250,538,21:01:52,1,2,387,4002,2,14390,283,123,2,10,3,11
pe,25259,POMBOS,2611309,61,61,20453,20453,16179,17384,451,754,20:58:34,1,3,334,5573,1,9886,153,216,0,2,1,9
pe,25232,POÇÃO,2611200,31,31,10334,10334,7449,7952,147,356,20:39:29,0,1,139,1253,2,5867,66,114,0,6,1,0
pe,25275,PRIMAVERA,2611408,32,32,11000,11000,8486,8929,160,283,19:32:16,2,0,185,2270,1,5828,90,107,0,0,0,3
pe,25291,QUIPAPÁ,2611507,58,58,15431,15431,10770,11481,213,498,19:28:54,1,1,211,2002,3,8335,118,93,1,2,0,3
pe,23000,QUIXABA,2611533,21,21,6216,6216,5004,5151,37,110,20:48:39,0,0,53,594,0,4270,43,42,0,0,0,2
pe,25313,RECIFE,2611606,3481,3481,1230407,1230407,983138,1034278,19482,31658,21:02:11,197,135,25167,377268,381,543548,17723,15487,128,731,103,2270
pe,25330,RIACHO DAS ALMAS,2611705,66,66,20962,20962,17153,18231,403,675,20:58:11,1,2,295,5157,2,11183,192,302,0,4,0,15
pe,25356,RIBEIRÃO,2611804,88,88,28323,28323,21084,22196,417,695,20:07:48,1,2,415,5912,1,14271,206,258,1,5,1,11
pe,25372,RIO FORMOSO,2611903,54,54,16933,16933,12684,13375,226,465,20:15:30,2,1,234,3363,4,8823,132,120,0,3,1,1
pe,25399,SAIRÉ,2612000,41,41,11278,11278,8952,9617,260,405,19:16:14,1,2,267,2705,0,5754,93,124,0,1,1,4
pe,25410,SALGADINHO,2612109,23,23,7134,7134,5255,5484,70,159,18:47:45,0,1,107,1170,0,3858,45,68,0,1,1,4
pe,25437,SALGUEIRO,2612208,132,132,43388,43388,33801,35137,455,881,21:22:08,6,3,664,7068,3,25069,516,431,2,8,0,31
pe,25453,SALOÁ,2612307,46,46,13660,13660,9177,9696,138,381,21:19:38,2,2,135,1238,2,7578,122,94,0,1,1,2
pe,25470,SANHARÓ,2612406,44,44,16323,16323,12296,13020,238,486,20:58:35,1,0,207,2633,1,9184,152,109,0,2,0,7
pe,23108,SANTA CRUZ,2612455,37,37,12838,12838,10308,10669,89,272,20:56:35,1,0,316,1632,0,8183,103,73,0,0,0,0
pe,23043,SANTA CRUZ DA BAIXA VERDE,2612471,27,27,9916,9916,7728,8117,94,295,20:56:54,0,0,212,1341,2,5922,131,110,0,1,1,8
pe,25496,SANTA CRUZ DO CAPIBARIBE,2612505,186,186,66108,66108,54721,57086,1063,1302,20:58:34,6,2,2154,28844,4,21949,1091,597,5,10,2,57
pe,23329,SANTA FILOMENA,2612554,35,35,12092,12092,9468,9822,59,295,21:16:50,1,0,254,1575,0,7455,63,115,0,1,0,4
pe,25518,SANTA MARIA DA BOA VISTA,2612604,97,97,30641,30641,24391,25388,283,714,21:38:01,2,3,520,4687,1,18695,233,241,0,3,0,6
pe,25534,SANTA MARIA DO CAMBUCÁ,2612703,34,34,11524,11524,8847,9436,222,367,20:30:09,0,1,209,2553,0,5875,114,88,0,1,0,6
pe,25550,SANTA TEREZINHA,2612802,28,28,8044,8044,6073,6380,90,217,19:16:14,0,1,144,1133,1,4646,73,72,0,1,0,2
pe,25771,SERRA TALHADA,2613909,194,194,63665,63665,49485,51945,685,1775,21:03:59,10,7,1568,11797,6,34785,785,476,3,14,1,33
pe,25798,SERRITA,2614006,51,51,17061,17061,12287,12818,112,419,21:49:31,1,3,190,1846,1,9943,161,134,0,3,0,5
pe,25810,SERTÂNIA,2614105,98,98,27423,27423,20080,20935,239,616,20:58:11,0,3,197,3071,2,16273,249,273,0,2,1,9
pe,25836,SIRINHAÉM,2614204,86,86,28560,28560,21422,22605,458,725,21:00:23,0,1,532,6642,4,13760,219,242,1,4,0,17
pe,25879,SOLIDÃO,2614402,17,17,5531,5531,4284,4434,41,109,21:01:52,0,0,52,547,0,3621,41,21,1,0,0,1
pe,25895,SURUBIM,2614501,141,141,48477,48477,38186,40557,931,1440,20:56:35,8,7,903,12256,7,23893,548,525,4,6,4,25
pe,25577,SÃO BENEDITO DO SUL,2612901,27,27,7832,7832,5555,5936,104,277,19:08:11,0,1,114,1160,1,4156,55,61,0,1,0,6
pe,25593,SÃO BENTO DO UNA,2613008,113,113,38192,38192,27446,29004,528,1030,22:05:29,3,5,586,6778,3,19371,386,298,2,5,1,8
pe,25615,SÃO CAITANO,2613107,103,103,30888,30888,24457,26174,582,1135,20:53:50,8,2,572,5396,3,17925,308,229,2,3,1,8
pe,25658,SÃO JOAQUIM DO MONTE,2613305,58,58,17631,17631,13525,14450,284,641,20:59:43,3,2,226,3343,2,9591,182,167,2,4,1,2
pe,25674,SÃO JOSÉ DA COROA GRANDE,2613404,53,53,17746,17746,12660,13369,279,430,20:55:25,2,2,192,4845,1,7302,147,158,4,2,1,4
pe,25690,SÃO JOSÉ DO BELMONTE,2613503,93,93,28341,28341,20566,21738,236,936,20:57:51,4,2,373,3081,1,16729,254,103,0,4,0,15
pe,25712,SÃO JOSÉ DO EGITO,2613602,78,78,24100,24100,18520,19398,276,602,20:56:16,0,5,331,3901,1,13817,248,210,0,4,0,3
pe,25631,SÃO JOÃO,2613206,52,52,18178,18178,13461,14186,203,522,20:57:52,1,2,249,1951,0,10944,159,148,0,2,1,4
pe,25739,SÃO LOURENÇO DA MATA,2613701,234,234,83623,83623,66341,70450,1457,2652,20:53:50,9,10,1846,22712,21,39605,1120,906,6,34,4,68
pe,25755,SÃO VICENTE FÉRRER,2613800,43,43,14551,14551,11042,11709,184,483,20:41:11,0,1,235,2819,1,7759,111,110,1,2,0,3
pe,25917,TABIRA,2614600,70,70,21365,21365,16682,17300,218,400,20:12:43,2,1,233,3527,0,12416,288,202,1,2,1,9
pe,25933,TACAIMBÓ,2614709,40,40,11013,11013,8455,9083,248,380,20:58:12,3,1,231,2047,0,5938,86,145,0,1,1,2
pe,25950,TACARATU,2614808,57,57,18225,18225,13862,14400,117,421,20:57:52,4,0,159,1930,0,11478,150,135,0,1,1,4
pe,23280,TAMANDARÉ,2614857,55,55,20268,20268,15248,15977,240,489,21:03:58,1,0,230,4895,1,9800,150,152,0,5,0,14
pe,25992,TAQUARITINGA DO NORTE,2615003,69,69,22236,22236,18129,18944,312,503,20:53:16,3,2,406,8137,2,9132,197,234,0,5,2,9
pe,26018,TEREZINHA,2615102,22,22,6630,6630,5022,5302,80,200,20:53:49,0,0,89,898,1,3910,53,67,0,1,0,3
pe,26034,TERRA NOVA,2615201,33,33,8841,8841,7067,7274,80,127,20:07:48,1,0,131,634,1,6165,83,46,0,1,0,5
pe,26050,TIMBAÚBA,2615300,131,131,42020,42020,32096,33968,618,1254,20:11:35,7,5,714,9840,6,20430,494,540,1,12,3,44
pe,26077,TORITAMA,2615409,103,103,35207,35207,29107,30181,466,608,20:59:43,6,3,712,13043,6,14612,434,273,1,6,2,9
pe,26093,TRACUNHAÉM,2615508,34,34,12070,12070,9456,10037,216,365,20:11:35,1,6,196,2652,0,6394,94,105,0,0,1,7
pe,26115,TRINDADE,2615607,72,72,25102,25102,18100,18950,203,647,20:57:51,2,3,479,5094,4,12140,203,159,1,2,0,13
pe,26131,TRIUNFO,2615706,37,37,12186,12186,9607,10073,117,349,21:06:20,0,2,244,1636,2,7422,174,116,3,2,0,6
pe,26158,TUPANATINGA,2615805,57,57,16635,16635,12111,12921,158,652,21:33:53,0,3,224,2330,1,9268,124,144,1,2,5,9
pe,26174,TUPARETAMA,2615904,32,32,7990,7990,6303,6481,69,109,20:51:22,0,0,76,952,1,5171,38,63,0,0,0,2
pe,26190,VENTUROSA,2616001,40,40,14784,14784,11370,11906,166,370,20:57:51,0,0,176,2303,1,8562,192,123,0,1,1,11
pe,26212,VERDEJANTE,2616100,29,29,8411,8411,6519,6797,74,204,20:30:10,1,0,103,864,1,5392,53,102,0,1,0,2
pe,23086,VERTENTE DO LÉRIO,2616183,25,25,8292,8292,6505,6854,109,240,20:25:29,0,0,115,1394,0,4812,88,93,0,1,0,2
pe,26239,VERTENTES,2616209,50,50,16698,16698,13758,14408,221,429,20:54:13,10,0,312,4323,1,8792,155,154,0,4,0,7
pe,26255,VICÊNCIA,2616308,74,74,22237,22237,16533,17622,347,742,21:36:50,6,4,369,5046,2,10651,171,267,1,4,2,10
pe,26271,VITÓRIA DE SANTO ANTÃO,2616407,309,309,103948,103948,82586,87823,1998,3239,21:01:30,10,10,2240,32439,11,45410,1235,1112,4,19,7,89
pe,23060,XEXÉU,2616506,35,35,11213,11213,8074,8575,178,323,20:43:10,3,4,167,2137,0,5583,80,95,0,0,0,5
pe,23078,ÁGUA PRETA,2600401,64,64,20198,20198,14781,15647,349,517,20:58:12,3,1,224,3432,2,10808,164,139,1,0,0,7
pe,23094,ÁGUAS BELAS,2600500,109,109,35255,35255,24199,25568,345,1024,21:59:59,2,3,453,5239,3,17727,393,352,2,5,5,15
pi,12327,ACAUÃ,2200053,27,27,6390,6390,5443,5747,118,186,20:52:03,1,0,193,793,1,4315,78,54,2,4,0,2
pi,10014,AGRICOLÂNDIA,2200103,22,22,5547,5547,4325,4473,34,114,20:59:43,0,1,68,792,0,3373,42,44,0,1,0,4
pi,12319,ALAGOINHA DO PIAUÍ,2200251,26,26,6145,6145,5034,5327,70,223,20:42:50,1,0,99,1249,2,3537,58,80,0,6,1,1
pi,10022,ALEGRETE DO PIAUÍ,2200277,20,20,4534,4534,3511,3602,18,73,19:02:49,1,0,73,864,0,2512,37,24,0,0,0,0
pi,10057,ALTO LONGÁ,2200301,47,47,12857,12857,10756,11129,106,267,21:27:10,3,1,185,1876,1,8458,119,107,1,2,1,2
pi,10073,ALTOS,2200400,134,134,37002,37002,30516,31884,452,916,20:56:05,10,8,712,5950,2,23026,496,276,3,16,3,14
pi,12084,ALVORADA DO GURGUÉIA,2200459,18,18,4659,4659,3693,3822,22,107,19:29:37,2,1,75,824,1,2725,43,20,0,1,0,1
pi,10090,AMARANTE,2200509,69,69,16004,16004,12338,12811,125,348,21:10:30,2,3,142,1905,1,10090,136,46,0,7,1,5
pi,10111,ANGICAL DO PIAUÍ,2200608,30,30,6640,6640,5233,5444,50,161,19:14:09,1,0,84,1006,1,4025,85,25,0,4,0,2
pi,10154,ANTÔNIO ALMEIDA,2200806,14,14,3064,3064,2423,2499,24,52,19:10:39,0,0,33,837,0,1517,14,22,0,0,0,0
pi,10138,ANÍSIO DE ABREU,2200707,29,29,7166,7166,5853,6061,39,169,20:35:02,1,1,76,765,0,4957,24,29,0,0,0,0
pi,10170,AROAZES,2200905,22,22,5575,5575,4310,4487,40,137,19:20:56,0,0,42,735,1,3445,56,27,0,3,0,1
pi,12734,AROEIRAS DO ITAIM,2200954,17,17,4352,4352,3781,3928,34,113,19:22:11,0,0,50,682,1,2937,62,42,0,4,0,3
pi,10197,ARRAIAL,2201002,18,18,4367,4367,3526,3660,22,112,19:23:24,3,0,68,534,0,2858,37,25,0,0,0,1
pi,12106,ASSUNÇÃO DO PIAUÍ,2201051,32,32,7632,7632,5161,5432,70,201,20:59:43,1,2,107,725,0,4225,40,55,0,3,1,2
pi,10219,AVELINO LOPES,2201101,35,35,9563,9563,7205,7521,51,265,20:16:58,2,4,187,1751,1,5070,40,148,0,0,0,2
pi,10049,BAIXA GRANDE DO RIBEIRO,2201150,40,40,11444,11444,9282,9665,84,299,20:58:13,1,0,324,3764,1,4996,84,105,0,2,0,5
pi,10600,BARRA D'ALCÂNTARA,2201176,14,14,3576,3576,2699,2879,45,135,19:24:38,1,1,23,468,0,2172,21,12,0,0,0,1
pi,10235,BARRAS,2201200,140,140,38201,38201,29626,30941,444,871,21:42:10,6,7,628,6806,4,21523,353,272,2,4,5,16
pi,10251,BARREIRAS DO PIAUÍ,2201309,17,17,3633,3633,2534,2617,23,60,20:34:10,0,0,63,565,0,1816,19,71,0,0,0,0
pi,10278,BARRO DURO,2201408,25,25,6411,6411,5014,5132,49,69,18:48:43,0,1,78,1375,0,3441,55,61,0,2,0,1
pi,10294,BATALHA,2201507,83,83,22539,22539,16207,17104,262,635,21:47:21,2,2,303,4032,1,11524,183,139,2,8,2,9
pi,10626,BELA VISTA DO PIAUÍ,2201556,14,14,3462,3462,2917,3209,76,216,20:31:51,0,0,99,514,0,2195,61,47,0,0,0,1
pi,12335,BELÉM DO PIAUÍ,2201572,14,14,3328,3328,2849,2990,42,99,19:22:36,1,0,64,570,0,2161,33,17,1,0,2,0
pi,10316,BENEDITINOS,2201606,36,36,9612,9612,7658,7965,81,226,21:01:54,1,0,144,1172,1,6156,84,94,0,3,1,2
pi,10332,BERTOLÍNIA,2201705,23,23,4969,4969,3988,4153,38,127,20:14:31,0,0,107,1054,0,2718,59,49,0,1,0,0
pi,12122,BETÂNIA DO PIAUÍ,2201739,24,24,5865,5865,4858,5058,32,168,20:56:05,1,2,185,605,0,3969,45,51,0,0,0,0
pi,10669,BOA HORA,2201770,23,23,6884,6884,5351,5570,68,151,21:43:09,0,3,103,1055,0,4079,56,52,0,2,0,1
pi,10359,BOCAINA,2201804,23,23,5573,5573,4654,4788,52,82,19:17:22,1,0,82,890,3,3541,104,23,1,8,0,1
pi,10375,BOM JESUS,2201903,77,77,19900,19900,16107,16790,198,485,21:33:20,5,1,396,6023,4,9349,180,136,2,3,0,8
pi,10065,BOM PRINCÍPIO DO PIAUÍ,2201919,26,26,6778,6778,5471,5777,70,236,19:30:23,0,2,121,1365,0,3906,49,26,0,2,0,0
pi,10081,BONFIM DO PIAUÍ,2201929,21,21,4967,4967,4000,4167,35,132,19:17:22,1,0,42,344,0,3549,35,26,0,1,1,1
pi,12149,BOQUEIRÃO DO PIAUÍ,2201945,23,23,6086,6086,4590,4762,54,118,20:36:22,2,0,95,698,0,3701,61,29,1,1,0,2
pi,10006,BRASILEIRA,2201960,33,33,8739,8739,6436,6773,87,250,20:51:22,2,3,118,1122,0,5054,95,36,1,5,0,0
pi,10642,BREJO DO PIAUÍ,2201988,13,13,3894,3894,3035,3153,17,101,19:28:55,1,0,21,379,0,2605,18,10,0,0,0,1
pi,10391,BURITI DOS LOPES,2202000,71,71,17653,17653,14180,14865,216,469,20:44:00,2,6,342,3553,3,9990,167,107,1,3,1,5
pi,10103,BURITI DOS MONTES,2202026,30,30,6972,6972,5844,6022,62,116,20:59:24,2,1,73,917,3,4749,67,30,0,2,0,0
pi,10120,CABECEIRAS DO PIAUÍ,2202059,36,36,9837,9837,7403,7722,114,205,21:48:30,2,2,169,1060,0,6010,77,79,0,1,1,2
pi,12343,CAJAZEIRAS DO PIAUÍ,2202075,18,18,3662,3662,2795,2947,31,121,19:04:33,0,0,26,387,0,2349,18,12,0,2,0,1
pi,12572,CAJUEIRO DA PRAIA,2202083,31,31,7643,7643,6227,6466,90,149,20:11:52,9,1,118,1453,1,4555,56,24,1,4,1,4
pi,10146,CALDEIRÃO GRANDE DO PIAUÍ,2202091,21,21,5176,5176,4309,4430,46,75,18:48:44,0,1,149,786,0,3290,41,41,0,0,0,1
pi,10413,CAMPINAS DO PIAUÍ,2202109,23,23,5376,5376,4045,4237,43,149,21:54:10,0,2,40,429,0,3523,27,24,0,0,0,0
pi,12351,CAMPO ALEGRE DO FIDALGO,2202117,19,19,4536,4536,3792,3982,37,153,20:53:17,0,1,98,654,0,2978,36,21,0,2,0,2
pi,10723,CAMPO GRANDE DO PIAUÍ,2202133,23,23,5304,5304,4236,4465,56,173,19:11:21,0,1,88,571,1,3478,49,42,1,1,0,4
pi,10740,CAMPO LARGO DO PIAUÍ,2202174,23,23,5863,5863,4500,4699,59,140,19:24:39,1,0,46,1007,2,3349,58,35,0,1,0,1
pi,10430,CAMPO MAIOR,2202208,146,146,35864,35864,29058,30407,456,893,21:00:24,6,2,625,6975,5,20616,526,268,3,15,3,14
pi,10162,CANAVIEIRA,2202251,15,15,3447,3447,2630,2724,30,64,19:00:42,0,1,26,596,1,1968,10,25,0,1,0,2
pi,10456,CANTO DO BURITI,2202307,64,64,16253,16253,12002,12666,158,506,18:44:48,3,2,217,2803,4,8739,110,115,1,1,0,7
pi,10472,CAPITÃO DE CAMPOS,2202406,43,43,10509,10509,7956,8397,121,320,19:22:36,1,1,224,1419,0,6107,109,83,0,2,2,8
pi,10707,CAPITÃO GERVÁSIO OLIVEIRA,2202455,17,17,4054,4054,3336,3502,28,138,20:36:09,1,0,93,416,1,2776,32,15,0,1,0,1
pi,10499,CARACOL,2202505,36,36,8414,8414,6611,6917,69,237,20:14:31,1,1,98,1087,0,5324,45,52,1,1,0,1
pi,12670,CARAÚBAS DO PIAUÍ,2202539,22,22,5366,5366,4170,4442,50,222,20:52:03,1,1,108,1115,2,2861,44,32,0,4,0,2
pi,12165,CARIDADE DO PIAUÍ,2202554,19,19,5023,5023,4087,4249,41,121,19:11:21,0,0,117,617,0,3235,52,64,0,1,0,1
pi,10510,CASTELO DO PIAUÍ,2202604,75,75,16956,16956,12372,12983,191,420,20:56:53,1,4,265,3228,2,8570,193,101,0,4,0,4
pi,12688,CAXINGÓ,2202653,24,24,5777,5777,4720,4982,61,201,19:22:36,0,2,100,884,3,3632,66,33,0,0,0,0
pi,10537,COCAL,2202703,92,92,23420,23420,18538,19665,342,785,20:53:50,6,3,350,5217,2,12569,236,145,0,4,2,4
pi,12360,COCAL DE TELHA,2202711,18,18,4645,4645,3370,3589,63,156,20:46:20,0,0,66,485,2,2737,52,27,0,1,0,0
pi,12696,COCAL DOS ALVES,2202729,23,23,5586,5586,4341,4614,113,160,19:23:24,0,1,102,597,2,3550,42,47,0,0,0,0
pi,10189,COIVARAS,2202737,23,23,5672,5672,4853,5048,43,152,20:14:31,1,0,67,991,1,3652,71,66,0,1,0,3
pi,10200,COLÔNIA DO GURGUÉIA,2202752,20,20,5574,5574,4284,4441,33,124,20:11:36,0,0,51,960,0,3182,55,35,0,1,0,0
pi,10227,COLÔNIA DO PIAUÍ,2202778,28,28,6180,6180,4626,4803,37,140,21:30:30,0,0,53,669,0,3861,24,17,0,2,0,0
pi,10553,CONCEIÇÃO DO CANINDÉ,2202802,21,21,5002,5002,3967,4212,46,199,20:26:49,0,3,103,819,0,2949,37,50,0,5,0,1
pi,10243,CORONEL JOSÉ DIAS,2202851,24,24,5395,5395,4526,4679,48,105,20:02:02,0,0,54,588,1,3773,56,51,0,0,0,3
pi,10570,CORRENTE,2202901,87,87,21194,21194,16049,16843,201,593,20:41:11,2,3,394,4663,1,10577,126,279,0,1,0,3
pi,10596,CRISTALÂNDIA DO PIAUÍ,2203008,25,25,6237,6237,4681,4895,42,172,20:58:14,1,1,93,912,0,3580,27,63,0,2,1,1
pi,10618,CRISTINO CASTRO,2203107,33,33,8594,8594,6836,7113,71,206,20:50:24,2,2,106,1679,0,4894,107,42,0,1,1,2
pi,10634,CURIMATÁ,2203206,41,41,9386,9386,7351,7660,81,228,19:24:39,0,1,138,1968,0,5040,78,123,0,2,0,1
pi,10766,CURRAIS,2203230,25,25,6287,6287,5218,5394,38,138,21:08:21,0,0,118,1233,0,3786,47,34,0,0,0,0
pi,12181,CURRAL NOVO DO PIAUÍ,2203271,20,20,5409,5409,4496,4659,58,105,20:11:12,0,0,79,528,1,3797,66,24,0,1,0,0
pi,12580,CURRALINHOS,2203255,21,21,5297,5297,4398,4516,23,95,19:12:59,2,0,66,673,0,3589,38,26,1,2,0,1
pi,10650,DEMERVAL LOBÃO,2203305,53,53,13788,13788,11419,11883,159,305,20:41:11,1,2,202,2594,5,8346,171,87,0,4,1,6
pi,12297,DIRCEU ARCOVERDE,2203354,23,23,6674,6674,5389,5522,48,85,20:13:51,0,0,31,659,0,4615,53,29,0,0,0,2
pi,10677,DOM EXPEDITO LOPES,2203404,26,26,6542,6542,5533,5763,87,143,19:07:47,1,1,87,1136,2,4187,75,39,0,3,0,2
pi,10685,DOM INOCÊNCIO,2203453,32,32,7564,7564,6235,6465,45,185,23:04:42,1,1,155,852,0,5136,52,36,0,1,0,1
pi,11410,DOMINGOS MOURÃO,2203420,19,19,4268,4268,3319,3438,36,83,21:30:50,1,0,45,504,0,2707,33,25,0,2,1,1
pi,10693,ELESBÃO VELOSO,2203503,56,56,13416,13416,10178,10631,91,362,20:13:51,1,1,165,1712,2,8078,131,75,0,3,1,9
pi,10715,ELISEU MARTINS,2203602,22,22,4015,4015,2945,3090,43,102,18:33:45,0,2,50,573,0,2265,21,33,0,0,0,1
pi,10731,ESPERANTINA,2203701,121,121,32709,32709,24600,25807,438,769,20:07:49,3,4,415,6841,1,16844,300,174,1,8,3,6
pi,10260,FARTURA DO PIAUÍ,2203750,19,19,4753,4753,3857,3937,17,63,20:54:48,0,1,43,361,0,3403,18,30,0,1,0,0
pi,10758,FLORES DO PIAUÍ,2203800,19,19,4318,4318,3139,3286,29,118,18:55:37,5,0,38,586,0,2453,22,32,0,2,0,1
pi,12637,FLORESTA DO PIAUÍ,2203859,10,10,2599,2599,1948,2050,23,79,21:03:00,0,0,27,258,0,1606,25,28,0,0,0,4
pi,10774,FLORIANO,2203909,186,186,44933,44933,35341,36697,520,836,20:49:56,4,3,841,9154,3,24255,604,432,0,20,1,24
pi,10790,FRANCINÓPOLIS,2204006,19,19,4556,4556,3522,3676,37,117,19:04:12,0,3,28,418,0,3013,30,24,0,3,1,2
pi,10812,FRANCISCO AYRES,2204105,21,21,5168,5168,3860,4007,50,97,19:29:38,1,0,60,671,1,3009,56,60,1,1,0,0
pi,12378,FRANCISCO MACEDO,2204154,11,11,2841,2841,2330,2434,24,80,20:16:59,0,0,91,421,0,1794,10,10,0,4,0,0
pi,10839,FRANCISCO SANTOS,2204204,30,30,7087,7087,5640,5878,66,172,19:04:13,1,1,93,967,1,4396,133,41,0,2,1,4
pi,10855,FRONTEIRAS,2204303,39,39,9541,9541,7532,7833,92,209,19:16:39,1,0,135,1648,2,5572,108,62,1,3,0,0
pi,10782,GEMINIANO,2204352,25,25,6469,6469,5442,5688,70,176,20:57:51,1,1,78,905,1,4329,76,48,1,0,1,1
pi,10871,GILBUÉS,2204402,39,39,8660,8660,6706,6973,39,228,20:57:51,1,2,154,1432,0,4968,44,103,0,0,0,2
pi,10898,GUADALUPE,2204501,33,33,8682,8682,6143,6465,82,240,19:07:27,2,2,107,1419,3,4444,106,57,0,0,0,3
pi,10804,GUARIBAS,2204550,17,17,4478,4478,3360,3418,18,40,19:28:55,1,0,29,352,0,2943,20,13,0,0,1,1
pi,10910,HUGO NAPOLEÃO,2204600,15,15,4428,4428,3486,3623,49,88,19:22:12,0,0,44,806,1,2556,50,27,0,2,0,0
pi,10820,ILHA GRANDE,2204659,37,37,9354,9354,7512,7880,112,256,19:01:13,3,1,113,1475,0,5736,118,61,1,3,0,1
pi,10936,INHUMA,2204709,48,48,13109,13109,10132,10635,106,397,20:51:36,4,4,138,1757,0,7909,193,117,1,4,1,4
pi,10952,IPIRANGA DO PIAUÍ,2204808,32,32,7746,7746,6200,6491,90,201,21:03:20,1,1,99,916,1,5053,57,67,0,0,2,3
pi,10979,ISAÍAS COELHO,2204907,24,24,6463,6463,5088,5359,69,202,21:04:41,0,0,68,582,0,4360,34,43,0,0,0,1
pi,10995,ITAINÓPOLIS,2205003,40,40,9605,9605,7535,8010,109,366,20:36:22,1,1,90,1422,3,5887,85,40,1,3,0,2
pi,11010,ITAUEIRA,2205102,36,36,9279,9279,6847,7214,109,258,19:31:55,1,2,103,1583,1,5029,63,61,0,2,0,2
pi,10286,JACOBINA DO PIAUÍ,2205151,23,23,5231,5231,4474,4764,103,187,19:21:00,2,1,221,888,1,3262,53,43,0,0,0,3
pi,11037,JAICÓS,2205201,57,57,14188,14188,10272,10972,164,536,20:04:01,0,1,188,2034,2,7799,139,102,0,2,2,3
pi,10308,JARDIM DO MULATO,2205250,19,19,4530,4530,3710,3826,35,81,19:07:46,2,1,59,815,0,2752,38,39,1,2,0,1
pi,12394,JATOBÁ DO PIAUÍ,2205276,30,30,6898,6898,5687,5865,59,119,20:36:10,2,0,85,943,1,4558,62,30,0,5,0,1
pi,11053,JERUMENHA,2205300,22,22,4814,4814,3719,3865,42,104,20:22:11,0,0,41,803,0,2797,28,45,0,1,2,2
pi,11070,JOAQUIM PIRES,2205409,47,47,11817,11817,8978,9443,148,317,20:58:13,0,3,111,2315,2,6401,56,83,0,0,2,5
pi,12408,JOCA MARQUES,2205458,22,22,5603,5603,4448,4633,69,116,20:04:53,1,0,66,943,1,3383,29,22,0,0,0,3
pi,11096,JOSÉ DE FREITAS,2205508,130,130,35332,35332,29394,30485,351,740,21:34:12,14,0,638,4387,0,23802,336,198,1,6,2,10
pi,12386,JOÃO COSTA,2205359,16,16,3918,3918,3088,3228,36,104,20:55:44,1,0,52,524,0,2470,23,18,0,0,0,0
pi,12416,JUAZEIRO DO PIAUÍ,2205516,25,25,5440,5440,4486,4657,55,116,19:24:39,1,0,136,919,1,3306,84,36,1,1,0,1
pi,10847,JUREMA,2205532,21,21,5184,5184,4034,4210,30,146,20:50:24,0,0,67,573,0,3338,18,32,0,3,2,1
pi,12203,JÚLIO BORGES,2205524,22,22,5222,5222,3868,3986,32,86,20:57:51,0,1,68,515,0,3178,23,82,0,1,0,0
pi,10324,LAGOA ALEGRE,2205557,31,31,8599,8599,7193,7361,57,111,21:13:41,2,0,143,1041,1,5855,78,72,1,0,0,0
pi,10863,LAGOA DE SÃO FRANCISCO,2205573,24,24,6040,6040,4500,4702,65,137,19:31:55,1,0,91,931,0,3355,77,39,0,2,1,3
pi,10340,LAGOA DO BARRO DO PIAUÍ,2205565,20,20,4646,4646,3768,3978,74,136,21:22:49,2,1,77,627,0,3000,30,26,0,2,0,3
pi,12424,LAGOA DO PIAUÍ,2205581,18,18,5239,5239,4436,4580,44,100,20:21:50,2,0,104,1008,2,3226,50,39,1,3,0,1
pi,12220,LAGOA DO SÍTIO,2205599,19,19,4865,4865,3876,4056,35,145,21:21:20,0,2,35,617,2,3155,36,28,0,1,0,0
pi,12432,LAGOINHA DO PIAUÍ,2205540,12,12,3244,3244,2466,2559,40,53,19:29:39,2,1,42,499,1,1883,31,6,0,0,1,0
pi,11118,LANDRI SALES,2205607,23,23,5122,5122,3762,3957,41,154,20:14:16,0,0,47,808,1,2837,17,49,1,2,0,0
pi,11134,LUIS CORREIA,2205706,105,105,27367,27367,21466,22598,327,805,21:30:50,8,2,517,5200,2,15245,300,175,2,2,6,7
pi,11150,LUZILÂNDIA,2205805,77,77,20147,20147,15410,16157,235,512,20:11:52,8,2,226,3705,1,11189,160,96,0,6,5,12
pi,12440,MADEIRO,2205854,27,27,6714,6714,5006,5233,48,179,20:55:43,1,0,63,922,0,3945,36,32,1,4,0,2
pi,11177,MANOEL EMÍDIO,2205904,19,19,4913,4913,3933,4064,19,112,19:23:44,1,0,73,716,3,3075,35,29,0,0,0,1
pi,10367,MARCOLÂNDIA,2205953,32,32,8736,8736,7097,7491,94,300,20:14:31,0,3,284,2140,0,4537,78,51,1,2,1,0
pi,11193,MARCOS PARENTE,2206001,16,16,4326,4326,3380,3486,37,69,19:07:03,5,1,56,972,3,2279,24,40,0,0,0,0
pi,12467,MASSAPÊ DO PIAUÍ,2206050,27,27,6452,6452,4629,5046,84,333,20:56:04,1,0,90,591,2,3825,59,59,0,0,1,1
pi,11215,MATIAS OLÍMPIO,2206100,38,38,9161,9161,6812,7146,120,214,20:04:53,1,0,98,1663,0,4920,80,45,0,2,0,3
pi,11231,MIGUEL ALVES,2206209,105,105,27719,27719,20450,21307,212,645,20:52:52,1,3,417,3438,2,16281,173,124,0,3,2,6
pi,11258,MIGUEL LEÃO,2206308,7,7,1890,1890,1562,1630,7,61,19:20:59,0,0,17,514,0,1001,20,8,0,0,0,2
pi,12246,MILTON BRANDÃO,2206357,28,28,7087,7087,5069,5317,68,180,21:26:50,0,0,66,1569,3,3324,58,44,0,1,0,4
pi,11274,MONSENHOR GIL,2206407,41,41,10476,10476,8627,8916,105,184,20:53:50,0,0,178,1698,2,6557,110,74,1,3,2,2
pi,11290,MONSENHOR HIPÓLITO,2206506,27,27,7493,7493,6110,6358,65,183,21:01:54,0,1,97,995,1,4911,78,24,0,1,1,1
pi,11312,MONTE ALEGRE DO PIAUÍ,2206605,40,40,9415,9415,7195,7407,37,175,21:00:24,1,1,134,1386,0,5533,50,84,0,0,0,6
pi,10880,MORRO CABEÇA NO TEMPO,2206654,18,18,4202,4202,3209,3383,15,159,20:07:49,0,2,60,540,0,2551,19,35,0,1,0,1
pi,12459,MORRO DO CHAPÉU DO PIAUÍ,2206670,22,22,5871,5871,4505,4718,69,144,21:13:51,1,1,49,825,0,3554,43,28,0,2,2,0
pi,12475,MURICI DOS PORTELAS,2206696,24,24,6070,6070,4651,4921,58,212,20:30:51,2,1,114,877,2,3539,53,60,0,1,1,1
pi,11339,NAZARÉ DO PIAUÍ,2206704,31,31,6697,6697,5196,5398,41,161,19:08:12,0,2,78,623,1,4398,43,49,0,1,0,1
pi,12726,NAZÁRIA,2206720,45,45,11555,11555,9537,9827,77,213,19:20:59,0,1,188,1919,2,7259,81,79,0,4,0,4
pi,10928,NOSSA SENHORA DE NAZARÉ,2206753,24,24,6117,6117,5123,5254,43,88,20:10:30,1,1,86,669,3,4250,70,38,0,3,0,2
pi,11355,NOSSA SENHORA DOS REMÉDIOS,2206803,30,30,8627,8627,6868,7157,89,200,20:54:48,1,1,100,1551,1,5088,72,48,0,4,0,2
pi,10960,NOVA SANTA RITA,2207959,17,17,4142,4142,3419,3529,28,82,19:11:21,1,0,71,424,1,2847,32,43,0,0,0,0
pi,11371,NOVO ORIENTE DO PIAUÍ,2206902,23,23,5158,5158,4004,4185,47,134,21:03:41,1,5,81,539,1,3316,38,22,1,0,0,0
pi,10901,NOVO SANTO ANTÔNIO,2206951,19,19,4732,4732,3877,3979,39,63,19:12:43,1,0,65,549,0,3169,53,39,1,0,0,0
pi,11398,OEIRAS,2207009,131,131,31021,31021,24335,25419,324,760,21:10:41,5,5,299,5135,2,18390,267,202,4,11,2,13
pi,12483,OLHO D'ÁGUA DO PIAUÍ,2207108,10,10,2708,2708,2177,2224,13,34,19:13:47,1,1,22,396,0,1711,23,20,1,2,0,0
pi,11436,PADRE MARCOS,2207207,24,24,6038,6038,4735,4980,67,178,20:15:50,0,1,50,844,0,3749,41,48,0,1,0,1
pi,11452,PAES LANDIM,2207306,15,15,4499,4499,3365,3538,35,138,20:48:29,0,1,42,866,0,2407,25,24,0,0,0,0
pi,12262,PAJEÚ DO PIAUÍ,2207355,13,13,3407,3407,2556,2672,24,92,20:14:16,0,0,46,489,0,1992,13,16,0,0,0,0
pi,11479,PALMEIRA DO PIAUÍ,2207405,19,19,4922,4922,3953,4131,52,126,18:37:16,0,0,148,1233,1,2492,42,37,0,0,0,0
pi,11495,PALMEIRAIS,2207504,52,52,13336,13336,10661,10972,65,246,20:49:56,0,1,140,1639,5,8728,68,76,0,1,1,2
pi,10944,PAQUETÁ,2207553,18,18,4173,4173,3595,3672,13,64,19:24:39,0,0,50,603,0,2884,46,9,0,1,0,2
pi,11517,PARNAGUÁ,2207603,32,32,7624,7624,5771,5984,41,172,20:07:50,3,2,90,1147,0,4413,43,70,0,1,1,1
pi,11533,PARNAÍBA,2207702,435,435,118423,118423,95945,99922,1475,2502,21:33:00,24,17,2634,31881,19,58315,2005,886,9,67,15,73
pi,10405,PASSAGEM FRANCA DO PIAUÍ,2207751,15,15,4164,4164,2998,3080,26,56,20:58:14,0,0,46,729,0,2169,34,19,0,0,0,1
pi,10383,PATOS DO PIAUÍ,2207777,24,24,5568,5568,4294,4613,68,251,18:43:15,0,0,67,638,0,3479,38,71,0,0,1,0
pi,12718,PAU D'ARCO DO PIAUÍ,2207793,21,21,5401,5401,4534,4711,48,129,21:34:30,2,1,98,814,0,3500,62,48,0,6,1,2
pi,11550,PAULISTANA,2207801,67,67,17052,17052,13611,14440,174,655,23:36:12,1,4,323,2641,4,10282,219,126,0,3,1,7
pi,12289,PAVUSSU,2207850,15,15,3909,3909,2994,3098,23,81,20:32:30,0,0,19,393,2,2522,19,39,0,0,0,0
pi,11576,PEDRO II,2207900,133,133,35312,35312,25886,27067,350,831,21:50:30,10,3,540,6395,4,18322,420,169,0,7,1,15
pi,12491,PEDRO LAURENTINO,2207934,13,13,3276,3276,2651,2786,31,104,19:00:42,0,0,32,635,1,1935,27,20,0,0,0,1
pi,11592,PICOS,2208007,231,231,54212,54212,45412,47307,554,1341,22:39:37,6,5,865,11917,12,31334,900,316,3,13,3,38
pi,11614,PIMENTEIRAS,2208106,42,42,9384,9384,7174,7543,69,300,20:50:24,1,1,104,1377,1,5552,81,50,0,0,0,7
pi,11630,PIO IX,2208205,57,57,15109,15109,12091,12707,163,453,20:46:31,1,1,215,2050,0,9583,125,102,0,7,3,4
pi,11657,PIRACURUCA,2208304,100,100,25821,25821,20013,21022,287,722,20:11:52,5,4,452,5216,7,13792,386,127,0,5,4,15
pi,11673,PIRIPIRI,2208403,212,212,53170,53170,38542,40721,825,1354,20:45:31,12,6,874,10092,3,26574,642,299,1,19,4,16
pi,11690,PORTO,2208502,34,34,10000,10000,7525,7825,86,214,20:32:11,3,0,76,2049,1,5256,83,52,0,3,1,1
pi,12599,PORTO ALEGRE DO PIAUÍ,2208551,8,8,2106,2106,1647,1749,10,92,19:25:45,1,1,23,456,0,1138,15,13,0,0,0,0
pi,11711,PRATA DO PIAUÍ,2208601,13,13,3706,3706,2907,3003,18,78,18:46:33,1,0,28,422,0,2402,23,30,0,1,0,0
pi,10421,QUEIMADA NOVA,2208650,28,28,7227,7227,5392,5996,122,482,20:59:44,0,1,190,1115,1,3958,69,56,0,0,0,2
pi,11738,REDENÇÃO DO GURGUÉIA,2208700,28,28,7001,7001,5492,5712,46,174,20:13:52,1,1,107,1634,0,3652,31,63,0,1,1,1
pi,11754,REGENERAÇÃO,2208809,61,61,14520,14520,10856,11336,108,372,20:14:15,0,4,101,1635,1,8908,116,85,0,2,0,4
pi,12300,RIACHO FRIO,2208858,19,19,4492,4492,3546,3657,11,100,21:01:31,2,0,48,491,0,2936,25,44,0,0,0,0
pi,12602,RIBEIRA DO PIAUÍ,2208874,16,16,3891,3891,3031,3168,22,115,21:00:46,0,2,55,498,0,2426,19,31,0,0,0,0
pi,11770,RIBEIRO GONÇALVES,2208908,22,22,5577,5577,4435,4608,31,142,21:00:24,0,0,137,1277,0,2910,58,52,0,0,0,1
pi,11797,RIO GRANDE DO PIAUÍ,2209005,23,23,5426,5426,4224,4400,37,139,19:20:57,1,0,37,705,0,3407,23,49,1,1,0,0
pi,11819,SANTA CRUZ DO PIAUÍ,2209104,26,26,5902,5902,4985,5192,41,166,18:31:53,1,0,43,845,2,4000,63,29,0,1,0,1
pi,10448,SANTA CRUZ DOS MILAGRES,2209153,14,14,3971,3971,3193,3258,22,43,20:07:49,0,0,73,598,0,2465,25,31,0,0,0,1
pi,11835,SANTA FILOMENA,2209203,23,23,5554,5554,4335,4505,39,131,20:07:49,1,1,135,1327,1,2782,27,57,0,2,2,0
pi,11851,SANTA LUZ,2209302,20,20,5273,5273,4328,4515,58,129,20:30:51,0,0,78,1309,0,2874,43,24,0,0,0,0
pi,10464,SANTA ROSA DO PIAUÍ,2209377,21,21,4981,4981,3709,3873,41,123,19:22:12,0,0,47,817,1,2769,45,26,0,1,1,2
pi,10480,SANTANA DO PIAUÍ,2209351,18,18,4214,4214,3498,3644,23,123,21:00:46,0,1,45,519,0,2859,49,22,0,0,0,3
pi,11878,SANTO ANTÔNIO DE LISBOA,2209401,24,24,6371,6371,5230,5471,70,171,20:13:04,2,0,57,1202,1,3867,60,38,1,2,0,0
pi,12653,SANTO ANTÔNIO DOS MILAGRES,2209450,8,8,1955,1955,1568,1627,16,43,19:08:39,0,0,13,297,0,1236,12,8,1,0,0,1
pi,11894,SANTO INÁCIO DO PIAUÍ,2209500,15,15,3644,3644,3011,3092,14,67,18:43:16,0,0,25,524,0,2407,32,23,0,0,0,0
pi,12041,SEBASTIÃO BARROS,2210623,20,20,4633,4633,3673,3817,21,123,19:14:09,0,0,80,934,0,2554,17,87,0,0,0,1
pi,12068,SEBASTIÃO LEAL,2210631,16,16,4234,4234,3611,3751,46,94,20:58:33,0,1,55,1419,1,2090,24,20,0,1,0,0
pi,10545,SIGEFREDO PACHECO,2210656,38,38,9278,9278,7745,8022,89,188,20:49:32,0,0,218,1382,0,6007,92,42,0,1,0,3
pi,12157,SIMPLÍCIO MENDES,2210805,43,43,10329,10329,8418,8787,96,273,20:13:52,1,2,177,1542,1,6487,114,87,0,0,0,7
pi,12130,SIMÕES,2210706,52,52,12484,12484,9700,10230,107,423,19:08:39,1,1,183,1755,0,7549,112,96,0,1,0,2
pi,12173,SOCORRO DO PIAUÍ,2210904,16,16,4300,4300,3285,3412,29,98,21:42:18,1,0,67,604,2,2548,25,30,0,2,0,6
pi,12513,SUSSUAPARA,2210938,25,25,6735,6735,5624,5887,73,190,19:20:58,0,0,111,995,0,4388,92,33,1,1,0,3
pi,10502,SÃO BRAZ DO PIAUÍ,2209559,17,17,4155,4155,3353,3470,31,86,19:03:12,1,0,48,318,0,2923,27,33,1,0,0,2
pi,12505,SÃO FRANCISCO DE ASSIS DO PIAUÍ,2209658,21,21,4780,4780,3853,4178,45,280,20:26:49,0,2,313,958,1,2515,28,28,0,2,0,6
pi,11932,SÃO FRANCISCO DO PIAUÍ,2209708,27,27,6210,6210,4468,4757,61,228,20:10:30,0,0,62,1261,0,3051,59,34,0,1,0,0
pi,11916,SÃO FÉLIX DO PIAUÍ,2209609,15,15,3968,3968,3163,3265,33,69,19:00:13,1,1,58,809,1,2210,33,49,0,0,0,1
pi,12610,SÃO GONÇALO DO GURGUÉIA,2209757,12,12,2882,2882,2190,2270,11,69,20:55:43,1,0,60,522,0,1579,12,15,0,1,0,0
pi,11959,SÃO GONÇALO DO PIAUÍ,2209807,21,21,5172,5172,4183,4340,49,108,19:00:42,0,0,76,1080,0,2937,56,28,1,2,1,2
pi,10529,SÃO JOSÉ DO DIVINO,2210052,21,21,5071,5071,4087,4314,53,174,22:00:31,0,0,147,733,0,3106,69,30,0,0,0,2
pi,12017,SÃO JOSÉ DO PEIXE,2210102,15,15,3371,3371,2428,2557,41,88,20:44:20,0,0,21,469,0,1893,17,26,1,1,0,0
pi,12033,SÃO JOSÉ DO PIAUÍ,2210201,27,27,6004,6004,4663,4862,66,133,19:10:39,0,0,59,711,2,3825,44,21,0,0,1,0
pi,11088,SÃO JOÃO DA CANABRAVA,2209856,19,19,4502,4502,3611,3705,38,56,19:09:48,1,1,56,466,0,3026,44,14,0,1,0,2
pi,12009,SÃO JOÃO DA FRONTEIRA,2209872,21,21,5375,5375,4157,4414,54,203,19:17:22,0,0,118,957,0,3006,35,37,0,1,2,1
pi,11975,SÃO JOÃO DA SERRA,2209906,28,28,6905,6905,5485,5700,71,144,20:59:43,2,0,111,1112,0,4113,61,78,0,3,0,5
pi,12025,SÃO JOÃO DA VARJOTA,2209955,19,19,4131,4131,3313,3423,28,82,20:11:36,0,0,23,467,0,2780,17,24,0,2,0,0
pi,10987,SÃO JOÃO DO ARRAIAL,2209971,33,33,7625,7625,6043,6324,65,216,19:21:00,1,1,26,1834,1,4112,40,26,0,1,0,1
pi,11991,SÃO JOÃO DO PIAUÍ,2210003,61,61,15077,15077,11944,12525,139,442,21:05:40,2,3,240,2474,5,8975,164,68,3,6,2,2
pi,12050,SÃO JULIÃO,2210300,23,23,5605,5605,4631,4737,25,81,18:45:11,0,1,99,962,0,3497,37,32,0,0,1,2
pi,10561,SÃO LOURENÇO DO PIAUÍ,2210359,18,18,4860,4860,3939,4123,48,136,20:52:03,2,0,56,480,0,3309,46,43,0,1,0,2
pi,12629,SÃO LUIS DO PIAUÍ,2210375,13,13,3574,3574,2765,2858,36,57,20:15:30,1,1,71,470,0,2170,42,9,1,0,0,0
pi,12661,SÃO MIGUEL DA BAIXA GRANDE,2210383,11,11,2835,2835,2189,2250,22,39,20:56:04,1,0,63,607,0,1473,25,19,1,0,0,0
pi,12700,SÃO MIGUEL DO FIDALGO,2210391,13,13,3027,3027,2314,2379,19,46,20:14:31,0,0,13,341,0,1933,16,7,0,3,0,1
pi,12076,SÃO MIGUEL DO TAPUIO,2210409,67,67,15612,15612,11180,11742,131,431,20:05:05,1,0,134,1941,2,8834,143,118,0,4,1,2
pi,12092,SÃO PEDRO DO PIAUÍ,2210508,46,46,11541,11541,9178,9599,129,292,21:36:20,0,0,174,2176,3,6649,117,55,0,2,1,1
pi,12114,SÃO RAIMUNDO NONATO,2210607,106,106,27458,27458,22535,23339,251,553,20:51:22,2,4,311,4275,10,17439,292,188,0,8,3,3
pi,12530,TAMBORIL DO PIAUÍ,2210953,10,10,2989,2989,2344,2464,19,101,20:51:22,0,0,70,438,0,1804,22,10,0,0,0,0
pi,12521,TANQUE DO PIAUÍ,2210979,12,12,2725,2725,2160,2300,26,114,20:47:40,0,0,59,369,0,1664,34,34,0,0,0,0
pi,12190,TERESINA,2211001,1843,1843,592974,592974,484190,504328,7401,12737,21:09:37,188,65,15152,152350,197,296190,11415,7238,65,569,59,702
pi,12211,UNIÃO,2211100,154,154,38750,38750,31253,32726,419,1054,22:02:41,5,4,517,6896,8,23153,334,313,2,9,3,9
pi,12238,URUÇUÍ,2211209,73,73,18909,18909,15251,15880,178,451,20:59:43,2,2,426,5337,1,9150,189,133,0,1,0,10
pi,12254,VALENÇA DO PIAUÍ,2211308,67,67,17671,17671,13911,14632,210,511,21:01:54,2,3,185,2933,0,10447,221,101,4,9,0,6
pi,12556,VERA MENDES,2211506,14,14,3670,3670,2808,3021,53,160,21:00:46,0,0,81,406,1,2270,20,28,0,0,0,2
pi,12548,VILA NOVA DO PIAUÍ,2211605,12,12,3001,3001,2580,2694,15,99,20:34:10,1,0,93,526,0,1886,40,33,0,0,0,1
pi,10588,VÁRZEA BRANCA,2211357,19,19,4694,4694,3779,3945,30,136,20:59:24,0,2,38,455,0,3211,32,39,0,0,0,2
pi,12270,VÁRZEA GRANDE,2211407,21,21,4174,4174,3017,3243,45,181,19:16:12,1,1,47,616,1,2281,39,29,0,1,0,1
pi,12564,WALL FERRAZ,2211704,17,17,4305,4305,3691,3828,20,117,20:07:49,1,2,57,731,0,2839,28,32,0,1,0,0
pi,10030,ÁGUA BRANCA,2200202,58,58,15858,15858,12754,13203,132,317,19:20:57,2,1,203,3820,1,8457,188,74,0,2,0,6
rj,58017,ANGRA DOS REIS,3300100,443,443,137071,137071,101009,105351,1918,2424,21:00:45,30,22,2479,62802,34,31859,2048,1461,13,71,26,164
rj,58181,APERIBÉ,3300159,35,35,10135,10135,7972,8277,116,189,19:17:20,2,1,152,4917,2,2646,105,127,2,5,3,10
rj,58033,ARARUAMA,3300209,325,325,111370,111370,82197,86031,1655,2179,20:52:44,38,20,1933,53415,25,23451,1605,1483,13,98,11,105
rj,58220,AREAL,3300225,33,33,10270,10270,7843,8231,157,231,19:04:46,0,1,252,4555,4,2663,133,197,0,9,3,26
rj,58408,ARMAÇÃO DOS BÚZIOS,3300233,111,111,36236,36236,27336,28170,384,450,19:20:57,5,9,730,17294,6,8225,614,376,4,23,4,46
rj,59277,ARRAIAL DO CABO,3300258,111,111,35242,35242,26435,27352,418,499,19:20:56,9,6,771,15959,4,8652,574,387,2,37,2,32
rj,58050,BARRA DO PIRAÍ,3300308,260,260,69309,69309,50432,52804,1115,1257,20:13:02,35,12,1451,24526,19,21967,1010,1201,6,69,17,119
rj,58076,BARRA MANSA,3300407,452,452,133855,133855,99984,105213,2232,2997,19:20:58,59,21,2878,52367,46,39813,2303,2091,8,126,10,262
rj,58041,BELFORD ROXO,3300456,1008,1008,346172,346172,252683,267145,6212,8250,20:49:32,92,93,5874,144676,82,91783,4880,4462,31,350,37,323
rj,58092,BOM JARDIM,3300506,74,74,22628,22628,16798,17795,363,634,19:14:09,2,3,445,9554,4,5896,369,475,1,12,3,34
rj,58114,BOM JESUS DO ITABAPOANA,3300605,98,98,28472,28472,21804,22578,308,466,20:42:20,3,2,486,12229,2,8216,366,437,1,20,5,37
rj,58130,CABO FRIO,3300704,530,530,179682,179682,131974,137352,2238,3140,21:02:11,60,35,3603,83213,47,39944,2613,2018,21,197,31,192
rj,58157,CACHOEIRAS DE MACACU,3300803,150,150,46722,46722,34871,36497,709,917,20:29:18,12,12,786,20791,6,11917,582,665,2,35,5,58
rj,58173,CAMBUCI,3300902,44,44,12296,12296,9620,9936,120,196,20:37:30,4,5,138,4932,1,4249,112,168,0,2,1,8
rj,58190,CAMPOS DOS GOYTACAZES,3301009,1190,1190,370466,370466,272164,290458,7954,10340,20:59:43,139,103,7900,160859,63,91105,4913,6170,42,340,44,486
rj,58211,CANTAGALO,3301108,64,64,15148,15148,11611,12210,215,384,19:24:40,2,3,263,6198,5,4618,200,283,2,9,1,27
rj,58300,CARAPEBUS,3300936,42,42,13468,13468,10589,10972,171,212,19:09:45,1,3,251,6124,1,3896,159,141,0,8,2,3
rj,58068,CARDOSO MOREIRA,3301157,49,49,12616,12616,9689,10038,142,207,18:34:55,2,2,194,6014,0,3073,168,217,3,4,1,11
rj,58238,CARMO,3301207,54,54,14237,14237,11260,11760,141,359,19:10:59,3,3,322,5468,1,4920,211,306,0,11,0,15
rj,58254,CASIMIRO DE ABREU,3301306,117,117,35993,35993,26758,27742,391,593,19:30:39,9,7,607,17595,7,7582,466,416,1,24,1,43
rj,58165,COMENDADOR LEVY GASPARIAN,3300951,30,30,8033,8033,6539,6820,125,156,20:14:14,3,1,191,2713,0,3289,137,172,0,6,0,27
rj,58270,CONCEIÇÃO DE MACABU,3301405,78,78,16681,16681,12864,13501,289,348,20:39:29,3,4,364,5959,1,6013,205,289,1,9,2,14
rj,58297,CORDEIRO,3301504,61,61,16926,16926,13491,14174,244,439,19:02:29,3,0,437,7210,1,5304,237,248,1,12,3,35
rj,58319,DUAS BARRAS,3301603,34,34,10314,10314,7810,8229,142,277,19:24:39,1,1,197,3919,0,3249,134,271,2,6,2,28
rj,58335,DUQUE DE CAXIAS,3301702,1975,1975,634694,634694,491446,520622,11784,17392,21:01:31,259,133,12012,274289,212,183125,10367,9479,52,741,90,687
rj,58351,ENGENHEIRO PAULO DE FRONTIN,3301801,42,42,11116,11116,8813,9203,148,242,21:16:21,10,4,257,4502,4,3652,171,185,1,4,5,18
rj,58106,GUAPIMIRIM,3301850,145,145,44941,44941,33772,35197,673,752,20:59:22,9,16,897,19835,17,11616,681,588,9,55,4,45
rj,58262,IGUABA GRANDE,3301876,95,95,30569,30569,23873,24735,377,485,18:43:14,11,7,606,15517,4,6773,455,399,8,41,4,48
rj,58378,ITABORAÍ,3301900,540,540,177920,177920,130817,137637,3203,3617,21:23:10,56,41,3373,71796,36,49680,2729,2742,17,133,24,190
rj,58394,ITAGUAÍ,3302007,313,313,100542,100542,75327,78836,1646,1863,20:10:32,38,18,2146,44965,21,24715,1725,1451,6,94,14,134
rj,59293,ITALVA,3302056,52,52,11648,11648,8847,9165,131,187,18:37:25,3,0,159,5937,3,2457,113,151,0,5,1,18
rj,58416,ITAOCARA,3302106,77,77,19120,19120,14929,15625,275,421,18:37:14,4,1,307,9761,1,4313,196,321,0,8,0,17
rj,58432,ITAPERUNA,3302205,250,250,76037,76037,56272,58153,886,995,19:16:37,15,21,1062,35918,21,17011,892,1159,3,55,5,110
rj,58440,ITATIAIA,3302254,88,88,26584,26584,20064,20766,334,368,21:00:24,7,2,545,11270,7,7164,505,483,4,20,5,52
rj,58149,JAPERI,3302270,244,244,76652,76652,56740,59933,1466,1727,19:20:58,35,22,1451,30840,12,22217,970,1024,7,72,11,79
rj,58459,LAJE DO MURIAÉ,3302304,25,25,6944,6944,5354,5593,83,156,19:15:08,6,3,108,2210,1,2843,41,127,2,5,2,6
rj,58475,MACAÉ,3302403,559,559,186241,186241,138026,144452,3075,3351,21:33:40,55,39,4480,71870,59,55742,2948,2243,18,242,15,315
rj,58386,MACUCO,3302452,27,27,7132,7132,5811,6062,100,151,18:37:15,1,0,140,2946,1,2504,70,140,1,0,0,8
rj,58491,MAGÉ,3302502,621,621,192902,192902,147580,155240,3496,4164,20:51:22,86,53,3869,85481,27,51814,2849,2958,18,191,18,216
rj,58513,MANGARATIBA,3302601,139,139,46501,46501,32940,34080,487,653,19:04:13,11,7,682,20418,3,10613,599,521,4,26,4,52
rj,58530,MARICÁ,3302700,521,521,185609,185609,138874,144516,2414,3228,21:29:28,42,34,3567,69193,42,59972,3120,2383,12,260,19,230
rj,58556,MENDES,3302809,56,56,14878,14878,11313,11878,220,345,17:51:32,3,0,280,5529,3,4966,241,241,2,13,4,31
rj,58467,MESQUITA,3302858,410,410,136302,136302,101497,106290,2094,2699,20:36:10,49,27,2444,58774,46,36083,2051,1738,13,124,8,140
rj,58572,MIGUEL PEREIRA,3302908,77,77,24781,24781,18462,19231,307,462,19:04:32,4,1,462,10499,4,6675,371,382,5,18,6,35
rj,58599,MIRACEMA,3303005,79,79,21056,21056,16273,17130,338,519,19:04:32,3,8,318,7380,0,7909,253,367,3,7,2,23
rj,58610,NATIVIDADE,3303104,43,43,12453,12453,9217,9709,169,323,19:10:59,5,1,258,4648,1,3856,194,226,4,11,1,12
rj,58637,NILÓPOLIS,3303203,428,428,128648,128648,96014,100545,1877,2654,20:56:16,39,23,2341,54213,57,35389,1936,1652,19,176,27,142
rj,58653,NITERÓI,3303302,1327,1327,412252,412252,318715,331432,5106,7611,21:00:45,123,103,8218,139309,200,154098,7859,6877,104,483,61,1280
rj,58670,NOVA FRIBURGO,3303401,525,525,155366,155366,113416,120112,2522,4174,20:59:22,41,58,3982,63538,44,39479,2963,2813,22,131,28,317
rj,58696,NOVA IGUAÇU,3303500,1830,1830,614931,614931,449880,477139,11543,15716,20:59:22,181,128,11239,267454,149,151528,9582,8070,61,652,86,750
rj,58718,PARACAMBI,3303609,105,105,33690,33690,25163,26463,569,731,19:24:40,18,6,708,13601,9,9799,499,431,2,30,1,59
rj,58750,PARATY,3303807,113,113,35461,35461,26025,26975,423,527,22:05:20,13,4,671,15758,9,8622,499,376,4,31,4,34
rj,58734,PARAÍBA DO SUL,3303708,121,121,34304,34304,25397,26694,570,727,19:23:23,8,5,741,13407,6,9988,488,627,2,42,4,79
rj,59315,PATY DO ALFERES,3303856,78,78,24302,24302,18460,19033,272,301,19:23:44,7,6,460,11511,0,5718,291,411,2,18,5,31
rj,58777,PETRÓPOLIS,3303906,804,804,239569,239569,171415,181654,4373,5866,20:14:14,109,65,6711,95783,75,57572,4978,5028,31,310,34,719
rj,58246,PINHEIRAL,3303955,56,56,18820,18820,14234,14774,251,289,20:07:48,10,3,429,6497,3,6639,330,277,2,15,3,26
rj,58793,PIRAÍ,3304003,78,78,23699,23699,17510,18342,348,484,20:10:33,11,3,453,8680,3,7529,353,416,2,23,2,35
rj,58815,PORCIÚNCULA,3304102,50,50,13293,13293,9854,10352,164,334,19:22:12,2,2,207,4476,4,4729,146,262,1,2,2,21
rj,58327,PORTO REAL,3304110,57,57,17925,17925,14278,14828,212,338,19:25:43,7,6,409,8172,8,5071,294,273,2,11,1,24
rj,58025,QUATIS,3304128,35,35,10505,10505,8405,8746,157,184,20:10:32,3,1,198,4272,3,3560,150,183,0,4,0,31
rj,58122,QUEIMADOS,3304144,326,326,104602,104602,82800,86949,1876,2273,21:38:29,33,26,2411,45795,26,30676,1926,1577,11,131,22,166
rj,58009,QUISSAMÃ,3304151,62,62,19085,19085,14478,15070,282,310,19:28:54,7,3,393,7550,6,6028,189,273,1,13,0,15
rj,58831,RESENDE,3304201,309,309,98020,98020,72277,75536,1507,1752,20:55:26,25,26,2206,43226,31,22536,1781,2087,12,104,14,229
rj,58858,RIO BONITO,3304300,145,145,45412,45412,34809,36336,665,862,20:11:11,17,10,876,21566,15,10836,634,771,4,27,3,50
rj,58874,RIO CLARO,3304409,50,50,14700,14700,11438,11979,215,326,19:28:54,4,2,304,5372,1,5215,239,277,1,4,0,19
rj,58890,RIO DAS FLORES,3304508,28,28,8711,8711,6622,6898,104,172,19:28:54,4,0,122,2476,0,3781,84,133,2,3,1,16
rj,58203,RIO DAS OSTRAS,3304524,316,316,107737,107737,79765,82940,1232,1943,20:56:16,32,19,2501,48383,37,25447,1897,1136,12,117,18,166
rj,60011,RIO DE JANEIRO,3304557,12635,12635,4952612,4952612,3471874,3658898,73440,113584,21:49:00,1545,1128,90700,1662354,1903,1524517,88676,82424,945,6435,893,10354
rj,58912,SANTA MARIA MADALENA,3304607,33,33,8846,8846,6623,7002,127,252,20:53:27,1,4,178,3277,3,2847,105,190,0,7,0,11
rj,58939,SANTO ANTÔNIO DE PÁDUA,3304706,120,120,33702,33702,24689,25788,417,682,20:10:32,14,9,461,14849,9,8371,327,587,5,12,5,40
rj,59072,SAPUCAIA,3305406,57,57,15786,15786,12023,12569,229,317,20:12:41,3,7,206,6814,2,4495,178,277,0,7,2,32
rj,59099,SAQUAREMA,3305505,283,283,92059,92059,68647,71981,1341,1993,20:49:57,16,25,1572,44175,23,20288,1280,1059,16,84,12,97
rj,58424,SEROPÉDICA,3305554,190,190,60965,60965,45259,47439,988,1192,20:53:50,29,16,1183,26529,11,15730,829,818,6,51,5,52
rj,59110,SILVA JARDIM,3305604,61,61,18674,18674,14279,14909,249,381,20:11:51,8,2,353,8932,5,4450,209,290,0,7,3,20
rj,59137,SUMIDOURO,3305703,53,53,14193,14193,11360,11828,229,239,19:12:43,1,3,191,7366,1,3345,175,252,0,6,2,18
rj,58955,SÃO FIDÉLIS,3304805,111,111,30178,30178,22803,23697,354,540,20:11:51,5,5,473,14248,3,7229,374,417,0,16,2,31
rj,58289,SÃO FRANCISCO DE ITABAPOANA,3304755,139,139,39905,39905,28320,29553,571,662,21:01:52,10,7,513,18882,5,8000,334,530,1,10,0,28
rj,58971,SÃO GONÇALO,3304904,2019,2019,653184,653184,472652,499941,10938,16351,21:26:48,206,136,12679,247529,180,190984,10184,9204,66,631,99,754
rj,58343,SÃO JOSÉ DE UBÁ,3305133,24,24,7636,7636,5857,6085,77,151,20:55:26,2,0,92,3697,2,1881,66,102,0,4,0,11
rj,59331,SÃO JOSÉ DO VALE DO RIO PRETO,3305158,60,60,16230,16230,12440,12969,260,269,19:07:02,2,3,347,9219,1,2314,244,252,1,9,2,46
rj,58998,SÃO JOÃO DA BARRA,3305000,137,137,43094,43094,33002,34890,851,1037,20:54:17,17,7,1148,19786,4,10656,518,788,0,28,4,46
rj,59013,SÃO JOÃO DE MERITI,3305109,1090,1090,340128,340128,261261,276761,6306,9194,20:29:17,107,80,6156,147563,82,96017,5210,5202,37,367,61,379
rj,59030,SÃO PEDRO DA ALDEIA,3305208,244,244,74913,74913,56298,58503,993,1212,20:13:02,24,16,1449,38306,9,14421,1042,855,4,77,7,88
rj,59056,SÃO SEBASTIÃO DO ALTO,3305307,28,28,7793,7793,5721,6027,96,210,20:53:26,0,4,74,3248,1,2181,48,157,1,1,0,6
rj,58360,TANGUÁ,3305752,79,79,26468,26468,20342,21225,438,445,19:30:39,6,5,500,11510,6,7530,296,444,1,14,4,26
rj,59153,TERESÓPOLIS,3305802,422,422,133712,133712,98065,103299,2213,3021,21:20:29,40,20,3114,61584,37,28112,2470,2306,7,101,14,260
rj,59170,TRAJANO DE MORAES,3305901,34,34,9269,9269,7110,7465,104,251,20:11:11,1,1,175,3561,0,3122,76,165,2,4,0,3
rj,59196,TRÊS RIOS,3306008,215,215,62480,62480,46423,48890,1232,1235,20:10:33,18,9,1503,21385,17,20997,1004,1255,8,69,8,150
rj,59218,VALENÇA,3306107,196,196,56821,56821,39883,41924,889,1152,19:29:39,22,10,1157,16207,13,20463,778,1088,2,43,8,92
rj,58084,VARRE-SAI,3306156,28,28,8788,8788,6736,7061,123,202,19:11:45,3,4,119,4219,2,2102,96,173,1,4,0,13
rj,59234,VASSOURAS,3306206,98,98,29259,29259,22140,23203,497,566,20:10:32,7,6,601,11112,3,9316,452,551,4,38,5,45
rj,59250,VOLTA REDONDA,3306305,705,705,221957,221957,164958,172409,3284,4167,19:29:39,72,41,4746,82586,105,69383,4069,3139,44,226,22,525
rn,16012,ACARI,2400109,29,29,9368,9368,7120,7529,117,292,18:17:55,1,2,212,2438,0,4256,129,72,0,5,0,5
rn,16055,AFONSO BEZERRA,2400307,33,33,10537,10537,8125,8455,101,229,20:58:32,1,0,202,2322,0,5434,115,45,0,1,0,5
rn,16098,ALEXANDRIA,2400505,41,41,11804,11804,9094,9452,77,281,20:55:25,0,2,158,1673,1,7130,89,35,1,3,0,2
rn,16110,ALMINO AFONSO,2400604,21,21,5166,5166,4169,4339,66,104,18:23:29,2,0,66,759,3,3274,45,13,0,2,0,5
rn,16136,ALTO DO RODRIGUES,2400703,39,39,12062,12062,9181,9578,113,284,19:30:37,1,1,239,1811,0,6898,171,55,0,1,0,4
rn,16152,ANGICOS,2400802,31,31,10219,10219,8057,8396,95,244,20:07:46,1,1,195,2434,0,5255,102,58,1,1,1,8
rn,16179,ANTÔNIO MARTINS,2400901,23,23,5912,5912,4751,5027,59,217,18:37:14,0,0,84,796,3,3807,34,26,0,0,0,1
rn,16195,APODI,2401008,91,91,30219,30219,24663,25821,418,740,20:42:19,3,1,699,5839,3,17301,613,179,2,12,3,8
rn,16217,AREIA BRANCA,2401107,75,75,22037,22037,16542,17534,323,669,20:24:18,5,5,477,5319,1,10235,410,67,1,14,3,5
rn,16233,AREZ,2401206,36,36,11506,11506,8714,9277,196,367,20:15:36,1,0,194,2899,0,5474,96,40,1,2,1,6
rn,16039,ASSÚ,2400208,133,133,45551,45551,35339,36943,578,1026,22:03:10,4,5,889,9376,14,24169,628,224,4,9,3,14
rn,30031,BARAÚNA,2401453,63,63,22038,22038,17394,18151,271,486,21:00:42,2,0,530,5833,3,10688,259,68,2,2,1,6
rn,16292,BARCELONA,2401503,14,14,4679,4679,3709,3877,36,132,19:20:56,0,1,80,1433,0,2122,38,32,0,2,1,0
rn,16276,BAÍA FORMOSA,2401404,24,24,7404,7404,5651,5906,91,164,19:11:43,4,0,126,2045,0,3331,87,55,0,3,0,0
rn,16314,BENTO FERNANDES,2401602,19,19,4926,4926,3989,4148,44,115,21:00:42,0,1,110,927,1,2902,22,26,0,0,0,0
rn,17035,BOA SAÚDE,2405306,25,25,8062,8062,6177,6566,88,301,19:20:56,1,2,188,2199,3,3665,66,50,2,1,0,0
rn,16101,BODÓ,2401651,11,11,3784,3784,2805,2941,43,93,19:23:34,0,0,57,602,0,2094,29,20,0,3,0,0
rn,16330,BOM JESUS,2401701,30,30,9083,9083,7162,7478,93,223,19:20:55,1,0,196,2466,2,4354,84,56,0,1,0,2
rn,16357,BREJINHO,2401800,30,30,10102,10102,7529,7966,140,297,19:13:59,0,2,194,2424,0,4750,77,79,0,0,0,3
rn,16390,CAICÓ,2402006,137,137,45036,45036,36284,37929,605,1040,21:00:21,12,7,1199,12738,10,21376,551,336,1,21,2,31
rn,16047,CAIÇARA DO NORTE,2401859,18,18,5551,5551,4216,4403,61,126,19:09:25,0,1,112,1470,1,2536,75,19,0,1,1,0
rn,16373,CAIÇARA DO RIO DO VENTO,2401909,13,13,4196,4196,3381,3513,29,103,19:32:14,0,0,99,1023,0,2208,28,22,0,1,0,0
rn,16250,CAMPO GRANDE,2401305,32,32,8816,8816,6898,7228,119,211,19:30:37,1,5,154,2022,2,4590,90,33,0,1,0,0
rn,16411,CAMPO REDONDO,2402105,26,26,8619,8619,6692,7012,109,211,19:25:19,0,2,106,1330,1,5150,68,32,0,1,0,2
rn,16438,CANGUARETAMA,2402204,88,88,24690,24690,19158,19967,272,537,19:16:13,3,1,455,4971,1,13380,256,83,0,3,1,4
rn,16454,CARAÚBAS,2402303,63,63,18980,18980,15076,15808,305,427,20:52:01,2,3,364,3295,0,11048,249,103,0,6,0,6
rn,16497,CARNAUBAIS,2402501,27,27,8684,8684,6760,7098,99,239,20:07:45,1,2,185,1637,2,4791,110,27,0,1,1,3
rn,16470,CARNAÚBA DOS DANTAS,2402402,17,17,6324,6324,4933,5287,121,233,19:29:38,2,1,362,2061,0,2382,90,24,0,3,1,7
rn,16519,CEARÁ-MIRIM,2402600,201,201,60280,60280,47119,49504,865,1520,20:51:51,7,5,1177,12957,16,31895,659,364,2,8,3,26
rn,16535,CERRO CORÁ,2402709,29,29,9720,9720,7136,7528,91,301,19:23:22,2,2,209,1660,1,5130,79,51,1,0,0,1
rn,16551,CORONEL EZEQUIEL,2402808,16,16,4902,4902,3832,4022,50,140,18:27:06,2,2,102,1021,2,2630,41,28,0,0,1,3
rn,16578,CORONEL JOÃO PESSOA,2402907,15,15,4073,4073,3158,3334,37,139,19:29:37,0,0,60,568,0,2430,66,31,0,0,0,3
rn,16594,CRUZETA,2403004,21,21,6955,6955,5398,5714,119,197,19:07:24,0,5,180,1479,0,3654,50,30,0,0,0,0
rn,16616,CURRAIS NOVOS,2403103,109,109,32922,32922,25175,26529,491,863,19:17:20,6,2,791,8808,6,14921,380,222,4,17,1,17
rn,16632,DOUTOR SEVERIANO,2403202,24,24,6326,6326,5045,5216,47,124,20:10:30,4,1,128,758,0,4046,82,24,0,1,1,0
rn,16659,ENCANTO,2403301,15,15,5141,5141,4029,4192,32,131,19:20:56,0,1,51,759,1,3137,66,12,1,0,0,1
rn,16675,EQUADOR,2403400,16,16,4769,4769,3763,3979,60,156,19:24:40,1,1,122,1097,0,2470,48,22,0,1,0,1
rn,16691,ESPÍRITO SANTO,2403509,25,25,7961,7961,6035,6380,109,236,20:49:31,0,2,112,2483,5,3306,90,33,2,0,1,1
rn,16713,EXTREMOZ,2403608,116,116,39504,39504,31333,32688,477,878,22:04:08,6,4,938,13692,15,15787,606,254,2,12,1,16
rn,16730,FELIPE GUERRA,2403707,20,20,7070,7070,5774,6018,91,153,20:22:27,0,1,109,1091,0,4477,82,13,0,0,0,1
rn,16144,FERNANDO PEDROZA,2403756,12,12,3409,3409,2717,2859,34,108,18:54:39,0,0,41,871,0,1763,20,16,0,5,0,1
rn,16756,FLORÂNIA,2403806,29,29,8397,8397,6588,6868,63,217,19:16:12,2,0,193,1722,2,4517,71,76,1,1,0,3
rn,16772,FRANCISCO DANTAS,2403905,13,13,2868,2868,2350,2441,15,76,17:51:34,0,0,61,486,1,1754,30,14,0,2,0,2
rn,17515,FRUTUOSO GOMES,2404002,14,14,4173,4173,3416,3514,42,56,19:13:59,0,1,57,608,0,2677,51,20,0,2,0,0
rn,16799,GALINHOS,2404101,10,10,2858,2858,2253,2326,28,45,20:59:21,0,0,78,1089,0,1041,30,10,1,3,0,1
rn,16810,GOIANINHA,2404200,70,70,22264,22264,17335,18347,350,662,20:59:21,3,6,431,6322,1,10212,205,143,1,4,1,6
rn,16837,GOVERNADOR DIX-SEPT ROSADO,2404309,39,39,12132,12132,9450,10041,199,392,19:12:42,2,1,220,2133,1,6889,153,45,1,2,2,1
rn,16853,GROSSOS,2404408,31,31,9557,9557,7783,8214,176,255,20:56:15,1,1,241,2484,0,4909,107,36,0,2,0,2
rn,16870,GUAMARÉ,2404507,45,45,15625,15625,11559,12066,161,346,20:27:07,2,2,451,3479,1,7385,156,74,1,2,2,4
rn,16896,IELMO MARINHO,2404606,40,40,11530,11530,9419,9754,125,210,21:00:21,0,0,324,2811,2,6124,92,64,0,1,0,1
rn,16918,IPANGUAÇU,2404705,39,39,12911,12911,10080,10415,113,222,20:33:38,3,0,172,2301,1,7437,130,28,0,0,1,7
rn,16934,IPUEIRA,2404804,7,7,2185,2185,1790,1833,12,31,19:16:13,0,0,44,441,0,1276,16,13,0,0,0,0
rn,16080,ITAJÁ,2404853,21,21,7286,7286,5775,5974,80,119,20:38:18,0,1,108,1693,0,3859,75,37,1,0,0,1
rn,16950,ITAÚ,2404903,16,16,5189,5189,4101,4284,47,136,18:57:35,0,0,102,976,2,2930,67,24,0,0,0,0
rn,16993,JANDAÍRA,2405108,19,19,6396,6396,5104,5326,57,165,20:52:01,2,0,126,1514,0,3384,51,23,0,0,1,3
rn,17019,JANDUÍS,2405207,17,17,4474,4474,3594,3726,49,83,18:27:06,0,1,51,778,1,2715,37,9,0,1,0,1
rn,17051,JAPI,2405405,17,17,5746,5746,4528,4714,43,143,20:11:50,0,2,76,859,0,3530,32,27,0,0,0,2
rn,17078,JARDIM DE ANGICOS,2405504,13,13,3156,3156,2601,2695,28,66,21:01:52,0,0,99,587,2,1865,27,18,0,1,1,1
rn,17094,JARDIM DE PIRANHAS,2405603,35,35,11100,11100,9178,9520,118,224,19:30:18,2,0,198,1680,3,7115,143,32,0,1,0,4
rn,17116,JARDIM DO SERIDÓ,2405702,34,34,10316,10316,8145,8745,209,391,18:19:23,1,0,318,2599,1,5010,137,68,1,5,0,5
rn,16977,JAÇANÃ,2405009,20,20,6324,6324,4992,5247,69,186,19:20:57,0,1,115,1293,6,3488,45,42,0,1,0,1
rn,17175,JOSÉ DA PENHA,2406007,17,17,5251,5251,4079,4264,56,129,19:04:12,0,1,55,627,0,3329,32,29,2,1,2,1
rn,17132,JOÃO CÂMARA,2405801,93,93,27705,27705,22029,23010,330,651,21:01:52,4,2,621,6155,3,14852,263,111,1,4,1,12
rn,17159,JOÃO DIAS,2405900,10,10,3082,3082,2270,2385,26,89,19:17:20,0,3,44,494,1,1689,28,9,0,2,0,0
rn,17191,JUCURUTU,2406106,59,59,15421,15421,12385,12932,155,392,19:12:56,1,6,310,3261,0,8585,156,59,0,1,2,4
rn,16306,JUNDIÁ,2406155,15,15,4775,4775,3724,3925,59,142,20:11:34,0,1,120,1282,2,2251,35,32,0,0,0,1
rn,17230,LAGOA D'ANTA,2406205,19,19,6393,6393,4908,5114,52,154,19:29:38,1,0,82,1160,0,3586,54,20,2,2,0,1
rn,17256,LAGOA DE PEDRAS,2406304,23,23,7693,7693,6034,6377,99,244,20:11:34,1,0,160,1589,3,4148,82,48,1,0,0,2
rn,17272,LAGOA DE VELHOS,2406403,11,11,3314,3314,2636,2756,33,87,19:22:35,1,1,82,834,1,1665,35,16,0,1,0,0
rn,17299,LAGOA NOVA,2406502,45,45,12875,12875,9613,10120,186,321,18:42:07,1,2,249,2666,4,6509,119,60,0,1,0,2
rn,17310,LAGOA SALGADA,2406601,29,29,9613,9613,7207,7726,156,363,20:23:18,1,4,139,2255,3,4669,82,47,2,2,0,3
rn,17337,LAJES,2406700,29,29,9481,9481,7303,7586,72,211,20:26:00,2,2,189,1935,0,5008,109,48,0,8,0,2
rn,17353,LAJES PINTADAS,2406809,19,19,5230,5230,4172,4363,67,124,18:17:55,1,1,76,1331,2,2695,43,22,0,0,0,1
rn,17370,LUCRÉCIA,2406908,12,12,3467,3467,2926,3004,22,56,18:38:44,0,1,41,567,0,2252,50,14,0,1,0,0
rn,17396,LUÍS GOMES,2407005,27,27,7360,7360,5348,5642,70,224,18:42:07,1,2,52,807,0,4426,45,14,0,0,1,0
rn,17434,MACAU,2407203,78,78,22534,22534,16971,17691,273,447,19:29:58,3,2,431,3551,6,12556,329,79,1,6,0,7
rn,17418,MACAÍBA,2407104,172,172,54350,54350,42758,45104,753,1593,21:49:58,14,3,1277,14839,5,25616,587,371,3,22,2,19
rn,16160,MAJOR SALES,2407252,10,10,3212,3212,2486,2595,24,85,20:53:48,0,1,56,438,0,1944,31,14,1,1,0,0
rn,17450,MARCELINO VIEIRA,2407302,22,22,7032,7032,5661,5916,64,191,19:29:38,0,0,68,942,0,4576,58,15,0,0,0,2
rn,17477,MARTINS,2407401,25,25,7611,7611,5971,6200,56,173,20:13:50,0,0,110,1436,1,4300,81,38,0,3,0,2
rn,17493,MAXARANGUAPE,2407500,32,32,10437,10437,8148,8502,131,223,22:00:08,0,1,231,2810,0,4958,72,65,0,6,0,5
rn,17213,MESSIAS TARGINO,2407609,18,18,4715,4715,3833,4006,50,123,18:57:34,0,0,75,1099,0,2586,56,16,0,1,0,0
rn,17531,MONTANHAS,2407708,35,35,9623,9623,7303,7708,121,284,18:31:54,0,3,180,1797,0,5215,60,43,0,3,1,1
rn,17558,MONTE ALEGRE,2407807,58,58,17267,17267,13399,14120,236,485,20:57:49,1,1,369,5043,3,7772,108,93,1,6,1,1
rn,17574,MONTE DAS GAMELEIRAS,2407906,10,10,3052,3052,2464,2577,28,85,19:25:41,0,0,66,875,1,1480,29,11,0,1,0,1
rn,17590,MOSSORÓ,2408003,564,564,188013,188013,150164,157998,2930,4904,20:55:01,29,20,4986,54321,46,85507,4004,1022,12,111,18,88
rn,17612,NATAL,2408102,1477,1477,573148,573148,436377,455580,6708,12495,21:04:37,131,76,13267,192739,226,213790,9578,5253,69,510,57,681
rn,17655,NOVA CRUZ,2408300,97,97,27948,27948,21272,22467,410,785,19:11:18,1,4,484,7238,2,13168,244,112,3,4,1,11
rn,17639,NÍSIA FLORESTA,2408201,74,74,23401,23401,18629,19541,316,596,20:56:52,5,0,493,7562,3,10173,245,137,0,8,0,3
rn,17671,OLHO D'ÁGUA DO BORGES,2408409,18,18,4689,4689,3611,3796,63,122,18:54:39,0,0,83,851,0,2605,48,19,0,3,0,2
rn,17698,OURO BRANCO,2408508,14,14,4580,4580,3568,3758,64,126,18:43:15,0,1,103,975,1,2406,55,24,1,2,0,0
rn,17710,PARANÁ,2408607,14,14,4235,4235,3242,3359,28,89,18:44:44,1,0,32,461,0,2700,30,17,0,1,0,0
rn,17752,PARAZINHO,2408805,17,17,5532,5532,4352,4536,46,138,19:20:58,0,1,81,1337,0,2871,41,20,0,0,0,1
rn,17736,PARAÚ,2408706,19,19,4339,4339,3439,3629,53,137,18:19:00,2,2,103,963,0,2319,37,9,0,1,0,3
rn,17779,PARELHAS,2408904,57,57,17461,17461,13645,14687,365,677,18:59:07,4,0,821,5159,2,7308,250,83,3,7,2,6
rn,17795,PARNAMIRIM,2403251,427,427,147649,147649,116543,121719,1905,3271,20:24:18,44,10,3739,59345,50,49084,2720,1240,7,134,14,156
rn,17817,PASSA E FICA,2409100,31,31,10054,10054,7782,8239,144,313,20:42:19,0,1,212,2928,3,4469,102,54,1,7,1,4
rn,17833,PASSAGEM,2409209,13,13,4547,4547,3640,3823,56,127,19:17:19,2,0,112,1377,0,2090,27,27,0,5,0,0
rn,17850,PATU,2409308,29,29,9946,9946,7962,8310,97,251,20:19:47,0,0,185,2113,0,5488,125,40,0,4,0,7
rn,17876,PAU DOS FERROS,2409407,72,72,21145,21145,16855,17558,237,466,20:13:50,2,1,271,4466,1,11673,315,106,3,5,2,10
rn,17892,PEDRA GRANDE,2409506,15,15,4340,4340,3276,3388,30,82,19:24:40,1,0,100,832,1,2292,28,21,0,0,0,1
rn,17914,PEDRA PRETA,2409605,10,10,3295,3295,2634,2725,19,72,19:24:41,0,0,58,833,0,1692,30,18,0,0,0,3
rn,17930,PEDRO AVELINO,2409704,22,22,6554,6554,4734,4964,58,172,19:11:43,0,3,96,1312,0,3214,71,33,0,2,0,3
rn,17957,PEDRO VELHO,2409803,43,43,11914,11914,9249,9725,137,339,19:29:38,2,0,183,2551,1,6346,104,55,0,2,1,4
rn,17973,PENDÊNCIAS,2409902,38,38,10931,10931,8244,8578,109,225,19:23:22,2,0,154,1752,2,6152,127,47,0,5,1,2
rn,17990,PILÕES,2410009,12,12,3577,3577,2812,2889,26,51,19:08:12,1,0,27,406,0,2330,31,16,0,0,0,1
rn,18031,PORTALEGRE,2410207,20,20,6896,6896,5290,5581,101,190,20:49:31,0,1,113,1768,0,3291,59,46,0,3,0,9
rn,16284,PORTO DO MANGUE,2410256,16,16,5103,5103,4010,4172,50,112,21:44:48,0,0,124,823,1,2980,71,10,1,0,0,0
rn,18015,POÇO BRANCO,2410108,43,43,11674,11674,9133,9584,146,305,20:04:51,1,1,195,1756,1,7013,109,47,0,5,2,3
rn,18074,PUREZA,2410405,30,30,8502,8502,6676,7046,116,254,19:23:33,1,1,131,1690,1,4754,66,31,0,0,0,1
rn,18090,RAFAEL FERNANDES,2410504,15,15,4933,4933,3910,4098,60,128,20:14:28,0,0,53,744,1,3032,69,9,1,0,0,1
rn,18937,RAFAEL GODEIRO,2410603,11,11,3667,3667,2937,3017,28,52,18:49:58,0,0,26,1268,1,1594,35,8,1,3,0,1
rn,18112,RIACHO DA CRUZ,2410702,9,9,2759,2759,2278,2364,24,62,20:33:31,0,1,29,499,0,1712,22,15,0,0,0,0
rn,18139,RIACHO DE SANTANA,2410801,11,11,3843,3843,3020,3165,26,119,20:55:01,0,1,59,470,0,2436,36,17,0,1,0,0
rn,18155,RIACHUELO,2410900,21,21,6909,6909,5566,5765,45,154,20:50:59,0,0,93,1781,0,3609,45,33,0,3,0,2
rn,16268,RIO DO FOGO,2408953,37,37,10982,10982,8749,9097,139,209,20:50:59,1,2,206,3468,0,4901,114,47,0,5,1,4
rn,18171,RODOLFO FERNANDES,2411007,16,16,4641,4641,3731,3868,32,105,18:55:34,0,1,81,1095,0,2488,50,13,0,1,0,2
rn,18198,RUY BARBOSA,2411106,13,13,4188,4188,3252,3372,32,88,20:42:20,0,0,55,1503,1,1637,38,17,0,0,0,1
rn,18236,SANTA CRUZ,2411205,87,87,27658,27658,21722,22761,359,680,19:22:35,0,4,482,6826,8,13899,326,148,1,13,0,15
rn,16241,SANTA MARIA,2409332,16,16,5115,5115,4001,4180,54,125,19:23:22,1,1,122,1314,0,2502,32,24,1,1,0,3
rn,18279,SANTANA DO MATOS,2411403,38,38,11151,11151,8575,9003,141,287,20:56:32,3,1,203,1849,2,6393,61,57,0,2,2,2
rn,18252,SANTANA DO SERIDÓ,2411429,11,11,2635,2635,2111,2264,58,95,19:10:37,0,1,139,645,0,1264,39,20,2,1,0,0
rn,18295,SANTO ANTÔNIO,2411502,57,57,19114,19114,14579,15376,213,584,20:56:15,2,3,291,4051,1,9964,169,89,1,2,0,6
rn,18597,SENADOR ELÓI DE SOUZA,2413102,17,17,5748,5748,4526,4750,58,166,19:20:58,0,1,85,1253,2,3126,37,20,0,1,1,0
rn,18619,SENADOR GEORGINO AVELINO,2413201,12,12,3761,3761,2870,3048,62,116,19:13:59,0,0,79,1018,1,1717,37,13,1,3,0,1
rn,18058,SERRA CAIADA,2410306,25,25,9065,9065,6999,7327,96,232,20:14:12,0,0,131,2083,2,4688,57,36,0,0,2,0
rn,18635,SERRA DE SÃO BENTO,2413300,18,18,6185,6185,4807,5046,55,184,19:24:40,2,0,109,1546,1,3082,47,18,1,0,1,0
rn,16020,SERRA DO MEL,2413359,45,45,13225,13225,10919,11383,191,273,20:56:52,0,0,345,4006,2,6263,248,45,0,2,2,6
rn,18651,SERRA NEGRA DO NORTE,2413409,22,22,6262,6262,4872,5138,86,180,20:33:38,0,1,102,1988,1,2691,58,28,1,0,0,2
rn,18678,SERRINHA,2413508,21,21,7068,7068,5441,5784,92,251,19:29:37,0,1,158,1625,0,3563,46,45,0,0,1,2
rn,16209,SERRINHA DOS PINTOS,2413557,15,15,4196,4196,3390,3563,60,113,19:07:00,1,3,60,651,0,2625,29,19,0,2,0,0
rn,18694,SEVERIANO MELO,2413607,27,27,6813,6813,5434,5668,75,159,18:44:44,1,1,109,1182,1,4033,66,38,0,1,1,1
rn,18317,SÃO BENTO DO NORTE,2411601,13,13,4259,4259,3224,3343,37,82,20:45:57,0,1,114,889,0,2152,42,22,0,1,0,3
rn,18333,SÃO BENTO DO TRAIRÍ,2411700,12,12,4458,4458,3339,3528,42,147,19:25:20,0,0,82,879,0,2312,31,32,0,0,0,3
rn,18350,SÃO FERNANDO,2411809,12,12,3720,3720,3058,3203,26,119,19:08:11,1,1,84,874,1,2021,52,23,0,0,0,1
rn,18210,SÃO FRANCISCO DO OESTE,2411908,12,12,4098,4098,3146,3288,53,89,18:44:24,0,0,78,710,1,2283,51,21,0,0,1,1
rn,18376,SÃO GONÇALO DO AMARANTE,2412005,239,239,77509,77509,62004,64963,978,1981,20:58:04,17,8,1984,24704,22,33449,1091,615,6,43,11,54
rn,18414,SÃO JOSÉ DE MIPIBU,2412203,112,112,35789,35789,27360,28897,505,1032,20:50:40,5,5,757,10291,3,15658,401,204,3,16,0,17
rn,18430,SÃO JOSÉ DO CAMPESTRE,2412302,32,32,10539,10539,8136,8582,157,289,19:11:19,2,2,151,2474,0,5388,75,38,2,3,0,1
rn,18457,SÃO JOSÉ DO SERIDÓ,2412401,13,13,4515,4515,3680,3880,74,126,19:24:41,0,2,159,949,0,2481,49,36,0,1,0,3
rn,18392,SÃO JOÃO DO SABUGI,2412104,18,18,5309,5309,4319,4473,55,99,20:56:15,0,0,100,1130,0,2979,54,48,1,2,1,4
rn,18473,SÃO MIGUEL,2412500,64,64,19466,19466,14253,15239,331,655,20:52:01,1,3,314,3195,1,10398,238,88,1,6,2,6
rn,16063,SÃO MIGUEL DO GOSTOSO,2412559,32,32,9651,9651,7639,8009,95,275,21:01:52,1,2,229,2645,0,4631,76,37,1,2,0,15
rn,18490,SÃO PAULO DO POTENGI,2412609,44,44,14677,14677,11401,11967,209,357,21:01:52,1,3,305,5020,3,5861,126,72,0,5,1,4
rn,18511,SÃO PEDRO,2412708,21,21,6475,6475,5106,5343,78,159,18:58:28,0,0,142,1510,0,3375,40,32,2,1,0,4
rn,18538,SÃO RAFAEL,2412807,24,24,7520,7520,5836,6146,86,224,19:11:43,0,0,151,1628,0,3929,94,31,0,1,1,1
rn,18554,SÃO TOMÉ,2412906,27,27,9587,9587,7170,7448,72,206,19:29:38,0,1,127,3127,1,3817,52,39,0,5,1,0
rn,18570,SÃO VICENTE,2413003,20,20,5396,5396,4284,4514,57,173,19:16:13,1,0,128,1190,2,2882,57,21,0,2,0,1
rn,18716,SÍTIO NOVO,2413706,16,16,5162,5162,4034,4232,60,138,18:55:35,0,0,88,865,0,3015,39,25,0,1,0,1
rn,18732,TABOLEIRO GRANDE,2413805,10,10,2762,2762,2171,2252,33,48,17:41:12,0,0,61,518,1,1547,31,10,0,0,0,3
rn,18759,TAIPU,2413904,38,38,10547,10547,8394,8837,168,275,19:24:41,0,2,218,1829,0,6177,105,61,0,1,0,1
rn,18775,TANGARÁ,2414001,39,39,12583,12583,9141,9689,183,365,18:43:16,1,0,221,3172,0,5529,141,68,0,5,1,3
rn,18791,TENENTE ANANIAS,2414100,27,27,8205,8205,6648,6853,48,157,22:07:48,0,1,103,2132,0,4324,61,23,0,2,1,1
rn,16004,TENENTE LAURENTINO CRUZ,2414159,16,16,5580,5580,4374,4592,48,170,20:18:47,0,0,133,1260,0,2896,66,17,1,0,0,1
rn,16225,TIBAU,2411056,26,26,9238,9238,6710,7020,118,192,20:10:31,1,3,199,2514,1,3855,95,36,0,3,1,2
rn,18813,TIBAU DO SUL,2414209,42,42,13651,13651,10564,11057,186,307,22:51:30,1,2,208,4010,1,6133,126,61,0,9,0,13
rn,18830,TIMBAÚBA DOS BATISTAS,2414308,9,9,2748,2748,2277,2366,27,62,18:47:44,2,0,54,718,1,1457,23,20,0,1,1,0
rn,18856,TOUROS,2414407,92,92,28142,28142,22304,23389,313,772,22:05:20,3,2,548,8127,5,13200,256,149,0,6,4,4
rn,16128,TRIUNFO POTIGUAR,2414456,17,17,4239,4239,3453,3603,43,107,18:33:56,0,1,98,1115,0,2190,31,18,0,0,0,0
rn,18872,UMARIZAL,2414506,31,31,8842,8842,6993,7355,92,270,18:59:27,0,2,132,1466,1,5267,93,24,1,1,0,6
rn,18899,UPANEMA,2414605,38,38,12260,12260,9639,10132,153,340,20:50:59,1,1,195,3690,2,5509,154,80,1,3,0,3
rn,16187,VENHA-VER,2414753,12,12,3918,3918,2873,3007,34,100,20:33:38,0,3,51,531,2,2222,42,18,0,0,3,1
rn,18953,VERA CRUZ,2414803,33,33,11417,11417,8820,9318,182,316,20:45:57,1,1,244,2811,3,5595,77,77,0,3,1,7
rn,18996,VILA FLOR,2415008,10,10,3254,3254,2548,2708,55,105,18:44:24,0,0,53,704,0,1758,25,8,0,0,0,0
rn,18970,VIÇOSA,2414902,6,6,1958,1958,1488,1564,18,58,19:07:01,0,1,23,357,0,1080,20,6,0,0,0,1
rn,18910,VÁRZEA,2414704,26,26,5584,5584,4531,4731,55,145,19:29:37,0,0,103,1594,0,2759,48,26,0,0,0,1
rn,16071,ÁGUA NOVA,2400406,11,11,3009,3009,2401,2531,26,104,18:28:22,0,0,60,408,0,1870,42,19,0,1,0,1
rs,88986,ACEGUÁ,4300034,12,12,3982,3982,2928,3035,68,39,19:21:10,0,0,64,1787,0,929,49,94,0,0,0,5
rs,85014,AGUDO,4300109,48,48,12534,12534,10183,10697,333,181,20:58:54,1,1,269,6409,1,2876,290,320,0,2,0,14
rs,85030,AJURICABA,4300208,21,21,5799,5799,4825,4948,49,74,19:15:19,1,0,102,3312,0,1178,83,129,0,4,0,16
rs,85057,ALECRIM,4300307,26,26,5602,5602,4531,4697,70,96,18:30:23,1,0,112,2331,0,1806,82,187,0,1,0,11
rs,85073,ALEGRETE,4300406,194,194,55756,55756,39265,40720,804,651,20:02:12,4,16,1046,18692,7,17259,803,1339,2,23,4,70
rs,85545,ALEGRIA,4300455,14,14,3209,3209,2557,2656,53,46,19:07:24,0,1,38,1421,0,987,25,80,0,1,0,4
rs,89001,ALMIRANTE TAMANDARÉ DO SUL,4300471,8,8,1979,1979,1636,1679,18,25,18:44:31,0,0,42,1084,0,409,40,57,0,2,0,2
rs,85090,ALPESTRE,4300505,22,22,6272,6272,4750,4976,160,66,18:29:17,1,0,64,2778,0,1734,69,100,0,0,0,4
rs,84808,ALTO ALEGRE,4300554,6,6,1850,1850,1503,1555,31,21,18:30:22,0,2,63,881,0,488,38,30,1,0,0,0
rs,86282,ALTO FELIZ,4300570,9,9,2870,2870,2329,2414,29,56,19:05:32,2,1,76,1623,0,428,49,142,0,0,1,7
rs,85111,ALVORADA,4300604,426,426,135997,135997,97888,103478,3051,2539,19:23:47,42,20,3059,46134,52,42505,3250,2397,27,142,27,233
rs,86045,AMARAL FERRADOR,4300638,15,15,4601,4601,3439,3674,135,100,19:25:54,1,0,91,1945,0,1283,57,55,0,2,0,5
rs,86304,AMETISTA DO SUL,4300646,19,19,6067,6067,5049,5217,74,94,19:21:08,0,0,71,3234,1,1628,59,47,0,1,0,8
rs,86100,ANDRÉ DA ROCHA,4300661,4,4,1399,1399,1107,1152,25,20,18:28:26,0,1,16,804,0,225,5,52,0,2,0,2
rs,85138,ANTA GORDA,4300703,16,16,4872,4872,3935,4088,89,64,19:14:10,0,0,80,3174,0,489,62,115,0,2,0,13
rs,85154,ANTÔNIO PRADO,4300802,39,39,10712,10712,8870,9149,152,127,18:15:23,1,2,193,6982,1,1291,168,202,0,1,0,29
rs,86320,ARAMBARÉ,4300851,13,13,3684,3684,2669,2780,52,59,19:07:23,0,0,79,1479,0,983,52,68,0,2,1,5
rs,88862,ARARICÁ,4300877,18,18,6414,6414,5121,5296,94,81,18:57:43,1,2,133,3382,0,1410,111,75,1,1,1,4
rs,85170,ARATIBA,4300901,20,20,6202,6202,5033,5214,101,80,19:04:56,0,0,173,3024,2,1626,103,94,0,0,0,11
rs,85197,ARROIO DO MEIO,4301008,56,56,17325,17325,14381,14887,224,282,18:32:19,4,1,552,9567,2,3406,407,403,1,1,2,35
rs,89028,ARROIO DO PADRE,4301073,10,10,2775,2775,2394,2441,27,20,19:21:10,0,0,52,1976,2,257,31,74,0,0,0,2
rs,85308,ARROIO DO SAL,4301057,29,29,9495,9495,7047,7314,133,134,18:27:24,3,1,280,4199,6,2161,203,166,0,12,2,14
rs,85235,ARROIO DO TIGRE,4301206,38,38,9941,9941,7992,8400,235,173,19:02:27,2,1,189,5229,0,2204,155,197,1,2,3,9
rs,85219,ARROIO DOS RATOS,4301107,35,35,10249,10249,7435,7862,249,178,20:51:31,2,1,189,3267,0,3526,193,218,1,3,0,35
rs,85251,ARROIO GRANDE,4301305,52,52,14461,14461,10769,11337,329,239,19:22:20,2,2,349,4552,2,5343,229,263,0,6,0,21
rs,85278,ARVOREZINHA,4301404,28,28,8656,8656,6672,7028,225,131,18:25:04,1,0,151,4787,0,1508,101,109,1,1,2,11
rs,85294,AUGUSTO PESTANA,4301503,27,27,5869,5869,4838,4992,76,78,18:26:04,0,0,73,3501,0,1061,71,116,0,6,0,10
rs,85316,BAGÉ,4301602,274,274,87802,87802,60794,64359,2027,1538,20:51:31,24,8,1814,27977,24,27706,1432,1586,6,81,7,129
rs,88927,BALNEÁRIO PINHAL,4301636,30,30,11040,11040,7314,7698,181,203,19:26:24,7,1,176,3723,3,3021,147,215,0,4,1,16
rs,86363,BARRA DO GUARITA,4301859,10,10,2600,2600,1962,2045,28,55,19:09:56,0,0,38,978,0,903,24,17,0,1,0,1
rs,88625,BARRA DO QUARAÍ,4301875,11,11,3355,3355,2377,2467,56,34,17:57:29,1,2,82,1113,0,1095,58,24,0,2,0,0
rs,85375,BARRA DO RIBEIRO,4301909,33,33,10239,10239,7351,7742,201,190,18:32:00,1,1,231,3934,7,2761,177,213,2,8,1,15
rs,86380,BARRA DO RIO AZUL,4301925,6,6,1751,1751,1509,1569,32,28,18:20:17,1,1,53,866,0,486,26,75,0,0,0,1
rs,86401,BARRA FUNDA,4301958,13,13,2716,2716,2284,2366,43,39,18:37:22,1,0,68,1447,0,684,37,43,0,1,0,3
rs,85359,BARRACÃO,4301800,16,16,4352,4352,3195,3446,150,101,19:16:26,1,0,52,1804,0,1223,61,51,0,1,1,1
rs,85391,BARROS CASSAL,4302006,27,27,8271,8271,6079,6374,186,109,19:17:24,1,3,145,3580,1,2083,100,154,0,0,1,11
rs,86223,BARÃO,4301651,17,17,5073,5073,4268,4432,72,92,19:00:15,5,0,152,3026,3,839,91,135,0,1,1,15
rs,85332,BARÃO DE COTEGIPE,4301701,19,19,5354,5354,4346,4550,117,87,19:25:54,2,0,91,2819,0,1255,50,106,0,4,1,18
rs,86347,BARÃO DO TRIUNFO,4301750,16,16,4618,4618,3594,3764,103,67,19:24:49,2,0,93,2447,0,792,88,156,1,0,0,15
rs,88420,BENJAMIN CONSTANT DO SUL,4302055,9,9,2125,2125,1612,1673,32,29,18:38:51,0,0,11,685,0,873,17,23,0,0,0,3
rs,85413,BENTO GONÇALVES,4302105,266,266,92061,92061,72859,75165,1154,1152,20:56:44,13,8,1839,53040,10,14322,1952,1353,9,62,12,239
rs,86428,BOA VISTA DAS MISSÕES,4302154,7,7,2075,2075,1634,1687,26,27,18:38:51,0,0,29,899,1,671,15,19,0,0,0,0
rs,85430,BOA VISTA DO BURICÁ,4302204,19,19,5645,5645,4714,4878,93,71,19:11:30,1,0,142,3227,0,1054,100,179,1,1,0,9
rs,89044,BOA VISTA DO CADEADO,4302220,10,10,2067,2067,1610,1676,32,34,18:37:23,0,0,23,1179,0,351,20,35,0,0,0,2
rs,89060,BOA VISTA DO INCRA,4302238,9,9,2195,2195,1812,1865,28,25,19:21:11,0,0,46,1200,0,506,32,25,0,0,0,3
rs,88161,BOA VISTA DO SUL,4302253,10,10,2527,2527,2059,2117,38,20,18:54:50,0,0,56,1549,1,353,26,66,2,1,0,5
rs,85456,BOM JESUS,4302303,32,32,8592,8592,6167,6551,234,150,19:02:28,1,0,160,3496,1,2265,89,142,1,4,1,7
rs,98230,BOM PRINCÍPIO,4302352,32,32,10683,10683,8977,9224,124,123,19:07:23,2,1,259,6818,2,1396,214,261,0,3,0,21
rs,86444,BOM PROGRESSO,4302378,11,11,2604,2604,2055,2113,30,28,18:12:45,0,0,26,1043,0,923,29,32,0,1,1,0
rs,85472,BOM RETIRO DO SUL,4302402,34,34,9902,9902,7770,8160,187,203,19:21:10,1,4,242,4994,5,2125,204,167,0,8,2,18
rs,84921,BOQUEIRÃO DO LEÃO,4302451,22,22,5325,5325,4286,4466,100,80,20:31:01,0,0,123,2659,1,1288,122,87,0,0,0,6
rs,85499,BOSSOROCA,4302501,23,23,5117,5117,3626,3861,135,100,19:09:25,1,0,89,1705,0,1735,33,59,0,1,0,3
rs,89087,BOZANO,4302584,11,11,2625,2625,2176,2224,27,21,18:50:06,0,2,41,1564,0,496,19,51,0,0,1,2
rs,85510,BRAGA,4302600,12,12,2865,2865,2120,2264,86,58,18:27:23,1,0,48,965,0,1053,18,34,0,0,0,1
rs,85065,BROCHIER,4302659,15,15,3961,3961,3176,3365,79,110,19:30:30,2,0,175,1890,0,821,103,168,0,6,2,9
rs,85537,BUTIÁ,4302709,46,46,14823,14823,10680,11318,382,256,18:33:53,3,1,347,4678,2,5197,205,226,0,5,0,16
rs,85570,CACEQUI,4302907,32,32,8495,8495,6102,6350,136,112,21:05:17,2,1,153,3040,0,2699,98,91,0,5,2,11
rs,85596,CACHOEIRA DO SUL,4303004,218,218,64488,64488,44363,46429,1272,794,20:50:08,35,8,1224,25574,19,14722,1171,1456,5,30,8,111
rs,85618,CACHOEIRINHA,4303103,277,277,102594,102594,75416,78636,1686,1534,19:21:11,37,12,3470,41314,35,26214,2415,1538,7,97,9,268
rs,85634,CACIQUE DOBLE,4303202,15,15,3985,3985,3084,3246,93,69,19:23:14,1,0,61,1939,0,985,44,43,0,5,0,6
rs,85650,CAIBATÉ,4303301,15,15,4013,4013,3135,3290,72,83,18:13:44,0,0,76,1625,0,1318,38,71,0,0,1,6
rs,85677,CAIÇARA,4303400,14,14,4303,4303,3462,3565,54,49,19:12:53,0,0,63,2260,0,1019,39,71,0,5,0,5
rs,85693,CAMAQUÃ,4303509,168,168,49751,49751,37276,38943,1000,667,20:58:26,4,2,1141,22631,10,11484,898,984,5,23,7,87
rs,85960,CAMARGO,4303558,11,11,2637,2637,2162,2249,46,41,19:04:24,0,0,44,1480,1,567,25,32,0,1,0,12
rs,85715,CAMBARÁ DO SUL,4303608,19,19,5136,5136,3910,4132,117,105,19:21:08,0,0,93,2706,0,946,58,89,0,0,1,17
rs,86460,CAMPESTRE DA SERRA,4303673,11,11,2886,2886,2272,2357,44,41,18:58:15,0,1,41,1817,0,326,39,44,0,2,0,2
rs,85731,CAMPINA DAS MISSÕES,4303707,25,25,4989,4989,4058,4213,68,87,18:41:19,0,0,134,2439,0,1271,85,116,0,3,1,9
rs,85758,CAMPINAS DO SUL,4303806,18,18,4618,4618,3882,3984,51,51,21:00:34,0,0,53,2990,1,727,43,58,0,1,1,8
rs,85774,CAMPO BOM,4303905,164,164,51980,51980,40761,42252,775,716,18:46:40,12,4,1202,26666,14,10699,1169,822,4,43,7,119
rs,85790,CAMPO NOVO,4304002,16,16,3967,3967,3014,3147,70,63,18:38:50,2,1,50,1608,0,1294,31,23,0,0,0,5
rs,85200,CAMPOS BORGES,4304101,9,9,3183,3183,2433,2571,86,52,18:41:17,3,0,75,1447,0,803,49,51,1,1,0,3
rs,85812,CANDELÁRIA,4304200,91,91,22407,22407,16987,17964,595,382,19:01:47,5,2,383,10631,2,4967,486,468,0,16,0,27
rs,86487,CANDIOTA,4304358,26,26,8121,8121,5991,6277,165,121,21:01:03,1,0,142,2146,1,3461,116,115,0,6,0,3
rs,85855,CANELA,4304408,109,109,34975,34975,25338,26661,734,589,18:38:51,12,2,803,16598,5,6541,683,575,2,31,5,81
rs,85871,CANGUÇU,4304507,152,152,43549,43549,32536,34433,1229,668,20:56:44,18,1,1118,20038,7,9550,707,1025,2,12,3,55
rs,85898,CANOAS,4304606,760,760,253142,253142,185524,194295,4442,4329,19:04:57,89,31,7134,95134,84,70775,6870,4280,46,325,41,715
rs,89109,CANUDOS DO VALE,4304614,10,10,1944,1944,1625,1685,33,27,18:59:17,0,0,38,864,0,566,53,103,0,1,0,0
rs,84891,CAPELA DE SANTANA,4304689,26,26,8031,8031,6268,6536,127,141,19:21:09,0,1,262,3410,0,2302,162,121,0,3,1,6
rs,86509,CAPITÃO,4304697,12,12,2872,2872,2295,2398,56,47,19:02:56,0,1,114,1538,1,545,43,49,0,2,0,2
rs,88200,CAPIVARI DO SUL,4304671,12,12,3711,3711,2902,3014,49,63,18:47:57,0,0,74,1867,2,835,43,73,1,1,0,6
rs,89125,CAPÃO BONITO DO SUL,4304622,9,9,2112,2112,1666,1728,35,27,19:08:47,0,0,30,937,0,633,20,44,0,1,0,1
rs,89150,CAPÃO DA CANOA,4304630,123,123,46049,46049,33473,34635,578,584,20:51:56,11,9,1128,21157,16,9502,1023,512,5,28,1,81
rs,89141,CAPÃO DO CIPÓ,4304655,13,13,3105,3105,2253,2357,62,42,20:58:26,0,0,65,1107,0,1005,28,42,0,1,0,5
rs,89737,CAPÃO DO LEÃO,4304663,57,57,18455,18455,13749,14663,499,415,19:24:49,11,3,548,5977,8,6346,425,382,3,17,5,24
rs,85910,CARAZINHO,4304705,150,150,45685,45685,35111,36342,646,585,19:07:23,7,4,957,21875,6,10704,691,773,3,20,7,64
rs,88340,CARAÁ,4304713,20,20,6518,6518,4827,5104,168,109,18:56:29,2,1,151,2612,0,1746,80,222,0,2,2,9
rs,85936,CARLOS BARBOSA,4304804,78,78,23696,23696,19828,20426,287,311,19:00:15,6,3,697,13991,7,3754,634,634,1,25,3,73
rs,86525,CARLOS GOMES,4304853,5,5,1396,1396,1141,1193,26,26,18:51:35,1,0,32,664,0,394,27,23,0,0,0,0
rs,85952,CASCA,4304903,22,22,7527,7527,6131,6381,149,101,18:21:59,0,3,143,4564,1,1135,107,153,1,7,1,16
rs,85880,CASEIROS,4304952,10,10,3182,3182,2411,2523,62,50,18:30:21,0,0,54,1587,1,682,42,41,0,0,0,4
rs,85979,CATUÍPE,4305009,32,32,7517,7517,6127,6385,129,129,20:18:17,2,0,166,3737,1,1998,78,128,2,2,0,13
rs,85995,CAXIAS DO SUL,4305108,1125,1125,342998,342998,266168,278726,5693,6865,19:29:51,119,59,9857,166880,101,71514,8846,7161,61,347,42,1181
rs,85553,CAÇAPAVA DO SUL,4302808,98,98,25010,25010,18038,19252,709,505,20:10:41,3,6,791,7090,5,9154,368,555,0,8,3,55
rs,86541,CENTENÁRIO,4305116,9,9,2650,2650,2250,2331,51,30,19:25:18,0,0,75,1337,0,738,34,63,1,0,0,2
rs,88641,CERRITO,4305124,22,22,5309,5309,3799,4121,198,124,18:44:51,3,2,139,1678,1,1781,70,112,0,4,0,9
rs,86088,CERRO BRANCO,4305132,19,19,3490,3490,2709,2847,78,60,20:46:40,0,1,71,1712,0,783,61,75,2,1,0,3
rs,85227,CERRO GRANDE,4305157,8,8,2482,2482,1849,1923,30,44,18:46:41,0,2,50,844,1,868,26,52,0,2,0,4
rs,85944,CERRO GRANDE DO SUL,4305173,23,23,7118,7118,5494,5806,179,133,20:17:47,2,1,152,3315,0,1783,103,125,0,4,1,8
rs,86010,CERRO LARGO,4305207,39,39,10195,10195,8100,8425,133,192,18:12:45,4,0,288,4282,2,3152,186,162,0,7,0,17
rs,86037,CHAPADA,4305306,29,29,7697,7697,6271,6576,181,124,19:12:54,0,0,171,4041,2,1682,160,201,0,2,1,11
rs,86932,CHARQUEADAS,4305355,82,82,24424,24424,18860,19758,473,425,20:55:37,7,5,700,8220,7,8802,559,478,3,29,1,49
rs,86568,CHARRUA,4305371,11,11,2510,2510,2005,2085,35,45,19:23:47,0,0,13,1099,1,846,8,34,0,0,0,4
rs,86053,CHIAPETTA,4305405,13,13,3635,3635,2876,2952,38,38,18:26:03,0,1,49,1812,0,932,40,34,0,1,0,7
rs,88269,CHUVISCA,4305447,14,14,4354,4354,3587,3745,106,52,20:36:20,1,0,86,2562,0,678,136,114,0,0,1,9
rs,88846,CHUÍ,4305439,14,14,4888,4888,3164,3464,173,127,18:58:15,2,2,110,1180,1,1681,74,99,0,3,0,12
rs,85804,CIDREIRA,4305454,40,40,12724,12724,8343,8689,178,168,18:57:43,6,0,260,3983,4,3654,168,243,0,7,0,18
rs,86070,CIRÍACO,4305504,14,14,3627,3627,2874,3052,120,58,18:34:38,1,0,37,1833,0,888,43,68,0,0,0,4
rs,86584,COLINAS,4305587,8,8,2354,2354,1914,1990,21,55,19:10:58,0,0,82,1241,1,437,45,100,0,0,0,8
rs,86096,COLORADO,4305603,11,11,2995,2995,2374,2450,43,33,18:15:08,0,1,42,1774,0,485,24,43,0,1,0,4
rs,86118,CONDOR,4305702,22,22,6118,6118,4720,4880,71,89,18:17:36,0,0,123,3249,0,1194,66,78,0,2,0,8
rs,86134,CONSTANTINA,4305801,27,27,8077,8077,6333,6582,137,112,18:59:17,1,0,137,3876,0,2065,104,137,0,3,0,10
rs,89168,COQUEIRO BAIXO,4305835,8,8,1351,1351,1065,1095,12,18,18:40:01,1,0,53,803,0,165,11,28,0,2,0,2
rs,86606,COQUEIROS DO SUL,4305850,10,10,2451,2451,2012,2085,41,32,18:35:15,0,1,64,1328,0,471,40,106,0,0,0,2
rs,86622,CORONEL BARROS,4305871,10,10,2668,2668,2236,2293,28,29,18:54:49,0,0,58,1519,0,542,61,53,0,0,0,3
rs,86150,CORONEL BICACO,4305900,24,24,5810,5810,4326,4514,76,112,18:21:58,0,1,75,2266,0,1871,65,42,2,0,0,4
rs,89184,CORONEL PILAR,4305934,6,6,1569,1569,1304,1341,21,16,19:08:47,0,0,30,993,0,219,21,39,0,1,0,1
rs,89770,COTIPORÃ,4305959,12,12,3488,3488,2813,2924,68,43,18:44:51,0,1,66,2104,0,444,88,104,0,1,0,5
rs,86649,COXILHA,4305975,10,10,2867,2867,2310,2374,34,30,18:30:21,0,1,57,1481,0,679,34,56,0,0,0,2
rs,86177,CRISSIUMAL,4306007,48,48,10489,10489,8136,8499,188,175,19:10:58,3,1,278,5005,0,2462,162,203,2,4,2,14
rs,85464,CRISTAL,4306056,19,19,6418,6418,4826,5037,113,98,19:16:50,2,0,162,2643,1,1811,99,95,0,2,0,11
rs,88528,CRISTAL DO SUL,4306072,11,11,2662,2662,2140,2235,51,44,18:38:51,0,0,44,1104,0,929,22,36,0,3,0,2
rs,86193,CRUZ ALTA,4306106,153,153,45724,45724,33826,35238,732,680,19:14:47,7,4,807,18631,9,12759,706,829,3,18,9,44
rs,89206,CRUZALTENSE,4306130,8,8,1928,1928,1595,1651,28,28,18:33:52,2,1,36,1161,0,323,28,42,0,0,0,2
rs,86215,CRUZEIRO DO SUL,4306205,38,38,9328,9328,7334,7633,140,159,19:30:30,1,1,216,4725,4,2014,176,168,4,2,2,21
rs,85839,CÂNDIDO GODÓI,4304309,23,23,5545,5545,4750,4904,85,69,18:59:16,1,0,108,3416,0,997,78,138,0,1,0,11
rs,86231,DAVID CANABARRO,4306304,13,13,4085,4085,3312,3465,107,46,18:46:40,0,0,84,2196,1,877,59,84,1,0,0,10
rs,86665,DERRUBADAS,4306320,14,14,2624,2624,2072,2151,37,42,19:04:25,0,0,74,1231,1,670,40,55,0,0,0,1
rs,85049,DEZESSEIS DE NOVEMBRO,4306353,13,13,2615,2615,1919,2008,50,39,18:44:53,0,0,44,905,0,897,24,47,0,1,0,1
rs,88188,DILERMANDO DE AGUIAR,4306379,14,14,3281,3281,2423,2517,49,45,20:35:18,0,1,69,1352,2,874,28,88,1,1,0,7
rs,86258,DOIS IRMÃOS,4306403,85,85,24787,24787,20309,21009,317,383,19:14:10,9,2,672,13314,3,5131,592,437,3,22,2,122
rs,86681,DOIS IRMÃOS DAS MISSÕES,4306429,8,8,2066,2066,1604,1663,30,29,18:18:47,0,0,23,851,0,684,14,31,0,0,0,1
rs,84824,DOIS LAJEADOS,4306452,8,8,3119,3119,2465,2567,49,53,19:09:26,0,0,76,1893,1,372,44,68,1,1,0,9
rs,86274,DOM FELICIANO,4306502,36,36,10375,10375,7782,8328,352,194,20:10:41,2,1,156,4394,2,2750,202,245,0,5,2,23
rs,86290,DOM PEDRITO,4306601,117,117,29233,29233,20335,21267,505,427,19:09:57,15,6,544,10399,5,8466,328,528,1,10,3,30
rs,88463,DOM PEDRO DE ALCÂNTARA,4306551,11,11,2646,2646,2184,2251,26,41,19:14:47,0,0,77,1375,0,610,59,59,0,0,1,3
rs,86312,DONA FRANCISCA,4306700,11,11,3059,3059,2384,2482,47,51,19:11:30,3,0,42,1410,0,826,40,58,0,0,2,3
rs,84883,DOUTOR MAURÍCIO CARDOSO,4306734,17,17,3822,3822,3109,3207,39,59,19:12:53,0,0,61,2112,2,806,42,74,0,2,0,10
rs,88307,DOUTOR RICARDO,4306759,8,8,2080,2080,1612,1684,40,32,18:41:16,0,1,43,1179,0,317,16,51,0,2,0,3
rs,86240,ELDORADO DO SUL,4306767,78,78,26775,26775,19560,20473,457,456,19:21:11,7,1,633,9559,5,8259,535,490,2,17,1,51
rs,86339,ENCANTADO,4306809,58,58,16617,16617,13492,13949,215,242,18:50:07,3,0,390,9244,5,3213,261,331,1,6,0,38
rs,86355,ENCRUZILHADA DO SUL,4306908,72,72,18702,18702,13402,14421,632,387,20:51:31,8,2,448,6113,0,6245,236,319,1,5,1,24
rs,86703,ENGENHO VELHO,4306924,5,5,1179,1179,922,970,27,21,18:17:35,0,0,6,467,0,412,10,22,0,0,0,5
rs,85928,ENTRE RIOS DO SUL,4306957,9,9,2654,2654,2014,2082,27,41,18:33:53,0,0,36,1108,0,817,27,23,0,0,0,3
rs,85103,ENTRE-IJUÍS,4306932,22,22,7421,7421,5789,6030,102,139,19:10:34,3,0,157,3327,1,2061,90,140,0,2,0,8
rs,85081,EREBANGO,4306973,8,8,2616,2616,2015,2106,37,54,18:31:59,0,0,26,1224,1,696,26,37,0,0,2,3
rs,86371,ERECHIM,4307005,245,245,79130,79130,62472,64734,1151,1111,19:16:25,8,11,1898,41650,13,15782,1574,1275,7,50,1,203
rs,85022,ERNESTINA,4307054,10,10,2930,2930,2351,2432,38,43,19:21:08,0,0,40,1475,0,762,35,34,0,1,0,4
rs,86410,ERVAL GRANDE,4307203,16,16,4359,4359,3451,3616,84,81,18:38:50,0,1,76,1794,0,1471,45,60,0,0,1,3
rs,86436,ERVAL SECO,4307302,25,25,5497,5497,4336,4507,97,74,18:30:49,2,1,67,2237,0,1889,59,72,1,2,0,6
rs,86452,ESMERALDA,4307401,11,11,2884,2884,2126,2222,59,37,20:38:59,0,0,51,1218,2,796,23,36,0,0,0,0
rs,88285,ESPERANÇA DO SUL,4307450,14,14,3315,3315,2634,2753,37,82,18:19:31,3,0,41,1309,0,1174,47,59,0,0,0,1
rs,86479,ESPUMOSO,4307500,37,37,12400,12400,9864,10172,145,163,19:13:20,3,3,254,6182,3,3099,154,147,1,0,1,17
rs,85286,ESTAÇÃO,4307559,16,16,4871,4871,3958,4102,68,76,18:27:24,1,0,118,2658,1,966,84,120,0,1,0,9
rs,86517,ESTEIO,4307708,216,216,65833,65833,48145,50212,1079,988,19:21:43,21,3,1751,22979,22,20429,1694,1007,6,71,3,159
rs,86533,ESTRELA,4307807,80,80,24675,24675,19659,20238,279,300,19:10:58,6,5,759,13505,2,4364,503,420,1,22,2,70
rs,88404,ESTRELA VELHA,4307815,15,15,2953,2953,2309,2399,51,39,19:02:56,0,0,67,1422,0,683,28,103,0,0,0,6
rs,86495,ESTÂNCIA VELHA,4307609,108,108,37229,37229,29144,30359,549,666,19:21:43,8,4,887,19720,13,6862,901,618,6,24,5,96
rs,85448,EUGÊNIO DE CASTRO,4307831,8,8,2554,2554,1993,2072,46,33,19:04:24,0,0,25,1249,0,657,21,37,0,1,0,3
rs,84930,FAGUNDES VARELA,4307864,8,8,2439,2439,1994,2050,32,24,18:32:20,1,0,45,1573,0,282,31,57,0,1,0,4
rs,86550,FARROUPILHA,4307906,182,182,57062,57062,45359,47177,910,908,19:24:50,19,7,1368,32140,14,9327,1224,1017,4,42,6,191
rs,86576,FAXINAL DO SOTURNO,4308003,21,21,5638,5638,4339,4489,79,71,18:37:23,3,0,118,2664,0,1350,82,109,0,1,0,12
rs,86029,FAXINALZINHO,4308052,8,8,2419,2419,1849,1924,38,37,18:00:42,0,0,31,1167,0,612,12,25,0,0,0,2
rs,88366,FAZENDA VILANOVA,4308078,13,13,3798,3798,2971,3101,52,78,19:07:53,1,1,103,1731,0,997,59,71,1,0,0,7
rs,86592,FELIZ,4308102,37,37,11110,11110,9010,9340,152,178,18:40:01,1,3,351,5953,2,2117,273,281,1,6,0,22
rs,86614,FLORES DA CUNHA,4308201,78,78,25103,25103,20491,21134,272,371,18:38:52,7,1,574,16241,3,2606,597,384,3,16,6,53
rs,88242,FLORIANO PEIXOTO,4308250,7,7,1811,1811,1417,1480,32,31,19:21:08,0,0,34,861,0,459,21,38,1,0,0,3
rs,86630,FONTOURA XAVIER,4308300,31,31,8245,8245,6062,6394,190,142,19:16:26,3,0,188,2951,1,2686,91,131,1,0,0,10
rs,86657,FORMIGUEIRO,4308409,22,22,5763,5763,4222,4482,122,138,18:59:40,0,0,116,2131,1,1777,49,143,0,1,0,4
rs,89222,FORQUETINHA,4308433,12,12,2588,2588,2153,2235,53,29,19:09:26,1,0,35,1543,0,484,37,50,0,0,0,3
rs,98272,FORTALEZA DOS VALOS,4308458,12,12,3686,3686,3074,3162,45,43,18:45:20,2,3,82,1943,0,939,46,51,0,0,0,8
rs,86673,FREDERICO WESTPHALEN,4308508,80,80,25048,25048,19421,20123,389,313,19:21:10,4,2,500,12652,3,5474,386,345,0,10,1,44
rs,86690,GARIBALDI,4308607,80,80,26403,26403,21902,22601,385,314,19:09:56,4,1,577,16066,5,4072,526,543,4,16,4,84
rs,86720,GARRUCHOS,4308656,11,11,2516,2516,1802,1871,27,42,18:42:15,0,0,65,698,0,980,27,31,0,0,0,1
rs,86711,GAURAMA,4308706,19,19,5195,5195,4304,4462,81,77,19:12:53,0,1,99,3040,0,995,70,86,0,1,0,12
rs,86738,GENERAL CÂMARA,4308805,23,23,6173,6173,4598,4813,118,97,20:11:17,0,1,171,2199,1,1947,150,118,0,1,0,10
rs,86746,GENTIL,4308854,6,6,1673,1673,1378,1422,17,27,20:22:48,0,0,19,994,0,304,16,41,0,0,0,4
rs,86770,GETÚLIO VARGAS,4308904,41,41,12197,12197,9948,10349,196,205,19:21:10,4,2,275,7004,2,2171,202,258,2,10,0,18
rs,86797,GIRUÁ,4309001,48,48,12735,12735,10128,10454,148,178,18:14:12,1,2,216,6733,0,2787,142,225,0,3,0,19
rs,85502,GLORINHA,4309050,20,20,6780,6780,5102,5325,105,118,19:21:09,0,1,121,3394,3,1270,142,154,1,8,1,7
rs,86819,GRAMADO,4309100,111,111,34790,34790,26265,27195,498,432,19:01:47,2,2,737,19052,5,5170,659,521,2,30,8,77
rs,86762,GRAMADO DOS LOUREIROS,4309126,8,8,2631,2631,2043,2121,31,47,19:29:51,0,0,32,870,0,1097,23,15,0,0,0,6
rs,86789,GRAMADO XAVIER,4309159,15,15,3049,3049,2377,2461,60,24,20:13:41,1,1,56,1358,0,836,50,72,0,0,0,3
rs,86835,GRAVATAÍ,4309209,539,539,192077,192077,140623,147860,3821,3416,19:25:18,73,32,5495,78624,61,47237,4627,3797,28,195,28,426
rs,84867,GUABIJU,4309258,4,4,1395,1395,1118,1164,26,20,19:04:24,0,0,27,874,0,164,14,30,3,2,1,3
rs,86878,GUAPORÉ,4309407,55,55,18948,18948,15400,15896,268,228,18:46:41,4,6,361,11578,7,2640,374,390,1,7,0,32
rs,86894,GUARANI DAS MISSÕES,4309506,26,26,5851,5851,4726,4901,81,94,19:25:18,0,0,96,2860,2,1509,73,173,1,3,0,9
rs,86851,GUAÍBA,4309308,231,231,74475,74475,54938,57904,1643,1323,19:22:21,25,10,2273,26139,24,23122,1702,1402,11,77,13,140
rs,85189,HARMONIA,4309555,12,12,4102,4102,3473,3602,69,60,18:50:06,0,2,142,2389,0,702,100,118,0,4,0,16
rs,86398,HERVAL,4307104,19,19,5214,5214,3754,3961,105,102,18:56:28,0,2,125,1278,0,2175,74,88,0,3,0,9
rs,88323,HERVEIRAS,4309571,10,10,2629,2629,2015,2097,50,32,19:09:57,0,1,40,1088,0,776,50,56,0,0,0,4
rs,86916,HORIZONTINA,4309605,57,57,14887,14887,11901,12200,140,159,18:15:22,0,5,306,8454,1,2610,224,266,0,5,0,30
rs,86800,HULHA NEGRA,4309654,17,17,4884,4884,3651,3803,90,62,19:05:33,0,0,86,1504,2,1920,78,53,0,2,0,6
rs,86959,HUMAITÁ,4309704,19,19,4020,4020,3324,3441,58,59,18:46:40,0,0,74,2055,1,1078,51,59,0,0,1,5
rs,84972,IBARAMA,4309753,15,15,3655,3655,2813,2986,101,72,18:13:42,1,1,65,1722,0,792,85,139,0,2,0,6
rs,86975,IBIAÇÁ,4309803,15,15,3988,3988,3263,3395,66,66,19:14:47,1,0,112,2250,0,747,63,82,0,1,0,7
rs,86991,IBIRAIARAS,4309902,19,19,5419,5419,4392,4596,116,88,19:10:34,0,0,142,3256,1,841,48,91,0,0,0,13
rs,84964,IBIRAPUITÃ,4309951,13,13,3410,3410,2657,2753,47,49,18:30:50,0,0,57,1642,0,886,32,36,0,0,0,4
rs,87017,IBIRUBÁ,4310009,55,55,16439,16439,13472,13882,221,189,18:30:22,4,1,342,9582,4,2919,263,313,1,10,0,33
rs,87033,IGREJINHA,4310108,83,83,26693,26693,21857,22609,402,350,19:00:15,4,1,615,14678,7,5531,622,331,1,12,1,54
rs,87050,IJUÍ,4310207,231,231,63737,63737,49943,51659,860,856,19:07:23,6,2,1283,29614,9,16869,1038,984,11,19,4,104
rs,87076,ILÓPOLIS,4310306,14,14,3634,3634,2887,3006,65,54,18:45:20,0,0,71,2242,0,474,40,53,1,0,0,6
rs,85685,IMBÉ,4310330,65,65,24070,24070,17026,17643,303,314,18:44:52,5,1,667,9628,6,5858,423,379,0,15,6,38
rs,85782,IMIGRANTE,4310363,9,9,2800,2800,2198,2301,35,68,18:26:26,0,0,108,1427,0,495,68,86,0,3,0,11
rs,87092,INDEPENDÊNCIA,4310405,22,22,5501,5501,4470,4604,56,78,19:02:56,0,0,95,2886,2,1251,69,153,1,0,0,13
rs,86827,INHACORÁ,4310413,9,9,2071,2071,1572,1625,24,29,17:57:31,0,0,42,860,0,621,11,36,0,0,0,2
rs,85243,IPIRANGA DO SUL,4310462,8,8,2098,2098,1743,1794,23,28,19:13:20,0,0,21,1430,3,238,20,26,0,0,0,5
rs,84999,IPÊ,4310439,20,20,5497,5497,4456,4596,70,70,19:04:24,3,1,91,3394,2,757,82,104,1,4,1,16
rs,87114,IRAÍ,4310504,20,20,5812,5812,4419,4618,101,98,18:50:08,5,1,64,2357,1,1856,72,53,0,2,2,6
rs,88382,ITAARA,4310538,14,14,4530,4530,3540,3630,49,41,19:15:20,1,0,89,1952,0,1337,51,100,0,2,2,6
rs,85901,ITACURUBI,4310553,13,13,2718,2718,2050,2122,38,34,19:21:10,0,0,66,1021,0,913,18,29,0,0,0,3
rs,86843,ITAPUCA,4310579,6,6,1824,1824,1389,1466,53,24,18:44:31,0,0,22,979,0,337,27,21,0,0,0,3
rs,87130,ITAQUI,4310603,80,80,26152,26152,18057,18680,320,303,19:14:47,5,2,393,9938,1,6910,346,407,0,16,0,39
rs,89249,ITATI,4310652,11,11,3450,3450,2771,2863,42,50,19:21:09,0,0,54,1676,0,914,64,57,0,2,0,4
rs,87157,ITATIBA DO SUL,4310702,13,13,3342,3342,2626,2748,59,63,18:51:35,0,0,32,1129,1,1381,39,41,0,0,0,3
rs,85626,IVORÁ,4310751,8,8,1809,1809,1356,1439,47,36,18:54:49,0,2,33,743,0,480,10,81,0,1,0,6
rs,87173,IVOTI,4310801,53,53,17002,17002,14393,14844,198,253,18:44:53,5,6,583,9655,4,3225,471,328,2,9,1,104
rs,84786,JABOTICABA,4310850,13,13,3370,3370,2623,2742,52,67,18:33:22,1,1,54,1437,0,1052,47,23,0,1,0,7
rs,89265,JACUIZINHO,4310876,10,10,2056,2056,1663,1715,22,30,18:41:17,0,0,53,862,0,684,22,39,0,1,0,2
rs,87190,JACUTINGA,4310900,12,12,2991,2991,2433,2547,61,53,18:28:27,0,0,68,1626,2,612,48,69,0,1,0,7
rs,87238,JAGUARI,4311106,39,39,8702,8702,6646,7006,199,161,19:01:21,1,0,194,3988,2,2149,87,210,1,4,3,7
rs,87211,JAGUARÃO,4311007,65,65,20370,20370,14179,15075,519,377,19:16:50,15,2,553,6248,4,6546,406,363,2,18,0,22
rs,84905,JAQUIRANA,4311122,15,15,3757,3757,2660,2832,94,78,20:10:41,0,0,61,1602,0,913,38,44,0,0,1,1
rs,88587,JARI,4311130,12,12,2794,2794,2131,2264,99,34,19:04:57,0,0,100,1122,0,822,21,65,0,0,0,1
rs,98299,JÓIA,4311155,28,28,6196,6196,4923,5089,98,68,19:11:58,0,0,88,2410,0,2313,39,66,0,1,0,6
rs,87254,JÚLIO DE CASTILHOS,4311205,55,55,14988,14988,11341,11776,247,188,18:45:20,6,0,321,5655,0,4862,172,308,1,2,0,14
rs,89281,LAGOA BONITA DO SUL,4311239,12,12,2310,2310,1787,1884,58,39,18:19:05,0,0,54,1028,0,610,45,47,0,2,0,1
rs,86886,LAGOA DOS TRÊS CANTOS,4311270,5,5,1717,1717,1456,1479,9,14,17:36:55,0,0,43,1084,0,248,33,46,0,1,0,1
rs,87270,LAGOA VERMELHA,4311304,74,74,19900,19900,15373,16053,406,274,19:29:51,4,5,368,9550,3,4808,280,315,0,6,2,32
rs,85260,LAGOÃO,4311254,20,20,4895,4895,3806,4002,120,76,19:13:38,1,2,159,1698,0,1750,106,86,2,1,0,1
rs,87297,LAJEADO,4311403,189,189,64158,64158,50058,51871,1002,811,19:11:30,16,5,1916,32135,21,13299,1393,1056,6,30,9,172
rs,86860,LAJEADO DO BUGRE,4311429,6,6,2108,2108,1544,1613,39,30,19:08:19,0,0,24,757,1,737,12,11,0,0,0,2
rs,87319,LAVRAS DO SUL,4311502,19,19,5420,5420,4019,4290,148,123,19:13:39,2,1,122,1702,1,1999,50,131,0,2,0,9
rs,87335,LIBERATO SALZANO,4311601,16,16,4425,4425,3261,3443,112,70,18:26:27,0,1,55,1709,1,1370,53,69,0,0,0,3
rs,86908,LINDOLFO COLLOR,4311627,15,15,4683,4683,3812,3983,93,78,18:33:22,2,0,127,2260,0,1209,102,98,3,2,0,9
rs,86924,LINHA NOVA,4311643,4,4,1511,1511,1215,1262,18,29,18:37:24,0,0,35,781,0,315,25,55,1,0,0,3
rs,87351,MACHADINHO,4311700,16,16,4842,4842,3879,4053,83,91,18:47:55,0,1,96,2417,0,1237,51,67,0,0,0,10
rs,88943,MAMPITUBA,4311734,12,12,3155,3155,2575,2668,31,62,18:44:30,1,0,77,1406,0,932,39,117,0,2,0,1
rs,86940,MANOEL VIANA,4311759,18,18,5536,5536,4195,4355,73,87,18:37:22,6,1,79,2109,0,1816,45,127,1,4,1,6
rs,86967,MAQUINÉ,4311775,20,20,5922,5922,4632,4859,119,108,19:07:23,0,1,105,2369,1,1965,98,85,0,2,0,6
rs,86983,MARATÁ,4311791,10,10,2435,2435,2037,2094,29,28,18:59:39,0,0,72,1431,0,381,55,90,0,2,0,6
rs,87378,MARAU,4311809,106,106,31646,31646,25800,26683,486,397,18:44:32,8,7,633,18196,5,5613,565,693,4,14,0,62
rs,87394,MARCELINO RAMOS,4311908,18,18,3896,3896,3137,3244,50,57,20:10:41,0,1,79,1885,0,1050,44,73,2,0,1,2
rs,87009,MARIANA PIMENTEL,4311981,13,13,3608,3608,2711,2829,67,51,18:57:42,1,0,92,1633,0,837,41,96,1,4,0,6
rs,87416,MARIANO MORO,4312005,8,8,2211,2211,1729,1829,63,37,18:21:59,0,1,55,986,0,610,32,39,0,0,0,6
rs,88820,MARQUES DE SOUZA,4312054,17,17,3511,3511,2784,2903,61,58,19:01:21,0,1,78,1895,0,682,52,70,0,0,0,6
rs,87432,MATA,4312104,15,15,4013,4013,2961,3144,127,56,18:44:32,0,0,72,1724,0,1019,36,102,1,1,0,6
rs,87025,MATO CASTELHANO,4312138,9,9,3019,3019,2471,2532,28,33,19:21:09,0,0,35,1779,0,544,54,56,0,0,1,2
rs,87041,MATO LEITÃO,4312153,14,14,4115,4115,3364,3510,78,68,19:17:24,1,0,114,2153,0,835,97,153,0,4,0,7
rs,89303,MATO QUEIMADO,4312179,7,7,1617,1617,1314,1351,21,16,18:56:28,3,0,41,761,0,446,9,50,2,1,1,0
rs,87459,MAXIMILIANO DE ALMEIDA,4312203,16,16,3954,3954,3020,3195,86,89,18:51:34,0,0,76,2090,0,769,38,44,0,0,0,3
rs,88447,MAÇAMBARÁ,4311718,14,14,3970,3970,2795,2905,52,58,20:20:48,2,1,60,1479,0,1079,37,134,0,0,0,3
rs,87068,MINAS DO LEÃO,4312252,20,20,6369,6369,4765,5022,154,103,19:00:15,5,1,169,2272,0,2037,77,191,1,5,0,7
rs,87475,MIRAGUAÍ,4312302,17,17,4473,4473,3525,3666,70,71,19:16:50,1,0,85,1642,0,1647,72,70,0,0,0,8
rs,85820,MONTAURI,4312351,5,5,1514,1514,1232,1283,27,24,19:04:57,0,0,29,935,0,187,15,62,0,1,0,3
rs,88803,MONTE ALEGRE DOS CAMPOS,4312377,12,12,3352,3352,2483,2594,77,34,19:29:51,0,0,40,1639,0,699,33,69,0,0,0,3
rs,87084,MONTE BELO DO SUL,4312385,11,11,3034,3034,2498,2573,31,44,19:14:11,0,0,40,2061,0,280,40,61,1,0,0,15
rs,87491,MONTENEGRO,4312401,150,150,47579,47579,35296,36893,897,700,19:11:30,7,8,1360,20096,16,11576,1042,977,5,45,4,160
rs,87106,MORMAÇO,4312427,8,8,2764,2764,2208,2281,38,35,20:51:56,1,1,51,1417,0,664,35,35,1,1,0,2
rs,87122,MORRINHOS DO SUL,4312443,11,11,3216,3216,2626,2721,45,50,18:26:03,0,1,89,1783,1,590,85,66,0,1,0,10
rs,86185,MORRO REDONDO,4312450,20,20,5309,5309,3971,4211,149,91,19:08:47,1,3,157,2263,0,1268,77,188,0,4,0,10
rs,87149,MORRO REUTER,4312476,19,19,5415,5415,4560,4717,62,95,19:24:50,0,0,157,3383,1,762,124,111,0,4,1,17
rs,87513,MOSTARDAS,4312500,31,31,9243,9243,6559,6942,176,207,18:56:00,2,3,145,3945,0,2159,103,182,2,2,0,16
rs,88544,MUITOS CAPÕES,4312617,10,10,2854,2854,2139,2218,62,17,19:25:54,0,0,27,1569,0,468,14,57,0,1,0,3
rs,87165,MULITERNO,4312625,8,8,2237,2237,1728,1811,57,26,18:48:54,2,0,43,941,0,685,21,32,0,0,0,4
rs,87530,MUÇUM,4312609,17,17,3973,3973,3138,3272,77,57,19:07:24,0,1,94,2246,0,631,57,97,0,3,0,9
rs,87181,NICOLAU VERGUEIRO,4312674,8,8,2406,2406,1846,1897,30,21,18:30:23,0,0,27,1275,0,489,9,45,0,0,0,1
rs,87572,NONOAI,4312708,30,30,9663,9663,7257,7504,120,127,19:13:39,1,0,155,4025,2,2892,83,85,1,1,1,11
rs,86169,NOVA ALVORADA,4312757,10,10,2805,2805,2278,2399,69,52,18:34:13,1,1,41,1760,0,383,42,39,0,1,0,10
rs,87599,NOVA ARAÇÁ,4312807,14,14,4136,4136,3334,3438,66,38,18:11:25,0,1,70,2582,0,542,72,59,0,1,0,7
rs,87610,NOVA BASSANO,4312906,22,22,7205,7205,6010,6187,106,71,18:50:06,1,1,84,5000,0,691,104,110,0,2,1,16
rs,87203,NOVA BOA VISTA,4312955,12,12,2028,2028,1736,1797,33,28,18:18:49,0,0,73,1196,0,341,33,89,0,1,0,3
rs,87637,NOVA BRÉSCIA,4313003,11,11,2805,2805,2299,2372,46,27,18:44:51,2,0,68,1740,1,377,43,52,0,0,1,15
rs,88226,NOVA CANDELÁRIA,4313011,11,11,2588,2588,2233,2318,37,48,20:13:41,0,1,46,1595,2,469,47,64,0,5,0,4
rs,85120,NOVA ESPERANÇA DO SUL,4313037,16,16,4338,4338,3303,3535,108,124,18:45:20,0,1,125,1906,1,1128,50,89,0,1,0,2
rs,84816,NOVA HARTZ,4313060,45,45,14667,14667,11877,12367,249,241,18:34:39,1,1,467,7069,0,3780,290,233,2,7,2,25
rs,87653,NOVA PALMA,4313102,19,19,5060,5060,4049,4188,62,77,19:21:10,0,1,112,2440,1,1258,67,160,0,3,0,7
rs,87670,NOVA PETRÓPOLIS,4313201,57,57,18127,18127,14836,15293,196,261,19:10:34,7,4,512,10409,6,2759,485,563,0,14,5,72
rs,87696,NOVA PRATA,4313300,54,54,18975,18975,15402,15857,240,215,18:51:34,3,1,436,11508,5,2606,419,360,1,14,3,46
rs,87220,NOVA PÁDUA,4313086,7,7,2410,2410,2018,2058,18,22,18:22:49,1,0,35,1756,0,149,42,22,0,3,1,9
rs,88560,NOVA RAMADA,4313334,9,9,2039,2039,1678,1730,22,30,19:16:26,0,0,47,1096,1,448,27,58,0,0,0,1
rs,84751,NOVA ROMA DO SUL,4313359,11,11,3182,3182,2650,2735,42,43,18:54:50,2,0,66,2076,0,392,55,55,0,0,0,4
rs,87246,NOVA SANTA RITA,4313375,59,59,20466,20466,15362,15912,295,255,19:21:11,14,2,504,8098,3,5942,493,242,2,28,4,30
rs,87262,NOVO BARREIRO,4313490,13,13,3794,3794,3061,3204,74,69,19:25:54,0,0,46,1653,0,1260,47,47,2,1,0,5
rs,88684,NOVO CABRAIS,4313391,15,15,3764,3764,2967,3086,80,39,20:05:03,0,0,80,1828,0,928,66,59,0,2,0,4
rs,87718,NOVO HAMBURGO,4313409,553,553,174486,174486,132269,137242,2543,2430,20:12:15,40,17,3962,84471,51,36361,4011,2617,25,156,19,539
rs,87289,NOVO MACHADO,4313425,13,13,3081,3081,2478,2548,43,27,19:11:58,0,0,46,1730,0,610,38,49,0,0,0,5
rs,87300,NOVO TIRADENTES,4313441,8,8,1973,1973,1574,1635,32,29,18:44:31,0,0,47,845,0,605,34,34,0,2,0,7
rs,89320,NOVO XINGU,4313466,6,6,1591,1591,1281,1341,38,22,18:22:49,1,1,41,684,0,497,31,24,0,1,0,1
rs,87556,NÃO-ME-TOQUE,4312658,40,40,13469,13469,10988,11249,123,138,18:10:02,0,0,205,8068,0,2279,197,216,1,0,0,22
rs,87734,OSÓRIO,4313508,115,115,37247,37247,27730,28999,680,589,19:01:47,7,3,1131,13961,7,11064,779,683,3,18,3,71
rs,87750,PAIM FILHO,4313607,16,16,3753,3753,2929,3087,78,80,19:02:28,0,0,37,1656,0,1145,42,42,0,2,0,5
rs,89672,PALMARES DO SUL,4313656,36,36,10969,10969,7665,7992,159,168,18:41:18,4,0,181,4306,2,2816,123,204,1,4,1,23
rs,87777,PALMEIRA DAS MISSÕES,4313706,79,79,24062,24062,18843,19581,364,374,18:55:27,1,2,380,10744,5,7100,286,292,2,4,1,26
rs,87793,PALMITINHO,4313805,19,19,5953,5953,4738,4953,105,110,20:05:03,2,0,132,2464,0,1896,79,158,1,0,0,6
rs,87815,PANAMBI,4313904,108,108,32201,32201,25809,26585,396,380,18:31:59,5,3,723,18575,1,5411,536,480,0,12,1,62
rs,84980,PANTANO GRANDE,4313953,29,29,8416,8416,6282,6607,171,154,18:22:47,0,0,187,2786,0,2970,131,192,1,5,0,10
rs,87831,PARAÍ,4314001,19,19,5977,5977,5040,5205,106,59,18:34:13,0,1,140,3875,1,785,85,138,0,2,0,13
rs,85987,PARAÍSO DO SUL,4314027,21,21,5367,5367,4290,4494,110,94,18:48:52,0,0,113,2854,0,1082,94,137,0,1,0,9
rs,87327,PARECI NOVO,4314035,11,11,3442,3442,2802,2887,49,36,18:51:34,4,0,90,2036,0,497,72,88,0,2,0,13
rs,98256,PAROBÉ,4314050,122,122,39009,39009,31076,32509,676,757,19:21:43,4,5,856,19437,12,9300,910,447,2,28,6,69
rs,88889,PASSA SETE,4314068,18,18,3747,3747,2921,3074,101,52,18:57:43,1,0,59,1882,0,812,67,97,0,0,1,2
rs,87343,PASSO DO SOBRADO,4314076,19,19,5251,5251,4339,4492,91,62,19:22:46,0,0,92,2689,1,1361,93,92,0,2,0,9
rs,87858,PASSO FUNDO,4314100,446,446,150021,150021,115825,119665,2159,1681,19:31:55,33,11,3372,65469,37,40293,3428,2776,22,106,5,273
rs,89346,PAULO BENTO,4314134,8,8,2280,2280,1904,1966,34,28,18:33:53,0,0,39,1310,1,433,15,101,0,0,0,5
rs,85146,PAVERAMA,4314159,22,22,6036,6036,4848,5037,91,98,19:25:18,1,1,143,2929,0,1536,98,129,1,1,1,8
rs,89567,PEDRAS ALTAS,4314175,8,8,1976,1976,1437,1484,20,27,18:11:41,0,0,46,567,1,778,11,32,0,0,0,2
rs,87874,PEDRO OSÓRIO,4314209,27,27,6862,6862,4878,5181,159,144,18:17:19,6,2,148,1841,0,2661,111,96,2,5,2,4
rs,87890,PEJUÇARA,4314308,13,13,3096,3096,2467,2583,60,56,18:34:39,0,1,51,1627,0,703,34,46,0,1,1,3
rs,87912,PELOTAS,4314407,757,757,244459,244459,183906,194447,5350,5191,20:05:03,85,42,7244,77399,88,86617,6035,5418,53,345,28,552
rs,87360,PICADA CAFÉ,4314423,15,15,4533,4533,3744,3866,36,86,20:36:20,1,1,141,2608,1,685,106,175,1,4,0,21
rs,85340,PINHAL,4314456,7,7,2557,2557,2092,2162,31,39,18:59:16,0,0,66,1294,0,660,22,47,1,0,0,2
rs,89362,PINHAL DA SERRA,4314464,13,13,2584,2584,1925,1993,45,23,20:12:42,1,0,34,1132,0,717,9,31,0,0,0,1
rs,87386,PINHAL GRANDE,4314472,14,14,3602,3602,2717,2847,77,53,18:59:17,1,0,81,1453,0,1043,29,103,0,0,0,7
rs,87408,PINHEIRINHO DO VALE,4314498,14,14,3806,3806,3050,3159,46,63,18:37:25,1,0,108,1685,0,1152,42,57,0,2,0,3
rs,87939,PINHEIRO MACHADO,4314506,34,34,9524,9524,6435,6980,315,230,20:49:42,2,0,286,2278,1,3527,117,205,3,4,0,12
rs,89540,PINTO BANDEIRA,4314548,9,9,2438,2438,2010,2063,22,31,18:26:28,0,0,42,1664,0,212,45,42,2,1,0,2
rs,84778,PIRAPÓ,4314555,11,11,2336,2336,1618,1710,34,58,18:33:53,0,0,49,741,0,772,13,42,0,1,0,0
rs,87955,PIRATINI,4314605,59,59,14591,14591,10329,11124,495,300,20:50:35,4,0,402,4271,2,5226,178,230,1,7,0,8
rs,87971,PLANALTO,4314704,27,27,7977,7977,5892,6202,162,148,18:33:22,1,1,83,3603,0,1998,90,107,0,2,0,7
rs,87440,PONTE PRETA,4314787,8,8,1828,1828,1568,1624,35,21,18:42:14,0,1,45,1140,0,322,25,33,1,0,0,1
rs,87424,PONTÃO,4314779,13,13,3373,3373,2798,2867,34,35,18:38:34,0,0,80,1553,0,1088,38,35,0,1,0,3
rs,88013,PORTO ALEGRE,4314902,3077,3077,1064200,1064200,776777,808867,16272,15818,20:44:20,293,153,23061,325139,524,377252,24187,20069,275,1611,199,4014
rs,88030,PORTO LUCENA,4315008,19,19,3887,3887,2947,3059,56,56,18:27:24,1,0,74,1698,0,1053,36,79,0,2,1,3
rs,87467,PORTO MAUÁ,4315057,9,9,2251,2251,1792,1844,25,27,18:26:27,0,1,21,1215,0,477,19,58,0,0,0,1
rs,87483,PORTO VERA CRUZ,4315073,10,10,1761,1761,1400,1440,21,19,18:12:47,0,0,43,772,0,534,23,23,5,0,0,0
rs,88056,PORTO XAVIER,4315107,30,30,7966,7966,6296,6572,132,144,19:12:54,2,1,113,3502,1,2501,83,79,0,2,0,12
rs,87998,PORTÃO,4314803,80,80,25742,25742,19777,20712,461,474,19:15:19,15,7,719,11690,3,6252,585,426,1,26,3,50
rs,85421,POUSO NOVO,4315131,6,6,1660,1660,1302,1358,21,35,18:21:58,0,0,30,780,0,434,20,35,0,0,0,3
rs,86126,POÇO DAS ANTAS,4314753,7,7,2014,2014,1653,1727,32,42,18:17:34,1,0,83,1124,0,343,32,67,1,1,0,1
rs,87505,PRESIDENTE LUCENA,4315149,9,9,2670,2670,2265,2346,27,54,19:14:11,2,0,79,1681,2,365,35,94,0,1,0,6
rs,84760,PROGRESSO,4315156,24,24,4932,4932,4039,4213,83,91,19:07:22,1,1,107,2404,0,1336,90,89,0,4,0,7
rs,85405,PROTÁSIO ALVES,4315172,6,6,1939,1939,1570,1636,53,13,18:32:00,0,0,35,1289,0,198,11,29,0,1,0,7
rs,88072,PUTINGA,4315206,15,15,3807,3807,2828,2932,76,28,19:21:11,0,0,52,2240,0,401,45,82,0,1,1,6
rs,88099,QUARAÍ,4315305,59,59,17670,17670,12754,13317,313,250,19:13:19,6,3,375,6412,2,5421,223,283,4,10,2,13
rs,89389,QUATRO IRMÃOS,4315313,7,7,1733,1733,1376,1405,18,11,18:50:06,1,0,33,907,0,374,7,49,0,1,1,3
rs,87521,QUEVEDOS,4315321,11,11,2385,2385,1686,1777,63,28,20:19:16,0,0,43,826,0,745,16,54,0,0,0,2
rs,84875,QUINZE DE NOVEMBRO,4315354,12,12,3825,3825,3183,3263,31,49,18:41:16,1,0,86,2340,0,601,47,101,0,1,0,6
rs,88110,REDENTORA,4315404,24,24,6768,6768,5095,5303,77,131,20:14:28,1,1,62,1976,1,2952,33,64,0,0,2,3
rs,85766,RELVADO,4315453,10,10,2167,2167,1658,1706,23,25,19:21:12,0,0,42,1172,0,366,20,53,0,0,0,5
rs,88137,RESTINGA SÊCA,4315503,52,52,12277,12277,9363,9824,259,202,19:04:25,3,1,157,5487,0,3300,132,262,0,4,1,16
rs,87548,RIO DOS ÍNDIOS,4315552,10,10,2854,2854,2138,2224,55,31,18:51:34,0,1,54,1004,0,1020,22,34,1,0,0,2
rs,88153,RIO GRANDE,4315602,460,460,150202,150202,103284,109190,3012,2894,19:07:24,35,23,3552,35752,53,58014,3190,2204,26,173,27,235
rs,88170,RIO PARDO,4315701,101,101,28673,28673,20634,21696,597,465,18:47:57,2,5,582,8970,8,10011,447,560,3,11,3,32
rs,85740,RIOZINHO,4315750,16,16,4370,4370,3544,3715,89,82,18:38:34,0,0,128,2117,1,1077,101,111,1,0,0,8
rs,88196,ROCA SALES,4315800,27,27,7666,7666,6079,6333,136,118,19:01:21,5,0,149,4049,1,1534,115,211,0,2,1,12
rs,88218,RODEIO BONITO,4315909,17,17,5375,5375,4323,4486,83,80,18:15:22,0,0,108,2504,0,1567,78,54,0,0,0,12
rs,89400,ROLADOR,4315958,10,10,2396,2396,1867,1956,35,54,18:15:07,0,0,35,972,2,786,25,41,0,1,0,5
rs,88234,ROLANTE,4316006,54,54,16313,16313,13333,13862,289,240,19:14:47,2,2,413,8678,5,3536,277,388,0,2,0,30
rs,88250,RONDA ALTA,4316105,25,25,7415,7415,6027,6214,125,62,19:13:38,0,1,143,3099,0,2594,105,73,0,1,0,11
rs,88277,RONDINHA,4316204,20,20,4481,4481,3681,3830,93,56,18:30:25,0,0,65,2236,0,1254,44,70,0,0,0,12
rs,88293,ROQUE GONZALES,4316303,25,25,5416,5416,4295,4484,94,95,19:29:50,1,1,105,2355,1,1677,40,106,0,1,0,8
rs,88315,ROSÁRIO DO SUL,4316402,104,104,31276,31276,21835,22846,569,442,19:21:08,7,1,494,10531,7,9877,391,474,5,10,4,34
rs,87564,SAGRADA FAMÍLIA,4316428,7,7,2272,2272,1757,1834,38,39,19:23:46,0,2,53,884,1,770,22,23,0,0,0,2
rs,85561,SALDANHA MARINHO,4316436,10,10,2529,2529,2104,2161,28,29,18:16:16,0,1,31,1475,0,525,24,45,0,1,0,2
rs,89753,SALTO DO JACUÍ,4316451,27,27,7867,7867,6064,6310,120,126,18:48:53,0,0,188,3107,0,2544,106,110,0,2,0,7
rs,87580,SALVADOR DAS MISSÕES,4316477,10,10,2746,2746,2262,2341,33,46,18:41:17,0,0,65,1501,0,597,37,49,1,3,1,8
rs,88331,SALVADOR DO SUL,4316501,19,19,5640,5640,4607,4809,105,97,19:13:38,3,1,158,3247,0,841,130,205,2,4,0,16
rs,88358,SANANDUVA,4316600,49,49,13017,13017,10597,11015,230,188,18:44:32,1,0,173,7537,0,2539,193,129,0,2,0,23
rs,88455,SANT'ANA DO LIVRAMENTO,4317103,224,224,72220,72220,48688,50896,1375,833,19:25:54,16,19,1439,20197,9,23842,1103,1933,5,45,4,76
rs,88374,SANTA BÁRBARA DO SUL,4316709,27,27,6723,6723,5354,5583,139,90,18:30:24,1,0,110,3540,2,1527,67,87,0,4,2,14
rs,89247,SANTA CECÍLIA DO SUL,4316733,10,10,1940,1940,1580,1626,30,16,20:05:03,0,0,36,1182,0,290,29,40,0,0,0,3
rs,87602,SANTA CLARA DO SUL,4316758,19,19,5711,5711,4685,4872,90,97,19:22:46,1,2,175,3316,0,920,104,153,0,1,0,13
rs,88390,SANTA CRUZ DO SUL,4316808,327,327,105305,105305,81458,85005,2063,1484,19:21:11,26,10,2534,48362,36,24913,2704,2488,13,57,7,308
rs,89443,SANTA MARGARIDA DO SUL,4316972,11,11,2829,2829,2145,2235,52,38,20:07:45,0,0,53,1149,0,824,28,86,0,0,1,4
rs,88412,SANTA MARIA,4316907,636,636,207115,207115,152003,158051,3510,2538,20:31:39,57,38,4369,75209,73,63618,4031,3898,28,174,26,482
rs,86207,SANTA MARIA DO HERVAL,4316956,19,19,5271,5271,4490,4700,102,108,20:08:08,2,1,207,2912,0,994,116,240,1,2,0,15
rs,88471,SANTA ROSA,4317202,185,185,57973,57973,46180,47423,687,556,19:21:10,13,11,1306,30928,8,11635,1043,1102,3,34,0,97
rs,87629,SANTA TEREZA,4317251,5,5,1750,1750,1408,1478,31,39,17:49:28,0,0,40,1010,0,287,35,32,0,0,0,4
rs,88498,SANTA VITÓRIA DO PALMAR,4317301,77,77,23324,23324,15616,16553,513,424,19:26:24,4,3,529,6326,1,7875,327,504,3,20,2,22
rs,88439,SANTANA DA BOA VISTA,4317004,26,26,6598,6598,4553,4933,268,112,19:22:46,1,0,148,2251,1,1937,68,128,0,8,0,11
rs,88510,SANTIAGO,4317400,137,137,39884,39884,27832,29302,927,543,20:50:35,3,3,798,16327,3,9291,548,789,3,18,2,47
rs,88552,SANTO ANTÔNIO DA PATRULHA,4317608,108,108,33692,33692,25036,26377,744,597,18:37:25,6,5,745,14504,4,8329,613,746,2,9,2,71
rs,88579,SANTO ANTÔNIO DAS MISSÕES,4317707,37,37,8347,8347,6124,6411,151,136,19:10:58,0,1,172,2674,1,3074,71,116,0,1,0,14
rs,87645,SANTO ANTÔNIO DO PALMA,4317558,7,7,2077,2077,1690,1761,35,36,18:15:06,0,0,60,1040,0,488,38,60,0,2,0,2
rs,87661,SANTO ANTÔNIO DO PLANALTO,4317756,9,9,2163,2163,1859,1903,15,29,18:13:44,0,0,41,1398,0,341,27,50,0,0,0,2
rs,88595,SANTO AUGUSTO,4317806,43,43,11312,11312,8888,9233,160,185,18:47:57,0,3,195,4965,5,3371,120,215,0,4,1,9
rs,88617,SANTO CRISTO,4317905,53,53,12562,12562,10571,10952,182,199,18:34:13,3,0,312,6238,1,3424,219,328,0,8,0,38
rs,87688,SANTO EXPEDITO DO SUL,4317954,9,9,2242,2242,1762,1850,63,25,18:44:51,0,0,43,1148,0,511,31,22,0,2,0,5
rs,88536,SANTO ÂNGELO,4317509,193,193,58898,58898,43375,45016,822,819,18:59:17,9,5,1301,24005,7,16042,957,901,6,27,4,111
rs,88994,SAPIRANGA,4319901,175,175,61250,61250,48600,50301,883,818,19:22:21,9,0,1261,30509,6,14701,1272,664,9,39,7,123
rs,89010,SAPUCAIA DO SUL,4320008,310,310,102445,102445,73308,76799,1897,1594,19:21:10,23,13,2634,34384,35,31819,2488,1578,6,102,14,212
rs,89036,SARANDI,4320107,63,63,17132,17132,14061,14462,209,192,20:53:02,2,1,315,9283,1,3943,265,223,1,5,0,22
rs,89052,SEBERI,4320206,34,34,9356,9356,7530,7812,157,125,18:41:17,2,0,149,4597,2,2481,134,155,0,3,0,7
rs,85707,SEDE NOVA,4320230,11,11,2508,2508,2038,2116,34,44,19:21:09,0,0,49,1128,0,756,26,74,0,0,0,5
rs,85529,SEGREDO,4320263,28,28,5695,5695,4462,4663,125,76,18:19:30,0,0,94,2685,0,1428,85,158,0,3,0,9
rs,89079,SELBACH,4320305,13,13,4334,4334,3566,3669,61,42,18:48:54,0,0,77,2616,0,732,69,66,1,0,0,5
rs,88765,SENADOR SALGADO FILHO,4320321,9,9,2669,2669,2257,2299,14,28,18:15:06,0,0,33,1630,0,525,23,43,0,1,0,2
rs,87882,SENTINELA DO SUL,4320354,14,14,4237,4237,3169,3371,128,74,19:29:51,2,0,145,1701,3,1155,62,82,0,5,0,14
rs,89095,SERAFINA CORRÊA,4320404,40,40,12678,12678,10359,10747,176,212,18:56:28,0,1,246,7636,3,2022,226,196,0,7,1,21
rs,89117,SERTÃO,4320503,20,20,5015,5015,4154,4282,64,64,18:17:20,1,0,108,2791,1,1105,64,73,0,2,0,9
rs,87920,SERTÃO SANTANA,4320552,18,18,5324,5324,4167,4316,85,64,18:16:17,0,0,142,2838,0,936,103,136,2,3,0,7
rs,88706,SETE DE SETEMBRO,4320578,7,7,1804,1804,1427,1504,43,34,18:38:49,0,2,42,813,0,497,22,50,0,0,0,1
rs,89133,SEVERIANO DE ALMEIDA,4320602,11,11,3414,3414,2791,2911,62,58,18:51:34,3,0,79,1775,0,769,64,92,1,1,0,7
rs,84956,SILVEIRA MARTINS,4320651,9,9,2147,2147,1665,1745,42,38,19:16:26,0,0,22,1012,0,534,22,69,1,1,0,4
rs,87947,SINIMBU,4320677,32,32,6825,6825,5519,5764,114,131,19:29:52,0,0,163,3212,1,1685,165,279,0,1,0,13
rs,89176,SOBRADINHO,4320701,44,44,10579,10579,8229,8592,202,161,18:29:18,3,1,266,5113,1,2391,212,221,0,4,0,17
rs,89192,SOLEDADE,4320800,71,71,21730,21730,16931,17575,324,320,19:24:50,2,3,370,9715,2,6171,316,315,3,3,2,29
rs,88633,SÃO BORJA,4318002,148,148,46604,46604,33363,34613,651,599,19:22:46,6,3,759,15939,6,15418,592,572,3,18,2,45
rs,84832,SÃO DOMINGOS DO SUL,4318051,10,10,2596,2596,2057,2143,48,38,18:19:30,0,0,54,1398,0,512,37,42,0,0,0,14
rs,88650,SÃO FRANCISCO DE ASSIS,4318101,60,60,14252,14252,10403,11173,493,277,18:51:35,2,2,223,5392,3,4351,193,224,0,6,2,5
rs,88676,SÃO FRANCISCO DE PAULA,4318200,62,62,16421,16421,12062,12807,443,302,19:09:57,1,1,334,6635,0,4562,204,279,2,13,0,31
rs,88692,SÃO GABRIEL,4318309,162,162,43890,43890,30760,32078,770,548,20:10:41,9,2,867,15396,1,13067,560,793,3,12,2,48
rs,88714,SÃO JERÔNIMO,4318408,54,54,15910,15910,11748,12391,363,280,20:21:10,5,0,387,5447,2,5154,331,386,0,5,1,30
rs,84794,SÃO JORGE,4318440,7,7,2437,2437,2085,2145,23,37,18:44:52,0,1,64,1667,0,253,41,56,0,0,0,3
rs,87769,SÃO JOSÉ DAS MISSÕES,4318457,8,8,2443,2443,1869,1956,50,37,18:54:49,1,0,22,922,1,876,18,28,0,0,0,1
rs,85588,SÃO JOSÉ DO HERVAL,4318465,7,7,2231,2231,1558,1634,33,43,18:32:00,0,0,39,799,0,657,31,28,0,0,0,4
rs,85324,SÃO JOSÉ DO HORTÊNCIO,4318481,11,11,3728,3728,3166,3254,42,46,18:44:33,1,0,81,2400,1,527,60,89,0,0,1,6
rs,87742,SÃO JOSÉ DO INHACORÁ,4318499,9,9,2244,2244,1880,1948,28,40,18:34:38,0,0,50,1264,2,421,52,83,0,0,1,7
rs,88730,SÃO JOSÉ DO NORTE,4318507,79,79,20679,20679,15110,16176,594,472,19:24:50,11,0,569,7011,5,6408,373,670,2,17,1,43
rs,88757,SÃO JOSÉ DO OURO,4318606,20,20,5762,5762,4666,4871,121,84,18:12:28,3,1,94,3317,1,1066,63,111,0,1,2,7
rs,89460,SÃO JOSÉ DO SUL,4318614,9,9,2065,2065,1711,1779,36,32,19:11:58,2,0,58,1148,0,305,47,141,0,3,0,7
rs,87726,SÃO JOSÉ DOS AUSENTES,4318622,11,11,3387,3387,2513,2591,51,27,20:26:00,0,0,31,1726,0,676,21,54,0,1,0,4
rs,84859,SÃO JOÃO DA URTIGA,4318424,14,14,4198,4198,3339,3554,147,68,19:09:57,0,0,59,2334,0,810,50,80,0,0,0,6
rs,87700,SÃO JOÃO DO POLÊSINE,4318432,10,10,2578,2578,2012,2079,34,33,18:48:53,1,0,54,1283,0,583,44,40,0,0,0,7
rs,88773,SÃO LEOPOLDO,4318705,480,480,162766,162766,119523,124484,2601,2360,18:44:32,41,19,3842,63155,66,45762,3790,2258,25,158,19,388
rs,88790,SÃO LOURENÇO DO SUL,4318804,114,114,35085,35085,26394,27526,653,479,19:05:32,11,2,712,15492,4,8855,553,664,1,18,6,76
rs,88811,SÃO LUIZ GONZAGA,4318903,95,95,26267,26267,19071,19950,469,410,19:07:53,3,1,494,10241,1,7578,324,401,0,5,2,21
rs,88838,SÃO MARCOS,4319000,54,54,16687,16687,13501,14092,286,305,18:11:26,3,1,419,10092,2,2265,301,361,1,6,4,46
rs,88854,SÃO MARTINHO,4319109,22,22,4808,4808,3946,4087,79,62,18:13:17,2,0,102,2702,0,988,58,82,0,3,1,8
rs,87785,SÃO MARTINHO DA SERRA,4319125,13,13,3157,3157,2342,2453,64,47,19:16:26,0,0,47,1460,0,699,36,95,0,1,0,4
rs,85480,SÃO MIGUEL DAS MISSÕES,4319158,19,19,5911,5911,4504,4706,103,99,18:47:57,0,0,88,2354,1,1961,52,43,3,1,0,1
rs,88870,SÃO NICOLAU,4319208,20,20,4337,4337,3203,3379,61,115,20:48:30,0,0,50,1347,0,1705,34,60,0,3,0,4
rs,88897,SÃO PAULO DAS MISSÕES,4319307,20,20,5214,5214,4186,4327,65,76,19:29:52,1,1,130,2432,1,1446,61,99,0,4,0,11
rs,87807,SÃO PEDRO DA SERRA,4319356,11,11,3188,3188,2693,2805,51,61,19:09:26,2,1,96,1958,0,486,68,71,0,1,0,10
rs,89486,SÃO PEDRO DAS MISSÕES,4319364,5,5,1650,1650,1252,1330,41,37,19:21:10,0,1,23,622,1,579,15,7,0,0,0,4
rs,87823,SÃO PEDRO DO BUTIÁ,4319372,9,9,2665,2665,2132,2220,39,49,18:28:27,2,0,69,1356,0,604,49,50,0,1,0,1
rs,88919,SÃO PEDRO DO SUL,4319406,53,53,12686,12686,9413,9933,320,200,19:26:24,2,0,308,5223,0,3355,199,304,2,1,0,19
rs,88935,SÃO SEBASTIÃO DO CAÍ,4319505,57,57,17536,17536,13623,14180,288,269,18:35:15,1,0,413,8474,7,3933,298,453,0,10,3,31
rs,88951,SÃO SEPÉ,4319604,64,64,17079,17079,12651,13286,361,274,19:21:09,3,1,340,5883,4,5763,188,381,2,9,0,77
rs,88978,SÃO VALENTIM,4319703,10,10,3073,3073,2459,2546,50,37,18:15:08,0,0,38,1668,1,676,31,40,0,0,0,5
rs,87840,SÃO VALENTIM DO SUL,4319711,8,8,2224,2224,1761,1818,36,21,18:47:56,1,1,59,1310,1,318,34,33,0,0,0,4
rs,87866,SÃO VALÉRIO DO SUL,4319737,10,10,2348,2348,1874,1925,21,30,21:01:04,0,2,19,829,0,1007,6,11,0,0,0,0
rs,85383,SÃO VENDELINO,4319752,8,8,2409,2409,2008,2073,35,30,18:44:31,1,0,76,1361,0,448,48,61,1,2,0,10
rs,86754,SÃO VICENTE DO SUL,4319802,21,21,6760,6760,5000,5250,142,108,18:30:22,1,0,143,2504,0,2089,93,157,0,6,1,6
rs,87904,SÉRIO,4320453,12,12,2072,2072,1632,1715,53,30,19:04:56,0,0,67,974,0,471,26,90,1,1,0,2
rs,88722,TABAÍ,4320859,14,14,4093,4093,3194,3344,75,75,19:09:57,1,0,80,1720,0,1283,46,55,0,5,0,4
rs,89214,TAPEJARA,4320909,62,62,17490,17490,14363,14825,230,232,19:21:10,2,1,412,10789,1,2582,270,266,1,2,0,37
rs,89230,TAPERA,4321006,27,27,7887,7887,6362,6570,82,126,19:12:53,0,1,136,3995,0,1984,154,81,0,2,0,9
rs,89257,TAPES,4321105,41,41,11792,11792,8672,9086,222,192,19:03:23,7,0,204,4484,3,3630,164,158,0,4,0,18
rs,89273,TAQUARA,4321204,137,137,41562,41562,31468,32714,695,551,18:48:53,7,7,695,20632,11,8613,806,556,4,29,2,106
rs,89290,TAQUARI,4321303,68,68,19310,19310,14938,15668,462,268,19:08:47,7,2,495,8542,1,5281,296,283,0,7,1,23
rs,85669,TAQUARUÇU DO SUL,4321329,8,8,2822,2822,2328,2421,47,46,18:56:00,0,0,38,1314,0,902,35,34,0,1,0,4
rs,89710,TAVARES,4321352,16,16,4533,4533,3297,3487,87,103,19:07:53,0,0,106,1768,1,1295,37,85,0,2,0,3
rs,89311,TENENTE PORTELA,4321402,40,40,10706,10706,8401,8672,109,162,18:32:21,0,0,209,4251,1,3571,107,246,0,1,1,14
rs,85162,TERRA DE AREIA,4321436,25,25,7779,7779,5912,6198,151,135,18:56:28,0,1,168,3645,2,1813,156,118,0,1,1,7
rs,98213,TEUTÔNIA,4321451,78,78,25631,25631,20455,21270,403,412,19:21:11,2,4,951,12830,2,5397,546,631,2,19,2,69
rs,89508,TIO HUGO,4321469,8,8,2707,2707,2219,2288,34,35,18:46:40,1,0,79,1381,0,679,29,46,0,0,0,4
rs,87963,TIRADENTES DO SUL,4321477,17,17,4724,4724,3537,3727,93,97,18:15:21,0,0,62,1849,2,1501,56,60,0,0,2,5
rs,88900,TOROPI,4321493,15,15,2745,2745,2130,2238,69,39,19:21:10,0,0,46,1347,1,623,25,86,0,0,0,2
rs,89338,TORRES,4321501,95,95,33260,33260,24446,25571,503,622,18:41:18,14,7,910,14294,8,7838,736,510,6,41,2,80
rs,89354,TRAMANDAÍ,4321600,112,112,39076,39076,26991,28166,632,543,19:25:18,7,3,878,14578,11,9978,692,735,4,27,4,74
rs,87980,TRAVESSEIRO,4321626,9,9,1983,1983,1676,1745,29,40,19:04:57,0,0,83,964,1,529,34,61,0,0,2,2
rs,85006,TRINDADE DO SUL,4321956,19,19,5879,5879,4522,4722,97,103,19:00:52,0,0,104,2426,0,1844,88,50,0,0,0,10
rs,89435,TRIUNFO,4322004,71,71,21936,21936,16294,17071,409,368,19:21:10,4,6,537,9513,7,5411,406,355,3,8,3,41
rs,84743,TRÊS ARROIOS,4321634,8,8,2549,2549,2054,2135,43,38,18:16:15,0,0,51,1447,0,455,37,54,0,0,1,9
rs,85367,TRÊS CACHOEIRAS,4321667,27,27,8189,8189,6780,6962,89,93,18:36:20,1,0,172,4933,1,1415,163,70,0,1,0,24
rs,89370,TRÊS COROAS,4321709,59,59,17414,17414,14053,14650,326,271,18:55:28,6,2,399,9276,3,3575,419,315,0,10,2,46
rs,89397,TRÊS DE MAIO,4321808,67,67,18415,18415,15148,15581,261,172,18:50:07,3,1,384,10293,4,3746,280,372,2,7,2,54
rs,88005,TRÊS FORQUILHAS,4321832,10,10,3297,3297,2562,2659,53,44,19:04:57,1,0,68,1512,0,881,54,43,0,1,0,2
rs,86142,TRÊS PALMEIRAS,4321857,13,13,4078,4078,3176,3326,78,72,19:21:10,0,1,63,1571,0,1455,52,29,0,2,0,3
rs,89419,TRÊS PASSOS,4321907,65,65,18437,18437,14624,15206,249,333,18:56:28,4,2,401,8260,1,5231,374,318,4,4,2,23
rs,89451,TUCUNDUVA,4322103,22,22,4755,4755,3926,4032,39,67,19:21:43,1,0,88,2754,0,942,61,76,1,0,0,3
rs,84840,TUNAS,4322152,14,14,3346,3346,2635,2758,66,57,19:07:22,0,0,48,1260,0,1245,42,35,0,1,0,4
rs,88021,TUPANCI DO SUL,4322186,5,5,1474,1474,1097,1171,57,17,18:15:23,2,0,29,749,0,281,18,17,0,0,0,1
rs,89478,TUPANCIRETÃ,4322202,51,51,15943,15943,11865,12350,278,207,19:21:43,3,0,243,6549,3,4616,204,229,0,4,1,13
rs,85723,TUPANDI,4322251,14,14,4296,4296,3640,3734,56,38,18:34:39,0,0,98,2814,0,501,99,104,1,4,1,18
rs,89494,TUPARENDI,4322301,26,26,7111,7111,5811,5974,80,83,18:56:28,3,0,130,4244,0,1140,101,178,0,3,0,12
rs,88501,TURUÇU,4322327,11,11,3449,3449,2706,2819,54,59,18:43:24,1,0,52,1865,0,669,44,67,0,0,1,7
rs,88609,UBIRETAMA,4322343,8,8,1894,1894,1594,1650,30,26,18:12:45,0,0,40,1095,0,369,26,58,0,2,0,4
rs,88480,UNISTALDA,4322376,10,10,2687,2687,1981,2064,56,27,18:25:03,1,0,36,1134,0,750,11,43,0,0,0,6
rs,88048,UNIÃO DA SERRA,4322350,6,6,1523,1523,1241,1276,22,13,18:44:33,0,0,19,915,0,228,28,47,0,1,0,3
rs,89516,URUGUAIANA,4322400,263,263,84488,84488,58711,60523,1045,767,20:13:12,21,4,1396,35208,18,18875,1354,1679,7,47,11,91
rs,89532,VACARIA,4322509,151,151,47383,47383,35399,36918,932,587,20:54:03,6,8,830,24190,5,8729,669,891,6,14,3,48
rs,88064,VALE DO SOL,4322533,29,29,8086,8086,6280,6709,271,158,18:59:39,2,0,146,3830,3,1847,164,274,0,3,1,10
rs,88080,VALE REAL,4322541,16,16,4872,4872,4006,4155,85,64,18:57:42,2,2,148,2574,0,1005,91,170,1,0,1,12
rs,88668,VALE VERDE,4322525,11,11,3292,3292,2415,2560,73,72,19:13:19,0,0,73,1408,1,805,45,74,1,1,0,7
rs,84913,VANINI,4322558,6,6,2018,2018,1608,1687,56,23,18:00:41,1,0,35,1142,0,361,24,41,0,0,0,4
rs,89559,VENÂNCIO AIRES,4322608,170,170,53327,53327,41071,43029,1068,890,20:19:16,12,8,1148,26076,5,11182,1098,1405,6,28,3,100
rs,89575,VERA CRUZ,4322707,67,67,19445,19445,16015,16825,426,384,20:07:44,1,3,437,9537,4,5035,385,563,1,8,1,40
rs,89591,VERANÓPOLIS,4322806,61,61,18621,18621,15045,15581,280,256,18:59:39,3,0,424,11559,4,2264,343,389,0,6,1,52
rs,88781,VESPASIANO CORRÊA,4322855,10,10,2485,2485,2003,2051,38,10,19:13:39,0,1,35,1659,2,203,31,67,1,0,0,4
rs,89613,VIADUTOS,4322905,15,15,4028,4028,3285,3410,69,56,18:47:58,0,0,73,2347,0,748,36,74,0,1,0,6
rs,89630,VIAMÃO,4323002,483,483,161662,161662,116299,123312,3858,3155,19:23:14,47,26,3470,51080,53,53863,3797,3408,25,189,35,306
rs,89656,VICENTE DUTRA,4323101,14,14,3837,3837,2923,3041,64,54,19:04:24,0,0,31,1831,0,971,35,49,0,2,0,4
rs,89699,VICTOR GRAEFF,4323200,8,8,2531,2531,2075,2127,23,29,18:22:49,0,0,43,1490,0,443,41,58,0,0,0,0
rs,86061,VILA FLORES,4323309,12,12,3442,3442,2888,2969,46,35,18:34:38,2,2,61,2205,0,456,58,102,0,0,0,2
rs,88749,VILA LÂNGARO,4323358,10,10,2175,2175,1802,1868,35,31,20:13:12,0,0,39,1354,1,347,27,28,0,0,0,6
rs,85642,VILA MARIA,4323408,12,12,3675,3675,3020,3119,53,46,18:59:39,0,0,55,2187,0,690,41,42,0,1,0,4
rs,88102,VILA NOVA DO SUL,4323457,15,15,3746,3746,2744,2910,99,67,19:02:56,2,0,81,1246,0,1314,44,52,0,1,0,4
rs,85600,VISTA ALEGRE,4323507,7,7,2612,2612,2093,2170,30,47,20:19:16,0,1,44,1175,0,797,27,47,0,0,0,2
rs,85863,VISTA ALEGRE DO PRATA,4323606,5,5,1657,1657,1338,1396,28,30,18:51:35,0,0,77,978,0,191,25,62,0,1,0,4
rs,85847,VISTA GAÚCHA,4323705,12,12,2652,2652,2094,2180,37,49,18:30:21,1,0,57,1215,0,726,29,61,0,3,0,2
rs,88129,VITÓRIA DAS MISSÕES,4323754,12,12,3443,3443,2658,2745,43,44,18:28:26,0,0,56,1406,0,1121,43,28,0,1,0,3
rs,89524,WESTFALIA,4323770,9,9,2689,2689,2270,2339,46,23,18:34:14,1,1,111,1594,0,402,66,90,0,1,0,4
rs,88145,XANGRI-LÁ,4323804,42,42,14765,14765,11454,11724,133,137,19:16:50,5,2,355,7703,2,2886,263,204,2,6,1,25
rs,84948,ÁGUA SANTA,4300059,14,14,3300,3300,2719,2789,40,30,20:10:41,0,0,30,1912,0,680,24,67,0,2,0,4
rs,84735,ÁUREA,4301552,11,11,3213,3213,2692,2816,81,43,19:21:08,2,1,64,1851,0,650,47,73,0,1,0,3
ro,00310,ALTA FLORESTA D'OESTE,1100015,78,78,18187,18187,14011,14352,163,178,18:47:42,5,4,254,9816,3,3533,170,208,0,5,1,12
ro,00736,ALTO ALEGRE DOS PARECIS,1100379,31,31,8837,8837,6888,7063,84,91,19:07:06,1,2,115,4627,1,1931,87,117,1,2,0,4
ro,00639,ALTO PARAÍSO,1100403,43,43,12087,12087,9226,9423,80,117,18:33:51,2,4,127,7110,1,1746,107,108,0,3,0,18
ro,00337,ALVORADA DO OESTE,1100346,49,49,11029,11029,8481,8678,75,122,18:36:10,7,2,229,5358,3,2658,82,129,1,5,0,7
ro,00078,ARIQUEMES,1100023,280,280,72512,72512,54592,55662,493,577,19:20:53,17,8,1188,41652,11,9939,1075,590,5,33,0,74
ro,00779,BURITIS,1100452,80,80,23318,23318,17478,17787,120,189,19:17:16,1,3,390,13793,2,2889,201,182,0,7,1,9
ro,00450,CABIXI,1100031,22,22,4950,4950,3870,3952,33,49,19:01:35,0,1,82,2646,0,1046,38,49,0,3,0,5
ro,00620,CACAULÂNDIA,1100601,18,18,3901,3901,3033,3101,26,42,19:13:55,2,0,61,2278,0,599,44,41,1,2,0,5
ro,00094,CACOAL,1100049,256,256,69974,69974,53814,55032,527,691,20:38:45,10,6,1369,37751,7,12099,1188,1255,2,30,2,95
ro,00671,CAMPO NOVO DE RONDÔNIA,1100700,29,29,7516,7516,5825,5914,40,49,19:15:06,0,0,144,4218,0,1270,93,93,0,2,0,5
ro,00477,CANDEIAS DO JAMARI,1100809,76,76,20465,20465,15196,15520,108,216,18:47:42,8,2,396,9310,3,4864,288,298,0,11,0,16
ro,00531,CASTANHEIRAS,1100908,12,12,3409,3409,2654,2715,24,37,18:24:01,0,0,55,1616,0,879,45,56,0,0,0,3
ro,00272,CEREJEIRAS,1100056,49,49,13278,13278,10235,10411,66,110,18:33:14,3,0,185,7945,1,1805,156,121,0,3,2,14
ro,00809,CHUPINGUAIA,1100924,30,30,7696,7696,5394,5499,44,61,19:20:53,1,1,79,3752,0,1426,59,68,1,2,1,4
ro,00230,COLORADO DO OESTE,1100064,55,55,13478,13478,9864,10147,144,139,18:46:28,11,2,221,7050,0,2228,145,175,2,10,0,20
ro,00655,CORUMBIARA,1100072,24,24,5751,5751,4495,4586,39,52,19:00:38,3,1,92,2944,0,1317,59,72,0,4,1,2
ro,00213,COSTA MARQUES,1100080,37,37,9103,9103,6905,7045,58,82,18:44:21,1,1,92,4413,0,2216,94,83,1,1,0,3
ro,00680,CUJUBIM,1100940,39,39,11176,11176,8453,8618,67,98,20:13:47,3,0,135,6631,0,1481,95,99,0,2,0,7
ro,00256,ESPIGÃO DO OESTE,1100098,90,90,23348,23348,18023,18412,187,202,19:22:34,9,2,369,13446,0,3530,241,383,0,7,1,35
ro,00612,GOVERNADOR JORGE TEIXEIRA,1101005,27,27,7203,7203,5633,5760,42,85,20:50:36,1,0,128,3949,0,1339,85,121,1,1,0,8
ro,00019,GUAJARÁ-MIRIM,1100106,113,113,28928,28928,21449,21913,178,286,19:20:54,3,3,387,12523,2,7825,367,296,2,18,6,17
ro,00493,ITAPUÃ DO OESTE,1101104,25,25,7204,7204,5336,5443,44,63,18:09:24,5,1,217,3460,0,1485,74,89,0,0,0,5
ro,00159,JARU,1100114,155,155,41260,41260,30964,31705,319,422,19:20:53,9,4,719,22967,5,6201,602,395,4,17,3,38
ro,00051,JI-PARANÁ,1100122,334,334,97939,97939,74096,75611,689,826,20:10:46,18,7,1582,52832,9,16702,1541,1229,4,41,3,128
ro,00396,MACHADINHO D'OESTE,1100130,97,97,25008,25008,18214,18517,145,158,19:26:11,6,2,374,12914,0,4362,234,295,3,7,1,16
ro,00604,MINISTRO ANDREAZZA,1101203,26,26,6153,6153,4812,4931,53,66,19:05:08,0,1,89,3093,0,1471,60,91,0,0,0,7
ro,00574,MIRANTE DA SERRA,1101302,35,35,8333,8333,6495,6666,66,105,18:57:44,0,0,131,4003,1,2125,99,122,0,2,0,12
ro,00663,MONTE NEGRO,1101401,39,39,10191,10191,7684,7825,47,94,18:42:04,1,0,166,5613,0,1662,92,138,0,2,0,10
ro,00370,NOVA BRASILÂNDIA D'OESTE,1100148,51,51,13407,13407,10820,11035,92,123,18:22:48,5,3,231,7601,0,2620,132,210,0,7,0,11
ro,00434,NOVA MAMORÉ,1100338,75,75,19455,19455,14990,15240,103,147,19:29:33,2,0,177,11731,1,2781,162,122,1,7,0,6
ro,00744,NOVA UNIÃO,1101435,23,23,5350,5350,4274,4351,34,43,18:15:15,0,2,80,2424,0,1634,56,68,1,1,0,8
ro,00515,NOVO HORIZONTE DO OESTE,1100502,30,30,7035,7035,5715,5835,57,63,18:31:50,1,1,133,3639,0,1737,76,117,0,1,1,9
ro,00175,OURO PRETO DO OESTE,1100155,114,114,28282,28282,21352,21828,190,286,18:33:52,8,5,546,14956,2,5142,362,282,0,17,1,31
ro,00701,PARECIS,1101450,16,16,3875,3875,2902,2961,17,42,18:39:48,0,0,73,1765,0,942,46,76,0,0,0,0
ro,00116,PIMENTA BUENO,1100189,117,117,27485,27485,20790,21373,227,356,19:07:07,6,2,465,15080,0,4520,334,350,0,8,0,25
ro,00787,PIMENTEIRAS DO OESTE,1101468,8,8,2286,2286,1736,1758,6,16,18:34:53,0,0,40,1185,1,485,12,12,0,1,0,0
ro,00035,PORTO VELHO,1100205,1285,1285,367902,367902,286338,294402,3368,4696,20:12:08,165,65,10270,169992,91,90889,7770,6087,23,479,65,442
ro,00191,PRESIDENTE MÉDICI,1100254,75,75,15677,15677,11823,12105,143,139,18:49:54,1,0,287,8293,2,2807,199,215,0,2,0,17
ro,00728,PRIMAVERA DE RONDÔNIA,1101476,13,13,3047,3047,2436,2502,26,40,18:10:48,2,0,52,1746,1,540,42,51,0,1,0,1
ro,00647,RIO CRESPO,1100262,13,13,3508,3508,2629,2681,26,26,17:57:24,2,1,31,1981,0,539,21,47,1,1,0,5
ro,00299,ROLIM DE MOURA,1100288,147,147,41088,41088,30524,31364,392,448,19:22:16,6,6,799,21501,9,7001,583,557,1,23,2,36
ro,00353,SANTA LUZIA D'OESTE,1100296,28,28,6813,6813,5175,5330,77,78,18:59:04,0,1,124,3293,1,1580,78,87,0,5,0,6
ro,00582,SERINGUEIRAS,1101500,37,37,9666,9666,7732,7884,69,83,19:16:07,0,1,144,5117,0,2248,78,126,0,3,0,15
ro,00710,SÃO FELIPE D'OESTE,1101484,19,19,4530,4530,3509,3615,45,61,19:31:50,1,0,102,2293,1,1007,41,56,1,3,0,4
ro,00795,SÃO FRANCISCO DO GUAPORÉ,1101492,47,47,12702,12702,9937,10099,70,92,18:38:26,1,1,248,7180,0,2210,135,150,1,4,0,7
ro,00418,SÃO MIGUEL DO GUAPORÉ,1100320,59,59,17091,17091,13436,13734,138,160,19:16:07,3,5,328,8939,0,3704,217,220,1,5,1,13
ro,00752,TEIXEIRÓPOLIS,1101559,16,16,3927,3927,3105,3174,32,37,17:52:42,1,1,52,1938,0,1035,29,45,0,1,0,3
ro,00590,THEOBROMA,1101609,31,31,7587,7587,5911,6027,46,70,19:03:30,2,0,150,3966,3,1638,51,91,0,3,1,6
ro,00566,URUPÁ,1101708,35,35,9186,9186,7142,7305,71,92,19:00:38,3,1,154,4765,0,2027,84,100,0,7,0,1
ro,00698,VALE DO ANARI,1101757,24,24,6627,6627,5085,5176,27,64,20:10:46,1,0,149,3524,0,1270,52,83,1,1,0,4
ro,00558,VALE DO PARAÍSO,1101807,25,25,5538,5538,4323,4413,28,62,18:21:01,2,0,74,2755,0,1356,60,68,0,6,0,2
ro,00132,VILHENA,1100304,261,261,71595,71595,53255,54600,601,744,19:20:53,17,8,1195,39614,13,10327,1146,806,1,37,4,87
rr,03050,ALTO ALEGRE,1400050,50,50,13408,13408,11106,11347,68,173,20:54:57,8,0,227,7951,0,2657,138,116,0,6,0,3
rr,03042,AMAJARI,1400027,30,30,7631,7631,6343,6520,32,145,18:44:40,2,2,138,4635,0,1426,64,69,0,1,1,5
rr,03018,BOA VISTA,1400100,869,869,241509,241509,195194,199571,1885,2492,20:23:15,127,26,6075,143225,53,37547,5077,2530,29,216,34,255
rr,03077,BONFIM,1400159,49,49,12329,12329,9892,10091,48,151,20:04:48,2,2,126,6564,0,3037,87,58,0,8,2,6
rr,03069,CANTÁ,1400175,72,72,17613,17613,14361,14635,67,207,19:14:13,5,0,275,10037,0,3667,168,192,0,3,0,14
rr,03034,CARACARAÍ,1400209,62,62,15259,15259,12170,12452,90,192,20:58:55,4,1,283,8598,0,2987,174,108,0,6,0,9
rr,03000,CAROEBE,1400233,30,30,7649,7649,6473,6612,46,93,19:15:22,2,2,108,4989,0,1201,89,72,0,6,0,4
rr,03026,IRACEMA,1400282,30,30,7593,7593,5983,6153,49,121,18:28:19,0,1,173,4384,2,1295,65,54,2,2,1,4
rr,03093,MUCAJAÍ,1400308,61,61,14383,14383,11734,12003,76,193,19:22:43,4,2,228,9218,1,2022,142,109,0,4,0,4
rr,03115,NORMANDIA,1400407,42,42,9686,9686,8247,8367,24,96,20:07:43,1,0,151,4440,1,3558,57,33,1,2,0,3
rr,03123,PACARAIMA,1400456,42,42,9762,9762,7941,8084,29,114,20:58:46,6,2,120,4619,0,3065,86,37,1,3,0,2
rr,03085,RORAINÓPOLIS,1400472,96,96,23761,23761,18594,19054,127,333,20:10:46,5,3,408,13503,3,4189,314,135,0,14,3,17
rr,03131,SÃO JOÃO DA BALIZA,1400506,23,23,5728,5728,4729,4843,38,76,18:48:39,1,0,108,3319,0,1154,74,61,0,6,0,6
rr,03158,SÃO LUIZ,1400605,25,25,6082,6082,4983,5114,32,99,18:47:41,1,1,111,3513,0,1240,65,46,1,3,0,2
rr,03107,UIRAMUTÃ,1400704,38,38,9128,9128,7795,7926,7,124,21:06:14,0,0,48,2327,0,5375,23,19,0,0,0,3
sc,80225,ABDON BATISTA,4200051,9,9,2681,2681,2192,2241,20,29,20:13:53,2,0,55,1421,0,650,20,39,0,4,0,1
sc,80012,ABELARDO LUZ,4200101,45,45,12625,12625,9346,9585,125,114,19:04:15,1,1,193,5619,1,3207,160,136,1,9,2,16
sc,80039,AGROLÂNDIA,4200200,26,26,8211,8211,6777,6967,101,89,19:01:42,4,2,124,5357,0,1091,98,86,0,4,0,11
sc,80055,AGRONÔMICA,4200309,16,16,4554,4554,3925,4019,31,63,19:02:51,0,0,70,3193,0,522,74,58,0,5,0,3
sc,80136,ALFREDO WAGNER,4200705,28,28,8139,8139,6835,7007,88,84,18:48:45,2,0,159,5242,2,1202,107,117,0,0,0,4
sc,81302,ALTO BELA VISTA,4200754,7,7,1764,1764,1443,1496,22,31,18:28:23,3,0,47,897,0,372,46,73,0,2,0,3
sc,80152,ANCHIETA,4200804,17,17,4991,4991,4041,4175,57,77,19:09:30,1,0,112,2330,2,1403,88,98,0,2,0,5
sc,80179,ANGELINA,4200903,18,18,5017,5017,4227,4390,85,78,18:57:38,0,0,169,2605,0,1227,90,116,1,3,0,16
sc,80195,ANITA GARIBALDI,4201000,27,27,6943,6943,5356,5608,140,112,19:09:29,2,0,181,2878,1,2098,117,68,0,3,0,8
sc,80217,ANITÁPOLIS,4201109,13,13,3343,3343,2739,2832,44,49,18:57:39,1,1,82,1806,0,715,52,70,0,4,0,8
sc,80233,ANTÔNIO CARLOS,4201208,28,28,9356,9356,7907,8116,81,128,20:07:51,2,0,207,6045,0,1194,197,224,0,4,1,33
sc,80063,APIÚNA,4201257,34,34,8375,8375,6763,6985,96,126,19:23:56,4,0,140,4944,0,1329,177,123,1,7,0,38
sc,80489,ARABUTÃ,4201273,13,13,3907,3907,3284,3393,36,73,19:09:29,0,0,115,2228,0,798,59,70,0,3,0,11
sc,80250,ARAQUARI,4201307,78,78,28342,28342,21581,22246,354,311,20:49:01,13,3,519,14615,7,5469,571,314,2,20,5,43
sc,80276,ARARANGUÁ,4201406,159,159,55064,55064,42701,43949,577,671,20:45:50,9,8,1268,28755,15,10473,1263,739,3,46,4,118
sc,80292,ARMAZÉM,4201505,23,23,7195,7195,5999,6141,60,82,19:00:16,2,0,151,4379,2,1236,105,110,1,2,3,8
sc,80314,ARROIO TRINTA,4201604,11,11,3124,3124,2559,2613,23,31,18:12:21,1,0,71,1903,0,432,60,81,0,5,0,6
sc,80802,ARVOREDO,4201653,9,9,2620,2620,2203,2246,21,22,18:13:32,0,0,67,1271,0,699,55,105,0,0,0,6
sc,80330,ASCURRA,4201703,23,23,6551,6551,5218,5405,91,96,19:07:27,0,2,102,4130,2,740,148,64,1,5,1,23
sc,80357,ATALANTA,4201802,13,13,2919,2919,2498,2550,28,24,18:59:09,2,0,55,2014,0,340,47,33,1,3,0,3
sc,80373,AURORA,4201901,21,21,5541,5541,4792,4881,45,44,20:10:32,1,0,108,3878,0,619,104,68,0,1,0,13
sc,81728,BALNEÁRIO ARROIO DO SILVA,4201950,37,37,13141,13141,9859,10217,164,194,19:23:56,2,4,252,6027,4,3146,222,173,2,13,0,14
sc,80683,BALNEÁRIO BARRA DO SUL,4202057,32,32,11418,11418,8571,8792,89,132,19:29:40,1,3,191,5884,5,2151,185,126,1,6,1,17
sc,80390,BALNEÁRIO CAMBORIÚ,4202008,318,318,111138,111138,83989,85936,814,1133,20:25:41,24,15,2397,59601,38,17694,2547,1154,8,82,6,423
sc,81744,BALNEÁRIO GAIVOTA,4202073,37,37,12988,12988,9630,9920,129,161,19:29:41,2,1,341,6116,1,2788,216,136,2,6,0,21
sc,82511,BALNEÁRIO PIÇARRAS,4212809,69,69,23277,23277,17208,17702,229,265,19:20:58,5,5,501,12090,7,3927,401,202,2,19,0,49
sc,83909,BALNEÁRIO RINCÃO,4220000,39,39,13698,13698,10215,10558,158,185,20:23:49,3,2,201,6580,3,3019,200,185,1,8,0,13
sc,81582,BANDEIRANTE,4202081,10,10,2976,2976,2396,2474,41,37,18:14:08,2,0,59,1325,0,866,60,78,0,1,0,5
sc,81760,BARRA BONITA,4202099,7,7,1855,1855,1520,1572,33,19,18:27:08,0,0,40,844,0,520,39,72,0,1,0,4
sc,80411,BARRA VELHA,4202107,88,88,29651,29651,22295,22988,339,354,20:56:18,12,8,566,16003,4,4892,452,273,3,16,0,66
sc,81221,BELA VISTA DO TOLDO,4202131,19,19,5321,5321,4241,4395,92,62,19:23:06,1,0,90,2949,1,1012,60,117,3,0,0,8
sc,80748,BELMONTE,4202156,8,8,2400,2400,1978,2039,33,28,17:51:34,0,0,47,1285,0,568,29,43,0,2,0,4
sc,80438,BENEDITO NOVO,4202206,27,27,8293,8293,6763,6986,107,116,19:21:02,0,1,151,5394,2,886,179,127,1,4,0,18
sc,80454,BIGUAÇU,4202305,166,166,57679,57679,44237,46142,888,1017,19:04:34,14,9,1580,27718,20,12501,1409,786,5,68,4,123
sc,80470,BLUMENAU,4202404,754,754,269370,269370,210793,218352,2932,4627,19:13:52,96,60,6936,145080,95,43960,8687,4087,47,309,33,1403
sc,81280,BOCAINA DO SUL,4202438,10,10,3180,3180,2628,2708,38,42,21:01:03,0,0,48,1706,0,778,19,76,0,1,0,0
sc,83895,BOM JARDIM DA SERRA,4202503,14,14,3852,3852,2957,3042,44,41,19:29:40,0,0,82,1820,0,977,29,44,1,0,0,4
sc,81388,BOM JESUS,4202537,8,8,2593,2593,2131,2177,15,31,19:14:57,0,0,54,1171,0,838,36,28,0,2,0,2
sc,81469,BOM JESUS DO OESTE,4202578,9,9,1876,1876,1593,1642,26,23,18:54:43,1,0,54,1070,0,416,17,28,1,0,1,5
sc,80497,BOM RETIRO,4202602,25,25,6588,6588,5172,5336,77,87,19:08:13,1,2,135,3493,0,1324,104,105,0,1,0,7
sc,80985,BOMBINHAS,4202453,54,54,19110,19110,14532,15061,184,345,20:56:36,1,4,416,9935,3,3478,444,123,3,19,0,106
sc,80519,BOTUVERÁ,4202701,18,18,4908,4908,4046,4235,88,101,19:21:00,0,3,68,3117,3,691,85,64,1,5,1,8
sc,80535,BRAÇO DO NORTE,4202800,76,76,25562,25562,20835,21378,275,268,19:13:52,4,6,562,15991,4,3229,589,380,0,23,6,41
sc,80420,BRAÇO DO TROMBUDO,4202859,11,11,3307,3307,2787,2846,31,28,18:56:22,3,1,50,2206,1,415,63,41,0,1,0,6
sc,81787,BRUNÓPOLIS,4202875,12,12,2907,2907,2328,2397,34,35,19:20:59,0,0,32,1469,0,774,24,26,0,0,0,3
sc,80551,BRUSQUE,4202909,283,283,101563,101563,82198,84692,1179,1315,19:30:23,33,12,2298,61228,33,14981,2239,998,14,73,12,277
sc,80594,CAIBI,4203105,19,19,5294,5294,4304,4401,37,60,19:29:39,0,0,77,3145,2,940,68,63,0,1,0,8
sc,80667,CALMON,4203154,12,12,3186,3186,2355,2432,38,39,19:25:46,0,0,51,906,1,1318,43,30,0,3,0,3
sc,80616,CAMBORIÚ,4203204,167,167,62278,62278,46696,48278,744,838,20:53:27,13,9,1353,32572,13,10583,1367,652,2,32,9,91
sc,80632,CAMPO ALEGRE,4203303,29,29,10133,10133,8075,8298,119,104,20:10:32,2,1,166,6398,0,1180,138,162,1,5,1,21
sc,80659,CAMPO BELO DO SUL,4203402,23,23,5981,5981,4606,4811,103,102,20:44:52,0,0,88,2657,0,1722,38,99,0,0,0,2
sc,80675,CAMPO ERÊ,4203501,26,26,7540,7540,5818,6015,86,111,18:44:27,1,1,150,2932,0,2575,92,58,0,1,0,8
sc,80691,CAMPOS NOVOS,4203600,90,90,26900,26900,20264,20968,440,264,20:17:01,3,3,431,13738,2,5321,380,322,4,7,1,52
sc,80713,CANELINHA,4203709,30,30,10123,10123,7965,8284,162,157,19:13:51,0,2,163,5930,0,1597,154,110,0,4,0,5
sc,80730,CANOINHAS,4203808,132,132,42693,42693,32552,33805,766,487,20:13:05,10,8,1119,22012,7,7871,712,737,2,22,4,48
sc,80756,CAPINZAL,4203907,57,57,17174,17174,13517,13971,213,241,18:45:13,2,0,352,8630,0,3900,357,225,0,2,4,45
sc,81027,CAPIVARI DE BAIXO,4203956,59,59,18207,18207,14455,14976,238,283,18:59:30,7,0,471,9234,5,4091,407,204,1,7,2,26
sc,81248,CAPÃO ALTO,4203253,11,11,3120,3120,2501,2576,42,33,20:56:54,3,0,86,1598,1,673,45,93,0,0,0,2
sc,80772,CATANDUVAS,4204004,25,25,8118,8118,6726,6922,109,87,19:21:02,0,1,186,4408,0,1862,122,130,2,4,1,10
sc,80799,CAXAMBU DO SUL,4204103,17,17,4374,4374,3619,3729,54,56,18:42:10,0,0,45,1931,0,1501,66,68,0,3,0,5
sc,80578,CAÇADOR,4203006,175,175,53297,53297,39395,41071,923,753,20:07:50,22,2,1341,23758,11,12361,1055,720,2,22,3,98
sc,80268,CELSO RAMOS,4204152,9,9,2766,2766,2208,2292,45,39,19:07:04,2,1,48,1274,0,760,87,31,0,1,4,0
sc,80381,CERRO NEGRO,4204178,13,13,3206,3206,2582,2668,38,48,20:49:24,0,0,48,1211,0,1240,42,38,0,2,0,1
sc,81701,CHAPADÃO DO LAGEADO,4204194,9,9,2708,2708,2333,2397,33,31,18:44:27,1,0,84,1666,0,466,39,76,0,0,0,1
sc,80810,CHAPECÓ,4204202,458,458,164327,164327,130696,134475,1879,1900,19:24:16,34,15,3586,80783,41,39204,3803,2673,15,138,11,393
sc,80306,COCAL DO SUL,4204251,47,47,14810,14810,11372,11744,133,239,19:20:59,4,0,355,8114,3,2205,405,247,1,5,0,33
sc,80837,CONCÓRDIA,4204301,193,193,60391,60391,47520,48952,717,715,20:57:51,6,4,1412,32573,9,11047,1336,989,4,27,7,106
sc,81043,CORDILHEIRA ALTA,4204350,12,12,4131,4131,3499,3589,51,39,19:20:59,0,2,87,2330,0,950,54,73,0,0,0,3
sc,80853,CORONEL FREITAS,4204400,26,26,8081,8081,6576,6781,103,102,19:21:02,1,1,116,4177,0,2070,93,96,0,1,0,21
sc,81108,CORONEL MARTINS,4204459,7,7,2010,2010,1631,1690,30,29,17:40:32,1,0,34,940,1,576,20,53,0,1,0,5
sc,83950,CORREIA PINTO,4204558,44,44,12108,12108,9662,10038,213,163,21:27:32,2,0,203,5636,2,3446,179,179,1,4,0,10
sc,80870,CORUPÁ,4204509,39,39,11990,11990,10010,10361,138,213,20:11:13,3,3,298,7582,1,1709,205,164,0,9,0,36
sc,80896,CRICIÚMA,4204608,446,446,154435,154435,118581,122582,1907,2094,20:35:23,35,30,3529,79745,61,27729,4333,2612,17,117,11,362
sc,80918,CUNHA PORÃ,4204707,27,27,8864,8864,7445,7691,104,142,19:29:39,0,1,115,6072,4,945,161,125,1,3,0,18
sc,81620,CUNHATAÍ,4204756,5,5,1868,1868,1611,1652,22,19,18:44:46,1,0,42,1140,0,339,41,46,0,0,0,2
sc,80934,CURITIBANOS,4204806,104,104,31343,31343,22867,23999,672,460,19:20:59,4,5,627,14572,6,6653,504,428,1,19,6,42
sc,80950,DESCANSO,4204905,23,23,7241,7241,5972,6123,76,75,18:58:11,1,0,196,3808,2,1625,162,156,1,1,0,20
sc,80977,DIONÍSIO CERQUEIRA,4205001,42,42,12090,12090,8829,9086,106,151,18:30:19,3,2,152,5130,5,3222,197,105,1,5,0,7
sc,80993,DONA EMMA,4205100,11,11,3429,3429,2763,2860,42,55,19:23:56,1,1,89,1949,1,526,105,80,0,0,0,11
sc,80080,DOUTOR PEDRINHO,4205159,10,10,3081,3081,2483,2556,38,35,19:02:52,0,1,84,1905,1,366,65,57,1,2,0,1
sc,81426,ENTRE RIOS,4205175,9,9,3097,3097,2520,2592,31,41,19:20:58,0,0,35,1040,0,1393,21,28,0,1,1,1
sc,81167,ERMO,4205191,8,8,2711,2711,2322,2368,21,25,18:58:11,0,0,55,1748,0,433,46,36,0,0,0,4
sc,81019,ERVAL VELHO,4205209,13,13,3844,3844,3118,3215,46,51,18:56:21,5,0,58,2223,1,705,36,88,0,2,0,0
sc,81035,FAXINAL DOS GUEDES,4205308,27,27,8705,8705,7058,7336,128,150,19:13:00,0,1,166,3690,1,2898,144,143,0,4,1,10
sc,81604,FLOR DO SERTÃO,4205357,6,6,1772,1772,1439,1492,30,23,18:13:32,1,0,84,815,0,474,31,30,0,0,1,3
sc,81051,FLORIANÓPOLIS,4205407,1207,1207,423969,423969,326832,337472,4419,6221,19:08:14,185,86,12129,158954,265,133443,12075,6341,132,912,70,2240
sc,80888,FORMOSA DO SUL,4205431,8,8,2622,2622,2080,2140,35,25,18:30:19,0,0,77,1147,0,795,24,33,0,0,3,1
sc,81060,FORQUILHINHA,4205456,67,67,22444,22444,18132,18619,256,231,20:11:37,5,3,424,12705,3,4187,475,283,1,15,2,29
sc,81078,FRAIBURGO,4205506,93,93,26265,26265,20255,21030,408,367,19:28:58,4,2,557,13478,3,5350,440,370,2,12,3,34
sc,81329,FREI ROGÉRIO,4205555,10,10,2251,2251,1860,1915,31,24,19:07:28,1,0,54,1282,0,456,29,32,0,1,0,5
sc,81094,GALVÃO,4205605,12,12,2750,2750,2232,2317,46,39,18:09:24,0,0,40,1408,1,718,29,33,0,1,0,2
sc,81132,GAROPABA,4205704,72,72,24086,24086,18645,19276,288,343,20:25:04,1,5,691,11018,9,6126,482,200,3,17,1,92
sc,81159,GARUVA,4205803,38,38,12187,12187,9616,9930,152,162,18:43:15,5,0,199,6926,0,2085,237,140,2,7,2,13
sc,81175,GASPAR,4205902,148,148,51557,51557,40509,41865,614,742,19:23:56,8,9,1137,28827,8,8375,1298,630,5,54,4,154
sc,81116,GOVERNADOR CELSO RAMOS,4206009,50,50,16835,16835,13566,13967,173,228,20:42:23,1,2,395,10068,3,2564,310,180,0,16,1,26
sc,81213,GRAVATAL,4206207,31,31,9437,9437,7846,8020,96,78,19:07:28,0,0,236,5778,3,1483,162,154,0,2,0,28
sc,81191,GRÃO-PARÁ,4206108,22,22,5610,5610,4771,4935,72,92,19:22:14,2,0,145,3689,0,747,86,88,1,3,0,10
sc,81230,GUABIRUBA,4206306,48,48,17162,17162,14374,14901,252,275,20:54:14,3,2,397,10921,5,2416,370,202,1,18,1,38
sc,81256,GUARACIABA,4206405,31,31,8880,8880,7509,7715,108,98,19:02:30,1,3,189,4697,1,2180,199,223,2,3,2,9
sc,81272,GUARAMIRIM,4206504,98,98,33628,33628,26572,27273,362,339,18:44:28,9,4,706,19367,5,5229,729,418,1,28,3,73
sc,81299,GUARUJÁ DO SUL,4206603,14,14,3992,3992,3127,3237,53,57,18:37:34,0,0,91,1938,0,937,87,63,0,4,0,7
sc,80527,GUATAMBÚ,4206652,21,21,6236,6236,5133,5293,77,83,18:54:43,3,0,106,2561,0,2228,86,133,0,3,0,13
sc,81310,HERVAL D'OESTE,4206702,56,56,16804,16804,13098,13479,202,179,19:29:39,4,2,341,8620,5,3533,283,276,0,8,0,26
sc,81400,IBIAM,4206751,6,6,1985,1985,1627,1656,16,13,17:21:12,0,1,35,1098,0,423,20,44,0,0,0,6
sc,81337,IBICARÉ,4206801,14,14,3018,3018,2460,2535,37,38,18:17:13,0,0,48,1831,0,492,44,38,1,3,0,3
sc,81353,IBIRAMA,4206900,45,45,15466,15466,11715,12112,162,235,20:50:04,3,4,363,8560,4,2108,397,211,2,11,1,51
sc,81396,ILHOTA,4207106,38,38,12431,12431,9698,10029,142,189,19:07:28,4,2,209,7287,2,1773,230,157,2,7,0,25
sc,81418,IMARUÍ,4207205,33,33,10187,10187,7689,8030,147,194,19:22:13,1,2,202,4200,1,2996,174,98,1,4,1,9
sc,81434,IMBITUBA,4207304,120,120,42184,42184,30883,32129,547,699,19:29:39,10,6,1077,17603,11,10648,958,451,5,35,4,75
sc,81450,IMBUIA,4207403,20,20,5201,5201,4408,4552,72,72,19:07:04,1,0,123,3419,0,707,61,93,3,0,0,1
sc,81477,INDAIAL,4207502,154,154,50898,50898,39596,41003,563,844,19:24:16,12,7,1212,29041,5,7033,1414,619,7,45,12,189
sc,81361,IOMERÊ,4207577,9,9,2888,2888,2433,2494,36,25,19:23:56,1,0,86,1795,0,442,42,54,1,4,0,8
sc,81493,IPIRA,4207601,13,13,3857,3857,3234,3352,65,53,19:08:41,0,0,96,2011,1,987,69,59,0,0,0,11
sc,80020,IPORÃ DO OESTE,4207650,29,29,7715,7715,6326,6538,96,116,19:31:57,2,0,230,4358,4,1331,170,212,0,2,0,17
sc,80829,IPUAÇU,4207684,20,20,5697,5697,4416,4540,46,78,19:21:02,0,1,89,1777,0,2442,40,61,1,1,0,4
sc,81515,IPUMIRIM,4207700,18,18,6026,6026,4624,4834,95,115,18:28:23,2,0,161,2603,0,1598,131,114,1,4,0,10
sc,80187,IRACEMINHA,4207759,14,14,3717,3717,3160,3234,41,33,18:48:45,0,0,87,2230,0,706,50,75,0,2,0,10
sc,81531,IRANI,4207809,25,25,7724,7724,6211,6434,132,91,19:00:44,0,0,255,3882,0,1806,129,132,0,2,0,5
sc,80861,IRATI,4207858,7,7,2036,2036,1627,1682,26,29,18:32:12,0,0,33,910,0,635,16,31,0,1,0,1
sc,81558,IRINEÓPOLIS,4207908,29,29,8228,8228,6618,6844,114,112,20:56:18,1,0,194,4607,2,1540,143,119,0,3,1,8
sc,81590,ITAIÓPOLIS,4208104,54,54,16680,16680,13178,13654,261,215,19:13:00,2,2,253,10200,1,2249,244,206,0,10,2,9
sc,81612,ITAJAÍ,4208203,525,525,183857,183857,143782,148540,2231,2527,20:39:21,47,33,4356,98583,56,33204,4651,2080,20,193,24,535
sc,81639,ITAPEMA,4208302,168,168,60041,60041,45792,46829,460,577,20:27:01,6,6,1166,34048,7,8758,1249,385,10,29,2,126
sc,81655,ITAPIRANGA,4208401,42,42,12187,12187,9706,9945,103,136,19:21:01,0,0,307,6821,3,1941,295,306,2,6,2,23
sc,81663,ITAPOÁ,4208450,59,59,21623,21623,15764,16344,253,327,19:21:00,3,2,443,10514,6,4072,368,278,2,22,2,52
sc,81671,ITUPORANGA,4208500,67,67,19872,19872,16368,16751,197,186,18:46:34,2,3,358,12866,1,2473,342,288,0,6,3,26
sc,81574,ITÁ,4208005,21,21,5888,5888,4798,4955,69,88,19:21:01,0,0,193,2666,1,1588,198,126,0,7,0,19
sc,81370,IÇARA,4207007,135,135,43842,43842,34389,35401,485,527,19:29:40,10,6,866,24515,8,7254,1050,586,1,19,4,70
sc,81698,JABORÁ,4208609,13,13,3843,3843,3268,3342,31,43,18:44:28,0,0,100,2325,1,703,46,85,0,1,0,7
sc,81710,JACINTO MACHADO,4208708,29,29,9165,9165,7421,7654,121,112,19:23:06,2,2,184,5619,4,1304,172,112,0,4,1,17
sc,81736,JAGUARUNA,4208807,52,52,16425,16425,12997,13414,230,187,19:14:10,3,2,359,9193,4,2949,277,160,0,7,2,41
sc,81752,JARAGUÁ DO SUL,4208906,384,384,131454,131454,108628,111510,1262,1620,19:12:45,29,32,3196,78938,40,20528,3450,1628,23,164,13,587
sc,81140,JARDINÓPOLIS,4208955,6,6,1699,1699,1450,1490,25,15,18:33:45,0,0,59,882,0,443,36,26,0,0,0,4
sc,81779,JOAÇABA,4209003,79,79,22370,22370,17548,18023,247,228,18:50:18,6,3,497,12319,3,3863,440,342,2,16,2,55
sc,81795,JOINVILLE,4209102,1234,1234,443225,443225,352869,364105,4761,6475,20:17:21,170,72,10874,246309,147,72919,13253,5809,51,527,48,2690
sc,80101,JOSÉ BOITEUX,4209151,17,17,4540,4540,3623,3708,36,49,20:13:05,4,0,77,2222,1,1183,77,49,1,1,0,8
sc,81540,JUPIÁ,4209177,8,8,2255,2255,1862,1916,22,32,18:12:41,1,0,61,1105,1,629,29,36,0,0,0,0
sc,81817,LACERDÓPOLIS,4209201,8,8,1979,1979,1690,1738,24,24,18:56:22,0,0,39,1280,0,312,20,34,0,2,0,3
sc,81833,LAGES,4209300,393,393,125222,125222,95422,98934,1974,1538,20:56:18,29,20,2894,62339,18,25809,2332,1707,14,88,11,161
sc,81850,LAGUNA,4209409,118,118,36422,36422,27698,28784,516,570,19:29:39,10,9,830,15914,8,9505,842,492,2,30,1,55
sc,80586,LAJEADO GRANDE,4209458,6,6,1593,1593,1338,1371,22,11,17:21:56,0,0,33,893,0,362,15,32,0,0,0,3
sc,81876,LAURENTINO,4209508,19,19,6020,6020,5163,5327,76,88,18:27:10,1,0,137,3919,1,896,128,60,1,5,1,14
sc,81892,LAURO MÜLLER,4209607,44,44,12330,12330,9642,10074,181,251,19:10:41,2,0,293,6226,3,2607,240,250,0,2,0,19
sc,81914,LEBON RÉGIS,4209706,30,30,8737,8737,6600,6913,168,145,20:13:53,0,2,203,3245,0,2899,144,90,0,5,3,9
sc,81930,LEOBERTO LEAL,4209805,12,12,3293,3293,2726,2834,57,51,19:25:22,0,0,88,1968,0,542,42,78,0,3,0,5
sc,80047,LINDÓIA DO SUL,4209854,13,13,3810,3810,2979,3064,42,43,19:29:40,1,0,108,1949,0,773,51,88,0,4,0,5
sc,81957,LONTRAS,4209904,31,31,9347,9347,7470,7717,124,123,19:29:39,3,0,170,5686,0,1307,189,85,2,5,1,22
sc,81973,LUIZ ALVES,4210001,33,33,10211,10211,8731,8927,91,105,20:10:32,1,0,183,6909,1,1270,207,127,0,3,0,30
sc,81809,LUZERNA,4210035,19,19,4829,4829,4172,4267,50,45,18:44:45,0,1,125,3164,1,675,91,92,0,3,1,19
sc,80900,MACIEIRA,4210050,7,7,2360,2360,1869,1922,30,23,20:13:53,0,0,44,1107,1,646,24,45,0,2,0,0
sc,81990,MAFRA,4210100,136,136,42431,42431,33223,34619,818,578,19:20:58,9,11,1073,24036,3,6418,866,698,7,29,7,66
sc,82015,MAJOR GERCINO,4210209,12,12,3305,3305,2516,2616,47,53,19:28:58,0,0,79,1770,1,566,44,44,1,6,0,5
sc,82031,MAJOR VIEIRA,4210308,21,21,6050,6050,4748,4973,115,110,19:02:30,1,0,136,3173,0,1185,113,129,0,2,4,5
sc,83917,MARACAJÁ,4210407,20,20,6447,6447,5333,5512,84,95,20:46:01,0,1,187,3585,1,1296,129,116,1,7,0,10
sc,82058,MARAVILHA,4210506,60,60,20395,20395,16709,17120,198,213,18:44:28,10,2,574,11639,1,3684,473,269,2,15,1,39
sc,82066,MAREMA,4210555,9,9,2215,2215,1827,1880,25,28,18:19:24,0,1,27,1225,0,494,37,42,0,0,0,1
sc,82074,MASSARANDUBA,4210605,43,43,13335,13335,10965,11271,123,183,19:08:14,4,1,247,8736,0,1434,262,243,1,6,2,29
sc,82090,MATOS COSTA,4210704,10,10,2463,2463,1823,1902,48,31,18:55:39,1,0,47,911,0,785,42,37,0,0,0,0
sc,82112,MELEIRO,4210803,18,18,5868,5868,5026,5146,62,58,18:58:11,3,1,105,3938,1,792,98,76,0,1,0,11
sc,80365,MIRIM DOCE,4210852,9,9,2265,2265,1903,1951,29,19,19:24:42,0,0,37,1407,0,405,33,18,0,0,0,3
sc,82139,MODELO,4210902,12,12,3479,3479,2964,3036,40,32,18:11:03,0,0,122,1865,0,788,95,88,1,1,0,4
sc,82155,MONDAÍ,4211009,28,28,7441,7441,6233,6405,60,112,20:35:23,0,1,215,3721,0,1910,210,155,0,6,0,15
sc,80004,MONTE CARLO,4211058,24,24,6989,6989,5233,5522,178,111,19:25:46,1,4,144,2860,0,2053,101,63,1,1,0,5
sc,82171,MONTE CASTELO,4211108,25,25,6982,6982,5537,5765,129,99,20:55:04,2,1,167,3503,1,1677,99,79,1,2,0,5
sc,82198,MORRO DA FUMAÇA,4211207,41,41,14207,14207,11390,11673,151,132,19:20:59,3,3,260,8875,0,1799,286,144,0,2,1,17
sc,81086,MORRO GRANDE,4211256,8,8,2721,2721,2308,2367,31,28,18:50:02,0,0,59,1774,0,388,44,38,0,1,0,4
sc,82210,NAVEGANTES,4211306,208,208,66392,66392,49822,51547,847,878,20:07:51,9,4,1769,32775,15,12780,1578,680,6,54,2,150
sc,82236,NOVA ERECHIM,4211405,13,13,4037,4037,3321,3417,37,59,18:20:10,1,0,71,2054,1,1006,90,84,0,2,1,11
sc,80322,NOVA ITABERABA,4211454,13,13,3921,3921,3351,3442,49,42,19:04:48,0,0,84,1831,0,1286,48,92,0,3,1,6
sc,82252,NOVA TRENTO,4211504,34,34,11343,11343,9204,9549,161,184,19:25:46,5,3,238,6982,0,1588,215,153,0,9,1,10
sc,82279,NOVA VENEZA,4211603,38,38,12429,12429,10238,10484,126,120,20:05:06,1,1,186,7814,0,1807,231,177,0,2,2,17
sc,80764,NOVO HORIZONTE,4211652,11,11,2570,2570,2116,2180,32,32,18:28:22,0,0,34,1334,0,663,32,42,1,1,0,9
sc,82295,ORLEANS,4211702,61,61,19333,19333,15323,15775,222,230,19:10:40,2,4,260,12012,4,2357,359,275,2,7,1,40
sc,83976,OTACÍLIO COSTA,4211751,47,47,12683,12683,10362,10699,180,157,18:58:11,1,2,289,6918,0,2729,217,177,0,8,1,20
sc,82317,OURO,4211801,22,22,5678,5678,4595,4755,75,85,18:46:34,2,2,130,3286,0,981,98,84,0,4,0,8
sc,80845,OURO VERDE,4211850,6,6,2040,2040,1668,1718,25,25,19:14:57,0,0,35,1124,0,461,20,27,0,0,0,1
sc,81442,PAIAL,4211876,7,7,1999,1999,1631,1676,26,19,17:21:56,0,0,34,829,0,679,24,55,0,2,0,8
sc,81264,PAINEL,4211892,8,8,2599,2599,2072,2125,27,26,20:50:25,1,0,75,1231,0,678,26,59,0,0,0,2
sc,82333,PALHOÇA,4211900,415,415,154633,154633,119629,124348,2206,2513,20:58:12,39,20,4464,74587,67,33189,4644,1950,26,181,12,450
sc,82350,PALMA SOLA,4212007,18,18,5410,5410,4354,4492,70,68,18:39:56,0,1,142,2327,2,1704,92,81,0,2,1,2
sc,81566,PALMEIRA,4212056,10,10,3317,3317,2631,2709,32,46,19:30:03,0,0,67,1731,0,718,54,59,0,0,1,1
sc,82376,PALMITOS,4212106,43,43,12297,12297,9850,10125,148,127,18:57:38,2,1,215,7084,2,2100,159,254,1,9,3,20
sc,82392,PAPANDUVA,4212205,54,54,14658,14658,11560,12135,354,221,19:09:50,1,1,261,7387,5,3459,211,214,0,7,0,14
sc,80705,PARAÍSO,4212239,14,14,3609,3609,2853,2957,54,50,19:11:50,0,0,70,1570,1,1057,60,90,0,2,0,3
sc,80403,PASSO DE TORRES,4212254,26,26,9128,9128,7010,7246,113,123,20:36:11,2,1,218,4487,2,1980,174,120,1,10,0,15
sc,80624,PASSOS MAIA,4212270,12,12,3505,3505,2681,2761,35,45,19:12:46,0,0,55,1376,0,1159,25,64,0,1,1,0
sc,82414,PAULO LOPES,4212304,24,24,7411,7411,6030,6251,106,115,19:30:22,0,2,154,4047,1,1618,99,91,0,5,1,12
sc,82430,PEDRAS GRANDES,4212403,17,17,4152,4152,3320,3444,57,67,19:24:16,0,0,83,2483,0,596,99,52,0,3,0,4
sc,82457,PENHA,4212502,76,76,26267,26267,19878,20511,283,350,20:10:32,6,4,704,13945,6,4288,578,280,2,13,3,49
sc,82473,PERITIBA,4212601,10,10,2879,2879,2485,2554,34,35,18:45:13,0,0,84,1837,0,465,34,55,0,1,0,9
sc,83925,PESCARIA BRAVA,4212650,27,27,8428,8428,7136,7383,120,127,19:20:58,3,0,240,4361,1,2189,180,132,0,9,0,21
sc,82490,PETROLÂNDIA,4212700,20,20,5523,5523,4747,4861,55,59,18:43:16,0,2,63,3708,0,786,93,84,0,2,0,9
sc,82538,PINHALZINHO,4212908,42,42,15631,15631,12740,13146,174,232,18:30:20,2,1,467,7827,5,3748,343,294,4,10,1,38
sc,82554,PINHEIRO PRETO,4213005,8,8,3010,3010,2370,2440,38,32,18:57:39,0,0,57,1567,0,619,58,55,1,3,0,10
sc,82570,PIRATUBA,4213104,18,18,5246,5246,4304,4446,55,87,18:54:44,0,0,117,2914,0,1048,115,102,0,0,0,8
sc,80543,PLANALTO ALEGRE,4213153,11,11,2907,2907,2392,2488,41,55,18:17:33,0,1,51,1208,1,1017,40,66,0,0,0,8
sc,82597,POMERODE,4213203,79,79,27227,27227,21207,21941,281,453,19:07:03,10,9,610,15879,4,3408,699,427,5,23,4,129
sc,82619,PONTE ALTA,4213302,18,18,4025,4025,3188,3325,64,73,18:42:11,0,0,37,1945,1,1109,51,38,0,1,2,4
sc,80926,PONTE ALTA DO NORTE,4213351,8,8,2635,2635,1916,2021,48,57,17:28:52,0,0,47,1144,1,682,18,22,0,1,1,0
sc,82635,PONTE SERRADA,4213401,30,30,8142,8142,6184,6390,83,123,18:45:13,1,0,119,3481,1,2392,93,87,1,1,1,7
sc,82651,PORTO BELO,4213500,55,55,20041,20041,15029,15465,200,236,19:08:41,0,1,420,10933,4,3028,469,121,1,14,1,37
sc,82678,PORTO UNIÃO,4213609,82,82,25684,25684,19051,19773,374,348,19:10:40,5,3,590,12554,4,4850,587,386,4,23,5,40
sc,82694,POUSO REDONDO,4213708,37,37,12260,12260,9791,10040,145,104,19:21:03,2,3,176,7576,1,1671,204,139,2,2,2,13
sc,82716,PRAIA GRANDE,4213807,21,21,6688,6688,5377,5553,78,98,19:22:14,1,0,175,3388,2,1530,156,103,0,2,0,20
sc,82732,PRESIDENTE CASTELLO BRANCO,4213906,6,6,1670,1670,1448,1476,17,11,18:46:34,0,0,21,1116,0,244,28,38,0,0,0,1
sc,82759,PRESIDENTE GETÚLIO,4214003,42,42,14268,14268,11464,11794,157,173,20:13:05,4,1,247,8864,1,1866,295,162,0,4,0,20
sc,82775,PRESIDENTE NEREU,4214102,10,10,2237,2237,1804,1866,35,27,18:30:39,0,0,41,1329,0,368,35,26,0,2,0,3
sc,81647,PRINCESA,4214151,9,9,2564,2564,2146,2208,31,31,19:11:50,0,0,63,1430,0,524,61,64,0,0,1,3
sc,82791,QUILOMBO,4214201,24,24,8066,8066,6488,6713,97,128,18:42:09,0,0,181,3764,0,2340,96,93,0,4,1,9
sc,82813,RANCHO QUEIMADO,4214300,12,12,3744,3744,3078,3177,57,42,19:21:00,0,0,75,2237,0,601,107,51,1,0,0,6
sc,82830,RIO DAS ANTAS,4214409,20,20,5383,5383,4384,4519,70,65,18:24:57,1,0,78,3066,0,1059,78,92,0,4,0,6
sc,82856,RIO DO CAMPO,4214508,17,17,5436,5436,4578,4679,47,54,19:22:13,0,1,134,3461,0,805,94,61,1,4,0,17
sc,82872,RIO DO OESTE,4214607,25,25,6043,6043,5019,5155,66,70,19:28:58,0,2,168,3613,0,951,130,129,0,6,0,20
sc,82910,RIO DO SUL,4214805,151,151,51075,51075,40307,41429,493,629,19:11:00,9,5,1195,29363,7,7559,1316,615,3,44,6,185
sc,82899,RIO DOS CEDROS,4214706,30,30,8999,8999,7458,7713,113,142,19:22:37,5,1,150,5703,0,1225,196,156,0,4,4,14
sc,82937,RIO FORTUNA,4214904,16,16,4372,4372,3889,3984,45,50,19:22:13,1,0,70,3141,1,436,95,122,0,0,0,23
sc,82953,RIO NEGRINHO,4215000,100,100,31740,31740,24131,24953,406,416,20:52:24,8,2,694,17568,7,4753,538,464,1,16,6,74
sc,80608,RIO RUFINO,4215059,10,10,2423,2423,1998,2042,31,13,19:23:06,1,0,79,1262,0,586,27,43,0,0,0,0
sc,80560,RIQUEZA,4215075,16,16,3992,3992,3306,3396,42,48,19:24:16,1,0,78,2000,1,1075,66,80,0,1,0,4
sc,82970,RODEIO,4215109,35,35,9464,9464,7845,8157,148,164,19:13:52,4,1,229,5909,3,1299,194,178,2,7,0,19
sc,82996,ROMELÂNDIA,4215208,16,16,4125,4125,3309,3433,75,49,20:14:31,2,1,84,1958,0,1106,70,79,0,1,0,8
sc,83011,SALETE,4215307,21,21,6344,6344,5184,5347,70,93,18:37:34,3,0,178,3849,2,944,112,81,0,3,0,12
sc,81523,SALTINHO,4215356,11,11,3274,3274,2577,2691,68,46,18:48:47,0,0,74,1188,0,1195,63,51,0,5,0,1
sc,83038,SALTO VELOSO,4215406,11,11,3446,3446,2770,2864,35,59,18:44:45,2,0,88,1905,0,665,51,42,1,5,1,10
sc,81000,SANGÃO,4215455,26,26,8877,8877,7197,7363,78,88,19:13:51,0,1,145,5629,0,1237,110,66,0,2,0,7
sc,83054,SANTA CECÍLIA,4215505,38,38,12255,12255,8821,9243,265,157,20:44:52,3,0,142,5603,1,2779,156,124,0,6,0,7
sc,80721,SANTA HELENA,4215554,7,7,2208,2208,1847,1933,47,39,17:58:50,0,0,80,1129,0,559,34,38,0,3,0,4
sc,83070,SANTA ROSA DE LIMA,4215604,8,8,2019,2019,1712,1774,33,29,19:12:45,1,0,64,1150,0,378,32,80,0,1,0,6
sc,80241,SANTA ROSA DO SUL,4215653,24,24,7760,7760,6160,6325,78,87,20:10:32,0,1,185,4328,1,1404,140,79,0,6,0,16
sc,80349,SANTA TEREZINHA,4215679,24,24,6527,6527,5270,5454,121,63,19:30:42,0,1,144,3923,0,1037,87,71,2,1,0,4
sc,81507,SANTA TEREZINHA DO PROGRESSO,4215687,10,10,2456,2456,1920,1997,48,29,19:07:04,0,0,77,918,0,855,28,41,0,1,0,0
sc,81205,SANTIAGO DO SUL,4215695,5,5,1538,1538,1229,1264,14,21,18:44:45,2,1,23,659,0,482,11,44,1,1,2,3
sc,83097,SANTO AMARO DA IMPERATRIZ,4215703,69,69,20294,20294,16733,17289,212,344,18:28:23,9,2,573,11127,8,4073,503,359,2,15,4,58
sc,83410,SAUDADES,4217303,25,25,7589,7589,6507,6674,72,95,18:38:29,1,1,162,4119,2,1751,224,228,1,1,3,14
sc,83437,SCHROEDER,4217402,39,39,14004,14004,11792,12098,140,166,18:44:29,0,0,346,8713,2,2212,331,147,0,13,1,27
sc,83453,SEARA,4217501,45,45,13942,13942,11080,11508,214,214,20:53:27,4,0,379,6368,1,3680,277,326,0,9,2,34
sc,80284,SERRA ALTA,4217550,10,10,2818,2818,2411,2482,40,31,18:57:40,1,0,47,1628,0,631,40,57,0,1,0,6
sc,83470,SIDERÓPOLIS,4217600,34,34,11784,11784,8960,9259,143,156,19:22:14,4,1,245,5856,5,2275,268,282,1,5,1,17
sc,83496,SOMBRIO,4217709,70,70,22226,22226,17938,18470,255,277,19:28:59,4,4,602,12474,8,4082,519,207,0,5,0,33
sc,80446,SUL BRASIL,4217758,11,11,2414,2414,2071,2139,35,33,18:59:30,1,0,53,1137,0,786,41,50,0,0,0,3
sc,83119,SÃO BENTO DO SUL,4215802,185,185,63838,63838,49816,51505,856,833,20:27:00,9,7,1599,36609,16,8730,1581,1024,6,62,3,170
sc,81485,SÃO BERNARDINO,4215752,9,9,2576,2576,2079,2153,33,41,19:01:14,2,0,77,1091,0,843,32,30,0,0,0,4
sc,83135,SÃO BONIFÁCIO,4215901,11,11,2932,2932,2389,2484,52,43,18:57:39,3,0,33,1859,0,354,65,68,0,5,0,2
sc,83151,SÃO CARLOS,4216008,29,29,8222,8222,6767,6971,99,105,18:44:28,3,0,170,4295,1,1933,166,187,1,1,0,10
sc,80942,SÃO CRISTÓVÃO DO SUL,4216057,12,12,3557,3557,2633,2721,53,35,17:21:56,0,0,66,1609,1,870,47,39,0,1,0,0
sc,83178,SÃO DOMINGOS,4216107,26,26,7343,7343,5879,6096,119,98,19:09:29,1,0,116,3697,1,1906,77,73,0,2,3,3
sc,83194,SÃO FRANCISCO DO SUL,4216206,124,124,42667,42667,31081,32132,496,555,20:31:52,11,5,955,20476,11,8196,889,413,5,33,4,83
sc,83259,SÃO JOAQUIM,4216503,67,67,19522,19522,14286,14885,352,247,20:21:29,4,1,454,9202,5,3849,302,426,2,10,3,28
sc,83275,SÃO JOSÉ,4216602,550,550,195574,195574,152032,157752,2496,3224,19:21:00,68,45,5779,89505,79,46951,5780,2730,27,284,26,758
sc,83291,SÃO JOSÉ DO CEDRO,4216701,36,36,10947,10947,9010,9309,145,154,19:31:56,2,1,177,6472,1,1908,218,220,2,4,0,5
sc,83313,SÃO JOSÉ DO CERRITO,4216800,33,33,7722,7722,6370,6586,108,108,21:53:42,0,1,157,3318,0,2665,109,114,0,1,0,5
sc,83216,SÃO JOÃO BATISTA,4216305,65,65,23144,23144,18214,18767,269,284,20:26:41,3,0,441,13834,8,3167,554,153,3,11,0,40
sc,81124,SÃO JOÃO DO ITAPERIÚ,4216354,15,15,4277,4277,3525,3600,27,48,19:01:42,3,1,62,2792,0,574,45,43,0,0,0,5
sc,80640,SÃO JOÃO DO OESTE,4216255,19,19,5102,5102,4379,4494,43,72,19:01:43,2,0,111,3192,7,713,129,195,0,3,0,27
sc,83232,SÃO JOÃO DO SUL,4216404,24,24,7398,7398,6064,6243,98,81,20:55:28,1,1,204,4379,1,1195,133,144,1,1,0,4
sc,83330,SÃO LOURENÇO DO OESTE,4216909,61,61,19026,19026,14874,15319,237,208,19:01:43,2,2,364,9554,2,4243,377,302,1,7,4,16
sc,83356,SÃO LUDGERO,4217006,31,31,9949,9949,8336,8534,113,85,19:08:41,1,2,211,6355,0,1368,243,125,0,5,0,26
sc,83372,SÃO MARTINHO,4217105,11,11,3230,3230,2808,2871,31,32,18:37:18,0,0,101,2185,0,406,60,49,0,2,0,5
sc,80780,SÃO MIGUEL DA BOA VISTA,4217154,5,5,1757,1757,1416,1453,14,23,18:44:27,1,0,60,729,0,525,43,56,0,0,1,1
sc,83399,SÃO MIGUEL DO OESTE,4217204,101,101,32021,32021,24896,25505,311,298,18:59:10,3,4,829,16088,8,6383,819,648,3,16,4,91
sc,81183,SÃO PEDRO DE ALCÂNTARA,4217253,14,14,4795,4795,4012,4138,50,76,19:10:41,0,0,113,2785,0,903,99,97,0,4,0,11
sc,83518,TAIÓ,4217808,47,47,14737,14737,11552,11846,128,166,19:02:52,4,1,255,9300,1,1589,215,161,0,8,0,18
sc,83534,TANGARÁ,4217907,26,26,6620,6620,5275,5449,97,77,18:37:16,3,0,123,3817,1,1099,104,114,1,0,0,13
sc,81680,TIGRINHOS,4217956,6,6,2043,2043,1660,1713,34,19,18:28:23,4,0,46,960,0,578,17,51,0,0,0,4
sc,83550,TIJUCAS,4218004,102,102,36911,36911,27890,28818,398,530,19:29:39,11,8,784,19722,8,6064,781,347,2,34,2,127
sc,83933,TIMBÉ DO SUL,4218103,15,15,4542,4542,3796,3909,54,59,20:43:30,0,1,107,2716,1,844,65,57,0,0,0,5
sc,83577,TIMBÓ,4218202,101,101,35846,35846,28673,29611,366,572,19:14:56,8,12,895,21690,9,4416,953,490,5,33,5,157
sc,80209,TIMBÓ GRANDE,4218251,19,19,5898,5898,4279,4446,93,74,21:10:31,0,1,134,2395,0,1621,68,53,0,0,0,7
sc,81345,TREVISO,4218350,13,13,3946,3946,3170,3276,46,60,19:23:56,1,0,125,2015,2,824,87,110,0,1,0,5
sc,83615,TREZE DE MAIO,4218400,20,20,6518,6518,5523,5669,87,59,18:50:01,0,0,124,4455,1,747,125,62,0,2,1,6
sc,83631,TREZE TÍLIAS,4218509,20,20,6439,6439,5331,5464,58,75,18:36:15,1,1,139,4067,0,877,142,87,0,2,0,15
sc,83658,TROMBUDO CENTRAL,4218608,18,18,5524,5524,4515,4626,56,55,18:25:57,2,0,79,3467,0,790,121,44,0,2,0,10
sc,83593,TRÊS BARRAS,4218301,46,46,15074,15074,11154,11704,329,221,19:07:04,1,0,305,6899,2,3332,223,377,3,5,0,7
sc,83674,TUBARÃO,4218707,248,248,82210,82210,64294,66393,891,1208,19:24:16,11,14,1884,45432,23,13559,1985,1010,11,97,11,257
sc,83682,TUNÁPOLIS,4218756,15,15,4043,4043,3494,3596,35,67,19:08:41,2,0,97,2528,4,607,98,135,0,5,1,17
sc,83690,TURVO,4218806,33,33,10409,10409,8752,8943,97,94,20:43:30,3,1,172,6974,5,1284,168,113,2,6,0,24
sc,80144,UNIÃO DO OESTE,4218855,8,8,2463,2463,2026,2067,14,27,17:57:26,1,0,50,1276,0,621,33,42,0,0,0,3
sc,83712,URUBICI,4218905,30,30,8139,8139,6615,6765,74,76,18:37:17,2,0,173,4822,2,1327,160,116,2,4,0,7
sc,80160,URUPEMA,4218954,8,8,2525,2525,1971,2043,39,33,20:32:12,2,0,76,1241,0,554,30,67,0,0,0,1
sc,83739,URUSSANGA,4219002,53,53,17330,17330,12597,13000,190,213,19:16:15,2,2,390,9183,2,2321,316,334,0,5,2,40
sc,80462,VARGEM,4219150,11,11,2628,2628,2087,2167,41,39,20:19:41,2,1,49,1194,0,777,16,43,1,0,0,4
sc,80969,VARGEM BONITA,4219176,13,13,3962,3962,3211,3305,43,51,19:14:57,0,0,122,1944,0,1049,64,27,0,1,0,4
sc,83755,VARGEÃO,4219101,10,10,2999,2999,2358,2447,47,42,18:57:39,1,0,75,1349,1,818,44,64,0,1,0,5
sc,83771,VIDAL RAMOS,4219200,20,20,5308,5308,4444,4595,78,73,18:57:39,0,2,82,3358,1,827,72,90,1,3,0,8
sc,83798,VIDEIRA,4219309,117,117,39175,39175,29988,30986,517,481,19:28:58,5,8,755,21226,6,6682,674,507,2,36,7,80
sc,80128,VITOR MEIRELES,4219358,16,16,4377,4377,3589,3696,54,53,20:35:22,0,0,96,2504,0,819,95,73,0,1,0,1
sc,83810,WITMARSUM,4219408,11,11,3494,3494,2883,3003,43,77,18:12:07,1,0,94,2103,0,540,67,73,0,0,0,5
sc,83836,XANXERÊ,4219507,113,113,34911,34911,28261,29079,391,427,19:22:37,8,2,847,17483,4,8667,723,435,2,15,4,71
sc,83852,XAVANTINA,4219606,14,14,3388,3388,2826,2927,66,35,19:04:34,1,0,61,1711,1,930,55,49,0,3,1,14
sc,83879,XAXIM,4219705,70,70,22987,22987,18465,19026,291,270,18:33:19,3,1,420,12369,1,4937,361,345,3,7,1,17
sc,81825,ZORTÉA,4219853,10,10,3214,3214,2647,2728,35,46,19:04:48,0,0,55,1631,0,871,57,28,0,3,0,2
sc,80071,ÁGUA DOCE,4200408,19,19,5464,5464,4308,4418,53,57,18:48:45,0,2,69,3112,0,940,82,100,0,1,0,2
sc,80098,ÁGUAS DE CHAPECÓ,4200507,13,13,4732,4732,3750,3872,53,69,19:14:57,1,0,65,1986,0,1542,60,93,0,2,0,1
sc,80500,ÁGUAS FRIAS,4200556,9,9,2566,2566,2205,2259,25,29,18:42:09,0,0,52,1302,1,699,57,85,0,1,0,8
sc,80110,ÁGUAS MORNAS,4200606,23,23,6493,6493,5399,5654,120,135,20:56:36,5,0,192,3818,2,1108,134,118,1,4,1,16
se,31011,AMPARO DE SÃO FRANCISCO,2800100,10,10,3095,3095,2463,2551,30,58,19:17:08,2,0,52,719,0,1618,23,46,0,1,0,2
se,31038,AQUIDABÃ,2800209,68,68,17283,17283,13669,14313,179,465,20:32:26,0,4,354,3403,0,9505,166,223,0,6,1,7
se,31054,ARACAJU,2800308,1354,1354,422179,422179,335671,352202,5839,10692,20:51:31,175,60,12086,125252,156,181481,7431,7916,50,443,54,567
se,31070,ARAUÁ,2800407,35,35,9692,9692,7555,7914,123,236,20:54:58,1,2,147,1602,0,5591,58,143,0,2,2,7
se,31097,AREIA BRANCA,2800506,53,53,15286,15286,12151,13011,286,574,19:29:34,6,0,344,3289,1,8136,158,200,1,11,0,5
se,31119,BARRA DOS COQUEIROS,2800605,112,112,31707,31707,24997,26128,442,689,19:20:55,12,4,759,8676,7,14554,446,487,0,22,2,28
se,31151,BOQUIM,2800670,81,81,22028,22028,16903,17836,293,640,20:54:58,0,1,410,4736,4,11208,197,337,0,3,0,7
se,31135,BREJO GRANDE,2800704,24,24,8118,8118,6017,6321,101,203,21:00:19,1,0,122,1324,0,4448,45,75,0,0,1,1
se,31194,CAMPO DO BRITO,2801009,46,46,15710,15710,12119,12858,215,524,20:10:27,3,1,308,3073,1,8354,152,212,0,5,1,9
se,31216,CANHOBA,2801108,17,17,4709,4709,3821,3990,52,117,20:11:32,0,0,81,735,0,2880,31,90,0,2,0,2
se,31232,CANINDÉ DE SÃO FRANCISCO,2801207,77,77,24727,24727,18018,18887,199,670,20:55:21,0,3,444,4343,8,12724,229,252,1,4,1,9
se,31259,CAPELA,2801306,86,86,27103,27103,19745,21120,453,922,20:48:56,8,5,510,5595,6,12998,215,386,3,4,1,14
se,31275,CARIRA,2801405,59,59,17134,17134,13160,13953,199,594,20:24:59,1,3,291,3576,2,8800,189,279,2,6,2,9
se,31291,CARMÓPOLIS,2801504,42,42,12534,12534,9036,9574,169,369,20:32:25,2,2,213,2721,2,5835,117,132,0,7,1,4
se,31313,CEDRO DE SÃO JOÃO,2801603,17,17,5345,5345,4376,4553,48,129,20:10:27,0,0,83,1353,1,2813,53,67,2,2,1,1
se,31330,CRISTINÁPOLIS,2801702,52,52,14633,14633,10849,11295,151,295,19:14:51,1,0,186,2390,3,7942,137,186,0,2,0,2
se,31372,CUMBE,2801900,17,17,4501,4501,3618,3845,63,164,21:00:40,0,1,109,1268,0,2100,38,99,0,0,0,3
se,31399,DIVINA PASTORA,2802007,14,14,4411,4411,3453,3624,57,114,20:33:55,0,0,64,718,0,2569,32,66,0,4,0,0
se,31410,ESTÂNCIA,2802106,178,178,50966,50966,38852,40967,787,1328,20:56:09,11,7,1033,9428,6,26942,638,734,5,13,1,34
se,31437,FEIRA NOVA,2802205,25,25,6299,6299,5233,5470,55,182,19:10:04,0,0,103,1250,1,3759,43,70,1,3,1,2
se,31453,FREI PAULO,2802304,39,39,13549,13549,10571,11285,232,482,20:56:09,2,0,263,4012,0,5974,75,240,0,3,0,2
se,31496,GARARU,2802403,28,28,9619,9619,7520,7859,86,253,21:05:05,1,2,98,1310,0,5934,47,117,0,5,1,5
se,31470,GENERAL MAYNARD,2802502,12,12,3345,3345,2663,2776,34,79,19:29:34,3,0,80,610,1,1874,28,60,0,4,0,3
se,31518,GRACCHO CARDOSO,2802601,27,27,6449,6449,5284,5494,69,141,19:22:08,0,0,87,1107,1,3961,59,64,0,3,0,2
se,31534,ILHA DAS FLORES,2802700,28,28,7753,7753,5839,6127,103,185,19:11:43,2,1,93,1316,0,4309,40,75,0,1,0,2
se,31550,INDIAROBA,2802809,51,51,13697,13697,10235,10735,152,348,20:34:06,0,3,222,1833,3,7874,98,193,0,8,0,1
se,31577,ITABAIANA,2802908,274,274,76645,76645,61342,66065,1353,3370,19:20:54,24,7,2098,22644,20,34172,1049,1243,1,32,6,46
se,31593,ITABAIANINHA,2803005,105,105,32189,32189,25727,27079,446,906,21:55:16,3,3,629,9418,3,15014,261,380,0,5,3,8
se,31615,ITABI,2803104,16,16,4734,4734,3712,3921,55,154,19:24:34,1,0,79,1056,0,2448,41,77,1,1,0,8
se,31631,ITAPORANGA D'AJUDA,2803203,109,109,29786,29786,22545,24068,539,984,20:56:25,3,5,702,5962,1,15076,246,510,1,17,2,20
se,31658,JAPARATUBA,2803302,51,51,14930,14930,11198,11781,228,355,21:17:16,3,1,295,2598,2,7993,110,188,2,4,0,2
se,31674,JAPOATÃ,2803401,46,46,11510,11510,8902,9356,165,289,19:29:34,0,0,144,2074,0,6453,52,173,2,3,0,1
se,31690,LAGARTO,2803500,308,308,82331,82331,65914,69965,1187,2864,19:29:34,26,13,1772,18660,11,43033,1276,1052,1,27,8,35
se,31712,LARANJEIRAS,2803609,80,80,22132,22132,17156,18188,382,650,18:47:42,7,0,401,4917,4,11262,215,322,1,19,0,8
se,31739,MACAMBIRA,2803708,20,20,6860,6860,5403,5742,81,258,19:10:21,0,1,113,1486,0,3653,53,96,0,1,0,0
se,31755,MALHADA DOS BOIS,2803807,16,16,4297,4297,3298,3430,35,97,18:59:25,0,0,62,761,0,2390,42,38,0,1,2,2
se,31771,MALHADOR,2803906,44,44,10440,10440,8214,8746,164,368,19:22:08,2,2,163,2103,0,5681,106,146,0,4,3,4
se,31798,MARUIM,2804003,50,50,13208,13208,9980,10484,217,287,19:11:44,3,0,185,2003,0,7489,104,182,1,6,2,5
se,31810,MOITA BONITA,2804102,38,38,9837,9837,7526,8210,206,478,19:10:45,2,2,192,2536,1,4488,99,198,0,5,2,1
se,31836,MONTE ALEGRE DE SERGIPE,2804201,38,38,12763,12763,9914,10378,145,319,20:59:38,0,0,148,2894,1,6602,105,156,1,1,0,6
se,31852,MURIBECA,2804300,27,27,7511,7511,5971,6242,109,162,20:25:58,1,0,147,1610,0,4045,64,98,0,0,1,5
se,31879,NEÓPOLIS,2804409,56,56,14406,14406,11035,11492,139,318,20:59:38,0,0,180,2621,1,7966,85,177,0,3,0,2
se,31356,NOSSA SENHORA APARECIDA,2804458,33,33,7652,7652,5968,6384,137,279,18:55:46,1,1,125,2047,0,3666,32,93,0,0,0,3
se,31895,NOSSA SENHORA DA GLÓRIA,2804508,108,108,30467,30467,24863,25928,386,679,20:53:20,6,1,710,5935,3,17417,331,441,1,7,1,10
se,31917,NOSSA SENHORA DAS DORES,2804607,80,80,21460,21460,16907,18069,394,768,20:19:06,4,5,388,5511,6,10407,178,400,1,4,0,3
se,31933,NOSSA SENHORA DE LOURDES,2804706,17,17,6277,6277,5123,5334,43,168,20:57:07,2,0,94,1043,0,3869,50,63,0,0,0,2
se,31950,NOSSA SENHORA DO SOCORRO,2804805,375,375,123924,123924,99120,104904,2234,3550,20:59:19,57,14,3722,36266,22,54778,2011,2022,9,113,14,92
se,31976,PACATUBA,2804904,39,39,11850,11850,8900,9366,159,307,20:59:19,2,0,170,1457,0,6976,79,210,0,1,2,3
se,31992,PEDRA MOLE,2805000,12,12,3372,3372,2667,2828,42,119,19:02:27,2,2,52,748,0,1780,23,55,0,1,0,4
se,32018,PEDRINHAS,2805109,28,28,7917,7917,6092,6385,76,217,20:33:55,0,1,106,1611,1,4206,62,99,0,1,0,5
se,32034,PINHÃO,2805208,19,19,5635,5635,4405,4671,66,200,20:14:26,0,1,131,994,0,3166,33,77,0,2,0,1
se,32050,PIRAMBU,2805307,30,30,8575,8575,6323,6637,112,202,19:03:46,1,1,167,1513,2,4396,83,146,2,6,2,4
se,32115,PORTO DA FOLHA,2805604,86,86,25098,25098,20038,20927,314,575,21:56:46,4,5,488,4396,1,14534,202,395,0,4,2,7
se,32077,POÇO REDONDO,2805406,71,71,22765,22765,17287,18082,194,601,21:02:06,4,1,324,4466,0,12006,181,293,1,4,1,6
se,32093,POÇO VERDE,2805505,73,73,19505,19505,15081,15833,238,514,20:36:07,3,2,396,3389,3,10749,235,279,1,12,0,12
se,32131,PROPRIÁ,2805703,74,74,20113,20113,15889,16581,264,428,20:10:27,6,2,334,5700,1,9437,201,194,0,8,2,4
se,32174,RIACHUELO,2805901,29,29,8232,8232,6219,6538,110,209,18:48:39,2,0,119,1487,0,4442,65,101,0,1,0,2
se,32158,RIACHÃO DO DANTAS,2805802,69,69,17768,17768,14177,14896,221,498,19:29:34,1,3,263,2500,0,10985,125,292,1,3,1,3
se,32190,RIBEIRÓPOLIS,2806008,57,57,14762,14762,11316,12174,248,610,18:32:10,1,2,315,3653,2,7041,137,157,0,3,0,5
se,32212,ROSÁRIO DO CATETE,2806107,31,31,8984,8984,6777,7092,110,205,19:29:34,0,2,115,1501,2,4950,70,130,0,2,0,5
se,32239,SALGADO,2806206,61,61,17916,17916,14262,15022,240,520,21:07:17,4,1,399,3174,2,10275,156,230,1,7,0,13
se,32255,SANTA LUZIA DO ITANHY,2806305,45,45,12169,12169,8920,9495,174,401,20:11:10,0,2,169,1745,2,6727,95,171,0,5,1,3
se,32298,SANTA ROSA DE LIMA,2806503,19,19,4659,4659,3678,3893,88,127,19:10:04,0,1,87,988,0,2488,30,81,0,1,0,2
se,31003,SANTANA DO SÃO FRANCISCO,2806404,21,21,6340,6340,4824,5074,95,155,19:20:55,0,0,72,1329,1,3316,37,68,0,0,0,1
se,32310,SANTO AMARO DAS BROTAS,2806602,35,35,10453,10453,7471,7811,120,220,19:03:46,1,3,130,1186,0,5958,92,93,0,3,1,4
se,32417,SIMÃO DIAS,2807105,141,141,37093,37093,28739,30782,596,1447,19:24:34,16,5,865,7480,9,19464,422,453,1,16,0,8
se,32433,SIRIRI,2807204,26,26,6787,6787,5368,5616,96,152,20:56:25,1,1,111,1202,0,3887,49,115,0,0,0,2
se,32336,SÃO CRISTÓVÃO,2806701,203,203,61859,61859,49236,52267,1162,1869,20:03:58,22,5,1554,15555,15,30166,885,912,7,72,7,36
se,32352,SÃO DOMINGOS,2806800,25,25,8598,8598,6259,6769,124,386,19:30:21,0,0,106,2066,1,3925,86,71,1,1,1,1
se,32379,SÃO FRANCISCO,2806909,13,13,3798,3798,3078,3202,28,96,19:31:50,0,1,60,814,2,2123,20,54,1,1,0,2
se,32395,SÃO MIGUEL DO ALEIXO,2807006,16,16,3982,3982,3153,3348,46,149,20:52:19,0,1,67,774,1,2203,35,69,0,0,0,3
se,32450,TELHA,2807303,14,14,3641,3641,2973,3083,49,61,19:02:45,0,0,50,924,0,1935,24,37,0,1,1,1
se,32476,TOBIAS BARRETO,2807402,142,142,42750,42750,34197,35734,420,1117,20:59:38,8,3,834,10541,6,21687,450,629,3,15,3,18
se,32492,TOMAR DO GERU,2807501,35,35,10522,10522,7907,8366,115,344,21:01:57,2,2,122,2210,0,5316,93,156,0,0,0,6
se,32514,UMBAÚBA,2807600,66,66,19761,19761,15324,16156,290,542,20:07:45,1,3,398,4652,2,9796,180,280,2,4,0,6
sp,61018,ADAMANTINA,3500105,83,83,25494,25494,18871,19779,463,445,18:29:17,4,6,453,13609,6,3957,410,375,1,12,1,37
sp,61034,ADOLFO,3500204,14,14,3977,3977,2972,3105,49,84,18:39:53,1,0,53,1974,3,865,35,31,0,1,3,6
sp,61050,AGUAÍ,3500303,70,70,24235,24235,16794,18144,618,732,19:29:47,3,3,529,9806,10,5594,449,331,1,17,4,47
sp,61131,AGUDOS,3500709,96,96,28853,28853,20997,22394,516,881,19:13:56,2,3,547,13759,4,5754,480,390,0,15,1,42
sp,61581,ALAMBARI,3500758,21,21,5139,5139,3872,4082,90,120,20:44:51,1,1,82,2568,1,1075,73,68,0,3,0,0
sp,61158,ALFREDO MARCONDES,3500808,11,11,3964,3964,3021,3163,61,81,18:46:43,1,0,48,1905,1,984,45,37,0,0,0,0
sp,61174,ALTAIR,3500907,11,11,2954,2954,2282,2405,51,72,18:55:27,0,1,40,1377,0,818,22,15,0,1,0,8
sp,61190,ALTINÓPOLIS,3501004,49,49,12706,12706,9239,9911,315,357,18:09:54,2,3,279,4946,2,3465,188,289,3,4,0,58
sp,61212,ALTO ALEGRE,3501103,16,16,3662,3662,2776,2899,50,73,18:41:17,0,0,55,1927,1,728,28,34,0,0,0,3
sp,61220,ALUMÍNIO,3501152,44,44,14040,14040,10610,11163,269,284,20:57:32,7,0,507,5333,3,4061,386,262,1,23,1,26
sp,61298,ALVINLÂNDIA,3501509,10,10,2634,2634,1998,2103,46,59,19:14:56,0,0,24,1075,2,841,29,24,0,0,0,3
sp,61310,AMERICANA,3501608,517,517,181216,181216,136589,143139,2564,3986,19:29:47,50,22,4763,86854,59,37768,3959,2331,19,168,14,582
sp,61379,AMPARO,3501905,167,167,53743,53743,39395,42020,1092,1533,21:19:49,10,7,1264,25719,14,10258,1085,850,7,48,6,127
sp,61336,AMÉRICO BRASILIENSE,3501707,103,103,27310,27310,20313,21741,533,895,19:11:50,4,6,695,9080,11,9640,509,304,0,17,2,45
sp,61352,AMÉRICO DE CAMPOS,3501806,15,15,4769,4769,3759,3929,69,101,17:49:25,0,0,91,2437,0,1093,58,69,0,1,0,10
sp,61395,ANALÂNDIA,3502002,16,16,4681,4681,3135,3285,54,96,18:33:25,1,0,96,2077,0,838,57,54,1,5,0,6
sp,61417,ANDRADINA,3502101,142,142,42476,42476,31162,32796,776,858,20:13:00,15,5,800,19337,5,9695,689,517,4,32,3,60
sp,61433,ANGATUBA,3502200,57,57,17865,17865,12599,13465,351,515,21:08:58,2,2,412,6951,2,4612,287,302,0,10,0,19
sp,61450,ANHEMBI,3502309,19,19,5471,5471,3624,3833,96,113,18:38:15,0,1,68,2283,2,1153,45,62,0,3,2,5
sp,61476,ANHUMAS,3502408,10,10,3315,3315,2539,2634,36,59,20:14:05,0,1,46,1563,1,842,39,41,1,0,0,5
sp,61492,APARECIDA,3502507,86,86,26836,26836,21218,22028,393,417,19:20:47,11,4,753,12371,12,6815,595,562,2,30,1,62
sp,61514,APARECIDA D'OESTE,3502606,12,12,3777,3777,2862,2954,37,55,18:09:29,0,2,65,1563,0,1156,32,43,0,0,0,1
sp,61530,APIAÍ,3502705,71,71,18737,18737,13196,14137,412,529,19:17:19,2,4,385,7059,3,5202,289,229,1,8,0,14
sp,61590,ARAMINA,3503000,15,15,4523,4523,3388,3529,54,87,18:11:15,3,0,81,1798,0,1376,57,68,0,0,0,5
sp,61611,ARANDU,3503109,16,16,5528,5528,4125,4350,103,122,19:20:44,0,3,90,2669,0,1229,47,82,2,3,0,0
sp,61646,ARAPEÍ,3503158,8,8,2505,2505,1871,1989,29,89,19:17:19,1,0,41,928,0,843,21,35,0,0,2,0
sp,61638,ARARAQUARA,3503208,602,602,170310,170310,125322,133193,3034,4837,19:22:51,51,40,4143,57432,104,56181,3963,2622,30,165,21,570
sp,61654,ARARAS,3503307,285,285,96612,96612,72880,77666,2023,2763,20:04:44,21,17,2553,47054,30,19003,1918,1933,4,89,14,244
sp,61263,ARAÇARIGUAMA,3502754,50,50,17829,17829,12584,13212,303,325,20:53:49,6,3,420,7114,4,4437,343,215,3,10,2,27
sp,61557,ARAÇATUBA,3502804,493,493,145128,145128,107988,112599,1897,2714,19:25:08,33,16,3469,70541,40,28686,2567,2238,8,93,11,286
sp,61573,ARAÇOIABA DA SERRA,3502903,76,76,26408,26408,19328,20448,499,621,20:49:43,7,6,549,12431,11,5366,460,435,1,19,2,41
sp,62065,ARCO-ÍRIS,3503356,6,6,2331,2331,1661,1722,30,31,19:01:26,1,0,24,1144,0,440,21,30,0,0,0,1
sp,61670,AREALVA,3503406,21,21,6343,6343,4514,4791,120,157,18:45:13,0,1,104,3026,0,1225,84,67,0,4,0,3
sp,61697,AREIAS,3503505,12,12,3463,3463,2640,2748,42,66,19:03:34,1,0,92,1036,2,1401,52,52,0,2,0,2
sp,61719,AREIÓPOLIS,3503604,32,32,8193,8193,6205,6656,243,208,18:41:20,1,0,216,3337,2,2439,130,66,2,1,1,10
sp,61735,ARIRANHA,3503703,23,23,6455,6455,4809,5118,148,161,19:07:57,1,1,98,3085,1,1453,66,94,0,1,3,6
sp,61751,ARTUR NOGUEIRA,3503802,113,113,38528,38528,29746,31478,699,1033,20:10:48,12,4,795,18749,7,8832,741,514,3,20,3,66
sp,61778,ARUJÁ,3503901,220,220,71347,71347,53816,57081,1383,1882,19:14:57,35,12,2078,28627,36,19322,2080,1354,7,99,11,155
sp,61522,ASPÁSIA,3503950,7,7,1875,1875,1456,1492,10,26,18:22:02,0,0,27,820,4,555,22,28,0,0,0,0
sp,61794,ASSIS,3504008,219,219,69743,69743,51191,53502,1018,1293,20:52:07,12,11,1508,31310,14,15889,1186,1071,8,62,5,115
sp,61816,ATIBAIA,3504107,360,360,119210,119210,89028,94263,2227,3008,20:45:59,39,20,3427,53602,49,25773,3213,2313,17,137,14,424
sp,61832,AURIFLAMA,3504206,33,33,11053,11053,8290,8644,144,210,18:30:52,2,0,153,5621,1,2289,111,99,0,3,0,11
sp,61875,AVANHANDAVA,3504404,28,28,7452,7452,5476,5799,159,164,19:10:04,0,0,155,2956,2,2166,98,89,0,4,0,6
sp,61891,AVARÉ,3504503,218,218,64380,64380,46242,49354,1398,1714,19:07:55,24,9,1561,28677,16,13487,1231,1054,10,53,12,108
sp,61859,AVAÍ,3504305,17,17,4189,4189,2977,3124,64,83,19:20:47,1,0,62,1521,0,1296,43,50,0,1,0,3
sp,61913,BADY BASSITT,3504602,49,49,16956,16956,12575,13139,206,358,19:02:31,2,4,401,8284,2,3272,338,232,4,9,2,25
sp,61930,BALBINOS,3504701,6,6,1423,1423,998,1050,27,25,19:13:23,0,0,27,578,0,356,20,14,0,1,0,2
sp,61972,BANANAL,3504909,27,27,8233,8233,6192,6569,138,239,18:47:57,5,0,177,2827,1,2941,122,108,0,4,0,7
sp,61999,BARBOSA,3505104,22,22,4970,4970,3614,3786,57,115,19:04:06,0,0,76,2130,0,1315,29,60,0,1,0,3
sp,62030,BARIRI,3505203,68,68,23149,23149,16662,17855,548,645,18:16:04,9,3,442,11292,8,4064,374,420,0,16,0,34
sp,62057,BARRA BONITA,3505302,97,97,28333,28333,21335,22612,552,725,19:05:27,6,7,693,13626,6,5911,543,473,3,18,1,48
sp,61360,BARRA DO CHAPÉU,3505351,16,16,4672,4672,3331,3544,92,121,18:48:52,1,1,91,1919,0,1210,59,43,0,4,0,3
sp,62073,BARRA DO TURVO,3505401,24,24,6314,6314,4133,4321,61,127,18:28:29,0,1,48,2075,0,1858,88,61,0,1,0,1
sp,62090,BARRETOS,3505500,257,257,85200,85200,62118,65118,1339,1661,19:07:57,9,20,1978,37186,21,19752,1466,1476,5,41,8,156
sp,62111,BARRINHA,3505609,85,85,23638,23638,18191,19286,556,539,21:25:58,3,2,693,8897,7,7932,338,249,1,20,3,46
sp,62138,BARUERI,3505708,814,814,298024,298024,219094,230934,5211,6629,21:27:50,98,62,8543,106619,119,89466,8134,4741,30,394,41,847
sp,62014,BARÃO DE ANTONINA,3505005,10,10,2926,2926,2038,2170,48,84,18:32:00,1,0,60,1109,0,804,27,32,0,1,0,4
sp,62154,BASTOS,3505807,49,49,16975,16975,12158,12769,323,288,19:12:23,1,3,251,8701,2,2712,235,226,1,7,3,16
sp,62170,BATATAIS,3505906,146,146,42270,42270,31876,33884,981,1027,19:13:55,9,4,1159,17582,7,11161,763,1021,4,33,4,129
sp,62197,BAURU,3506003,877,877,278336,278336,196492,208436,5162,6782,19:20:45,78,58,6828,112236,112,64967,6000,5107,41,323,40,702
sp,62219,BEBEDOURO,3506102,181,181,56372,56372,41502,43512,940,1070,20:04:45,11,4,1523,27408,8,10720,926,793,7,39,5,58
sp,62235,BENTO DE ABREU,3506201,7,7,2146,2146,1554,1610,18,38,18:39:15,0,0,22,925,0,580,11,16,0,0,0,0
sp,62251,BERNARDINO DE CAMPOS,3506300,23,23,7724,7724,5689,6020,165,166,18:21:09,2,2,195,3537,1,1750,78,112,1,3,0,8
sp,61280,BERTIOGA,3506359,161,161,52928,52928,37201,38880,716,963,21:18:37,20,6,1212,20207,22,13965,998,656,1,47,7,60
sp,62278,BILAC,3506409,21,21,6346,6346,4738,4911,74,99,18:10:55,3,0,86,3224,1,1277,74,63,0,2,0,8
sp,62294,BIRIGUI,3506508,263,263,84471,84471,62175,65944,1372,2397,19:24:29,13,7,1467,43666,16,14393,1413,1017,3,49,4,127
sp,62316,BIRITIBA MIRIM,3506607,72,72,24212,24212,17111,18392,699,582,20:59:25,10,3,566,9816,4,5695,469,472,1,22,8,45
sp,62332,BOA ESPERANÇA DO SUL,3506706,32,32,9706,9706,6971,7558,254,333,19:12:25,1,3,211,3383,0,3125,123,110,0,3,3,9
sp,62359,BOCAINA,3506805,31,31,8535,8535,6320,6784,200,264,18:13:36,0,2,159,4264,5,1583,134,144,0,4,1,24
sp,62375,BOFETE,3506904,26,26,8935,8935,6111,6520,147,262,18:16:04,2,0,159,3653,1,2069,99,115,1,9,0,3
sp,62391,BOITUVA,3507001,129,129,47624,47624,34693,36823,750,1380,21:07:04,19,18,1041,21770,26,10083,956,638,5,45,5,87
sp,62413,BOM JESUS DOS PERDÕES,3507100,57,57,18368,18368,13751,14596,388,457,20:45:27,8,2,508,8278,19,4112,454,303,0,21,3,43
sp,61786,BOM SUCESSO DE ITARARÉ,3507159,11,11,3289,3289,2451,2545,47,47,18:38:15,0,0,67,1249,0,1057,47,30,0,1,0,0
sp,62456,BORACÉIA,3507308,12,12,3884,3884,2919,3083,75,89,19:04:50,0,1,72,1797,2,934,58,48,0,2,2,3
sp,62472,BORBOREMA,3507407,32,32,10738,10738,8015,8423,154,254,20:10:49,0,2,192,5454,0,2040,156,158,1,0,0,12
sp,61026,BOREBI,3507456,8,8,2400,2400,1796,1890,41,53,18:43:26,1,1,37,1096,1,593,35,29,0,0,1,2
sp,62430,BORÁ,3507209,4,4,1094,1094,822,862,18,22,17:54:33,0,1,14,537,0,247,4,19,0,0,0,0
sp,62499,BOTUCATU,3507506,327,327,111048,111048,80153,85728,2198,3377,19:15:31,42,17,3500,43436,71,27979,2469,2201,10,122,21,285
sp,62510,BRAGANÇA PAULISTA,3507605,371,371,131308,131308,98819,105040,2765,3456,19:07:56,37,34,3756,61726,63,26994,3289,2338,10,96,24,452
sp,62553,BRAÚNA,3507704,15,15,4231,4231,3275,3408,56,77,18:57:45,0,0,49,2250,0,903,39,29,0,2,0,3
sp,62081,BREJO ALEGRE,3507753,9,9,2875,2875,2026,2128,51,51,19:24:29,0,0,52,1027,0,898,23,25,0,1,0,0
sp,62570,BRODOWSKI,3507803,52,52,17196,17196,13499,14225,299,427,19:17:19,4,1,376,9098,4,3343,321,287,1,17,1,46
sp,62596,BROTAS,3507902,57,57,17821,17821,12644,13455,357,454,18:34:14,4,1,333,8559,6,3126,279,281,2,23,1,29
sp,62618,BURI,3508009,48,48,14878,14878,10897,11504,282,325,21:08:58,1,1,192,7013,2,3376,178,121,2,5,1,5
sp,62634,BURITAMA,3508108,38,38,13143,13143,9544,9997,165,288,18:47:57,1,1,217,6141,3,2889,163,111,0,4,1,13
sp,62650,BURITIZAL,3508207,13,13,4125,4125,3152,3249,34,63,18:12:43,0,1,59,2163,0,827,56,39,1,1,1,4
sp,61956,BÁLSAMO,3504800,20,20,7397,7397,5581,5855,138,136,19:12:24,0,0,149,3816,1,1357,141,96,0,9,3,9
sp,62693,CABREÚVA,3508405,105,105,36426,36426,26696,28306,701,909,21:02:49,7,5,969,16272,11,8047,834,428,6,51,4,62
sp,62677,CABRÁLIA PAULISTA,3508306,11,11,3698,3698,2681,2809,58,70,18:09:29,0,0,82,1489,1,991,68,45,0,3,1,1
sp,62731,CACHOEIRA PAULISTA,3508603,79,79,23891,23891,17892,18723,365,466,18:46:42,4,4,567,10113,9,6209,456,441,2,30,5,52
sp,62758,CACONDE,3508702,41,41,13333,13333,9591,10204,276,337,18:47:56,2,3,298,5378,2,3481,176,184,0,10,1,56
sp,62774,CAFELÂNDIA,3508801,41,41,12245,12245,8821,9332,247,264,19:12:24,5,0,237,5398,1,2791,182,180,0,6,0,21
sp,62790,CAIABU,3508900,13,13,3330,3330,2538,2673,65,70,18:47:54,1,0,44,1377,0,1019,25,69,0,1,0,2
sp,62812,CAIEIRAS,3509007,195,195,72229,72229,52291,55767,1437,2039,19:22:53,26,10,1960,25538,28,21382,1875,1190,12,113,10,147
sp,62839,CAIUÁ,3509106,15,15,3755,3755,2630,2731,35,66,19:29:48,1,0,67,1239,0,1257,30,30,0,1,2,3
sp,62855,CAJAMAR,3509205,213,213,70021,70021,52216,55655,1570,1869,21:00:35,29,18,2413,26010,37,20433,1942,1073,7,86,9,159
sp,61484,CAJATI,3509254,79,79,22016,22016,16085,16849,357,407,19:15:30,9,2,374,10715,4,4395,301,235,2,10,4,34
sp,62871,CAJOBI,3509304,24,24,7437,7437,5994,6308,130,184,19:03:07,3,1,158,3766,1,1876,92,85,0,1,2,9
sp,62898,CAJURU,3509403,60,60,18240,18240,13430,14255,349,476,18:17:54,1,2,347,7179,3,5265,292,293,1,13,0,34
sp,61506,CAMPINA DO MONTE ALEGRE,3509452,16,16,4857,4857,3648,3822,70,104,18:45:10,2,1,74,2213,0,1201,56,92,0,4,0,5
sp,62910,CAMPINAS,3509502,2531,2531,873613,873613,633220,667699,13544,20935,21:02:49,279,167,21080,329733,467,241972,20543,13896,163,1406,115,3399
sp,62936,CAMPO LIMPO PAULISTA,3509601,213,213,59440,59440,43755,46746,1211,1780,19:29:47,27,14,1847,23507,32,15625,1536,930,10,90,11,126
sp,62952,CAMPOS DO JORDÃO,3509700,131,131,38107,38107,27390,29253,853,1010,19:15:31,16,7,1226,16257,4,8117,792,760,2,50,14,145
sp,62979,CAMPOS NOVOS PAULISTA,3509809,11,11,3805,3805,2843,2936,44,49,19:20:45,1,1,36,1828,0,896,44,35,0,1,0,1
sp,62995,CANANÉIA,3509908,38,38,10410,10410,7333,7657,125,199,20:40:26,1,3,187,3998,5,2848,149,127,1,9,1,4
sp,62103,CANAS,3509957,12,12,3959,3959,3063,3217,55,99,19:20:09,1,0,98,1754,0,1071,58,77,1,1,0,2
sp,61344,CANITAR,3510153,13,13,4337,4337,3128,3339,115,96,17:41:13,1,2,73,1703,0,1210,53,78,0,2,0,6
sp,63070,CAPELA DO ALTO,3510302,39,39,14543,14543,10901,11575,341,333,20:53:49,3,3,290,7373,6,2836,185,190,1,4,0,10
sp,63096,CAPIVARI,3510401,123,123,37609,37609,28584,30223,682,957,20:10:49,8,5,919,18583,10,7639,723,599,2,35,2,59
sp,63053,CAPÃO BONITO,3510203,122,122,34293,34293,25486,26967,772,709,19:24:29,10,6,776,15272,3,8190,679,488,5,7,3,47
sp,63118,CARAGUATATUBA,3510500,383,383,106446,106446,77696,82290,1956,2638,19:09:07,36,17,2563,43425,56,27242,2489,1479,18,139,30,202
sp,63134,CARAPICUÍBA,3510609,840,840,290495,290495,203524,217457,6268,7665,21:15:25,93,58,7858,88178,139,94231,6928,5068,26,374,43,528
sp,63150,CARDOSO,3510708,35,35,9593,9593,6526,6836,113,197,18:18:44,0,0,126,3590,0,2603,73,124,0,4,0,6
sp,63177,CASA BRANCA,3510807,66,66,19558,19558,13693,14620,437,490,18:35:16,4,1,428,8681,5,3836,386,298,2,7,2,43
sp,63215,CASTILHO,3511003,48,48,15377,15377,11224,11741,226,291,19:20:45,2,0,244,5179,8,5417,205,146,1,6,0,16
sp,63231,CATANDUVA,3511102,268,268,86119,86119,62839,66332,1332,2161,18:41:17,13,17,1822,42040,18,16022,1478,1204,8,58,4,155
sp,63258,CATIGUÁ,3511201,18,18,5688,5688,4320,4653,109,224,18:45:44,1,1,62,2825,0,1282,69,73,0,4,0,3
sp,62715,CAÇAPAVA,3508504,243,243,72595,72595,54696,58092,1485,1911,19:31:43,41,11,1938,33129,53,16135,1707,1376,8,67,9,222
sp,63274,CEDRAL,3511300,25,25,8582,8582,6497,6771,110,164,18:45:11,1,2,206,4391,2,1580,145,154,0,0,0,16
sp,63290,CERQUEIRA CÉSAR,3511409,44,44,14958,14958,10281,10939,354,304,18:28:30,2,4,417,6301,0,3052,250,213,3,13,2,24
sp,63312,CERQUILHO,3511508,123,123,36003,36003,26625,28281,622,1034,19:12:55,11,3,796,18458,11,5950,723,541,7,38,4,83
sp,63339,CESÁRIO LANGE,3511607,49,49,13804,13804,9767,10658,379,512,19:22:53,2,1,225,6790,2,2390,169,167,0,9,1,11
sp,63355,CHARQUEADA,3511706,46,46,13212,13212,9855,10348,209,284,19:03:34,4,0,244,6708,3,2525,177,166,0,4,4,20
sp,63371,CHAVANTES,3557204,31,31,8675,8675,6518,6860,170,172,18:10:55,1,0,158,3907,1,2135,159,147,0,2,0,8
sp,63398,CLEMENTINA,3511904,17,17,5273,5273,4098,4258,55,105,18:13:34,1,0,73,2675,0,1217,73,48,2,1,1,7
sp,63410,COLINA,3512001,39,39,14048,14048,10306,10829,225,298,18:45:13,1,0,1784,5023,4,3238,165,78,0,1,2,10
sp,63436,COLÔMBIA,3512100,17,17,5800,5800,4143,4336,63,130,19:21:29,1,1,110,2161,1,1753,71,41,0,1,0,3
sp,63452,CONCHAL,3512209,72,72,20926,20926,16458,17362,458,446,20:49:08,4,7,306,11709,3,3897,303,200,0,8,2,19
sp,63479,CONCHAS,3512308,38,38,12626,12626,8667,9081,187,227,19:08:29,1,0,223,5863,1,2184,157,220,2,7,0,9
sp,63495,CORDEIRÓPOLIS,3512407,69,69,19567,19567,15031,15826,327,468,19:09:08,6,1,491,9796,11,4002,411,246,1,29,0,37
sp,63517,COROADOS,3512506,13,13,4020,4020,3102,3234,57,75,19:26:10,2,1,58,2118,0,840,44,35,0,1,1,2
sp,63533,CORONEL MACEDO,3512605,14,14,3793,3793,2905,3042,73,64,19:22:51,0,0,51,1242,0,1534,38,38,0,2,0,0
sp,63550,CORUMBATAÍ,3512704,15,15,3523,3523,2525,2690,63,102,18:42:19,2,0,57,1735,1,587,67,69,0,0,0,7
sp,63592,COSMORAMA,3512902,20,20,7030,7030,5352,5573,112,109,18:59:24,0,1,101,3341,2,1770,66,64,0,3,1,3
sp,63576,COSMÓPOLIS,3512803,137,137,44573,44573,32819,34897,829,1249,19:00:26,9,4,989,18023,17,12237,914,450,4,45,8,119
sp,63614,COTIA,3513009,558,558,194159,194159,141376,150089,4030,4683,20:23:04,89,37,6247,65331,107,59084,5766,3731,16,325,33,610
sp,63630,CRAVINHOS,3513108,84,84,27124,27124,19091,20416,533,792,20:52:42,5,2,769,12009,3,5301,517,396,3,16,7,63
sp,63657,CRISTAIS PAULISTA,3513207,22,22,7311,7311,5362,5630,108,160,18:13:35,1,1,192,3118,2,1798,101,128,1,3,1,16
sp,63690,CRUZEIRO,3513405,174,174,56188,56188,41807,44461,1047,1607,20:20:35,14,5,1680,23478,20,13867,1262,1271,6,46,9,149
sp,63673,CRUZÁLIA,3513306,8,8,1966,1966,1572,1641,41,28,18:46:43,0,0,28,1051,1,446,23,21,1,0,0,1
sp,63711,CUBATÃO,3513504,303,303,90311,90311,68407,71956,1493,2056,20:28:03,47,29,2583,30373,31,31652,2073,1364,13,106,5,131
sp,63738,CUNHA,3513603,57,57,18135,18135,13318,14157,394,445,19:12:24,5,0,294,7621,2,4850,232,283,1,9,0,21
sp,63193,CÁSSIA DOS COQUEIROS,3510906,10,10,2667,2667,1946,2089,45,98,17:52:45,0,0,55,1045,0,765,30,42,0,0,1,8
sp,63010,CÂNDIDO MOTA,3510005,76,76,22894,22894,17085,18047,450,512,18:56:06,3,2,385,11608,1,4340,408,293,0,13,2,30
sp,63037,CÂNDIDO RODRIGUES,3510104,8,8,2853,2853,2063,2165,55,47,17:51:50,4,0,36,1435,0,526,28,27,1,0,0,6
sp,63754,DESCALVADO,3513702,73,73,24907,24907,17124,18448,564,760,19:02:31,5,4,545,11312,3,4177,477,532,2,20,4,43
sp,63770,DIADEMA,3513801,937,937,331016,331016,239565,256159,6592,10002,20:10:48,94,50,9413,89832,187,125594,8356,4784,50,525,39,641
sp,61123,DIRCE REIS,3513850,6,6,1702,1702,1301,1354,25,28,18:32:19,0,0,45,694,1,522,19,20,0,0,0,0
sp,63797,DIVINOLÂNDIA,3513900,35,35,9543,9543,7042,7570,178,350,18:51:32,0,3,179,4814,2,1763,123,134,1,2,0,21
sp,63819,DOBRADA,3514007,20,20,6727,6727,4936,5229,115,178,19:05:26,0,3,143,2329,4,2273,122,60,0,1,0,1
sp,63835,DOIS CÓRREGOS,3514106,71,71,18565,18565,13198,14011,375,438,18:41:19,3,4,339,8674,4,3689,221,240,1,7,2,14
sp,63851,DOLCINÓPOLIS,3514205,8,8,2355,2355,1806,1902,42,54,18:45:13,0,0,37,736,0,972,31,29,0,1,0,0
sp,63878,DOURADO,3514304,22,22,6798,6798,4939,5418,192,287,18:41:18,1,3,117,2967,0,1578,135,123,1,1,1,12
sp,63894,DRACENA,3514403,98,98,33614,33614,24428,25385,432,525,18:57:47,9,5,583,17378,9,5457,478,450,3,9,2,45
sp,63916,DUARTINA,3514502,28,28,9858,9858,7118,7522,161,243,18:09:55,2,0,213,4219,2,2362,126,177,1,2,1,13
sp,63932,DUMONT,3514601,24,24,7337,7337,5601,5907,125,181,20:14:35,0,0,268,3615,2,1523,106,76,0,6,0,5
sp,63959,ECHAPORÃ,3514700,17,17,5070,5070,3700,3856,48,108,19:29:46,1,1,52,2418,0,1108,43,66,1,6,0,4
sp,63975,ELDORADO,3514809,50,50,10787,10787,7375,7758,168,215,19:13:23,2,0,141,3950,1,3061,85,118,0,4,1,12
sp,63991,ELIAS FAUSTO,3514908,43,43,13526,13526,10259,10995,290,446,20:10:50,0,2,232,6844,4,2714,251,194,0,6,0,12
sp,61760,ELISIÁRIO,3514924,9,9,2737,2737,2085,2185,40,60,18:09:28,0,1,52,1414,0,548,35,33,0,0,0,2
sp,61182,EMBAÚBA,3514957,8,8,2448,2448,1910,2014,43,61,19:00:59,0,0,40,1170,1,655,27,16,0,0,0,1
sp,64017,EMBU DAS ARTES,3515004,634,634,206389,206389,150338,161385,4870,6177,20:49:08,95,47,6171,61194,88,73774,4964,3288,28,254,35,400
sp,64033,EMBU-GUAÇU,3515103,150,150,53717,53717,37288,40136,1213,1635,18:57:46,23,15,1601,17338,21,15697,1280,1100,5,94,5,109
sp,61387,EMILIANÓPOLIS,3515129,8,8,2716,2716,1969,2057,36,52,19:21:29,0,0,25,1108,0,790,19,25,0,0,0,2
sp,61689,ENGENHEIRO COELHO,3515152,50,50,14967,14967,11233,11751,212,306,20:11:24,6,1,300,7129,3,3287,309,147,2,6,1,42
sp,68659,ESPÍRITO SANTO DO PINHAL,3515186,111,111,30946,30946,22143,23615,688,784,19:29:10,5,4,815,13097,12,6613,634,855,2,25,5,76
sp,61140,ESPÍRITO SANTO DO TURVO,3515194,10,10,3546,3546,2509,2622,43,70,18:30:21,0,0,63,1408,0,953,38,40,0,2,0,5
sp,61662,ESTIVA GERBI,3557303,27,27,9490,9490,7206,7618,113,299,20:50:18,1,1,184,4753,3,1990,136,117,0,8,0,13
sp,64050,ESTRELA D'OESTE,3515202,23,23,7128,7128,5284,5558,130,144,18:24:00,1,2,102,3592,1,1352,100,122,1,3,0,8
sp,64076,ESTRELA DO NORTE,3515301,8,8,2464,2464,1851,1912,18,43,19:14:57,0,1,43,881,0,869,26,31,0,0,0,0
sp,61000,EUCLIDES DA CUNHA PAULISTA,3515350,21,21,6336,6336,4368,4525,66,91,18:51:31,0,1,88,1614,2,2581,53,27,0,0,0,2
sp,64092,FARTURA,3515400,39,39,12518,12518,9119,9599,220,260,18:44:35,2,1,278,5029,6,3335,234,216,0,4,0,14
sp,64130,FERNANDO PRESTES,3515608,17,17,5086,5086,3712,3961,124,125,18:20:36,1,1,102,2465,2,995,63,77,0,1,1,4
sp,64114,FERNANDÓPOLIS,3515509,154,154,50193,50193,36645,38284,757,882,18:32:02,6,15,1074,22834,5,11144,740,720,5,15,5,82
sp,62286,FERNÃO,3515657,6,6,1689,1689,1257,1319,30,32,19:07:57,0,0,25,854,2,335,15,26,0,0,0,0
sp,64157,FERRAZ DE VASCONCELOS,3515707,445,445,128931,128931,96271,103663,3124,4268,19:13:23,60,19,3810,39648,62,46739,3312,2130,14,210,27,240
sp,64173,FLORA RICA,3515806,6,6,1428,1428,1014,1058,19,25,18:25:02,0,0,15,543,0,431,10,14,0,1,0,0
sp,64190,FLOREAL,3515905,8,8,2670,2670,1941,2044,42,61,18:26:01,0,0,58,1105,0,707,42,20,1,3,0,5
sp,64238,FLORÍNEA,3516101,8,8,2673,2673,2006,2076,40,30,18:59:58,0,1,79,1017,1,843,33,32,0,0,0,0
sp,64211,FLÓRIDA PAULISTA,3516002,24,24,7407,7407,5449,5701,118,134,20:53:21,0,0,86,3552,2,1651,83,70,0,0,0,5
sp,64254,FRANCA,3516200,732,732,241902,241902,180447,189925,3989,5489,19:31:42,57,37,6394,108462,79,54199,5445,4400,28,192,25,1129
sp,64270,FRANCISCO MORATO,3516309,353,353,126796,126796,88167,95350,3256,3927,19:25:38,41,30,3442,33873,60,46068,2801,1527,10,158,21,136
sp,64297,FRANCO DA ROCHA,3516408,292,292,107865,107865,73611,79907,2521,3775,19:24:01,23,29,2749,31599,55,34732,2476,1645,13,131,15,144
sp,64319,GABRIEL MONTEIRO,3516507,8,8,2682,2682,2082,2183,25,76,18:37:24,0,0,44,1497,0,483,21,35,0,0,0,2
sp,64351,GARÇA,3516705,121,121,32368,32368,23153,24892,837,902,20:07:50,6,5,571,14942,11,6384,530,620,3,17,6,58
sp,64378,GASTÃO VIDIGAL,3516804,10,10,2869,2869,2202,2288,48,38,18:45:13,1,0,68,987,0,1077,27,40,0,0,0,2
sp,62308,GAVIÃO PEIXOTO,3516853,14,14,4165,4165,3064,3257,93,100,19:11:15,1,0,106,1395,0,1455,61,37,1,1,3,4
sp,64394,GENERAL SALGADO,3516903,26,26,7966,7966,5760,6001,108,133,19:03:35,0,0,121,3732,0,1723,66,104,0,2,1,11
sp,64416,GETULINA,3517000,25,25,7043,7043,4697,5012,152,163,19:11:50,3,0,128,2684,0,1708,55,107,2,2,0,8
sp,64432,GLICÉRIO,3517109,16,16,3987,3987,2942,3077,47,88,19:12:25,0,3,54,1818,1,969,44,45,0,2,0,6
sp,64475,GUAIMBÊ,3517307,15,15,4479,4479,3178,3379,86,115,19:00:26,0,1,61,1750,0,1247,62,55,1,0,1,0
sp,64459,GUAIÇARA,3517208,29,29,8162,8162,5722,6085,179,184,18:59:25,1,3,150,3502,2,1835,114,103,1,3,2,6
sp,64530,GUAPIARA,3517604,52,52,13629,13629,9789,10424,279,356,20:29:36,5,3,185,4437,6,4821,153,166,1,4,1,7
sp,64513,GUAPIAÇU,3517505,48,48,15943,15943,11648,12311,285,378,18:43:25,1,3,384,7292,2,3511,236,197,1,11,0,10
sp,64599,GUARACI,3517901,27,27,8095,8095,6050,6363,122,191,19:12:24,1,0,146,3064,1,2620,104,92,0,2,3,17
sp,64610,GUARANI D'OESTE,3518008,5,5,1783,1783,1308,1366,19,39,19:29:10,0,0,25,625,0,605,21,32,0,0,0,0
sp,64637,GUARANTÃ,3518107,17,17,4765,4765,3438,3625,104,83,19:24:29,0,2,82,2126,3,1095,51,68,0,2,0,9
sp,64653,GUARARAPES,3518206,78,78,23595,23595,16901,17719,345,473,18:21:09,1,2,379,11131,3,4633,354,355,2,8,5,28
sp,64670,GUARAREMA,3518305,79,79,26373,26373,19490,20623,534,599,21:08:22,6,1,496,12347,5,5752,458,354,5,21,1,44
sp,64696,GUARATINGUETÁ,3518404,324,324,90805,90805,69219,72520,1741,1560,19:13:24,35,14,2493,41429,37,20859,1965,2063,13,72,12,227
sp,64572,GUARAÇAÍ,3517802,21,21,6153,6153,4437,4657,90,130,18:59:58,2,1,90,2866,1,1314,61,89,0,3,1,9
sp,64718,GUAREÍ,3518503,28,28,8903,8903,6523,7197,339,335,20:13:00,5,1,188,4369,0,1731,92,123,0,4,2,8
sp,64734,GUARIBA,3518602,101,101,28368,28368,21364,22553,582,607,21:10:28,7,3,854,11439,5,8112,462,427,1,9,4,41
sp,64750,GUARUJÁ,3518701,696,696,238913,238913,172442,183440,5001,5997,20:16:33,103,48,6967,89532,106,66023,5078,3791,29,309,28,428
sp,64777,GUARULHOS,3518800,2851,2851,948908,948908,713469,766248,19732,33047,21:02:18,336,172,29230,351178,559,286898,25059,16304,124,1302,178,2129
sp,64556,GUARÁ,3517703,48,48,14159,14159,10724,11255,227,304,18:42:19,3,0,302,5566,1,4428,192,194,0,6,1,31
sp,61107,GUATAPARÁ,3518859,20,20,5765,5765,4008,4284,136,140,19:22:52,3,2,126,2020,3,1705,76,62,0,4,1,6
sp,64491,GUAÍRA,3517406,84,84,28555,28555,19924,21044,493,627,19:20:45,4,0,621,12619,3,5830,358,414,1,14,0,60
sp,64793,GUZOLÂNDIA,3518909,12,12,3558,3558,2532,2668,64,72,18:25:01,0,0,43,1286,0,1121,37,39,0,0,0,6
sp,64335,GÁLIA,3516606,19,19,4626,4626,3355,3580,90,135,18:50:11,1,1,93,1702,1,1424,48,73,0,3,1,8
sp,64815,HERCULÂNDIA,3519006,20,20,6937,6937,4947,5231,112,172,19:03:34,0,0,73,3281,1,1452,76,58,0,1,0,5
sp,61743,HOLAMBRA,3519055,35,35,12570,12570,9703,10185,209,273,20:15:36,4,0,262,6538,4,2335,265,214,0,9,0,72
sp,61727,HORTOLÂNDIA,3519071,489,489,164481,164481,125800,132760,3045,3915,19:24:02,70,26,4705,66202,58,47873,4171,2077,25,220,11,362
sp,64831,IACANGA,3519105,31,31,8269,8269,6235,6532,130,167,18:50:12,1,0,147,4188,3,1660,131,93,0,4,0,8
sp,64858,IACRI,3519204,16,16,4766,4766,3389,3554,70,95,19:07:54,0,0,45,2338,0,892,38,66,0,3,0,7
sp,61085,IARAS,3519253,18,18,4414,4414,2929,3086,69,88,18:39:17,0,1,79,1407,3,1335,52,45,0,3,1,3
sp,64874,IBATÉ,3519303,103,103,26265,26265,18686,20188,734,768,19:22:52,5,3,542,10283,8,6914,479,409,3,16,5,19
sp,64912,IBIRAREMA,3519501,14,14,5070,5070,3783,4018,122,113,19:20:46,0,0,73,2605,1,981,53,58,0,7,1,4
sp,64890,IBIRÁ,3519402,31,31,9094,9094,7081,7401,125,195,18:57:47,5,0,140,4868,3,1828,111,112,0,4,2,8
sp,64939,IBITINGA,3519600,144,144,41272,41272,30660,32544,919,965,18:33:53,9,8,810,19795,11,8698,660,579,2,22,1,65
sp,64955,IBIÚNA,3519709,192,192,61951,61951,44498,47665,1349,1818,20:19:04,13,16,1497,28049,16,12381,1087,1272,2,61,9,95
sp,64971,ICÉM,3519808,22,22,6049,6049,4556,4739,53,130,18:59:58,2,0,124,2435,0,1843,83,57,0,4,0,8
sp,64998,IEPÊ,3519907,19,19,5971,5971,4576,4758,64,118,18:12:06,0,0,99,2823,2,1494,79,71,0,2,0,6
sp,65030,IGARAPAVA,3520103,62,62,19718,19718,14138,14828,319,371,18:10:55,3,3,426,7253,3,5687,325,380,2,6,1,49
sp,65056,IGARATÁ,3520202,28,28,9443,9443,6945,7353,158,250,19:11:15,1,2,229,4241,1,2078,173,201,0,1,1,17
sp,65013,IGARAÇU DO TIETÊ,3520004,59,59,17539,17539,12897,14099,556,646,18:34:41,8,6,329,7652,3,4316,255,289,3,14,5,17
sp,65072,IGUAPE,3520301,72,72,22106,22106,15736,16551,366,449,19:11:49,5,4,344,8806,7,6014,267,246,2,12,5,24
sp,62006,ILHA COMPRIDA,3520426,37,37,13297,13297,8448,8942,171,323,19:11:16,6,2,235,4498,7,3332,201,136,1,4,4,22
sp,61204,ILHA SOLTEIRA,3520442,63,63,20245,20245,13435,14197,256,506,18:26:02,3,4,413,7282,7,5065,333,266,6,17,3,36
sp,65099,ILHABELA,3520400,103,103,31086,31086,22426,23512,477,609,20:58:51,14,3,782,12001,14,8385,757,363,6,33,5,63
sp,65110,INDAIATUBA,3520509,571,571,192534,192534,148473,156644,3196,4975,19:24:29,77,40,5980,89515,76,43398,5202,3170,15,227,33,740
sp,65137,INDIANA,3520608,14,14,4063,4063,3142,3295,68,85,18:26:27,0,1,59,2042,1,939,38,52,0,2,0,8
sp,65153,INDIAPORÃ,3520707,10,10,3164,3164,2360,2452,39,53,18:56:30,1,1,59,1219,4,997,34,40,0,0,0,5
sp,65170,INÚBIA PAULISTA,3520806,10,10,3159,3159,2412,2551,59,80,18:12:44,0,2,32,1750,0,551,30,44,0,1,0,2
sp,65196,IPAUSSU,3520905,28,28,9987,9987,7555,7964,225,184,18:28:27,2,0,228,4762,3,2163,185,192,1,7,0,12
sp,65218,IPERÓ,3521002,59,59,21605,21605,15206,16363,498,659,20:59:25,7,0,515,7950,9,5940,446,287,4,28,1,19
sp,65234,IPEÚNA,3521101,21,21,5852,5852,4268,4469,72,129,19:04:50,1,0,81,2967,0,1047,93,64,0,6,1,8
sp,62243,IPIGUÁ,3521150,15,15,4916,4916,3549,3695,67,79,19:13:24,0,0,75,2432,3,915,55,57,1,2,0,9
sp,65250,IPORANGA,3521200,13,13,3303,3303,2386,2515,53,76,19:20:46,2,1,43,957,0,1298,52,30,0,0,0,3
sp,65277,IPUÃ,3521309,32,32,11207,11207,8366,8788,211,211,20:07:52,2,0,236,4115,3,3636,203,146,0,2,0,23
sp,65293,IRACEMÁPOLIS,3521408,60,60,17617,17617,14007,14686,289,390,19:20:47,5,1,357,9319,8,3687,322,264,2,9,2,31
sp,65331,IRAPURU,3521606,17,17,4556,4556,3253,3469,101,115,18:28:28,0,0,59,1984,1,1088,57,61,0,1,0,2
sp,65315,IRAPUÃ,3521507,20,20,5489,5489,4008,4217,105,104,21:02:49,0,0,40,2885,0,990,61,32,0,0,0,0
sp,65358,ITABERÁ,3521705,47,47,13507,13507,10242,10754,300,212,20:57:32,0,6,244,5931,1,3744,159,145,1,5,0,6
sp,65390,ITAJOBI,3521903,39,39,12328,12328,9467,9945,179,299,18:56:31,0,5,176,6929,0,2044,164,134,0,3,1,11
sp,65412,ITAJU,3522000,9,9,3176,3176,2329,2438,53,56,18:16:53,2,0,55,1406,0,774,40,51,0,0,0,1
sp,65439,ITANHAÉM,3522109,248,248,85052,85052,57629,61240,1498,2113,20:02:18,40,19,1674,29274,45,23188,1724,1391,9,106,11,148
sp,61603,ITAOCA,3522158,12,12,3039,3039,2197,2286,35,54,19:23:29,1,0,33,964,0,1144,32,20,0,0,0,3
sp,65455,ITAPECERICA DA SERRA,3522208,361,361,124081,124081,90833,97109,2824,3452,20:53:21,52,24,3482,37068,45,44540,3234,1984,9,153,20,222
sp,65471,ITAPETININGA,3522307,386,386,114451,114451,84328,89745,2465,2952,21:29:24,36,18,2436,55271,37,22147,2126,1963,10,77,12,195
sp,65498,ITAPEVA,3522406,226,226,68478,68478,49293,52193,1514,1386,20:22:33,9,8,1337,30581,12,15240,1074,897,4,42,5,84
sp,65510,ITAPEVI,3522505,487,487,168609,168609,118929,127450,4218,4303,20:10:50,45,29,5118,49798,75,56175,4295,2888,19,216,18,253
sp,65536,ITAPIRA,3522604,161,161,53362,53362,39488,42746,1395,1863,18:41:17,17,6,1237,25885,12,10212,1004,914,4,42,6,149
sp,61948,ITAPIRAPUÃ PAULISTA,3522653,10,10,3305,3305,2404,2564,81,79,20:50:52,0,0,58,1315,0,990,17,23,0,0,0,1
sp,65579,ITAPORANGA,3522802,36,36,11006,11006,7948,8332,177,207,18:16:31,0,2,192,4862,1,2636,115,124,0,3,2,11
sp,65617,ITAPURA,3523008,12,12,3647,3647,2530,2655,41,84,18:47:57,2,1,77,793,0,1583,34,36,0,3,0,1
sp,65595,ITAPUÍ,3522901,34,34,9473,9473,7125,7622,272,225,18:22:01,4,2,206,4349,2,2256,160,136,0,3,0,7
sp,65633,ITAQUAQUECETUBA,3523107,747,747,258019,258019,181377,196053,6463,8213,20:57:32,84,41,7259,79910,94,83516,5986,3768,27,315,30,347
sp,65650,ITARARÉ,3523206,113,113,33780,33780,24027,25369,710,632,20:31:17,10,1,738,15088,6,7095,486,524,3,23,1,52
sp,65676,ITARIRI,3523305,29,29,9789,9789,6831,7164,123,210,20:10:49,1,2,122,4051,0,2381,132,123,0,5,1,13
sp,65692,ITATIBA,3523404,243,243,85162,85162,65048,68525,1459,2018,19:12:24,28,22,2328,40307,33,18113,2155,1631,8,109,20,294
sp,65714,ITATINGA,3523503,45,45,14071,14071,9981,10707,328,398,20:46:29,3,1,361,5954,1,3203,215,220,1,8,0,14
sp,65374,ITAÍ,3521804,46,46,16732,16732,12244,12980,354,382,20:58:51,0,1,348,6532,5,4939,208,188,1,4,2,16
sp,65730,ITIRAPINA,3523602,35,35,10400,10400,7342,7821,216,263,18:57:46,2,3,183,4246,0,2573,170,141,3,3,3,15
sp,65757,ITIRAPUÃ,3523701,16,16,5150,5150,3639,3797,67,91,18:51:32,0,0,97,1709,2,1685,55,81,0,0,0,10
sp,65773,ITOBI,3523800,18,18,6007,6007,4447,4736,160,129,18:42:17,1,0,132,2606,2,1516,82,102,0,1,0,5
sp,65790,ITU,3523909,373,373,128825,128825,91935,97582,2273,3374,21:43:26,37,24,3361,55736,56,26916,3023,2298,12,139,8,325
sp,65811,ITUPEVA,3524006,146,146,48390,48390,35534,37573,831,1208,19:13:56,16,5,1348,21462,11,10639,1064,793,4,46,7,139
sp,65838,ITUVERAVA,3524105,99,99,27366,27366,19855,20862,452,555,19:11:15,6,0,501,11847,7,6613,381,411,2,11,0,76
sp,65552,ITÁPOLIS,3522703,88,88,28904,28904,21513,22621,541,567,19:29:11,3,4,573,14916,3,5184,422,356,1,18,5,28
sp,65854,JABORANDI,3524204,14,14,5006,5006,3789,4025,100,136,18:57:47,1,1,196,2035,0,1469,52,35,0,0,0,0
sp,65870,JABOTICABAL,3524303,161,161,50931,50931,37446,39215,832,937,19:14:23,6,8,1254,22901,20,11143,903,1038,2,52,7,112
sp,65897,JACAREÍ,3524402,553,553,171394,171394,130039,136930,2880,4011,20:11:59,62,21,4424,75767,154,41901,4092,2830,12,224,23,529
sp,65919,JACI,3524501,15,15,5828,5828,4294,4526,91,141,20:13:31,0,0,110,2553,0,1439,97,80,0,2,1,12
sp,65935,JACUPIRANGA,3524600,46,46,12334,12334,8924,9302,159,219,18:28:28,8,1,235,5889,4,2404,189,171,0,10,0,13
sp,65951,JAGUARIÚNA,3524709,144,144,45186,45186,33993,35856,832,1031,19:14:55,7,12,1167,21186,20,9461,1110,777,7,68,4,174
sp,65978,JALES,3524808,125,125,36025,36025,26958,28481,628,895,18:42:18,6,9,664,18113,12,7063,570,444,4,25,4,44
sp,65994,JAMBEIRO,3524907,16,16,4996,4996,3766,3951,72,113,19:29:48,2,3,131,2255,0,1191,78,91,0,6,0,9
sp,66010,JANDIRA,3525003,232,232,76022,76022,56217,59943,1783,1943,19:31:07,27,13,2343,25516,38,24546,2058,1383,10,93,13,177
sp,66036,JARDINÓPOLIS,3525102,81,81,29784,29784,21180,22642,723,739,18:30:21,7,2,709,13263,12,6140,458,503,3,18,4,61
sp,66052,JARINU,3525201,77,77,26768,26768,19000,20168,497,671,19:29:47,12,4,643,11454,10,5802,560,410,1,27,6,71
sp,66079,JAÚ,3525300,330,330,98725,98725,75344,79752,2088,2320,19:03:34,21,11,1968,51878,24,17705,1849,1623,10,81,17,157
sp,66095,JERIQUARA,3525409,10,10,3344,3344,2549,2653,32,72,18:59:24,1,0,136,1270,0,1060,41,31,0,3,0,7
sp,66117,JOANÓPOLIS,3525508,31,31,9451,9451,7188,7657,212,257,19:11:16,3,2,205,4751,4,1865,159,165,0,6,0,28
sp,66150,JOSÉ BONIFÁCIO,3525706,83,83,27281,27281,20273,21248,480,495,18:39:54,1,5,628,13238,6,5461,466,402,2,21,3,40
sp,66133,JOÃO RAMALHO,3525607,13,13,3518,3518,2438,2606,57,111,18:12:07,0,1,57,1369,0,949,30,26,0,1,1,4
sp,62324,JUMIRIM,3525854,7,7,2457,2457,1841,1933,51,41,18:26:57,1,0,50,1218,0,491,43,35,0,3,0,0
sp,66192,JUNDIAÍ,3525904,974,974,337851,337851,251832,266331,5158,9341,21:45:39,116,63,10851,145880,161,76564,9927,6191,56,491,48,1484
sp,66214,JUNQUEIRÓPOLIS,3526001,50,50,14112,14112,10173,10703,237,293,18:22:01,1,1,288,6784,2,2679,227,164,0,3,1,23
sp,66257,JUQUITIBA,3526209,76,76,22815,22815,16845,17904,448,611,20:39:30,9,1,660,8344,9,6972,401,406,2,19,0,22
sp,66230,JUQUIÁ,3526100,65,65,15229,15229,10433,10975,207,335,20:07:50,4,3,219,6200,5,3585,200,192,2,8,2,13
sp,66176,JÚLIO MESQUITA,3525805,12,12,3690,3690,2611,2791,90,90,19:31:07,0,0,58,1281,2,1188,44,34,0,2,0,2
sp,66273,LAGOINHA,3526308,16,16,5475,5475,4054,4282,106,122,19:12:24,1,0,136,2298,1,1392,79,137,0,2,0,8
sp,66290,LARANJAL PAULISTA,3526407,69,69,20780,20780,15167,15961,345,449,18:48:54,4,2,386,10912,4,3192,347,284,1,8,3,24
sp,66338,LAVRINHAS,3526605,22,22,6102,6102,4703,5026,127,196,20:22:06,1,1,197,2430,1,1822,111,125,0,7,0,8
sp,66311,LAVÍNIA,3526506,15,15,3884,3884,2839,3010,67,104,19:20:47,0,0,75,1604,0,1062,50,39,0,5,0,4
sp,66354,LEME,3526704,209,209,72901,72901,53762,57445,1622,2061,19:07:17,11,5,1368,34155,13,15762,1188,1071,6,60,8,115
sp,66370,LENÇÓIS PAULISTA,3526803,194,194,50784,50784,37997,40096,956,1143,19:16:41,4,6,1113,26942,11,8014,1005,743,9,28,3,119
sp,66397,LIMEIRA,3526902,734,734,219483,219483,171450,180045,3339,5256,19:07:55,56,33,4950,118783,72,39100,4732,2948,25,214,18,519
sp,66419,LINDÓIA,3527009,22,22,5869,5869,4486,4717,59,172,19:07:55,0,0,77,3103,1,1095,111,83,1,1,0,14
sp,66435,LINS,3527108,186,186,53771,53771,38363,40399,912,1124,19:22:52,17,9,1013,26053,17,9307,955,861,5,34,4,88
sp,66451,LORENA,3527207,194,194,61172,61172,46998,49285,1079,1208,19:31:07,17,8,1551,28205,29,14475,1330,1172,6,48,10,147
sp,62022,LOURDES,3527256,7,7,1877,1877,1430,1478,17,31,18:34:15,0,0,28,850,0,438,18,91,1,2,0,2
sp,66478,LOUVEIRA,3527306,104,104,39253,39253,29690,31018,566,762,20:53:21,10,4,1201,18102,9,8855,908,466,2,29,5,99
sp,66516,LUCIANÓPOLIS,3527504,7,7,2146,2146,1580,1647,29,38,18:10:56,0,0,31,843,0,657,27,20,0,0,0,2
sp,66494,LUCÉLIA,3527405,50,50,13549,13549,9502,9986,210,274,17:58:51,6,1,248,6101,6,2762,202,164,0,5,0,7
sp,66559,LUIZIÂNIA,3527702,15,15,3792,3792,2897,3025,50,78,19:07:57,0,0,67,1719,1,1050,26,30,0,0,0,4
sp,66575,LUPÉRCIO,3527801,15,15,3317,3317,2398,2529,57,74,18:45:43,0,2,38,1280,0,993,34,49,0,1,0,1
sp,66591,LUTÉCIA,3527900,8,8,2380,2380,1804,1872,28,40,18:46:42,0,1,28,968,1,747,22,33,0,1,0,3
sp,66532,LUÍS ANTÔNIO,3527603,27,27,10065,10065,7170,7584,158,256,18:26:57,2,1,260,3859,4,2706,196,115,3,8,1,15
sp,66613,MACATUBA,3528007,44,44,12402,12402,9492,10061,301,268,19:20:46,5,0,262,6232,1,2586,212,167,0,4,3,20
sp,66630,MACAUBAL,3528106,18,18,5924,5924,4614,4871,129,128,20:07:51,1,1,124,3176,0,1161,65,68,0,2,0,16
sp,66656,MACEDÔNIA,3528205,11,11,4105,4105,2923,3059,59,77,18:48:52,0,2,58,1827,1,898,46,91,0,0,0,0
sp,66672,MAGDA,3528304,9,9,2793,2793,2117,2215,49,49,18:45:44,0,0,52,1225,1,789,30,20,0,0,0,0
sp,66699,MAIRINQUE,3528403,119,119,38466,38466,28137,30221,900,1184,20:55:05,14,5,1175,14763,18,10289,977,729,2,51,11,103
sp,66710,MAIRIPORÃ,3528502,209,209,65733,65733,48131,51202,1289,1782,19:13:56,22,11,1589,27633,16,16105,1335,1143,9,93,13,162
sp,66737,MANDURI,3528601,22,22,7096,7096,5234,5593,177,182,19:00:25,2,0,232,3140,2,1603,110,132,0,4,0,9
sp,66753,MARABÁ PAULISTA,3528700,10,10,3188,3188,2168,2248,30,50,20:22:05,0,0,35,998,0,1071,19,40,0,1,0,4
sp,66770,MARACAÍ,3528809,41,41,10406,10406,8027,8368,153,188,19:13:24,4,0,161,5095,3,2450,151,137,1,13,0,12
sp,61867,MARAPOAMA,3528858,9,9,2797,2797,2202,2283,30,51,18:44:35,0,1,39,1646,0,440,32,38,0,0,2,4
sp,66834,MARINÓPOLIS,3529104,7,7,1754,1754,1377,1445,29,39,17:21:56,1,0,21,749,0,562,25,19,0,0,0,0
sp,66796,MARIÁPOLIS,3528908,10,10,2872,2872,2208,2336,63,65,18:47:55,1,0,63,1273,1,784,26,57,0,1,2,0
sp,66850,MARTINÓPOLIS,3529203,61,61,18046,18046,13175,13829,286,368,18:45:10,3,2,338,8092,4,4223,217,273,3,8,0,12
sp,66818,MARÍLIA,3529005,579,579,172936,172936,125352,132416,2971,4093,20:36:56,46,28,3463,83178,64,32441,3162,2502,16,135,17,300
sp,66877,MATÃO,3529302,218,218,63725,63725,47318,50300,1285,1697,19:12:25,17,7,1457,28421,22,15256,1031,944,5,33,4,121
sp,66893,MAUÁ,3529401,927,927,310407,310407,222687,240003,6344,10972,21:08:22,98,65,9634,95900,126,102086,8487,4921,49,696,53,572
sp,66915,MENDONÇA,3529500,15,15,5260,5260,3891,4092,72,129,19:22:06,1,1,74,2407,0,1301,59,42,0,1,0,5
sp,66931,MERIDIANO,3529609,12,12,3765,3765,2839,2975,53,83,18:50:12,0,0,58,1683,0,958,98,38,0,0,0,4
sp,61964,MESÓPOLIS,3529658,7,7,1887,1887,1391,1440,28,21,18:43:26,1,0,34,818,0,513,13,9,0,0,0,3
sp,66958,MIGUELÓPOLIS,3529708,52,52,15123,15123,11147,11605,202,256,18:33:26,2,1,225,6124,1,4441,169,157,0,2,0,25
sp,66974,MINEIROS DO TIETÊ,3529807,33,33,8683,8683,6313,6804,253,238,18:26:02,0,0,178,4286,1,1592,118,122,0,5,0,11
sp,67016,MIRA ESTRELA,3530003,8,8,2892,2892,2125,2216,33,58,19:14:22,1,1,40,1237,0,785,21,36,0,1,1,2
sp,66990,MIRACATU,3529906,58,58,15311,15311,10630,11182,212,340,18:55:27,3,7,208,6295,2,3758,164,174,1,7,0,11
sp,67032,MIRANDÓPOLIS,3530102,62,62,17999,17999,12534,13323,313,476,18:46:43,2,1,305,8475,2,3216,261,247,0,9,1,15
sp,67059,MIRANTE DO PARANAPANEMA,3530201,43,43,12713,12713,8848,9202,161,193,19:10:40,1,2,172,3937,1,4500,121,107,3,2,0,2
sp,67075,MIRASSOL,3530300,132,132,43661,43661,32754,34490,799,937,18:57:46,9,5,974,21179,19,8899,832,701,3,37,4,92
sp,67091,MIRASSOLÂNDIA,3530409,11,11,4130,4130,3061,3209,60,88,19:22:51,1,1,83,1892,1,986,41,53,0,1,0,2
sp,67113,MOCOCA,3530508,156,156,49126,49126,34715,37333,1166,1452,21:13:03,9,9,1274,21848,16,9944,651,799,5,27,6,127
sp,67130,MOGI DAS CRUZES,3530607,978,978,334039,334039,239938,256542,7368,9236,21:45:39,110,74,9566,124249,154,88346,8987,6751,41,548,71,1041
sp,67156,MOGI GUAÇU,3530706,348,348,114358,114358,86540,91795,2146,3109,20:32:59,28,17,2742,57443,34,21740,2366,1790,17,91,9,263
sp,67172,MOGI MIRIM,3530805,215,215,67646,67646,50976,54055,1320,1759,19:10:41,20,14,1597,33902,20,12646,1343,1169,10,46,11,198
sp,67199,MOMBUCA,3530904,11,11,3151,3151,2344,2498,56,98,19:11:50,2,0,60,1613,2,577,46,38,0,2,0,4
sp,67237,MONGAGUÁ,3531100,148,148,50491,50491,32905,34990,863,1222,19:30:37,19,7,917,15684,21,14198,1016,877,12,66,2,86
sp,67253,MONTE ALEGRE DO SUL,3531209,22,22,6336,6336,4764,5119,125,230,21:20:27,3,1,134,3096,0,1270,113,116,0,5,2,24
sp,67270,MONTE ALTO,3531308,116,116,36025,36025,26336,27876,747,793,18:39:16,8,3,1019,17490,11,6401,635,669,0,21,1,78
sp,67296,MONTE APRAZÍVEL,3531407,51,51,16980,16980,12474,13147,302,371,18:39:53,0,3,311,7723,1,3829,300,252,1,10,1,43
sp,67318,MONTE AZUL PAULISTA,3531506,45,45,14242,14242,10609,11195,267,319,18:26:57,2,4,374,7069,4,2763,173,191,2,8,2,17
sp,67334,MONTE CASTELO,3531605,11,11,3327,3327,2521,2631,41,69,18:26:58,0,0,26,1442,0,973,44,33,0,0,0,3
sp,67377,MONTE MOR,3531803,161,161,47316,47316,34526,36862,1042,1294,19:20:48,13,7,1235,18255,18,13140,1015,699,1,55,2,86
sp,67350,MONTEIRO LOBATO,3531704,13,13,3833,3833,2930,3083,53,100,19:22:53,0,0,70,1561,0,1179,47,56,0,5,0,12
sp,67210,MONÇÕES,3531001,7,7,2121,2121,1649,1723,29,45,18:46:42,0,0,43,985,0,550,34,37,0,0,0,0
sp,67393,MORRO AGUDO,3531902,61,61,20181,20181,14917,15877,388,572,19:04:06,3,1,422,8632,3,5236,289,288,0,10,3,30
sp,67415,MORUNGABA,3532009,31,31,10613,10613,8141,8626,174,311,19:11:16,3,0,213,5462,2,2073,186,175,3,5,0,19
sp,61069,MOTUCA,3532058,11,11,3384,3384,2499,2659,62,98,18:43:25,0,0,66,1244,0,1098,51,34,3,0,0,3
sp,67431,MURUTINGA DO SUL,3532108,13,13,3341,3341,2452,2578,51,75,18:36:23,0,0,34,1590,0,755,50,21,0,0,1,1
sp,62340,NANTES,3532157,7,7,2206,2206,1629,1680,22,29,17:35:19,0,0,27,881,0,672,23,24,0,0,0,2
sp,67458,NARANDIBA,3532207,13,13,4458,4458,3437,3572,63,72,20:59:25,0,1,124,1749,0,1459,45,55,0,2,0,2
sp,67474,NATIVIDADE DA SERRA,3532306,22,22,5669,5669,4176,4410,76,158,18:37:25,1,2,112,2508,2,1341,82,118,0,1,3,6
sp,67490,NAZARÉ PAULISTA,3532405,47,47,14473,14473,10656,11394,298,440,20:50:18,4,2,379,6534,4,3115,224,364,4,12,3,11
sp,67512,NEVES PAULISTA,3532504,22,22,7059,7059,5275,5640,177,188,18:48:58,2,1,146,3180,0,1709,102,112,1,1,1,20
sp,67539,NHANDEARA,3532603,25,25,7745,7745,5666,5912,121,125,18:26:02,0,1,172,3928,1,1384,82,85,0,3,0,10
sp,67555,NIPOÃ,3532702,12,12,3881,3881,2882,3015,54,79,18:51:33,0,2,97,1703,0,994,46,38,0,0,0,2
sp,67571,NOVA ALIANÇA,3532801,18,18,5431,5431,3978,4199,77,144,18:42:18,2,1,117,2578,2,1156,53,63,0,1,0,5
sp,61980,NOVA CAMPINA,3532827,23,23,6959,6959,5225,5460,111,124,20:10:50,2,1,106,3031,2,1915,102,61,1,1,0,3
sp,61425,NOVA CANAÃ PAULISTA,3532843,7,7,2275,2275,1579,1667,30,58,18:47:55,1,0,41,816,1,645,46,27,0,2,0,0
sp,62367,NOVA CASTILHO,3532868,4,4,1375,1375,1046,1077,12,19,19:00:25,0,0,19,659,0,324,24,18,0,1,0,1
sp,67598,NOVA EUROPA,3532900,26,26,7172,7172,5293,5645,172,180,19:20:46,3,0,206,2485,2,2382,132,69,1,2,1,10
sp,67610,NOVA GRANADA,3533007,51,51,14794,14794,10658,11257,246,353,19:00:59,2,2,251,5963,3,4018,214,185,0,5,1,14
sp,67636,NOVA GUATAPORANGA,3533106,10,10,2019,2019,1451,1536,33,52,18:16:53,0,1,22,792,0,605,20,10,0,0,0,1
sp,67652,NOVA INDEPENDÊNCIA,3533205,14,14,3505,3505,2509,2637,49,79,18:59:58,1,2,46,1451,2,945,30,31,0,0,0,1
sp,67679,NOVA LUZITÂNIA,3533304,8,8,2635,2635,2001,2101,42,58,18:46:43,0,0,78,967,0,882,38,34,0,0,0,2
sp,67695,NOVA ODESSA,3533403,143,143,47408,47408,37161,38977,740,1076,18:47:55,14,13,1372,22205,11,11562,1157,649,7,48,8,115
sp,61409,NOVAIS,3533254,14,14,3922,3922,2917,3125,77,131,18:30:52,0,0,46,1781,1,996,55,37,0,0,0,1
sp,67717,NOVO HORIZONTE,3533502,90,90,28606,28606,20772,21686,437,477,18:45:13,4,1,435,14302,2,5217,416,341,3,11,1,39
sp,67733,NUPORANGA,3533601,23,23,6023,6023,4437,4706,111,158,18:26:57,1,0,98,2813,0,1305,109,87,1,4,0,19
sp,67750,OCAUÇU,3533700,13,13,3441,3441,2516,2626,43,67,18:42:21,0,0,51,1480,1,894,36,53,0,0,0,1
sp,67792,OLÍMPIA,3533908,141,141,41874,41874,30932,32569,765,872,19:03:07,5,3,1082,19840,6,8606,694,605,5,18,7,61
sp,67814,ONDA VERDE,3534005,14,14,4387,4387,3222,3374,67,85,18:45:43,0,0,106,1826,1,1167,54,61,0,1,0,6
sp,67830,ORIENTE,3534104,16,16,5159,5159,3766,3989,88,135,20:13:00,0,1,62,2438,1,1135,68,51,0,2,0,8
sp,67857,ORINDIÚVA,3534203,17,17,5003,5003,3709,3904,62,133,18:33:53,1,0,131,1996,0,1445,76,50,0,2,0,8
sp,67873,ORLÂNDIA,3534302,103,103,29493,29493,21895,23307,577,835,20:51:31,12,3,638,13024,7,6990,502,612,3,22,6,76
sp,67890,OSASCO,3534401,1641,1641,583991,583991,421757,447953,10881,15315,21:02:18,225,152,17295,191726,307,182778,16086,10481,83,885,112,1627
sp,67911,OSCAR BRESSANE,3534500,8,8,2450,2450,1815,1867,23,29,18:58:18,0,0,27,1295,0,432,23,35,0,0,0,3
sp,67938,OSVALDO CRUZ,3534609,80,80,22809,22809,16475,17277,358,444,19:10:04,7,4,388,11605,6,3830,280,314,0,9,2,30
sp,67954,OURINHOS,3534708,248,248,76480,76480,55607,58680,1426,1647,20:35:25,8,13,1776,33838,19,17114,1381,1282,8,41,16,111
sp,67970,OURO VERDE,3534807,16,16,6097,6097,4355,4549,94,100,19:20:48,0,1,84,2364,1,1796,50,51,0,3,1,4
sp,62383,OUROESTE,3534757,22,22,7997,7997,5848,6125,97,180,19:23:30,0,1,140,3551,2,1964,118,63,0,1,1,7
sp,67997,PACAEMBU,3534906,26,26,7523,7523,5490,5763,112,161,18:32:00,0,2,111,3593,0,1597,95,86,1,2,0,3
sp,68012,PALESTINA,3535002,30,30,8996,8996,6520,6852,150,182,18:25:02,0,1,154,3916,0,2217,90,134,0,1,0,7
sp,68039,PALMARES PAULISTA,3535101,24,24,7352,7352,5711,6153,176,266,19:23:30,1,3,182,3152,2,2187,94,76,1,2,0,11
sp,68055,PALMEIRA D'OESTE,3535200,22,22,7437,7437,5386,5666,136,144,18:26:57,0,1,139,3295,0,1754,93,91,0,2,1,10
sp,68071,PALMITAL,3535309,48,48,16108,16108,11950,12536,268,318,19:01:26,6,3,284,7880,3,3290,256,194,1,8,2,23
sp,68098,PANORAMA,3535408,39,39,9923,9923,7429,7852,188,235,19:04:50,0,0,138,4551,1,2531,113,83,1,2,0,9
sp,68110,PARAGUAÇU PAULISTA,3535507,96,96,29958,29958,21446,22537,525,566,18:37:55,6,2,501,12647,9,7446,405,382,1,14,3,30
sp,68136,PARAIBUNA,3535606,47,47,13836,13836,10542,10974,163,269,18:14:42,2,0,293,5564,5,4210,263,170,4,7,2,22
sp,68179,PARANAPANEMA,3535804,41,41,13591,13591,10399,10925,206,320,19:24:29,1,1,264,6313,2,3529,162,115,0,2,1,9
sp,68195,PARANAPUÃ,3535903,13,13,3392,3392,2656,2795,65,74,19:00:59,0,0,43,1610,1,943,24,33,0,0,0,2
sp,68217,PARAPUÃ,3536000,28,28,7605,7605,5574,5963,185,204,19:14:56,2,3,115,3650,2,1602,94,96,1,3,0,6
sp,68152,PARAÍSO,3535705,15,15,4547,4547,3494,3751,94,163,18:20:36,1,0,106,2314,0,940,61,63,0,2,1,6
sp,68233,PARDINHO,3536109,18,18,6139,6139,4297,4535,89,149,19:14:55,1,1,116,2714,0,1254,102,94,0,6,1,8
sp,68250,PARIQUERA-AÇU,3536208,48,48,14302,14302,10588,11220,274,358,19:05:26,5,3,245,7032,3,2894,247,130,3,11,3,12
sp,61824,PARISI,3536257,9,9,3085,3085,2211,2312,35,66,19:17:18,0,0,37,1425,2,676,28,32,0,5,0,6
sp,68276,PATROCÍNIO PAULISTA,3536307,32,32,10549,10549,7814,8172,173,185,19:08:28,1,1,281,4628,2,2474,132,248,1,2,1,43
sp,68292,PAULICÉIA,3536406,18,18,5955,5955,4308,4491,87,96,20:13:31,2,0,84,2771,1,1341,56,52,1,0,0,0
sp,62405,PAULISTÂNIA,3536570,6,6,1993,1993,1436,1499,23,40,19:13:56,0,0,29,896,0,457,11,38,0,2,1,2
sp,68330,PAULO DE FARIA,3536604,21,21,6111,6111,4229,4465,66,170,18:30:53,0,1,108,2130,2,1832,80,71,0,1,1,3
sp,68314,PAULÍNIA,3536505,247,247,89901,89901,69768,72666,1171,1727,20:43:08,55,20,2695,39264,46,23575,2402,1232,12,127,16,324
sp,68357,PEDERNEIRAS,3536703,103,103,32588,32588,24780,26187,672,735,19:22:52,2,7,695,16572,11,6409,599,424,3,11,3,44
sp,68373,PEDRA BELA,3536802,14,14,4810,4810,3598,3826,111,117,19:20:45,1,3,102,2189,3,1125,87,80,0,1,0,7
sp,68390,PEDRANÓPOLIS,3536901,8,8,2682,2682,1980,2064,39,45,18:39:19,0,0,42,1158,0,704,54,21,0,0,0,1
sp,68411,PEDREGULHO,3537008,42,42,12296,12296,9003,9508,214,291,19:05:26,0,1,187,4448,0,4022,184,121,0,2,0,38
sp,68438,PEDREIRA,3537107,108,108,33383,33383,25126,26784,610,1048,19:26:11,1,2,651,17474,6,5780,657,441,2,22,3,87
sp,61247,PEDRINHAS PAULISTA,3537156,9,9,2726,2726,2106,2175,19,50,17:57:28,0,0,62,1451,0,518,39,33,0,0,0,3
sp,68454,PEDRO DE TOLEDO,3537206,27,27,7891,7891,5285,5542,114,143,20:11:59,5,0,149,2824,0,2065,125,102,1,7,0,7
sp,68470,PENÁPOLIS,3537305,160,160,43746,43746,32736,34393,668,989,19:22:05,7,5,900,21170,8,9312,650,603,5,22,5,49
sp,68497,PEREIRA BARRETO,3537404,75,75,19125,19125,13200,13862,295,367,19:13:57,0,5,317,7498,2,4868,241,246,0,5,3,15
sp,68519,PEREIRAS,3537503,19,19,6469,6469,4704,4973,115,154,18:56:31,1,0,131,2918,0,1463,92,96,0,1,0,2
sp,68535,PERUÍBE,3537602,176,176,59840,59840,40994,43174,899,1281,19:25:08,21,9,1180,21904,22,15550,1152,952,9,84,13,98
sp,68551,PIACATU,3537701,15,15,4487,4487,3376,3525,39,110,18:50:11,0,3,68,2151,0,1084,38,30,0,1,0,1
sp,68578,PIEDADE,3537800,118,118,42011,42011,29541,31515,965,1009,19:20:47,14,3,928,17910,17,9014,744,823,4,31,3,50
sp,68594,PILAR DO SUL,3537909,63,63,22434,22434,16075,17046,451,520,19:24:30,1,4,416,10501,4,4458,305,331,0,14,5,36
sp,68616,PINDAMONHANGABA,3538006,396,396,119275,119275,88927,94638,2589,3122,19:25:38,45,17,3307,52407,61,27531,2614,2428,11,134,14,358
sp,68632,PINDORAMA,3538105,38,38,10497,10497,8034,8505,216,255,19:29:47,1,2,224,5292,1,2204,164,129,0,6,0,11
sp,68675,PINHALZINHO,3538204,35,35,11384,11384,8301,8920,266,353,19:26:10,5,0,204,5431,4,2277,162,181,0,8,3,26
sp,68691,PIQUEROBI,3538303,9,9,3115,3115,2217,2348,45,86,20:10:49,0,0,44,1196,0,941,22,14,0,0,0,0
sp,68713,PIQUETE,3538501,31,31,10045,10045,7158,7560,193,209,19:30:38,3,4,222,4334,4,2188,146,221,2,7,0,27
sp,68730,PIRACAIA,3538600,62,62,21552,21552,16222,17153,392,539,18:50:10,14,6,562,10426,7,4282,401,434,0,31,5,54
sp,68756,PIRACICABA,3538709,907,907,311212,311212,226955,239268,5227,7086,19:03:07,82,54,7284,143775,150,62618,6887,4802,42,308,36,917
sp,68772,PIRAJU,3538808,68,68,21986,21986,15474,16481,429,578,18:25:01,3,0,600,8961,4,5085,407,370,1,13,3,27
sp,68799,PIRAJUÍ,3538907,58,58,14814,14814,10702,11332,305,325,19:25:08,3,0,267,6696,9,3215,246,234,0,7,3,22
sp,68810,PIRANGI,3539004,29,29,7897,7897,5924,6247,161,162,19:10:04,1,1,146,4168,0,1354,122,127,0,2,0,3
sp,68837,PIRAPORA DO BOM JESUS,3539103,43,43,14158,14158,10142,10664,232,290,20:13:32,8,4,319,4634,6,4626,340,171,1,12,1,20
sp,68853,PIRAPOZINHO,3539202,66,66,19385,19385,14536,15174,286,352,19:14:56,6,2,433,8574,4,4853,330,307,1,8,0,18
sp,68870,PIRASSUNUNGA,3539301,187,187,55163,55163,40523,42950,1095,1332,19:07:55,11,14,1251,26402,20,10388,1081,1099,6,46,20,185
sp,68896,PIRATININGA,3539400,34,34,10141,10141,7613,7958,149,196,18:47:55,7,1,203,5067,3,1933,188,177,0,5,0,29
sp,68918,PITANGUEIRAS,3539509,84,84,24981,24981,18574,19797,549,674,18:55:27,1,3,520,10212,4,7041,407,314,1,15,2,54
sp,68934,PLANALTO,3539608,12,12,3962,3962,2904,3047,38,105,19:24:02,0,0,51,1600,1,1182,46,20,0,2,0,2
sp,68950,PLATINA,3539707,8,8,2775,2775,2032,2118,36,50,18:45:44,0,1,35,1365,0,563,47,21,0,0,0,0
sp,68993,POLONI,3539905,15,15,4510,4510,3423,3611,83,105,18:36:22,0,0,73,2137,1,1114,41,55,0,0,0,2
sp,69019,POMPÉIA,3540002,49,49,16138,16138,12240,12785,204,341,19:01:54,2,2,265,8930,4,2549,263,200,1,4,0,20
sp,69035,PONGAÍ,3540101,11,11,2952,2952,2211,2316,39,66,18:56:31,1,0,51,1499,0,586,33,38,0,3,0,0
sp,69051,PONTAL,3540200,102,102,28287,28287,21284,23043,741,1018,20:12:26,5,2,664,11460,5,8148,480,444,3,16,1,56
sp,61808,PONTALINDA,3540259,12,12,3157,3157,2368,2478,51,59,18:39:15,0,0,45,1222,0,1029,40,32,0,0,0,0
sp,69078,PONTES GESTAL,3540309,8,8,2368,2368,1742,1811,28,41,18:26:57,0,0,39,1049,0,609,23,21,0,0,0,1
sp,69094,POPULINA,3540408,12,12,3679,3679,2726,2877,51,100,19:01:54,0,1,38,1280,1,1317,40,46,0,0,1,2
sp,69116,PORANGABA,3540507,20,20,7483,7483,5333,5656,125,198,20:30:07,1,2,114,3165,2,1844,74,114,0,6,0,11
sp,69132,PORTO FELIZ,3540606,117,117,41162,41162,30934,32714,885,895,18:43:25,18,3,977,20277,17,8121,817,591,4,40,1,68
sp,69159,PORTO FERREIRA,3540705,124,124,39960,39960,28861,30811,907,1043,18:26:58,10,3,1014,18883,14,7306,750,777,4,22,3,75
sp,61565,POTIM,3540754,43,43,12546,12546,9854,10270,196,220,18:32:18,1,1,353,5554,6,3416,277,223,0,10,4,9
sp,69175,POTIRENDABA,3540804,41,41,13860,13860,10363,10928,252,313,19:07:19,0,2,248,6684,4,3030,178,193,0,6,2,16
sp,68977,POÁ,3539806,273,273,89811,89811,68475,72857,1815,2567,19:25:38,34,23,2653,31643,50,29359,2657,1659,12,164,18,203
sp,62120,PRACINHA,3540853,5,5,1476,1476,1091,1132,16,25,18:30:23,1,0,20,629,0,409,12,18,1,0,0,1
sp,69191,PRADÓPOLIS,3540903,42,42,13603,13603,10594,11248,261,393,22:24:00,6,0,422,6051,2,3605,290,187,0,3,3,25
sp,69213,PRAIA GRANDE,3541000,764,764,265311,265311,182720,193212,4639,5853,20:47:31,85,32,6066,98944,116,66444,6035,4122,26,360,36,454
sp,62146,PRATÂNIA,3541059,16,16,4725,4725,3386,3601,109,106,18:45:11,1,0,103,2010,1,1166,64,37,0,1,0,3
sp,69230,PRESIDENTE ALVES,3541109,11,11,3391,3391,2463,2579,29,87,18:43:24,0,0,62,1399,3,906,33,57,0,2,0,1
sp,69256,PRESIDENTE BERNARDES,3541208,34,34,10209,10209,7293,7593,141,159,19:21:30,4,2,154,4540,2,2362,121,96,0,0,0,12
sp,69272,PRESIDENTE EPITÁCIO,3541307,92,92,29804,29804,20956,21994,475,563,19:00:25,2,5,457,11934,4,7733,434,344,0,15,3,25
sp,69299,PRESIDENTE PRUDENTE,3541406,580,580,165528,165528,123575,128762,2337,2850,19:29:48,29,13,3035,80401,44,33929,3044,2678,14,105,18,265
sp,69310,PRESIDENTE VENCESLAU,3541505,90,90,26379,26379,19137,20105,440,528,18:43:27,5,0,439,12868,2,5014,372,391,1,5,1,39
sp,69337,PROMISSÃO,3541604,85,85,26512,26512,18221,19275,451,603,18:59:58,8,3,455,10868,8,6110,367,365,5,12,2,18
sp,62162,QUADRA,3541653,11,11,4032,4032,2802,2938,54,82,19:11:15,0,1,82,1730,1,888,37,59,0,1,0,3
sp,69353,QUATÁ,3541703,33,33,10121,10121,7450,7773,148,175,18:19:06,0,0,181,4814,2,2182,139,119,0,3,1,9
sp,69370,QUEIROZ,3541802,11,11,3299,3299,2352,2460,41,67,19:04:06,0,0,28,1410,1,869,23,18,0,2,0,1
sp,69396,QUELUZ,3541901,25,25,7112,7112,5250,5474,105,119,19:04:05,1,1,177,2446,2,2385,141,83,0,5,0,9
sp,69418,QUINTANA,3542008,16,16,5214,5214,3862,4073,81,130,19:02:31,2,0,75,2568,0,1101,62,45,0,5,0,4
sp,69434,RAFARD,3542107,24,24,7253,7253,5760,6047,110,177,19:20:46,1,0,157,3890,1,1446,140,98,0,9,3,15
sp,69450,RANCHARIA,3542206,80,80,22888,22888,16648,17380,349,383,18:28:27,5,0,358,9527,8,5825,367,527,1,8,2,20
sp,69477,REDENÇÃO DA SERRA,3542305,13,13,4304,4304,3110,3269,64,95,20:02:19,1,0,95,1689,0,1155,56,106,1,3,1,3
sp,69493,REGENTE FEIJÓ,3542404,67,67,15711,15711,11831,12378,245,302,18:29:17,5,3,284,7406,2,3669,217,215,2,13,0,15
sp,69515,REGINÓPOLIS,3542503,14,14,4734,4734,3504,3698,85,109,19:13:23,0,0,83,2430,1,833,59,89,1,2,0,6
sp,69531,REGISTRO,3542602,155,155,45214,45214,32700,34201,723,778,19:07:55,17,7,821,19326,12,10853,871,671,9,42,4,67
sp,69558,RESTINGA,3542701,20,20,6817,6817,4942,5160,104,114,18:19:27,1,2,140,2653,1,1931,144,60,0,3,0,7
sp,69574,RIBEIRA,3542800,12,12,2889,2889,2127,2212,39,46,19:23:29,0,0,25,955,0,1084,28,30,1,3,0,1
sp,69590,RIBEIRÃO BONITO,3542909,26,26,8616,8616,5900,6308,174,234,18:32:19,1,1,137,3168,2,2306,144,120,0,5,1,15
sp,69612,RIBEIRÃO BRANCO,3543006,50,50,14335,14335,10489,11062,257,316,20:57:32,2,4,174,5703,3,4340,141,116,0,2,0,4
sp,69639,RIBEIRÃO CORRENTE,3543105,12,12,4387,4387,3141,3296,58,97,18:14:40,2,0,71,1686,0,1279,45,50,0,0,0,8
sp,69655,RIBEIRÃO DO SUL,3543204,11,11,3926,3926,3057,3186,57,72,18:51:32,0,0,62,1684,0,1206,56,42,0,1,0,6
sp,62421,RIBEIRÃO DOS ÍNDIOS,3543238,7,7,1918,1918,1397,1485,33,55,19:03:35,0,0,19,721,1,620,16,20,0,0,0,0
sp,61700,RIBEIRÃO GRANDE,3543253,24,24,6413,6413,4832,5169,183,154,18:38:16,2,1,128,2232,2,2203,115,143,1,2,0,3
sp,69671,RIBEIRÃO PIRES,3543303,262,262,85765,85765,64397,68809,1627,2785,20:16:08,48,14,2847,30399,53,26550,2456,1644,18,136,17,215
sp,69698,RIBEIRÃO PRETO,3543402,1449,1449,473134,473134,341643,360767,6806,12318,20:35:25,122,96,14498,188761,195,116116,10657,8426,51,600,56,2065
sp,69736,RIFAINA,3543600,16,16,5127,5127,3675,3789,61,53,19:07:17,1,0,84,2204,1,1254,65,45,0,2,0,19
sp,69752,RINCÃO,3543709,27,27,7171,7171,5088,5498,173,237,19:07:18,3,0,147,2459,2,2319,77,69,0,2,2,8
sp,69779,RINÓPOLIS,3543808,24,24,7452,7452,5190,5472,125,157,18:51:32,1,2,109,3648,0,1275,78,70,0,3,0,4
sp,69795,RIO CLARO,3543907,447,447,151298,151298,112088,119236,2592,4556,19:22:53,34,36,3609,71036,67,31307,3210,2212,18,165,31,363
sp,69817,RIO DAS PEDRAS,3544004,80,80,25297,25297,18955,20003,490,558,19:14:22,10,2,618,12313,8,5198,434,313,0,23,1,35
sp,69833,RIO GRANDE DA SERRA,3544103,115,115,33722,33722,24797,26874,937,1140,20:17:35,15,7,1038,10158,20,12124,808,482,7,73,7,58
sp,69850,RIOLÂNDIA,3544202,22,22,7103,7103,5267,5513,86,160,19:00:25,0,1,89,2721,0,2345,53,55,0,1,0,2
sp,69710,RIVERSUL,3543501,16,16,4559,4559,3410,3590,73,107,18:51:33,1,1,63,1875,0,1335,67,64,0,0,2,2
sp,61166,ROSANA,3544251,52,52,14263,14263,9387,9788,161,240,20:10:50,3,1,196,4241,2,4683,149,95,2,3,3,9
sp,69876,ROSEIRA,3544301,30,30,8328,8328,6530,6837,155,152,18:33:25,2,1,250,3895,3,2052,161,153,2,1,0,10
sp,69914,RUBINÉIA,3544509,12,12,3917,3917,2844,2976,39,93,19:00:58,0,2,65,1778,1,894,31,58,0,1,2,12
sp,69892,RUBIÁCEA,3544400,9,9,2390,2390,1737,1813,32,44,18:32:19,0,0,35,1115,0,543,10,33,1,0,0,0
sp,69930,SABINO,3544608,14,14,4352,4352,2980,3170,78,112,19:00:25,0,0,44,1798,0,1027,39,71,0,0,0,1
sp,69957,SAGRES,3544707,7,7,2091,2091,1476,1560,40,44,18:13:54,0,0,38,792,0,601,22,20,1,1,0,1
sp,69973,SALES,3544806,15,15,5354,5354,3991,4162,63,108,20:46:29,0,0,70,2839,1,963,55,56,0,2,0,5
sp,69990,SALES OLIVEIRA,3544905,30,30,8527,8527,6435,6830,165,230,18:30:22,0,0,192,4088,1,1764,179,189,0,7,0,15
sp,70017,SALESÓPOLIS,3545001,51,51,14725,14725,11217,11914,321,376,20:23:37,2,4,388,6471,2,3595,340,368,2,9,5,31
sp,70033,SALMOURÃO,3545100,12,12,3874,3874,2766,2931,75,90,19:10:04,0,0,45,1750,0,919,24,27,0,1,0,0
sp,61441,SALTINHO,3545159,19,19,7141,7141,5673,5860,95,92,19:12:25,0,1,152,4465,2,865,87,89,1,3,1,7
sp,70050,SALTO,3545209,273,273,95308,95308,71819,76046,1683,2544,21:01:13,23,25,2897,41488,47,22773,2595,1626,13,110,10,212
sp,70076,SALTO DE PIRAPORA,3545308,87,87,31402,31402,22026,23882,856,1000,20:58:04,9,6,756,12779,8,7346,608,428,1,37,4,44
sp,70092,SALTO GRANDE,3545407,19,19,6580,6580,4825,5118,132,161,18:14:41,0,1,135,2928,4,1538,92,100,0,4,2,21
sp,70114,SANDOVALINA,3545506,14,14,4876,4876,3312,3421,35,74,20:47:30,0,0,78,1199,1,1966,27,38,0,0,0,3
sp,70130,SANTA ADÉLIA,3545605,39,39,10828,10828,7849,8298,182,267,18:56:31,1,2,245,4822,1,2395,161,200,2,8,2,10
sp,70157,SANTA ALBERTINA,3545704,17,17,5093,5093,3922,4097,65,110,19:04:49,0,0,67,2527,0,1224,54,47,0,1,0,2
sp,70211,SANTA BRANCA,3546009,43,43,11889,11889,8715,9146,195,236,18:31:59,3,1,242,5210,4,2769,215,242,0,3,3,23
sp,70173,SANTA BÁRBARA D'OESTE,3545803,395,395,138487,138487,107173,113037,2396,3468,19:29:49,39,20,3895,67949,41,29759,3026,1989,8,122,7,318
sp,70238,SANTA CLARA D'OESTE,3546108,7,7,2441,2441,1787,1860,39,34,18:34:39,0,0,40,1075,0,623,17,30,0,1,0,1
sp,70254,SANTA CRUZ DA CONCEIÇÃO,3546207,11,11,4140,4140,3078,3244,48,118,18:58:18,1,0,78,2156,2,717,52,63,1,1,0,7
sp,62189,SANTA CRUZ DA ESPERANÇA,3546256,7,7,2342,2342,1681,1785,32,72,17:51:33,1,0,42,981,0,590,24,34,0,1,0,8
sp,70270,SANTA CRUZ DAS PALMEIRAS,3546306,65,65,21443,21443,15255,16335,490,590,19:13:57,4,3,461,9169,7,4756,374,439,0,15,0,27
sp,70297,SANTA CRUZ DO RIO PARDO,3546405,100,100,34041,34041,24781,25988,593,614,19:07:57,3,5,704,17550,13,5535,479,429,0,15,6,42
sp,70319,SANTA ERNESTINA,3546504,15,15,5040,5040,3856,4072,95,121,18:57:48,1,1,135,2176,2,1408,64,60,0,1,1,7
sp,70335,SANTA FÉ DO SUL,3546603,80,80,25810,25810,18547,19531,428,556,18:42:19,4,2,482,12581,6,4718,380,330,2,8,2,32
sp,70351,SANTA GERTRUDES,3546702,60,60,19153,19153,14640,15369,289,440,18:48:52,10,4,380,9526,6,4029,417,229,0,9,2,28
sp,70378,SANTA ISABEL,3546801,129,129,41696,41696,31266,33292,820,1206,18:54:55,7,16,1055,18316,7,10116,857,785,2,28,3,74
sp,70394,SANTA LÚCIA,3546900,29,29,6326,6326,4557,4994,175,262,18:32:02,0,0,162,1969,4,2202,129,78,0,4,0,9
sp,70416,SANTA MARIA DA SERRA,3547007,13,13,4225,4225,3022,3204,81,101,19:20:45,0,0,62,2008,3,874,34,38,0,0,0,3
sp,70432,SANTA MERCEDES,3547106,11,11,2679,2679,1939,2025,44,42,18:32:01,0,0,40,1104,0,754,18,23,0,0,0,0
sp,70491,SANTA RITA D'OESTE,3547403,7,7,2471,2471,1884,1960,42,34,18:50:12,1,0,37,1075,0,689,34,39,1,2,1,5
sp,70513,SANTA RITA DO PASSA QUATRO,3547502,60,60,19993,19993,14362,15060,310,388,18:24:01,2,0,402,9696,4,3445,361,384,1,13,1,53
sp,70530,SANTA ROSA DE VITERBO,3547601,58,58,18030,18030,12941,13978,443,594,18:45:44,3,3,508,7067,5,4638,320,352,1,11,2,31
sp,62200,SANTA SALETE,3547650,6,6,1836,1836,1488,1536,18,30,19:20:47,0,0,30,1045,0,368,22,22,0,0,0,1
sp,70459,SANTANA DA PONTE PENSA,3547205,6,6,1925,1925,1371,1440,24,45,18:34:40,1,2,41,828,0,450,13,33,0,0,0,3
sp,70475,SANTANA DE PARNAÍBA,3547304,305,305,111635,111635,82187,86413,1914,2312,20:50:52,40,15,3419,43095,49,29460,3570,1913,9,124,26,467
sp,70556,SANTO ANASTÁCIO,3547700,47,47,15054,15054,10669,11263,263,331,18:45:12,4,1,262,6430,1,3568,194,195,2,7,2,3
sp,70572,SANTO ANDRÉ,3547809,1742,1742,573503,573503,413143,439659,9207,17309,20:41:30,202,114,17802,195045,303,170225,16436,10051,98,932,100,1835
sp,70599,SANTO ANTÔNIO DA ALEGRIA,3547908,20,20,5700,5700,4255,4518,96,167,18:37:25,0,0,151,2377,0,1604,36,63,0,3,0,21
sp,70610,SANTO ANTÔNIO DE POSSE,3548005,54,54,16288,16288,12465,13173,352,356,20:04:45,8,2,301,8227,5,3394,255,232,0,10,3,28
sp,61328,SANTO ANTÔNIO DO ARACANGUÁ,3548054,27,27,7290,7290,5585,5757,71,101,19:20:47,2,1,127,3256,2,1999,85,106,0,1,0,6
sp,70637,SANTO ANTÔNIO DO JARDIM,3548104,18,18,5173,5173,3779,4033,124,130,18:32:01,1,0,117,2396,2,1079,90,72,0,3,0,19
sp,70653,SANTO ANTÔNIO DO PINHAL,3548203,20,20,6113,6113,4678,4986,136,172,19:10:41,1,1,142,2723,3,1527,128,128,2,3,0,20
sp,70670,SANTO EXPEDITO,3548302,9,9,2682,2682,1948,2039,31,60,22:48:09,0,0,39,1069,0,785,15,35,0,2,1,2
sp,70718,SANTOS,3548500,1076,1076,348832,348832,252290,263935,4535,7110,21:01:13,149,89,9289,125561,156,98538,9666,6939,73,566,58,1206
sp,70696,SANTÓPOLIS DO AGUAPEÍ,3548401,11,11,3231,3231,2570,2679,33,76,18:35:16,0,0,47,1616,1,841,30,27,1,0,1,6
sp,71234,SARAPUÍ,3551108,25,25,7398,7398,5602,5972,141,229,20:14:05,1,0,150,3184,3,2083,93,81,0,5,0,2
sp,71250,SARUTAIÁ,3551207,11,11,3202,3202,2261,2378,44,73,19:14:23,0,0,56,1080,0,1062,23,29,0,5,0,6
sp,71277,SEBASTIANÓPOLIS DO SUL,3551306,9,9,3007,3007,2307,2434,60,67,18:45:14,0,1,85,1499,0,637,33,45,1,0,2,4
sp,71293,SERRA AZUL,3551405,24,24,7366,7366,5429,5719,110,180,19:14:56,0,1,194,2695,0,2349,113,58,0,6,1,12
sp,71331,SERRA NEGRA,3551603,81,81,22277,22277,16406,17278,345,527,19:02:31,5,4,460,10696,8,4418,346,399,2,10,1,57
sp,71315,SERRANA,3551504,101,101,33570,33570,24988,26433,642,803,19:07:18,4,2,953,13353,7,9465,624,455,3,40,2,80
sp,71358,SERTÃOZINHO,3551702,308,308,93301,93301,70053,74755,2000,2702,19:20:46,18,22,2541,38741,38,24907,1956,1489,10,82,7,242
sp,71374,SETE BARRAS,3551801,37,37,10260,10260,7228,7606,140,238,19:20:45,1,1,131,4398,1,2455,100,129,0,3,1,8
sp,71390,SEVERÍNIA,3551900,39,39,11642,11642,9179,9609,201,229,19:20:46,1,3,255,5495,5,3164,125,119,1,1,0,10
sp,71412,SILVEIRAS,3552007,17,17,5404,5404,4091,4324,113,120,18:39:16,1,1,129,2205,0,1510,79,158,0,3,0,5
sp,71439,SOCORRO,3552106,94,94,30482,30482,23447,24681,431,803,19:04:49,8,5,665,16614,8,4835,574,631,3,18,1,85
sp,71455,SOROCABA,3552205,1664,1664,531342,531342,394371,420351,9929,16051,19:29:47,178,102,15819,222939,259,129576,14567,8358,79,809,72,1613
sp,71471,SUD MENNUCCI,3552304,22,22,6041,6041,4389,4605,102,114,18:51:32,1,0,60,2367,0,1857,51,41,0,0,2,10
sp,71498,SUMARÉ,3552403,579,579,199975,199975,146668,154690,3537,4485,20:14:05,65,26,4787,81394,75,53018,4322,2302,24,197,26,432
sp,71510,SUZANO,3552502,718,718,235588,235588,169265,181888,5789,6834,20:34:24,99,51,6509,83257,113,68212,6178,3903,29,395,50,469
sp,61301,SUZANÁPOLIS,3552551,9,9,2988,2988,2195,2323,59,69,18:59:25,0,1,42,1124,0,969,27,30,0,0,0,2
sp,70734,SÃO BENTO DO SAPUCAÍ,3548609,32,32,9073,9073,6820,7235,164,251,18:22:20,3,0,244,4061,1,2098,195,185,0,3,2,28
sp,70750,SÃO BERNARDO DO CAMPO,3548708,2011,2011,626647,626647,460151,490146,10847,19148,21:23:09,207,114,20524,192478,389,215232,18211,9815,97,1033,118,1933
sp,70777,SÃO CAETANO DO SUL,3548807,391,391,147744,147744,117515,122421,1753,3153,20:10:50,49,22,4890,63410,98,39455,5168,3322,18,243,29,811
sp,70793,SÃO CARLOS,3548906,578,578,196964,196964,140442,150391,3915,6034,19:07:55,52,34,4161,69472,140,57731,4564,3415,27,294,35,517
sp,70815,SÃO FRANCISCO,3549003,9,9,2505,2505,1894,1980,34,52,17:39:54,0,2,31,1081,0,711,25,38,0,2,0,4
sp,70890,SÃO JOAQUIM DA BARRA,3549409,104,104,35828,35828,26089,27590,710,791,18:29:18,2,5,946,14014,11,9890,575,539,6,26,8,67
sp,70912,SÃO JOSÉ DA BELA VISTA,3549508,22,22,6916,6916,4643,4945,148,154,18:09:55,0,0,101,2327,1,2052,71,79,0,3,0,9
sp,70939,SÃO JOSÉ DO BARREIRO,3549607,12,12,3579,3579,2683,2822,47,92,19:20:09,1,0,72,1225,2,1280,32,59,0,4,0,8
sp,70955,SÃO JOSÉ DO RIO PARDO,3549706,120,120,39191,39191,28069,29873,849,955,18:43:24,4,5,986,17402,10,8042,696,796,3,17,1,107
sp,70971,SÃO JOSÉ DO RIO PRETO,3549805,1041,1041,344760,344760,251050,262952,4709,7193,21:35:01,77,59,8735,156807,130,71275,7027,5606,23,259,40,1012
sp,70998,SÃO JOSÉ DOS CAMPOS,3549904,1561,1561,540217,540217,419717,438934,8359,10858,20:16:33,210,62,15476,240721,479,136451,14299,8645,87,644,79,2564
sp,70831,SÃO JOÃO DA BOA VISTA,3549102,202,202,67128,67128,49875,52797,1309,1613,19:29:48,17,7,1536,30945,25,14238,1366,1410,4,67,8,252
sp,70858,SÃO JOÃO DAS DUAS PONTES,3549201,8,8,2242,2242,1739,1819,42,38,18:18:44,0,1,41,850,0,809,25,12,0,1,0,0
sp,61883,SÃO JOÃO DE IRACEMA,3549250,5,5,1809,1809,1321,1365,19,25,19:00:25,0,0,37,600,0,637,17,27,0,1,0,2
sp,70874,SÃO JOÃO DO PAU D'ALHO,3549300,8,8,1906,1906,1470,1519,20,29,18:13:53,0,1,29,735,0,640,27,36,0,0,0,2
sp,61905,SÃO LOURENÇO DA SERRA,3549953,40,40,11946,11946,8739,9342,279,324,20:43:08,4,3,323,4372,7,3548,243,204,0,11,1,23
sp,71013,SÃO LUÍS DO PARAITINGA,3550001,30,30,10204,10204,7622,8061,182,257,18:42:19,1,3,199,3899,4,3105,186,203,2,4,0,16
sp,71030,SÃO MANUEL,3550100,107,107,29305,29305,21394,23139,816,929,18:41:20,6,6,665,13164,12,6565,449,467,3,22,3,32
sp,71056,SÃO MIGUEL ARCANJO,3550209,80,80,24440,24440,17738,18934,477,719,20:38:58,5,7,434,10990,1,5493,358,408,1,16,2,23
sp,71072,SÃO PAULO,3550308,26683,26683,9145124,9145124,6552820,7006411,174614,278977,21:51:59,3194,1868,249496,2760747,5667,3052349,249725,177516,1652,15181,1862,33563
sp,71099,SÃO PEDRO,3550407,91,91,28554,28554,20341,21314,377,596,19:20:10,11,11,460,13897,6,5034,454,388,2,25,3,50
sp,71110,SÃO PEDRO DO TURVO,3550506,15,15,5673,5673,4282,4459,81,96,19:20:48,1,0,78,2612,0,1478,60,43,0,4,0,6
sp,71137,SÃO ROQUE,3550605,182,182,60260,60260,43704,46767,1370,1693,21:09:28,25,6,1731,23452,22,15462,1461,1312,13,67,7,146
sp,71153,SÃO SEBASTIÃO,3550704,213,213,68037,68037,50193,52701,1060,1448,21:27:50,22,21,1806,25027,21,21005,1387,693,6,65,8,132
sp,71170,SÃO SEBASTIÃO DA GRAMA,3550803,31,31,8398,8398,5996,6450,182,272,18:32:19,0,0,183,3612,2,1864,137,157,0,4,2,35
sp,71196,SÃO SIMÃO,3550902,34,34,11158,11158,8099,8562,185,278,18:51:32,1,3,371,4559,1,2718,203,210,1,9,1,22
sp,71218,SÃO VICENTE,3551009,766,766,256025,256025,177992,189005,5041,5972,20:54:30,97,52,6044,87214,99,73549,6011,4042,33,358,44,449
sp,71536,TABAPUÃ,3552601,27,27,8762,8762,6668,7108,181,259,19:16:13,2,0,129,4570,1,1748,114,90,1,1,2,10
sp,71552,TABATINGA,3552700,42,42,10716,10716,7948,8467,258,261,18:59:58,2,0,164,4883,3,2624,138,122,0,5,0,7
sp,71579,TABOÃO DA SERRA,3552809,599,599,212014,212014,160051,170529,4282,6196,20:54:29,87,43,6918,62653,116,79435,5895,3959,25,341,31,548
sp,71595,TACIBA,3552908,20,20,5069,5069,3973,4104,48,83,19:01:54,0,0,71,2098,0,1659,85,55,0,2,0,3
sp,71617,TAGUAÍ,3553005,30,30,9253,9253,7117,7444,154,173,19:22:06,1,0,205,4395,1,2279,135,92,0,5,0,4
sp,71633,TAIAÇU,3553104,15,15,4509,4509,3386,3591,104,101,19:07:18,0,0,69,1901,0,1319,48,49,0,0,0,0
sp,71650,TAIÚVA,3553203,15,15,4396,4396,3352,3489,74,63,19:07:56,0,3,102,2234,0,893,51,59,0,5,0,5
sp,71676,TAMBAÚ,3553302,51,51,15898,15898,11648,12384,337,399,19:14:58,3,3,399,6296,2,4187,315,398,1,13,1,30
sp,71692,TANABI,3553401,63,63,19937,19937,14984,15638,281,373,18:51:33,4,3,468,9496,7,4376,294,304,0,9,0,23
sp,71730,TAPIRATIBA,3553609,29,29,9228,9228,6914,7432,203,315,18:47:58,3,2,220,3626,0,2707,149,165,0,2,3,37
sp,71714,TAPIRAÍ,3553500,20,20,6269,6269,4396,4627,108,123,18:56:05,0,2,87,2520,2,1573,95,102,2,5,0,8
sp,62260,TAQUARAL,3553658,7,7,2275,2275,1775,1854,34,45,19:03:34,0,0,41,1078,0,617,16,20,0,0,0,3
sp,71757,TAQUARITINGA,3553708,125,125,38620,38620,27535,29295,878,882,18:42:20,16,10,1001,16556,13,8644,537,664,2,22,3,67
sp,71773,TAQUARITUBA,3553807,64,64,18080,18080,13443,14294,468,383,20:58:04,2,0,372,7881,3,4667,293,195,3,8,1,18
sp,61840,TAQUARIVAÍ,3553856,16,16,5121,5121,3779,3988,91,118,20:33:26,0,0,84,2142,0,1407,45,98,0,1,0,2
sp,71790,TARABAI,3553906,17,17,5176,5176,3936,4110,61,113,19:15:31,1,1,101,1937,0,1742,90,53,0,2,1,8
sp,61042,TARUMÃ,3553955,35,35,11526,11526,8775,9118,163,180,19:10:40,2,0,191,5406,1,2828,156,181,0,2,0,8
sp,71811,TATUÍ,3554003,245,245,88765,88765,62289,67073,1937,2847,20:55:43,20,7,1996,40608,26,16465,1609,1341,2,86,11,118
sp,71838,TAUBATÉ,3554102,729,729,239956,239956,174354,184434,4344,5736,19:26:11,74,46,6569,104820,109,50107,6170,5173,26,267,24,969
sp,71854,TEJUPÁ,3554201,14,14,3456,3456,2586,2709,49,74,18:37:56,1,0,38,1336,1,1133,40,34,0,0,0,3
sp,71870,TEODORO SAMPAIO,3554300,55,55,17020,17020,11979,12467,217,271,19:22:52,1,3,212,5660,3,5812,162,108,0,7,0,11
sp,71897,TERRA ROXA,3554409,22,22,6363,6363,4794,5102,138,170,19:05:27,0,1,176,2805,0,1640,69,87,1,6,0,9
sp,71919,TIETÊ,3554508,98,98,29070,29070,22002,23157,437,718,18:33:25,10,4,741,14607,5,5460,592,489,2,37,9,46
sp,71935,TIMBURI,3554607,8,8,2427,2427,1788,1889,34,67,19:04:49,2,0,48,1018,1,648,28,42,0,1,0,0
sp,62049,TORRE DE PEDRA,3554656,9,9,2545,2545,1883,1988,36,69,17:52:45,1,1,44,1242,2,532,32,24,0,2,1,2
sp,71951,TORRINHA,3554706,21,21,6691,6691,5020,5337,164,153,18:36:23,0,0,101,3581,3,1150,69,96,0,7,0,13
sp,62448,TRABIJU,3554755,5,5,1649,1649,1243,1305,27,35,19:00:27,0,1,39,574,0,574,31,21,0,1,1,1
sp,71978,TREMEMBÉ,3554805,102,102,29627,29627,22451,23668,530,687,18:37:24,12,5,749,13500,4,6688,718,667,1,30,2,75
sp,71994,TRÊS FRONTEIRAS,3554904,17,17,5256,5256,3797,4041,118,126,18:44:36,2,0,77,2292,0,1274,72,73,2,2,0,3
sp,61620,TUIUTI,3554953,16,16,5542,5542,4114,4373,108,151,18:47:57,2,1,99,2803,2,1041,62,96,0,1,0,7
sp,72036,TUPI PAULISTA,3555109,41,41,10833,10833,8046,8388,130,212,18:32:20,2,3,220,5227,1,2263,150,165,0,2,4,9
sp,72010,TUPÃ,3555000,162,162,47261,47261,34365,35999,706,928,19:07:19,11,4,943,23559,3,8245,767,754,6,14,4,55
sp,72052,TURIÚBA,3555208,6,6,1661,1661,1244,1285,10,31,18:34:41,0,0,28,821,0,349,16,28,0,1,0,1
sp,72079,TURMALINA,3555307,7,7,1955,1955,1419,1500,22,59,18:54:56,0,1,38,668,0,627,28,56,0,0,0,1
sp,61468,UBARANA,3555356,14,14,4496,4496,3279,3440,62,99,18:44:35,0,0,77,1824,0,1268,55,50,0,2,0,3
sp,72095,UBATUBA,3555406,238,238,77900,77900,56014,58669,1064,1591,19:32:07,12,11,1506,33252,33,18571,1526,854,9,65,5,170
sp,72117,UBIRAJARA,3555505,12,12,3995,3995,2883,2997,52,62,18:37:25,0,1,58,1720,1,1022,41,34,0,0,1,5
sp,72133,UCHOA,3555604,29,29,8307,8307,6041,6431,154,236,18:46:42,1,0,220,3605,1,1932,119,144,0,3,0,16
sp,72150,UNIÃO PAULISTA,3555703,6,6,1703,1703,1293,1333,14,26,18:30:24,0,0,21,735,0,509,17,11,0,0,0,0
sp,72192,URU,3555901,5,5,1622,1622,1176,1235,16,43,19:07:57,0,1,20,785,0,320,13,28,0,4,0,5
sp,72214,URUPÊS,3556008,33,33,10624,10624,7958,8341,182,201,18:20:15,2,2,167,5613,0,1932,112,110,0,1,2,17
sp,72176,URÂNIA,3555802,27,27,6898,6898,5286,5589,137,166,18:12:25,0,2,84,3425,0,1590,108,67,0,0,0,10
sp,72230,VALENTIM GENTIL,3556107,31,31,10146,10146,7811,8186,156,219,18:33:25,1,1,193,4987,2,2349,162,106,2,2,0,6
sp,72257,VALINHOS,3556206,276,276,94676,94676,73158,76783,1433,2192,20:07:51,33,23,2579,44022,51,21448,2574,1750,17,110,18,533
sp,72273,VALPARAÍSO,3556305,44,44,15952,15952,10783,11240,209,248,19:12:25,1,0,215,6772,0,3446,189,143,0,3,0,14
sp,61549,VARGEM,3556354,20,20,6582,6582,4794,5133,138,201,19:01:54,2,2,196,3066,3,1294,102,99,1,2,1,26
sp,72311,VARGEM GRANDE DO SUL,3556404,93,93,30430,30430,21897,23353,785,671,18:32:16,5,5,743,13918,7,6003,516,622,1,11,3,63
sp,72737,VARGEM GRANDE PAULISTA,3556453,128,128,42997,42997,31472,33334,828,1034,19:08:28,18,7,1251,16390,22,11594,1188,828,7,56,5,106
sp,72354,VERA CRUZ,3556602,25,25,7886,7886,5826,6174,123,225,20:02:19,1,0,88,3683,1,1792,117,122,0,9,0,13
sp,72370,VINHEDO,3556701,172,172,65669,65669,49306,51564,961,1297,20:53:21,23,14,1756,30691,19,13483,1830,1087,9,85,7,302
sp,72397,VIRADOURO,3556800,47,47,13103,13103,10191,10717,238,288,18:32:18,2,2,316,6811,0,2700,162,172,1,8,1,16
sp,72419,VISTA ALEGRE DO ALTO,3556909,20,20,5990,5990,4417,4690,128,145,19:01:55,2,2,120,2747,1,1404,68,63,0,2,0,8
sp,62227,VITÓRIA BRASIL,3556958,7,7,1673,1673,1357,1433,34,42,18:45:12,0,0,23,813,0,493,10,17,0,1,0,0
sp,72435,VOTORANTIM,3557006,282,282,92608,92608,67184,71340,1757,2399,19:31:07,30,11,2595,38477,34,22000,2342,1348,16,87,13,231
sp,72451,VOTUPORANGA,3557105,243,243,68927,68927,51814,54426,990,1622,20:10:50,19,12,1408,34199,15,13875,1168,970,3,42,1,102
sp,72338,VÁRZEA PAULISTA,3556503,255,255,84729,84729,62454,66602,1672,2476,19:04:06,36,17,2528,35108,29,21261,2081,1100,2,112,10,170
sp,61921,ZACARIAS,3557154,8,8,2570,2570,1860,1957,32,65,18:33:53,0,0,31,1157,0,621,28,21,0,0,0,2
sp,61077,ÁGUAS DA PRATA,3500402,19,19,5911,5911,4499,4728,89,140,19:10:41,1,0,113,2743,1,1387,97,125,0,9,1,22
sp,61093,ÁGUAS DE LINDÓIA,3500501,48,48,14061,14061,10884,11507,229,394,20:26:04,2,1,291,7494,5,2614,258,158,1,14,1,45
sp,70190,ÁGUAS DE SANTA BÁRBARA,3500550,15,15,5392,5392,3807,4011,66,138,18:48:54,2,3,94,2545,1,1024,74,55,0,1,1,7
sp,61115,ÁGUAS DE SÃO PEDRO,3500600,13,13,4335,4335,3215,3337,39,83,19:20:09,1,0,93,2037,1,904,86,72,0,5,1,15
sp,61239,ÁLVARES FLORENCE,3501202,13,13,3612,3612,2739,2875,62,74,19:24:02,0,0,46,1819,0,800,23,45,0,0,0,6
sp,61255,ÁLVARES MACHADO,3501301,58,58,17955,17955,13595,14324,343,386,19:13:23,2,2,339,8267,1,4420,256,268,2,9,5,24
sp,61271,ÁLVARO DE CARVALHO,3501400,10,10,2756,2756,1891,2069,71,107,18:43:24,0,1,38,1024,1,762,30,32,0,0,0,3
sp,67776,ÓLEO,3533809,10,10,2420,2420,1839,1929,36,54,19:02:32,1,0,67,1129,2,566,28,45,0,1,0,0
to,73008,ABREULÂNDIA,1700251,10,10,2525,2525,1972,2037,13,52,18:16:11,0,0,28,1013,0,884,20,27,0,0,0,0
to,73512,AGUIARNÓPOLIS,1700301,15,15,3952,3952,3048,3162,20,94,18:23:54,0,2,76,1221,0,1660,55,30,0,1,1,2
to,96954,ALIANÇA DO TOCANTINS,1700350,18,18,4304,4304,3292,3420,35,93,19:02:47,0,1,74,1738,0,1361,25,91,0,1,0,1
to,92070,ALMAS,1700400,23,23,5592,5592,4300,4508,39,169,18:24:57,0,0,91,1590,0,2446,37,131,0,1,1,3
to,92134,ALVORADA,1700707,31,31,8052,8052,5975,6210,41,194,18:22:49,0,2,80,3557,0,2101,81,151,1,2,0,0
to,92193,ANANÁS,1701002,32,32,7593,7593,6118,6342,55,169,18:44:23,0,0,135,2493,0,3337,54,96,0,2,0,1
to,73075,ANGICO,1701051,11,11,2806,2806,2212,2275,14,49,18:54:39,0,0,46,985,0,1101,33,47,0,0,0,0
to,96970,APARECIDA DO RIO NEGRO,1701101,18,18,4670,4670,3870,4006,27,109,18:13:32,0,0,87,1997,0,1683,29,72,0,1,0,1
to,73334,ARAGOMINAS,1701309,20,20,4450,4450,3519,3646,28,99,19:12:41,1,1,54,1484,0,1882,27,67,0,1,0,2
to,92371,ARAGUACEMA,1701903,20,20,5135,5135,3909,4069,21,139,18:57:35,0,2,67,1647,0,2084,26,82,0,0,0,1
to,73318,ARAGUANÃ,1702158,16,16,3552,3552,2837,2919,11,71,18:43:13,1,1,48,1397,0,1321,31,38,0,0,0,0
to,92436,ARAGUATINS,1702208,84,84,22359,22359,16965,17698,155,578,19:22:33,5,3,512,7176,5,8731,276,238,0,7,0,12
to,92398,ARAGUAÇU,1702000,25,25,6645,6645,5052,5239,29,158,19:11:44,2,1,62,3585,0,1177,44,174,0,1,0,6
to,92410,ARAGUAÍNA,1702109,416,416,124170,124170,99518,103422,1151,2753,20:55:40,28,11,2684,57270,16,35210,2030,2091,18,66,11,83
to,92452,ARAPOEMA,1702307,21,21,4628,4628,3461,3613,26,126,19:11:18,1,1,61,1658,0,1638,31,70,0,0,0,1
to,92479,ARRAIAS,1702406,34,34,8201,8201,5905,6222,41,276,19:03:09,1,1,90,1650,0,3928,39,192,0,3,1,0
to,96857,AUGUSTINÓPOLIS,1702554,47,47,13639,13639,10464,10941,105,372,19:14:52,4,4,250,4391,0,5553,144,115,0,2,0,1
to,92533,AURORA DO TOCANTINS,1702703,13,13,3314,3314,2435,2599,25,139,17:29:30,0,0,46,990,0,1288,28,82,0,1,0,0
to,92576,AXIXÁ DO TOCANTINS,1702901,39,39,9184,9184,7187,7500,54,259,18:56:33,0,0,100,2982,0,3979,40,85,0,0,0,1
to,92592,BABAÇULÂNDIA,1703008,31,31,6651,6651,5394,5646,60,192,19:16:11,2,1,89,1916,0,3268,38,78,0,0,0,2
to,73580,BANDEIRANTES DO TOCANTINS,1703057,13,13,2799,2799,2329,2389,14,46,18:27:08,0,0,53,1308,0,906,27,35,0,0,0,0
to,73610,BARRA DO OURO,1703073,14,14,4021,4021,3116,3265,18,131,19:25:19,1,1,45,1263,0,1758,16,32,0,0,0,0
to,96997,BARROLÂNDIA,1703107,18,18,4903,4903,3930,4083,42,111,18:30:15,0,0,77,2004,0,1710,30,107,0,0,0,2
to,92002,BERNARDO SAYÃO,1703206,17,17,3604,3604,2892,3002,19,91,17:52:44,1,0,48,1602,0,1155,31,54,0,1,0,0
to,73121,BOM JESUS DO TOCANTINS,1703305,15,15,3672,3672,2997,3122,21,104,18:10:52,0,2,54,1483,1,1390,26,38,0,3,0,0
to,73245,BRASILÂNDIA DO TOCANTINS,1703602,10,10,1994,1994,1597,1666,11,58,18:41:08,0,1,37,762,0,752,19,26,0,0,0,0
to,92738,BREJINHO DE NAZARÉ,1703701,16,16,4228,4228,3358,3503,29,116,20:15:27,1,1,51,1562,0,1612,15,114,0,1,0,1
to,92045,BURITI DO TOCANTINS,1703800,24,24,6689,6689,5314,5527,33,180,19:08:20,1,2,113,2296,0,2793,42,62,0,4,0,1
to,73067,CACHOEIRINHA,1703826,8,8,2029,2029,1618,1661,7,36,17:31:44,0,0,63,553,0,968,11,23,0,0,0,0
to,73091,CAMPOS LINDOS,1703842,25,25,6887,6887,5494,5710,34,182,19:08:20,0,0,160,2434,0,2712,56,131,0,0,0,1
to,73300,CARIRI DO TOCANTINS,1703867,12,12,3798,3798,2950,3047,19,78,18:46:31,1,0,60,1621,0,1184,22,61,0,0,0,1
to,73326,CARMOLÂNDIA,1703883,8,8,2413,2413,1899,1973,11,63,18:38:43,0,0,51,809,0,998,20,21,0,0,0,0
to,73423,CARRASCO BONITO,1703891,14,14,3567,3567,2676,2807,17,114,19:07:10,0,0,34,1031,0,1575,25,9,0,0,1,1
to,92088,CASEARA,1703909,13,13,3951,3951,3136,3247,18,93,18:50:13,1,1,66,1518,0,1470,19,60,1,0,0,0
to,73210,CENTENÁRIO,1704105,8,8,1930,1930,1528,1592,6,58,18:12:20,0,0,28,599,0,858,12,31,0,0,0,0
to,73482,CHAPADA DA NATIVIDADE,1705102,12,12,3103,3103,2356,2481,21,104,18:38:43,0,0,65,688,0,1550,7,44,0,1,0,1
to,73474,CHAPADA DE AREIA,1704600,9,9,2545,2545,1963,2012,11,38,18:31:51,1,0,65,1063,0,767,13,53,0,1,0,0
to,93114,COLINAS DO TOCANTINS,1705508,91,91,25353,25353,19520,20223,204,499,19:20:55,3,4,403,11628,2,6858,251,348,1,13,3,6
to,95290,COLMÉIA,1716703,29,29,6526,6526,5197,5419,46,176,20:33:56,0,0,76,3168,0,1803,42,103,0,1,0,4
to,92142,COMBINADO,1705557,14,14,3892,3892,3125,3263,29,109,18:39:53,0,1,71,1548,0,1339,25,141,0,0,0,0
to,93130,CONCEIÇÃO DO TOCANTINS,1705607,16,16,3643,3643,2568,2715,15,132,17:35:03,0,1,34,781,0,1636,9,103,1,1,1,1
to,93211,COUTO MAGALHÃES,1706001,18,18,4816,4816,3728,3843,20,95,18:18:43,3,1,50,1624,0,1989,21,39,0,0,0,1
to,93238,CRISTALÂNDIA,1706100,23,23,5530,5530,4398,4516,20,98,18:10:52,0,0,92,2327,1,1834,31,106,0,1,0,6
to,73555,CRIXÁS DO TOCANTINS,1706258,7,7,1827,1827,1422,1466,7,37,18:15:16,0,0,23,679,0,679,8,32,0,1,0,0
to,73032,DARCINÓPOLIS,1706506,17,17,4743,4743,3703,3828,23,102,19:02:27,0,0,75,1600,0,1929,30,66,0,2,0,1
to,93416,DIANÓPOLIS,1707009,51,51,13191,13191,10009,10516,125,382,18:21:52,1,0,338,3935,0,5368,112,248,0,1,2,4
to,92185,DIVINÓPOLIS DO TOCANTINS,1707108,22,22,5779,5779,4465,4675,40,170,18:25:54,0,0,103,2153,0,2086,49,72,0,1,1,0
to,93459,DOIS IRMÃOS DO TOCANTINS,1707207,18,18,5082,5082,3933,4100,24,143,18:38:43,0,0,105,1712,0,1986,25,103,0,1,0,1
to,93475,DUERÉ,1707306,17,17,3669,3669,2865,2966,24,77,17:55:45,0,0,49,1307,1,1352,46,102,1,1,0,6
to,73296,ESPERANTINA,1707405,24,24,6625,6625,5025,5219,35,159,20:23:17,1,0,92,1521,0,3289,63,59,0,0,0,0
to,96679,FIGUEIRÓPOLIS,1707652,18,18,4679,4679,3610,3723,25,88,18:59:45,1,2,49,2037,0,1365,44,107,1,1,0,3
to,93556,FILADÉLFIA,1707702,29,29,6244,6244,4833,5028,37,158,18:44:23,2,0,61,1965,0,2649,57,91,0,3,1,4
to,93653,FORMOSO DO ARAGUAIA,1708205,59,59,14141,14141,10805,11167,85,277,18:38:43,1,2,168,6319,0,4014,70,224,0,1,0,6
to,96830,FÁTIMA,1707553,12,12,3389,3389,2619,2718,30,69,17:53:54,0,0,48,1482,0,1010,22,55,0,0,1,1
to,92240,GOIANORTE,1708304,18,18,4496,4496,3640,3747,21,86,18:49:58,0,0,81,1893,0,1516,24,124,0,1,1,0
to,95338,GOIATINS,1709005,34,34,8809,8809,6988,7313,48,277,19:20:55,0,1,114,2163,0,4537,44,128,0,0,1,0
to,96270,GUARAÍ,1709302,64,64,17602,17602,14075,14604,111,418,18:17:49,2,2,339,7851,0,5367,195,313,1,2,0,3
to,93858,GURUPI,1709500,218,218,61239,61239,47419,49136,563,1154,18:36:12,9,7,1051,28803,5,15383,663,1420,4,28,5,41
to,73598,IPUEIRAS,1709807,8,8,1997,1997,1557,1603,9,37,18:12:03,0,0,28,527,0,965,4,33,0,0,0,0
to,94056,ITACAJÁ,1710508,22,22,5446,5446,4451,4612,29,132,18:31:51,0,0,63,1737,0,2542,28,79,0,1,0,1
to,94099,ITAGUATINS,1710706,25,25,4717,4717,3743,3890,21,126,18:25:54,0,0,64,1330,0,2252,41,54,0,1,0,1
to,73202,ITAPIRATINS,1710904,12,12,3403,3403,2749,2873,16,108,18:37:14,0,1,155,1106,0,1439,17,30,1,0,0,0
to,94170,ITAPORÃ DO TOCANTINS,1711100,10,10,2703,2703,2174,2234,16,44,18:15:02,0,0,45,1055,0,1022,7,45,0,0,0,0
to,73369,JAÚ DO TOCANTINS,1711506,14,14,3092,3092,2343,2434,20,71,18:18:43,1,0,25,1165,0,1083,7,60,0,0,0,2
to,73253,JUARINA,1711803,10,10,2277,2277,1808,1869,17,44,18:10:51,0,0,43,812,1,901,15,35,0,0,0,1
to,73385,LAGOA DA CONFUSÃO,1711902,37,37,10221,10221,8077,8235,30,128,19:20:55,1,0,135,4535,0,3194,83,128,0,1,0,0
to,73113,LAGOA DO TOCANTINS,1711951,15,15,3307,3307,2651,2774,19,104,18:57:35,0,1,87,1060,2,1443,17,41,0,0,0,0
to,73407,LAJEADO,1712009,18,18,3504,3504,2773,2843,21,49,18:21:53,0,0,54,1432,1,1187,30,67,0,1,0,1
to,73601,LAVANDEIRA,1712157,7,7,2002,2002,1577,1654,13,64,18:22:11,0,0,38,630,1,807,23,75,1,0,1,1
to,95699,LIZARDA,1712405,15,15,3099,3099,2244,2382,14,124,18:31:51,1,0,57,727,0,1412,11,35,0,1,0,0
to,73520,LUZINÓPOLIS,1712454,10,10,2601,2601,2093,2196,11,92,18:42:04,0,1,63,870,0,1109,22,26,0,1,0,1
to,92304,MARIANÓPOLIS DO TOCANTINS,1712504,16,16,3803,3803,2925,3046,29,92,18:36:12,0,1,48,1528,0,1265,30,50,0,2,0,1
to,73270,MATEIROS,1712702,10,10,2000,2000,1523,1588,13,52,19:14:52,0,0,23,494,0,984,8,14,0,0,0,0
to,73059,MAURILÂNDIA DO TOCANTINS,1712801,14,14,3586,3586,2778,2907,18,111,19:31:52,0,0,74,786,1,1869,21,25,0,0,0,2
to,94617,MIRACEMA DO TOCANTINS,1713205,65,65,14418,14418,11154,11631,107,370,18:17:12,5,2,326,4603,1,5810,136,249,1,7,0,14
to,94633,MIRANORTE,1713304,38,38,10079,10079,7878,8207,65,264,19:13:45,0,0,186,4303,1,3139,77,165,0,2,1,4
to,94692,MONTE DO CARMO,1713601,23,23,5125,5125,3920,4064,25,119,19:09:25,0,0,108,1709,0,1977,22,102,1,1,0,0
to,73563,MONTE SANTO DO TOCANTINS,1713700,10,10,2559,2559,1989,2066,18,59,18:36:12,1,0,16,1199,0,702,10,60,0,0,0,1
to,73342,MURICILÂNDIA,1713957,11,11,2874,2874,2292,2365,11,62,18:48:41,0,0,41,939,1,1254,26,24,0,0,1,6
to,94811,NATIVIDADE,1714203,30,30,6806,6806,5088,5354,41,225,19:09:24,1,1,131,2187,0,2522,40,203,0,2,0,1
to,94838,NAZARÉ,1714302,15,15,4125,4125,3339,3475,27,109,18:55:47,1,0,86,968,0,2150,56,75,0,3,0,0
to,96636,NOVA OLINDA,1714880,33,33,8132,8132,6456,6728,58,214,19:07:10,0,0,137,3064,0,3104,60,89,1,1,0,0
to,92401,NOVA ROSALÂNDIA,1715002,10,10,2880,2880,2333,2413,17,63,18:31:51,0,0,47,1312,0,901,38,34,0,0,0,1
to,94994,NOVO ACORDO,1715101,16,16,4119,4119,3260,3405,22,123,20:36:08,0,0,73,1598,0,1507,23,58,0,0,0,1
to,73148,NOVO ALEGRE,1715150,7,7,2099,2099,1532,1629,14,83,18:00:37,0,1,32,572,0,820,23,84,0,0,0,0
to,73172,NOVO JARDIM,1715259,10,10,2344,2344,1745,1819,11,63,17:59:26,0,0,34,614,0,1034,20,43,0,0,0,0
to,73466,OLIVEIRA DE FÁTIMA,1715507,6,6,1692,1692,1346,1383,9,28,18:28:20,0,0,22,657,0,632,13,22,0,0,0,0
to,73440,PALMAS,1721000,673,673,219783,219783,177926,183243,1849,3468,20:07:31,49,20,5737,103652,42,59524,4164,4333,12,133,15,245
to,73083,PALMEIRANTE,1715705,19,19,4317,4317,3419,3558,21,118,18:27:08,0,1,65,1367,0,1886,26,73,1,0,0,0
to,73040,PALMEIRAS DO TOCANTINS,1713809,16,16,4232,4232,3319,3438,23,96,17:52:44,0,0,62,1336,0,1841,33,46,1,0,0,0
to,96490,PALMEIRÓPOLIS,1715754,22,22,6163,6163,4792,4986,40,154,19:02:27,1,0,58,2777,0,1716,53,184,0,0,1,2
to,95214,PARANÃ,1716208,34,34,8577,8577,6059,6437,29,349,19:04:35,0,3,103,1562,0,4160,34,191,0,2,0,4
to,95192,PARAÍSO DO TOCANTINS,1716109,135,135,36056,36056,28178,29215,330,707,20:10:49,10,2,597,19188,5,7337,396,616,4,5,4,14
to,73261,PAU D'ARCO,1716307,16,16,3551,3551,2807,2897,15,75,19:10:58,1,0,56,1331,0,1333,18,67,0,1,0,0
to,95257,PEDRO AFONSO,1716505,47,47,10799,10799,8443,8757,64,250,18:35:05,1,2,195,4586,3,3415,94,141,0,3,1,2
to,95273,PEIXE,1716604,30,30,7284,7284,5533,5747,28,186,18:50:13,2,0,116,2029,1,3189,50,144,0,0,1,1
to,92487,PEQUIZEIRO,1716653,16,16,4371,4371,3528,3635,20,87,19:07:10,0,0,59,1616,0,1786,22,42,0,2,0,1
to,95370,PINDORAMA DO TOCANTINS,1717008,16,16,3710,3710,2876,3002,13,113,17:51:34,0,0,43,1283,0,1463,23,63,1,0,0,0
to,73016,PIRAQUÊ,1717206,12,12,2394,2394,1906,1956,6,44,18:33:55,0,0,41,826,0,983,15,39,0,1,1,0
to,95478,PIUM,1717503,23,23,5965,5965,4564,4706,27,115,18:12:20,0,0,80,2519,0,1825,40,99,0,0,0,1
to,95516,PONTE ALTA DO BOM JESUS,1717800,14,14,3642,3642,2798,2922,19,105,18:33:54,0,1,69,1014,0,1609,14,88,0,0,0,3
to,95532,PONTE ALTA DO TOCANTINS,1717909,24,24,5628,5628,4326,4528,32,170,18:37:14,2,2,77,2221,0,1852,26,141,0,1,0,4
to,92509,PORTO ALEGRE DO TOCANTINS,1718006,12,12,2639,2639,1977,2069,21,71,17:36:55,0,0,61,705,0,1140,14,49,0,1,0,7
to,95591,PORTO NACIONAL,1718204,166,166,47070,47070,37314,38653,374,965,20:10:49,7,4,1181,18594,4,16193,479,789,7,34,2,20
to,92525,PRAIA NORTE,1718303,24,24,5873,5873,4451,4644,38,155,18:44:43,1,1,96,1475,0,2766,52,57,0,2,0,1
to,96296,PRESIDENTE KENNEDY,1718402,12,12,2825,2825,2243,2353,17,93,18:24:57,2,1,55,1067,0,1051,10,55,0,1,0,1
to,73571,PUGMIL,1718451,9,9,2328,2328,1870,1923,12,41,17:51:50,0,0,54,1038,0,743,15,19,0,0,0,1
to,73229,RECURSOLÂNDIA,1718501,12,12,2936,2936,2428,2485,10,47,17:51:50,0,0,42,760,0,1591,11,24,0,0,0,0
to,73024,RIACHINHO,1718550,16,16,3503,3503,2856,2929,13,60,18:16:12,0,0,49,1220,0,1535,22,29,0,0,1,0
to,73431,RIO DA CONCEIÇÃO,1718659,9,9,2139,2139,1519,1580,15,46,17:39:55,0,0,39,527,0,894,16,40,1,0,0,2
to,73415,RIO DOS BOIS,1718709,10,10,2668,2668,2075,2164,13,76,17:38:24,0,1,44,840,1,1142,13,32,0,0,1,1
to,96792,RIO SONO,1718758,19,19,4294,4294,3617,3701,16,68,20:10:49,0,0,65,1690,1,1783,16,61,0,0,1,0
to,92541,SAMPAIO,1718808,14,14,4157,4157,2989,3139,27,123,19:20:55,0,0,47,966,0,1927,20,28,0,1,0,0
to,73156,SANDOLÂNDIA,1718840,15,15,3566,3566,2672,2769,11,86,18:23:28,0,0,24,1523,0,1002,15,104,0,0,1,3
to,73350,SANTA FÉ DO ARAGUAIA,1718865,22,22,5526,5526,4363,4527,20,144,19:10:58,0,0,62,2038,0,2164,34,63,0,0,0,2
to,73130,SANTA MARIA DO TOCANTINS,1718881,11,11,2546,2546,2036,2090,4,50,17:44:56,0,0,42,1050,0,897,13,33,0,1,0,0
to,73547,SANTA RITA DO TOCANTINS,1718899,8,8,2126,2126,1636,1676,8,32,17:44:56,0,0,54,898,0,643,4,35,0,1,1,0
to,92584,SANTA ROSA DO TOCANTINS,1718907,18,18,4257,4257,3338,3479,29,112,20:11:08,0,1,67,1253,0,1923,19,73,0,1,0,1
to,92606,SANTA TEREZA DO TOCANTINS,1719004,13,13,3061,3061,2492,2598,14,92,18:17:48,0,0,60,1296,0,1049,17,70,0,0,0,0
to,73539,SANTA TEREZINHA DO TOCANTINS,1720002,8,8,2106,2106,1639,1710,12,59,19:11:45,0,0,58,601,1,913,13,52,0,1,0,0
to,96598,SILVANÓPOLIS,1720655,17,17,4865,4865,3886,4025,28,111,19:13:45,1,0,59,1827,1,1834,36,124,0,2,0,2
to,73377,SUCUPIRA,1720853,7,7,1762,1762,1412,1475,10,53,19:10:36,1,0,28,725,0,608,12,35,0,1,0,2
to,73288,SÃO BENTO DO TOCANTINS,1720101,21,21,5456,5456,4229,4377,41,107,18:57:35,0,1,115,1476,0,2518,50,67,0,1,0,1
to,73105,SÃO FÉLIX DO TOCANTINS,1720150,8,8,1852,1852,1497,1560,7,56,17:31:44,0,0,45,510,0,878,18,45,0,0,0,1
to,73180,SÃO MIGUEL DO TOCANTINS,1720200,35,35,9833,9833,8168,8416,54,194,19:32:14,1,0,222,3258,0,4432,137,114,1,1,0,2
to,73393,SÃO SALVADOR DO TOCANTINS,1720259,12,12,2701,2701,1883,1961,5,73,17:54:11,0,2,21,586,0,1155,15,102,0,0,1,1
to,96032,SÃO SEBASTIÃO DO TOCANTINS,1720309,13,13,3364,3364,2624,2729,20,85,18:36:13,0,0,42,812,0,1712,34,22,1,1,0,0
to,92681,SÃO VALÉRIO,1720499,16,16,4075,4075,3058,3174,21,95,18:38:27,0,0,75,1087,0,1792,24,75,0,1,0,4
to,96130,SÍTIO NOVO DO TOCANTINS,1720804,33,33,8078,8078,6504,6730,55,171,18:27:08,0,1,133,2187,0,3992,94,96,0,0,0,1
to,73199,TABOCÃO,1708254,11,11,3073,3073,2382,2483,20,81,18:20:12,0,0,42,1131,0,1114,27,66,1,0,0,1
to,96156,TAGUATINGA,1720903,46,46,11231,11231,8347,8816,76,393,18:43:14,0,2,148,3353,0,4524,75,241,0,4,0,0
to,73164,TAIPAS DO TOCANTINS,1720937,7,7,2033,2033,1405,1488,16,67,18:15:02,0,0,23,366,0,973,15,27,0,1,0,0
to,73504,TALISMÃ,1720978,12,12,2560,2560,1869,1935,10,56,19:23:51,0,0,28,1008,0,763,14,55,0,0,1,0
to,96210,TOCANTINÓPOLIS,1721208,67,67,16077,16077,12882,13360,131,347,18:49:58,3,1,263,4330,0,7921,189,167,0,6,0,2
to,96199,TOCANTÍNIA,1721109,28,28,5453,5453,4563,4696,22,111,18:31:51,0,0,52,1234,0,3206,27,42,0,0,0,2
to,73458,TUPIRAMA,1721257,8,8,1851,1851,1449,1511,17,45,17:36:54,1,0,28,619,0,770,11,19,0,0,0,1
to,73237,TUPIRATINS,1721307,7,7,1797,1797,1392,1457,15,50,17:47:46,0,1,47,526,1,798,3,16,0,0,0,0
to,96652,WANDERLÂNDIA,1722081,30,30,7391,7391,5716,5987,50,221,18:47:44,1,1,100,2519,0,2933,84,72,0,2,0,4
to,96431,XAMBIOÁ,1722107,35,35,8639,8639,6861,7075,42,172,17:49:25,1,1,92,3568,1,3006,109,77,1,1,1,3
