uf,cd,tot,fem,sup,analf,fund_inc,jovem,idoso
ac,01007,8683,4287,303,2398,2432,1855,1186
ac,01015,6832,3324,344,1888,1947,1578,889
ac,01023,12299,5931,701,3465,3050,2611,1760
ac,01031,3316,1644,52,1758,807,887,392
ac,01040,9530,4449,117,3563,3486,2598,1015
ac,01058,16041,8247,1445,3741,3965,3227,2151
ac,01066,6075,2864,123,2188,1962,1808,518
ac,01074,54600,28609,5663,10635,11203,13336,6522
ac,01082,11001,5380,471,3431,2401,3021,1184
ac,01090,12429,6178,300,3772,3368,3141,1553
ac,01104,4793,2211,123,1932,1327,1320,500
ac,01112,10770,5635,1045,2424,2455,2208,1494
ac,01120,8809,4322,510,3012,1658,1736,1222
ac,01139,20565,10088,628,8374,5236,5006,2836
ac,01392,255548,136507,33615,26419,46027,48853,32217
ac,01457,28328,13983,644,11669,6809,6543,4165
ac,01473,25576,12491,967,10615,6001,6223,3411
ac,01490,11400,5583,853,3301,2709,2528,1601
ac,01511,11461,5786,823,3311,2318,2577,1603
ac,01538,17105,8650,1398,3137,4426,3644,2281
ac,01554,6793,3231,109,3065,1817,1594,953
ac,01570,5726,2871,158,2144,1404,1189,755
al,27006,9432,4910,467,2311,3011,1829,1265
al,27014,14879,7660,429,6011,3968,3193,2480
al,27022,8282,4215,174,3373,2047,1878,1357
al,27030,12613,6648,449,4915,2881,2322,2258
al,27049,11620,6175,214,4978,3144,2056,2331
al,27057,141054,77869,7850,30705,38237,24752,21458
al,27065,7264,3585,299,1622,2440,1409,916
al,27073,30353,15626,815,10467,7732,6027,4461
al,27081,5250,2663,170,1621,1596,1230,697
al,27090,11460,5951,323,3161,4181,2350,1403
al,27111,6465,3346,612,1097,2158,1108,766
al,27138,12173,6468,426,4307,2876,2532,1718
al,27154,4796,2477,160,1605,1484,948,842
al,27170,5134,2611,116,2006,1464,1152,714
al,27197,19536,10070,760,5545,4276,3826,3021
al,27219,8057,4059,77,3249,2665,1642,1085
al,27235,8026,4258,303,3262,2342,1562,1363
al,27251,14260,7492,503,4462,4580,2755,1899
al,27278,23928,12476,624,8432,6485,5547,3108
al,27294,8148,4184,137,3374,2361,1838,1256
al,27316,13116,6783,251,5837,3482,2915,2251
al,27332,12852,6663,678,3819,3009,2534,1887
al,27359,6342,3314,120,2536,1822,1520,825
al,27375,5862,2979,176,1776,1691,1243,872
al,27391,8380,4296,111,3378,2822,1734,1335
al,27413,14949,7561,470,6457,3693,3432,2060
al,27430,4547,2336,171,930,1580,762,665
al,27456,38411,19891,1647,10007,9750,7087,5080
al,27472,37082,19706,1121,10243,11379,6959,5930
al,27499,8522,4279,184,3714,2510,1979,1365
al,27510,16909,8825,370,6289,4850,3524,2430
al,27537,3416,1788,104,1058,1047,677,503
al,27553,8469,4372,221,2604,2914,1739,1184
al,27570,25339,13201,500,10071,6410,5384,3823
al,27596,10722,5479,260,2870,4679,2401,1462
al,27618,19259,10131,353,8336,4644,3519,3326
al,27634,16758,8479,363,6454,4875,3243,2330
al,27650,12301,6560,186,5651,3563,2728,2043
al,27677,4766,2466,152,1746,1280,1047,651
al,27693,5384,2633,113,1792,1586,1210,689
al,27715,6323,3215,246,1822,2029,1191,850
al,27731,4636,2351,83,1763,1570,946,657
al,27758,13423,6860,245,4740,4157,2968,1678
al,27774,4185,2048,133,1353,1232,942,575
al,27790,18963,9756,607,7007,4900,3786,2951
al,27812,14189,7463,425,5031,3960,2949,2238
al,27839,17625,9321,141,7956,5301,3745,2515
al,27855,595514,330511,72958,61006,143595,93047,86665
al,27871,14396,7540,496,5497,4212,2777,2454
al,27898,19888,10416,571,5553,6472,4120,2368
al,27910,7796,3977,185,2730,2404,1594,1248
al,27936,35900,18942,2159,6568,11187,6613,4826
al,27952,10241,5525,281,3305,2920,1811,1805
al,27979,3325,1677,142,982,925,626,522
al,27995,16836,8671,378,7335,4786,3804,2902
al,28010,18639,9713,421,6675,5274,4119,2651
al,28037,12674,6572,219,3736,4475,2638,1585
al,28053,4605,2356,139,1976,1139,972,787
al,28070,5738,3013,114,2476,1319,1281,860
al,28096,19166,9977,464,6647,5917,3855,2625
al,28118,9458,4680,224,3706,2901,2246,1197
al,28134,14854,7891,485,5585,3390,3160,2204
al,28150,6834,3460,136,2542,2487,1618,875
al,28177,4459,2199,81,1626,1510,1049,664
al,28193,8822,4486,121,4172,2323,2065,1324
al,28215,8194,4227,160,2769,2503,1761,1273
al,28231,4296,2270,107,1385,1108,1061,598
al,28258,50181,27322,3074,13229,13582,8251,9052
al,28274,17997,9369,760,5538,4145,3783,2848
al,28290,11197,5632,225,3321,3649,2249,1391
al,28312,6042,3122,297,1779,1700,1143,992
al,28339,40831,21983,2601,8837,10834,6949,6725
al,28355,13059,6844,494,3635,4239,2560,2009
al,28371,25646,13714,887,5645,7828,4757,3770
al,28398,2483,1270,71,796,605,494,378
al,28410,17748,9263,828,5882,5054,4392,2101
al,28436,9794,4888,115,3572,3291,2230,1361
al,28452,20091,10297,597,5881,5743,4400,2505
al,28479,6565,3315,288,1538,2270,1115,915
al,28495,14812,7678,361,6013,3801,2999,2213
al,28517,9795,5037,361,3128,2982,1958,1541
al,28533,54500,29058,1364,10131,16369,9938,7231
al,28550,4998,2502,143,1615,1778,1143,563
al,28576,5783,3063,247,1110,1907,1106,785
al,28592,30745,16502,1032,11509,7480,6233,4349
al,28614,8346,4284,185,2971,2181,1734,1187
al,28630,5907,2998,163,1745,1725,1219,890
al,28657,16688,8674,479,4178,6216,3652,2187
al,28673,20495,10712,468,8706,5007,5289,2726
al,28690,21863,11113,433,7666,6910,4820,2489
al,28711,38995,20548,1644,7385,11746,7328,5018
al,28738,6446,3350,242,1582,2170,1096,990
al,28754,24362,12722,561,9442,7229,5000,3548
al,28770,9877,5229,357,1670,2910,1673,1292
al,28797,5220,2715,138,2113,1190,1052,944
al,28819,13438,7123,380,5114,3439,2625,2205
al,28835,17199,8717,455,7515,4735,3768,2659
al,28851,44402,23670,1327,13542,11173,9098,5982
al,28878,19635,10479,776,5603,5010,3767,2917
al,28894,17788,9335,276,6833,5342,3657,2507
al,28916,8832,4569,133,4009,2375,2252,1193
al,28932,29112,15299,643,9627,7484,6330,3944
am,02003,10674,4996,496,2691,3671,1905,1850
am,02011,10290,5114,605,1515,3146,2262,1335
am,02020,9532,4593,275,4384,1818,2010,1527
am,02038,9724,4717,233,2499,3403,2055,1434
am,02046,15290,7522,555,4098,4069,3040,2085
am,02054,7930,3826,445,3243,1860,1855,986
am,02070,25296,12402,992,5235,6965,5832,3208
am,02097,10506,4953,471,2579,3164,2294,1723
am,02119,18318,8806,509,4607,5528,3896,2888
am,02135,20448,10543,1103,6142,4372,4261,3251
am,02151,20977,10193,565,8424,5136,4103,3574
am,02178,20306,9859,318,6132,7150,4237,3162
am,02194,8375,3947,237,3057,2505,1878,1216
am,02216,19350,9423,741,7152,4273,4755,2718
am,02232,21052,10338,930,4099,7067,4070,3291
am,02259,50320,24515,2747,11837,13405,11931,6931
am,02275,14438,6958,332,5584,4161,2807,2405
am,02291,20769,10220,515,9457,4756,4339,3381
am,02313,11453,5524,286,5877,2332,2371,1913
am,02330,14879,7181,443,5729,3574,3407,2136
am,02356,28568,13973,720,8718,8998,5531,4274
am,02372,7957,3878,344,2488,1717,1730,1530
am,02399,10772,5138,268,5148,2337,2612,1590
am,02410,66385,33474,3402,6480,19794,14914,8169
am,02437,7230,3543,342,1031,2255,1594,974
am,02453,4455,2063,217,1125,1348,1176,517
am,02470,7136,3354,261,3203,1822,1672,1057
am,02496,12412,6070,417,4528,3341,3133,1708
am,02518,24266,11977,1006,9415,5473,5194,3995
am,02534,66014,33675,2887,11996,16366,14173,8381
am,02550,1320059,697101,172711,44568,228413,244512,136421
am,02577,28013,13472,606,7757,10253,5928,4699
am,02593,9620,4575,388,3119,2788,2407,1161
am,02615,30959,15420,911,6584,11973,5865,5373
am,02631,13080,6195,453,3227,3224,2895,2020
am,02658,16906,8249,639,5007,4596,3758,2785
am,02674,12347,5968,326,3904,3448,2729,2060
am,02690,68263,34069,5248,8942,15085,17174,9744
am,02712,10224,4906,265,4833,2320,2173,1631
am,02739,13907,6790,390,4236,3777,3400,1880
am,02755,16924,8375,600,5200,3870,4296,2295
am,02771,7169,3383,238,1406,1901,1662,1027
am,02798,12725,6142,528,4411,3497,2982,1640
am,02810,41032,20688,1974,9294,11317,8899,5840
am,02836,29195,14496,857,9030,7887,5433,5827
am,02852,11577,5588,530,1475,2987,2594,1674
am,02879,12212,5689,430,2435,3506,2907,1773
am,02895,9770,4685,300,2990,3118,2471,1272
am,02917,5910,2854,166,1887,1559,1531,825
am,02933,7452,3511,272,2118,1749,1857,1011
am,02950,11755,5616,338,4019,3164,2962,1491
am,02976,10837,5109,376,2553,3014,2564,1645
am,02992,8152,3797,256,2188,2605,1830,1300
am,98353,30612,15637,1513,3893,8895,6340,3827
am,98370,6789,3164,183,2801,1679,1799,840
am,98396,13165,6348,581,3230,4041,2765,2105
am,98418,22739,11061,1415,1966,6785,4784,2768
am,98434,15129,7567,745,1732,4504,2914,2242
am,98450,6644,3176,275,1003,1910,1765,799
am,98477,33212,17614,2204,7133,8339,7142,4617
am,98493,7371,3609,130,2421,2606,1572,952
am,98515,9227,4385,193,2898,2974,2333,1302
ap,06009,3290,1533,162,312,1094,849,349
ap,06017,6081,2937,369,648,2045,1407,732
ap,06025,13504,6489,727,1578,4047,3060,1503
ap,06033,7590,3518,351,856,2702,1717,876
ap,06041,5644,2696,304,657,1817,1442,520
ap,06050,293167,153562,38172,18609,51905,63449,28329
ap,06068,4254,1985,210,477,1241,1153,382
ap,06076,15092,7316,668,2720,4837,4028,1682
ap,06084,8877,4125,352,1064,2566,2193,775
ap,06092,19298,9618,770,2406,7162,4033,1835
ap,06106,3596,1671,167,295,817,821,386
ap,06114,6740,3264,533,629,1869,1735,669
ap,06122,9728,4678,349,1895,3029,2633,987
ap,06130,28762,14111,1207,3916,7253,6956,2909
ap,06157,77459,39510,6256,8035,15753,18132,7727
ap,06173,9028,4325,307,1562,3320,2382,1028
ba,30007,53094,27386,3921,7042,12814,9428,3607
ba,30058,76049,40474,6594,13761,17722,12661,12126
ba,30660,8402,4068,115,3499,2148,1391,1600
ba,30678,8165,3984,223,2702,1976,1415,1462
ba,30694,4904,2407,72,1919,1448,732,1139
ba,30716,12789,6417,159,5731,2639,2156,2698
ba,30732,5918,2967,163,1593,1987,1205,1082
ba,30759,9809,4873,52,3625,2927,1581,1962
ba,30775,12566,6364,500,2601,4180,2345,1745
ba,30791,14953,7179,90,6169,4250,2650,2652
ba,30813,9269,4663,111,3669,2869,1313,2304
ba,30830,22621,11945,398,7004,7559,3662,4241
ba,30856,12341,6204,83,4945,4179,1967,2415
ba,30872,48604,25871,821,6023,18887,7693,6008
ba,30899,15099,7547,157,6008,4568,2449,3184
ba,30910,14330,7215,64,6564,4598,2184,2964
ba,30937,4309,2104,61,1656,1343,669,968
ba,30953,7453,3709,57,3855,1751,1073,1925
ba,30970,10481,5330,423,3780,2938,2130,1722
ba,30996,17871,9181,375,7133,3803,2796,3570
ba,33014,6909,3564,133,2654,1924,813,2014
ba,33030,12713,6404,182,5269,3594,2437,2125
ba,33057,11138,5854,141,2973,3912,1893,2165
ba,33065,11118,5776,274,3542,4088,1995,1988
ba,33073,12009,6100,61,5143,3803,1896,2410
ba,33090,8930,4497,73,4974,1832,1284,2061
ba,33111,3787,1867,182,1231,986,591,836
ba,33138,103306,56574,8300,13454,21802,15155,15975
ba,33154,17010,8409,314,6226,5218,2254,3698
ba,33170,5022,2546,73,2052,1607,703,1201
ba,33197,26504,14081,1160,6703,8834,3790,5409
ba,33219,18144,9603,345,3242,6720,2559,3276
ba,33235,18348,9221,336,8018,4710,2588,4297
ba,33251,10611,5327,194,3987,3396,1949,2097
ba,33260,11618,5716,285,3637,3187,1804,2022
ba,33278,12408,5979,517,4389,2352,2098,2461
ba,33294,8831,4507,90,2835,2966,1346,1650
ba,33316,10608,5375,185,3823,3024,1643,2566
ba,33332,10724,5623,319,3035,2954,1821,1868
ba,33359,8196,4142,108,2889,2412,1402,1606
ba,33375,13237,6598,126,6724,2809,1915,3182
ba,33383,9206,4713,272,2098,2604,1697,1140
ba,33391,10999,5328,430,4113,2661,1778,2030
ba,33405,5182,2623,275,1669,1569,935,969
ba,33413,39968,20145,554,17198,13557,6961,7426
ba,33430,8562,4396,311,1921,2242,1461,1360
ba,33456,7854,3997,72,2459,2864,1260,1327
ba,33472,9259,4830,274,3029,2073,1777,1641
ba,33499,11582,5669,204,4871,2676,2099,2157
ba,33510,15520,7912,234,7151,3607,2407,3382
ba,33529,9196,4687,293,3016,2742,1661,1783
ba,33537,35732,17566,321,12962,9951,6954,6425
ba,33553,18854,9425,205,8107,4625,3234,3336
ba,33570,28301,14359,1034,11980,7187,4788,5507
ba,33596,12320,6230,482,3573,3231,1958,2984
ba,33618,3881,1966,161,934,1054,646,693
ba,33634,92210,48502,10742,11939,16468,16634,10477
ba,33650,5838,2822,63,2355,1798,965,1103
ba,33677,15271,7725,330,5326,4416,2444,2945
ba,33693,14897,7499,149,6728,4120,2325,3369
ba,33715,11677,6046,330,3171,4255,2147,1756
ba,33731,13014,6499,92,6696,2676,1980,3351
ba,33758,13318,6790,142,6039,3251,2250,2653
ba,33774,45619,23694,920,15497,11381,6967,8366
ba,33782,9004,4418,47,4221,2904,1475,1932
ba,33790,10434,5420,94,3953,2691,1923,2274
ba,33804,12237,6063,59,5182,3364,2637,1813
ba,33812,16094,8248,238,6423,4242,2776,3484
ba,33839,9726,4896,134,4661,2167,1603,2074
ba,33855,11047,5581,132,4378,3243,1449,2423
ba,33871,7987,3867,62,3359,2021,1117,1784
ba,33898,9021,4385,89,3952,2360,1450,2156
ba,33910,47738,24606,3488,10439,9970,7367,7350
ba,33936,12220,6330,472,2941,3941,1940,2773
ba,33952,7910,3866,69,3480,2548,1154,1953
ba,33960,11947,6356,302,3426,3010,2291,1696
ba,33979,25111,13095,610,5389,8931,3654,4478
ba,33995,16778,8581,558,5831,3992,2364,3650
ba,34010,7322,3872,309,2212,1977,1320,1397
ba,34029,9650,4591,57,4647,2942,1377,1986
ba,34037,39487,20287,1045,16732,9903,6324,7699
ba,34053,13395,6789,111,5430,3726,2289,2627
ba,34070,12534,6581,1036,2278,3267,2087,1606
ba,34096,9708,4987,112,3738,2588,1720,1921
ba,34118,17801,9333,287,5438,6007,2740,3892
ba,34134,165405,90191,12998,11927,35916,26887,18671
ba,34150,24810,12742,340,9963,7513,3879,5122
ba,34177,22097,11373,131,11433,5579,2882,5339
ba,34193,52924,26937,1122,18748,15286,10116,9128
ba,34215,8340,4101,52,3604,2255,1526,1741
ba,34231,18136,9263,109,6709,5439,3270,3365
ba,34258,23053,12003,1003,5084,7732,3430,4796
ba,34274,7212,3680,72,2529,2051,1183,1569
ba,34290,62371,32917,782,10163,17701,9294,8937
ba,34312,10415,5241,530,4482,2044,1521,2352
ba,34339,18046,9565,666,5852,4862,3034,3507
ba,34355,27044,13616,117,12995,8455,4486,5409
ba,34363,8358,4073,139,3746,2287,1132,1971
ba,34371,13942,7036,251,4812,3552,1870,2869
ba,34398,7294,3650,249,2188,1872,1420,1212
ba,34410,21566,10736,304,7987,6370,3645,4185
ba,34436,51739,25877,718,20843,13912,9073,9008
ba,34452,22336,11590,533,6572,6837,3584,4054
ba,34479,3510,1641,79,1270,825,542,675
ba,34495,40272,21133,1272,6673,13480,5429,6581
ba,34509,7573,3694,76,3704,1535,1105,1669
ba,34517,13145,6610,256,4323,3971,2196,2736
ba,34533,8944,4474,260,3607,2175,1719,1805
ba,34550,25291,13219,684,8865,7310,3721,5795
ba,34576,13354,7204,198,4210,4712,2231,2376
ba,34592,16754,8669,460,6339,4776,2392,4126
ba,34614,14603,7114,382,5101,4052,2697,2977
ba,34630,16648,8760,691,2913,5780,2779,2735
ba,34657,14381,7421,311,4864,3598,1841,3041
ba,34673,50870,26539,1291,16473,14110,7904,9141
ba,34690,23825,12750,649,5133,6667,3280,3947
ba,34711,17300,8851,271,5821,5522,3045,3188
ba,34738,15360,7791,435,5980,4496,2364,3737
ba,34754,3793,1881,39,1497,1115,648,806
ba,34770,20971,10974,397,6279,5593,3174,3814
ba,34797,6985,3576,155,2683,2097,1223,1581
ba,34819,11782,5773,350,4050,2961,1867,2474
ba,34835,11513,5886,631,4662,3312,2463,1728
ba,34851,26351,13257,482,9814,7865,4297,5460
ba,34878,11208,5381,90,4407,3216,1937,2288
ba,34894,4243,2144,46,1584,1235,674,870
ba,34916,16845,8286,140,8814,3792,2794,3602
ba,34932,11801,5769,215,3979,3427,2056,2276
ba,34959,44071,24147,5105,4990,9253,6925,6081
ba,34975,25044,12304,250,9313,7764,4399,4849
ba,34991,7550,3793,253,2846,1884,1376,1600
ba,35017,9808,4718,98,4241,2644,1355,1879
ba,35033,3892,2037,130,944,1129,599,668
ba,35050,7475,3716,63,2352,2909,956,1644
ba,35076,14389,7197,336,5455,4363,2627,2728
ba,35092,31948,16574,1314,8692,8235,5630,5728
ba,35114,24806,12810,519,7266,7401,4749,3794
ba,35130,42685,22138,619,18409,12597,6460,9044
ba,35149,4997,2438,78,1971,1462,745,1203
ba,35157,384050,213559,41317,38524,78028,59228,55940
ba,35173,4818,2355,125,1615,1609,761,1009
ba,35190,7593,3837,96,2417,2678,1094,1918
ba,35211,18315,8945,324,7043,4854,3454,3137
ba,35238,21700,11368,867,7137,4991,3316,3763
ba,35254,8962,4300,160,3395,2293,1609,1983
ba,35270,12782,6576,203,5289,3431,1862,2428
ba,35297,4948,2494,109,1783,944,841,1122
ba,35319,15836,8623,553,3338,3793,2512,2339
ba,35335,60392,32066,5568,16875,10359,9213,10764
ba,35351,14871,7247,179,6713,4170,2127,3507
ba,35378,22082,11396,287,8055,7073,3289,5129
ba,35394,8781,4357,79,4016,2227,1191,2229
ba,35416,18514,9700,615,4908,5996,2699,4515
ba,35432,13144,6497,136,4867,4087,2274,1750
ba,35459,10975,5537,140,4092,3799,1550,2499
ba,35475,13376,6610,264,4293,3615,2025,2711
ba,35491,22499,10938,341,9790,4354,3949,4752
ba,35513,12703,6475,163,5247,4029,2170,2629
ba,35530,3416,1651,43,1536,1033,471,746
ba,35556,12638,6718,613,3274,4310,2550,2275
ba,35572,6788,3334,108,2235,2197,988,1487
ba,35599,14538,7657,543,4190,4298,2216,3016
ba,35610,10479,5357,373,3376,2657,1703,2277
ba,35637,14224,7054,195,5482,3679,2158,2972
ba,35653,19636,9928,628,5070,6240,3411,3745
ba,35670,5261,2650,93,1386,1453,861,984
ba,35696,11652,5894,536,4368,2615,1858,2492
ba,35700,9858,4818,128,4298,2665,1544,1878
ba,35718,19697,9623,243,8984,6291,2693,4925
ba,35734,116780,63918,13599,13542,27217,17581,20098
ba,35750,25865,13386,554,10181,6123,4431,4452
ba,35777,13249,6945,369,4586,3469,2327,2684
ba,35793,29891,16212,1849,5661,6792,4513,5549
ba,35815,43574,22924,1877,17425,8923,7653,8040
ba,35831,7804,3854,52,2810,2585,1116,1900
ba,35858,5049,2537,188,1889,1433,880,1009
ba,35874,8699,4222,47,4118,2588,1239,2004
ba,35890,16623,8674,327,4635,4830,2803,3026
ba,35912,23482,12475,463,6878,6949,3511,4349
ba,35939,44082,24526,4041,8041,8808,7512,6404
ba,35947,22432,11375,482,8929,6363,3504,4530
ba,35955,42346,22915,955,13140,12238,5917,7799
ba,35971,154473,83934,9977,28402,33448,19898,33041
ba,35998,15122,7411,690,3616,5367,2674,2109
ba,36013,10713,5389,67,4471,2679,2119,2112
ba,36030,9546,4864,444,3359,2467,1699,2021
ba,36056,11041,5582,478,3526,2545,1633,2469
ba,36072,5696,2904,332,1469,1430,1023,1095
ba,36080,9654,4664,103,3697,2786,1704,1750
ba,36099,5102,2568,166,1854,1599,784,1043
ba,36110,17003,8694,287,6081,5083,2620,3503
ba,36137,44327,23193,1715,13807,12204,6467,8465
ba,36153,6440,3168,155,2713,1818,921,1412
ba,36170,18243,9221,181,6568,6911,2906,4041
ba,36196,5587,2704,265,982,2262,1133,849
ba,36218,15910,7883,512,6661,3282,2284,3956
ba,36234,16599,8901,933,1968,4374,2716,2727
ba,36250,9547,4787,260,3124,2740,1384,2048
ba,36277,7366,3714,334,2467,1685,1308,1412
ba,36293,46558,24708,2135,7317,17698,7084,8422
ba,36315,23259,11439,158,12424,6538,3866,4906
ba,36331,6576,3293,59,3048,2087,880,1673
ba,36358,6172,3130,176,2238,1623,984,1226
ba,36374,14170,7051,415,4827,4299,2320,3141
ba,36382,11573,5851,66,4053,4543,1829,1908
ba,36390,9312,4911,191,3758,2229,1318,2120
ba,36412,29225,14620,143,14435,8288,5004,6391
ba,36439,16484,8448,435,5518,5206,2506,3810
ba,36455,14599,7398,490,6708,3097,2222,3037
ba,36471,19258,9932,529,7248,4920,2594,3879
ba,36498,12001,5822,428,4375,3113,1734,3018
ba,36510,53609,29437,4058,10827,12928,8351,8873
ba,36536,32615,17450,1333,9649,9297,5556,5919
ba,36552,22098,11105,1062,6185,5724,3028,4672
ba,36579,13039,6594,139,4229,4738,2159,2223
ba,36595,8250,4037,132,2875,2770,1607,1441
ba,36617,105277,56610,10539,19143,22583,16662,17280
ba,36633,26738,13634,317,13162,6706,4330,5429
ba,36650,10702,5334,66,4338,3620,1537,2139
ba,36676,11107,5693,458,3876,2915,1834,2301
ba,36692,140481,75413,12519,24873,29120,26196,18674
ba,36706,7960,3718,114,3589,2222,1147,1735
ba,36714,12144,5886,99,4780,3802,1988,2431
ba,36730,6675,3433,84,2744,1895,776,1796
ba,36757,3532,1741,200,1226,909,501,794
ba,36765,10471,5040,67,5457,2809,1783,2098
ba,36773,19038,9696,162,8877,4627,2931,3514
ba,36790,4821,2345,114,1584,1523,710,1021
ba,36811,3235,1565,34,1172,1243,526,633
ba,36820,6217,3149,144,2723,1333,1059,1289
ba,36838,7887,3954,41,3386,2523,1246,1854
ba,36854,129108,70113,13165,13478,32071,17838,19052
ba,36870,7602,3920,399,2164,2114,1282,1283
ba,36897,9280,4585,133,3410,2371,1328,2169
ba,36919,33571,16780,825,12338,8849,4884,6929
ba,36935,9772,4930,91,3562,3995,1661,2056
ba,36951,13752,6947,531,4467,4176,2261,2952
ba,36978,33800,16994,478,14935,8227,5774,7127
ba,36994,6529,3340,109,3078,1584,1001,1487
ba,37010,7287,3630,98,2457,2567,1139,1541
ba,37036,14362,7510,265,5456,4653,2327,3319
ba,37052,13034,6342,93,5109,4101,2422,2319
ba,37079,6726,3291,181,2396,1680,1169,1166
ba,37095,11619,5885,426,4453,2887,2047,2443
ba,37117,21458,11027,731,9037,4196,3278,4748
ba,37133,32575,16821,233,11157,9529,4441,5651
ba,37150,12936,6156,268,4965,4492,1844,2510
ba,37176,7703,3880,40,3060,2457,1337,1494
ba,37192,9028,4543,110,3556,2982,1408,2149
ba,37214,39638,20455,2017,5289,10416,6352,5675
ba,37222,8987,4483,167,3783,2250,1655,1685
ba,37230,18442,9230,564,5721,5834,2816,4091
ba,37257,21540,11128,585,9387,5095,2821,4896
ba,37273,8656,4531,64,2754,3077,1297,1713
ba,37290,10734,5615,373,3519,2810,1916,1957
ba,37303,7529,3677,56,3938,2018,1016,1772
ba,37311,43120,21244,351,23159,11885,7323,9279
ba,37338,7215,3523,61,2821,2200,1148,1739
ba,37354,24025,12253,802,7578,6806,3974,4625
ba,37370,9522,4898,349,3205,2513,1361,2392
ba,37397,8859,4502,229,3155,2979,1331,1683
ba,37419,27885,13966,1012,6704,8367,4269,4948
ba,37427,10529,5419,275,4178,2421,2107,1894
ba,37435,15509,7874,185,5303,5696,2694,3273
ba,37451,6932,3547,247,1601,1997,1068,1072
ba,37460,8963,4283,52,3553,2830,1704,1524
ba,37478,21104,11440,1090,3430,4853,3251,2971
ba,37494,18024,9334,218,7406,5645,2379,3919
ba,37516,21443,11392,482,4739,6838,3029,3792
ba,37532,8854,4542,116,3466,2663,1367,1539
ba,37559,12194,6046,134,5554,4004,1657,3088
ba,37567,7216,3674,155,2230,2163,1141,1400
ba,37575,5648,2892,50,2235,1904,919,1067
ba,37583,6157,3064,66,2413,1796,1117,1238
ba,37591,20200,10245,326,7603,6298,3598,4264
ba,37613,29064,14816,598,8084,9589,4189,5757
ba,37621,8047,4133,96,3175,2465,1301,1889
ba,37630,20131,10235,233,9498,4777,3219,4144
ba,37656,16557,8143,309,6291,4743,2896,3700
ba,37672,6772,3427,45,2711,2021,985,1363
ba,37680,11892,6085,414,3929,3485,2168,1818
ba,37699,17092,8539,458,8039,3520,2705,3343
ba,37710,6669,3394,214,1823,2027,1114,1342
ba,37737,16399,8355,399,7531,3063,2205,3951
ba,37753,22639,11271,201,8282,6765,3851,4416
ba,37770,21769,11499,630,6185,7849,3779,4556
ba,37796,7209,3618,64,2840,2237,1075,1622
ba,37818,81179,43238,3546,19493,20767,12155,14813
ba,37834,5974,2921,51,1802,2207,909,1131
ba,37850,9592,4772,52,5425,2512,1751,1724
ba,37877,16459,8545,357,6554,4038,2763,3806
ba,37893,25497,12656,279,13358,7175,4814,4791
ba,37915,12366,6141,224,5329,3039,1922,2795
ba,37931,14745,7463,146,5730,4550,2356,2910
ba,37940,6303,3057,198,2527,1825,1141,1037
ba,37958,9097,4643,75,4396,2290,1127,2431
ba,37974,13720,7036,122,4995,4884,2202,2988
ba,37990,6566,3187,131,3020,1400,1151,1363
ba,38016,18732,9731,597,7790,4588,3177,3774
ba,38032,35794,18795,578,14400,10014,5379,8043
ba,38059,26812,14273,1068,3870,7342,3808,3834
ba,38067,13184,6578,51,6419,3202,2300,2637
ba,38075,88317,47490,7288,10951,21963,15249,10246
ba,38091,8827,4224,137,3576,2376,1378,2165
ba,38113,21414,10866,786,6970,6292,3169,4420
ba,38130,10281,5302,549,3409,1775,1563,1834
ba,38156,11413,5602,85,5725,3355,1521,2918
ba,38164,19770,9952,241,7887,5971,3019,3666
ba,38172,19836,10020,172,8307,4418,3324,4164
ba,38199,20709,10102,79,10530,5945,3555,4306
ba,38210,30249,15655,613,11524,8775,4756,6183
ba,38237,11819,6051,455,4028,2290,1959,2160
ba,38253,18445,8997,293,8025,4518,3052,3753
ba,38270,25886,13620,962,7946,6070,3924,5401
ba,38296,23729,11800,858,9156,4932,4014,4755
ba,38318,11963,5897,80,5133,4069,2232,2405
ba,38334,37638,19879,1979,10200,10758,6741,6872
ba,38342,7560,3675,233,2746,2442,1511,1318
ba,38350,11922,6151,240,4567,3237,1567,3024
ba,38377,11229,5578,92,5339,2762,1555,2601
ba,38393,10059,5089,76,4843,2264,1541,2434
ba,38415,29192,15040,591,8700,9805,4932,5155
ba,38431,6447,3324,98,2060,1928,1084,1071
ba,38458,23789,12527,392,7361,8355,3590,5389
ba,38474,11644,6287,121,2164,4421,1559,1990
ba,38490,1827436,1022159,313253,76042,324597,255405,274379
ba,38512,17858,9589,309,6375,5008,2687,3401
ba,38539,12018,5961,257,4821,2776,2165,2288
ba,38555,18037,9525,1068,2979,4826,3314,2756
ba,38571,4659,2261,41,1800,1477,641,1158
ba,38598,8225,4241,128,2777,2535,1300,1809
ba,38610,30082,15304,616,9754,8918,5138,5459
ba,38636,29919,15183,590,9960,9160,4332,6801
ba,38652,20265,10083,287,8048,4802,3263,4670
ba,38679,8389,4340,59,2806,2829,1133,1636
ba,38695,8849,4490,76,2991,3301,1364,1906
ba,38717,46527,24779,845,9040,15793,6418,8341
ba,38733,67597,37218,4804,10044,16192,10002,9376
ba,38750,35723,19447,1569,8320,8928,6610,6313
ba,38776,21461,10536,550,6786,5979,4177,2904
ba,38792,10122,5280,134,2339,3717,1354,1742
ba,38806,7303,3759,243,2094,2122,1075,1587
ba,38814,17016,8747,576,5428,4094,2443,3098
ba,38822,10828,5493,219,2763,3303,1788,1898
ba,38830,31167,16865,2259,2643,8335,5468,3497
ba,38857,27915,14817,1092,4826,9974,4541,4402
ba,38865,7915,3998,103,2882,2685,1383,1570
ba,38873,8587,4355,110,3276,2699,1276,1754
ba,38890,33761,17553,420,7142,11633,5141,5492
ba,38911,13896,7485,859,2802,3980,2221,2032
ba,38938,13563,6720,150,6966,3330,2242,2893
ba,38946,11514,6087,176,2212,4494,1405,2210
ba,38954,8789,4478,273,2893,2435,1336,2053
ba,38970,30295,15750,1745,5645,7840,5610,4717
ba,38997,7005,3472,191,3106,1363,1119,1426
ba,39012,48441,26176,3169,7851,11541,7464,8508
ba,39039,28383,13867,313,10920,8255,4874,5404
ba,39047,23309,11650,179,10404,5535,3502,5172
ba,39055,15058,7383,204,5857,3807,2297,3282
ba,39071,16950,8663,286,6014,5064,2657,3548
ba,39098,55769,30172,3748,9018,15915,9219,8056
ba,39110,9501,4991,352,2919,2505,1489,1844
ba,39136,78317,41229,1344,10981,28978,11283,10731
ba,39144,9507,4617,89,3925,2653,1454,1692
ba,39152,13003,6495,28,4626,3648,2722,2225
ba,39179,10264,4984,90,4214,2821,1629,2178
ba,39195,16818,8414,257,7204,4544,2475,3504
ba,39217,7161,3686,234,1691,2185,1138,1462
ba,39233,12663,6526,216,5089,3421,2081,2155
ba,39250,11263,5668,91,4767,3255,1980,2228
ba,39276,6434,3269,65,1941,2119,795,1261
ba,39292,17154,8726,136,7063,6137,2897,2941
ba,39314,10557,5311,177,3999,3175,1901,1706
ba,39330,9859,5118,60,2682,4050,1462,1815
ba,39357,16084,8050,334,8066,3967,2440,4077
ba,39373,36135,18910,1965,12871,8933,6217,6817
ba,39390,21072,10750,249,7625,6117,3085,4641
ba,39411,16308,8311,200,5677,5393,2384,3430
ba,39438,13887,7442,628,4026,2802,2426,2705
ba,39454,11242,6101,797,2230,3298,1863,2217
ba,39470,11564,5807,169,4378,3189,1672,2468
ba,39489,9744,4828,389,3243,2466,1840,1545
ba,39497,15168,7579,514,3781,4743,2387,2926
ba,39519,12710,6451,449,4868,3391,1958,2855
ba,39535,17270,8657,375,4397,6735,2630,3385
ba,39551,13075,6725,99,5001,3533,2614,2294
ba,39578,60690,32794,3978,14708,14908,9908,10209
ba,39594,19284,10063,980,4600,5467,3073,3567
ba,39616,6551,3390,59,2866,1801,858,1569
ba,39624,7902,4057,267,2343,2539,1293,1331
ba,39632,29267,15779,1654,4210,8135,4234,5106
ba,39640,6230,2919,85,2855,1655,1017,1426
ba,39659,221849,120805,23980,37326,53998,34992,32703
ba,39675,7206,3635,74,2963,1949,1317,1561
ba,39691,15576,7737,419,5458,4828,2661,2605
ba,39713,34740,17757,1006,10234,10019,6697,6283
ba,39730,21311,10835,361,7631,5748,3267,4166
ba,39748,14496,7732,1121,755,2956,2278,1939
ba,39756,6790,3378,60,3544,1935,922,1801
ba,39772,9694,4656,82,4135,2392,1602,1886
ba,39799,10379,5020,42,4794,2755,1818,2078
ba,39810,11247,5740,117,4280,3306,1974,2127
ba,39837,7919,4066,288,3296,1420,1439,1764
ba,39845,8098,4050,102,3019,2582,1293,1658
ba,39853,17634,9288,100,7990,5040,2762,3917
ba,39870,9109,4431,77,3979,2970,1277,2256
ba,39896,14537,7351,645,4231,3749,2599,2515
ba,39900,9629,4886,46,5482,2509,1596,2183
ba,39918,12911,6354,97,6435,2706,1944,2754
ba,39926,4511,2271,89,1203,1505,843,836
ba,39934,104948,55351,3987,27170,26442,15043,18782
ba,39942,8107,3998,211,2918,1711,1393,1506
ba,39950,9244,4672,98,3767,2739,1271,2148
ba,39969,5296,2582,127,2349,1254,793,1004
ba,39977,10827,5470,124,4733,3720,1755,2293
ba,39985,17594,9021,305,4890,4985,3074,3177
ba,39993,10198,4927,87,4347,2615,1827,1943
ce,13005,13404,7093,762,3208,3100,2766,1547
ce,13013,6709,3425,352,1733,1424,1400,1044
ce,13021,12707,6491,685,3831,3023,2665,2367
ce,13030,39795,21273,1989,12608,8973,7826,6326
ce,13048,7908,3903,232,3793,1441,1409,1695
ce,13056,38117,19684,1298,15441,9132,5921,8448
ce,13064,13305,6651,410,5623,3126,2627,2634
ce,13072,11366,5790,419,4535,2816,2007,2400
ce,13080,12838,6433,649,2694,3504,2692,1755
ce,13099,8941,4655,325,2024,2976,1887,1510
ce,13102,16647,8496,261,7647,3838,2705,3544
ce,13110,5467,2837,268,1588,1425,1119,1008
ce,13129,16117,8628,765,4406,3881,2988,2613
ce,13137,12322,6230,488,3416,4121,1973,2477
ce,13145,10712,5716,552,2366,2577,2061,1592
ce,13153,6943,3625,251,2685,1738,1257,1496
ce,13161,15885,8070,828,4896,4006,3050,2242
ce,13170,11251,5671,560,3142,2337,2072,2071
ce,13188,52595,27055,2195,7497,13529,10689,5156
ce,13196,54699,27995,2608,10403,15119,10074,7913
ce,13200,5411,2720,126,2011,1509,895,1188
ce,13218,50642,26933,4076,12513,10175,8801,8424
ce,13226,41880,22580,2844,5233,9404,8344,4678
ce,13234,22615,11558,1146,6489,4878,4381,3741
ce,13242,17903,9263,792,5092,3576,3410,2821
ce,13250,17715,9086,577,7045,4932,3633,3353
ce,13269,5397,2651,177,1651,1739,939,1032
ce,13277,10407,5218,526,2450,2524,2229,1464
ce,13285,16613,8911,904,3759,4571,2873,2895
ce,13293,6877,3389,156,2851,1576,1220,1538
ce,13307,21863,10844,852,5672,5545,4186,3228
ce,13315,19161,9781,723,8133,4264,3548,4465
ce,13323,13855,6891,657,4045,3700,2911,2192
ce,13331,19088,9751,1017,5719,5399,3446,3988
ce,13340,8993,4515,244,2582,2771,1764,1880
ce,13358,5441,2717,220,1762,1252,840,1179
ce,13366,7617,3831,299,3143,1915,1458,1619
ce,13374,43242,23292,3669,10225,6903,7672,7088
ce,13382,13872,7003,620,3525,3827,2925,2271
ce,13390,15566,8141,1030,5230,3732,2659,3495
ce,13404,12153,6154,506,4769,2470,2608,2167
ce,13412,25050,13229,1430,3813,7556,4895,3375
ce,13420,8959,4557,166,3792,2313,1538,2023
ce,13439,42456,21466,1110,13318,12333,6455,8403
ce,13447,7585,3802,382,2618,1441,1481,1587
ce,13455,19351,10045,1066,5576,4532,3892,2943
ce,13463,10389,5185,431,3320,2451,2087,1988
ce,13471,37479,19341,1837,15361,6162,7174,8099
ce,13480,26324,13802,1095,6062,5412,4903,3543
ce,13498,32911,17584,2554,9095,6615,6170,5614
ce,13501,12538,6530,667,3413,2850,2208,2071
ce,13510,43900,23059,2115,10016,10347,8608,6206
ce,13536,21070,11155,926,9195,3884,3944,4631
ce,13552,53587,28125,2914,16299,12926,10397,10035
ce,13579,14810,7509,694,3221,3824,2913,2082
ce,13595,15186,7707,600,4586,4125,3097,2199
ce,13617,13785,7026,745,3831,3466,2670,2589
ce,13633,21871,11340,1115,5395,7408,4524,3678
ce,13650,14099,7041,470,4366,3965,2479,2753
ce,13676,12127,6258,642,4092,2979,2361,2473
ce,13692,51818,27435,2942,10032,15415,9342,9210
ce,13714,8958,4548,165,4069,1992,1305,2127
ce,13730,209053,113119,12407,28101,48984,43104,26564
ce,13757,18986,9898,1144,4524,5124,3358,4355
ce,13773,9872,5081,686,3474,2120,1988,1648
ce,13811,17976,9206,1129,5279,3971,3871,3068
ce,13838,54654,29001,2921,11789,16567,9246,11288
ce,13854,83101,45668,9757,11183,16230,14670,13024
ce,13870,14797,7706,918,3053,4234,2788,2746
ce,13897,1776365,976018,180988,176837,393895,268142,316241
ce,13919,11366,5786,582,3618,2605,2551,1789
ce,13935,6829,3411,343,1857,1609,1534,1096
ce,13951,38869,19452,2016,14079,7991,9132,6395
ce,13978,5157,2641,252,1673,1123,1024,944
ce,13994,8169,4158,479,2030,1757,1527,1498
ce,14010,29505,15327,1755,12041,5491,5884,5915
ce,14036,5162,2641,382,1164,1146,1024,859
ce,14052,13960,7099,899,5331,2691,2631,3152
ce,14060,10862,5503,497,3244,2870,2264,1751
ce,14079,16989,8865,944,5454,4105,3299,3252
ce,14095,46357,24786,2727,15506,10814,7907,8791
ce,14117,63541,33998,4446,15233,13163,10139,10626
ce,14133,21765,10979,672,8704,4133,3693,4805
ce,14150,9454,4830,497,3081,2403,1640,2101
ce,14176,33700,17320,1330,14903,6213,5728,7425
ce,14192,33076,16787,877,15014,7654,5937,7420
ce,14214,11776,6135,666,3475,2518,1994,2599
ce,14230,16134,8272,725,3960,3457,3518,2428
ce,14257,6443,3371,599,1720,1297,1017,1261
ce,14273,35583,18597,1843,9034,8038,7148,5217
ce,14290,83614,43035,5384,15094,18558,17447,10389
ce,14311,14670,7464,597,3590,4036,2976,2180
ce,14338,16768,8418,694,5016,5221,3780,2966
ce,14354,15505,7783,618,6223,2837,2569,3469
ce,14370,7926,4045,227,2782,2065,1291,1644
ce,14397,27319,14416,1895,7463,6648,4648,6186
ce,14419,26230,13624,1689,7910,5480,4616,4601
ce,14435,20040,10552,1251,5691,4910,3413,4088
ce,14451,6436,3351,434,1588,1276,1164,1336
ce,14478,168958,92734,13577,19318,42230,30083,24642
ce,14494,18419,9676,746,5575,4685,3413,3618
ce,14516,21841,11328,1430,7233,4869,3980,4935
ce,14532,42372,22245,3381,9017,8806,6938,6691
ce,14559,73288,39205,4234,12307,15431,12848,11540
ce,14575,20576,10479,794,5387,5658,4573,2403
ce,14591,8767,4480,606,2179,2424,2169,1304
ce,14613,29652,15300,710,9583,8139,5773,5283
ce,14630,31998,16690,2034,11186,5502,6150,5626
ce,14656,10739,5539,538,2504,2517,2128,1884
ce,14672,20905,10828,1087,4491,6088,3934,3506
ce,14680,10524,5109,504,2847,2551,2310,1534
ce,14699,26745,14072,1536,8013,6458,5111,4666
ce,14710,30088,15751,1282,11698,6966,5261,7109
ce,14737,15412,7772,736,4493,4130,2973,3217
ce,14753,50696,26540,3114,14038,13437,8170,9759
ce,14770,6912,3468,433,1762,1739,1454,1195
ce,14796,16643,8467,183,5630,4672,3568,2627
ce,14818,13349,6996,602,4958,2963,2550,2914
ce,14834,7923,4089,388,1870,2088,1461,1290
ce,14850,11482,5968,698,2573,3087,2340,1747
ce,14877,24157,12692,789,9086,5902,4150,5472
ce,14893,22624,11831,391,10189,4476,4105,4689
ce,14915,18749,9794,660,7401,4403,2621,4606
ce,14931,46362,24517,2488,10203,10819,9351,5952
ce,14958,42349,23041,2026,7291,7628,8177,5585
ce,14974,9765,5095,597,2409,2188,1846,1724
ce,14990,5989,3070,251,2053,1416,1189,1173
ce,15016,8056,4076,462,2011,2076,1275,1555
ce,15032,8554,4375,555,2138,1937,1553,1552
ce,15059,28406,14849,1719,5935,6148,5444,4552
ce,15075,28020,14794,585,10417,7829,5381,5740
ce,15091,9090,4582,356,2939,2212,1895,1299
ce,15113,31485,16525,1503,12657,5211,6128,6709
ce,15130,7369,3783,529,1387,1628,1500,1060
ce,15156,30043,15390,1626,8268,5008,5642,4994
ce,15172,14614,7295,410,4731,4400,2737,2958
ce,15199,11027,5693,132,4868,2787,1633,2684
ce,15210,10081,5071,134,5019,2222,1899,2055
ce,15237,12823,6698,668,3985,2860,2323,2457
ce,15253,7451,3898,194,3100,2249,1292,1632
ce,15270,54240,29080,3911,12087,11706,10356,9868
ce,15296,56473,28749,838,18685,14443,9583,11826
ce,15318,16430,8378,695,4377,4030,3005,2521
ce,15334,21876,11607,1191,6030,3802,3963,3733
ce,15350,16387,8292,786,5695,3995,2910,3826
ce,15377,53371,28342,3595,9765,14886,9024,9348
ce,15393,13430,6893,502,4923,3588,2410,3097
ce,15415,25162,12732,639,9211,6352,5055,4240
ce,15431,12414,6339,741,3071,3374,2607,2216
ce,15440,13122,6573,288,6632,2767,2665,2222
ce,15458,30572,15718,1902,10407,5192,5708,6179
ce,15474,33229,17358,1901,10136,8518,6576,6332
ce,15490,40196,20584,2372,6707,9522,7830,5748
ce,15512,6944,3596,268,2314,1830,913,1767
ce,15539,10669,5568,559,3024,2103,1893,1882
ce,15555,21474,11160,524,6931,5874,3625,4898
ce,15571,6053,3032,117,1926,1715,1268,965
ce,15598,137510,73013,10374,18076,31139,26454,18125
ce,15610,14843,7577,449,5132,3463,2378,3455
ce,15636,25427,13401,1206,7892,6452,4088,4858
ce,15652,21284,10809,403,10095,4719,3791,4481
ce,15679,45714,23942,2358,17721,8581,7752,10218
ce,15695,51147,27089,3064,12920,10693,10567,7604
ce,15717,40362,20603,1707,8548,12165,8046,6713
ce,15733,22834,11931,1192,5815,4722,4364,3388
ce,15750,6357,3210,310,2328,1572,1081,1404
ce,15776,15897,8177,875,3716,3580,3294,2344
ce,15792,9977,5059,562,3522,2213,2105,1713
ce,15814,29349,15554,1620,9199,5578,5182,6149
ce,15830,42123,21540,1803,14789,10182,9617,6426
ce,15857,151212,81398,7917,13461,32913,28107,18206
ce,15873,30150,14999,1493,6901,7138,6481,4166
ce,15881,12657,6639,595,5525,1890,2568,2644
ce,15890,18356,9806,1075,5189,4480,3630,3016
ce,15911,17498,8935,630,3621,4295,3466,2679
ce,15920,10730,5273,551,2525,2962,1942,1778
ce,15938,15137,7636,1028,3844,4380,2417,2593
ce,15954,29048,14744,1271,6844,7296,6187,3380
ce,15970,11527,5882,148,4260,2967,1897,2605
ce,15989,7228,3657,75,3099,1622,1288,1597
ce,15997,23248,11935,1244,3855,6157,4692,3293
ce,98531,12727,6341,396,4720,2812,2100,2422
ce,98558,13932,7073,669,4293,2910,2877,2198
ce,98574,15563,7875,287,5332,4142,3047,3192
df,97012,2084356,1122202,486958,98443,305505,312794,299153
es,56006,6906,3329,554,686,2542,934,1293
es,56014,25461,12903,600,4433,10897,2939,5947
es,56022,10040,5079,540,2453,2734,1731,1871
es,56030,23130,11955,3096,2832,6183,3251,5133
es,56049,10596,5201,220,2456,4554,1686,1835
es,56057,12172,6025,636,1218,4687,1444,2951
es,56065,6296,3196,144,1217,2483,900,1314
es,56073,20322,10587,2851,1702,5372,2810,3783
es,56081,6945,3412,388,1699,2074,940,1219
es,56090,6086,3086,468,864,2089,782,1484
es,56103,12333,6166,1025,1186,4278,1758,1971
es,56111,69628,35077,3283,6399,22086,10776,10911
es,56120,28123,14681,1354,3566,10267,3775,6067
es,56138,8773,4328,212,1620,3285,1090,1935
es,56146,9724,4629,111,2905,3468,1486,1579
es,56154,22833,11853,1749,2419,6812,3281,4242
es,56162,9063,4446,803,806,3399,1297,1579
es,56170,33973,17488,1067,8580,9292,4719,7265
es,56189,19110,9621,334,6026,5602,3077,2836
es,56197,10385,5331,638,1882,3033,1526,1852
es,56200,6157,3071,388,1259,1605,907,1347
es,56219,7019,3676,729,570,1979,944,1507
es,56227,11964,5787,603,1263,5198,1816,1919
es,56235,138668,73637,7311,15456,41294,17695,28696
es,56251,259593,137778,6371,25985,79855,35025,46668
es,56278,28548,14627,2452,4978,7607,3258,6228
es,56294,89503,47187,5171,9926,25471,11086,18739
es,56308,8870,4355,165,1876,2990,1028,1943
es,56316,22711,11595,692,4838,6862,3504,4141
es,56332,9839,4965,255,2364,3409,1320,2031
es,56359,3781,1803,228,822,1262,582,721
es,56375,26943,13364,2142,3932,9407,3566,4543
es,56391,5759,2849,276,1062,2022,866,1014
es,56413,19031,9632,445,4047,6730,2920,3849
es,56430,14057,7004,610,1734,5106,1796,3008
es,56456,21685,11410,858,4314,6421,2673,5080
es,56472,91973,47542,5179,11335,28763,12649,17957
es,56499,9420,4872,934,941,2685,1372,1773
es,56502,6492,3219,370,1472,2326,1011,1030
es,56510,11088,5492,364,1816,3699,1427,2309
es,56537,11305,5619,869,987,3687,1370,2617
es,56553,30517,15965,1764,3388,11304,5120,5261
es,56570,9182,4555,727,793,3366,1225,1988
es,56596,21139,10638,585,4022,9198,2890,4257
es,56618,9761,5027,327,1227,4006,1369,2167
es,56626,12554,6447,1555,1192,3488,1486,2819
es,56634,112502,58029,4939,21781,30274,16396,19080
es,56650,10970,5592,172,3079,3443,1615,2302
es,56677,18949,9522,1527,2840,6350,2505,3867
es,56693,14652,7541,454,2702,5183,2087,3039
es,56715,4914,2455,313,886,1498,771,941
es,56731,14112,7094,937,2032,5452,2170,2764
es,56758,11044,5552,411,1770,3874,1360,2437
es,56774,38591,19785,1403,8574,10402,5542,7745
es,56790,16321,8172,389,3027,6619,2136,3720
es,56812,17848,9288,464,4222,5789,2624,3362
es,56839,16269,8413,873,1828,5293,2478,3174
es,56855,10959,5619,1142,1616,3690,1886,1684
es,56871,8617,4328,654,1304,2582,1068,1867
es,56898,9906,4723,512,1546,3808,1279,2047
es,56910,19036,9504,2125,1665,6285,2449,3793
es,56936,25450,13240,759,4376,8501,3110,5081
es,56952,7815,4068,821,1026,2430,999,2054
es,56979,82650,42872,3643,11366,24450,11920,14398
es,56995,320800,169575,13767,28116,86201,48002,49036
es,57010,47934,24910,1775,3576,14483,7144,7121
es,57037,298748,163025,63898,6246,46137,42492,50269
es,57053,247297,135563,77645,6139,29795,31139,48874
es,57070,9655,4854,810,956,3530,1313,1785
es,57096,16622,8630,991,3542,6217,2657,3064
es,57118,15249,7424,291,3379,5490,1969,2999
es,57134,21348,10723,416,3776,8352,3322,3411
es,57150,18232,9219,397,3649,6789,3101,3223
es,57916,8501,4172,462,1285,3516,1054,1703
es,57932,28768,14261,666,6306,10317,4146,4903
es,57959,15468,7579,341,4260,4836,2067,3017
es,57975,18174,9250,982,3096,5587,2528,3187
es,57991,7869,3908,565,1049,2714,1205,1462
go,92010,9079,4713,1015,1330,2785,1480,1715
go,92029,5192,2750,448,979,1286,816,851
go,92037,2208,1062,163,435,689,357,495
go,92053,17735,9240,1841,2189,5027,3158,2998
go,92061,3506,1775,232,719,1083,488,798
go,92096,1790,880,181,291,582,229,495
go,92100,7138,3538,540,1097,1760,1024,1296
go,92118,5551,2946,972,531,1177,878,788
go,92126,3102,1482,271,656,752,550,562
go,92150,6238,3199,427,1246,1787,1078,1023
go,92169,2325,1141,207,348,669,347,472
go,92177,3359,1663,316,533,1149,417,791
go,92207,3843,1874,369,572,1096,567,803
go,92215,268394,142794,35337,16718,59273,39771,45042
go,92223,6051,2905,386,1314,1670,828,1302
go,92231,1050,500,124,91,232,142,254
go,92258,13574,7099,1952,1863,3650,1943,2410
go,92266,3488,1737,300,587,1081,457,703
go,92274,297995,156797,21810,20992,72339,51166,33718
go,92282,4504,2259,228,950,1258,671,866
go,92290,3036,1501,255,398,1052,398,537
go,92312,3739,1920,357,566,1144,548,803
go,92320,3256,1649,254,488,1163,431,632
go,92339,11186,6013,1367,1675,2747,1659,2174
go,92347,2466,1187,184,661,562,391,445
go,92355,7715,3917,366,1308,2294,1143,1433
go,92363,8874,4310,702,1462,2450,1385,1233
go,92444,3223,1574,224,782,916,463,598
go,92460,3244,1574,260,555,1126,435,658
go,92495,5938,2878,305,827,2399,853,1055
go,92517,3205,1612,286,380,982,337,859
go,92550,2750,1403,297,354,794,354,596
go,92568,3509,1745,269,529,1058,531,553
go,92614,2334,1093,179,578,695,295,518
go,92622,1825,931,167,366,462,265,403
go,92630,8775,4331,776,981,2370,1418,1276
go,92649,3907,1948,280,767,1168,619,664
go,92657,21555,10757,1803,2557,6534,3224,3713
go,92665,3174,1558,365,468,981,409,669
go,92673,6025,3094,444,1552,1636,829,1418
go,92690,16006,7967,1377,1807,5259,2640,2495
go,92703,71061,37350,4001,4812,19293,12834,7148
go,92711,3082,1573,176,394,776,439,573
go,92720,5378,2728,309,1110,1674,942,859
go,92754,4218,2148,304,826,1307,546,891
go,92762,2295,1126,179,455,627,459,425
go,92770,7940,4021,722,1393,2211,1090,1923
go,92789,2742,1356,186,475,889,411,617
go,92797,5736,2864,542,869,1576,1056,876
go,92800,3680,1785,284,585,1246,591,496
go,92819,7605,3759,527,968,2389,1165,1320
go,92827,3400,1647,430,231,814,512,530
go,92835,1732,845,171,202,494,266,342
go,92851,9789,4966,915,2155,2450,1348,2134
go,92860,2056,971,140,502,650,295,462
go,92878,12840,6551,1145,2954,3181,1740,2705
go,92886,14897,7363,653,2240,5078,2449,2391
go,92894,58714,30715,6408,4643,14870,9530,8380
go,92908,5559,2821,354,582,1643,890,767
go,92916,3604,1760,234,679,926,578,626
go,92924,7290,3485,794,720,1739,1243,526
go,92932,8703,4364,586,1656,2326,1304,1572
go,92940,5653,2799,535,714,1489,985,691
go,92959,4915,2362,445,733,1476,716,876
go,92967,3384,1644,237,722,1045,532,598
go,92975,13511,6926,1325,2996,2867,2305,2042
go,92983,2196,1059,172,494,627,323,472
go,92991,6769,3401,544,1245,1812,1005,1365
go,93009,2417,1184,226,464,776,344,455
go,93017,69441,36050,9666,4355,15870,9813,12059
go,93025,36973,20096,3614,2273,8213,6788,4126
go,93033,4177,2088,232,832,1306,566,799
go,93041,2676,1359,279,411,694,432,543
go,93050,6154,3024,422,1731,1571,1250,1009
go,93068,2960,1410,215,440,1037,514,496
go,93076,15314,8121,2740,1124,3465,2214,2985
go,93084,2822,1344,192,520,818,462,537
go,93092,4471,2180,306,1424,903,692,848
go,93106,2702,1342,266,284,977,414,533
go,93122,3029,1483,214,418,916,420,635
go,93149,2424,1174,234,500,528,331,484
go,93157,2361,1184,285,284,755,316,563
go,93165,4042,2031,340,787,1136,589,793
go,93173,7365,3622,639,1288,2380,1062,1567
go,93181,3172,1528,167,815,975,515,636
go,93190,6334,3161,690,883,1501,882,1305
go,93203,3726,1767,195,952,903,597,626
go,93220,5871,2990,332,796,1865,939,855
go,93246,2264,1095,195,434,721,307,508
go,93254,31474,16200,3538,3553,9547,5699,4105
go,93262,3222,1556,152,924,781,584,495
go,93270,3148,1557,309,293,1009,436,693
go,93289,3559,1720,234,669,1058,680,444
go,93297,11874,5885,1336,1829,2858,1745,2156
go,93300,77029,41902,9120,3843,14895,15302,7319
go,93319,3166,1611,451,324,880,421,686
go,93327,40451,22465,2727,4298,10951,8360,4125
go,93335,2413,1192,259,291,547,325,630
go,93343,85376,46331,4719,7909,25165,20363,5998
go,93351,3452,1712,171,816,845,527,644
go,93360,8375,4299,633,930,2418,1285,1190
go,93378,3259,1621,208,325,1102,457,655
go,93386,2916,1369,185,638,941,419,572
go,93394,3131,1467,291,322,842,443,656
go,93408,2741,1335,173,512,631,488,494
go,93424,2763,1300,222,445,852,421,385
go,93432,2093,1033,255,304,615,272,496
go,93440,2594,1233,188,756,656,379,496
go,93483,2185,1076,182,267,637,300,457
go,93491,9216,4712,1033,1219,2329,1467,1706
go,93505,4678,2248,217,1280,1596,704,882
go,93513,2758,1412,211,563,807,468,544
go,93530,4754,2367,511,685,1448,659,998
go,93548,2606,1250,190,404,827,358,578
go,93564,2760,1357,258,436,967,377,533
go,93572,7852,4139,667,910,2168,1008,1820
go,93580,5543,2810,300,825,1905,936,827
go,93599,6290,2971,396,1550,2025,1053,1112
go,93602,1474,732,156,155,419,232,240
go,93610,68292,36422,11448,7776,14083,12015,9410
go,93637,4091,2029,378,845,894,614,897
go,93670,10241,5224,557,1610,3361,1586,1623
go,93696,3883,1995,528,453,736,532,929
go,93718,50529,26145,4848,7704,13868,8467,8421
go,93734,977479,532531,184153,40628,157005,130066,167712
go,93750,33462,17390,1437,3506,10744,5557,3921
go,93777,18649,9684,2945,2530,4691,2372,4176
go,93793,24650,12842,3314,3350,6618,3536,5220
go,93815,12582,6459,735,1383,3538,2034,2232
go,93831,3461,1605,187,900,929,543,705
go,93874,3291,1671,323,398,1195,466,727
go,93890,16157,8027,1332,1539,5240,2498,2846
go,93912,3288,1610,303,487,1055,417,736
go,93939,6960,3641,411,1856,1816,1186,1290
go,93955,39834,20994,4158,5854,9885,5629,7667
go,93971,19450,9982,2306,2703,5570,2796,3899
go,93998,24149,12793,3452,3150,6767,3135,5606
go,94013,2570,1273,276,467,699,335,626
go,94030,29020,15001,3029,3246,9309,4879,4762
go,94072,5142,2547,436,1118,1196,700,1052
go,94110,3522,1814,421,605,1036,483,867
go,94137,14609,7376,1445,1756,4537,2421,2415
go,94153,6499,3294,531,1003,2370,937,1386
go,94196,20611,10870,2411,3734,5411,2745,4414
go,94218,4144,2047,388,1016,1258,560,833
go,94234,6358,3302,696,633,2064,822,1404
go,94250,71507,37794,9529,6825,16817,10130,13392
go,94277,2579,1265,321,376,785,302,599
go,94293,5596,2772,669,1087,1206,708,1310
go,94315,28980,15251,2608,4281,8542,4459,4796
go,94331,68386,35596,8655,7196,17595,9919,12678
go,94358,2602,1310,281,323,803,386,562
go,94374,5194,2631,547,619,1684,775,1053
go,94390,13551,7164,1842,1765,3756,1960,2732
go,94439,5546,2823,501,1415,1374,830,1004
go,94455,110991,59014,10527,12651,27316,21471,13381
go,94471,2147,1090,207,222,749,240,478
go,94498,5512,2667,292,1252,1636,998,759
go,94510,7703,3857,745,1470,2211,1098,1693
go,94536,2144,1080,223,202,683,380,413
go,94552,7087,3634,595,1036,2474,904,1611
go,94579,7079,3474,481,1570,1696,1136,1117
go,94595,40739,20855,5862,4252,12149,6345,6764
go,94650,2049,999,260,215,562,259,465
go,94676,5223,2560,379,1283,1405,934,883
go,94714,6264,3139,653,554,2141,906,1211
go,94730,34248,17731,4498,3420,9564,4843,7034
go,94757,4409,2169,558,837,1193,599,940
go,94773,11120,5559,683,1800,3683,1922,1672
go,94790,3252,1583,100,719,1230,466,654
go,94854,6656,3392,565,926,2093,1024,1236
go,94870,21886,11419,1482,2505,6108,3558,3243
go,94897,27607,13976,2417,4812,7313,4020,5338
go,94919,2099,1041,206,381,643,298,467
go,94935,1854,901,190,200,452,226,442
go,94951,2494,1199,242,725,497,369,561
go,94978,7113,3545,623,689,1906,1056,1342
go,95010,3085,1560,327,571,736,398,747
go,95036,11649,5756,1357,950,4204,1597,2497
go,95052,3450,1745,290,516,1070,504,718
go,95079,7425,3589,886,614,1731,1077,1327
go,95095,17050,8810,1435,3584,5063,3021,2863
go,95117,20208,10551,1914,2489,5100,3232,3334
go,95133,2106,1081,263,296,518,316,497
go,95150,3686,1875,372,493,1150,517,781
go,95176,2416,1179,248,321,746,282,608
go,95230,8428,4320,982,1096,2786,1257,1650
go,95311,7044,3636,739,1000,2326,912,1574
go,95354,2841,1352,276,424,857,430,543
go,95397,18851,9522,2322,3149,5285,2384,4621
go,95419,9182,4634,1175,1591,2532,1258,2168
go,95435,18029,9127,2226,2245,5316,2628,3440
go,95451,20235,10661,3147,2988,4611,3029,3884
go,95494,13407,6922,1202,1584,4575,1907,2983
go,95559,29475,15462,3813,3592,8029,4658,5707
go,95575,3055,1503,317,638,1089,407,659
go,95613,22220,11408,2027,4300,5728,3946,3122
go,95630,31671,16499,4260,4327,8314,4301,6363
go,95656,8253,4331,929,898,2116,1242,1497
go,95672,3654,1862,294,601,1090,561,658
go,95710,128948,67160,17072,14371,28689,19764,17800
go,95737,14511,7590,1666,2445,3756,2125,2955
go,95753,6422,3322,923,683,2027,931,1331
go,95770,5065,2597,457,732,1486,782,906
go,95796,2652,1254,332,359,771,309,640
go,95818,28338,14649,3013,4194,8128,3933,5524
go,95834,3949,1991,389,787,1059,643,781
go,95850,2718,1386,251,404,928,340,657
go,95877,2959,1498,245,551,961,442,697
go,95893,6869,3583,488,1068,2415,844,1621
go,95915,6589,3206,415,2374,1451,1035,1366
go,95931,4149,2133,292,1022,1004,624,839
go,95958,54167,28846,3230,6969,15655,11060,5974
go,95974,6046,2998,458,918,1774,1051,910
go,95990,22789,12114,3220,2849,5146,3313,4395
go,96016,16982,8694,1922,3163,5253,2487,3539
go,96059,13489,6876,1264,1875,4146,2027,2538
go,96075,5920,2800,432,1525,1302,854,1094
go,96091,14817,7460,2146,1692,4343,2180,2749
go,96113,2821,1329,176,637,736,515,435
go,96172,4349,2154,366,492,1489,614,822
go,96237,3499,1666,379,268,1015,446,774
go,96253,81150,43068,5963,7830,20792,12802,12132
go,96318,4496,2230,522,618,1257,600,1003
go,96334,27362,14304,3178,3896,6475,4284,4783
go,96350,9328,4829,1007,1680,2320,1259,1915
go,96377,2799,1381,436,177,761,496,575
go,96393,3573,1801,288,510,1138,468,827
go,96415,10006,5129,1071,1166,3419,1450,1753
go,96458,13680,6979,1157,2542,3849,2121,2208
go,96474,21354,10845,1902,4062,5019,3178,4098
go,96512,4397,2181,294,1103,1466,622,945
go,96539,8773,4224,489,2106,2952,1336,1371
go,96555,6245,3215,559,1246,1538,871,1495
go,96571,5599,2787,479,843,1760,920,823
go,96610,4454,2244,342,766,1507,694,855
go,96695,5972,2934,325,1212,1842,869,1061
go,96717,3054,1491,272,575,931,406,661
go,96733,7028,3473,563,1187,2255,868,1447
go,96750,5955,2868,383,1416,1899,866,1241
go,96776,39482,21037,2305,5269,10994,8553,4448
go,96814,10598,5380,827,1853,2553,1762,1686
go,96873,2729,1338,117,823,632,429,554
go,96890,3348,1636,250,570,985,435,755
go,96911,2314,1165,214,411,688,318,471
go,96938,4333,1960,339,823,1219,691,746
ma,07005,11208,5533,113,5111,3337,2033,2047
ma,07013,6177,2912,185,2735,1645,1533,992
ma,07021,17472,9071,192,7455,4377,3413,3245
ma,07030,17688,8505,411,3972,6829,2869,3307
ma,07048,20816,10275,122,9411,4739,4453,4535
ma,07056,17538,8745,246,8897,4489,3286,3169
ma,07064,11972,5958,71,3577,4954,2512,1862
ma,07072,5384,2680,123,2176,1478,1164,940
ma,07080,5190,2464,56,2217,1567,1172,815
ma,07099,8040,3841,212,2768,2290,1528,1606
ma,07102,7708,3774,78,3030,2545,1586,1569
ma,07110,25497,12550,863,9500,6658,5080,4399
ma,07129,12601,6649,494,1936,3183,2511,1514
ma,07137,16029,8319,732,3646,4588,2842,2280
ma,07145,4985,2466,143,1109,1451,895,844
ma,07153,12479,6143,119,4647,3827,2863,1756
ma,07161,5913,2921,132,1891,1249,1681,622
ma,07170,32866,16379,507,15485,8818,6074,6900
ma,07188,9304,4658,106,3403,3121,1842,1782
ma,07196,23012,11689,743,5819,6519,4130,4240
ma,07200,5142,2603,49,1758,1794,910,954
ma,07218,7968,4166,438,1176,1872,1667,1155
ma,07226,7762,3731,113,2546,2506,1731,1369
ma,07234,58494,32274,4045,12166,11557,10957,8814
ma,07242,11485,5736,246,2978,3558,2181,2131
ma,07250,13595,6935,146,4183,5414,2654,2569
ma,07269,19206,9071,187,8215,5741,4064,3154
ma,07277,57270,29466,4442,9339,14142,12029,6553
ma,07285,8646,4376,241,3121,2084,1963,1265
ma,07293,14089,7126,294,5401,3623,2588,2655
ma,07307,7055,3255,75,3248,2136,1739,1012
ma,07315,55959,28961,2117,17835,12871,11613,9143
ma,07323,5435,2772,78,1450,2123,1349,773
ma,07331,37470,19115,1493,8598,11231,8591,4751
ma,07340,35607,18402,904,10955,9203,8630,4675
ma,07358,3907,1879,85,1313,1218,716,721
ma,07366,11016,5384,118,4068,3333,2033,2157
ma,07374,17448,8729,155,5013,5212,3186,3103
ma,07382,9640,4672,126,2517,3542,1910,1612
ma,07390,20505,10950,712,7280,4736,3861,3719
ma,07404,8715,4419,44,3509,2745,1735,1753
ma,07412,20914,10399,257,8932,5185,4329,4186
ma,07420,6995,3397,26,2303,2432,1335,1293
ma,07439,17900,9159,167,7610,4902,3645,3570
ma,07447,6839,3206,26,3243,2101,1634,1003
ma,07455,9084,4619,125,2469,3137,1815,1200
ma,07463,10896,5155,201,3797,3825,2603,1690
ma,07471,13949,6825,256,3360,5396,2867,2121
ma,07480,10718,5198,124,3906,2983,2129,2157
ma,07498,15335,7271,516,4641,4319,2974,2647
ma,07501,10602,5096,101,4539,3787,2280,1730
ma,07510,13030,6605,146,4965,3649,2573,2552
ma,07528,5672,2619,164,2118,1442,1324,857
ma,07536,17509,8606,544,4971,5715,3017,3924
ma,07544,7454,3509,162,3158,2025,1935,837
ma,07552,17358,8600,371,4591,6539,3884,2585
ma,07560,11160,5324,437,3862,2813,2640,1511
ma,07579,96420,52308,7815,25444,19418,18000,14183
ma,07595,8708,4226,44,2312,3129,1455,1670
ma,07609,13891,6694,245,3249,4920,2794,2150
ma,07617,46865,25282,2451,12279,11035,10157,6581
ma,07625,6085,2980,57,2759,1600,1272,1150
ma,07633,70422,38153,2824,22225,17330,13868,10277
ma,07641,7790,3822,64,3587,2337,1497,1534
ma,07650,28603,15076,1465,9171,6665,5797,4370
ma,07668,16970,8597,164,6911,5273,3615,2724
ma,07676,23395,12441,1193,7848,4670,5197,3325
ma,07684,11438,5688,130,4051,3523,2545,2093
ma,07692,40772,21699,1653,14438,8645,8050,6881
ma,07706,8090,4016,352,2695,2191,1983,1011
ma,07714,25217,12886,435,6836,8810,4232,5425
ma,07722,17191,8556,220,6165,4893,3158,3085
ma,07730,18142,9643,708,6693,3967,3338,3699
ma,07749,6562,3207,124,2407,1796,1539,945
ma,07757,9349,4662,212,3811,2225,2057,1656
ma,07765,10949,5299,279,4702,2567,2602,1518
ma,07773,12849,6683,675,4370,2760,2752,2055
ma,07781,4635,2282,99,1214,1662,1128,653
ma,07790,9026,4361,452,2358,2546,1870,1336
ma,07803,8033,4042,84,3096,1942,1626,1519
ma,07811,12203,6151,97,4779,3491,2546,2400
ma,07820,8354,4147,67,4228,1951,1643,1694
ma,07838,7869,3729,208,2311,2495,1518,1238
ma,07846,8833,4206,69,4134,2553,2013,1306
ma,07854,12854,6542,136,6063,3307,2419,2823
ma,07862,5339,2584,249,1252,1617,1059,897
ma,07870,8297,4290,66,3679,2265,1708,1766
ma,07889,12717,6601,426,2624,4234,2896,1635
ma,07897,11520,5833,189,5147,2997,2322,2385
ma,07900,6416,2789,54,3392,1940,1448,794
ma,07919,5734,2960,34,2329,1701,1097,1214
ma,07927,7475,3756,23,3447,2267,1567,1357
ma,07935,39100,20209,2285,10054,10358,8828,4738
ma,07943,5478,2740,283,1824,1198,1345,762
ma,07951,8864,4631,160,1723,3259,1507,1676
ma,07960,5742,2710,40,2392,1689,1327,841
ma,07978,21541,10562,280,6980,7328,4502,3650
ma,07986,4181,1938,147,1281,1144,981,613
ma,07994,17155,8849,728,3504,4288,4189,1993
ma,08001,12882,6400,141,4965,3735,2753,2391
ma,08010,7179,3701,423,2023,1842,1357,1272
ma,08028,10166,5260,66,2640,3459,2125,1678
ma,08036,162477,87599,17007,17694,29523,28849,22335
ma,08044,13285,6492,174,5041,4063,3072,2276
ma,08052,15742,8328,690,5272,4131,3081,2828
ma,08060,16901,8328,128,5794,6126,3590,2647
ma,08079,39957,21308,1837,11219,8090,8406,6475
ma,08087,14034,7414,431,5099,3073,3017,2047
ma,08095,16784,8743,960,4099,4042,3508,2384
ma,08109,6496,3175,28,1752,2297,1093,1140
ma,08117,9546,4885,308,3429,2413,1950,1556
ma,08125,5245,2579,75,1929,1467,1179,965
ma,08133,28342,15338,1165,10098,5826,5992,4604
ma,08141,14223,7078,118,4513,4816,3044,2202
ma,08150,8357,4225,151,3544,1855,1682,1572
ma,08168,18090,9693,481,2222,5301,3554,1911
ma,08176,12140,6114,124,5651,2681,2441,2439
ma,08184,6377,3137,110,1702,2258,1217,1106
ma,08192,9905,5121,76,3341,3610,1726,1997
ma,08206,4720,2252,134,1686,1218,1067,677
ma,08214,8400,4049,322,2777,2183,1691,1609
ma,08222,8291,4048,68,3570,2518,1876,1399
ma,08230,5717,2773,113,1525,2222,1133,949
ma,08249,9665,4607,43,2946,3850,1923,1371
ma,08257,12718,6202,114,5611,3371,2346,2668
ma,08265,5525,2703,203,1703,1438,1216,867
ma,08273,12682,6539,516,3369,3231,2930,1624
ma,08281,7027,3447,102,2358,2284,1420,1181
ma,08290,16952,8834,602,2481,5024,3305,2278
ma,08303,10015,4733,100,5154,2570,2147,1867
ma,08311,22383,11548,450,9509,7149,4855,3622
ma,08320,8186,3804,106,2046,3457,1520,1652
ma,08338,13584,6846,603,4873,3022,3056,2263
ma,08346,11286,5841,408,4732,2535,2487,1890
ma,08354,9653,4954,384,2368,2183,1946,1691
ma,08362,5171,2640,154,1811,1328,1110,865
ma,08370,18204,9487,378,5349,4627,4265,2441
ma,08389,9314,4622,106,3588,2712,1792,1998
ma,08397,6096,3083,273,1324,1873,1298,968
ma,08400,3890,1756,33,1035,1727,796,626
ma,08419,14847,7248,434,4057,4609,3242,2489
ma,08427,5292,2514,89,2139,1805,1276,846
ma,08435,8925,4422,212,3236,1862,2085,1415
ma,08443,4542,2197,54,1950,1604,986,712
ma,08451,3689,1825,131,1284,978,772,757
ma,08460,5760,2837,70,2168,1667,1297,897
ma,08478,14993,7775,335,5912,3922,2596,3089
ma,08486,7602,3852,75,3167,2277,1694,1380
ma,08494,62922,34449,3137,3720,10221,11338,7992
ma,08508,12149,6134,223,4277,3402,2186,2544
ma,08516,16216,8390,185,4897,5045,2960,2700
ma,08524,8281,4077,32,3043,3042,1596,1507
ma,08532,13295,6945,586,5573,3177,2795,2365
ma,08540,4285,2072,84,1804,1247,832,838
ma,08559,26373,13149,484,9341,9835,5047,5164
ma,08567,15309,8206,243,5250,4199,2784,2612
ma,08575,12108,6329,509,5441,2649,2379,2202
ma,08583,5635,2716,150,1477,1728,1283,817
ma,08591,12994,6479,387,4399,2708,2713,2097
ma,08605,14784,7577,143,5901,4833,2995,2550
ma,08613,29627,15967,512,10040,7060,4623,7010
ma,08621,7507,3601,124,2454,2359,1619,1186
ma,08630,25895,13466,510,8075,8069,4985,5501
ma,08656,11460,5772,112,2905,3736,1873,2392
ma,08672,22697,12032,979,4285,6545,5025,3212
ma,08699,48380,26375,2180,9378,12172,10227,5603
ma,08710,19951,10292,158,7892,6112,4020,3825
ma,08737,11262,5793,518,3961,1941,2613,1591
ma,08753,13577,6943,770,5081,2824,2381,2722
ma,08770,15545,7993,1434,2561,3963,2936,2332
ma,08796,24875,13500,1549,6517,5057,4986,3742
ma,08818,9385,4586,85,2774,3140,2005,1529
ma,08834,9546,4634,227,3608,2042,2118,1478
ma,08850,10167,4883,64,3470,3525,2019,1670
ma,08877,14402,7095,604,5155,3383,2813,2661
ma,08893,100253,54099,4029,7976,18707,19837,10682
ma,08915,26149,14207,1279,4051,5812,4974,3816
ma,08931,5184,2453,66,2030,1660,1117,934
ma,08958,19760,10694,920,4893,5367,4121,2784
ma,08974,38445,20022,1295,14557,7538,8843,5824
ma,08990,20875,10598,137,8636,6252,4604,3733
ma,09016,21784,11385,638,4432,6098,4467,3046
ma,09032,13707,6868,120,5926,3686,2822,2417
ma,09059,12530,6372,410,3532,2887,3269,1535
ma,09075,25880,13853,766,6059,6534,4896,4029
ma,09091,20981,10686,381,8164,5789,4214,3888
ma,09113,27657,13988,864,11689,6139,5207,5368
ma,09130,3932,1846,78,1614,1190,664,865
ma,09156,9441,4671,35,4610,2584,1712,2299
ma,09172,18773,9720,325,4887,6262,3427,3062
ma,09199,19958,10487,582,6586,5476,3483,4228
ma,09210,692497,378505,91260,26728,89529,110688,93362
ma,09237,22842,12354,841,6700,4587,4782,3389
ma,09253,14837,7367,306,5235,4223,3055,2813
ma,09270,15451,8086,161,4386,5182,2833,2361
ma,09296,11992,5752,598,3291,3060,2555,1789
ma,09318,8432,4125,92,3475,2141,1638,1748
ma,09334,6532,3120,116,2056,1995,1416,1095
ma,09350,18658,9664,530,7792,3981,4351,2756
ma,09377,104287,56055,7916,16612,25861,19825,13143
ma,09393,23062,11822,1011,7901,5757,4643,3913
ma,09415,27060,13195,229,8169,10954,5711,4662
ma,09431,31183,16573,1257,8403,8029,7318,3793
ma,09458,20291,10493,462,6113,4448,5222,2617
ma,09474,26739,14189,1012,10648,4864,6168,4105
ma,09490,34491,18192,1437,5309,10195,7095,4965
ma,09512,25789,13103,354,8337,7850,4740,5085
ma,09539,24513,12668,650,10551,6542,4638,5299
ma,09555,27100,13583,521,11774,6522,5261,5754
ma,09571,53059,28803,2981,10017,11436,10450,8006
ma,09598,14121,7234,427,5364,3890,3290,2083
ma,09610,70283,36048,3756,15347,14481,14017,8171
ma,09636,20339,10496,1298,3968,5842,3903,2979
ma,09652,16882,8636,292,5734,4728,3320,3126
ma,09679,21284,10277,659,9989,4446,4618,3800
ma,09695,15767,8133,235,5076,4518,2824,2877
ma,09717,27771,14713,1176,8166,7003,5498,5013
mg,40002,5491,2743,135,903,2144,762,1097
mg,40010,5769,2816,134,634,2951,732,1463
mg,40029,5727,2914,543,657,1512,880,940
mg,40037,18619,9605,913,4883,6226,2334,4605
mg,40045,11212,5477,266,2323,3813,1931,1827
mg,40053,10636,5468,761,3302,2792,1468,2385
mg,40061,4135,2123,64,1241,1516,599,908
mg,40070,3547,1800,70,893,1246,434,849
mg,40088,7700,3728,352,1942,2269,952,1709
mg,40096,8765,4281,298,2405,3034,1265,2310
mg,40100,7642,3863,119,2858,2351,1441,1281
mg,40118,12109,5973,184,5169,3304,2031,2715
mg,40126,4874,2488,71,1692,1384,771,872
mg,40134,2377,1118,136,440,807,298,561
mg,40142,6327,3122,109,2610,1799,1025,1243
mg,40150,3976,1925,108,965,1448,549,926
mg,40169,6533,3232,99,2242,2075,1115,1328
mg,40177,15408,7840,612,5073,3538,2418,3501
mg,40185,5729,2843,104,1888,1775,829,1229
mg,40193,10312,5178,124,3990,2990,1606,2244
mg,40207,8482,4111,181,2488,3522,1225,1723
mg,40215,19377,10105,726,4310,6056,2607,4697
mg,40223,5029,2453,72,2158,1290,768,1228
mg,40231,5143,2491,292,830,2220,557,1394
mg,40240,7834,3818,176,2201,2412,1547,1321
mg,40258,2499,1182,87,499,999,343,615
mg,40266,13960,7088,200,2260,6150,2356,2517
mg,40274,2633,1279,62,686,965,377,563
mg,40282,23280,11614,410,7330,7524,3625,3760
mg,40290,28486,14961,2102,2909,9582,3556,7271
mg,40304,4195,2059,74,1501,1211,705,838
mg,40312,59594,31134,4485,5666,15644,7662,12995
mg,40320,20981,10727,810,2356,6662,3324,3572
mg,40339,29763,15407,1535,9629,7625,3748,6824
mg,40347,7122,3419,148,1979,2180,1005,1348
mg,40355,6354,3147,141,1653,2277,963,1361
mg,40363,5666,2752,159,1452,1739,854,962
mg,40371,15481,7594,501,1743,6236,2260,3280
mg,40380,7930,3837,147,2504,2338,1337,1717
mg,40398,11861,5863,278,2120,4944,1562,2667
mg,40401,5778,2876,49,2413,1413,841,1394
mg,40410,10356,5179,281,2551,3927,1424,2507
mg,40428,6180,3026,224,2143,1608,1074,1157
mg,40436,4428,2101,91,1807,1220,688,988
mg,40444,6615,3243,112,1979,2285,1171,1128
mg,40452,13224,6725,287,2400,4724,1720,3231
mg,40460,5632,2831,197,2442,1023,1075,1036
mg,40479,4141,2035,101,1336,1234,730,707
mg,40487,5321,2688,90,1317,1873,869,1032
mg,40495,4645,2364,93,1139,1764,596,1084
mg,40509,8842,4328,144,3831,2515,1293,2501
mg,40517,29799,15220,1693,3522,11212,3908,6744
mg,40525,6144,3019,136,2902,1526,801,1698
mg,40533,6894,3429,101,2322,2224,1253,1406
mg,40541,7840,3882,141,2229,2465,1298,1491
mg,40550,9870,5030,363,1093,4142,1242,2414
mg,40568,6375,3304,78,1999,1959,1098,1335
mg,40576,9557,4807,237,1726,3465,1212,2141
mg,40584,8771,4393,114,3660,2031,1557,1949
mg,40592,8845,4275,156,1969,3674,1250,1832
mg,40606,5411,2589,140,1442,1779,847,1145
mg,40614,1969,981,105,314,716,218,530
mg,40622,4959,2378,78,2140,933,660,979
mg,40630,2754,1389,123,410,853,367,610
mg,40649,7044,3493,134,2393,2364,904,1426
mg,40657,2352,1143,48,518,897,302,592
mg,40665,5904,2968,118,1627,2128,889,1122
mg,40673,28221,14654,1407,8887,6546,4098,6196
mg,40681,20863,10572,760,3091,6824,3509,3420
mg,40690,88211,45879,4645,9623,25513,10911,19686
mg,40703,4733,2262,135,1504,1259,697,908
mg,40711,2561,1293,217,204,903,364,582
mg,40720,8541,4266,145,3274,2451,1379,1478
mg,40738,6676,3237,84,1828,3081,976,1356
mg,40746,5004,2532,116,1777,1156,656,1128
mg,40754,3162,1539,323,303,1196,418,760
mg,40762,3832,1846,105,1402,906,591,792
mg,40770,6402,3195,185,758,2831,796,1325
mg,40789,18006,9271,659,2052,5547,2817,2958
mg,40797,76841,40151,5033,7352,21565,9770,15895
mg,40800,20888,10833,533,1605,7420,3517,2861
mg,40819,7193,3550,234,1310,2674,881,1640
mg,40827,3512,1777,81,1057,988,393,924
mg,40835,31590,16144,1746,2660,10675,3824,6603
mg,40843,5125,2477,86,1284,1850,787,815
mg,40851,11659,5854,481,1749,4138,1518,2644
mg,40860,10165,5143,203,3213,3381,1478,2198
mg,40878,2818,1396,88,447,1305,343,725
mg,40886,7332,3555,167,2403,1780,1405,1431
mg,40894,13563,6665,599,3997,3008,2182,3057
mg,40908,6444,3187,143,1983,2150,863,1569
mg,40916,10841,5480,319,1688,4095,1272,2657
mg,40924,3653,1810,44,1310,1089,680,719
mg,40932,11421,5799,180,4484,3388,1405,3105
mg,40940,5644,2687,115,1759,1824,1057,1031
mg,40959,4349,2106,75,1017,1518,622,987
mg,40967,4075,2028,108,1250,1152,741,735
mg,40975,15583,7872,562,3131,5756,1929,3737
mg,40983,5451,2649,117,2177,1594,782,1061
mg,40991,6931,3508,207,1969,1573,816,1699
mg,41009,6180,2996,101,1994,1903,1100,1177
mg,41017,19176,9889,990,2367,7301,2281,5152
mg,41025,11146,5644,232,1370,4164,1752,1801
mg,41033,4327,2046,100,1967,1061,555,1037
mg,41041,6934,3454,114,2020,2453,1097,1343
mg,41050,5305,2589,112,648,2373,692,1177
mg,41068,3912,1941,71,1203,1360,696,868
mg,41076,23602,12048,943,2919,7657,3385,4422
mg,41084,4464,2142,42,1822,1350,901,878
mg,41092,5527,2763,129,588,2420,809,1345
mg,41106,2958,1402,48,1013,820,468,520
mg,41114,98685,52390,5619,9861,30303,13494,21924
mg,41122,7822,3876,93,4022,1852,1215,1763
mg,41130,5620,2790,102,1381,2299,636,1580
mg,41149,3408,1688,131,1198,792,555,602
mg,41157,23372,11876,700,4084,7481,3436,4425
mg,41165,5359,2695,349,1306,1197,931,830
mg,41173,17314,8858,566,2237,6130,2396,3504
mg,41181,4471,2205,68,1697,1139,761,991
mg,41190,7791,4146,187,659,3292,1098,1556
mg,41203,5062,2371,77,1553,1497,811,882
mg,41211,2998,1463,155,804,958,342,771
mg,41220,4324,2144,59,1682,1302,563,928
mg,41238,1956410,1062196,275972,108590,430598,236263,442263
mg,41246,6459,3158,67,1730,2844,1059,1190
mg,41254,19173,9749,361,3465,7627,3026,3606
mg,41262,4854,2412,63,1626,1414,957,791
mg,41270,7689,3794,588,1439,2318,1009,1814
mg,41289,5030,2526,74,2090,1042,974,885
mg,41297,9420,4760,140,3301,2549,1607,1830
mg,41300,4983,2404,114,1618,1328,955,866
mg,41319,4089,1910,85,1677,986,687,882
mg,41327,5243,2603,226,1285,1990,945,788
mg,41335,259410,139045,26243,12188,55388,45863,33304
mg,41343,7324,3725,111,2707,2340,1179,1159
mg,41351,3618,1690,50,1129,1184,431,880
mg,41360,4155,2038,70,1230,1198,531,816
mg,41378,11595,6048,757,1595,3343,1350,3255
mg,41386,6291,2976,125,2232,1708,1130,1375
mg,41394,2970,1476,80,727,1048,383,763
mg,41408,3784,1825,61,1117,1408,615,698
mg,41416,31761,16213,1670,8302,7900,4357,6927
mg,41424,5711,2842,111,1803,1884,825,1085
mg,41432,4487,2074,207,1326,1617,537,1057
mg,41440,3059,1467,243,667,965,424,716
mg,41459,36023,18351,1161,7057,10319,5383,6855
mg,41467,6566,3516,146,738,2479,855,1219
mg,41475,38235,19803,2494,5024,12756,4943,8064
mg,41483,4364,2132,67,1885,1070,809,1080
mg,41491,5816,2894,177,610,2558,714,1415
mg,41505,5007,2446,96,1965,1188,948,990
mg,41513,3421,1653,126,642,1195,441,813
mg,41521,5984,2978,93,2838,1118,1137,1220
mg,41530,4859,2482,312,1093,1387,651,1039
mg,41548,4941,2443,241,1354,1406,894,727
mg,41556,12112,5996,218,3843,3658,1675,2826
mg,41564,3546,1742,72,1269,919,543,688
mg,41572,8612,4218,151,2030,3547,1102,1750
mg,41580,3149,1571,61,814,1178,529,667
mg,41599,15417,7786,899,2930,4572,2078,3711
mg,41602,8887,4368,128,3023,3204,2053,1326
mg,41610,6851,3379,276,1078,3122,745,1965
mg,41629,19236,9744,464,3662,7117,3065,3326
mg,41637,5114,2500,259,1307,1423,734,1122
mg,41645,6220,2981,257,594,2514,824,1261
mg,41653,13371,6661,706,2297,4694,1591,3413
mg,41661,4164,2092,116,1151,1461,553,827
mg,41670,12757,6376,425,2720,4543,1534,3141
mg,41688,6593,3363,93,2691,1709,1196,1181
mg,41696,5250,2512,113,1610,1414,926,1094
mg,41700,4659,2221,74,1627,1398,889,888
mg,41718,26720,13485,808,6700,8808,4263,5745
mg,41726,3780,1878,94,1418,974,627,665
mg,41734,4494,2171,250,346,1865,663,892
mg,41742,7673,3700,182,2514,2483,1455,1587
mg,41750,4313,2130,100,1676,1111,586,1119
mg,41769,4222,2083,58,1380,1375,539,942
mg,41777,13061,6436,570,1619,5115,1679,3171
mg,41785,5348,2586,163,1215,1960,741,1026
mg,41793,28170,14147,2096,4218,8658,3921,5809
mg,41807,3960,1879,78,1190,1126,711,839
mg,41815,8943,4406,333,2305,3390,1065,2281
mg,41823,3862,1888,66,1003,1340,609,750
mg,41831,8540,4243,212,2273,2568,1229,1954
mg,41840,4629,2327,116,738,1658,635,848
mg,41858,18521,9178,723,4424,5455,3107,3577
mg,41866,4303,2159,63,1831,945,752,866
mg,41874,19107,9546,469,5406,5801,2907,3692
mg,41882,8194,3961,226,2630,2193,1522,1493
mg,41890,9717,4785,232,1462,4162,1168,2250
mg,41904,5915,2904,204,1647,1676,1047,1250
mg,41912,3514,1860,123,234,1288,408,835
mg,41920,6142,3074,341,599,1846,883,1107
mg,41939,9427,4606,587,937,3348,1253,2277
mg,41947,5171,2517,85,868,2199,620,1070
mg,41955,2202,1116,264,225,649,312,429
mg,41963,4887,2351,145,1781,1297,832,1006
mg,41971,8371,4246,404,1319,2697,1077,1863
mg,41980,4205,2145,58,1524,1220,703,905
mg,41998,33679,17465,1199,4704,9197,4249,7472
mg,42005,6072,3045,99,2314,1663,1073,1191
mg,42013,3914,1903,111,891,1558,573,759
mg,42021,6092,2913,154,833,2530,989,764
mg,42030,4216,2064,162,856,1736,614,921
mg,42048,3401,1581,106,1079,861,522,657
mg,42056,11047,5504,626,1345,4865,1258,2874
mg,42064,3233,1568,129,924,1105,567,527
mg,42072,3418,1569,63,1126,816,418,784
mg,42080,5047,2519,62,2393,1237,894,1252
mg,42099,17215,8519,844,3671,5699,2427,3680
mg,42102,4333,2134,68,1659,946,767,857
mg,42110,21379,10877,1028,3452,6713,2732,5126
mg,42129,3662,1760,129,908,847,511,685
mg,42137,10319,5255,349,1818,3734,1298,2672
mg,42145,3031,1540,81,1182,814,403,686
mg,42153,3394,1733,99,992,932,610,646
mg,42161,3871,1931,172,321,1513,492,941
mg,42170,12188,6260,694,1509,4664,1593,2828
mg,42188,4674,2257,252,1224,872,715,877
mg,42196,16623,8100,634,2039,7545,2154,3980
mg,42200,5968,2878,103,2441,1655,1021,1325
mg,42218,15209,7569,892,2618,5499,1823,3807
mg,42226,5984,2892,71,2210,1966,839,1186
mg,42234,40114,21104,1606,5809,15122,4852,10085
mg,42242,6235,3075,110,2782,1338,1098,1326
mg,42250,10112,5012,251,2042,3730,1253,2354
mg,42269,8025,3844,82,2487,2656,1341,1628
mg,42277,5769,2680,208,738,2214,915,924
mg,42285,5698,2806,52,2221,1715,884,1164
mg,42293,10448,5270,450,1811,3986,1495,2238
mg,42307,3903,1931,74,1490,878,738,640
mg,42315,20723,10316,702,6094,5962,2855,4457
mg,42323,4308,2122,86,1521,1181,679,951
mg,42331,4199,2029,92,986,1734,501,953
mg,42340,2509,1212,146,292,990,400,494
mg,42358,8927,4418,304,1710,3596,1177,1907
mg,42366,5402,2679,102,1813,1825,908,909
mg,42374,4711,2289,206,921,1907,581,1155
mg,42382,3900,1933,63,1678,877,615,786
mg,42390,12148,5899,498,2767,4633,1463,3135
mg,42404,8510,4360,75,3569,2261,1674,1666
mg,42412,4318,2079,77,1079,1650,662,770
mg,42420,3257,1635,56,800,1282,434,784
mg,42439,4347,2177,73,1005,1611,547,1052
mg,42447,2904,1359,216,730,845,371,563
mg,42455,27826,14609,1001,7561,8315,4927,4726
mg,42463,3213,1609,242,606,938,504,646
mg,42471,5841,2868,129,1329,2439,642,1635
mg,42480,4036,1970,90,1600,769,865,702
mg,42498,7912,4015,289,1390,2440,1153,1691
mg,42501,5629,2675,114,1010,2126,858,772
mg,42510,11311,5699,697,1650,3944,1630,2435
mg,42528,6754,3320,176,2535,1708,1328,1064
mg,42536,12395,6129,152,3785,3291,2143,2329
mg,42544,4946,2420,74,1818,1170,789,998
mg,42552,7465,3687,325,665,3221,870,1842
mg,42560,4718,2255,35,1465,1680,669,965
mg,42579,7812,3832,120,3315,1950,1226,1565
mg,42587,3872,1784,86,804,1433,450,883
mg,42595,14831,7522,140,6394,4047,2433,3450
mg,42617,3132,1517,54,660,1268,442,636
mg,42633,19984,10162,495,3398,7390,2854,4028
mg,42650,25175,13345,1657,3943,8737,2982,6428
mg,42676,61849,32709,3240,12841,18348,8017,14032
mg,42692,7924,3851,148,2170,2755,1233,1521
mg,42714,4963,2428,153,1347,1320,628,1192
mg,42730,16585,8362,548,4789,5399,2079,4354
mg,42757,2218,1125,54,489,899,309,484
mg,42773,9628,4793,381,1398,4441,1213,2070
mg,42790,10056,5027,412,1318,3848,1447,2212
mg,42811,9988,5036,532,1860,3335,1484,2008
mg,42838,17938,8946,569,3559,5454,2602,3652
mg,42854,22464,11504,1297,3543,8120,2945,5379
mg,42870,15667,7824,710,2010,5636,1865,3641
mg,42897,13235,6638,335,2192,5252,1743,2811
mg,42919,3296,1622,192,426,1208,403,802
mg,42935,3088,1509,372,286,1029,480,764
mg,42951,3982,1919,90,1094,1442,499,988
mg,42978,2518,1215,111,255,1036,330,556
mg,42994,3164,1483,95,548,1144,404,737
mg,43010,14276,7228,618,2830,5204,1764,3700
mg,43036,3592,1743,140,529,1495,508,741
mg,43052,54268,28597,2730,4772,18737,6433,13407
mg,43079,3776,1840,80,1021,1392,648,694
mg,43095,18200,9572,1288,2029,5634,2245,4554
mg,43117,1275,630,147,373,289,182,325
mg,43133,5919,3092,179,1990,1486,774,1448
mg,43150,7030,3529,186,1461,2472,919,1650
mg,43176,2649,1331,206,297,985,361,626
mg,43192,4959,2457,173,1348,1447,754,1069
mg,43214,9796,5122,152,4242,2445,1733,2010
mg,43230,2689,1362,216,377,898,369,629
mg,43257,5764,2794,83,1723,2202,864,1158
mg,43273,4626,2244,139,492,1741,614,1019
mg,43290,6961,3497,506,1467,1719,959,1425
mg,43311,20612,10490,682,1680,8394,2792,3974
mg,43338,6098,3030,370,1506,1885,845,1370
mg,43354,6958,3500,99,2309,2775,1038,1564
mg,43370,2569,1169,136,514,923,330,515
mg,43397,6862,3337,73,2781,2207,1071,1755
mg,43419,7951,3902,193,1188,3644,902,1926
mg,43435,2638,1228,85,638,921,327,597
mg,43451,19467,9623,724,3112,7173,3143,3308
mg,43478,3860,1920,46,948,1610,505,982
mg,43494,16343,8156,660,4700,4586,2579,3614
mg,43516,5066,2440,221,859,1913,584,1204
mg,43532,10452,5288,365,2150,4132,1444,2400
mg,43559,8173,4034,703,672,3123,1284,1587
mg,43575,8622,4267,234,1273,3372,1182,1899
mg,43591,40791,20909,1463,3554,15025,5948,7471
mg,43613,4151,2108,93,1463,1315,642,928
mg,43630,5309,2598,391,374,2166,767,1111
mg,43656,93099,49119,4370,5692,32778,12468,19788
mg,43672,17130,8925,734,5244,4088,2365,4262
mg,43699,1865,863,36,388,666,256,445
mg,43710,400069,218901,57803,15006,78298,63026,62010
mg,43737,7780,3882,218,1277,3087,998,1887
mg,43753,21332,10612,451,7579,4639,3130,4448
mg,43770,7178,3547,199,1380,2466,758,1844
mg,43796,2688,1321,229,354,910,363,621
mg,43818,19995,10213,572,3711,6230,2587,4949
mg,43834,9329,4498,163,2419,3403,1517,2267
mg,43850,23596,11801,897,2708,9673,3039,5535
mg,43877,81021,43021,3078,11937,22589,10605,17195
mg,43893,6998,3486,181,2444,1573,1108,1466
mg,43915,2667,1311,99,348,1169,326,617
mg,43931,2875,1425,106,212,1488,337,685
mg,43958,3006,1423,183,365,1271,309,886
mg,43974,3975,1890,216,1025,1126,435,1112
mg,43990,3133,1563,153,837,869,454,677
mg,44016,3856,1999,106,1045,1124,591,766
mg,44032,8264,4108,213,2388,2833,887,1936
mg,44059,5151,2553,88,1493,1400,1148,820
mg,44075,4352,2196,83,558,1901,611,952
mg,44091,8295,4051,326,1197,3343,1107,1895
mg,44113,5087,2416,149,1384,1753,610,1174
mg,44130,4063,1976,120,549,1664,633,758
mg,44156,12638,6399,449,2520,4740,1769,2896
mg,44172,58048,30635,4284,7962,15713,8397,11626
mg,44199,4771,2429,129,1162,1662,752,936
mg,44210,6811,3254,329,1156,2669,874,1566
mg,44237,6146,2971,224,1321,2269,743,1362
mg,44253,4500,2190,111,550,2136,530,1167
mg,44270,5915,2832,98,1205,2635,701,1428
mg,44296,3262,1585,88,1006,1123,448,722
mg,44318,36508,19292,3000,6951,9430,5317,7251
mg,44334,3616,1768,152,1199,932,604,799
mg,44350,7113,3579,99,673,3158,839,1877
mg,44377,4026,1970,232,629,1379,644,742
mg,44393,15672,7881,387,3742,6207,2392,3425
mg,44415,4722,2383,167,1042,1630,733,1074
mg,44431,6327,3187,147,1280,2750,1093,1220
mg,44458,163331,86652,22199,8391,41157,21101,31668
mg,44474,4931,2409,73,917,2056,699,1108
mg,44490,4777,2460,221,1213,1338,670,1188
mg,44512,3955,2007,157,1179,1119,573,927
mg,44539,4571,2384,153,837,1632,534,1230
mg,44555,2825,1356,67,700,832,373,636
mg,44571,5349,2679,116,732,2225,803,1054
mg,44598,7640,3911,150,1279,2889,1000,1659
mg,44610,5034,2434,111,1914,1288,722,1049
mg,44636,11487,6005,751,1459,3853,1375,3192
mg,44652,5063,2483,303,625,1950,785,1024
mg,44679,1910,913,73,230,775,268,380
mg,44695,1856,890,233,191,623,217,440
mg,44717,20074,10342,838,2853,8352,2845,4330
mg,44733,7739,4084,397,2150,2026,1318,1645
mg,44750,6210,3105,98,1650,1640,975,1184
mg,44776,12204,6143,383,1243,5454,1672,2595
mg,44792,16487,8214,518,2953,7235,2373,3316
mg,44814,47557,24269,2050,7159,16027,7816,8455
mg,44830,17036,8880,899,3651,6195,2466,3603
mg,44857,22209,11639,1195,7775,4405,3536,4595
mg,44873,4552,2128,115,797,1902,637,1017
mg,44890,8885,4286,171,1358,3951,946,2134
mg,44911,2584,1284,186,302,991,318,635
mg,44938,2959,1511,185,506,1156,359,809
mg,44954,5776,2746,191,1068,2029,810,1226
mg,44970,8645,4322,300,1423,3258,1103,2139
mg,44997,4013,1976,60,648,1598,564,782
mg,45012,30017,15209,1694,2856,9341,4547,5457
mg,45039,2882,1380,179,577,860,298,802
mg,45055,3090,1529,263,847,615,458,755
mg,45071,4890,2524,64,1664,1587,768,1067
mg,45098,2973,1512,95,930,779,398,594
mg,45110,5495,2721,99,2199,1546,851,1315
mg,45136,11897,5947,285,2995,4216,1576,2806
mg,45152,2841,1417,178,785,823,465,635
mg,45179,8781,4430,179,3193,2860,1209,2168
mg,45195,6224,3128,369,743,2235,835,1389
mg,45217,54620,28431,2994,6839,17614,6438,12741
mg,45233,5809,2754,133,1834,1672,958,1117
mg,45250,3423,1659,74,526,1421,442,792
mg,45276,2825,1345,116,434,924,329,623
mg,45292,7319,3548,108,2803,2184,1050,1777
mg,45314,4558,2198,109,1322,1372,728,913
mg,45330,19115,9545,444,5330,5588,3147,3863
mg,45357,5107,2539,87,2047,1378,842,1057
mg,45373,7002,3665,141,1641,2588,1093,1479
mg,45390,10029,4964,316,2148,3220,1324,1957
mg,45411,41407,21477,2378,6777,13130,5191,9145
mg,45438,4391,2120,165,858,1427,591,915
mg,45454,5403,2811,275,694,1749,860,1226
mg,45470,3942,1844,204,1094,1115,497,1058
mg,45497,4804,2402,97,1253,1718,867,950
mg,45519,10434,5336,230,2079,3971,1506,2243
mg,45535,205896,111859,10490,27511,60632,28353,43990
mg,45551,12084,5912,418,3558,3463,2104,2405
mg,45578,1609,751,65,215,600,203,382
mg,45594,25038,13148,1179,6231,6968,3983,5230
mg,45616,10709,5173,294,1697,4380,1375,2478
mg,45632,8341,4107,146,2393,3332,1037,2118
mg,45659,15296,7640,625,2717,5253,2096,3206
mg,45675,7164,3579,264,912,3130,942,1711
mg,45691,3547,1776,141,704,1243,420,844
mg,45713,5847,2802,164,978,2337,820,1127
mg,45730,38604,19977,2472,5066,12139,4790,8693
mg,45756,5993,3030,360,1239,1929,776,1412
mg,45772,6558,3215,150,1200,2266,928,1431
mg,45799,7086,3501,209,1969,2332,873,1892
mg,45810,5050,2329,149,1313,1967,482,1557
mg,45837,5163,2516,153,959,2130,685,1228
mg,45853,8468,4319,191,2473,2803,1254,2002
mg,45870,4778,2370,88,1212,1675,618,1008
mg,45896,17263,8611,675,2189,6816,2291,3720
mg,45918,6447,3190,147,2199,1925,1003,1306
mg,45934,9042,4495,348,1639,3095,1331,1866
mg,45950,115497,60025,2266,12673,41466,19706,16759
mg,45977,3208,1566,236,427,1257,487,761
mg,45993,2535,1257,116,435,845,378,564
mg,46019,29134,14953,1104,4801,9561,4699,5017
mg,46035,7427,3662,98,661,4016,1045,1303
mg,46051,6626,3329,458,499,2919,789,1525
mg,46078,5195,2616,141,568,2179,691,1032
mg,46094,9654,4751,232,1674,3998,1324,2124
mg,46116,6391,3065,212,1116,2430,869,1368
mg,46132,4650,2228,113,846,1826,606,876
mg,46159,2955,1444,99,319,1252,400,626
mg,46175,19813,9995,799,5598,5978,2633,4664
mg,46191,5353,2612,152,1220,1651,633,1108
mg,46213,6042,3029,116,1272,2270,813,1354
mg,46230,15101,7924,392,3214,5601,1988,3736
mg,46256,183677,96877,9756,20888,48495,24482,37281
mg,46272,3446,1671,121,682,1230,442,824
mg,46299,7748,3808,206,1590,3392,892,1719
mg,46310,5643,2744,466,1230,1531,920,1020
mg,46337,90150,47555,4113,8937,31428,11817,17798
mg,46353,8645,4466,160,2749,2304,1299,1921
mg,46370,40716,20902,2432,3103,13528,5761,7862
mg,46396,4889,2341,147,1637,1143,781,976
mg,46418,13607,6869,327,3657,4362,2471,2568
mg,46434,10416,5153,847,1385,3896,1431,2039
mg,46450,8837,4513,127,3505,2424,1718,1547
mg,46477,72708,37904,6190,5789,19880,10137,15555
mg,46493,24783,12742,650,7435,6978,4407,4584
mg,46515,3685,1794,87,398,1670,431,892
mg,46531,18269,9657,820,6758,4406,2659,4442
mg,46558,2552,1208,66,551,1026,312,574
mg,46574,9440,4635,389,2398,2912,1247,2244
mg,46590,11514,5781,536,1215,4957,1575,2442
mg,46612,12242,6369,574,1034,4411,1536,2664
mg,46639,10028,5211,355,2468,3468,1425,2352
mg,46655,16540,8456,327,6083,4332,2394,4088
mg,46671,10273,5109,668,1653,3296,1338,2374
mg,46698,17681,8966,712,3728,4893,2255,4481
mg,46710,7313,3660,472,1234,2124,1005,1611
mg,46736,9598,4696,269,1602,3763,1439,1925
mg,46752,69448,36023,4182,5414,24186,9396,14354
mg,46779,5711,2806,69,1351,2554,807,1215
mg,46795,11203,5511,252,4507,2958,1788,2673
mg,46817,4693,2369,283,820,1801,631,1089
mg,46833,77181,40637,4771,10995,24834,9711,18798
mg,46850,5955,2974,264,1067,1708,768,1339
mg,46876,29461,14881,1847,5186,8719,4453,5360
mg,46892,3739,1774,160,587,1311,462,838
mg,46914,14267,7118,431,2437,5771,1991,3189
mg,46930,8974,4426,213,3258,2458,1202,2230
mg,46957,6500,3166,218,1125,2800,874,1638
mg,46973,18094,9214,744,3149,6070,2384,3766
mg,46990,3126,1581,99,335,1309,378,643
mg,47015,51820,26993,3341,11495,12730,8392,9155
mg,47031,49524,25492,2429,11604,13134,7833,10983
mg,47058,3348,1716,98,576,1087,475,606
mg,47074,5809,2806,135,911,2506,756,1310
mg,47090,10293,5166,343,3016,3719,1426,2503
mg,47112,6641,3279,117,2350,1903,825,1462
mg,47139,5646,2668,150,1391,1913,647,1322
mg,47155,17862,9067,489,6370,5097,2473,4616
mg,47171,4216,2062,98,706,1603,499,1001
mg,47198,10867,5552,202,4440,3206,1434,2694
mg,47210,4949,2431,88,1420,1890,702,1268
mg,47236,59679,31851,2285,8677,16112,7886,13468
mg,47252,37008,18466,1142,9524,9704,5652,6894
mg,47279,3359,1656,268,783,876,528,757
mg,47295,7923,3925,154,2907,2254,1118,1985
mg,47317,5439,2702,121,1021,2114,647,1297
mg,47333,397841,216255,34923,26980,114079,46797,97768
mg,47350,4280,2102,288,920,902,664,786
mg,47376,8078,3975,215,1180,3502,1161,1610
mg,47392,12129,6129,162,5841,2941,1908,2627
mg,47414,6465,3096,186,1279,2060,780,1631
mg,47430,35210,18522,1194,4025,12733,4812,6760
mg,47457,3879,1895,51,1364,979,624,738
mg,47473,9758,4719,239,1727,4179,1350,2027
mg,47490,14011,7049,279,2417,5810,1666,3374
mg,47511,44906,23425,4244,3937,12002,6666,8703
mg,47538,16087,8209,500,4789,4509,2486,3176
mg,47554,16602,8417,785,2457,5571,2172,4020
mg,47570,3395,1672,80,570,1552,480,778
mg,47597,5612,2838,179,1471,1577,603,1519
mg,47619,5745,2799,113,1471,1893,864,1204
mg,47635,72499,38278,5800,4356,24092,9649,15578
mg,47651,3203,1564,78,647,1205,409,728
mg,47678,40840,21585,2076,5301,14370,4981,10124
mg,47694,4363,2126,132,1128,1642,534,1062
mg,47716,14180,7088,497,1918,5835,1820,3439
mg,47732,4394,2184,129,578,1978,595,1036
mg,47759,14775,7486,1184,1635,5336,1841,3531
mg,47775,5801,2799,175,1777,1636,886,1313
mg,47791,29849,15271,1446,4885,10143,4157,6314
mg,47813,4144,2094,303,390,1371,576,908
mg,47830,15592,8095,342,6073,3883,2425,4029
mg,47856,16131,8189,454,4578,5080,3004,3199
mg,47872,58088,30179,2276,12539,18422,8297,11552
mg,47899,16906,8798,721,3095,6015,2390,3918
mg,47910,20087,10694,1375,5445,4733,2645,4677
mg,47937,6140,3084,88,887,2789,907,1144
mg,47953,9707,5153,754,1105,3153,1319,2272
mg,47970,12321,6063,293,1632,5108,1658,2605
mg,47996,48022,24989,2078,7064,15608,7740,8299
mg,48011,4009,2070,72,788,1607,665,819
mg,48038,2981,1460,111,704,977,346,735
mg,48054,4186,2094,156,463,1564,574,932
mg,48070,2806,1357,147,182,1290,397,514
mg,48097,11365,5595,643,1626,4647,1523,2688
mg,48119,4365,2146,99,1104,1735,654,1011
mg,48135,25039,12721,1012,3596,8211,3899,4782
mg,48151,11794,6015,558,986,4595,1609,2690
mg,48178,15075,7663,328,5697,3871,2612,2694
mg,48194,10451,5365,241,3882,2388,1439,2253
mg,48216,29412,15245,1329,4009,8304,4253,5332
mg,48232,3440,1744,149,1101,849,403,994
mg,48259,3059,1445,110,447,1237,398,687
mg,48275,16282,8278,487,5856,4515,2708,3814
mg,48291,5298,2666,120,1959,1481,750,1256
mg,48313,8594,4371,253,1466,3237,1173,2097
mg,48330,5501,2741,153,1407,1824,792,1286
mg,48356,22541,11568,506,8282,5542,3863,4310
mg,48372,3322,1658,108,424,1367,432,760
mg,48399,10978,5475,204,3322,3023,1561,2424
mg,48410,7825,3906,583,2608,1706,1119,1651
mg,48437,10593,5356,449,1479,4071,1374,2485
mg,48453,5347,2623,236,566,2442,654,1341
mg,48470,6461,3292,290,976,2349,732,1473
mg,48496,2321,1106,70,610,690,325,514
mg,48518,6696,3236,235,978,2447,855,1368
mg,48534,12890,6529,255,4355,3779,2135,3107
mg,48550,15448,7743,450,2745,6392,2008,3837
mg,48577,17747,9207,540,5645,4355,2388,4250
mg,48593,10951,5361,568,2298,3767,1501,2600
mg,48615,36020,18325,1597,6309,13058,4864,7120
mg,48631,17310,8705,878,1996,7017,2194,4295
mg,48658,269226,144349,18143,39285,55172,40854,47345
mg,48674,17869,9111,613,2677,6529,2135,3774
mg,48690,7424,3601,245,1038,3264,1079,1516
mg,48712,2650,1294,218,443,914,388,509
mg,48739,3377,1678,112,915,1183,470,791
mg,48755,6020,2802,111,1679,2194,844,1397
mg,48771,77325,41216,3539,18524,18414,9271,18208
mg,48798,21210,10771,696,8028,4657,2896,4855
mg,48810,17885,9018,1399,1762,6360,2207,4285
mg,48836,3033,1488,49,798,1149,500,681
mg,48852,30511,16160,1202,6483,9264,3821,7758
mg,48879,4197,2038,240,473,1696,475,1101
mg,48895,6324,3150,148,803,2464,809,1481
mg,48917,20760,10505,805,3214,8543,2715,4769
mg,48933,15165,7934,567,1752,5435,1922,3227
mg,48950,69598,36556,7797,4743,22368,8917,14424
mg,48976,3440,1727,169,1165,651,600,733
mg,48992,11420,5559,399,1804,4221,1822,1646
mg,49018,12535,6081,391,2132,5438,1783,2533
mg,49034,54050,27605,1277,5724,19729,8859,5617
mg,49050,24572,12515,778,9975,5505,4282,5185
mg,49077,2154,995,49,475,927,268,525
mg,49093,2543,1258,76,261,1179,396,528
mg,49115,32885,17011,1479,4613,11946,4479,7374
mg,49131,2143,1034,38,579,714,265,493
mg,49158,3194,1522,115,558,1201,451,671
mg,49174,29959,15199,1748,1986,9941,4259,5328
mg,49190,25086,12722,1506,4024,7946,3067,6123
mg,49212,60957,31243,3350,3741,22759,8300,12377
mg,49239,6467,3191,97,2404,1797,1165,1361
mg,49255,13903,7136,204,6330,3245,1832,3446
mg,49271,4187,2099,151,1067,1596,503,1136
mg,49298,6775,3444,248,965,2686,790,1566
mg,49310,1686,852,52,502,357,227,401
mg,49336,5384,2705,210,456,2205,690,1401
mg,49352,4186,1997,92,1653,1028,708,921
mg,49379,11353,5739,203,3281,3613,1726,1989
mg,49395,64469,32794,3651,8781,18745,10229,10453
mg,49417,62901,32943,5328,3376,21222,8736,11596
mg,49433,16935,8539,753,3150,5550,2178,4036
mg,49450,16518,8296,626,3129,5126,2282,3780
mg,49476,19424,10065,904,2402,6439,2860,3423
mg,49492,1733,866,128,274,627,235,451
mg,49514,13271,6680,564,2170,4196,1730,2870
mg,49530,7566,3754,563,1297,2788,907,1927
mg,49557,2095,1000,95,344,981,266,482
mg,49573,79983,41937,5600,9403,25875,9768,17786
mg,49590,110852,58153,6321,13261,33002,14762,23651
mg,49611,64198,32578,3172,7927,21602,9432,12248
mg,49638,5288,2616,191,1101,1572,659,1314
mg,49654,7696,3825,192,1837,2967,991,1798
mg,49670,4189,2144,94,1307,1320,683,983
mg,49697,5934,2968,124,2261,1679,806,1527
mg,49719,13396,6926,308,3863,4299,2067,3006
mg,49735,18868,9866,559,6117,4832,2845,4207
mg,49751,3593,1802,78,431,1932,500,903
mg,49778,3505,1692,219,461,1288,416,839
mg,49794,2708,1317,46,676,904,453,480
mg,49816,9647,4750,312,1482,3782,1428,2134
mg,49832,3152,1553,136,600,998,460,683
mg,49859,47323,24715,2757,5198,13547,6320,9838
mg,49875,2116,1012,43,436,837,294,406
mg,49891,3179,1618,152,325,1197,418,738
mg,49913,3613,1833,154,390,1459,430,915
mg,49930,7869,3919,229,1067,3112,1133,1447
mg,49956,12526,5955,472,2332,3944,2158,2103
mg,49972,17092,8764,1112,1538,6156,2283,4028
mg,49999,3508,1725,95,1124,909,589,716
mg,50016,2779,1287,181,284,1157,309,701
mg,50032,3843,1959,85,870,1520,603,745
mg,50059,4015,2020,68,478,1915,420,1162
mg,50075,4693,2220,173,994,1917,593,1108
mg,50091,6958,3410,161,1217,3000,847,1496
mg,50113,5922,2922,146,1445,2166,736,1361
mg,50130,4101,1957,145,731,1390,603,714
mg,50156,13635,6630,198,4515,4160,1924,3168
mg,50172,4774,2319,161,761,1920,593,1151
mg,50199,6944,3401,215,942,2738,913,1570
mg,50210,9672,4972,513,1513,3283,1337,2032
mg,50237,40723,21497,2162,6099,11117,6051,7661
mg,50253,9528,4810,280,2088,3614,1143,2382
mg,50270,20886,10686,1221,2391,7337,3065,4194
mg,50296,25519,13349,1196,2932,9192,3119,6057
mg,50318,8192,3900,232,1512,2731,1003,1619
mg,50334,12824,6359,582,1036,6907,1433,3341
mg,50350,118425,63043,11271,6951,33634,14542,27686
mg,50377,7506,3795,96,1994,2915,922,2073
mg,50393,23674,12148,1053,5482,7201,3525,4680
mg,50415,43634,23450,4119,5248,12682,5591,9828
mg,50431,31305,16019,592,11249,7169,4514,6643
mg,50458,8919,4510,150,2772,2930,1345,1954
mg,50474,12405,6368,221,4157,3913,1806,2986
mg,50490,102711,53494,8413,7760,29633,14179,20452
mg,50512,5614,2781,168,771,2586,701,1349
mg,50539,6941,3490,238,1017,2702,881,1521
mg,50555,21402,10434,800,3782,7284,3026,4233
mg,50571,7555,3784,241,1188,2741,937,2033
mg,50598,2870,1387,75,318,1393,358,690
mg,50610,5472,2639,95,1912,1448,830,1248
mg,50636,4206,1997,66,1312,1285,556,974
mg,50652,2718,1326,64,737,820,477,500
mg,50679,16539,8059,522,4657,4411,2198,3816
mg,50695,6927,3457,203,1918,2175,866,1643
mg,50717,7587,3945,508,649,2101,1162,1262
mg,50733,3306,1651,141,785,1083,469,803
mg,50750,2425,1193,101,234,1102,280,609
mg,50776,12753,6636,232,1392,4166,1752,2367
mg,50792,17958,9265,310,4465,6563,2249,4700
mg,50814,7737,4053,242,1189,3043,893,2241
mg,50830,9172,4729,489,618,3966,1249,2141
mg,50857,13267,6965,458,2844,4515,1749,3436
mg,50873,4130,2087,113,594,1666,586,862
mg,50890,7587,3748,90,2873,1995,1353,1504
mg,50911,202801,106692,3168,30287,66515,36004,30918
mg,50938,3254,1675,159,286,1131,357,837
mg,50954,8156,4186,367,928,3425,1122,1535
mg,50970,11565,5968,521,2299,3660,1518,2672
mg,50997,2330,1154,94,376,934,337,525
mg,51012,4285,2083,120,1731,1076,723,965
mg,51039,5318,2630,117,1319,1945,830,1260
mg,51055,4583,2201,139,873,1996,564,1123
mg,51071,7274,3647,342,650,2613,946,1692
mg,51098,10326,5084,395,1244,4714,1413,2065
mg,51110,21374,10714,701,8676,4162,4017,3911
mg,51136,12557,6391,292,1641,5581,1563,2878
mg,51152,14203,7275,683,1594,4628,1804,3524
mg,51179,5206,2630,430,1290,1309,630,1269
mg,51195,11115,5610,360,3186,3949,1862,2625
mg,51217,4539,2308,155,513,1871,583,1147
mg,51233,2354,1165,88,386,933,328,510
mg,51250,6392,3188,140,704,2986,933,1092
mg,51276,2970,1417,256,412,853,403,608
mg,51292,7582,3633,180,3205,1861,1195,1989
mg,51314,6533,3303,149,2564,1801,737,1711
mg,51330,92227,48559,2636,7835,30760,13502,17347
mg,51357,12724,6525,725,2996,4067,1885,2930
mg,51373,19443,9782,959,2714,7018,2533,4396
mg,51390,31724,16335,1230,9198,8208,4812,7090
mg,51411,4829,2414,144,1726,1401,671,1092
mg,51438,23164,11996,722,4002,6918,3208,4238
mg,51454,4306,2097,77,1098,1623,621,907
mg,51470,4830,2389,114,1725,1453,643,1242
mg,51497,4120,2085,169,879,1514,751,768
mg,51519,3390,1571,64,1053,1060,582,669
mg,51535,9109,4458,274,1411,3482,1345,1486
mg,51551,159377,84267,4334,22190,50058,24909,27282
mg,51578,12441,6142,219,5298,3079,2021,2341
mg,51594,8776,4445,182,2048,3255,1293,1913
mg,51616,4367,2108,65,1678,1275,549,1070
mg,51632,12571,6436,444,4377,3282,2001,2905
mg,51659,5907,2938,190,646,2491,790,1190
mg,51675,3068,1534,266,250,1117,390,750
mg,51691,7395,3517,94,1808,3057,872,1836
mg,51713,3359,1631,93,391,1718,475,747
mg,51730,2182,1038,51,758,604,298,465
mg,51756,3956,1998,108,835,1544,525,897
mg,51772,7090,3498,101,2910,1826,944,1689
mg,51799,5035,2404,229,838,2019,579,1085
mg,51810,3789,1848,73,826,1563,547,824
mg,51837,7169,3569,295,1142,2883,748,2061
mg,51853,4147,2061,406,578,1422,472,1120
mg,51870,3261,1578,50,1063,1011,463,754
mg,51896,4896,2434,176,890,2069,778,1107
mg,51918,29994,15434,1918,4255,9922,4252,5978
mg,51934,3306,1554,102,873,981,505,654
mg,51950,16990,8279,623,3054,6179,2356,3598
mg,51977,13587,6895,366,2822,4819,1759,2964
mg,51993,3577,1717,140,612,1497,491,871
mg,52019,3967,1982,107,790,1595,568,844
mg,52035,3846,1877,53,1563,1238,675,798
mg,52051,9148,4543,106,4133,2425,1283,2240
mg,52078,19724,10147,957,1640,8123,2672,4136
mg,52094,2038,1013,149,254,666,289,402
mg,52116,2854,1431,134,540,1004,450,639
mg,52132,39141,20485,1137,4833,12599,5002,9061
mg,52159,3957,1945,195,537,1563,678,655
mg,52175,3453,1746,140,181,1655,447,772
mg,52191,13958,7122,325,1086,6207,1750,3535
mg,52213,40595,20583,1471,11647,10956,7721,8129
mg,52230,5861,2895,109,1516,2070,766,1286
mg,52256,4703,2260,183,811,1913,606,907
mg,52272,4265,2052,122,1022,1578,625,958
mg,52299,6659,3386,160,1889,2325,795,1636
mg,52310,3928,1983,62,1002,1462,666,799
mg,52337,4866,2351,146,1073,1593,678,1020
mg,52353,8262,4169,178,1251,3142,962,1971
mg,52370,10561,5295,429,1469,4036,1497,1858
mg,52396,18871,9612,940,4239,5267,2541,4292
mg,52418,26244,13305,1357,5339,7835,3956,4932
mg,52434,6112,3045,252,1115,2022,766,1376
mg,52450,3127,1488,127,504,1283,400,692
mg,52477,22613,10978,468,8870,6868,3554,5066
mg,52493,67429,35821,7506,3687,18803,8430,15143
mg,52515,7085,3604,174,1956,2351,1101,1518
mg,52531,17022,8687,251,7922,3824,2536,3685
mg,52558,12567,6554,464,2622,4446,2266,2642
mg,52574,20446,10784,859,1509,8703,2378,5076
mg,52590,3988,1939,71,1565,1163,668,725
mg,52612,3570,1728,87,544,1480,445,721
mg,52639,3731,1864,99,660,1226,523,887
mg,52655,3310,1708,80,1131,818,527,670
mg,52671,4715,2418,107,497,1964,568,1099
mg,52698,5111,2515,82,1434,1946,815,1103
mg,52710,2810,1381,54,770,836,492,520
mg,52736,33710,18196,3310,2067,10536,4191,8253
mg,52752,6007,3002,168,1470,2272,792,1384
mg,52779,4281,2056,116,808,1835,440,1178
mg,52795,6739,3429,208,1203,2460,901,1630
mg,52817,4583,2326,98,1262,1666,710,1085
mg,52833,6901,3420,160,1645,2407,1345,1305
mg,52850,5699,2770,228,1631,1747,736,1412
mg,52876,5298,2472,137,1089,1851,775,1050
mg,52892,8836,4291,139,3705,2185,1463,2185
mg,52914,6948,3240,173,1743,2108,964,1433
mg,52930,50334,26300,2508,7054,16799,6614,11687
mg,52957,1597,809,47,437,535,209,393
mg,52973,1977,988,74,430,608,231,487
mg,52990,8867,4488,273,1680,3096,1118,2124
mg,53015,5904,2937,141,1383,1843,712,1522
mg,53031,4459,2132,308,1148,1237,640,791
mg,53058,5756,2966,292,447,2332,829,1238
mg,53074,5402,2633,154,1432,1721,843,1198
mg,53090,4832,2414,84,772,2063,927,867
mg,53112,2388,1201,191,576,620,359,507
mg,53139,6563,3326,543,534,2366,889,1473
mg,53155,2168,1021,186,459,597,264,555
mg,53171,4546,2178,81,1402,1413,700,889
mg,53198,5473,2736,402,1489,1494,893,1124
mg,53210,3246,1610,97,960,1280,458,765
mg,53236,7939,3962,157,2296,2523,1111,1734
mg,53252,6571,3170,116,2613,1910,1096,1144
mg,53279,1797,886,217,166,630,263,382
mg,53295,3684,1826,22,1578,1022,626,726
mg,53317,941,441,74,198,303,111,235
mg,53333,5591,2860,139,1566,1587,736,1288
mg,53350,8675,4156,203,1590,3495,1355,1481
mg,53376,6560,3259,162,967,2452,909,1435
mg,53392,1970,993,176,280,819,299,383
mg,53414,16991,8522,505,5984,4251,2986,3476
mg,53430,163539,86663,8898,16871,48478,21646,31437
mg,53457,2653,1231,101,389,958,384,551
mg,53473,4905,2359,348,953,1537,600,1310
mg,53490,2747,1374,221,315,1152,324,672
mg,53511,14942,7310,288,5077,4834,1933,3078
mg,53538,4516,2308,249,1209,1390,668,1101
mg,53554,5018,2494,225,895,1739,584,1236
mg,53570,4360,2125,103,493,1756,574,1067
mg,53597,25562,13408,976,8580,6039,3925,5218
mg,53619,4232,1989,381,807,1041,583,768
mg,53635,1685,792,132,295,655,204,444
mg,53651,4353,2021,110,743,1737,469,1023
mg,53678,10575,5374,627,3089,2657,1502,2730
mg,53694,10280,5308,301,955,4822,1335,2489
mg,53716,104153,56172,5636,21944,30775,13672,23676
mg,53732,61309,32343,3435,5520,16103,7877,12673
mg,53759,6377,3270,534,976,2038,804,1238
mg,53775,6009,2952,211,1485,1977,760,1584
mg,53791,13283,6753,401,2866,4332,1636,3186
mg,53813,5771,2757,131,1715,1714,781,1387
mg,53830,7149,3641,309,1552,2256,768,2072
mg,53856,56068,28808,2838,7721,18318,7879,11450
mg,53872,44070,22673,2191,5464,15753,6171,9226
mg,53899,5414,2711,93,1655,1851,840,1167
mg,53910,19821,10093,931,3442,7209,2495,4951
mg,53937,15100,7567,338,4369,4267,2527,2679
mg,53953,4094,1989,104,788,1661,594,888
mg,53970,70582,37204,3325,8525,24572,8939,15274
mg,53996,9062,4464,131,2700,3140,1689,1685
mg,54011,217575,118396,40701,9435,49198,29477,45373
mg,54038,465767,250865,89021,17091,97000,67145,83153
mg,54054,2597,1239,76,684,705,413,510
mg,54070,61085,30965,2587,11732,17597,8908,11248
mg,54097,8615,4377,153,1715,3646,1207,1734
mg,54119,2321,1078,90,527,726,256,550
mg,54135,98704,51316,8540,10489,24908,12409,19961
mg,54151,26880,13559,902,6726,7651,3839,4799
mg,54178,15772,7804,256,5644,5032,2709,3353
mg,54194,16389,8195,611,1665,6370,2175,3010
mg,54216,2882,1378,139,431,966,360,624
mg,54232,2768,1297,103,404,1084,376,647
mg,54259,81120,42841,2599,8886,26513,13925,11950
mg,54275,57142,30317,4890,6389,18497,7506,12240
mg,54291,3429,1667,220,598,1061,511,759
mg,54313,3000,1519,48,772,1084,529,534
mg,54330,10160,5343,291,4156,1930,1359,2552
mg,54356,7323,3622,132,2008,2416,903,1781
mg,54372,8809,4497,302,1349,3494,1419,1858
mg,54399,4276,2184,90,1257,1469,633,1013
mg,54410,30106,15707,1319,4981,11952,3794,6526
mg,54437,4585,2308,211,667,1826,613,1102
mg,54453,12556,6361,384,1294,4329,1579,2932
ms,55000,15013,7392,667,2101,5957,2244,1886
ms,55018,3502,1661,285,733,1239,503,613
ms,55026,4721,2350,169,1123,1807,686,866
ms,55034,5600,2848,97,2280,1924,1175,975
ms,55042,3897,1904,153,1071,1267,605,704
ms,55050,3734,1741,190,693,1472,514,599
ms,55069,2342,1089,105,502,900,274,460
ms,90034,11616,5564,589,1763,4372,2056,1418
ms,90115,25222,13300,1296,6908,7796,4041,4811
ms,90131,18198,9275,729,3889,7207,2671,3753
ms,90158,6280,3061,409,967,2790,962,1248
ms,90174,6787,3520,189,1881,2411,1049,1322
ms,90190,18314,9403,1256,2640,6646,2875,3646
ms,90212,33863,17315,2129,5256,12775,5084,7686
ms,90298,5856,2818,480,962,2001,892,1222
ms,90379,17767,8941,1226,2367,5831,2773,2849
ms,90395,8544,4332,219,1712,3511,1283,1680
ms,90417,16287,8130,728,2895,5672,2722,3414
ms,90433,16684,8518,1720,2036,5816,2610,2774
ms,90450,9714,4774,554,1804,3486,1479,1714
ms,90492,11215,5466,1030,1881,3500,1663,2305
ms,90514,591374,320987,126415,24162,110883,93041,93541
ms,90530,4527,2185,105,987,1940,768,865
ms,90557,20409,10433,1105,2717,7675,3606,3233
ms,90573,16471,8428,1304,3181,5423,2085,4276
ms,90611,3662,1734,157,734,1435,484,854
ms,90638,69302,35804,3950,7258,24178,10964,12896
ms,90654,25232,12767,1551,5013,9013,3483,5029
ms,90735,156373,83169,13097,18291,48135,23929,27524
ms,90751,16269,8580,1542,2092,5359,2331,3654
ms,90794,7652,3963,492,1443,1946,1099,1735
ms,90816,7521,3847,250,1742,2851,1063,1754
ms,90859,10536,5374,377,2687,3863,1634,2015
ms,90875,6505,3085,411,1344,2511,985,1251
ms,90891,13321,6734,470,2711,4306,1806,2884
ms,90930,19044,9627,1473,2971,6024,2936,3512
ms,90972,4804,2271,382,691,1747,572,1203
ms,90999,18227,9429,1000,2902,6705,2607,3822
ms,91014,3827,1891,439,546,1238,576,651
ms,91030,13404,6777,642,1235,4706,2282,2036
ms,91073,27441,13816,1213,4268,10048,4477,4213
ms,91111,19171,9585,713,4471,7453,3156,3405
ms,91138,36133,18757,2331,6735,12024,5361,5693
ms,91154,10469,5025,485,2168,4026,1674,2004
ms,91235,33942,17522,1748,6434,11063,4795,6020
ms,91251,30760,15913,2073,6347,9629,4145,7149
ms,91278,5988,2904,204,1780,2133,809,1394
ms,91316,63352,33606,5192,9873,19634,10412,11523
ms,91375,8322,3985,336,1561,3036,1578,1352
ms,91413,14335,7037,911,1960,5427,2489,1984
ms,91430,25126,12604,1117,3444,9992,4032,3504
ms,91456,3925,1906,227,750,1421,482,959
ms,91472,14170,7191,915,2710,5486,1902,2994
ms,91499,4039,1972,151,702,1593,573,799
ms,91570,30804,15551,2017,4316,10064,5219,4944
ms,91596,12638,6143,516,2469,4519,1798,2569
ms,91650,77800,40775,6940,6368,25160,11300,14014
ms,91693,8276,4075,352,1069,2986,1303,1363
ms,91715,6675,3399,177,1901,2452,1165,1142
ms,91731,8894,4691,270,2089,3326,1387,1652
ms,91758,10216,5208,593,1711,3084,1669,1953
ms,91782,17319,8513,2031,1745,4534,2834,1789
ms,91790,13917,7518,705,2939,4938,2088,2835
ms,91804,7982,3900,257,2497,2663,1265,1652
ms,91820,5180,2596,136,1262,2075,926,947
ms,91847,7963,4201,182,3345,2513,1542,1448
ms,91863,4658,2231,178,1292,1464,714,875
ms,91880,11071,5370,438,2068,3665,1938,1278
ms,91901,5435,2717,406,969,1698,806,1180
ms,98019,6618,3235,312,1686,2389,999,1254
ms,98035,20380,9941,1339,3030,6551,3533,2732
ms,98051,4177,2109,129,923,1476,672,793
ms,98078,13793,6764,464,2739,6595,2094,2564
ms,98094,19657,10068,1443,2546,6957,2889,2991
ms,98116,6054,3010,174,746,2786,948,1094
ms,98132,7050,3704,227,2258,2530,967,1667
ms,98159,7096,3583,213,2237,2614,1249,1184
ms,98175,3198,1588,93,853,1237,480,595
ms,98590,10342,5633,168,3854,3365,1965,1910
mt,89788,17207,8145,379,4697,5715,2853,2108
mt,89796,23244,11717,1026,4220,8073,3476,4290
mt,89800,3923,1918,78,1286,988,519,773
mt,89818,3299,1562,185,807,962,523,705
mt,89826,2582,1267,172,429,853,429,438
mt,89834,14827,7003,555,3072,5125,2507,2278
mt,89843,2423,1155,107,472,836,384,317
mt,89850,86946,45579,13757,5722,19349,16066,9894
mt,89877,38667,19307,2121,7687,10699,6180,6282
mt,89893,11916,6071,431,2757,2919,1823,1913
mt,89915,8059,4046,197,2643,2221,1213,1855
mt,89931,14335,7306,369,4582,3196,1948,3187
mt,89958,4031,2037,87,1031,1287,594,810
mt,89960,2465,1143,66,599,941,387,430
mt,89974,2973,1482,49,981,781,471,604
mt,89990,29437,15117,2245,4382,8023,4723,4194
mt,90018,5986,2823,343,1308,1279,881,1136
mt,90026,2921,1341,108,796,913,323,800
mt,90042,3605,1661,92,868,1050,654,700
mt,90050,12160,6198,1398,1268,3785,1730,2184
mt,90069,12073,5681,853,1400,3878,2061,1301
mt,90077,7323,3552,295,1505,2561,995,1440
mt,90085,3791,1684,114,1087,1266,603,764
mt,90093,6242,2904,206,1342,2074,978,1295
mt,90107,3398,1605,115,879,946,596,489
mt,90123,4083,1887,130,830,1573,709,505
mt,90140,3800,1813,89,1162,1182,606,830
mt,90166,2634,1245,89,509,812,423,407
mt,90182,3212,1495,85,1064,929,481,693
mt,90204,2603,1284,69,884,690,356,564
mt,90220,6864,3174,210,1313,2193,1203,956
mt,90239,948,440,111,149,227,139,203
mt,90247,4343,1969,132,1295,1562,717,649
mt,90255,7803,3912,357,1620,2227,1148,1623
mt,90263,5262,2345,139,1609,1656,819,828
mt,90271,12407,5852,368,2028,4955,1962,1714
mt,90280,18703,8982,746,3947,6264,3324,2829
mt,90301,4664,2161,67,1569,1384,736,816
mt,90310,5297,2483,442,1143,1361,774,1017
mt,90328,2404,1110,80,517,758,368,426
mt,90336,23247,11208,906,6500,5955,3862,3724
mt,90344,2495,1180,188,413,791,409,444
mt,90352,43161,22596,3493,5148,11578,6372,8268
mt,90360,5714,2664,195,1176,1972,915,1017
mt,90387,9003,3985,200,1838,3616,1410,1547
mt,90409,3414,1670,58,832,1138,538,557
mt,90425,8305,3858,177,1747,3668,1224,1223
mt,90441,1936,949,228,399,425,313,345
mt,90468,11480,5382,416,1869,4005,2259,1674
mt,90476,61684,31897,4912,11623,15016,9053,11860
mt,90484,22019,10668,1387,2019,6922,3894,1935
mt,90506,28928,14531,2462,2759,7699,4884,3391
mt,90522,7755,3726,258,1389,2969,1280,1318
mt,90549,5790,2794,125,1238,2125,872,1033
mt,90565,6377,3004,343,1336,1621,1230,1122
mt,90581,6062,2893,154,1368,2316,870,910
mt,90590,15364,7638,1690,2127,3804,2246,3077
mt,90603,42603,21369,4662,1880,10465,6995,3312
mt,90620,11482,5658,428,1826,4025,1938,1731
mt,90646,26941,13434,3405,1151,6303,4667,2126
mt,90662,6658,3192,234,1489,2315,994,1114
mt,90670,440338,233826,89332,28927,75168,63233,72419
mt,90689,7926,3730,443,786,2810,1346,848
mt,90697,15578,7631,1132,1786,4705,2572,2394
mt,90700,5002,2512,402,546,1281,800,769
mt,90719,6454,3209,241,1127,2214,853,1438
mt,90727,14773,7008,965,1225,4622,2665,1008
mt,90743,4291,2059,482,322,1139,694,348
mt,90760,7401,3578,150,2247,2402,1138,1563
mt,90778,3919,1835,163,805,1360,643,721
mt,90786,6100,2874,178,1070,2744,1080,765
mt,90808,5064,2240,138,1344,1764,757,935
mt,90824,4928,2338,214,1413,1486,844,699
mt,90832,8416,4206,290,1714,2923,1124,2255
mt,90840,2541,1141,61,467,940,439,337
mt,90867,4478,2108,117,1098,1577,668,702
mt,90883,6370,2862,248,777,2508,979,826
mt,90905,4633,2148,138,826,1656,774,722
mt,90913,8657,4121,343,1331,3215,1390,1238
mt,90921,1379,608,70,237,438,214,211
mt,90948,1701,746,55,439,577,258,341
mt,90956,19246,9907,2001,2168,5117,3061,3241
mt,90964,2392,1129,88,606,903,401,391
mt,90980,1571,676,74,325,614,224,253
mt,91006,2851,1410,99,635,896,457,471
mt,91022,2592,1219,118,581,839,370,484
mt,91049,2036,933,126,239,669,303,264
mt,91057,1946,910,129,387,518,361,341
mt,91081,3997,1893,227,428,1358,630,448
mt,91090,9996,4777,231,2567,3614,1600,1751
mt,91103,4421,1996,214,680,1552,714,654
mt,91170,11003,5376,776,1735,2872,1744,2049
mt,91197,4583,2282,585,500,1142,715,818
mt,91219,11241,5207,680,2564,2910,1472,2473
mt,91294,22902,11453,1402,4284,6224,3425,4169
mt,91332,1776,814,121,327,513,250,429
mt,91359,4077,1964,138,719,1373,603,773
mt,91391,13227,6188,366,4193,4044,1599,3698
mt,91510,150813,78633,21246,14597,30734,22967,21843
mt,91537,12546,6030,947,2444,3334,1870,2901
mt,91553,15258,7352,1307,2161,3993,2096,3075
mt,91618,2540,1145,86,407,1004,336,598
mt,91634,3087,1506,333,590,767,404,759
mt,91677,189781,100232,19660,19215,43999,28981,30325
mt,91774,19548,10063,915,5243,4720,2843,3629
mt,91812,12733,6215,370,3034,4080,1902,2206
mt,91839,7063,3317,322,1578,2015,1018,1503
mt,91855,65681,33722,4418,8623,20155,10317,10031
mt,91898,8903,4311,255,2194,2846,1109,2108
mt,91910,16908,8313,1200,1927,5848,2650,2476
mt,91936,14744,7176,819,2229,5314,2274,2373
mt,91952,15078,7527,701,3178,4323,2173,3000
mt,91979,4894,2273,116,1683,1446,786,1093
mt,91995,11239,5364,313,2206,4174,1878,1791
mt,98191,23474,11560,766,5616,7794,3543,3839
mt,98310,31487,15565,1334,5747,9997,5310,5204
mt,98337,5559,2672,103,1294,1882,878,846
mt,98612,6890,3281,284,846,2664,1221,744
mt,98639,2839,1379,229,428,822,432,501
mt,98655,9496,4600,163,3976,2970,1452,2111
mt,98671,4341,2013,282,902,1331,646,766
mt,98698,4138,1971,145,1022,1327,727,660
mt,98710,9054,4244,243,1548,3879,1652,1352
mt,98736,11686,5569,268,2781,3895,1942,1540
mt,98752,10183,4768,310,2239,3666,1698,1868
mt,98779,5066,2398,98,2022,1717,576,1105
mt,98795,3146,1457,70,967,977,446,653
mt,98817,19699,9558,521,4978,6075,3616,3275
mt,98833,8708,4107,251,1646,3314,1390,1464
mt,98850,7403,3471,291,2006,2068,1215,1419
mt,98876,7799,3736,189,2301,2323,1133,1448
mt,98892,43809,22541,6833,2486,10546,7082,4775
mt,98914,2000,985,59,591,514,302,371
mt,98930,55226,27948,4717,4902,16573,9053,6070
mt,98957,8679,4179,239,2110,2784,1276,2082
mt,98973,6292,2982,186,979,2660,891,1023
mt,98990,13220,6169,445,3590,4332,2193,2151
mt,99015,13817,6707,461,3757,3841,2414,2172
mt,99031,3099,1511,78,991,856,436,634
mt,99058,21406,10414,748,5352,6991,3656,3570
mt,99074,1865,946,114,367,601,268,343
pa,04006,22305,10546,334,7868,8547,4046,3350
pa,04014,107335,54550,1992,24515,37313,20654,15410
pa,04022,47134,22744,650,14695,17756,10289,5304
pa,04030,38347,19288,1093,10758,13136,7903,5282
pa,04049,9491,4625,490,2566,2821,2103,1463
pa,04057,24079,11575,969,8307,7771,6111,2680
pa,04065,16297,8237,457,3770,5902,3053,2765
pa,04073,35785,17791,1582,8764,11462,8516,4957
pa,04081,26774,12964,620,7880,8702,5086,3488
pa,04090,22090,10621,878,4178,7188,4627,3012
pa,04103,24804,12583,439,9468,7406,4792,4250
pa,04111,79834,39694,4032,15719,22520,14727,11058
pa,04120,19174,9088,341,6165,6917,3626,3154
pa,04138,19034,8917,321,10002,5265,4687,2628
pa,04146,16162,7864,207,6479,5245,3191,2696
pa,04154,322428,174512,23760,10304,72313,59174,39044
pa,04162,4938,2404,226,1327,1466,1051,741
pa,04170,31370,15806,988,8843,9902,7490,4385
pa,04189,19296,9250,318,7719,6806,3550,2954
pa,04197,10423,4773,94,3175,4128,2061,2073
pa,04200,10276,4718,268,3827,3742,2286,1657
pa,04219,13642,6504,58,5098,6638,3423,1710
pa,04227,13794,6722,633,3006,4682,2697,2034
pa,04235,23547,11444,437,7151,8426,5044,3547
pa,04243,16064,8088,581,2206,5439,3312,2211
pa,04251,84369,42153,3545,7264,26461,17224,9136
pa,04260,7467,3573,415,1607,2671,1431,1000
pa,04278,990866,536938,170027,26705,177887,162062,151609
pa,04286,10383,4785,161,3044,4250,1975,1686
pa,04294,40098,20404,844,4337,16653,7109,5434
pa,04308,7055,3141,115,2881,2077,1274,1247
pa,04316,10941,5343,262,2809,4301,2380,1475
pa,04324,17066,8026,282,5721,5731,3292,2019
pa,04332,80857,41468,3578,17620,22958,15409,12393
pa,04340,17790,8477,248,8164,5394,3662,3082
pa,04359,62720,31594,847,22489,28040,14586,9479
pa,04367,13206,6381,459,2728,3708,2966,1890
pa,04375,19445,9498,188,6104,7393,3658,3380
pa,04383,19910,9240,833,4278,7427,3396,2558
pa,04391,17250,8414,247,3681,8341,3093,2918
pa,04405,11828,5715,773,2257,4011,2554,1334
pa,04413,89067,43940,2384,19564,36086,19338,13683
pa,04421,40473,19368,443,15146,14744,7376,6243
pa,04430,50068,25788,1932,7478,15888,9054,7758
pa,04448,32489,16028,436,11070,11501,7440,4812
pa,04456,38234,19306,1092,12126,11774,8485,4937
pa,04464,15788,7742,201,6179,4246,2732,3258
pa,04472,128121,67744,7928,11608,36011,23614,16304
pa,04480,14402,6816,117,6843,4955,3110,1704
pa,04499,12360,5871,353,3781,5699,3148,1263
pa,04502,5005,2421,254,1332,1501,1027,720
pa,04510,10062,5004,131,1860,4002,1697,1915
pa,04529,4899,2324,273,1476,1593,996,566
pa,04537,31508,15769,3097,5848,8475,5722,5870
pa,04545,10159,5017,258,1108,3957,2051,1552
pa,04553,20334,9784,213,8484,7173,5015,2519
pa,04561,12795,5989,577,2969,4406,2599,1705
pa,04570,30324,15143,648,3905,11368,5687,5345
pa,04588,2393,1107,100,576,882,442,344
pa,04596,5857,2773,108,1736,2127,1169,993
pa,04600,9059,4417,421,3118,2422,1998,1256
pa,04618,18033,8667,211,7110,6724,4225,2529
pa,04626,11571,5273,156,3718,4580,1926,1822
pa,04634,29482,14940,719,5749,11912,5517,4877
pa,04642,73289,38841,3424,3977,20793,13964,7775
pa,04650,46539,23099,712,16278,17675,8739,7628
pa,04669,22802,11381,558,5331,8199,4290,3569
pa,04677,8198,4108,295,1137,3030,1701,1101
pa,04685,9414,4671,256,2398,3620,1848,1623
pa,04693,24850,12093,360,7278,10197,4691,4673
pa,04707,39855,18886,2067,4222,11104,8364,2674
pa,04715,77134,37688,1575,22106,27087,14741,13380
pa,04723,17144,7829,196,5445,7376,3479,1949
pa,04731,32458,15548,668,13649,9569,6111,6034
pa,04740,8765,4138,361,2163,2668,2072,1056
pa,04758,34284,17010,509,11562,11862,6220,5889
pa,04766,13331,5987,104,5239,5312,2562,2163
pa,04774,31773,15026,801,8776,9412,7248,4800
pa,04782,9165,4253,119,3896,2890,1589,1752
pa,04790,19536,9266,461,5829,7508,4831,2461
pa,04804,13757,6781,710,1794,4475,2423,2422
pa,04812,7833,3726,127,1010,3977,1466,1402
pa,04820,5203,2562,177,722,1818,1033,833
pa,04839,162409,81567,7489,31463,44140,29923,22282
pa,04847,3917,1884,174,1031,1335,815,501
pa,04855,22422,10913,832,4285,7282,4930,3775
pa,04863,18259,8815,551,3825,6005,3201,2983
pa,04871,20641,10210,814,1939,7619,3984,3835
pa,04898,15903,7267,234,7040,5975,4122,2070
pa,04910,23775,11823,358,4997,10692,5415,3531
pa,04936,50504,24430,718,16711,18174,10745,7345
pa,04952,45557,22504,1563,9074,17973,9253,7730
pa,04979,24199,11789,269,7160,10561,4841,3562
pa,04995,9957,5007,440,2400,3220,1699,1753
pa,05010,34663,16810,956,7931,12487,6470,6328
pa,05037,21001,10205,301,5507,10154,5084,2656
pa,05053,43627,21527,1030,10618,14145,8882,6553
pa,05070,15185,7532,272,5310,5042,3128,2529
pa,05096,70774,35667,3736,11784,22418,14258,7325
pa,05118,8184,4009,349,1715,2674,1531,1387
pa,05134,19684,9723,633,4221,7174,3944,2633
pa,05150,33569,16659,441,18007,8963,7713,5231
pa,05177,19363,9152,320,7793,7099,4841,2232
pa,05193,22510,10572,616,7488,7755,5070,3223
pa,05215,9982,4951,262,2424,3517,1988,1683
pa,05231,29542,14648,1104,5029,9036,6019,4253
pa,05258,17495,8905,299,3377,7557,3026,2943
pa,05274,6431,3304,51,1391,3419,994,938
pa,05290,44061,22292,1245,5726,16279,7749,6440
pa,05312,18667,9640,934,4609,5646,3720,2535
pa,05339,22172,10440,483,7178,7044,4058,3801
pa,05355,218296,112998,20655,18503,47352,41412,31838
pa,05371,5853,2813,243,1281,1623,1317,880
pa,05398,22610,11428,333,4056,9039,3828,4021
pa,05410,14665,7058,138,2740,6750,2569,2902
pa,05436,20233,9997,655,6379,6005,4832,2853
pa,05452,36370,16592,908,14085,11022,6297,5584
pa,05479,13732,6821,419,2440,5221,2504,2441
pa,05495,11056,5232,143,4110,3102,2076,1894
pa,05517,37683,19095,902,10605,14505,7270,6255
pa,05533,19672,9544,256,4341,9110,4428,2660
pa,05550,9762,4598,371,2540,3601,2151,1017
pa,05576,19980,10305,513,3153,8642,3383,3404
pa,05592,47000,23040,868,15484,16523,9813,6625
pa,05614,75205,37276,2878,17236,24592,14705,10333
pa,05630,36798,18599,480,6735,15656,6538,6932
pa,05657,40765,19582,499,13661,17295,8115,7416
pa,05673,58850,29751,2055,16511,16801,10961,8831
pa,05690,13899,6721,323,3665,5294,2529,2287
pa,05711,33711,16664,941,8592,12045,6132,5447
pa,05738,29617,14325,731,9652,10252,4764,5611
pa,05754,28564,13523,822,9754,9155,5206,4217
pa,05770,17622,8248,259,4355,7921,3186,2824
pa,05797,20547,9920,481,8420,5480,3744,4116
pa,05819,21291,10392,309,7705,7283,4416,3421
pa,05835,156301,76869,9351,15629,30328,30379,10728
pa,05851,16180,7463,442,4098,5047,3174,2891
pa,05878,21107,9975,305,9482,6895,4867,3024
pa,05894,17655,8352,335,5765,6078,3246,3272
pa,05916,26774,12437,276,10991,9779,5130,4237
pa,05932,5308,2588,316,1222,1371,1193,773
pa,05959,22423,10833,442,7155,7179,4045,3050
pa,05975,30549,15299,544,10892,9114,5847,4868
pa,05991,11265,5220,504,2708,3964,1856,1884
pb,19003,3927,1998,160,1101,1252,713,617
pb,19011,7024,3629,376,1793,2205,1572,1197
pb,19020,6443,3296,240,2405,1532,1121,982
pb,19038,4479,2298,188,1615,1230,780,968
pb,19046,4792,2419,112,1633,1665,937,722
pb,19054,20641,10836,1157,7279,5327,3683,3864
pb,19062,5598,2754,176,2479,1244,1190,721
pb,19070,14833,7818,603,5634,4099,2551,2920
pb,19089,6601,3231,189,2918,1430,1360,986
pb,19097,10676,5548,443,4032,2652,2002,1862
pb,19100,4896,2421,155,2090,1239,962,860
pb,19119,16889,8790,657,5582,4133,3310,1921
pb,19127,3955,2015,152,1427,1145,772,698
pb,19135,13140,6795,895,3204,4385,2034,2629
pb,19143,4087,2078,150,1252,1422,819,664
pb,19151,13094,6743,491,5162,3182,2282,2575
pb,19160,3381,1727,105,773,1268,634,535
pb,19178,8362,4502,332,3215,2447,1388,2124
pb,19186,3959,2061,189,1051,1142,741,735
pb,19194,12191,6355,648,4317,2912,2396,1974
pb,19208,3023,1555,158,1017,669,560,506
pb,19216,17753,9278,1404,5091,5217,2998,3313
pb,19224,2793,1400,132,382,1267,500,527
pb,19232,5534,2945,235,1371,1824,924,969
pb,19240,3927,1971,145,1142,1342,731,798
pb,19259,14473,7578,634,4666,4717,2814,2626
pb,19267,2650,1339,99,821,833,393,610
pb,19275,4082,2028,111,1706,1104,835,697
pb,19283,2913,1452,111,919,899,584,520
pb,19291,6194,3194,436,1292,1596,1261,759
pb,19305,3976,2028,91,1467,1001,723,785
pb,19313,16761,8716,977,6190,4450,3002,2957
pb,19321,3610,1830,165,970,1263,714,637
pb,19330,9997,5025,505,4121,2472,1671,2204
pb,19348,2034,1055,107,659,414,359,370
pb,19356,4832,2374,182,1161,1639,809,880
pb,19364,5516,2851,194,1883,1792,1363,870
pb,19372,69692,37277,3190,9689,20624,11689,9074
pb,19380,3429,1705,157,1290,868,587,575
pb,19399,12712,6744,764,4433,2796,2223,2614
pb,19402,3490,1810,167,1325,782,591,658
pb,19410,5484,2834,297,1861,1369,912,1096
pb,19429,2861,1478,92,1260,725,471,593
pb,19437,5006,2533,279,1577,1091,866,967
pb,19445,3081,1560,112,820,1205,480,604
pb,19453,2793,1381,132,920,688,483,540
pb,19461,5373,2744,252,1694,1401,950,944
pb,19470,4106,2131,218,1451,947,643,975
pb,19488,2576,1351,73,970,746,476,430
pb,19496,7112,3702,437,2773,1826,1289,1442
pb,19500,2518,1293,143,668,795,491,449
pb,19518,13737,7034,585,4484,3689,2374,2312
pb,19526,3714,1894,196,823,1325,606,826
pb,19534,5359,2748,243,1659,1570,1084,1038
pb,19542,1824,919,115,470,474,350,310
pb,19550,4227,2146,206,1363,1065,859,751
pb,19569,3300,1626,138,1366,812,538,523
pb,19577,9400,5027,599,2677,2897,1576,1573
pb,19585,2274,1103,110,670,575,377,407
pb,19593,5402,2772,388,1463,1611,971,1053
pb,19607,5384,2719,115,2696,1241,1034,1159
pb,19615,15160,7897,704,3031,4885,2898,1611
pb,19623,6731,3422,270,2464,1780,1340,1129
pb,19631,4469,2300,284,709,1492,743,953
pb,19640,3293,1631,202,1058,1066,641,517
pb,19658,46699,24979,6108,5389,9400,7285,6698
pb,19666,2509,1286,105,782,716,425,490
pb,19674,7295,3712,317,2071,2501,1281,1345
pb,19682,2588,1256,71,886,852,489,413
pb,19690,3426,1707,204,856,942,570,589
pb,19704,1756,879,86,485,478,259,406
pb,19712,12412,6368,430,5377,2850,2402,2194
pb,19720,2114,1062,118,644,617,338,439
pb,19739,6107,3113,255,1605,2095,1079,1061
pb,19747,4644,2281,145,1890,1264,886,803
pb,19755,43650,23405,4389,8578,12193,7293,8337
pb,19763,4236,2175,154,1195,1310,733,638
pb,19771,4877,2519,162,1816,1329,873,868
pb,19780,7036,3492,233,2618,1681,1267,1357
pb,19798,5320,2674,163,1849,1688,1024,1100
pb,19801,4438,2260,252,1509,751,778,730
pb,19810,285487,155665,35605,33206,59882,45316,47047
pb,19828,2090,1027,82,603,620,410,299
pb,19836,2017,961,117,621,516,413,308
pb,19844,6469,3287,193,2572,1612,1012,1294
pb,19852,4527,2317,194,1373,1350,823,792
pb,19860,3683,1827,184,1505,758,545,863
pb,19879,19951,10704,1660,4994,5472,3073,3481
pb,19887,4802,2418,195,1791,1291,683,1087
pb,19895,13180,6784,752,5181,2711,2278,2432
pb,19909,1886,954,68,638,484,366,301
pb,19917,5140,2709,296,1844,1271,775,1078
pb,19925,2798,1368,88,829,897,590,409
pb,19933,18326,9575,885,4586,5413,3203,2400
pb,19941,5615,2831,304,1001,1753,926,981
pb,19950,4671,2378,189,1499,1335,838,869
pb,19968,6012,3095,270,2109,1549,1221,801
pb,19976,11342,5923,726,4064,3039,2065,2239
pb,19984,5100,2593,225,1658,1512,1032,758
pb,19992,14338,7284,333,4823,4702,2881,1588
pb,20001,5680,2821,118,2231,1595,1191,779
pb,20010,6069,3159,219,1989,2067,1109,1082
pb,20036,15606,8157,936,4932,3937,2641,3163
pb,20052,5493,2817,218,1916,1508,1031,1002
pb,20079,2244,1074,90,786,607,472,323
pb,20095,6594,3425,310,1774,2231,1300,1241
pb,20117,2878,1511,130,822,983,492,509
pb,20133,5321,2686,225,1834,1153,946,952
pb,20150,8317,4142,290,3484,1550,1801,1494
pb,20176,3229,1692,184,858,1004,606,608
pb,20192,3035,1538,141,790,927,597,495
pb,20214,23698,12441,1291,5894,7134,4205,4082
pb,20230,9039,4631,411,3667,2049,1670,1916
pb,20257,2591,1300,114,715,650,391,536
pb,20273,40210,21718,3364,9478,8877,6627,7044
pb,20290,10750,5531,397,4063,3010,1901,1902
pb,20311,2961,1506,204,630,837,491,602
pb,20338,5002,2504,116,2148,1162,850,996
pb,20354,8192,4151,262,2320,2684,1854,1337
pb,20370,13316,6948,665,4005,3941,2488,2462
pb,20397,18074,9604,1143,6802,3275,2831,3286
pb,20419,16386,8532,1338,3867,3924,2905,2811
pb,20435,12202,6261,414,5242,2671,2134,2107
pb,20451,7786,4035,330,2562,2454,1414,1360
pb,20478,12872,6611,542,4677,3597,2307,2417
pb,20494,6098,3195,348,2183,1539,1080,1223
pb,20516,517607,286730,97527,33511,92785,72757,83629
pb,20532,6487,3329,281,2246,1883,1281,995
pb,20559,12533,6469,388,4055,4732,2396,2111
pb,20575,5120,2601,269,1238,1515,901,924
pb,20591,8855,4590,411,3192,1921,1759,1286
pb,20613,7039,3617,255,2626,2129,1214,1483
pb,20630,4431,2241,155,1731,1059,768,876
pb,20656,6241,3222,287,1548,2260,1203,1227
pb,20672,19214,10021,707,5270,5814,3149,3191
pb,20699,3605,1785,152,1357,890,592,697
pb,20710,5567,2884,312,1063,2316,1054,1100
pb,20737,11135,5654,610,2595,3498,2063,1634
pb,20753,3706,1900,234,964,1130,616,710
pb,20770,4592,2382,274,1365,1191,833,860
pb,20796,30876,16094,1243,11670,6927,5491,4940
pb,20818,7686,3889,333,2886,2361,1422,1410
pb,20834,15235,7977,664,5527,3543,2651,2452
pb,20850,10784,5638,240,3297,3686,2093,1841
pb,20877,7332,3633,245,2052,2499,1517,947
pb,20893,10042,5175,303,3961,2080,1874,1526
pb,20915,4294,2155,203,1049,1423,836,720
pb,20931,3637,1855,179,1016,1183,669,678
pb,20958,23932,12508,1407,6316,6216,4050,4530
pb,20974,8152,4186,373,2773,2145,1389,1327
pb,20990,5699,3099,310,2140,1238,1041,1103
pb,21016,6065,2981,227,2095,1789,1065,1199
pb,21032,7471,3997,423,2277,2077,1387,1498
pb,21059,4981,2548,178,1722,1595,1014,931
pb,21075,3107,1552,177,1085,636,508,562
pb,21091,6657,3415,261,2046,1961,1335,1202
pb,21113,3555,1741,169,1124,693,712,648
pb,21130,2600,1352,149,646,727,400,470
pb,21156,2305,1165,129,708,505,398,402
pb,21172,63697,35180,6926,11423,13787,10056,10676
pb,21199,9520,4887,435,3345,2725,1538,1825
pb,21210,3752,1920,187,1119,822,765,664
pb,21237,5558,2795,315,1797,1466,858,1119
pb,21253,21941,11331,615,7586,6456,4017,3238
pb,21270,12272,6611,690,3551,2935,2027,2583
pb,21296,13831,7207,728,4030,3564,2501,2416
pb,21318,9189,4738,424,3063,2719,1665,1498
pb,21334,6562,3358,252,2435,1950,1215,1090
pb,21350,4862,2462,168,1871,1109,860,820
pb,21377,7177,3734,316,2200,1999,1262,1351
pb,21393,10490,5385,438,2438,2853,1922,1417
pb,21415,12991,6742,650,4134,3690,2232,2465
pb,21431,24276,13097,1859,7304,6015,3912,5072
pb,21458,3587,1796,239,890,1118,633,665
pb,21474,14839,7941,817,4479,4237,2756,2803
pb,21490,10986,5770,365,2901,3716,1953,2013
pb,21512,31884,16667,1550,12340,5937,5821,5727
pb,21539,1970,968,116,510,503,333,334
pb,21555,13317,7143,842,3552,4223,2327,2589
pb,21571,7252,3659,302,2905,1808,1256,1243
pb,21598,16827,8621,1056,4758,3632,2957,2557
pb,21610,3034,1513,116,1028,853,656,458
pb,21636,8975,4630,393,3890,1892,1521,1788
pb,21652,5303,2648,229,1853,1209,715,1340
pb,21679,5147,2659,333,1075,1705,849,1098
pb,21695,11153,5852,1068,1900,2742,1826,2157
pb,21717,4120,2068,165,1982,841,721,740
pb,21733,6019,3165,228,2301,1394,1037,1399
pb,21750,92936,49296,4162,18977,25047,15896,12790
pb,21776,4954,2486,295,1419,1206,898,867
pb,21792,24607,12997,1183,9178,7001,4570,3518
pb,21814,4035,2098,238,926,1313,612,966
pb,21830,3646,1795,106,920,1398,750,652
pb,21857,6229,3199,199,3039,1395,1016,1362
pb,21873,4743,2364,193,1549,1473,967,828
pb,21890,3998,1901,210,1220,1084,653,827
pb,21911,14291,7210,948,4521,4360,2574,2617
pb,21938,3472,1759,158,879,1000,576,624
pb,21954,3805,1874,228,929,1088,671,704
pb,21970,3148,1586,99,1093,934,539,702
pb,21997,6393,3288,427,1773,1680,838,1557
pb,22012,5507,2821,182,1570,1879,1007,835
pb,22039,8445,4420,295,2598,2793,1422,1586
pb,22055,2977,1508,140,1017,696,524,605
pb,22071,33886,17888,1752,11545,8038,5842,5583
pb,22098,8370,4239,272,2620,2602,1763,1424
pb,22110,9877,5212,626,2460,2721,1484,2321
pb,22136,2604,1304,111,680,687,507,437
pb,22152,3125,1515,161,1025,769,619,524
pb,22179,5921,3093,225,1719,1988,1055,1195
pb,22195,4163,2137,225,1517,1087,758,893
pb,22217,19758,10732,1242,7485,4455,3449,4127
pb,22233,10625,5542,529,2842,3518,1794,1995
pb,22250,44885,23933,3740,11438,11182,6911,8189
pb,22276,12667,6613,780,3986,3102,1908,2617
pb,22292,6501,3290,281,2543,1433,1186,1126
pb,22314,10550,5522,637,3167,3375,1838,2188
pb,22330,10538,5510,397,3828,3039,2021,2043
pb,22357,10757,5696,568,2937,2905,1988,1833
pb,22373,6469,3311,317,1733,2139,1105,1329
pb,22390,10511,5564,1067,2891,2606,1665,2344
pb,22411,6038,3100,315,2060,1543,1166,1004
pb,22438,2418,1260,258,428,521,380,503
pe,23000,5705,2865,170,2337,1362,1142,1007
pe,23019,27303,14609,1655,8643,5033,4530,5293
pe,23027,12536,6763,658,3523,2857,2188,1723
pe,23035,16055,8152,222,7240,4034,3150,2686
pe,23043,8428,4444,444,2164,2421,1474,1504
pe,23051,18041,9849,813,5338,5206,3440,3080
pe,23060,9402,5090,508,2657,2601,2194,1175
pe,23078,23368,11875,266,8509,7711,4330,4168
pe,23086,7242,3800,225,3140,1445,1236,1431
pe,23094,31755,16662,263,14977,9445,6621,5825
pe,23108,11132,5542,74,5325,3068,2182,2001
pe,23116,12129,6163,157,4853,3902,2042,2536
pe,23124,8803,4521,267,3149,2417,1729,1417
pe,23132,27330,14210,902,6598,9719,4932,4221
pe,23140,15509,7578,151,6632,3965,2810,2743
pe,23159,16016,8266,628,5121,4406,2799,3011
pe,23167,11087,5446,134,4759,3013,2413,1939
pe,23175,15937,8192,659,5524,4037,2712,2253
pe,23183,19174,9563,244,7908,4995,3709,3034
pe,23191,8865,4646,110,3455,2845,1571,1837
pe,23205,14706,7463,403,2777,5228,2765,1779
pe,23213,55401,29483,3400,16779,14579,11455,8254
pe,23221,11160,5892,432,4050,2739,1951,2169
pe,23230,45956,25260,4232,6787,10899,7767,7808
pe,23248,12635,6495,64,6876,3361,2989,2245
pe,23256,8950,4610,407,2504,2798,1924,1237
pe,23264,9826,5241,598,2307,2292,1671,1694
pe,23272,30112,16175,1419,6960,7444,5455,4356
pe,23280,16386,8463,580,3399,5887,2941,2172
pe,23299,9070,4600,114,3378,2798,1664,1672
pe,23302,9600,4837,86,3477,3114,1855,1488
pe,23310,14498,7784,1393,3935,2900,2997,2332
pe,23329,11370,5563,72,5905,2793,2209,2224
pe,23337,60167,31606,1363,18862,20333,10755,11179
pe,23353,10083,5239,206,3960,2944,1826,2103
pe,23370,43668,24011,2529,9808,14852,6689,8604
pe,23396,21992,11599,1152,7146,5250,4679,3256
pe,23418,35609,19025,366,15587,10038,6254,7976
pe,23434,27995,14661,1053,8634,7273,5375,4359
pe,23450,29040,15345,1408,8766,8805,5516,4790
pe,23477,8752,4540,372,2855,2434,1732,1435
pe,23493,7153,3668,43,3068,2117,1231,1413
pe,23515,31848,16603,288,15586,8510,5370,6052
pe,23531,10457,5422,489,2200,3131,1866,1462
pe,23558,38930,20313,384,18117,10845,7658,7579
pe,23574,146324,78291,8419,17117,35192,25648,19307
pe,23590,24542,12911,510,9714,5717,4395,4375
pe,23612,15316,8182,507,4548,5106,2750,2768
pe,23639,19506,10349,106,9007,5866,3589,3805
pe,23655,6401,3333,296,1372,2338,1257,918
pe,23671,5743,2983,231,1831,1803,1069,1019
pe,23698,13941,7369,650,4240,4000,2585,2169
pe,23710,7167,3623,370,1389,2612,1400,1142
pe,23736,16172,8517,644,5781,4639,3128,3022
pe,23752,15870,8136,113,7189,4494,2614,3406
pe,23779,14623,7533,334,6915,2384,2698,2668
pe,23795,50181,27633,5210,7015,11719,8416,7000
pe,23817,216900,120129,16358,36706,59512,31965,33642
pe,23833,24486,12969,703,6310,7638,4467,3712
pe,23850,9744,5003,95,3726,2611,1911,1790
pe,23876,10098,5395,379,2893,2601,1962,1427
pe,23892,17875,9231,270,7199,6084,2726,3457
pe,23914,19714,10320,314,6693,5797,3367,3621
pe,23930,13603,7157,129,6428,4022,2412,3172
pe,23957,10030,5228,475,3382,2507,2027,1298
pe,23973,15004,7662,136,6523,4680,2111,3397
pe,23990,18839,10300,633,5873,5717,3372,3656
pe,24015,26661,14006,1314,8233,7612,4644,5149
pe,24031,45315,23776,1787,9728,10517,7522,5815
pe,24058,25344,13419,1199,8477,5892,5222,4223
pe,24074,17453,9347,171,6889,5540,3004,3189
pe,24090,9266,4758,378,2707,2705,1648,1592
pe,24112,15215,7989,638,5117,4295,2631,2979
pe,24139,23443,12228,538,7705,6174,4526,4362
pe,24155,10924,5699,415,4352,2870,1845,2089
pe,24171,14317,7561,705,4026,3487,2860,2040
pe,24198,88881,48826,8361,14359,23157,14811,14361
pe,24210,21401,11317,847,6393,5833,3855,3254
pe,24236,57663,30258,3607,7206,16812,9263,8335
pe,24252,5571,2857,368,1407,1422,1166,880
pe,24279,64264,34112,1633,18932,21947,9443,13082
pe,24295,15771,8104,88,8115,4623,3092,3246
pe,24317,20055,10428,244,8990,4847,4000,3480
pe,24333,6422,3265,178,2258,1838,1132,1419
pe,24350,78964,41883,3707,10809,20714,13364,11335
pe,24376,8447,4267,376,2470,2465,1345,1693
pe,24392,13337,6867,157,6173,3774,3004,2113
pe,24414,3765,1861,173,1127,935,675,716
pe,24430,71570,36869,2941,12726,20765,13403,7069
pe,24457,22094,11333,236,9752,5813,4535,3904
pe,24473,3895,2055,325,765,1007,739,550
pe,24490,17774,9301,348,7296,6065,3507,3131
pe,24511,16969,8914,971,2740,5118,2597,3013
pe,24538,12026,6219,171,4899,3545,1855,2766
pe,24554,13676,6765,118,4935,4507,2383,2374
pe,24570,452277,243665,15728,67332,141968,65009,78428
pe,24597,13944,7096,111,5818,5020,2733,2711
pe,24619,23784,12492,254,10454,6224,4216,4506
pe,24635,12688,6447,160,4520,4273,2521,1693
pe,24651,11117,5924,521,3417,3264,1993,1928
pe,24678,11266,5779,276,3836,3509,2444,2138
pe,24694,17726,9314,126,7270,5796,3041,2919
pe,24716,10765,5507,49,5271,3055,2065,2089
pe,24732,12278,6322,131,5722,3454,2144,2799
pe,24759,27448,15230,1612,5719,9831,4879,4610
pe,24775,42257,23155,3303,7565,11277,6632,7193
pe,24791,19201,10111,696,5891,4787,3671,3202
pe,24813,9404,4995,457,2226,2973,2015,1316
pe,24830,9942,4854,87,3970,3188,1898,1834
pe,24856,10664,5552,607,3171,2129,2226,1761
pe,24872,45631,23978,2172,5986,14496,7366,7021
pe,24899,24047,12841,2054,5168,5549,3755,3673
pe,24910,276081,153719,40944,12877,59027,39838,43410
pe,24937,20297,10494,218,8254,5126,3637,4125
pe,24953,11903,6095,125,4795,3087,2315,1847
pe,24970,47525,24599,611,20989,12579,8977,8714
pe,24996,39703,21454,2508,4742,12300,7039,5637
pe,25011,6853,3522,63,2373,2587,1287,1539
pe,25038,21481,10961,133,10804,5488,3854,4820
pe,25054,9515,4934,262,3095,3150,1890,1447
pe,25070,17880,8891,266,7308,4444,3360,3478
pe,25097,24303,12901,895,6944,7432,4070,4055
pe,25119,41749,21503,634,15142,12756,7267,6675
pe,25135,208363,115028,23337,10845,38294,31019,32533
pe,25151,18616,9387,281,7331,6068,3299,3781
pe,25178,50144,27026,880,18142,14195,7917,11393
pe,25194,23935,12578,1086,4868,6373,4524,3471
pe,25216,198599,107485,19900,27387,42378,36679,24099
pe,25232,9834,5268,107,4010,3294,1855,1948
pe,25259,17150,9389,660,4714,5148,2993,2365
pe,25275,11120,5446,126,3325,4356,1978,1863
pe,25291,17821,9152,154,8141,5253,3367,3518
pe,25313,1155816,639926,216766,59065,218875,152179,205932
pe,25330,17261,9048,761,6352,4832,3159,2809
pe,25356,26346,14250,1620,6555,6210,4736,4053
pe,25372,16291,8315,396,3922,5254,3059,2085
pe,25399,10113,5248,445,3526,2646,1797,1703
pe,25410,6754,3518,58,2912,2200,1122,1289
pe,25437,39334,20831,2798,7196,9839,7254,5850
pe,25453,13356,7254,170,5822,4002,2257,3265
pe,25470,15432,8175,629,4326,4228,3009,2561
pe,25496,55569,29906,2520,10746,16937,10858,5733
pe,25518,29051,14845,321,10889,8339,5520,4630
pe,25534,10403,5461,276,4058,3419,2050,1756
pe,25550,7160,3710,362,1976,2130,1466,1194
pe,25577,8555,4252,70,3903,2621,1528,1691
pe,25593,36155,18657,501,13856,10926,6604,7305
pe,25615,29064,15257,866,7869,10536,5471,5036
pe,25631,17764,9400,302,8149,4959,3028,3828
pe,25658,16387,8499,472,5760,4892,3048,2959
pe,25674,14117,7468,626,2775,4009,2697,1972
pe,25690,24047,12376,1456,6705,6039,4757,3896
pe,25712,21385,11621,1629,4878,5872,3490,4571
pe,25739,69852,38036,4620,10327,16658,11858,8363
pe,25755,13555,7079,423,4042,4742,2720,1931
pe,25771,56757,30602,4165,10426,15355,9895,8848
pe,25798,15649,7911,219,6584,4102,2908,3183
pe,25810,26205,13546,594,8272,7636,4492,5359
pe,25836,27172,13827,733,6904,8236,5234,3247
pe,25852,8900,4516,385,2958,1917,1655,1511
pe,25879,5090,2534,181,1214,1704,993,845
pe,25895,43075,23497,2708,11588,10705,7352,8069
pe,25917,19569,10312,831,4816,5726,3632,3744
pe,25933,9853,5137,265,3410,3047,1854,1734
pe,25950,15456,7837,742,4599,3222,3244,2531
pe,25976,23055,12052,910,6546,7081,4119,3403
pe,25992,19582,10299,278,6091,7182,3157,3807
pe,26018,6202,3265,30,2576,1937,1137,1211
pe,26034,7857,3807,119,2796,2223,1546,1313
pe,26050,41233,22111,2254,7130,12230,6859,6979
pe,26077,30297,15534,352,8519,12211,6391,3191
pe,26093,10140,5381,457,2684,2603,1725,1385
pe,26115,22535,11697,387,8426,6456,4887,3530
pe,26131,10633,5673,1031,1788,2620,1892,1968
pe,26158,17459,8875,161,8573,5230,3448,3646
pe,26174,7392,3872,475,2228,1947,1242,1603
pe,26190,13409,7074,139,4488,4713,2395,2432
pe,26212,7032,3693,479,1681,1845,1340,1310
pe,26239,15804,8446,175,6853,4555,2487,3203
pe,26255,21548,11222,740,4989,7281,4061,3122
pe,26271,92760,50466,6909,18277,24211,14610,13169
pe,26298,108998,59604,9814,9383,26099,17900,14651
pe,26310,81210,43569,1351,14047,27601,11825,14338
pe,26336,17636,9507,442,3666,5497,3034,2560
pe,30015,2743,1352,362,115,514,283,272
pi,10006,6741,3285,305,2784,1352,1231,1186
pi,10014,4709,2488,236,1198,1205,869,916
pi,10022,3945,2015,231,1528,914,771,625
pi,10030,13651,7401,1051,2839,3190,2634,2532
pi,10049,7986,3814,416,2083,2330,1835,953
pi,10057,11399,5671,645,3537,2933,2039,2066
pi,10065,5546,2697,187,2499,1343,1072,858
pi,10073,30394,15738,1703,6810,8522,5456,4648
pi,10081,4666,2264,179,1421,1634,885,820
pi,10090,14232,7429,1069,4437,3255,2473,3034
pi,10103,5800,2836,245,2207,1359,1278,1017
pi,10111,6159,3303,598,1368,1362,1024,1420
pi,10120,8556,4302,410,2541,2276,1591,1396
pi,10138,6368,3202,348,2031,1873,1186,1059
pi,10146,4434,2222,200,1703,937,955,796
pi,10154,2776,1360,221,755,716,484,585
pi,10162,2677,1298,124,875,766,485,539
pi,10170,5065,2571,417,1529,1253,877,1016
pi,10189,4470,2166,267,1132,1285,815,686
pi,10197,3740,1901,345,1280,738,782,725
pi,10200,4440,2267,369,903,1142,823,749
pi,10219,8251,4190,368,2510,2579,1546,1479
pi,10227,5849,3007,282,2209,1404,1195,1080
pi,10235,34109,17181,1831,10126,8809,6863,5117
pi,10243,4407,2094,192,1217,1361,838,782
pi,10251,2533,1196,153,671,780,478,438
pi,10260,3979,1968,182,1329,1207,744,743
pi,10278,5448,2930,380,1539,1396,990,1115
pi,10286,4575,2312,194,1708,1209,823,790
pi,10294,20700,10502,814,7233,5844,4090,3754
pi,10308,3740,1922,237,908,974,663,724
pi,10316,8631,4414,541,2689,2371,1402,1914
pi,10324,7093,3498,315,1973,2173,1458,1029
pi,10332,4278,2142,331,1289,1133,830,904
pi,10340,3813,1845,129,1418,1104,765,683
pi,10359,4675,2389,554,1359,884,721,1081
pi,10367,6658,3394,347,2233,1732,1583,837
pi,10375,16652,8661,1622,4013,3937,3276,2304
pi,10383,4972,2483,209,2419,1056,856,1070
pi,10391,15099,7667,732,5641,3575,2975,2391
pi,10405,3404,1812,156,1022,1124,654,621
pi,10413,4835,2437,144,1994,1480,872,948
pi,10421,6141,3029,147,2394,1517,1313,902
pi,10430,33457,17650,3453,6924,8222,5211,6268
pi,10448,3183,1632,234,910,674,570,580
pi,10456,14454,7225,895,5257,3289,2697,2798
pi,10464,4193,2134,229,1592,926,823,828
pi,10472,8834,4518,460,2680,2473,1675,1657
pi,10480,3646,1861,199,1286,912,646,687
pi,10499,7210,3576,368,2612,2034,1518,1079
pi,10502,3648,1777,136,1051,1089,670,663
pi,10510,15214,7905,714,5620,3891,2885,3189
pi,10529,4565,2227,198,1663,1121,917,608
pi,10537,18541,9390,725,7575,5340,3854,3051
pi,10545,7720,3750,259,2407,2401,1419,1449
pi,10553,4220,2110,182,1456,1031,826,875
pi,10561,4462,2190,235,1192,1268,781,815
pi,10570,18854,9567,824,5935,5755,3767,3274
pi,10588,4129,2028,177,1349,1342,898,658
pi,10596,4719,2287,366,1412,1406,874,830
pi,10600,3054,1650,183,1106,745,541,671
pi,10618,6781,3447,428,1918,2003,1392,1157
pi,10626,3125,1524,157,1054,687,638,478
pi,10634,7786,3887,642,1814,2237,1488,1507
pi,10642,3405,1686,104,1503,836,670,614
pi,10650,10673,5668,629,2477,2687,1855,1911
pi,10669,5707,2773,289,1746,1502,1255,762
pi,10677,5694,2941,470,1552,1516,939,1050
pi,10685,6488,3131,266,2233,1818,1089,1263
pi,10693,12259,6415,997,3378,3743,1826,2868
pi,10707,3278,1551,118,1271,867,551,646
pi,10715,3332,1624,349,798,863,515,714
pi,10723,4571,2321,311,1647,1036,907,684
pi,10731,28221,14534,1578,6284,9432,5264,4268
pi,10740,4339,2184,201,1636,1077,885,640
pi,10758,3708,1870,163,1624,810,677,756
pi,10766,4841,2256,211,1786,1295,880,796
pi,10774,42796,22698,4089,7297,8606,7171,7743
pi,10782,5470,2783,172,1825,1599,1044,881
pi,10790,3966,2092,74,1384,1218,667,837
pi,10804,3577,1777,159,1303,984,896,446
pi,10812,3731,1895,248,1251,838,636,876
pi,10820,7653,3739,231,1916,2234,1541,1119
pi,10839,7324,3701,447,2325,1882,1240,1336
pi,10847,4335,2060,147,1484,1385,831,700
pi,10855,8680,4490,809,2736,1946,1573,1543
pi,10863,4853,2421,183,1702,1443,1133,804
pi,10871,7089,3528,574,2100,2302,1475,1242
pi,10880,3133,1456,124,1094,943,584,502
pi,10898,7876,4043,653,1508,2169,1353,1447
pi,10901,3943,1908,225,1227,1063,721,719
pi,10910,3671,1882,252,948,715,629,679
pi,10928,4794,2346,310,1179,1385,758,855
pi,10936,11949,6213,942,4091,2381,2125,2388
pi,10944,3371,1671,235,1476,565,623,562
pi,10952,6704,3507,527,1937,1497,1197,1195
pi,10960,3448,1653,170,1157,927,666,607
pi,10979,5546,2811,334,2156,1309,1134,1037
pi,10987,6246,3127,200,2599,1499,1363,1031
pi,10995,8705,4430,537,3844,1639,1425,1766
pi,11010,8191,4119,489,3245,1801,1348,1690
pi,11037,12282,6316,937,5050,2934,2547,1976
pi,11053,4043,2012,172,1188,1225,766,735
pi,11070,10294,5158,381,4487,2241,2234,1459
pi,11088,4071,2124,279,1387,999,770,840
pi,11096,31038,15717,1418,7233,8775,5568,4892
pi,11118,4472,2270,299,1110,1510,775,986
pi,11134,23839,11861,741,8108,6936,4453,3672
pi,11150,18426,9333,1038,7254,4378,3404,3373
pi,11177,4298,2101,306,1299,1098,847,766
pi,11193,3639,1878,303,793,1147,618,763
pi,11215,7798,3946,306,3198,1790,1495,1438
pi,11231,23365,11803,816,8507,6985,4985,4226
pi,11258,1329,678,131,265,347,262,201
pi,11274,9150,4721,640,2001,2581,1532,1823
pi,11290,6092,3140,626,2475,1381,1051,1108
pi,11312,7690,3834,522,2362,2089,1642,1306
pi,11339,5529,2825,337,1829,1263,1030,1098
pi,11355,7220,3659,442,2758,1629,1635,1091
pi,11371,4864,2474,249,1754,1318,818,1024
pi,11398,27661,14506,1983,7015,7182,5261,5087
pi,11410,3420,1659,175,1290,890,793,626
pi,11436,5472,2826,287,2008,1564,987,952
pi,11452,3423,1700,308,882,867,687,574
pi,11479,4085,1931,215,1157,1413,786,664
pi,11495,11246,5726,452,3725,3290,2064,2022
pi,11517,6571,3195,415,1768,1988,1410,1098
pi,11533,102064,54427,8963,16745,21608,17234,16204
pi,11550,14856,7796,998,4970,3864,3030,2425
pi,11576,29605,15280,1567,10447,8029,6144,5944
pi,11592,50670,26648,4070,11199,11780,8689,8354
pi,11614,8284,4176,517,2587,2296,1606,1622
pi,11630,12822,6567,718,5278,2470,2514,2061
pi,11657,22799,11752,760,7512,5850,4372,4055
pi,11673,49684,25789,2002,15465,11199,9121,9698
pi,11690,7906,4090,400,2393,2473,1781,1301
pi,11711,3088,1577,233,890,774,571,649
pi,11738,6044,3047,439,1874,1583,1208,1087
pi,11754,13635,7233,813,4479,3429,2281,2804
pi,11770,4882,2401,323,1613,1112,969,841
pi,11797,4782,2374,280,1761,1174,813,1032
pi,11819,4975,2537,460,1717,824,909,925
pi,11835,4385,2140,252,1327,1417,907,705
pi,11851,4095,1985,232,1361,1002,722,727
pi,11878,4751,2448,521,1390,1209,850,902
pi,11894,3212,1631,165,1012,927,558,690
pi,11916,3499,1834,525,678,627,507,733
pi,11932,5382,2666,324,1917,1282,1069,1163
pi,11959,4303,2272,469,876,883,835,748
pi,11975,6000,2993,320,2314,1335,1090,1368
pi,11991,13798,7137,1192,3366,3144,2728,2358
pi,12009,4466,2206,170,1724,1322,1010,778
pi,12017,2876,1453,198,1062,609,518,579
pi,12025,3701,1909,182,1428,788,675,707
pi,12033,5420,2740,175,2120,1643,961,1098
pi,12041,3847,1808,75,1660,1208,716,707
pi,12050,4920,2521,401,1730,1012,896,1019
pi,12068,3533,1697,195,1163,1058,653,626
pi,12076,14443,7258,393,7224,2868,2673,2920
pi,12084,3614,1756,209,1026,945,755,592
pi,12092,9758,5051,643,2831,2563,1946,1659
pi,12106,6221,3090,93,3197,1548,1395,968
pi,12114,22524,11775,1667,4744,5921,4250,3664
pi,12122,4871,2434,105,2029,1205,1040,720
pi,12130,10588,5284,712,4046,2370,2316,1609
pi,12149,4742,2409,203,1374,1571,866,868
pi,12157,8648,4334,834,2582,1906,1643,1639
pi,12165,4327,2087,244,1601,999,990,580
pi,12173,3882,1945,335,1141,785,818,773
pi,12181,3965,1923,150,1710,913,944,549
pi,12190,556287,304856,75113,45110,100021,85537,83948
pi,12203,3953,1900,197,1067,1025,782,782
pi,12211,33048,16851,1795,8764,8400,6346,5005
pi,12220,3854,1934,204,1343,1011,709,750
pi,12238,16122,8227,1241,3936,4111,2973,2631
pi,12246,5686,2722,158,2447,1704,1274,1036
pi,12254,15273,8223,1476,3701,3492,2447,3067
pi,12262,3145,1475,119,1362,564,599,613
pi,12270,3446,1870,304,1059,778,599,749
pi,12289,3246,1515,122,1451,739,622,626
pi,12297,5402,2616,264,1680,1633,1027,1054
pi,12300,3690,1745,236,948,1254,675,603
pi,12319,5671,2862,260,2926,1098,853,1188
pi,12327,5479,2678,165,1988,1502,1104,805
pi,12335,2668,1329,156,961,552,488,425
pi,12343,3028,1486,196,1094,619,591,561
pi,12351,3863,1872,104,1321,1383,758,620
pi,12360,3938,2058,145,1288,1223,717,737
pi,12378,2440,1256,150,810,728,458,393
pi,12386,2844,1356,162,930,782,452,499
pi,12394,5482,2603,238,1817,1584,901,1080
pi,12408,4399,2148,155,1990,1071,913,622
pi,12416,5113,2547,203,1820,1402,1050,955
pi,12424,3853,1907,213,867,1245,683,664
pi,12432,2528,1339,140,675,668,441,547
pi,12440,5968,2931,194,2060,1512,1351,865
pi,12459,4994,2488,174,1520,1683,1078,785
pi,12467,5050,2520,267,2312,1193,941,887
pi,12475,5194,2557,171,2311,1303,1113,775
pi,12483,2167,1100,110,574,589,406,446
pi,12491,2438,1195,155,719,593,461,418
pi,12505,4140,2056,146,1563,1248,871,645
pi,12513,5945,3008,309,1768,1651,998,1145
pi,12521,2212,1158,195,640,476,397,427
pi,12530,2472,1191,91,1031,586,503,394
pi,12548,2557,1262,211,927,552,463,424
pi,12556,3031,1530,145,1418,603,510,566
pi,12564,3401,1690,160,1469,577,649,562
pi,12572,6186,2993,245,2588,1465,1198,1010
pi,12580,4011,2019,209,1037,1066,757,669
pi,12599,1871,908,117,526,543,373,294
pi,12602,3127,1563,206,1126,773,577,604
pi,12610,2045,974,145,596,564,411,347
pi,12629,2131,1105,142,772,504,398,428
pi,12637,2457,1225,92,993,690,430,526
pi,12653,1684,848,150,394,308,320,308
pi,12661,2304,1152,160,642,599,356,476
pi,12670,4554,2176,95,2209,1112,939,760
pi,12688,4910,2369,165,2048,1368,1107,686
pi,12696,4898,2494,208,2167,1665,1026,761
pi,12700,2477,1214,129,945,645,516,473
pi,12718,4479,2166,188,1191,1342,847,714
pi,12726,10266,5074,465,1924,3047,1614,1766
pi,12734,3325,1622,147,1291,714,588,544
pr,74004,2569,1291,154,632,781,327,683
pr,74012,5748,2906,471,974,1917,839,1335
pr,74020,5059,2544,95,1394,1365,931,959
pr,74039,5080,2432,266,1011,1341,915,1143
pr,74047,4595,2279,274,582,1446,791,925
pr,74055,6869,3376,359,878,2557,1137,1284
pr,74063,4553,2318,393,434,1446,687,873
pr,74071,68021,35791,3888,4899,20677,12526,8946
pr,74080,8678,4438,693,753,2499,1502,1306
pr,74098,10357,5374,341,1829,3602,1488,2243
pr,74101,2641,1298,58,442,977,408,606
pr,74110,7099,3681,641,1477,2103,1077,1606
pr,74128,2477,1245,223,339,711,343,532
pr,74136,6733,3498,785,518,2238,988,1589
pr,74144,2323,1131,110,389,823,358,475
pr,74152,3808,1988,293,491,1101,655,618
pr,74160,2921,1471,269,329,966,396,656
pr,74179,13777,7099,455,2489,4118,2183,2638
pr,74187,2746,1413,208,577,838,435,597
pr,74195,16359,8629,2014,1681,4932,2205,3872
pr,74209,3653,1840,294,611,1122,531,896
pr,74217,14602,7473,1235,1589,4416,2220,3273
pr,74225,11044,5525,675,992,4871,1947,1863
pr,74233,6271,2958,296,413,3009,1019,1310
pr,74241,3564,1785,182,518,1141,553,720
pr,74250,91302,48932,12199,7522,23286,12474,18820
pr,74268,2883,1392,137,549,1043,567,505
pr,74276,77060,41070,11020,4614,19280,10676,14588
pr,74284,3370,1709,170,291,1140,460,712
pr,74292,18387,9380,2028,1563,5491,3089,2920
pr,74306,2692,1362,193,428,759,426,507
pr,74314,10718,5338,212,2164,3376,1413,2370
pr,74322,70041,36595,4118,3485,17322,13463,7479
pr,74330,7013,3463,583,1175,2208,1125,1463
pr,74349,4210,2085,336,715,1383,758,815
pr,74357,94423,48440,8589,3617,23676,16057,12140
pr,74365,4029,1961,266,545,1330,703,719
pr,74373,12135,6393,1679,1205,3203,1627,2873
pr,74381,2028,1010,72,340,683,331,445
pr,74390,20789,10750,1520,2246,6782,2565,5027
pr,74403,2376,1203,67,605,777,321,513
pr,74411,3536,1783,180,423,1228,447,811
pr,74420,2589,1262,188,349,757,370,562
pr,74438,11181,5546,621,598,3969,1625,1856
pr,74446,18945,9487,494,3329,6371,3786,2378
pr,74454,24464,12850,3506,2060,6530,3556,5490
pr,74462,5637,2861,187,1167,1526,773,1158
pr,74470,8621,4493,719,1830,2237,1208,2190
pr,74489,3522,1774,87,1080,934,409,968
pr,74497,7059,3604,586,799,2149,1157,1330
pr,74500,5070,2576,317,421,1855,672,1226
pr,74519,2510,1237,314,290,622,330,645
pr,74527,3086,1412,76,952,917,512,613
pr,74535,12114,6397,1492,1089,4261,1745,2785
pr,74543,6898,3450,442,1162,2280,1332,1060
pr,74551,11491,5723,786,828,4908,2115,1822
pr,74560,4546,2309,106,459,1697,635,992
pr,74578,3651,1877,420,610,903,546,832
pr,74586,7503,3790,499,1611,2199,1350,1526
pr,74594,9117,4540,549,1176,3421,1664,1589
pr,74608,3315,1747,289,591,959,553,744
pr,74616,4904,2521,376,789,1365,829,888
pr,74624,4239,2217,152,235,1637,554,932
pr,74632,6570,3299,208,1790,1651,789,1741
pr,74640,2104,1033,170,217,858,383,413
pr,74659,2086,1046,163,253,672,306,403
pr,74667,2557,1282,85,389,887,402,496
pr,74675,6567,3362,746,910,1904,995,1409
pr,74683,3559,1826,179,127,1129,431,803
pr,74691,17827,9443,2082,1599,5088,2447,4145
pr,74705,3473,1693,62,855,1304,564,633
pr,74713,69287,36778,8522,3513,18356,9796,12513
pr,74721,2515,1249,73,610,802,369,522
pr,74730,5742,2910,595,726,1585,749,1288
pr,74748,10645,5164,575,1894,3584,1989,1769
pr,74756,11810,6159,862,2588,2974,1818,2653
pr,74764,3299,1653,59,873,981,489,808
pr,74772,30784,16076,2492,1524,8775,5361,4351
pr,74780,3498,1741,274,552,1121,629,647
pr,74799,5675,2815,393,570,2015,1053,895
pr,74802,8627,4168,240,2609,2471,1382,1903
pr,74810,86319,44823,9205,4143,25639,12925,14083
pr,74829,2506,1271,198,323,831,398,504
pr,74837,64311,34649,10788,5104,14347,9566,11333
pr,74845,1835,913,176,272,548,267,407
pr,74853,11209,5484,714,2301,3912,1860,2372
pr,74861,5017,2498,321,705,1783,740,1125
pr,74870,15361,7818,869,3013,4437,2168,3705
pr,74888,4946,2380,196,944,1838,1000,684
pr,74896,12053,6170,410,2975,3042,1818,2554
pr,74900,6802,3350,347,1209,2392,1251,1150
pr,74918,11237,5753,1021,1129,3462,1739,2459
pr,74926,2732,1388,212,418,859,438,535
pr,74934,218448,116464,38836,10023,44977,33729,35116
pr,74942,4425,2078,124,1183,1682,847,745
pr,74950,51385,26277,5115,5030,14931,9039,8361
pr,74969,3313,1619,240,511,1186,561,686
pr,74977,7222,3630,175,2006,1841,1142,1528
pr,74985,4293,2093,144,1185,1511,815,721
pr,74993,8479,4353,675,1186,2998,1239,1781
pr,75000,8932,4550,305,1132,4035,1407,1555
pr,75019,12472,6145,548,2549,4860,2356,2183
pr,75027,4441,2137,347,470,1563,826,804
pr,75035,15879,8133,1964,2151,4370,2591,3242
pr,75043,85561,45488,10822,2544,17119,14204,12115
pr,75051,54869,29420,7715,3708,16027,7603,10888
pr,75060,4517,2332,388,866,1197,859,876
pr,75078,9280,4674,649,1171,3105,1528,1709
pr,75086,2074,1045,131,486,555,276,493
pr,75094,12680,6680,1401,2053,3653,2312,2568
pr,75108,3228,1597,63,753,1055,466,756
pr,75116,12639,6511,1204,1437,4397,2311,2238
pr,75124,2793,1361,153,365,1134,436,662
pr,75132,142374,75529,10054,10905,38864,23696,20645
pr,75140,4864,2358,126,1202,1392,878,800
pr,75159,18843,9746,1172,2203,6249,2306,4402
pr,75167,3371,1611,133,538,1028,593,747
pr,75175,6419,3225,557,1313,1996,1015,1441
pr,75183,3331,1559,186,369,1548,639,610
pr,75191,2806,1421,285,442,795,412,694
pr,75205,18293,9315,1034,1315,5575,3113,2605
pr,75213,12146,6072,785,588,4893,1848,2220
pr,75221,15457,7870,1482,980,4392,2765,2057
pr,75230,13875,7253,784,1625,4235,2072,2809
pr,75248,4868,2301,316,1257,1190,875,803
pr,75256,34219,18265,7233,1922,6752,4321,7924
pr,75264,2906,1429,63,855,758,383,707
pr,75272,16877,8747,1798,1398,5146,2846,3449
pr,75280,3279,1639,174,833,899,440,820
pr,75299,16695,8689,853,3548,4159,2317,3666
pr,75302,1774,897,134,336,505,245,476
pr,75310,3845,2004,356,516,1190,535,768
pr,75329,4413,2148,113,1475,980,703,904
pr,75337,13092,6271,680,607,6193,2408,2108
pr,75345,5169,2501,225,793,1996,915,909
pr,75353,1338335,719663,326456,28551,186056,166510,253126
pr,75361,3946,1999,225,423,1612,732,686
pr,75370,10376,5149,655,2065,3513,1707,2123
pr,75388,4989,2392,262,795,2115,956,912
pr,75396,4530,2313,283,506,1614,626,1095
pr,75400,3829,1894,101,967,1396,624,810
pr,75418,30289,15582,3137,2625,8654,4801,5659
pr,75426,6231,3056,292,803,2680,1038,1111
pr,75434,4975,2585,401,520,1512,590,1347
pr,75442,7689,3817,288,2013,2119,1444,1091
pr,75450,5278,2543,364,506,1877,817,1125
pr,75469,2811,1290,129,468,888,496,547
pr,75477,10933,5631,442,1804,3210,1485,2454
pr,75485,3595,1749,190,688,1355,552,745
pr,75493,12194,6310,527,3001,3275,1802,2647
pr,75507,5165,2670,467,547,1435,762,1086
pr,75515,3975,2001,121,828,1200,584,912
pr,75523,16655,8765,1837,817,4552,2283,3754
pr,75531,4407,2275,148,455,1746,545,1169
pr,75540,2902,1374,226,526,891,464,630
pr,75558,5787,3025,574,431,1598,795,1175
pr,75566,3029,1548,191,339,933,481,550
pr,75574,8964,4474,598,827,2788,1398,1561
pr,75582,3834,1938,63,953,1222,545,766
pr,75590,2133,1100,275,230,548,293,459
pr,75604,5097,2485,352,529,2152,1107,772
pr,75612,6308,3224,537,1268,1615,744,1708
pr,75620,3478,1716,68,1096,1019,568,654
pr,75639,178270,96791,28734,12397,39109,28521,26265
pr,75647,4317,2212,182,744,1464,546,1094
pr,75655,65206,34249,9555,4869,15415,9778,12517
pr,75663,8102,4016,421,1153,2879,1223,1549
pr,75671,8427,4292,472,1119,3029,1598,1431
pr,75698,22098,11752,1126,3786,7129,2934,5091
pr,75710,20863,11307,3130,2172,5982,3239,3660
pr,75736,4804,2488,351,636,1627,727,933
pr,75744,4947,2451,96,1640,1298,776,1168
pr,75752,3468,1761,254,413,1045,536,696
pr,75760,5408,2687,409,1366,1599,872,1269
pr,75779,1917,959,70,299,632,286,429
pr,75787,2667,1324,221,638,693,390,691
pr,75795,4197,2132,404,453,1465,633,938
pr,75809,5528,2745,337,914,1805,834,969
pr,75817,11148,5674,899,1717,3798,1708,2578
pr,75833,125677,66517,16064,7938,39671,20434,21889
pr,75850,6468,3081,354,1182,2236,1130,1237
pr,75876,23932,12674,2960,1706,6130,3454,5037
pr,75892,20826,10776,2267,3416,5913,3048,4545
pr,75914,37397,19939,5211,2224,9666,5536,7672
pr,75930,7274,3664,479,1310,2280,1062,1769
pr,75957,3653,1846,180,429,1080,518,752
pr,75973,22323,11209,1253,1362,11025,3874,3618
pr,75990,7905,3823,377,1412,3163,1510,1464
pr,76015,2271,1172,212,436,564,336,477
pr,76031,10716,5205,617,1416,4500,1966,1808
pr,76058,11540,5987,1153,1746,3382,1647,2888
pr,76074,44316,22973,5452,3343,14507,6736,8747
pr,76090,7517,3802,623,1517,2380,1261,1586
pr,76112,3602,1815,142,554,1267,539,824
pr,76139,4927,2506,475,740,1396,675,1207
pr,76155,4983,2575,135,497,1797,689,1139
pr,76171,9039,4563,620,1254,2709,1320,1968
pr,76198,3078,1545,166,542,1086,455,716
pr,76210,9984,4840,533,1150,4111,1863,1784
pr,76236,24637,12946,1569,4333,6598,3182,6012
pr,76252,2436,1306,346,211,495,417,537
pr,76279,3910,1948,340,580,1168,570,814
pr,76295,28540,15125,4509,2121,7096,4188,5692
pr,76317,9944,5165,1013,980,3358,1563,1913
pr,76333,24572,12737,2431,2418,6523,4096,4095
pr,76350,15537,8168,2990,1614,2946,2185,3181
pr,76376,4986,2550,386,989,1490,690,1295
pr,76392,3679,1846,272,590,1126,515,891
pr,76414,6937,3546,728,850,2104,873,1709
pr,76430,9265,4661,261,2288,2861,1084,2487
pr,76457,1173,613,107,170,262,172,195
pr,76473,9105,4751,831,862,2534,1479,1920
pr,76490,8641,4544,921,793,2686,1320,1780
pr,76511,2543,1268,200,409,875,388,659
pr,76538,5148,2665,472,444,1647,737,1069
pr,76554,3523,1796,422,518,878,474,820
pr,76570,34773,17540,3246,2151,11225,5359,6195
pr,76597,23398,12342,3006,3227,5895,4237,4475
pr,76619,3172,1600,404,325,779,434,771
pr,76635,14139,7618,1947,1369,3713,1974,2723
pr,76651,3556,1838,447,375,791,490,717
pr,76678,372008,201537,78203,13440,68271,48914,74195
pr,76694,3858,2003,395,533,1239,586,814
pr,76716,10245,4959,701,266,4004,1626,2030
pr,76732,10547,5505,1098,1459,3166,1529,2329
pr,76759,17789,9127,1613,2479,5186,2634,3531
pr,76775,26660,13822,4052,2545,6610,3911,5437
pr,76791,17727,8931,947,1979,6096,2962,3240
pr,76813,10014,5148,1044,1427,3120,1594,1991
pr,76830,38861,20215,2332,2349,11738,5291,8253
pr,76856,4521,2281,341,753,1185,623,992
pr,76872,28727,14897,2442,2852,8539,3703,6366
pr,76899,8127,4135,137,2268,2561,1300,1663
pr,76910,276073,149886,58787,10225,47971,34119,59595
pr,76937,4958,2519,533,604,1675,717,1167
pr,76953,10943,5615,1130,1632,2980,1891,2223
pr,76970,3549,1797,354,478,883,533,725
pr,76996,13138,6824,485,1840,4526,1975,2740
pr,77011,35829,18689,2061,4270,11791,5347,6754
pr,77038,2123,1057,43,404,754,322,378
pr,77054,1699,881,208,199,440,236,407
pr,77070,9672,4956,229,2205,3149,1458,2369
pr,77097,12444,6305,1249,500,4446,1914,2484
pr,77119,3202,1615,328,385,835,472,753
pr,77135,2909,1456,237,391,761,442,605
pr,77151,1331,677,176,142,352,218,231
pr,77178,2867,1406,282,349,786,460,555
pr,77194,5705,2810,317,1626,1354,916,1246
pr,77216,21074,11128,1455,2027,7313,2770,4957
pr,77232,6376,3325,181,1445,1963,920,1487
pr,77259,10331,5318,905,1085,3192,1471,2291
pr,77275,17615,8593,793,5567,4721,3010,3339
pr,77291,2912,1464,235,427,943,362,717
pr,77313,27555,14501,1329,2078,8855,3780,5074
pr,77330,30407,15866,3085,5216,8532,6217,4473
pr,77356,25227,12836,2658,1600,8477,3967,4599
pr,77372,10399,5220,451,2471,3430,1766,2110
pr,77399,23803,12466,2591,2514,6492,3118,5136
pr,77410,9327,4760,576,1154,3206,1310,1795
pr,77437,7495,3873,663,918,2172,1283,1378
pr,77453,98933,51310,10676,3888,24473,16446,15292
pr,77470,1998,1023,154,276,557,342,354
pr,77496,60172,32614,10455,4445,14191,8434,12789
pr,77518,61406,32720,10281,4240,13464,9175,11659
pr,77534,4264,2069,323,272,1595,597,815
pr,77550,5400,2580,388,145,2280,841,1136
pr,77577,10473,5433,330,1789,3403,1444,2531
pr,77593,5266,2653,198,1459,1306,738,1314
pr,77615,9238,4526,617,843,3179,1597,1490
pr,77631,5101,2559,415,815,1501,724,1100
pr,77658,22593,11419,1573,2434,9441,4643,3596
pr,77674,18348,9363,1593,1519,5921,3098,3434
pr,77690,62695,33046,3821,3553,18658,11424,7556
pr,77712,26446,13389,1645,5709,6896,4213,5508
pr,77739,3151,1604,336,389,1026,473,691
pr,77755,10609,5340,274,2452,3246,1415,2713
pr,77771,237118,125759,35652,8472,55598,37934,39137
pr,77798,9687,5055,1191,653,2562,1384,2063
pr,77810,3517,1804,354,238,1161,555,675
pr,77836,2152,1076,237,269,527,314,372
pr,77852,2920,1446,217,149,1095,479,567
pr,77879,4013,2002,113,469,1594,592,747
pr,77895,8652,4431,351,971,3220,1139,2110
pr,77917,37582,18748,3145,6135,12642,5999,7509
pr,77933,6243,3265,661,573,1935,876,1364
pr,77950,15011,7767,1761,525,3481,2402,2183
pr,77976,7569,3922,601,1280,2418,1108,1437
pr,77992,4416,2241,111,789,1600,653,923
pr,78018,12810,6246,675,1195,4824,2142,2387
pr,78034,2985,1545,333,388,966,457,705
pr,78050,13898,7253,678,2956,3482,2028,3111
pr,78077,11259,5607,822,1451,3919,1936,1968
pr,78093,4936,2521,483,727,1530,835,1004
pr,78115,19706,9617,897,4196,6942,3630,3629
pr,78131,9455,4784,1004,805,3023,1342,2198
pr,78158,10268,5323,929,1527,3197,1661,2339
pr,78174,10420,4971,632,815,4170,1775,1710
pr,78190,2849,1380,268,528,725,397,746
pr,78212,24987,12518,1277,4178,7177,4719,3715
pr,78239,22703,11595,3025,1018,5561,3437,4226
pr,78255,46562,24609,6850,3064,12049,6649,9472
pr,78271,8140,4125,644,1442,2737,1244,1746
pr,78298,7314,3674,316,890,2910,1108,1495
pr,78310,5364,2779,541,561,1591,775,1065
pr,78336,3427,1690,183,470,1126,677,606
pr,78352,4014,2031,228,639,1342,559,1086
pr,78379,10413,5306,864,1616,3200,1677,2118
pr,78395,2897,1452,250,348,918,468,652
pr,78417,2946,1522,354,547,693,438,702
pr,78433,6181,3196,669,784,1789,844,1305
pr,78450,8519,4493,923,884,2270,1131,1903
pr,78476,1693,846,101,249,507,251,380
pr,78492,6667,3478,748,718,2079,847,1653
pr,78514,8741,4547,227,1951,2520,1276,1996
pr,78530,9441,4872,1249,1005,2997,1307,2363
pr,78557,4238,2124,260,617,1687,645,1000
pr,78573,13970,7335,1199,1372,5556,2391,2857
pr,78590,31051,16415,3950,3170,8736,4637,6385
pr,78611,2354,1238,54,546,782,336,543
pr,78638,2026,1028,231,323,493,301,474
pr,78654,4241,2156,435,534,1144,642,853
pr,78670,5171,2627,153,933,2071,718,1051
pr,78697,8129,4055,560,1826,2575,1359,1791
pr,78719,8725,4526,1039,1415,2176,1367,2107
pr,78735,4773,2466,113,1126,1674,657,1135
pr,78751,8799,4571,820,1783,2330,1280,2156
pr,78778,10811,5120,482,960,5259,1901,1812
pr,78794,4727,2439,569,532,1402,613,1148
pr,78816,7466,3815,694,1343,1679,1145,1620
pr,78832,4447,2210,302,531,1782,688,1078
pr,78859,188531,99713,22992,5944,43044,30965,24833
pr,78875,31924,16052,2883,1537,11182,5352,5320
pr,78891,21972,11383,938,3020,8970,3205,4448
pr,78913,6875,3504,728,968,1634,974,1458
pr,78930,2179,1091,196,310,535,325,426
pr,78956,6549,3456,745,862,1851,1085,1342
pr,78972,4356,2203,425,404,1366,675,826
pr,78999,5014,2450,391,1056,1702,835,1047
pr,79014,13548,6582,755,1733,5079,2435,2279
pr,79030,4575,2357,716,368,1289,625,1146
pr,79057,12661,6634,1606,901,3713,1778,2766
pr,79073,15085,7818,1277,2074,4704,2263,3230
pr,79090,3924,2014,374,423,1207,582,832
pr,79111,11744,5956,299,2118,4136,1782,2185
pr,79138,7486,3663,456,1003,2782,1305,1344
pr,79154,46780,24126,5116,5652,9986,7459,7027
pr,79170,12410,6528,1202,1141,3767,1757,2614
pr,79197,11635,5992,1148,819,4086,1742,2385
pr,79219,12678,6680,1505,1644,3778,1884,2677
pr,79235,13790,6882,974,1963,4409,2507,2188
pr,79251,11161,5463,589,1206,4579,1897,1982
pr,79278,96136,50381,15260,4941,23634,14371,15578
pr,79294,6216,3024,582,1013,1720,794,1474
pr,79316,6930,3400,155,1464,2129,1063,1425
pr,79332,18611,9775,1161,3282,5274,2776,3929
pr,79359,76375,41205,13075,5274,16614,10386,15522
pr,79375,37577,19942,5841,1224,9368,6374,6475
pr,79391,2106,1078,65,279,778,322,410
pr,79413,8285,4232,1303,1164,2101,1219,1960
pr,79430,14210,7343,1407,1468,4977,2198,3232
pr,79456,6683,3297,368,1374,1854,931,1537
pr,79472,5476,2726,464,779,1640,791,1242
pr,79499,5004,2567,384,745,1534,736,1213
pr,79510,14472,7609,1240,1761,4767,1897,3668
pr,79537,26384,13833,2241,4485,6951,3446,6322
pr,79553,23377,11800,635,6833,5156,3982,4618
pr,79570,8861,4645,299,1113,3203,1277,1969
pr,79596,5190,2527,102,1612,1529,787,1173
pr,79618,3624,1833,336,379,1206,508,866
pr,79634,26390,14157,2933,1314,6801,3888,5862
pr,79650,9653,4947,273,1882,2957,1187,2329
pr,79677,4830,2507,230,712,1601,704,1109
pr,79693,9023,4749,882,1249,2647,1169,2162
pr,79715,20440,10691,1292,2167,7073,2856,4415
pr,79731,4706,2408,168,878,1620,622,1202
pr,79758,6030,2999,249,965,2165,869,1393
pr,79774,5531,2825,392,918,1739,832,1406
pr,79790,6621,3400,245,454,2631,879,1549
pr,79812,6858,3428,143,2012,1970,1080,1528
pr,79839,4668,2278,142,976,1442,775,971
pr,79855,11968,6118,479,1067,3541,1890,1814
pr,79871,9126,4517,205,1783,2995,1521,1818
pr,79898,6965,3569,203,1438,2127,1030,1663
pr,79910,4498,2297,477,340,1792,637,1074
pr,79936,5546,2867,716,704,1469,744,1254
pr,79952,8075,4080,786,956,2815,1363,1643
pr,79979,7251,3639,356,1695,1953,921,1877
pr,79995,4998,2535,383,657,1672,671,1251
pr,84514,8752,4409,660,1240,3365,1645,1681
pr,84530,11058,5474,635,1184,4501,1976,1929
pr,84557,3293,1629,198,880,854,554,707
pr,84573,6413,3273,475,1336,1881,969,1415
pr,84590,4002,1992,307,952,951,560,964
pr,84611,60122,32054,3474,4918,19511,9774,9421
pr,84638,6187,3205,230,1144,2180,901,1226
pr,84654,6435,3297,776,750,1452,927,1255
pr,84670,16807,9031,1920,1432,4984,2540,2916
pr,84697,8951,4551,328,1354,3305,1248,2196
pr,84719,3010,1521,199,422,977,501,620
rj,58009,17728,9002,986,2202,5659,2626,3188
rj,58017,130537,65811,6837,15996,44196,19783,22404
rj,58025,10322,5231,365,1638,3873,1443,2159
rj,58033,96162,51363,5614,14965,30006,13128,22479
rj,58041,331087,177502,4414,40814,114645,51317,61776
rj,58050,71243,37398,3314,5582,25930,8209,18101
rj,58068,11443,5755,259,2393,4388,1412,2811
rj,58076,135177,70942,5665,17442,43246,16757,30723
rj,58084,8141,4016,192,1351,3775,1284,1575
rj,58092,22117,11098,619,4054,9616,2760,4953
rj,58106,40733,21018,1610,4597,16038,6116,7860
rj,58114,29726,15682,1750,4267,7800,4084,7111
rj,58122,72971,41542,4974,4010,19616,13157,12591
rj,58130,151452,81494,10027,17718,44198,20479,31306
rj,58149,73693,38213,780,11408,30913,12308,12505
rj,58157,45318,23104,1383,7723,15803,6068,9521
rj,58165,7628,3959,247,923,2742,1081,1522
rj,58173,12172,6034,482,2168,3885,1591,2973
rj,58181,8961,4606,289,1437,2623,975,2170
rj,58190,361248,193064,16721,62143,109175,47705,79629
rj,58203,75978,41498,11040,3997,13928,12169,11523
rj,58211,16188,8233,916,3228,4673,1942,3951
rj,58220,9615,4993,284,1136,3677,1296,2016
rj,58238,14421,7561,906,2062,4564,1906,3254
rj,58246,17410,9044,493,2531,6059,2340,3734
rj,58254,32004,16378,1552,4419,10008,4687,6121
rj,58262,22858,12049,1783,1807,6358,3007,5846
rj,58270,17416,8860,633,3056,5160,2462,3740
rj,58289,37049,18475,639,12727,11548,4953,8596
rj,58297,16682,8752,752,2046,5098,2152,3784
rj,58300,11933,5914,296,1871,4103,1673,2210
rj,58319,9698,4737,285,1396,4502,1298,1923
rj,58327,17085,8719,804,1651,6319,2694,2723
rj,58335,634781,339321,13802,64907,210154,89241,127224
rj,58343,7232,3609,236,1625,2774,952,1591
rj,58351,10653,5530,396,1024,3857,1405,2463
rj,58360,24402,12469,359,4782,9680,3393,4649
rj,58378,171797,90511,3824,23502,64607,24618,32402
rj,58386,6970,3581,191,745,2696,1000,1375
rj,58394,90951,47218,2429,8969,32218,13604,17189
rj,58408,27915,14516,2598,1281,7995,4293,4390
rj,58416,19299,9994,1072,3131,5925,2224,4904
rj,58424,55045,28705,1769,4986,19901,7780,10587
rj,58432,75773,40225,4198,10297,24640,9013,18674
rj,58440,25009,12806,1522,2023,9189,3585,4740
rj,58459,7274,3615,251,995,2964,1004,1698
rj,58467,135124,71863,3579,10450,42049,18219,29313
rj,58475,160555,82954,11442,14352,40889,22886,25561
rj,58491,181364,95495,3161,21144,67381,27943,35370
rj,58513,36086,18350,2661,1713,9561,4663,8195
rj,58530,107820,57361,9376,8860,28260,13917,24774
rj,58556,15470,8127,657,1743,4634,1795,3852
rj,58572,23022,12109,1981,3319,6628,2808,5970
rj,58599,22336,11742,1279,2926,6394,2687,5572
rj,58610,12372,6398,597,1492,4112,1678,2939
rj,58637,133274,73264,5997,7170,34188,17593,29183
rj,58653,384813,213261,113812,10126,52925,45530,95825
rj,58670,151918,80248,8891,19289,48247,17795,37835
rj,58696,588473,314082,15387,66042,185019,85391,120240
rj,58718,33967,17726,1077,1624,13190,4627,6893
rj,58734,34131,17895,1121,3717,12360,4492,7977
rj,58750,29712,15032,1754,6198,9263,4405,5332
rj,58777,243659,129925,15328,22249,80439,28644,60273
rj,58793,22456,11567,772,3342,7928,3029,4687
rj,58815,14007,7256,581,2381,4203,1839,3509
rj,58831,93967,48796,6986,7527,28575,12793,19338
rj,58858,45312,23445,1582,6243,17518,5666,9957
rj,58874,15484,7655,491,2160,6432,2199,3465
rj,58890,8514,4361,546,775,3352,1275,1679
rj,58912,8645,4213,294,2383,2646,1167,2170
rj,58939,33368,17215,1418,6273,9370,3739,8757
rj,58955,30621,15676,1047,7361,8748,3644,8209
rj,58971,678579,364520,20602,66529,198911,83270,156866
rj,58998,32872,17344,2925,5051,8920,5040,6202
rj,59013,367866,195767,6647,40934,112211,49498,80298
rj,59030,64063,33152,3426,7850,19607,9260,13121
rj,59056,6732,3445,502,733,2704,820,1636
rj,59072,16506,8391,575,2725,6649,2136,3694
rj,59099,64889,33742,3923,9007,20579,7923,16568
rj,59110,18757,9389,511,4740,6235,2826,3744
rj,59137,13791,6819,213,3457,6630,1719,2819
rj,59153,129405,68596,9908,17990,41444,16656,30115
rj,59170,8134,4131,559,1090,3042,1199,1761
rj,59196,62319,33270,2761,6651,20107,8259,14111
rj,59218,58319,30579,3837,5338,21174,7237,15535
rj,59234,30214,15918,2691,3611,9338,4137,6988
rj,59250,224180,119661,16319,17366,62210,27761,53953
rj,59277,29927,15143,2129,3080,8441,4060,6318
rj,59293,11147,5876,321,2528,3547,1319,2906
rj,59315,22821,11702,816,5064,8060,2944,5103
rj,59331,16167,8223,475,2193,7239,2247,3217
rj,60011,4891885,2669796,538095,337112,996004,580788,1306735
rn,16004,4638,2374,314,1057,1246,840,734
rn,16012,8874,4717,794,1259,2400,1270,1840
rn,16020,9648,4799,327,2185,2938,1748,1321
rn,16039,41799,21859,2740,9856,11073,6774,6806
rn,16047,4675,2369,196,952,1763,853,632
rn,16055,9280,4761,465,1842,3175,1625,1437
rn,16063,7508,3749,413,1813,2408,1504,1089
rn,16071,2551,1281,102,730,636,467,425
rn,16080,6295,3162,298,1400,2050,1105,890
rn,16098,10802,5719,528,3342,3007,1640,2395
rn,16101,2958,1438,155,922,890,522,458
rn,16110,4885,2477,288,1044,1411,736,902
rn,16128,3655,1824,184,1052,1049,654,584
rn,16136,10627,5424,397,2495,2504,1692,1441
rn,16144,2807,1387,140,665,785,424,457
rn,16152,9032,4714,723,2206,2111,1399,1678
rn,16160,2802,1463,169,752,902,461,595
rn,16179,5329,2744,321,1389,1922,905,1032
rn,16187,3373,1693,164,1241,952,752,534
rn,16195,26886,14007,2300,5784,7905,4089,4711
rn,16209,3726,1894,225,765,1490,596,730
rn,16217,20431,10588,1119,3311,4982,3181,3444
rn,16225,4814,2444,303,921,1313,785,699
rn,16233,10302,5421,658,1973,3115,1978,1516
rn,16241,4154,2083,154,936,1515,843,625
rn,16250,8026,4073,513,2078,2373,1356,1496
rn,16268,8549,4437,381,2019,2601,1694,1235
rn,16276,6671,3422,376,1702,1771,1123,1025
rn,16284,4488,2196,117,1489,1344,898,612
rn,16292,4413,2167,156,1453,1254,797,761
rn,16306,3737,1843,168,1033,1083,721,536
rn,16314,4418,2202,217,1167,1376,929,737
rn,16330,7717,3914,286,2211,2378,1354,1408
rn,16357,9496,4938,342,2834,2714,1704,1488
rn,16373,3331,1690,140,659,1197,581,508
rn,16390,42795,23008,4824,7054,10195,5727,8517
rn,16411,7452,3875,323,1939,1924,1226,1490
rn,16438,22793,11754,1100,6137,7227,4459,3230
rn,16454,18219,9437,694,5094,5081,2939,3437
rn,16470,5687,2929,324,837,1742,923,1082
rn,16497,8460,4278,305,1915,2828,1426,1289
rn,16519,51506,27340,2339,11278,15684,9220,7659
rn,16535,8447,4330,427,2013,2807,1413,1694
rn,16551,4463,2284,151,1170,1689,842,815
rn,16578,3755,1922,203,1244,1142,738,760
rn,16594,6608,3391,384,1504,1778,933,1390
rn,16616,30007,16274,2963,5271,7513,4269,6283
rn,16632,5262,2809,350,1435,1434,896,1120
rn,16659,4363,2286,241,1181,1292,773,794
rn,16675,4465,2283,161,894,1520,823,744
rn,16691,6888,3596,294,1834,2251,1388,1089
rn,16713,20521,11214,1265,2985,5393,3764,2587
rn,16730,6309,3264,460,1682,1472,973,1047
rn,16756,7543,3855,516,2142,1613,1097,1487
rn,16772,2635,1347,158,813,616,391,519
rn,16799,2354,1158,140,717,595,440,317
rn,16810,19138,9957,933,4719,5858,3529,2481
rn,16837,11356,5780,559,2889,3534,1786,2038
rn,16853,7967,4069,298,1881,2544,1168,1277
rn,16870,13726,7035,578,3454,3648,2366,1623
rn,16896,10202,5034,263,3185,3381,1851,1467
rn,16918,11906,6130,435,3255,3358,1910,1966
rn,16934,1781,917,196,336,407,268,387
rn,16950,4477,2354,409,1001,1303,690,822
rn,16977,5500,2875,238,1569,1564,906,1139
rn,16993,5178,2613,235,1352,1759,1026,820
rn,17019,4117,2185,255,1014,1220,643,829
rn,17035,6930,3518,292,2141,1978,1298,1280
rn,17051,5097,2654,162,1592,1600,934,922
rn,17078,2507,1228,104,610,912,432,498
rn,17094,10297,5335,543,2424,3725,1567,1689
rn,17116,9711,5130,911,1953,2627,1315,2204
rn,17132,22916,12222,1246,6216,7173,4688,3521
rn,17159,2669,1369,57,888,912,502,460
rn,17175,4793,2553,308,1546,1432,803,1101
rn,17191,14025,7266,761,4984,3367,1957,2842
rn,17213,4020,2080,311,889,1083,730,675
rn,17230,4833,2515,262,1602,1261,1083,681
rn,17256,6515,3253,218,2102,1903,1307,1072
rn,17272,3187,1528,148,874,1054,586,471
rn,17299,11432,6049,603,2388,4521,1985,2045
rn,17310,8603,4341,195,2455,2911,1601,1262
rn,17337,8215,4270,496,1989,2027,1280,1710
rn,17353,4627,2312,233,1177,1246,781,855
rn,17370,3264,1680,228,739,846,560,562
rn,17396,6871,3603,423,1998,2193,1203,1461
rn,17418,49803,26453,1896,11825,14698,8318,7283
rn,17434,22076,11632,1010,4667,5681,3219,3833
rn,17450,6172,3215,539,1873,1625,1007,1255
rn,17477,6375,3379,518,912,2167,1021,1354
rn,17493,8028,4107,370,1842,2399,1486,1194
rn,17515,3917,2026,194,804,1350,561,776
rn,17531,8156,4270,499,2095,2920,1635,1405
rn,17558,16267,8458,679,3908,5624,3066,2526
rn,17574,2410,1210,113,639,568,544,325
rn,17590,174189,93168,19950,22688,38340,25459,28264
rn,17612,557109,307679,97205,36360,104464,78619,102367
rn,17639,20012,10112,930,3751,7162,3606,3060
rn,17655,24218,13050,1408,6933,6264,4478,3819
rn,17671,4012,1976,360,1217,1119,644,847
rn,17698,3925,1981,290,606,1343,561,843
rn,17710,3246,1604,144,870,1110,553,656
rn,17736,4127,2085,314,801,1249,708,717
rn,17752,4545,2359,187,1106,1633,1038,629
rn,17779,16454,8575,1105,2615,4772,2433,3006
rn,17795,119014,64912,16717,11765,23498,19260,16040
rn,17817,8626,4533,401,2780,2336,1694,1473
rn,17833,2980,1521,173,591,1009,590,482
rn,17850,8748,4659,725,1975,2541,1495,1637
rn,17876,19443,10529,1906,3572,4545,3034,3436
rn,17892,3640,1830,173,817,1296,769,540
rn,17914,2713,1292,107,582,848,510,441
rn,17930,6931,3416,303,1699,2382,1215,1243
rn,17957,10442,5420,559,2001,3840,1924,1820
rn,17973,10240,5294,461,2295,2805,1675,1530
rn,17990,3461,1747,117,900,1148,509,694
rn,18015,9942,5089,355,2583,2824,2004,1490
rn,18031,5728,3004,381,1439,1572,885,1164
rn,18058,7211,3699,418,1868,2230,1408,1279
rn,18074,7234,3655,246,1658,2449,1310,1092
rn,18090,4325,2193,237,1209,1183,716,864
rn,18112,2640,1323,259,714,729,481,468
rn,18139,3410,1734,181,1006,1021,532,747
rn,18155,5535,2826,331,1156,1757,1201,808
rn,18171,3777,1984,241,1090,1071,675,714
rn,18198,3743,1821,116,994,952,707,608
rn,18210,3798,1872,201,1002,1158,648,694
rn,18236,23724,12711,1783,4716,6579,4254,3886
rn,18252,2428,1207,152,362,771,336,445
rn,18279,10911,5661,590,3275,2851,1502,2408
rn,18295,16293,8538,766,4227,4749,3052,2431
rn,18317,3220,1598,134,665,1157,612,523
rn,18333,3810,1939,143,900,1139,723,590
rn,18350,3310,1664,90,847,1033,486,667
rn,18376,65066,34436,2810,11000,17751,11017,8875
rn,18392,4774,2463,466,879,1279,691,1025
rn,18414,30000,15672,1004,6571,10932,5174,4715
rn,18430,9666,5052,547,2658,2341,1798,1755
rn,18457,3949,2010,357,611,1090,599,716
rn,18473,16611,9091,996,6219,4281,2917,3566
rn,18490,12456,6594,814,2769,3290,2087,2258
rn,18511,5703,2881,218,1341,1858,1155,916
rn,18538,6720,3455,358,1663,2051,968,1312
rn,18554,9279,4694,359,3113,2356,1581,1747
rn,18570,4832,2510,260,1483,815,720,1038
rn,18597,4918,2463,282,1154,1478,910,732
rn,18619,3450,1823,192,820,909,715,505
rn,18635,4849,2518,202,1301,1463,837,843
rn,18651,5989,3139,357,1904,1612,892,1266
rn,18678,6170,3001,240,1786,1775,1215,1004
rn,18694,6259,3228,524,1582,2116,898,1144
rn,18716,4419,2190,167,1040,1443,833,732
rn,18732,2447,1276,196,587,717,447,391
rn,18759,9715,4851,406,2435,3150,1853,1565
rn,18775,11313,5858,523,3197,3044,2079,1943
rn,18791,7342,3801,390,2283,2324,1061,1453
rn,18813,10397,5279,727,1622,3623,1785,1419
rn,18830,2425,1251,142,537,678,345,487
rn,18856,23394,12052,944,6070,7225,4510,3593
rn,18872,8276,4418,701,2048,2255,1372,1704
rn,18899,10538,5285,686,2338,3299,1803,1634
rn,18910,4278,2199,266,774,1466,724,744
rn,18937,3699,1833,204,821,1084,597,709
rn,18953,9709,4976,304,2958,2907,1862,1498
rn,18970,1697,892,146,351,521,325,277
rn,18996,2653,1342,103,524,957,577,317
rn,30031,19219,9734,609,6265,6098,3405,2743
ro,00019,28509,14651,2131,3748,7618,5433,3975
ro,00035,334529,173831,39566,26541,74351,60332,39861
ro,00051,85978,45035,8525,9517,22756,14480,11806
ro,00078,66945,34631,5884,8253,17907,11969,8514
ro,00094,60905,31806,8153,6673,15656,10959,8461
ro,00116,26269,13245,2914,3965,7050,4752,3848
ro,00132,60464,31609,8719,5190,16093,10363,8294
ro,00159,40137,20200,1122,9520,12947,6538,6972
ro,00175,29469,15204,970,5010,11777,4578,5401
ro,00191,14813,7636,1214,2863,4755,2332,2817
ro,00213,8828,4201,230,2381,3239,1708,1278
ro,00230,13734,6914,921,2521,3929,2140,2605
ro,00256,23293,11594,1740,4152,8364,4035,3689
ro,00272,12238,6323,1418,2183,3477,1960,2217
ro,00299,38258,19978,4781,5261,10089,6585,5895
ro,00310,18789,9173,528,6387,4960,3080,3341
ro,00337,12144,5999,327,3867,3367,1974,2454
ro,00353,6443,3222,452,1676,1646,991,1151
ro,00370,14059,6831,329,3714,4938,2282,2568
ro,00396,23091,11050,1028,3886,9758,3975,3324
ro,00418,16478,8043,399,3483,6656,3126,2453
ro,00434,17004,8273,622,3964,6308,2882,2163
ro,00450,4605,2228,287,1033,1384,618,972
ro,00477,17683,8610,765,2821,6113,3369,2407
ro,00493,6520,3139,343,1194,2242,1230,945
ro,00515,6610,3237,471,1737,1865,1058,1233
ro,00531,3065,1473,140,624,1033,511,513
ro,00558,6418,3111,87,1491,2845,1040,1227
ro,00566,9293,4502,163,3507,2838,1416,1878
ro,00574,8784,4343,137,2333,3480,1429,1782
ro,00582,9138,4342,138,2199,4024,1675,1435
ro,00590,8303,3875,122,2467,3199,1274,1548
ro,00604,5727,2884,416,1034,2103,986,1028
ro,00612,7402,3540,107,2225,2734,1133,1293
ro,00620,3933,1934,213,728,1393,576,692
ro,00639,11942,5764,442,2366,4435,1937,1835
ro,00647,3043,1441,159,611,1023,430,491
ro,00655,5607,2653,373,889,2252,887,833
ro,00663,9889,4887,425,2082,3451,1610,1645
ro,00671,7980,3746,251,1773,3215,1347,1100
ro,00680,10694,5309,346,2090,4291,1895,1276
ro,00698,6225,2946,244,1314,2426,1007,1057
ro,00701,3073,1445,152,698,1053,558,413
ro,00710,4372,2115,336,741,1659,649,859
ro,00728,2773,1354,179,527,969,473,491
ro,00736,8097,3939,399,2363,2649,1386,1257
ro,00744,5647,2732,55,1291,2533,948,1004
ro,00752,4164,1991,62,957,1763,662,777
ro,00779,23065,11388,924,3244,9568,4234,3026
ro,00787,1747,822,139,278,537,287,266
ro,00795,11085,5451,309,3211,3668,1925,1590
ro,00809,6472,3034,398,1002,2297,1226,713
rr,03000,5639,2696,388,1067,1558,1227,699
rr,03018,218304,114227,29370,11839,36709,46005,23020
rr,03026,5025,2417,351,835,1377,1156,658
rr,03034,12489,6133,941,1692,3606,2915,1547
rr,03042,5716,2662,403,734,1354,1385,734
rr,03050,9537,4611,804,1689,1971,2185,1314
rr,03069,11001,5297,746,1835,2856,2465,1655
rr,03077,8379,4297,508,1486,2258,2042,1213
rr,03085,17533,8683,1270,3024,4773,3911,2168
rr,03093,11227,5532,868,1826,2827,2537,1495
rr,03107,5411,2752,144,1446,1392,1501,491
rr,03115,6395,3185,340,1081,1416,1838,695
rr,03123,7573,3894,616,887,1772,1861,947
rr,03131,4352,2050,413,697,1036,932,544
rr,03158,4883,2303,365,855,1107,1057,592
rs,84735,2958,1452,187,159,1436,404,742
rs,84743,2441,1197,170,207,1157,235,785
rs,84751,2969,1446,260,31,1357,370,750
rs,84760,4705,2270,271,430,2373,621,1099
rs,84778,2204,1078,119,248,1010,281,660
rs,84786,3056,1532,209,290,1504,431,860
rs,84794,2421,1210,216,69,1058,299,707
rs,84808,1691,839,183,96,633,216,428
rs,84816,13865,7145,564,507,6139,2015,2177
rs,84824,2824,1399,192,154,1180,275,825
rs,84832,2601,1303,294,226,852,327,771
rs,84840,3184,1525,138,518,1413,477,706
rs,84859,4014,1997,361,526,1721,528,1166
rs,84867,1384,665,177,43,559,134,461
rs,84875,3335,1671,342,161,1292,360,978
rs,84883,3964,1987,329,293,1778,482,1230
rs,84891,7087,3591,294,302,3317,1054,1302
rs,84905,3266,1595,160,348,1563,451,806
rs,84913,1899,953,211,175,648,264,465
rs,84921,5369,2621,363,1008,2010,742,1202
rs,84930,2262,1103,156,28,1083,235,634
rs,84948,2951,1468,270,296,1111,428,679
rs,84956,2221,1108,229,144,866,232,697
rs,84964,3418,1671,197,401,1314,541,864
rs,84972,3409,1666,213,306,1677,525,774
rs,84980,7889,4002,445,896,2993,1113,1899
rs,84999,5297,2593,376,239,2200,638,1442
rs,85006,4629,2276,332,990,1349,744,996
rs,85014,11910,5992,926,605,5430,1689,2549
rs,85022,2678,1354,219,115,1002,339,707
rs,85030,5886,3015,468,570,2218,699,1623
rs,85049,2537,1230,149,277,1016,376,710
rs,85057,5182,2539,342,369,2691,669,1563
rs,85065,3703,1795,183,496,1507,440,899
rs,85073,60101,31189,4639,6528,18375,7134,15480
rs,85081,2525,1259,174,186,1072,389,584
rs,85090,6099,2929,302,1289,2278,801,1546
rs,85103,6959,3495,491,612,2762,878,1846
rs,85111,128956,69475,5718,4785,39056,22342,20173
rs,85120,4062,2081,324,242,1563,559,906
rs,85138,4829,2393,288,415,1949,541,1389
rs,85146,5774,2832,228,323,2868,721,1547
rs,85154,9988,5047,1147,240,3686,1305,2328
rs,85162,7289,3745,556,358,3334,986,1736
rs,85170,6052,2971,543,486,2390,765,1745
rs,85189,3624,1803,267,50,1438,500,708
rs,85197,15575,7877,1510,114,5871,2002,3143
rs,85200,3123,1547,328,237,1283,424,855
rs,85219,10015,5281,776,1057,3328,1416,2394
rs,85227,2225,1085,144,254,1025,359,576
rs,85235,10521,5254,268,1338,4655,1472,2437
rs,85243,1883,939,186,96,803,207,531
rs,85251,14338,7369,1475,1500,5408,1994,3703
rs,85260,4470,2177,211,708,2118,726,960
rs,85278,8694,4371,581,1907,2547,1348,2183
rs,85286,4839,2484,562,208,1800,636,1228
rs,85294,5492,2812,612,107,2548,676,1451
rs,85308,6825,3545,586,480,2074,822,1901
rs,85316,92121,49070,5958,6934,29243,12238,21990
rs,85324,3314,1645,146,143,1573,424,737
rs,85332,5077,2481,530,369,1911,706,1206
rs,85340,2114,1058,178,127,929,314,493
rs,85359,4292,2132,307,471,1922,627,1151
rs,85367,7337,3698,615,639,2678,1051,1536
rs,85375,9782,4996,738,547,3484,1452,2253
rs,85383,2136,1011,141,35,885,267,390
rs,85391,7977,3906,376,2364,2450,1224,1907
rs,85405,1850,862,99,63,889,207,477
rs,85413,89380,46392,8266,3826,26412,10622,18958
rs,85421,1527,750,110,118,772,174,490
rs,85430,5341,2677,524,103,2028,663,1337
rs,85448,2357,1185,101,332,1034,289,723
rs,85456,8341,4254,629,534,3603,1438,1872
rs,85464,6183,3076,231,967,2627,905,1437
rs,85472,9455,4914,592,304,3965,1265,2181
rs,85480,5633,2795,329,828,2215,697,1444
rs,85499,4819,2380,391,423,1980,612,1390
rs,85502,6284,3064,358,696,2014,879,1536
rs,85510,2843,1434,180,488,959,433,698
rs,85529,5416,2614,273,405,2636,853,1148
rs,85537,14167,7469,1151,1493,5117,2055,3193
rs,85545,3169,1557,214,179,1541,396,920
rs,85553,23362,12405,2706,2691,7844,2771,6447
rs,85561,2612,1330,178,108,1080,284,743
rs,85570,8292,4352,774,916,2544,974,2290
rs,85588,2077,992,119,364,778,357,494
rs,85596,68844,35995,4872,6201,23070,8198,18767
rs,85600,2429,1197,261,207,930,359,615
rs,85618,102562,54087,3419,3927,31333,13694,20208
rs,85626,1862,908,195,122,739,210,611
rs,85634,3868,1924,286,412,1567,566,982
rs,85642,3400,1702,415,349,1242,427,923
rs,85650,3925,1965,347,197,1715,489,1070
rs,85669,2563,1257,347,230,933,349,689
rs,85677,4037,1986,385,439,1665,559,1129
rs,85685,18214,9606,1255,704,5811,2277,5009
rs,85693,51231,26519,2705,5448,20026,6761,11797
rs,85707,2224,1109,178,118,1030,314,546
rs,85715,4883,2396,395,336,1669,695,1096
rs,85723,3907,1869,229,78,1602,533,670
rs,85731,5080,2512,389,196,2146,586,1494
rs,85740,3798,1833,118,405,1840,491,880
rs,85758,4516,2346,511,468,1432,596,1243
rs,85766,2016,986,145,128,1038,202,673
rs,85774,52264,27177,2690,2400,18604,6791,9847
rs,85782,2663,1341,169,78,1208,229,896
rs,85790,4160,2108,276,697,1309,640,1041
rs,85804,9253,4981,746,315,2767,1280,2747
rs,85812,20950,10851,1389,2483,8581,2992,4434
rs,85820,1487,728,102,122,628,164,467
rs,85839,5388,2657,446,326,2223,651,1452
rs,85847,2521,1259,209,254,956,339,643
rs,85855,31263,16447,2016,2246,10553,4156,5927
rs,85863,1506,707,99,71,637,162,436
rs,85871,44673,22009,1509,6655,20987,5767,11938
rs,85880,2702,1314,204,308,1040,442,631
rs,85898,252200,134218,21306,8359,63129,34165,51060
rs,85901,2567,1260,135,322,1187,314,742
rs,85910,47272,25307,3507,2506,14270,6282,11198
rs,85928,2670,1316,153,357,1001,376,723
rs,85936,20699,10560,2764,334,5949,2548,4179
rs,85944,6727,3318,359,1064,2929,916,1366
rs,85952,7619,3891,812,404,2523,942,2122
rs,85960,2361,1177,290,301,863,306,595
rs,85979,7155,3688,855,585,2690,849,1993
rs,85987,5174,2567,268,398,2514,607,1326
rs,85995,322901,170288,52526,5134,64379,42566,61001
rs,86010,9525,4908,1298,277,3126,1289,2112
rs,86029,2283,1125,142,363,846,357,557
rs,86037,7509,3879,610,221,3347,834,2058
rs,86045,4547,2220,228,1351,1478,685,968
rs,86053,3430,1727,274,375,1253,443,907
rs,86061,3189,1571,293,61,1287,365,784
rs,86070,3624,1786,353,397,1347,496,1040
rs,86088,3679,1789,143,388,1838,442,970
rs,86096,3048,1570,275,86,1299,342,916
rs,86100,1250,597,144,75,480,169,318
rs,86118,5550,2812,423,214,2250,740,1290
rs,86126,1973,949,131,86,832,222,585
rs,86134,7960,4107,851,940,2752,1186,1977
rs,86142,3691,1824,276,306,1610,527,964
rs,86150,5895,3007,376,1179,1945,892,1421
rs,86169,2649,1298,207,334,1044,344,642
rs,86177,10654,5451,851,686,4605,1337,3123
rs,86185,5199,2634,439,509,2195,546,1546
rs,86193,48334,26100,3746,2957,16144,6062,12075
rs,86207,4988,2429,211,231,2710,614,1095
rs,86215,8904,4553,669,303,3878,1160,2258
rs,86223,4746,2326,287,269,1926,573,1096
rs,86231,3928,1928,375,415,1426,545,1030
rs,86240,20980,11242,1548,1144,6021,3765,3456
rs,86258,23714,12248,1059,588,9508,3036,3865
rs,86274,10278,5041,411,2019,4959,1464,2238
rs,86282,2559,1236,131,37,1133,313,547
rs,86290,30099,15825,1580,3978,10857,3500,8088
rs,86304,5261,2623,426,369,2487,774,1089
rs,86312,3066,1570,285,187,1242,423,752
rs,86320,3351,1727,252,450,1058,400,1045
rs,86339,17583,9214,1698,774,6597,2133,4604
rs,86347,4200,1946,156,526,2129,670,754
rs,86355,17998,9145,1340,2626,7215,2611,4318
rs,86363,2278,1131,194,231,832,373,456
rs,86371,78822,42149,7337,4455,22087,10060,17216
rs,86380,1760,829,113,123,788,203,544
rs,86398,5161,2552,409,830,1856,661,1478
rs,86401,2604,1289,252,166,823,371,584
rs,86410,4110,2009,301,510,1923,580,1113
rs,86428,1886,954,123,130,862,321,405
rs,86436,5395,2747,393,462,2514,787,1424
rs,86444,2074,1040,134,269,672,341,482
rs,86452,2637,1327,236,249,1153,349,715
rs,86460,2578,1255,157,245,1174,331,722
rs,86479,12201,6293,1512,659,4363,1531,3093
rs,86487,7306,3446,505,440,2477,1128,1120
rs,86495,35212,18297,1407,1396,13122,4762,6248
rs,86509,2456,1184,92,107,1116,332,608
rs,86517,68809,36302,3295,2665,19938,8571,15337
rs,86525,1392,669,61,105,634,192,350
rs,86533,25786,13442,2234,687,8902,3141,6150
rs,86541,2528,1186,113,214,1235,323,661
rs,86550,55589,28674,4695,1750,18001,7217,10872
rs,86568,2301,1151,116,323,1237,360,610
rs,86576,5575,2869,818,248,2097,703,1532
rs,86584,2241,1091,127,76,1022,216,714
rs,86592,10210,5188,1006,287,3496,1342,1994
rs,86606,2268,1114,127,122,1056,309,657
rs,86614,22857,11578,2709,661,7977,3173,4656
rs,86622,2412,1208,174,195,937,275,666
rs,86630,8166,3975,371,1539,2866,1336,1854
rs,86649,2464,1226,157,86,1053,373,513
rs,86657,5563,2749,363,625,2232,750,1570
rs,86665,2697,1343,149,341,1126,407,682
rs,86673,25128,13201,2158,1615,8859,3601,5638
rs,86681,1876,915,136,252,730,285,441
rs,86690,23668,12269,3452,570,7396,3144,4890
rs,86703,1198,599,91,201,469,211,265
rs,86711,5077,2557,489,295,1812,675,1311
rs,86720,2648,1282,172,437,1027,331,668
rs,86738,5845,2933,493,442,2272,779,1530
rs,86746,1535,727,139,159,573,199,390
rs,86754,7386,3718,399,1017,2691,1045,1904
rs,86762,2057,998,129,313,749,338,449
rs,86770,13343,6997,1143,832,4830,1608,3556
rs,86789,2854,1382,128,283,1436,489,549
rs,86797,12405,6421,1184,1593,3590,1770,3175
rs,86800,4608,2282,225,374,1920,747,913
rs,86819,31354,16483,2571,1130,10925,3901,6353
rs,86827,2009,971,111,328,789,276,492
rs,86835,189422,99203,5478,9835,61470,26190,39184
rs,86843,1844,902,75,378,724,316,421
rs,86851,74115,38995,2842,5684,22469,9980,15631
rs,86860,1788,877,82,205,831,321,388
rs,86878,17611,9262,2119,445,5389,2417,3633
rs,86886,1542,782,164,31,559,159,450
rs,86894,5756,2911,633,375,2118,763,1399
rs,86908,4367,2168,113,194,2050,635,645
rs,86916,14027,7370,2175,420,4072,1654,3368
rs,86924,1395,667,76,55,638,138,388
rs,86932,25219,13096,895,2111,8547,3344,5595
rs,86940,5288,2686,460,541,2192,737,1312
rs,86959,3994,2074,385,262,1685,449,1177
rs,86967,5542,2736,410,422,2492,742,1454
rs,86975,3828,1978,402,372,1564,447,1178
rs,86983,2179,1061,106,264,888,298,555
rs,86991,5350,2648,497,490,2198,677,1446
rs,87009,3411,1619,163,274,1537,409,923
rs,87017,15608,8201,2243,608,5313,2016,3948
rs,87025,2564,1224,212,130,1011,346,576
rs,87033,26894,13853,1144,1013,11290,3683,4577
rs,87041,3728,1865,177,156,1720,483,850
rs,87050,64622,34258,6488,4037,19507,8066,15556
rs,87068,6044,3132,318,769,2399,893,1279
rs,87076,3469,1744,273,659,1144,434,969
rs,87084,2946,1474,284,216,1167,251,973
rs,87092,5437,2701,412,193,2496,732,1452
rs,87106,2589,1271,195,336,924,388,652
rs,87114,6140,3146,231,774,2741,742,1840
rs,87122,2911,1415,180,403,1068,317,708
rs,87130,27765,14380,1322,2291,10589,4103,5911
rs,87149,5080,2533,308,62,2113,594,1147
rs,87157,3286,1550,238,483,1384,468,891
rs,87165,2095,1038,110,324,857,384,411
rs,87173,14342,7481,2062,276,3976,1899,2302
rs,87181,1895,935,142,188,762,213,492
rs,87190,2958,1522,299,299,1014,356,893
rs,87203,1903,950,165,64,788,231,589
rs,87211,20072,10853,2430,1740,6564,2430,5370
rs,87220,2308,1117,187,82,987,225,670
rs,87238,8386,4207,1019,671,3006,1072,2005
rs,87246,17011,8643,903,725,5328,2763,2881
rs,87254,14491,7572,1732,1200,4852,2148,3492
rs,87262,3443,1672,138,383,1572,498,889
rs,87270,19644,10270,2800,2031,5690,2940,4618
rs,87289,3105,1537,151,300,1574,327,1008
rs,87297,60191,32215,5368,2458,17434,7397,12036
rs,87300,1750,859,106,169,798,232,477
rs,87319,5280,2781,482,670,1685,660,1360
rs,87327,3043,1501,204,200,1020,394,647
rs,87335,4410,2187,272,872,1631,610,1110
rs,87343,4800,2428,297,299,2327,556,1195
rs,87351,4487,2248,344,481,1846,654,1182
rs,87360,4357,2240,329,117,1700,533,952
rs,87378,30977,15922,3213,1466,9606,4131,6263
rs,87386,3515,1683,292,256,1670,517,901
rs,87394,3826,1894,378,274,1563,503,1114
rs,87408,3237,1605,256,564,1102,514,767
rs,87416,2016,982,126,190,882,265,558
rs,87424,3086,1524,187,192,1246,438,673
rs,87432,4066,2015,288,381,1799,530,1134
rs,87440,1684,801,108,140,752,200,499
rs,87459,3965,1981,268,547,1594,576,1095
rs,87467,2172,1099,130,234,1014,272,669
rs,87475,3893,1917,269,317,1614,562,954
rs,87483,1632,796,79,175,731,207,493
rs,87491,47189,24531,3352,3239,14556,6261,10227
rs,87505,2366,1110,142,143,1024,289,511
rs,87513,8321,4109,539,550,3733,1268,1786
rs,87521,2173,1010,127,180,1113,267,534
rs,87530,3999,2041,375,115,1700,452,1155
rs,87548,2883,1384,165,559,1103,421,775
rs,87556,12398,6465,1656,486,3651,1584,2774
rs,87564,2194,1091,109,217,1023,348,510
rs,87572,9042,4641,768,986,2976,1489,1940
rs,87580,2445,1177,218,28,971,273,662
rs,87599,3879,1945,381,193,1222,531,868
rs,87602,5022,2504,297,180,2093,597,1160
rs,87610,6844,3368,669,880,1908,925,1615
rs,87629,1663,799,115,154,716,144,578
rs,87637,2642,1288,235,57,1165,316,827
rs,87645,1891,915,158,175,661,268,473
rs,87653,5149,2550,635,170,2083,720,1351
rs,87661,1934,975,139,122,685,243,513
rs,87670,15540,8037,2322,194,4863,1848,3331
rs,87688,2172,1085,148,243,937,260,669
rs,87696,17265,8943,2776,297,4957,2391,3322
rs,87700,2526,1303,421,100,831,293,776
rs,87718,180249,95033,10856,11620,62853,22255,37934
rs,87726,2904,1411,184,190,1282,484,518
rs,87734,36300,19119,3334,1840,11839,4869,8319
rs,87742,2139,1022,122,22,1027,244,605
rs,87750,3759,1856,226,536,1548,517,1039
rs,87769,2102,1029,100,237,999,305,556
rs,87777,22267,11931,2882,1333,6658,3775,4389
rs,87785,2954,1452,152,394,1289,334,885
rs,87793,5633,2862,715,838,1736,823,1347
rs,87807,2932,1428,183,145,1141,426,517
rs,87815,30104,15503,3927,631,9026,4357,6145
rs,87823,2312,1133,207,66,866,273,608
rs,87831,6204,3072,526,243,2300,777,1550
rs,87840,2113,975,140,130,823,186,696
rs,87858,146094,78688,14110,6574,40305,19642,31367
rs,87866,2103,1013,132,390,844,378,453
rs,87874,6783,3493,538,853,2409,916,1806
rs,87882,3978,1960,238,422,1775,553,933
rs,87890,2969,1500,387,163,1101,381,780
rs,87904,1967,917,63,250,1037,249,521
rs,87912,238487,130258,39525,8175,70547,32119,55305
rs,87920,5023,2464,262,446,2219,673,1233
rs,87939,10230,5151,723,1843,3347,1325,2633
rs,87947,6440,3058,314,365,3608,899,1364
rs,87955,14237,7131,1185,1932,5362,1912,3837
rs,87963,4531,2240,195,941,1825,544,1468
rs,87971,7590,3885,629,610,3269,1065,1986
rs,87980,1893,915,101,25,1050,207,599
rs,87998,23756,12252,479,2290,10715,3066,4643
rs,88005,2609,1261,92,480,1055,365,641
rs,88013,1100163,603316,159475,37371,224780,118210,287595
rs,88021,1408,670,95,112,587,202,370
rs,88030,3914,1952,242,327,1939,403,1332
rs,88048,1465,670,120,106,603,152,483
rs,88056,7426,3795,491,693,2920,1020,1713
rs,88064,8152,4045,214,550,4618,1137,1962
rs,88072,3933,1944,183,583,1606,477,1200
rs,88080,4570,2236,214,151,1889,575,795
rs,88099,16768,8833,1488,1185,5531,2411,4356
rs,88102,3518,1772,197,357,1515,459,989
rs,88110,6233,3225,294,1437,1922,1236,1250
rs,88129,3296,1577,89,561,1390,414,1001
rs,88137,11779,5971,1050,926,4601,1659,2814
rs,88145,10104,5289,1263,248,3283,1589,2015
rs,88153,156227,81959,10349,11552,51820,20046,37609
rs,88161,2448,1149,82,111,1314,242,737
rs,88170,30465,15739,1621,3020,12396,3970,7886
rs,88188,2799,1337,169,351,1184,312,755
rs,88196,7116,3581,530,185,3144,957,1627
rs,88200,3482,1743,326,241,1163,511,644
rs,88218,4779,2409,601,299,1930,656,1120
rs,88226,2344,1136,158,72,1121,289,604
rs,88234,15129,7716,712,961,7049,1921,3305
rs,88242,1814,837,69,211,958,222,549
rs,88250,7078,3692,832,372,2899,1012,1860
rs,88269,4050,1930,118,566,2012,591,698
rs,88277,4659,2368,444,203,2029,529,1427
rs,88285,2730,1326,151,439,1225,325,830
rs,88293,5203,2619,524,311,2257,722,1297
rs,88307,1965,963,92,141,921,260,559
rs,88315,32418,16906,1658,4872,10432,4145,8894
rs,88323,2448,1162,78,240,1298,387,466
rs,88331,5176,2554,436,659,1587,723,942
rs,88340,6087,2817,238,808,2670,733,1770
rs,88358,13024,6658,1057,1468,4702,1540,3609
rs,88366,3192,1581,113,151,1491,456,668
rs,88374,6980,3680,711,399,2517,995,1678
rs,88382,3915,1973,442,200,1259,527,967
rs,88390,102520,54495,8646,3984,33471,12815,23137
rs,88404,2920,1394,152,233,1423,388,670
rs,88412,206116,111376,24111,8686,50936,25849,49173
rs,88420,1939,928,67,341,723,413,370
rs,88439,6204,3061,427,1047,2636,735,1846
rs,88447,3715,1825,219,374,1555,511,782
rs,88455,73748,39592,5486,5137,22994,8996,20077
rs,88463,2389,1136,155,293,912,273,600
rs,88471,57102,29910,5564,3033,17787,7365,12394
rs,88480,2541,1265,141,217,1111,375,687
rs,88498,24818,12569,2009,2516,8879,3291,6176
rs,88501,3298,1648,98,161,1883,420,778
rs,88510,40251,21387,3985,2583,12584,4919,10582
rs,88528,2416,1191,142,180,1168,371,573
rs,88536,61833,32982,6491,4699,16985,8203,14729
rs,88544,2441,1176,179,220,1053,308,628
rs,88552,33513,17169,1738,3763,12090,4195,8593
rs,88560,2026,984,141,157,958,216,563
rs,88579,8620,4388,636,1389,3235,1130,2431
rs,88587,2887,1366,147,269,1553,336,790
rs,88595,10996,5726,1309,1098,3855,1472,2747
rs,88609,1854,904,92,86,985,253,481
rs,88617,12898,6494,807,453,5398,1540,3360
rs,88625,2783,1395,151,210,1056,444,594
rs,88633,48585,25212,2715,5553,16022,6524,11940
rs,88641,5418,2677,300,869,2139,670,1521
rs,88650,14086,7220,1201,1391,5658,1884,3672
rs,88668,2993,1484,151,271,1376,360,796
rs,88676,14416,7385,1380,695,5527,2146,3287
rs,88684,3484,1719,125,262,1676,428,821
rs,88692,46893,24679,2720,6100,16635,5973,11975
rs,88706,1726,850,96,95,904,202,490
rs,88714,13732,7205,1433,1009,4154,2083,2683
rs,88722,3671,1813,155,224,1627,536,832
rs,88730,19517,9602,1092,3524,8231,2760,4099
rs,88749,2131,1045,196,207,917,280,558
rs,88757,5656,2923,677,413,2063,763,1520
rs,88765,2597,1295,116,231,1133,356,637
rs,88773,166292,87917,10418,9032,56359,22357,33043
rs,88781,2175,1034,154,86,1032,200,687
rs,88790,35985,18179,1925,3246,16592,4235,9705
rs,88803,3276,1525,91,291,1658,481,730
rs,88811,27204,14318,1588,2435,9454,3409,7060
rs,88820,3411,1719,171,287,1556,339,1154
rs,88838,15108,7850,1785,277,5027,2139,2717
rs,88846,3945,2136,407,127,945,548,862
rs,88854,4766,2457,490,441,1908,573,1419
rs,88862,4987,2523,128,204,2220,771,816
rs,88870,3743,1906,258,489,1586,569,1006
rs,88889,3678,1797,162,380,1825,555,790
rs,88897,5211,2558,269,262,2524,680,1475
rs,88900,2578,1223,106,201,1300,298,772
rs,88919,12366,6302,1079,675,5062,1604,3075
rs,88927,8074,4306,603,312,2762,969,2565
rs,88935,15341,8092,1396,351,5504,2212,3019
rs,88943,2666,1298,129,483,963,368,533
rs,88951,16281,8463,1601,1322,5689,2233,4284
rs,88978,3048,1488,249,296,1316,415,905
rs,88986,3655,1828,278,319,1455,443,905
rs,88994,61211,31599,1726,3035,26781,8699,10257
rs,89001,1881,927,137,133,764,231,528
rs,89010,105070,54817,2702,5852,39816,14477,21178
rs,89028,2642,1271,101,73,1602,325,606
rs,89036,15463,8233,2023,505,4799,2351,3077
rs,89044,1983,949,130,158,884,228,554
rs,89052,8387,4307,933,506,3369,1293,1982
rs,89060,2072,1045,187,91,875,251,480
rs,89079,4325,2239,573,164,1560,510,1111
rs,89087,2307,1157,171,317,766,260,654
rs,89095,11925,6118,1155,784,3811,1564,2620
rs,89109,1765,801,40,201,867,194,486
rs,89117,4723,2404,541,294,1657,646,1320
rs,89125,1952,892,160,296,653,257,476
rs,89133,3417,1676,213,263,1390,427,944
rs,89141,2705,1296,176,232,1215,356,641
rs,89150,37401,19984,3664,1880,12149,5475,7901
rs,89168,1325,634,38,111,777,133,536
rs,89176,11686,6197,614,1089,4235,1589,2836
rs,89184,1442,675,69,132,736,130,515
rs,89192,20286,10622,2672,1626,5890,3298,4074
rs,89206,1979,939,111,241,840,264,522
rs,89214,16059,8593,2149,924,5455,2330,3246
rs,89222,2286,1090,83,140,1155,258,719
rs,89230,7729,4079,1140,224,2721,1040,1891
rs,89247,1747,856,106,188,779,235,451
rs,89249,2663,1290,163,247,1263,354,633
rs,89257,10440,5531,1065,639,3727,1490,2345
rs,89265,1974,952,118,200,944,270,493
rs,89273,41633,21823,1949,2540,16277,5258,9425
rs,89281,2247,1063,100,239,998,330,474
rs,89290,18856,9947,1951,998,6032,2698,4347
rs,89303,1573,791,99,84,725,207,471
rs,89311,9301,4839,1100,921,2806,1525,2120
rs,89320,1559,784,113,326,466,198,444
rs,89338,29289,15542,2671,1931,8837,3373,7362
rs,89346,1892,890,162,112,809,252,511
rs,89354,35253,18976,1968,1818,12384,4478,8912
rs,89362,2375,1133,185,194,1043,323,618
rs,89370,16971,8703,867,727,7234,2297,3021
rs,89389,1518,719,89,159,588,229,320
rs,89397,16944,8845,2711,325,5226,2254,3685
rs,89400,2159,1021,98,155,996,245,657
rs,89419,17394,9031,2159,930,5009,2450,3795
rs,89435,21217,10705,1359,1338,7320,3106,4645
rs,89443,2531,1202,200,286,1026,280,624
rs,89451,4692,2454,559,285,1715,512,1429
rs,89460,1805,874,112,207,690,192,488
rs,89478,15960,8398,1470,1307,6084,2224,3769
rs,89486,1516,738,117,178,640,213,377
rs,89494,7061,3659,677,513,2862,797,2165
rs,89508,2323,1170,175,235,813,298,532
rs,89516,88820,46957,5507,4598,28412,12789,19410
rs,89524,2549,1249,165,15,1242,294,661
rs,89532,46880,24599,2689,3727,16979,6219,10907
rs,89540,2311,1136,197,70,1022,239,634
rs,89559,51103,26662,4653,3314,20406,6980,12005
rs,89567,1938,905,112,334,779,257,438
rs,89575,16990,8780,1499,410,6500,2656,2936
rs,89591,17037,8845,2988,203,5011,2166,3521
rs,89613,4150,2033,285,308,1808,510,1167
rs,89630,148618,80417,9640,5823,39262,24477,25287
rs,89656,3728,1853,242,492,1799,572,922
rs,89672,10336,5299,724,794,3728,1202,2978
rs,89699,2433,1249,311,163,837,286,685
rs,89710,4435,2188,243,617,2073,547,1367
rs,89737,16270,8543,848,841,6958,2703,3055
rs,89753,7762,4071,770,685,3024,1150,1786
rs,89770,3404,1608,236,75,1570,380,980
rs,98213,23714,12408,2179,406,8952,3336,4899
rs,98230,9895,4971,294,618,3915,1213,2056
rs,98256,38834,20034,1263,2416,17183,5530,6162
rs,98272,3545,1850,412,201,1401,479,813
rs,98299,6054,2944,414,390,2724,837,1369
sc,80004,7326,3596,400,1213,2562,1397,1216
sc,80012,13083,6538,962,2060,4245,2290,2475
sc,80020,7043,3485,369,324,3050,950,1644
sc,80039,7829,3918,283,1371,2201,1105,1499
sc,80047,3677,1802,187,804,1067,423,939
sc,80055,4158,2049,152,193,1784,589,815
sc,80063,8079,3982,217,1135,3229,1162,1596
sc,80071,5448,2610,297,551,2192,794,1268
sc,80080,2961,1484,123,66,1428,381,704
sc,80098,4776,2356,308,974,1521,667,1126
sc,80101,4090,1985,174,229,1778,695,776
sc,80110,5693,2763,345,222,2459,787,1125
sc,80128,4346,2074,103,276,2102,682,900
sc,80136,7143,3466,457,1211,2707,1128,1294
sc,80144,2512,1200,66,557,823,349,596
sc,80152,4697,2342,426,307,1865,722,982
sc,80160,2286,1102,108,585,676,299,524
sc,80179,4849,2280,323,658,1889,643,1054
sc,80187,3633,1771,298,251,1573,542,896
sc,80195,7555,3740,369,1095,2802,1195,1796
sc,80209,5602,2743,132,985,1913,1100,868
sc,80217,2934,1386,190,172,1404,409,688
sc,80225,2325,1122,111,311,920,314,576
sc,80233,7610,3810,696,207,2670,1127,1364
sc,80241,7127,3530,185,905,2971,1013,1586
sc,80250,19760,9803,801,1771,6009,3042,3129
sc,80268,2453,1196,155,228,946,390,547
sc,80276,49891,26041,4665,3829,13484,7199,10076
sc,80284,2761,1370,235,318,973,422,612
sc,80292,6350,3193,276,494,2351,833,1359
sc,80306,13765,7029,1020,961,3751,1793,2461
sc,80314,3094,1551,186,247,1224,410,788
sc,80322,3942,1833,126,559,1528,617,811
sc,80330,6275,3235,203,396,2633,769,1440
sc,80349,6522,3011,201,481,3087,987,1226
sc,80357,2872,1444,90,142,1278,404,655
sc,80365,2355,1149,137,228,877,366,528
sc,80373,4836,2356,143,193,2252,670,970
sc,80381,3098,1469,83,706,1224,463,681
sc,80390,82758,45204,23854,1132,10437,11398,14667
sc,80403,6021,3044,238,446,2291,824,1301
sc,80411,23015,11790,1945,1590,6770,3321,4963
sc,80420,2846,1419,265,171,854,394,490
sc,80438,8226,4038,284,183,3945,1048,1887
sc,80446,2372,1123,101,496,769,382,560
sc,80454,48470,25249,4363,2665,13328,7572,7421
sc,80462,2666,1264,92,407,1161,383,539
sc,80470,243881,127514,46030,2788,51928,33452,38330
sc,80489,3759,1805,166,922,1000,427,1008
sc,80497,6001,3006,603,610,2238,1100,1065
sc,80500,2342,1124,75,363,869,346,517
sc,80519,4102,2002,289,177,1879,514,782
sc,80527,5313,2490,230,643,1761,750,903
sc,80535,23692,12245,1923,2420,6661,3832,3960
sc,80543,2793,1341,169,525,765,422,601
sc,80551,81374,42808,13029,859,21132,11215,12077
sc,80560,3999,1963,116,428,1787,598,961
sc,80578,52260,26969,4117,6285,16838,8399,9482
sc,80586,1303,649,175,169,402,175,308
sc,80594,4892,2484,207,469,2049,622,1202
sc,80608,2330,1111,86,384,888,382,467
sc,80616,47674,25159,5071,1752,13368,8202,5217
sc,80624,3179,1547,285,491,1041,579,577
sc,80632,9388,4614,432,939,3670,1245,2045
sc,80640,5151,2528,460,98,1988,676,1355
sc,80659,5955,2862,242,1068,2302,873,1351
sc,80667,3180,1539,90,728,1236,573,489
sc,80675,6609,3410,787,1156,1696,1214,1306
sc,80683,9528,4762,634,721,2627,1063,2870
sc,80691,25970,13362,2149,2839,8449,3813,5335
sc,80705,3723,1792,105,437,1676,559,889
sc,80713,8830,4434,424,1052,3362,1211,1670
sc,80721,2240,1107,149,268,839,317,528
sc,80730,42105,21528,4122,4726,9847,6110,8372
sc,80748,2433,1197,110,226,1050,364,531
sc,80756,16796,8614,1526,935,5833,2430,3087
sc,80764,2183,1041,172,364,726,347,484
sc,80772,7538,3866,427,1215,2353,1149,1399
sc,80780,1655,816,131,163,723,219,404
sc,80799,4339,2134,250,760,1420,616,1053
sc,80802,2279,1051,112,387,713,336,500
sc,80810,146830,76766,16756,10846,37078,21734,23974
sc,80829,5054,2503,217,973,1657,1061,856
sc,80837,57415,29521,5724,7404,12621,7489,12563
sc,80845,2040,983,116,278,711,322,402
sc,80853,8095,3988,279,931,3109,1003,1989
sc,80861,1943,924,55,332,699,305,410
sc,80870,10891,5453,1084,340,3098,1655,1731
sc,80888,2299,1152,70,369,906,366,509
sc,80896,145486,76595,14174,5332,38963,18597,28102
sc,80900,1803,847,67,412,689,244,362
sc,80918,8191,4146,986,212,3161,1158,1683
sc,80926,2677,1338,77,378,1041,462,466
sc,80934,30695,15894,2086,3400,9888,4897,6240
sc,80942,3497,1801,107,542,1403,612,643
sc,80950,6957,3447,488,748,2611,870,1775
sc,80969,4118,1990,198,616,1265,686,704
sc,80977,11828,6031,679,2931,3212,1773,2783
sc,80985,13971,7039,1442,525,3723,1944,2433
sc,80993,3117,1540,166,115,1370,470,656
sc,81000,8326,4198,172,1142,3547,1280,1240
sc,81019,3863,1933,179,495,1392,520,1010
sc,81027,17100,9125,1121,851,4826,2287,3236
sc,81035,8539,4264,630,1122,2362,1286,1668
sc,81043,3869,1860,192,318,1334,495,766
sc,81051,343645,183549,112248,4593,37652,43502,61941
sc,81060,19133,9613,672,1265,7116,2959,2702
sc,81078,28145,14342,3049,3020,7703,4889,4864
sc,81086,2966,1414,79,358,1238,375,566
sc,81094,2601,1300,305,210,998,385,561
sc,81108,1862,911,174,152,730,324,341
sc,81116,13442,6574,1060,850,4035,1798,2534
sc,81124,3544,1671,131,444,1138,532,659
sc,81132,17895,9096,1853,2255,4580,2335,3559
sc,81140,1566,775,58,244,554,247,329
sc,81159,10278,5184,796,449,3084,1901,1441
sc,81167,1916,913,225,175,628,288,350
sc,81175,46254,23886,4085,1899,14620,6315,8217
sc,81183,3823,1835,502,183,1134,432,879
sc,81191,5633,2726,230,859,2016,797,1147
sc,81205,1384,658,154,134,540,232,299
sc,81213,8751,4440,527,905,2753,1104,1917
sc,81221,4921,2324,148,1107,1509,748,880
sc,81230,14489,7277,1438,167,5288,2095,2043
sc,81248,2907,1336,160,386,1119,380,681
sc,81256,8865,4381,360,963,3468,1162,2155
sc,81264,2433,1116,137,397,939,283,577
sc,81272,29933,15014,2064,1934,7551,4704,4089
sc,81280,3045,1469,139,420,1196,465,695
sc,81299,4054,2073,251,818,1111,540,986
sc,81302,1955,963,98,304,639,236,561
sc,81310,16512,8520,1170,2042,4829,2227,3615
sc,81329,2271,1064,96,343,769,361,461
sc,81337,3016,1454,223,164,1332,383,833
sc,81345,4076,1978,191,140,1672,467,747
sc,81353,14793,7536,1145,570,5568,2169,2988
sc,81361,2763,1404,269,361,748,314,668
sc,81370,40172,20518,2633,1837,14189,5688,6782
sc,81388,2396,1218,177,352,711,408,444
sc,81396,10875,5403,503,846,4125,1453,2031
sc,81400,1673,831,197,59,760,233,401
sc,81418,8792,4385,725,1379,3135,1277,2070
sc,81426,2866,1390,39,532,1197,605,457
sc,81434,36338,18727,3539,2601,9843,4544,8416
sc,81442,1843,870,94,225,670,242,410
sc,81450,4732,2342,325,235,2214,748,895
sc,81469,1908,928,143,274,714,248,512
sc,81477,45187,23210,3352,1511,14737,6361,7830
sc,81485,2354,1111,181,395,791,425,500
sc,81493,3681,1865,123,270,1776,440,1085
sc,81507,2381,1117,113,416,946,392,569
sc,81515,5841,2903,264,1044,1816,745,1348
sc,81523,3261,1574,186,627,1108,579,724
sc,81531,7313,3682,346,1324,2257,1107,1446
sc,81540,1850,925,139,189,723,312,381
sc,81558,7932,3892,472,615,3601,1202,1568
sc,81566,2798,1323,118,601,910,401,651
sc,81574,5924,2916,473,424,1896,779,1394
sc,81582,2782,1326,76,382,1147,383,669
sc,81590,16594,8126,1035,941,6561,2694,3235
sc,81604,1681,801,128,181,697,267,388
sc,81612,133093,70361,25049,4316,23829,20366,18025
sc,81620,1715,807,148,354,466,264,409
sc,81639,41581,21828,5925,1591,9152,6046,7676
sc,81647,2553,1228,119,467,942,391,512
sc,81655,12259,6135,1492,250,4244,1865,2434
sc,81663,13116,6756,1748,360,3213,1843,2805
sc,81671,18313,9330,1846,630,7352,2823,3321
sc,81680,1929,936,136,180,806,290,449
sc,81698,3690,1861,157,367,1515,468,923
sc,81701,2398,1131,133,143,1084,402,421
sc,81710,9114,4537,332,2366,2603,1252,2043
sc,81728,10470,5425,824,578,3166,1330,2620
sc,81736,14430,7375,630,2944,4084,1783,3451
sc,81744,8637,4420,449,720,3144,1141,2298
sc,81752,109363,56434,22377,1803,18647,15858,13680
sc,81760,1898,880,67,219,828,258,474
sc,81779,22129,11647,3422,1663,4775,2698,4852
sc,81787,2807,1370,97,516,1060,443,543
sc,81795,396700,205964,73058,6056,67192,57826,58450
sc,81809,4913,2517,405,192,1655,642,1225
sc,81817,2014,1016,120,157,805,267,546
sc,81825,2671,1343,127,204,1064,390,547
sc,81833,123514,65185,13132,10170,31029,17690,25616
sc,81850,34824,18240,2307,2863,8697,4316,8440
sc,81876,5624,2828,267,998,1462,789,1086
sc,81892,12285,6160,597,729,4553,1607,2518
sc,81914,9042,4467,509,1533,3087,1592,1734
sc,81930,2999,1407,151,214,1537,406,638
sc,81957,8403,4292,279,619,3490,1214,1717
sc,81973,8817,4305,335,611,3574,1345,1538
sc,81990,38777,19759,5455,675,10721,5838,6080
sc,82015,3054,1449,139,690,816,444,633
sc,82031,5751,2811,229,840,2159,874,1146
sc,82058,19374,10110,2778,1096,5864,2810,3824
sc,82066,1856,902,160,334,601,280,483
sc,82074,12515,6276,505,542,4631,1494,2708
sc,82090,2407,1170,109,322,1022,378,503
sc,82112,5907,2974,255,611,2296,784,1286
sc,82139,3332,1648,321,278,1128,516,719
sc,82155,7608,3809,400,547,2882,1069,1691
sc,82171,6903,3363,262,945,2535,1142,1300
sc,82198,13085,6684,479,902,5432,1870,2204
sc,82210,49673,25872,3042,6127,12274,7870,8290
sc,82236,3816,1880,300,448,1185,601,776
sc,82252,10327,5186,1063,1048,3226,1346,2059
sc,82279,11872,5938,614,1281,4032,1528,2277
sc,82295,18910,9654,1752,1015,6882,2761,3622
sc,82317,5870,2995,498,419,2257,759,1472
sc,82333,122778,63643,14741,5054,27208,18670,16082
sc,82350,5732,2829,321,664,2356,906,1237
sc,82376,11875,6039,1360,606,4718,1537,3020
sc,82392,13341,6583,1109,794,5381,2335,1878
sc,82414,5968,2970,388,635,2166,852,1152
sc,82430,3917,1961,138,166,1968,427,920
sc,82457,17563,9361,2193,886,4265,2669,3127
sc,82473,2814,1406,120,253,1144,344,731
sc,82490,5190,2522,281,249,2532,743,1179
sc,82511,13732,7231,2196,427,3245,1999,2514
sc,82538,13788,7118,2268,709,4082,2128,2386
sc,82554,2630,1320,324,54,1010,404,503
sc,82570,4677,2347,279,272,1811,635,1116
sc,82597,24322,12308,2215,750,7777,3046,4647
sc,82619,4067,2042,74,474,1876,656,894
sc,82635,7605,3866,805,1193,2305,1360,1339
sc,82651,13703,7152,1365,812,3874,1888,2648
sc,82678,25996,13431,3415,2038,6877,3662,5702
sc,82694,11387,5746,292,2071,3762,1577,2388
sc,82716,6100,3045,163,577,2564,839,1373
sc,82732,1579,769,56,481,381,234,405
sc,82759,12920,6572,998,281,5019,1833,2648
sc,82775,2179,1058,48,465,759,285,479
sc,82791,7864,3943,1122,539,2758,1217,1675
sc,82813,2809,1384,367,298,881,344,663
sc,82830,5395,2592,186,823,2290,671,1216
sc,82856,5116,2489,290,434,2054,759,1065
sc,82872,5848,2850,173,346,2511,805,1335
sc,82899,8381,4127,440,528,3442,963,2070
sc,82910,49269,25966,5089,3349,12833,6462,9955
sc,82937,4326,2098,221,99,1738,567,919
sc,82953,31492,15933,2360,5020,7415,4862,5391
sc,82970,9241,4740,405,858,3469,998,2400
sc,82996,3650,1819,225,206,1791,523,927
sc,83011,6006,2938,273,322,2182,844,1278
sc,83038,3564,1787,141,301,1311,516,709
sc,83054,13078,6572,724,1474,4931,2409,2064
sc,83070,1949,922,81,242,700,247,418
sc,83097,17626,8948,2039,512,4975,2553,2885
sc,83119,61078,31354,5519,2586,16716,8582,10139
sc,83135,2655,1272,231,44,1186,293,709
sc,83151,8248,4153,1060,1374,2142,1118,1935
sc,83178,6937,3515,783,435,2479,1123,1405
sc,83194,36840,18773,3468,1667,8049,4775,8236
sc,83216,21341,10944,980,1508,7145,3170,3104
sc,83232,6270,3126,136,530,2885,865,1304
sc,83259,19239,9754,989,2596,6520,2520,4055
sc,83275,167082,88915,30649,2969,27544,22648,26617
sc,83291,11423,5765,970,1506,3883,1607,2575
sc,83313,7034,3385,248,1546,2647,910,1822
sc,83330,18411,9433,1354,2912,4645,2812,3651
sc,83356,8777,4405,622,347,3193,1294,1308
sc,83372,3223,1551,113,112,1414,416,832
sc,83399,30398,15979,3503,2051,8088,3970,6554
sc,83410,7350,3591,593,503,2553,1072,1512
sc,83437,13418,6661,1317,446,3595,1945,1931
sc,83453,14238,7153,1041,1891,4348,2013,3044
sc,83470,10969,5628,461,408,3868,1379,2387
sc,83496,21859,11387,951,1966,7911,3408,3943
sc,83518,13947,7016,1241,902,5093,1925,3045
sc,83534,6419,3144,722,186,2698,909,1444
sc,83550,27508,14087,2340,2129,8099,3877,4898
sc,83577,32189,16620,3507,431,10042,4156,6330
sc,83593,14525,7338,683,2023,4108,2196,2623
sc,83615,6188,3058,219,651,2824,777,1275
sc,83631,5763,2951,599,312,1824,854,1039
sc,83658,4876,2491,574,242,1543,700,877
sc,83674,78125,41581,9012,4021,19125,8962,17698
sc,83682,3881,1909,229,146,1561,554,918
sc,83690,8986,4647,1355,752,2567,1296,1559
sc,83712,8278,4202,713,973,2991,1244,1891
sc,83739,17351,8995,1440,866,5843,2026,3995
sc,83755,2682,1333,283,323,802,472,480
sc,83771,5156,2483,245,262,2394,836,975
sc,83798,37351,19424,3917,3813,9807,5430,6825
sc,83810,3287,1596,117,192,1420,508,669
sc,83836,34514,18140,4170,3633,8021,5116,6634
sc,83852,3532,1643,176,311,1458,421,875
sc,83879,21741,11287,1729,1846,7396,3169,4224
sc,83895,3614,1789,159,695,1273,543,761
sc,83909,11002,5541,674,759,4128,1374,2742
sc,83917,6144,3064,325,755,1834,913,1089
sc,83925,6776,3451,526,434,2018,1060,1281
sc,83933,4573,2264,121,1113,1541,588,1036
sc,83950,11688,5874,379,2014,3929,1697,2283
sc,83976,12936,6555,443,1958,3853,2025,2400
se,31003,5473,2816,163,944,2032,1036,745
se,31011,2586,1295,122,501,673,501,369
se,31038,15613,8084,710,4570,4646,2793,2869
se,31054,407888,224622,73184,20383,79381,58802,63804
se,31070,9056,4586,323,2616,2616,1727,1303
se,31097,13097,6857,388,2245,5740,2780,1642
se,31119,21122,11014,1694,1973,5828,3709,2636
se,31135,6352,3220,224,1576,2337,1423,853
se,31151,20686,10828,831,5038,6837,3639,3341
se,31194,13994,7347,628,4397,4546,2537,2463
se,31216,4217,2043,123,804,1699,895,604
se,31232,22724,11561,643,6854,8178,5150,2316
se,31259,24299,12489,905,4703,8627,4710,3359
se,31275,16388,8462,456,6836,4443,2927,3046
se,31291,13196,6894,477,1706,4856,2445,1409
se,31313,4910,2529,364,837,1567,784,896
se,31330,12938,6730,417,3841,4487,2610,1784
se,31356,6966,3480,229,2341,2216,1170,1270
se,31372,3858,1938,175,822,1374,773,566
se,31399,3673,1842,150,735,1053,694,513
se,31410,47425,24895,2580,5976,16639,8484,6808
se,31437,5491,2852,120,1408,1783,1202,772
se,31453,12053,6278,373,3352,4238,2312,1901
se,31470,2603,1294,120,299,807,494,381
se,31496,8760,4313,304,2161,3467,1639,1393
se,31518,5581,2779,227,1709,1739,1009,938
se,31534,7051,3603,204,1462,2883,1436,1026
se,31550,11860,5960,464,3162,4229,2566,1526
se,31577,66769,35651,3272,14772,23286,12054,9675
se,31593,28526,15006,885,8978,10583,5355,4441
se,31615,4392,2220,203,601,1833,791,798
se,31631,25931,13507,728,6074,8990,4671,3691
se,31658,13908,7153,673,2342,5158,2709,2035
se,31674,10362,5243,401,2047,4066,1943,1517
se,31690,72228,38103,2967,18492,22365,12564,11880
se,31712,21338,11013,703,2503,7339,3967,2432
se,31739,6055,3114,146,1187,2556,1130,1036
se,31755,3788,1935,156,613,1384,784,501
se,31771,9425,4849,405,2309,3416,1632,1504
se,31798,12220,6363,408,1807,4430,2292,1650
se,31810,8947,4626,277,2286,3540,1437,1691
se,31836,10965,5438,272,3314,4044,2460,1433
se,31852,6702,3388,317,1328,2245,1229,1012
se,31879,13933,7259,722,2593,4740,2578,2163
se,31895,26014,13563,1025,6622,8608,5043,3778
se,31917,19886,10437,805,3954,7943,3548,3213
se,31933,5532,2803,221,972,2034,1058,838
se,31950,103308,55144,2500,9761,34865,19620,10766
se,31976,11123,5601,473,2646,4140,2210,1587
se,31992,3065,1545,102,932,925,566,529
se,32018,7233,3763,294,1987,2226,1521,1061
se,32034,5161,2602,143,1464,1661,916,898
se,32050,7794,3951,427,1212,3035,1465,1076
se,32077,19761,9972,500,6645,6975,4553,2549
se,32093,18180,9441,498,5813,5752,3340,3363
se,32115,22217,11207,625,7261,6687,4427,3394
se,32131,19508,10378,1376,3001,5249,3262,3048
se,32158,16298,8299,389,5793,5701,3291,2529
se,32174,7800,4143,308,1262,2590,1613,932
se,32190,13645,7156,643,4022,4048,2208,2504
se,32212,8315,4457,386,1266,2883,1496,1084
se,32239,15228,7762,439,4004,5173,2771,2240
se,32255,10407,5301,328,2730,4008,2207,1324
se,32298,3831,1956,151,792,1206,728,595
se,32310,8655,4474,310,1358,2940,1533,1375
se,32336,54289,28633,2291,5551,18082,9263,7085
se,32352,7921,4072,244,1855,3357,1496,1381
se,32379,3499,1746,180,741,1209,703,474
se,32395,3813,1957,123,1090,1366,769,631
se,32417,33832,17639,974,10032,11764,6163,5865
se,32433,6345,3214,275,976,2147,1185,916
se,32450,3235,1657,134,569,1083,627,416
se,32476,38168,20161,1101,9763,15402,7149,6249
se,32492,9690,4924,247,2761,3979,1747,1558
se,32514,17956,9441,510,4599,6477,3584,2380
sp,61000,7627,3842,347,1568,1962,1188,1631
sp,61018,27728,14695,3258,1731,7485,3021,7511
sp,61026,2206,1117,130,214,729,349,404
sp,61034,4190,2055,256,404,1474,526,1013
sp,61042,11192,5617,612,1360,3312,1600,1822
sp,61050,22341,11499,2444,1701,7247,3495,4092
sp,61069,3753,1889,190,438,1162,472,765
sp,61077,6385,3244,821,588,1879,617,1868
sp,61085,4397,1956,205,476,1494,1026,779
sp,61093,14444,7597,1338,1272,4576,1553,3675
sp,61107,5493,2711,179,1139,1387,706,1168
sp,61115,3786,2052,1029,114,557,460,1037
sp,61123,1662,815,125,187,566,210,415
sp,61131,29966,15424,2901,2924,7406,4151,6135
sp,61140,3442,1709,103,505,1243,510,606
sp,61158,3866,1918,229,348,1278,430,1120
sp,61166,15752,7948,807,2387,4059,2087,3445
sp,61174,3208,1495,78,517,1151,439,622
sp,61182,2338,1115,109,195,959,260,529
sp,61190,11237,5757,1676,735,3786,1632,2300
sp,61204,21425,10962,2794,1453,4889,2564,5229
sp,61212,3732,1794,248,278,1356,396,1054
sp,61220,14131,7070,530,956,4052,2010,2243
sp,61239,4068,1954,306,618,1259,440,1133
sp,61247,2870,1390,203,378,670,387,589
sp,61255,18083,9365,1176,1518,5648,2357,4371
sp,61263,15834,7882,979,1494,4966,2594,2270
sp,61271,3151,1589,110,386,1059,456,665
sp,61280,42873,21763,3107,3047,13573,6222,7243
sp,61298,2759,1386,165,302,915,400,591
sp,61301,2996,1484,248,540,797,389,655
sp,61310,175226,91424,17689,7012,45054,19403,39781
sp,61328,6414,3191,252,539,2127,790,1243
sp,61336,27494,13789,791,2014,8588,3907,4286
sp,61344,3281,1637,209,465,939,607,457
sp,61352,4822,2488,268,960,1235,589,1303
sp,61360,4765,2225,72,1358,1349,769,914
sp,61379,54368,28015,5886,3139,15323,6556,12541
sp,61387,2702,1333,168,382,797,313,681
sp,61395,4323,2081,515,441,1139,645,850
sp,61409,3595,1751,178,458,1138,552,618
sp,61417,44347,23428,3806,3599,12308,5246,11046
sp,61425,2112,1033,116,312,777,229,641
sp,61433,17871,8973,1142,1003,7376,2435,3811
sp,61441,6500,3269,426,238,1899,785,1479
sp,61450,5667,2742,257,486,2025,814,1254
sp,61468,4488,2178,122,596,1760,672,848
sp,61476,3377,1697,199,424,1055,471,755
sp,61484,23527,11694,950,4413,6468,3719,4581
sp,61492,29106,15488,2415,1276,7593,3611,5993
sp,61506,4725,2328,223,361,1900,629,972
sp,61514,4031,2073,303,502,1269,491,1108
sp,61522,1861,922,115,352,541,249,474
sp,61530,20378,10249,792,3291,6213,3236,4065
sp,61549,6863,3390,283,1307,2369,796,1721
sp,61557,144287,77203,16276,6179,35721,16580,34456
sp,61565,12195,6365,364,619,4637,1839,1922
sp,61573,22608,11639,3518,1532,5425,3352,4533
sp,61581,4655,2323,161,442,1661,735,879
sp,61590,4597,2360,308,336,1860,559,1050
sp,61603,3094,1491,84,574,962,524,647
sp,61611,5873,2880,246,758,2155,873,1133
sp,61620,5401,2682,286,737,1937,634,1384
sp,61638,166651,88683,19755,7955,36420,19524,38968
sp,61646,2547,1269,103,442,816,347,565
sp,61654,97387,50463,8760,6860,26748,12135,20513
sp,61662,8631,4306,304,565,3220,1127,1577
sp,61670,6375,3168,285,654,2361,678,1768
sp,61689,14177,6983,1283,1530,3865,2880,1814
sp,61697,2938,1462,260,173,866,515,489
sp,61700,6730,3264,124,1268,2177,949,1327
sp,61719,8486,4111,174,1645,2667,1265,1354
sp,61727,149024,77900,6698,15780,35872,22920,22801
sp,61735,7256,3640,404,987,2503,926,1586
sp,61743,10553,5322,855,1243,3144,1318,1616
sp,61751,34865,17962,1351,2872,12435,4660,6279
sp,61760,2681,1314,223,535,532,359,554
sp,61778,66630,34383,5692,5388,15389,10543,10689
sp,61786,3222,1561,110,498,1107,609,488
sp,61794,71685,38606,11132,6157,13585,8661,17012
sp,61808,3313,1578,163,498,1170,376,696
sp,61816,106960,56137,11027,10092,28779,14361,22340
sp,61824,2433,1199,109,507,694,251,597
sp,61832,10449,5405,1574,726,2716,1402,2288
sp,61840,4879,2407,156,1062,1346,805,749
sp,61859,4189,2053,135,414,1466,601,807
sp,61867,2650,1319,93,376,984,325,616
sp,61875,7877,3985,469,842,2951,1061,1631
sp,61883,1523,776,201,113,440,267,317
sp,61891,65108,34264,6077,4834,19741,8509,14449
sp,61905,11940,6049,532,1576,3367,1835,2175
sp,61913,12491,6404,799,912,3460,1514,2815
sp,61921,2451,1212,168,268,841,274,591
sp,61930,1488,760,89,124,412,154,347
sp,61948,3272,1556,59,769,966,630,564
sp,61956,7189,3701,452,554,2440,804,1750
sp,61964,1764,877,57,267,595,262,421
sp,61972,8889,4543,795,1010,2862,1253,2018
sp,61980,7102,3475,184,2056,1653,1322,1018
sp,61999,5362,2720,263,439,2273,761,1159
sp,62006,11227,5734,952,629,3161,1279,3242
sp,62014,2725,1349,164,259,1050,413,644
sp,62022,1967,970,96,192,750,223,492
sp,62030,25333,13064,2425,1802,8390,3260,6634
sp,62049,2595,1264,113,306,925,286,692
sp,62057,30312,15620,2763,2113,8024,3426,6717
sp,62065,2115,1024,110,327,661,235,525
sp,62073,7061,3344,182,2683,1524,1030,1747
sp,62081,2659,1333,94,445,751,384,518
sp,62090,86843,46444,9515,4211,22674,10479,19730
sp,62103,3872,1946,149,222,1362,544,685
sp,62111,23051,11644,556,3628,7766,3398,3412
sp,62120,1230,633,132,126,352,193,272
sp,62138,252040,137752,18862,27076,58933,34687,36611
sp,62146,4507,2154,121,816,1487,705,735
sp,62154,17586,9031,1306,1180,6241,2202,3778
sp,62162,3110,1471,124,651,919,348,729
sp,62170,43555,22758,4369,3767,13496,5321,10312
sp,62189,2116,1053,180,129,661,291,500
sp,62197,268824,143084,31145,12554,60530,33647,61709
sp,62200,1799,870,108,235,513,220,465
sp,62219,58103,30432,5597,3480,17242,6869,13284
sp,62227,1600,791,75,257,535,172,354
sp,62235,2189,1102,82,118,784,313,422
sp,62243,4201,2101,188,307,1492,553,898
sp,62251,8419,4353,635,686,3017,1001,2216
sp,62260,2291,1115,51,193,1012,271,525
sp,62278,6168,3178,984,348,1832,821,1502
sp,62286,1547,756,93,94,561,185,363
sp,62294,85382,45192,7533,5754,22722,10719,18127
sp,62308,4053,1985,232,365,1360,604,645
sp,62316,23317,11698,844,2747,7715,3531,4410
sp,62324,2353,1112,146,167,822,328,485
sp,62332,10170,5182,313,2041,2833,1396,2043
sp,62340,2327,1162,130,388,574,368,410
sp,62359,8960,4600,571,867,3253,1186,1932
sp,62367,1155,556,170,62,337,158,234
sp,62375,8011,3907,312,1009,2908,1040,2166
sp,62383,6780,3582,1213,354,1951,1003,1290
sp,62391,41664,21223,3896,3746,10063,5936,7447
sp,62405,1837,920,128,328,494,251,362
sp,62413,16605,8499,1089,1621,5286,2451,3051
sp,62421,1800,947,178,205,579,235,478
sp,62430,1123,534,88,153,284,147,218
sp,62448,1619,803,65,236,508,250,309
sp,62456,3705,1840,135,260,1511,444,781
sp,62472,11035,5601,434,1004,4600,1135,2809
sp,62499,96216,50798,20659,2856,16739,14348,17396
sp,62510,125204,65684,13382,8613,34840,16812,25974
sp,62553,4222,2140,336,579,1371,491,1037
sp,62570,16177,8567,854,1098,6060,1931,3778
sp,62596,18322,9354,1635,2680,4387,2459,3998
sp,62618,15342,7565,791,2814,5319,2459,2859
sp,62634,13403,6983,1003,1132,4196,1726,3094
sp,62650,3666,1887,358,291,1383,484,827
sp,62677,3213,1614,223,225,1158,566,603
sp,62693,33381,16809,942,4026,9997,5002,5259
sp,62715,71321,36733,6676,4234,17060,9301,14489
sp,62731,25386,13263,2665,1452,6677,3207,5631
sp,62758,14633,7416,1228,1354,5166,2093,3467
sp,62774,13393,6973,1073,1249,4238,1648,3292
sp,62790,3220,1582,289,490,762,454,757
sp,62812,66671,34943,3388,3611,17696,9886,10885
sp,62839,3955,1954,174,623,1250,485,946
sp,62855,61996,31565,4674,4364,15041,10104,7889
sp,62871,8084,3959,428,740,3136,939,1911
sp,62898,19171,9795,1690,2114,5999,2857,4119
sp,62910,849127,451100,121686,52149,173647,104615,187493
sp,62936,59860,31076,4047,5340,14991,8284,10976
sp,62952,39314,20483,2408,5435,10740,5440,7259
sp,62979,3764,1853,194,421,1408,557,813
sp,62995,8513,4394,969,825,1960,1425,1586
sp,63010,24945,12811,2273,1636,8429,3175,5863
sp,63037,2526,1302,96,173,869,248,678
sp,63053,36427,18512,1810,5258,11699,5223,7382
sp,63070,13646,6803,367,1901,5140,2013,2724
sp,63096,37516,19354,3009,3007,11558,5259,7066
sp,63118,91625,47718,8279,4845,24235,13273,18211
sp,63134,290990,152839,15523,32352,64236,45191,45441
sp,63150,10465,5400,987,1193,3272,1254,2851
sp,63177,20766,10738,2218,901,5981,2541,4985
sp,63193,2901,1416,255,313,926,383,685
sp,63215,14664,7506,823,1428,4952,1979,3093
sp,63231,85817,45322,16561,10041,12493,10811,18456
sp,63258,5769,2856,295,485,1909,733,1137
sp,63274,6959,3542,615,485,1972,747,1721
sp,63290,15240,7828,1367,1170,5121,2414,3247
sp,63312,34583,17777,4186,1529,9257,4772,6988
sp,63339,12715,6313,718,1090,4986,1658,2834
sp,63355,12717,6298,305,1541,4159,1596,2623
sp,63371,8100,4175,951,702,2161,1275,1484
sp,63398,5489,2697,303,583,1693,694,1124
sp,63410,14812,7515,1014,1151,4747,1943,3220
sp,63436,6017,2965,230,485,2401,851,1089
sp,63452,20449,10288,593,1938,8451,2781,3748
sp,63479,13783,7035,1282,974,4382,1885,3217
sp,63495,18699,9480,1794,877,5480,2782,3445
sp,63517,4154,2108,209,359,1508,476,920
sp,63533,3678,1825,233,426,1413,564,852
sp,63550,3200,1563,362,150,963,450,628
sp,63576,45892,23266,2486,4433,13234,6628,8101
sp,63592,6384,3225,382,572,2439,742,1766
sp,63614,168031,88353,16108,9768,41996,26878,25274
sp,63630,26203,13292,1922,2842,7980,3565,5304
sp,63657,7243,3515,453,683,2470,999,1447
sp,63673,2116,1018,101,309,583,246,506
sp,63690,59614,31434,5773,3605,14261,7480,13439
sp,63711,96250,48948,3608,8566,30730,13065,16568
sp,63738,16023,7911,1541,1255,6652,2373,2867
sp,63754,23849,12376,3712,792,6911,3084,5190
sp,63770,332936,175449,17881,36110,75296,48483,51722
sp,63797,9291,4755,1021,686,3520,1168,2280
sp,63819,6128,3044,314,787,1756,922,969
sp,63835,19362,9899,1623,1641,6569,2635,4224
sp,63851,2267,1122,106,359,794,271,556
sp,63878,7380,3701,426,879,2466,798,1871
sp,63894,35220,18699,5873,2094,8633,4152,8922
sp,63916,10322,5375,796,976,3302,1242,2547
sp,63932,6851,3450,255,660,2211,931,1245
sp,63959,5286,2686,479,718,1437,630,1262
sp,63975,11910,5871,736,1619,3596,2114,2527
sp,63991,13261,6538,342,1448,5568,1820,2382
sp,64017,181821,97211,14691,10984,41868,31378,24671
sp,64033,52984,27274,2755,5051,14354,8288,9416
sp,64050,7101,3612,421,566,2550,859,1665
sp,64076,2600,1286,90,295,795,381,485
sp,64092,13201,6910,1248,883,4887,1652,3223
sp,64114,52410,27545,6287,3067,15115,6076,13313
sp,64130,4924,2500,215,1103,1361,512,1340
sp,64157,126928,66317,4595,14695,30525,21364,18850
sp,64173,1733,870,169,240,490,218,454
sp,64190,2440,1250,409,175,725,302,655
sp,64211,8193,4168,473,865,2892,1034,1951
sp,64238,2734,1374,153,501,702,376,650
sp,64254,238375,126082,21604,13251,67053,31102,50055
sp,64270,121391,63015,3750,12292,35292,22757,16500
sp,64297,99272,51560,3782,6645,29219,15675,16018
sp,64319,2439,1222,349,192,684,272,615
sp,64335,5488,2768,336,680,1757,575,1528
sp,64351,35270,18636,3756,2873,8632,4349,8512
sp,64378,2731,1358,384,268,864,389,562
sp,64394,7930,4037,1209,412,2442,1057,1745
sp,64416,8314,4248,549,842,2898,1052,2154
sp,64432,4060,1999,200,442,1431,525,938
sp,64459,8675,4432,405,567,3035,1243,1751
sp,64475,4662,2361,190,705,1524,670,1051
sp,64491,30109,15542,2401,3089,9952,3735,6514
sp,64513,14488,7341,626,1624,5404,1588,3105
sp,64530,15220,7403,293,3156,5489,2272,3222
sp,64556,13118,6947,1424,1301,4079,2052,2638
sp,64572,6801,3465,237,559,2480,671,1904
sp,64599,8419,4138,541,838,2990,1035,1890
sp,64610,1379,721,183,135,428,154,317
sp,64637,5329,2679,217,900,1822,710,1188
sp,64653,21277,11171,3420,803,5359,2811,4106
sp,64670,24082,12215,1785,2411,7276,3313,4722
sp,64696,92488,48817,10644,2773,23812,11584,20119
sp,64718,8875,4301,202,1332,3630,1014,2039
sp,64734,28771,14676,1719,3853,9207,3962,5046
sp,64750,226660,118714,11877,19781,72465,32222,40124
sp,64777,814342,439778,122057,32129,140105,148021,109043
sp,64793,3350,1683,237,406,1097,497,671
sp,64815,7113,3648,425,681,2585,944,1617
sp,64831,7994,4013,407,614,2654,975,1791
sp,64858,5235,2621,382,482,2013,644,1284
sp,64874,25007,12532,766,2401,8842,3634,4116
sp,64890,8821,4529,527,1401,2535,1003,2257
sp,64912,4990,2560,400,475,1710,647,1127
sp,64939,43165,22439,2631,3788,14533,5565,9213
sp,64955,59192,29707,2793,9555,20535,8194,11753
sp,64971,6386,3190,331,904,2150,824,1323
sp,64998,6382,3287,619,708,1787,877,1605
sp,65013,18723,9569,743,1572,7016,2400,3408
sp,65030,21640,11261,1831,2042,7229,2588,5135
sp,65056,8225,4104,363,1107,2657,1177,1762
sp,65072,23147,11776,1431,2720,6870,2976,5908
sp,65099,24361,12233,2263,2533,6327,3235,4033
sp,65110,161607,83944,14081,10389,41453,21834,30468
sp,65137,3720,1902,503,194,994,531,772
sp,65153,2681,1367,409,174,856,316,722
sp,65170,2886,1440,340,227,703,423,604
sp,65196,10747,5530,685,1542,3242,1462,2415
sp,65218,19866,10026,1066,1372,6032,3057,3443
sp,65234,5247,2585,528,321,1583,804,931
sp,65250,3498,1725,174,748,887,548,737
sp,65277,10779,5389,515,1319,3843,1535,2018
sp,65293,17436,8791,1436,670,5188,2327,3175
sp,65315,5727,2824,357,748,2049,702,1458
sp,65331,5280,2695,567,523,1633,692,1501
sp,65358,14153,7146,842,3782,2944,2158,3058
sp,65374,16997,8627,879,3652,4882,2294,3514
sp,65390,12212,6163,678,1883,4388,1321,3278
sp,65412,3106,1499,180,340,1055,407,788
sp,65439,75815,40619,6034,4045,20952,9720,19598
sp,65455,115883,60589,5376,10512,33052,18695,17544
sp,65471,109056,56724,8412,7640,31810,15709,21838
sp,65498,69461,35698,5096,12023,15620,10582,12739
sp,65510,149974,78937,4761,14334,42686,25592,21175
sp,65536,55972,28893,3648,7298,14711,6799,12752
sp,65552,30978,16076,1850,5377,8517,3687,7558
sp,65579,11591,5876,821,1258,4250,1655,2684
sp,65595,9243,4676,416,836,3162,1221,2071
sp,65617,3859,1871,116,530,1342,566,868
sp,65633,232295,121856,7345,28568,60945,41298,30623
sp,65650,36636,19147,2955,3711,12114,5344,7795
sp,65676,9611,4790,382,1098,3258,1353,2148
sp,65692,79783,41535,7754,3431,22119,10468,15819
sp,65714,13085,6518,1269,943,4175,2388,1896
sp,65730,9531,4871,847,671,2292,1353,1915
sp,65757,5033,2476,263,576,1923,665,1160
sp,65773,6348,3065,328,466,2574,820,1308
sp,65790,122652,63730,8471,8134,36277,16135,23839
sp,65811,40440,20566,3930,2227,9217,6457,5753
sp,65838,29953,15842,3533,3179,8247,3658,7450
sp,65854,5095,2582,270,663,1768,635,1069
sp,65870,53550,28444,6183,3464,15002,6261,12783
sp,65897,164797,86007,11845,10148,41952,21639,33751
sp,65919,5486,2717,228,690,1654,662,1004
sp,65935,13527,6736,889,2185,3630,1980,2833
sp,65951,39517,20706,3910,2236,9837,5413,7076
sp,65978,38021,19956,5197,3070,10362,4332,9649
sp,65994,4898,2392,537,220,1436,685,1001
sp,66010,78720,40486,4571,6159,20809,12966,10975
sp,66036,28321,14561,1945,1737,9529,3992,6025
sp,66052,22651,11260,1727,2007,6916,3457,4160
sp,66079,100984,52974,9384,5200,30924,12495,22342
sp,66095,2739,1392,256,241,754,493,415
sp,66117,9459,4807,639,2528,2534,1028,2385
sp,66133,3144,1585,227,315,928,520,508
sp,66150,26575,13634,2052,2304,8088,3632,5691
sp,66176,3814,1977,104,418,1371,585,786
sp,66192,308201,162192,62258,11837,56691,37858,64576
sp,66214,13220,6805,2033,816,3342,1733,2652
sp,66230,16790,8295,768,2337,5352,2503,3863
sp,66257,22852,11379,749,4296,6717,3371,4310
sp,66273,5041,2417,503,650,1631,674,1151
sp,66290,21164,10912,1755,1477,7124,2870,4808
sp,66311,4187,2170,171,384,1423,497,1015
sp,66338,6204,3107,304,597,1854,921,1131
sp,66354,73298,37372,4666,7596,23499,10226,13888
sp,66370,49067,25083,5406,2272,14355,6421,9536
sp,66397,216609,112813,16602,15350,54738,27702,45160
sp,66419,5683,2960,491,396,2002,709,1308
sp,66435,56995,30353,7044,3066,13676,7289,13603
sp,66451,63654,33761,6125,2577,17197,7640,14315
sp,66478,32961,16771,3468,1037,7972,4983,4310
sp,66494,12594,6580,2044,583,3369,1739,2716
sp,66516,2074,1015,79,181,767,286,517
sp,66532,9583,4706,626,1054,2882,1634,1379
sp,66559,4006,1996,217,546,1437,475,947
sp,66575,3594,1848,150,529,1142,454,813
sp,66591,2543,1272,222,312,699,332,570
sp,66613,13093,6599,535,1024,4699,1705,2654
sp,66630,5982,3027,331,1159,1664,617,1712
sp,66656,2819,1440,378,181,1074,345,674
sp,66672,2557,1278,363,178,774,325,608
sp,66699,37407,19064,1986,2892,11865,5216,7064
sp,66710,61289,31531,5978,3871,16760,9028,11159
sp,66737,7299,3667,459,581,2690,914,1740
sp,66753,3303,1579,149,582,1042,358,715
sp,66770,10845,5423,591,1167,2815,1462,2218
sp,66796,3169,1565,176,342,781,381,755
sp,66818,171775,91804,18527,8327,40743,21437,39119
sp,66834,1866,925,136,368,408,247,431
sp,66850,16749,8792,2178,973,4472,2476,3520
sp,66877,63989,32830,5388,4071,18598,7896,13051
sp,66893,306653,160770,17126,20567,81771,45057,50464
sp,66915,4478,2216,276,443,1538,532,1049
sp,66931,3135,1628,450,212,993,465,607
sp,66958,13770,7151,1508,1400,3934,2216,2517
sp,66974,9224,4685,534,1084,3049,1180,2020
sp,66990,17300,8633,907,2522,5729,2745,3653
sp,67016,2592,1315,264,241,894,274,720
sp,67032,20213,10408,1355,1926,5858,2166,5285
sp,67059,12431,6372,1222,1207,3513,1767,2879
sp,67075,42498,22089,3719,3561,11071,5045,9954
sp,67091,3565,1749,132,544,1124,391,891
sp,67113,53411,27247,4739,3979,16317,6143,12550
sp,67130,309844,163360,34250,16600,73108,45574,57484
sp,67156,113319,58340,7278,7901,33632,14123,23578
sp,67172,68088,35246,5827,4172,18115,8002,15362
sp,67199,3296,1647,140,621,973,498,548
sp,67210,1941,965,245,141,563,242,424
sp,67237,44495,23608,2756,1955,13093,5706,11719
sp,67253,6170,3096,644,413,2131,697,1488
sp,67270,37137,19158,3316,5539,8277,4360,8939
sp,67296,17181,8865,2149,1363,4600,2036,4126
sp,67318,13375,6895,1915,517,4533,1745,2629
sp,67334,3438,1756,310,448,1063,442,907
sp,67350,3720,1786,347,346,1050,458,872
sp,67377,41406,21427,1673,4861,12253,6621,6935
sp,67393,20749,10540,1444,1553,7780,2783,3886
sp,67415,10163,5157,407,718,3794,1354,1961
sp,67431,3592,1804,173,285,1216,413,992
sp,67458,4225,2102,125,686,1328,643,797
sp,67474,6380,2868,198,1647,2103,720,1771
sp,67490,14073,6969,831,2713,4431,1744,3367
sp,67512,7580,3863,564,2296,1312,673,2166
sp,67539,7260,3792,1324,476,1974,845,1820
sp,67555,3897,1837,119,420,1517,526,675
sp,67571,5100,2587,249,908,1437,553,1228
sp,67598,7709,3851,250,649,2906,954,1562
sp,67610,15569,7865,815,2022,4655,1981,3531
sp,67636,1998,1019,159,193,727,275,541
sp,67652,2759,1421,234,208,740,442,506
sp,67679,2549,1260,232,267,614,367,506
sp,67695,45570,23527,3254,2544,11444,6005,8566
sp,67717,29338,15090,2193,4339,8026,3544,6968
sp,67733,5822,2953,541,309,1962,806,1209
sp,67750,3068,1533,318,242,944,469,585
sp,67776,2669,1316,152,197,1065,361,705
sp,67792,41115,21353,4009,3194,11906,4751,9706
sp,67814,3832,1897,186,327,1234,514,689
sp,67830,4600,2369,678,204,1128,627,960
sp,67857,4703,2346,272,475,1332,653,786
sp,67873,30871,16091,2767,2554,8482,3893,6532
sp,67890,569477,301551,56626,39625,125947,77754,102495
sp,67911,2747,1434,244,362,766,305,747
sp,67938,24641,12874,2570,2521,6019,2803,6701
sp,67954,79030,41930,8298,5259,21756,9891,17692
sp,67970,6227,3195,433,934,1870,833,1399
sp,67997,9013,4653,1011,956,2709,1052,2411
sp,68012,9230,4681,720,773,3224,1172,2127
sp,68039,7421,3675,221,1146,2349,1114,1201
sp,68055,8022,4113,686,811,2359,977,2202
sp,68071,17277,9061,1749,1160,5873,2130,4626
sp,68098,10531,5469,592,962,3754,1359,2400
sp,68110,32544,16976,3148,3525,7699,4509,7200
sp,68136,14448,7127,1023,2125,4125,1963,3232
sp,68152,4350,2162,647,189,1510,601,875
sp,68179,13879,6885,875,2057,4819,1835,2857
sp,68195,3144,1553,218,400,1074,418,749
sp,68217,8523,4349,610,942,2956,940,2360
sp,68233,5139,2537,529,307,1580,921,903
sp,68250,15034,7576,951,2327,4037,2027,3267
sp,68276,10783,5411,900,803,3756,1489,2240
sp,68292,5929,2930,298,567,2100,932,1120
sp,68314,73171,37829,7277,3958,18872,10830,11286
sp,68330,6543,3352,525,842,1797,847,1528
sp,68357,33014,16806,1971,2569,10528,4419,6816
sp,68373,5081,2505,205,729,2081,603,1330
sp,68390,1877,925,231,111,689,207,487
sp,68411,10856,5568,1317,911,3307,1680,1974
sp,68438,34369,17552,2484,2511,10777,4447,6790
sp,68454,8238,4058,346,1274,2298,1136,1992
sp,68470,46129,24409,3909,3063,14247,5329,11563
sp,68497,20501,10661,2511,2391,4917,2464,4809
sp,68519,6748,3293,460,584,2378,875,1622
sp,68535,55852,29704,4882,3572,15559,7609,13916
sp,68551,4609,2350,692,371,1442,686,1035
sp,68578,42286,21215,2616,3540,15063,5830,8704
sp,68594,21662,10868,1329,2318,7794,3085,4404
sp,68616,113051,58647,9234,6055,28692,15349,22397
sp,68632,11540,5791,823,1199,3881,1376,2906
sp,68659,33949,17510,3045,2759,10508,4250,7981
sp,68675,10626,5381,545,1145,3917,1209,2825
sp,68691,2746,1416,251,365,817,373,633
sp,68713,9143,4846,1135,428,1932,1211,2056
sp,68730,22076,11244,1716,4055,5788,3069,4817
sp,68756,288967,151318,26390,18313,72791,34652,63885
sp,68772,23593,12326,2435,2073,6663,2944,5774
sp,68799,16074,8412,1386,1348,4323,1843,4069
sp,68810,8042,4090,459,1404,2306,862,2144
sp,68837,12022,6123,426,1776,3254,2196,1782
sp,68853,20537,10640,1421,1883,6036,2888,4790
sp,68870,57715,29832,7448,4069,12374,7318,13167
sp,68896,8534,4443,1549,424,1836,1243,1697
sp,68918,26525,13243,1539,2505,8837,3916,4773
sp,68934,4178,2070,178,517,1494,599,739
sp,68950,2778,1348,119,441,942,381,609
sp,68977,93626,49318,5704,7878,19955,14223,15913
sp,68993,4548,2360,297,499,1402,462,1245
sp,69019,16327,8449,1410,688,4463,1998,3683
sp,69035,3180,1578,259,433,868,352,812
sp,69051,27653,13862,765,4833,8938,3980,4423
sp,69078,2491,1249,199,255,832,315,629
sp,69094,3691,1857,192,692,1257,460,969
sp,69116,6571,3227,322,757,2237,724,1920
sp,69132,40560,20669,3039,2421,12909,5467,8135
sp,69159,41391,21555,3511,2784,11912,5199,9142
sp,69175,12657,6422,571,1186,4463,1233,3236
sp,69191,13254,6569,486,2165,4209,1637,2543
sp,69213,213666,115757,17516,13795,53184,29397,49741
sp,69230,3574,1817,201,421,982,455,808
sp,69256,11450,5918,1174,1328,2861,1273,3216
sp,69272,31797,16669,2004,4200,8326,4150,7205
sp,69299,172720,91951,23564,10323,40680,20897,42763
sp,69310,29142,15640,3246,2384,8558,3192,7503
sp,69337,28282,14640,2468,1832,9230,3758,6175
sp,69353,9554,4826,1182,526,2582,1455,1564
sp,69370,3364,1610,116,275,1137,536,563
sp,69396,6526,3319,684,340,1864,1070,1054
sp,69418,5236,2660,163,363,2027,666,1191
sp,69434,7496,3804,510,511,2571,876,1457
sp,69450,24806,12843,2396,2180,6790,3448,5562
sp,69477,4057,1894,152,470,1763,491,995
sp,69493,13812,7237,2103,1061,3260,1831,2941
sp,69515,4547,2311,318,909,1136,536,1124
sp,69531,46205,23883,4133,3311,13179,6787,9338
sp,69558,6532,3236,267,670,2279,1068,1069
sp,69574,2996,1427,76,595,861,456,687
sp,69590,9105,4615,607,1059,2964,1275,1860
sp,69612,15190,7403,517,5629,3040,2690,2573
sp,69639,4028,1973,147,536,1511,612,711
sp,69655,3531,1766,532,377,1002,495,759
sp,69671,90632,46824,8134,4763,21247,11733,18144
sp,69698,443222,238365,57862,17335,101368,54358,99419
sp,69710,4712,2375,282,733,1725,683,1169
sp,69736,3702,1866,515,238,958,559,749
sp,69752,7828,3942,258,647,2426,1026,1700
sp,69779,7702,3898,573,796,2642,909,2126
sp,69795,148111,78001,14836,7268,35115,18895,32351
sp,69817,24380,12082,870,2095,7906,3210,4271
sp,69833,34882,17853,1230,3296,10429,5281,5431
sp,69850,7200,3600,351,1484,2032,1021,1556
sp,69876,8453,4316,476,479,2612,1145,1581
sp,69892,2053,1048,163,123,719,319,311
sp,69914,3047,1525,279,291,984,360,870
sp,69930,4777,2420,261,749,1544,526,1265
sp,69957,2088,1061,105,312,570,316,491
sp,69973,5067,2544,376,588,1552,613,1236
sp,69990,8096,4106,807,446,2381,1063,1664
sp,70017,15202,7424,1056,1585,4863,2234,3099
sp,70033,4106,1999,232,607,1239,608,989
sp,70050,88726,45710,5734,5583,24271,12565,16286
sp,70076,28104,14540,2448,2585,6827,4373,4859
sp,70092,5842,3036,605,582,1608,860,1207
sp,70114,3618,1775,151,361,1145,561,642
sp,70130,11775,5973,745,1165,4135,1517,2768
sp,70157,4924,2487,354,508,1775,505,1376
sp,70173,140097,72251,7720,7960,40278,17358,27644
sp,70190,5145,2619,624,368,1454,662,1347
sp,70211,12549,6279,1032,1192,3936,1651,2744
sp,70238,2207,1112,158,324,709,265,573
sp,70254,3856,1933,363,218,1140,445,961
sp,70270,20892,10429,2425,1911,6133,3111,3364
sp,70297,34917,18158,3628,3224,10403,4459,8544
sp,70319,5092,2442,137,384,1770,727,757
sp,70335,25555,13561,3797,2333,6829,3044,6638
sp,70351,17196,8562,1299,1080,4593,2752,2381
sp,70378,41425,21211,2542,4650,11816,5740,8074
sp,70394,7656,3809,174,1400,2007,1073,1257
sp,70416,4135,2070,233,415,1480,567,783
sp,70432,2704,1322,128,300,826,357,589
sp,70459,1641,809,143,220,529,184,488
sp,70475,84675,44308,10589,7596,18471,13974,12235
sp,70491,2449,1244,304,351,793,261,741
sp,70513,19142,10202,3483,638,5026,2140,5041
sp,70530,19632,10110,1385,910,6453,2534,4513
sp,70556,14500,7723,2223,895,3684,2053,3273
sp,70572,573104,303485,80215,28483,121670,64966,134682
sp,70599,5053,2554,707,352,1846,752,1100
sp,70610,16745,8470,700,1926,6254,2285,3195
sp,70637,5398,2597,236,559,2041,634,1294
sp,70653,6207,3045,521,698,2163,762,1397
sp,70670,2756,1389,105,315,945,340,728
sp,70696,3392,1728,251,496,788,485,671
sp,70718,343758,189495,63870,11581,52301,35682,94912
sp,70734,9381,4736,782,1097,3017,1168,2276
sp,70750,620982,330092,79623,32286,126265,81208,120026
sp,70777,136028,75018,34193,2690,18299,14025,34574
sp,70793,184522,95814,23883,7347,37785,23170,38777
sp,70815,2588,1309,176,417,754,290,718
sp,70831,69004,36234,9531,4701,17037,8099,16192
sp,70858,2396,1197,80,367,800,340,535
sp,70874,2028,1003,184,212,629,276,592
sp,70890,36280,18716,3176,2937,10998,4574,7877
sp,70912,7087,3477,270,879,2746,1109,1424
sp,70939,3633,1759,238,512,1237,492,787
sp,70955,41616,21688,4006,1526,13609,4732,9944
sp,70971,328658,176024,40565,15442,79418,38263,74873
sp,70998,508693,266577,62142,22453,102648,68188,97441
sp,71013,9452,4591,1014,1144,3159,1360,2115
sp,71030,30744,15820,2239,3875,8450,4144,6527
sp,71056,25199,12575,1147,2526,10080,3598,5044
sp,71072,9052724,4880298,1231847,623030,1769586,1165118,1907063
sp,71099,25514,13483,3089,1466,7428,3379,6119
sp,71110,5625,2800,342,632,2121,818,1270
sp,71137,59687,30935,6311,4569,17423,7469,13426
sp,71153,60844,30917,5047,5638,15807,8550,9925
sp,71170,8096,4115,1048,692,2706,1093,1832
sp,71196,12228,6304,1243,661,3317,1654,2892
sp,71218,254057,136022,13033,15591,73531,33368,52516
sp,71234,7051,3440,321,787,2460,989,1501
sp,71250,3227,1592,164,475,1166,453,737
sp,71277,2966,1476,185,589,692,357,693
sp,71293,7209,3579,272,1075,2408,1162,1402
sp,71315,32818,16832,1401,2929,10887,5310,5059
sp,71331,22592,11889,2474,1970,6767,2424,6018
sp,71358,89484,46019,5572,11778,24068,11723,16716
sp,71374,10593,5193,390,1923,3539,1405,2548
sp,71390,12501,6007,581,1571,4528,1897,2193
sp,71412,5198,2561,274,656,2001,657,1123
sp,71439,29766,15333,2421,2087,11088,3256,7977
sp,71455,458748,244610,99597,12922,73884,67820,76123
sp,71471,6367,3194,609,640,1659,855,1281
sp,71498,186768,96487,10804,22232,42663,27656,30891
sp,71510,215897,112738,12608,16351,51510,34623,35004
sp,71536,9236,4634,559,1033,2825,1110,2228
sp,71552,11410,5536,548,1518,4579,1451,2477
sp,71579,208738,112460,13654,15856,53945,31086,31952
sp,71595,4464,2334,476,517,1221,675,874
sp,71617,9022,4697,580,641,3525,1305,1752
sp,71633,4860,2418,212,537,2005,637,1062
sp,71650,4672,2370,287,444,1615,478,1260
sp,71676,15007,7755,2132,490,4512,2145,2931
sp,71692,20253,10275,1894,1621,7075,2209,5158
sp,71714,6434,3175,250,936,2226,935,1450
sp,71730,10503,5356,540,880,3945,1440,2263
sp,71757,40202,20871,2692,3579,12311,4807,9239
sp,71773,16312,8509,1604,1126,6139,2455,3084
sp,71790,5572,2831,176,669,1661,835,1110
sp,71811,85353,44721,5055,10074,23560,12078,17556
sp,71838,228875,120792,24376,10290,55461,28852,48637
sp,71854,3910,1859,139,894,1346,585,859
sp,71870,17586,9012,1331,2490,4447,2598,3441
sp,71897,5664,2837,651,499,1549,799,963
sp,71919,29849,15465,3622,1517,8681,3920,6443
sp,71935,2417,1189,120,465,781,298,644
sp,71951,7362,3720,568,1070,2064,848,1827
sp,71978,26869,13892,2750,1396,7551,3812,5389
sp,71994,5073,2555,393,602,1684,620,1376
sp,72010,50791,26863,5759,3795,12935,5900,13425
sp,72036,11542,6048,1773,834,3129,1316,3385
sp,72052,1731,853,168,200,543,193,512
sp,72079,1969,994,126,282,654,206,592
sp,72095,68789,35141,6593,6464,16509,9587,12510
sp,72117,4157,1962,148,403,1607,624,854
sp,72133,7987,4065,458,789,2999,814,2096
sp,72150,1698,792,69,245,603,222,360
sp,72176,6592,3425,492,1001,1791,737,1745
sp,72192,1448,705,110,224,423,150,366
sp,72214,11019,5663,1109,1026,3577,1253,2895
sp,72230,9571,4849,421,1144,2869,1161,2029
sp,72257,89688,46268,11842,3512,23093,11192,18333
sp,72273,16116,8175,824,1430,5170,2223,3257
sp,72311,31223,16179,2300,4884,9444,4013,6797
sp,72338,74333,38651,7742,4387,16960,12000,11139
sp,72354,7093,3704,1116,266,1800,1074,1386
sp,72370,58263,30329,12870,2082,11170,7628,10669
sp,72397,12035,6172,1608,804,3129,1856,1947
sp,72419,5472,2696,285,815,1703,749,1012
sp,72435,81985,42848,11375,3087,16128,12864,12266
sp,72451,69691,36821,7959,7100,16525,7755,16849
sp,72737,38053,19497,3474,2562,10340,5973,6244
to,73008,2079,951,136,370,643,386,387
to,73016,2124,960,180,434,574,385,353
to,73024,3230,1544,186,889,863,658,548
to,73032,3883,1891,189,997,1258,741,653
to,73040,3740,1834,257,864,970,761,608
to,73059,2637,1222,156,696,778,539,443
to,73067,1808,846,148,414,394,398,279
to,73075,2343,1117,197,550,667,423,414
to,73083,3294,1503,194,905,912,644,582
to,73091,5291,2500,241,1263,1708,1376,647
to,73105,1383,630,104,258,365,336,174
to,73113,2771,1275,184,773,619,648,457
to,73121,3034,1398,127,658,802,605,445
to,73130,2235,1029,135,410,731,402,425
to,73148,1866,912,186,400,350,306,311
to,73156,3042,1445,171,806,720,454,608
to,73164,1734,809,115,445,472,371,303
to,73172,1997,940,121,470,545,426,292
to,73180,6781,3453,338,1234,1861,1521,941
to,73199,2720,1323,198,584,672,520,383
to,73202,2728,1256,113,694,947,483,542
to,73210,1648,751,77,550,484,288,340
to,73229,2377,1095,126,865,674,446,450
to,73237,1790,835,108,409,515,321,312
to,73245,1677,784,127,413,459,315,306
to,73253,1943,946,118,428,595,374,297
to,73261,3362,1588,227,734,1029,690,546
to,73270,1706,816,133,427,402,386,185
to,73288,4015,1894,234,913,1214,897,548
to,73296,5707,2813,297,1751,1471,1312,982
to,73300,3171,1520,219,427,961,536,547
to,73318,3441,1714,173,1023,732,715,562
to,73326,1964,948,142,480,565,389,307
to,73334,4029,1909,192,1307,1091,712,782
to,73342,2165,1053,124,599,596,487,397
to,73350,4501,2224,260,1178,1137,913,643
to,73369,2562,1216,145,523,934,353,594
to,73377,1525,735,113,236,485,269,292
to,73385,8093,3909,504,1286,2556,1476,1003
to,73393,2258,1075,158,636,525,438,401
to,73407,3290,1588,370,332,878,633,488
to,73415,2194,1019,108,423,757,421,368
to,73423,2754,1350,172,813,667,655,425
to,73431,1791,856,129,302,453,443,212
to,73440,185254,96903,35214,6477,24978,35604,16049
to,73458,1789,793,135,265,507,334,279
to,73466,1595,731,90,219,499,327,262
to,73474,1931,857,117,238,631,306,310
to,73482,2629,1191,113,779,639,506,482
to,73504,2395,1104,136,521,673,378,390
to,73512,3459,1705,191,658,965,746,462
to,73520,2107,1022,170,498,540,406,345
to,73539,1857,905,111,466,446,403,296
to,73547,1785,839,120,286,492,375,279
to,73555,1404,684,100,203,394,243,247
to,73563,2306,1022,120,443,663,383,454
to,73571,1914,919,114,299,488,353,297
to,73580,2359,1114,182,554,624,472,341
to,73598,1504,692,135,302,318,307,249
to,73601,1624,787,104,309,479,310,259
to,73610,3407,1621,158,841,1007,754,580
to,92002,3152,1524,224,813,761,525,535
to,92045,5923,2979,373,1531,1311,1251,1051
to,92070,4782,2329,286,1204,1133,1001,847
to,92088,3463,1674,225,632,975,651,590
to,92134,6757,3388,457,1445,1423,1123,1208
to,92142,3509,1739,266,804,784,564,539
to,92185,5312,2551,321,1049,1454,870,1076
to,92193,6880,3476,511,1722,1596,1414,1201
to,92240,3840,1846,190,1401,936,692,706
to,92304,3056,1452,178,657,936,526,587
to,92371,4595,2174,298,834,1323,927,835
to,92398,6388,3172,555,1202,1526,1019,1411
to,92401,2726,1337,226,352,693,493,555
to,92410,110079,59110,13027,10727,20718,20074,13256
to,92436,20838,10508,1775,4723,4804,4395,3528
to,92452,4566,2229,365,1152,1050,931,799
to,92479,7749,3831,994,2153,1443,1429,1466
to,92487,3713,1783,232,1067,859,697,635
to,92509,2189,1023,127,497,560,465,347
to,92525,5086,2558,352,1322,1249,1190,883
to,92533,2975,1467,209,644,926,487,587
to,92541,3025,1524,231,703,797,751,423
to,92576,8111,4083,475,2105,1960,1655,1360
to,92584,3683,1758,228,970,834,772,657
to,92592,5952,2789,467,1047,1872,1140,1147
to,92606,2428,1118,191,513,505,518,399
to,92681,3354,1617,226,693,1060,509,777
to,92738,3829,1911,321,759,844,649,739
to,93114,23067,12134,2641,4236,5335,4177,3605
to,93130,3185,1527,239,988,745,623,538
to,93211,3813,1854,182,1152,1041,730,723
to,93238,5327,2598,538,915,1319,865,1056
to,93416,12630,6300,1352,1966,3042,2596,1805
to,93459,4730,2169,274,1030,1609,716,1054
to,93475,3149,1492,244,586,795,563,619
to,93556,5849,2791,387,1192,1680,1197,1123
to,93653,13421,6568,935,2740,3582,2328,2367
to,93858,57214,30196,7259,4303,11150,9355,8251
to,94056,5416,2641,402,1416,1330,1148,1035
to,94099,4235,2052,162,1130,1177,831,794
to,94170,1989,946,89,474,543,373,337
to,94617,14367,7295,1524,1782,3911,2616,2403
to,94633,9684,4923,715,1721,2712,1668,1852
to,94692,4531,2146,352,1067,1172,829,881
to,94811,6300,3164,487,1546,1320,1161,1136
to,94838,3664,1789,307,865,870,695,725
to,94994,3836,1813,307,811,1036,830,614
to,95192,33107,17458,3284,3586,6340,5657,4711
to,95214,7740,3706,429,2838,1716,1431,1474
to,95257,9553,4773,823,1088,2162,1900,1307
to,95273,6979,3411,605,1512,1941,1125,1469
to,95290,6220,3133,495,1547,1407,1054,1260
to,95338,7498,3609,509,2248,1774,1679,1348
to,95370,3319,1574,202,959,758,601,677
to,95478,5331,2526,435,819,1589,913,1002
to,95516,3352,1578,198,808,1241,598,753
to,95532,5025,2365,382,1308,1233,907,956
to,95591,40317,20815,5740,4704,7482,7266,5805
to,95699,2902,1324,178,931,593,644,520
to,96032,2931,1455,188,653,747,617,486
to,96130,7141,3564,500,1766,1556,1471,1233
to,96156,10425,5134,609,2121,3855,1841,2026
to,96199,4734,2307,337,675,1478,1151,596
to,96210,14496,7584,1542,1920,3520,2848,2262
to,96270,16575,8515,2087,2605,3371,2800,2824
to,96296,2655,1305,230,636,525,506,510
to,96431,8262,4207,649,2066,1558,1536,1370
to,96490,5354,2710,394,1262,1414,845,1035
to,96598,4205,2038,342,951,951,776,829
to,96636,7577,3685,512,1712,1872,1508,1276
to,96652,6512,3200,553,1378,1670,1172,1233
to,96679,4173,2067,257,747,1144,659,879
to,96792,3772,1717,217,985,971,727,782
to,96830,2951,1480,222,466,735,561,545
to,96857,11985,6173,1076,3041,2562,2580,1972
to,96954,4096,2038,283,719,1076,743,806
to,96970,3549,1691,251,841,781,635,644
to,96997,4334,2073,258,925,1196,744,765
zz,29173,36,17,17,0,1,5,5
zz,29254,68,40,16,1,6,5,20
zz,29262,1750,909,1016,19,15,102,41
zz,29270,50,23,26,1,1,4,7
zz,29289,793,445,254,32,32,107,90
zz,29297,40,29,18,1,0,4,8
zz,29300,15,8,10,0,1,0,3
zz,29319,685,418,107,5,56,44,157
zz,29327,1981,1026,688,54,106,143,357
zz,29335,1047,687,308,8,44,73,183
zz,29343,148,69,85,0,1,7,22
zz,29351,4989,3060,1766,48,326,720,294
zz,29360,4417,2516,1638,212,208,767,602
zz,29378,76,48,43,1,1,11,9
zz,29386,7147,4608,3224,45,187,452,650
zz,29394,69,52,39,0,0,1,26
zz,29408,1185,614,596,23,40,100,135
zz,29416,35044,17881,6809,204,2679,2020,3149
zz,29424,14,10,10,0,3,1,5
zz,29432,3999,2592,1210,101,267,369,286
zz,29440,53,30,22,0,1,3,11
zz,29459,229,110,124,1,3,13,25
zz,29467,6210,3982,2231,37,194,400,753
zz,29475,3641,2281,96,365,1209,270,510
zz,29483,137,83,85,4,1,4,35
zz,29491,2573,1469,1750,15,19,147,193
zz,29505,1746,826,617,19,68,136,314
zz,29513,7583,4533,4865,71,34,532,815
zz,29521,35,17,2,1,9,2,9
zz,29530,250,144,124,2,7,13,25
zz,29548,441,238,342,1,3,26,30
zz,29556,4235,1950,491,401,1409,178,784
zz,29564,106,55,32,8,10,5,33
zz,29572,294,182,79,6,11,34,47
zz,29580,65,21,8,4,16,1,11
zz,29599,1319,954,675,23,50,91,89
zz,29602,714,414,211,6,31,76,52
zz,29610,99,59,27,0,6,10,13
zz,29637,195,109,61,19,20,2,50
zz,29645,75,41,42,0,0,1,10
zz,29653,453,212,268,1,2,40,14
zz,29661,2111,1225,1214,7,55,165,35
zz,29670,202,85,34,10,49,8,66
zz,29688,2727,1809,1109,64,105,237,276
zz,29696,8351,5764,2889,270,310,719,825
zz,29700,8315,5676,2527,120,416,682,651
zz,29718,287,114,24,61,67,19,20
zz,29742,10101,4480,889,23,1092,1104,1136
zz,29750,39,14,29,0,0,1,4
zz,29769,5,4,1,0,0,0,1
zz,29777,113,49,38,1,0,5,13
zz,29785,680,377,353,1,22,31,25
zz,29793,564,264,315,4,12,35,67
zz,29807,14149,8294,7650,104,248,824,1711
zz,29815,25,20,12,0,0,0,11
zz,29823,17,10,7,0,0,4,3
zz,29831,12,8,6,0,0,0,6
zz,29840,104,42,49,0,1,9,17
zz,29858,47,16,24,0,1,2,5
zz,29874,32,22,15,0,1,0,7
zz,29882,95,54,51,3,0,16,7
zz,29890,128,64,77,1,0,11,7
zz,29904,400,227,180,9,5,53,45
zz,29912,55,34,23,2,3,7,12
zz,29939,21,19,7,0,0,0,5
zz,29947,1143,657,596,7,26,90,165
zz,29955,21195,12988,4817,721,2183,2551,1765
zz,29963,3,3,1,0,0,0,0
zz,29971,25917,15017,10540,445,900,1418,1451
zz,29980,8482,5275,4670,121,77,373,1176
zz,29998,342,172,152,1,12,25,57
zz,30066,15773,10565,3556,206,1326,1814,823
zz,30074,129,72,65,3,2,24,23
zz,30082,128,65,47,3,5,16,13
zz,30090,675,360,299,3,31,37,76
zz,30104,3419,1902,1712,16,41,194,354
zz,30112,34356,19388,14391,322,726,2083,5505
zz,30120,14769,10981,3101,144,806,1129,1175
zz,30147,2175,1289,702,39,82,153,471
zz,30155,6406,3439,4755,16,26,332,387
zz,30163,124,42,61,0,1,13,13
zz,30171,21,16,14,0,2,1,4
zz,30180,9771,7069,3523,59,352,778,778
zz,30198,24515,10787,2346,80,2693,2132,2848
zz,30201,68,38,45,0,0,1,12
zz,30210,95,51,49,1,1,7,11
zz,30228,23148,13681,8214,663,923,1018,4180
zz,30244,1443,1095,597,18,63,81,70
zz,30252,1187,644,765,16,11,90,129
zz,30260,1060,606,591,11,12,74,174
zz,30279,1870,879,38,285,795,81,148
zz,30287,11047,7206,5462,155,309,772,1257
zz,30295,10,5,3,1,2,0,2
zz,30309,614,304,132,22,100,90,89
zz,30317,215,95,122,3,2,29,21
zz,30325,95,47,20,0,4,5,13
zz,30333,60,35,40,0,1,1,16
zz,30341,14300,8736,3837,263,1290,1174,1520
zz,30350,249,96,153,0,2,13,13
zz,30368,57,39,35,0,1,1,11
zz,30376,605,324,223,6,28,44,77
zz,30392,958,539,379,4,37,78,120
zz,30406,69,47,37,0,1,4,12
zz,30414,1204,716,258,59,140,181,154
zz,30422,133,64,81,1,6,10,17
zz,30430,40,25,3,1,6,7,3
zz,30449,10709,7982,2836,141,606,924,1074
zz,30457,4838,3380,2004,41,208,460,363
zz,30465,421,132,63,20,134,10,54
zz,30473,2353,1185,684,94,115,268,257
zz,30481,2680,1622,1324,13,62,153,290
zz,30490,409,216,161,8,19,48,51
zz,30503,9631,5671,4797,142,226,399,1099
zz,30511,483,255,239,3,8,36,83
zz,30520,157,98,70,2,3,11,30
zz,30538,105,48,68,1,1,7,10
zz,30546,16,3,10,0,0,1,6
zz,30562,5669,3140,3632,35,101,157,331
zz,30570,528,271,320,5,1,64,117
zz,30597,49,34,22,0,2,5,5
zz,30600,214,110,82,3,7,25,30
zz,30619,2096,1157,1105,35,28,185,484
zz,30627,26092,11908,3641,131,1755,2467,3475
zz,30635,9970,5321,5672,131,224,644,913
zz,30651,211,68,77,0,4,31,22
zz,30669,5,2,1,0,0,0,0
zz,30686,7,6,1,0,1,0,2
zz,30708,45,28,29,1,0,1,10
zz,30740,188,81,109,1,2,7,14
zz,30767,2531,1662,885,70,125,197,213
zz,30783,13033,7875,6295,225,425,737,1868
zz,30805,1859,978,902,10,23,95,49
zz,30821,51,35,22,1,1,3,9
zz,30848,627,266,350,4,8,93,62
zz,30864,11353,8336,2915,290,659,1134,913
zz,30902,3833,2139,1000,37,233,267,344
zz,30929,3,1,2,0,0,0,2
zz,30961,3623,2227,447,89,521,407,222
zz,30988,8,5,6,0,0,0,0
zz,38881,8,4,4,0,0,0,3
zz,38903,2,0,1,0,0,0,0
zz,38920,2,2,1,0,0,0,0
zz,38962,35,18,22,0,2,1,5
zz,38989,12,3,6,0,0,2,1
zz,39004,219,129,74,2,14,17,23
zz,39020,56,34,26,1,3,2,4
zz,39063,4497,2578,3080,22,34,339,333
zz,39080,10746,6204,4047,210,443,753,924
zz,39102,75,41,66,0,0,3,8
zz,39160,45,29,28,0,1,4,2
zz,39187,3,0,2,0,0,0,2
zz,39209,60,36,51,0,0,2,4
zz,39225,8,4,4,0,0,0,0
zz,39241,7,4,7,0,0,0,0
zz,39263,7,2,4,0,0,0,1
zz,39284,8,5,0,0,1,0,1
zz,39306,161,112,100,2,1,14,7
zz,39322,53,29,21,1,3,1,7
zz,98000,225,130,111,3,4,17,46
zz,99104,9,5,6,0,1,1,1
zz,99155,8,4,3,0,1,0,2
zz,99180,39,23,25,0,2,6,9
zz,99236,3,1,0,0,0,0,0
zz,99287,30,19,17,0,0,4,1
zz,99317,46,24,37,0,0,2,1
zz,99341,3,2,3,0,0,0,1
zz,99350,1,1,1,0,0,0,0
zz,99376,9,6,9,0,0,0,1
zz,99406,2,0,2,0,0,0,1
zz,99422,1,1,1,0,0,0,0
zz,99430,94,47,25,1,4,4,6
