uf,cd,nome,FERNANDO HADDAD,JAIR BOLSONARO
ac,01007,BUJARI,1274,4676
ac,01015,CAPIXABA,1086,3895
ac,01023,PORTO ACRE,2059,7150
ac,01031,SANTA ROSA DO PURUS,975,847
ac,01040,MARECHAL THAUMATURGO,2451,2548
ac,01058,BRASILÉIA,3208,8711
ac,01066,PORTO WALTER,1208,1897
ac,01074,CRUZEIRO DO SUL,7818,31147
ac,01082,RODRIGUES ALVES,1682,4762
ac,01090,MÂNCIO LIMA,2334,5225
ac,01104,JORDÃO,1415,1375
ac,01112,EPITACIOLÂNDIA,2026,6284
ac,01120,ACRELÂNDIA,1300,5165
ac,01139,FEIJÓ,5256,6296
ac,01392,RIO BRANCO,32937,158264
ac,01457,SENA MADUREIRA,3711,12051
ac,01473,TARAUACÁ,5267,8292
ac,01490,XAPURI,3400,4929
ac,01511,PLÁCIDO DE CASTRO,1837,6531
ac,01538,SENADOR GUIOMARD,2452,10247
ac,01554,MANOEL URBANO,1621,2274
ac,01570,ASSIS BRASIL,1660,2333
al,27006,PARIPUEIRA,3164,3554
al,27014,ÁGUA BRANCA,9520,812
al,27022,PARICONHA,5777,374
al,27030,ANADIA,6182,1711
al,27049,ESTRELA DE ALAGOAS,6783,851
al,27057,ARAPIRACA,56755,48375
al,27065,JEQUIÁ DA PRAIA,2639,2184
al,27073,ATALAIA,13524,6287
al,27081,CAMPESTRE,2594,745
al,27090,BARRA DE SANTO ANTÔNIO,4923,2893
al,27111,BARRA DE SÃO MIGUEL,2346,2400
al,27138,BATALHA,6261,2072
al,27154,BELÉM,2511,684
al,27170,BELO MONTE,2928,486
al,27197,BOCA DA MATA,7788,4521
al,27219,BRANQUINHA,3756,1160
al,27235,CACIMBINHAS,4166,1125
al,27251,CAJUEIRO,6380,2652
al,27278,CAMPO ALEGRE,11526,4239
al,27294,CAMPO GRANDE,5022,843
al,27316,CANAPI,7618,905
al,27332,CAPELA,5192,3222
al,27359,CARNEIROS,3873,547
al,27375,CHÃ PRETA,2994,788
al,27391,COITÉ DO NÓIA,5010,964
al,27413,COLÔNIA LEOPOLDINA,5582,3559
al,27430,COQUEIRO SECO,2016,1265
al,27456,CORURIPE,11098,13819
al,27472,DELMIRO GOUVEIA,22523,4009
al,27499,DOIS RIACHOS,4444,1072
al,27510,FEIRA GRANDE,10412,2144
al,27537,FELIZ DESERTO,1417,689
al,27553,FLEXEIRAS,2780,2526
al,27570,GIRAU DO PONCIANO,15898,2338
al,27596,IBATEGUARA,4865,2464
al,27618,IGACI,11111,1901
al,27634,IGREJA NOVA,9410,2427
al,27650,INHAPI,7102,918
al,27677,JACARÉ DOS HOMENS,2981,434
al,27693,JACUÍPE,2736,715
al,27715,JAPARATINGA,2066,1962
al,27731,JARAMATAIA,2806,462
al,27758,JOAQUIM GOMES,6950,2138
al,27774,JUNDIÁ,1547,855
al,27790,JUNQUEIRO,8973,3609
al,27812,LAGOA DA CANOA,8222,2297
al,27839,LIMOEIRO DE ANADIA,9971,2362
al,27855,MACEIÓ,166838,268027
al,27871,MAJOR ISIDORO,7264,2379
al,27898,MARAGOGI,6265,7462
al,27910,MARAVILHA,4341,810
al,27936,MARECHAL DEODORO,10713,14007
al,27952,MARIBONDO,4667,2017
al,27979,MAR VERMELHO,1788,563
al,27995,MATA GRANDE,9558,1537
al,28010,MATRIZ DE CAMARAGIBE,6213,5879
al,28037,MESSIAS,5415,3367
al,28053,MINADOR DO NEGRÃO,2607,591
al,28070,MONTEIRÓPOLIS,3247,574
al,28096,MURICI,7965,4584
al,28118,NOVO LINO,3108,2233
al,28134,OLHO D ÁGUA DAS FLORES,7149,3090
al,28150,OLHO D ÁGUA DO CASADO,4494,319
al,28177,OLHO D ÁGUA GRANDE,2687,374
al,28193,OLIVENÇA,5134,1002
al,28215,OURO BRANCO,5156,828
al,28231,PALESTINA,2291,428
al,28258,PALMEIRA DOS ÍNDIOS,23153,11083
al,28274,PÃO DE AÇÚCAR,9356,2301
al,28290,PASSO DE CAMARAGIBE,4712,2470
al,28312,PAULO JACINTO,2868,1086
al,28339,PENEDO,17029,9490
al,28355,PIAÇABUÇU,6070,2306
al,28371,PILAR,9463,8313
al,28398,PINDOBA,1210,475
al,28410,PIRANHAS,11252,1250
al,28436,POÇO DAS TRINCHEIRAS,6226,625
al,28452,PORTO CALVO,5982,5950
al,28479,PORTO DE PEDRAS,2367,1683
al,28495,PORTO REAL DO COLÉGIO,8966,1759
al,28517,QUEBRANGULO,5053,1429
al,28533,RIO LARGO,19803,19583
al,28550,ROTEIRO,2183,1102
al,28576,SANTA LUZIA DO NORTE,2586,1635
al,28592,SANTANA DO IPANEMA,17425,4678
al,28614,SANTANA DO MUNDAÚ,4729,1105
al,28630,SÃO BRÁS,3103,879
al,28657,SÃO JOSÉ DA LAJE,7192,4203
al,28673,SÃO JOSÉ DA TAPERA,12282,1826
al,28690,SÃO LUÍS DO QUITUNDE,8142,5877
al,28711,SÃO MIGUEL DOS CAMPOS,13156,13765
al,28738,SÃO MIGUEL DOS MILAGRES,2093,2021
al,28754,SÃO SEBASTIÃO,13577,3483
al,28770,SATUBA,3531,3681
al,28797,TANQUE D ARCA,2987,504
al,28819,TAQUARANA,7341,1986
al,28835,TRAIPU,9658,1508
al,28851,UNIÃO DOS PALMARES,19928,9943
al,28878,VIÇOSA,8972,4105
al,28894,CRAÍBAS,11200,2099
al,28916,SENADOR RUI PALMEIRA,5287,776
al,28932,TEOTÔNIO VILELA,12110,6684
am,02003,APUÍ,3046,3218
am,02011,NOVO AIRÃO,4289,3033
am,02020,GUAJARÁ,2782,2836
am,02038,ANORI,3681,2253
am,02046,CAREIRO DA VÁRZEA,7239,2795
am,02054,ATALAIA DO NORTE,4020,851
am,02070,AUTAZES,12407,4509
am,02097,BARCELOS,3608,1913
am,02119,BARREIRINHA,11611,1036
am,02135,BENJAMIN CONSTANT,12275,2026
am,02151,BOCA DO ACRE,6782,6129
am,02178,BORBA,10727,2238
am,02194,CANUTAMA,3359,1691
am,02216,CARAUARI,9617,2370
am,02232,CAREIRO,9464,4160
am,02259,COARI,21399,9690
am,02275,CODAJÁS,5455,3044
am,02291,EIRUNEPÉ,8836,3137
am,02313,ENVIRA,4870,1405
am,02330,FONTE BOA,7837,1645
am,02356,HUMAITÁ,10398,7609
am,02372,SANTA ISABEL DO RIO NEGRO,2637,1430
am,02399,IPIXUNA,5055,1312
am,02410,ITACOATIARA,29226,15412
am,02437,ITAPIRANGA,2843,1831
am,02453,JAPURÁ,1912,648
am,02470,JURUÁ,2829,1185
am,02496,JUTAÍ,6049,1373
am,02518,LÁBREA,11291,3633
am,02534,MANACAPURU,27255,17778
am,02550,MANAUS,358364,686999
am,02577,MANICORÉ,12543,5016
am,02593,MARAÃ,4114,835
am,02615,MAUÉS,16543,3080
am,02631,NHAMUNDÁ,7447,1280
am,02658,NOVA OLINDA DO NORTE,8303,2016
am,02674,NOVO ARIPUANÃ,5923,1383
am,02690,PARINTINS,38970,8266
am,02712,PAUINI,4437,1593
am,02739,SANTO ANTÔNIO DO IÇÁ,7998,1662
am,02755,SÃO PAULO DE OLIVENÇA,10907,1535
am,02771,SILVES,3966,784
am,02798,TAPAUÁ,5288,2457
am,02810,TEFÉ,18878,8159
am,02836,SÃO GABRIEL DA CACHOEIRA,13369,3864
am,02852,URUCARÁ,5785,1547
am,02879,URUCURITUBA,6256,1466
am,02895,ALVARÃES,5295,1380
am,02917,AMATURÁ,3400,846
am,02933,ANAMÃ,4077,1771
am,02950,BERURI,5670,1831
am,02976,BOA VISTA DO RAMOS,6666,808
am,02992,CAAPIRANGA,3449,1387
am,98353,IRANDUBA,14447,8757
am,98370,ITAMARATI,3497,691
am,98396,MANAQUIRI,6076,1744
am,98418,PRESIDENTE FIGUEIREDO,8669,6337
am,98434,RIO PRETO DA EVA,5368,4751
am,98450,SÃO SEBASTIÃO DO UATUMÃ,2430,1803
am,98477,TABATINGA,15809,7061
am,98493,UARINI,3692,1089
am,98515,TONANTINS,5410,1013
ap,06009,PRACUÚBA,1438,747
ap,06017,AMAPÁ,2610,1423
ap,06025,PORTO GRANDE,5250,3681
ap,06033,CALÇOENE,3140,1671
ap,06041,ITAUBAL,2530,1250
ap,06050,MACAPÁ,98083,120603
ap,06068,CUTIAS,1961,800
ap,06076,MAZAGÃO,7628,3361
ap,06084,PEDRA BRANCA DO AMAPARI,3317,2234
ap,06092,OIAPOQUE,7335,3589
ap,06106,SERRA DO NAVIO,1240,1196
ap,06114,FERREIRA GOMES,2143,1659
ap,06122,VITÓRIA DO JARI,4565,1704
ap,06130,LARANJAL DO JARI,11044,7703
ap,06157,SANTANA,27662,31383
ap,06173,TARTARUGALZINHO,3670,2092
ba,30007,LUÍS EDUARDO MAGALHÃES,15773,22509
ba,30058,EUNÁPOLIS,29184,28502
ba,30660,IUIU,4823,946
ba,30678,JABORANDI,4627,1252
ba,30694,JUSSARI,1898,1102
ba,30716,AMÉRICA DOURADA,7472,1037
ba,30732,ARATACA,3076,1152
ba,30759,BARRO ALTO,5893,1091
ba,30775,BARROCAS,8478,1420
ba,30791,BURITIRAMA,8175,1958
ba,30813,CAPELA DO ALTO ALEGRE,4610,1478
ba,30830,CAPIM GROSSO,10375,4900
ba,30856,CANUDOS,7222,1142
ba,30872,DIAS D ÁVILA,26227,8750
ba,30899,FÁTIMA,9416,1204
ba,30910,FILADÉLFIA,7417,1959
ba,30937,GAVIÃO,2108,785
ba,30953,GUAJERU,3851,560
ba,30970,HELIÓPOLIS,7429,913
ba,30996,JOÃO DOURADO,8736,3697
ba,33014,ABAÍRA,2694,1742
ba,33030,ABARÉ,7453,2077
ba,33057,ACAJUTIBA,5944,1476
ba,33065,ADUSTINA,7361,1188
ba,33073,ÁGUA FRIA,6496,1241
ba,33090,ÉRICO CARDOSO,4018,1128
ba,33111,AIQUARA,2096,475
ba,33138,ALAGOINHAS,51668,24844
ba,33154,ALCOBAÇA,7839,2487
ba,33170,ALMADINA,2527,628
ba,33197,AMARGOSA,12470,6203
ba,33219,AMÉLIA RODRIGUES,10510,2568
ba,33235,ANAGÉ,9762,2543
ba,33251,ANDARAÍ,6057,867
ba,33260,ANDORINHA,8339,717
ba,33278,ANGICAL,7552,1628
ba,33294,ANGUERA,5502,883
ba,33316,ANTAS,5717,1445
ba,33332,ANTÔNIO CARDOSO,7844,931
ba,33359,ANTÔNIO GONÇALVES,4445,1308
ba,33375,APORÁ,6763,1643
ba,33383,ARAÇÁS,5945,1237
ba,33391,ARACATU,7154,1704
ba,33405,APUAREMA,3019,921
ba,33413,ARACI,22617,3290
ba,33430,ARAMARI,5643,797
ba,33456,ARATUÍPE,4635,827
ba,33472,AURELINO LEAL,5154,1270
ba,33499,BAIANÓPOLIS,6478,1804
ba,33510,BAIXA GRANDE,7344,2551
ba,33529,BANZAÊ,5815,1531
ba,33537,BARRA,20502,3628
ba,33553,BARRA DA ESTIVA,10421,3149
ba,33570,BARRA DO CHOÇA,15363,3762
ba,33596,BARRA DO MENDES,7691,779
ba,33618,BARRA DO ROCHA,1901,657
ba,33634,BARREIRAS,43898,29915
ba,33650,BARRO PRETO,2715,1096
ba,33677,BELMONTE,7351,2713
ba,33693,BELO CAMPO,7092,2443
ba,33715,BIRITINGA,8405,877
ba,33731,BOA NOVA,6603,889
ba,33758,BOA VISTA DO TUPIM,6496,2315
ba,33774,BOM JESUS DA LAPA,24779,6165
ba,33782,BOM JESUS DA SERRA,4964,534
ba,33790,BONINAL,5100,1598
ba,33804,BONITO,7245,1225
ba,33812,BOQUIRA,10054,873
ba,33839,BOTUPORÃ,5404,956
ba,33855,BREJÕES,5247,1550
ba,33871,BREJOLÂNDIA,3924,1221
ba,33898,BROTAS DE MACAÚBAS,4502,1613
ba,33910,BRUMADO,25911,12294
ba,33936,BUERAREMA,3803,4698
ba,33952,CAATIBA,3030,1521
ba,33960,CABACEIRAS DO PARAGUAÇU,7782,1214
ba,33979,CACHOEIRA,14904,2874
ba,33995,CACULÉ,8317,3692
ba,34010,CAEM,4839,695
ba,34029,CAETANOS,5974,573
ba,34037,CAETITÉ,23063,6006
ba,34053,CAFARNAUM,7181,2123
ba,34070,CAIRU,6230,2661
ba,34096,CALDEIRÃO GRANDE,5852,774
ba,34118,CAMACÃ,7323,4265
ba,34134,CAMAÇARI,84052,45483
ba,34150,CAMAMU,9733,5178
ba,34177,CAMPO ALEGRE DE LOURDES,13064,1542
ba,34193,CAMPO FORMOSO,28718,8852
ba,34215,CANÁPOLIS,4796,1057
ba,34231,CANARANA,10898,2149
ba,34258,CANAVIEIRAS,10644,5176
ba,34274,CANDEAL,4392,1028
ba,34290,CANDEIAS,39448,7101
ba,34312,CANDIBA,6489,1632
ba,34339,CÂNDIDO SALES,10012,2888
ba,34355,CANSANÇÃO,16747,1971
ba,34363,CARAÍBAS,4323,1167
ba,34371,CARAVELAS,6443,2690
ba,34398,CARDEAL DA SILVA,4410,448
ba,34410,CARINHANHA,10147,4264
ba,34436,CASA NOVA,32131,6359
ba,34452,CASTRO ALVES,13090,2156
ba,34479,CATOLÂNDIA,2118,511
ba,34495,CATU,22901,5989
ba,34509,CATURAMA,4403,673
ba,34517,CENTRAL,7630,1808
ba,34533,CHORROCHÓ,5341,798
ba,34550,CÍCERO DANTAS,14002,3724
ba,34576,CIPÓ,6361,2402
ba,34592,COARACI,7163,3523
ba,34614,COCOS,7742,3180
ba,34630,CONCEIÇÃO DA FEIRA,9922,2533
ba,34657,CONCEIÇÃO DO ALMEIDA,8718,1608
ba,34673,CONCEIÇÃO DO COITÉ,24197,13094
ba,34690,CONCEIÇÃO DO JACUÍPE,12952,4475
ba,34711,CONDE,9353,2235
ba,34738,CONDEÚBA,6823,2788
ba,34754,CONTENDAS DO SINCORÁ,2099,541
ba,34770,CORAÇÃO DE MARIA,12511,2490
ba,34797,CORDEIROS,2914,1552
ba,34819,CORIBE,6538,1784
ba,34835,CORONEL JOÃO SÁ,8211,1130
ba,34851,CORRENTINA,13658,3753
ba,34878,COTEGIPE,6312,1259
ba,34894,CRAVOLÂNDIA,2251,416
ba,34916,CRISÓPOLIS,9384,1515
ba,34932,CRISTÓPOLIS,6381,1712
ba,34959,CRUZ DAS ALMAS,25147,10681
ba,34975,CURAÇÁ,15160,2484
ba,34991,DÁRIO MEIRA,4273,865
ba,35017,DOM BASÍLIO,6708,805
ba,35033,DOM MACEDO COSTA,2162,738
ba,35050,ELÍSIO MEDRADO,3684,980
ba,35076,ENCRUZILHADA,7657,2368
ba,35092,ENTRE RIOS,16995,3797
ba,35114,ESPLANADA,13746,3320
ba,35130,EUCLIDES DA CUNHA,25434,4674
ba,35149,FEIRA DA MATA,2192,1145
ba,35157,FEIRA DE SANTANA,194826,115156
ba,35173,FIRMINO ALVES,2258,836
ba,35190,FLORESTA AZUL,3691,1253
ba,35211,FORMOSA DO RIO PRETO,8943,3281
ba,35238,GANDU,9436,5526
ba,35254,GENTIO DO OURO,5661,1020
ba,35270,GLÓRIA,8662,894
ba,35297,GONGOGI,2629,505
ba,35319,GOVERNADOR MANGABEIRA,9480,2490
ba,35335,GUANAMBI,32336,15405
ba,35351,GUARATINGA,7054,2484
ba,35378,IAÇU,11236,2169
ba,35394,IBIASSUCÊ,4198,1813
ba,35416,IBICARAÍ,7615,4587
ba,35432,IBICOARA,6576,2544
ba,35459,IBICUÍ,5354,1773
ba,35475,IBIPEBA,8410,1122
ba,35491,SANTA RITA DE CÁSSIA,11482,2968
ba,35513,IBIPITANGA,6328,1711
ba,35530,IBIQUERA,1777,268
ba,35556,IBIRAPITANGA,7291,2236
ba,35572,IBIRAPUÃ,2475,2191
ba,35599,IBIRATAIA,6796,3264
ba,35610,IBITIARA,5962,2019
ba,35637,IBITITÁ,9149,1371
ba,35653,IBOTIRAMA,9651,4085
ba,35670,ICHU,3265,773
ba,35696,IGAPORÃ,7844,997
ba,35700,IGRAPIÚNA,4674,1250
ba,35718,IGUAÍ,8184,3490
ba,35734,ILHÉUS,54505,35315
ba,35750,INHAMBUPE,14299,3496
ba,35777,IPECAETÁ,8417,1435
ba,35793,IPIAÚ,14489,6627
ba,35815,IPIRÁ,26759,5709
ba,35831,IPUPIARA,4059,1511
ba,35858,IRAJUBA,3055,618
ba,35874,IRAMAIA,4202,1138
ba,35890,IRAQUARA,11729,968
ba,35912,IRARÁ,13492,2698
ba,35939,IRECÊ,25824,9137
ba,35947,ITABELA,9637,4654
ba,35955,ITABERABA,22358,7473
ba,35971,ITABUNA,53396,50668
ba,35998,ITACARÉ,7618,2371
ba,36013,ITAETÉ,5405,1679
ba,36030,ITAGI,4868,1875
ba,36056,ITAGIBÁ,5367,2136
ba,36072,ITAGIMIRIM,2603,1372
ba,36080,ITAGUAÇU DA BAHIA,6050,736
ba,36099,ITAJU DO COLÔNIA,1767,1398
ba,36110,ITAJUÍPE,7686,3474
ba,36137,ITAMARAJU,16393,13312
ba,36153,ITAMARI,2957,1097
ba,36170,ITAMBÉ,8003,3317
ba,36196,ITANAGRA,3217,491
ba,36218,ITANHÉM,6182,3911
ba,36234,ITAPARICA,10223,2363
ba,36250,ITAPÉ,4073,1998
ba,36277,ITAPEBI,4032,1247
ba,36293,ITAPETINGA,14784,17138
ba,36315,ITAPICURU,13503,1549
ba,36331,ITAPITANGA,2870,1011
ba,36358,ITAQUARA,3274,1122
ba,36374,ITARANTIM,5406,3656
ba,36382,ITATIM,5934,2019
ba,36390,ITIRUÇU,4337,1622
ba,36412,ITIÚBA,13970,4548
ba,36439,ITORORÓ,6523,3620
ba,36455,ITUAÇU,7430,3045
ba,36471,ITUBERÁ,8178,3786
ba,36498,JACARACI,6223,1581
ba,36510,JACOBINA,31586,9815
ba,36536,JAGUAQUARA,15962,6871
ba,36552,JAGUARARI,12539,3532
ba,36579,JAGUARIPE,8024,1221
ba,36595,JANDAÍRA,4441,755
ba,36617,JEQUIÉ,54000,27012
ba,36633,JEREMOABO,16180,2675
ba,36650,JIQUIRIÇÁ,5522,1469
ba,36676,JITAÚNA,5783,1969
ba,36692,JUAZEIRO,79982,34740
ba,36706,JUCURUÇU,3875,1190
ba,36714,JUSSARA,7998,592
ba,36730,JUSSIAPE,3387,1016
ba,36757,LAFAIETE COUTINHO,2359,391
ba,36765,LAGOA REAL,6647,792
ba,36773,LAJE,9992,3294
ba,36790,LAJEDÃO,1733,1186
ba,36811,LAJEDINHO,1938,309
ba,36820,LAJEDO DO TABOCAL,3455,754
ba,36838,LAMARÃO,4325,487
ba,36854,LAURO DE FREITAS,62336,32596
ba,36870,LENÇÓIS,4376,694
ba,36897,LICÍNIO DE ALMEIDA,5119,1643
ba,36919,LIVRAMENTO DE NOSSA SENHORA,19346,4674
ba,36935,MACAJUBA,4457,1319
ba,36951,MACARANI,5177,3179
ba,36978,MACAÚBAS,17824,3933
ba,36994,MACURURÉ,3676,559
ba,37010,MAIQUINIQUE,2914,1848
ba,37036,MAIRI,7235,1864
ba,37052,MALHADA,6556,2121
ba,37079,MALHADA DE PEDRAS,4028,1283
ba,37095,MANOEL VITORINO,7455,1203
ba,37117,MARACÁS,10867,2804
ba,37133,MARAGOGIPE,19520,3915
ba,37150,MARAÚ,6695,1436
ba,37176,MARCIONÍLIO SOUZA,4191,793
ba,37192,MASCOTE,4133,1457
ba,37214,MATA DE SÃO JOÃO,21916,6152
ba,37222,MATINA,5915,529
ba,37230,MEDEIROS NETO,7044,4883
ba,37257,MIGUEL CALMON,10224,3564
ba,37273,MILAGRES,4573,1267
ba,37290,MIRANGABA,6851,1338
ba,37303,MIRANTE,4000,842
ba,37311,MONTE SANTO,25788,2546
ba,37338,MORPARÁ,3584,1298
ba,37354,MORRO DO CHAPÉU,13763,3146
ba,37370,MORTUGABA,3645,2549
ba,37397,MUCUGÊ,4574,1575
ba,37419,MUCURI,9901,6847
ba,37427,MULUNGU DO MORRO,6686,707
ba,37435,MUNDO NOVO,8149,1637
ba,37451,MUNIZ FERREIRA,4375,1104
ba,37460,MUQUÉM DO SÃO FRANCISCO,4952,1071
ba,37478,MURITIBA,13169,2693
ba,37494,MUTUÍPE,8139,3653
ba,37516,NAZARÉ,12299,3186
ba,37532,NILO PEÇANHA,4765,1212
ba,37559,NOVA CANAÃ,6150,1334
ba,37567,NOVA FÁTIMA,3858,1217
ba,37575,NOVA ITARANA,3042,765
ba,37583,NOVA REDENÇÃO,3836,369
ba,37591,NOVA SOURE,12266,1515
ba,37613,NOVA VIÇOSA,10087,8462
ba,37621,NOVO TRIUNFO,4166,760
ba,37630,OLINDINA,11325,1485
ba,37656,OLIVEIRA DOS BREJINHOS,9734,1801
ba,37672,OURIÇANGAS,3625,694
ba,37680,OUROLÂNDIA,6716,2537
ba,37699,PALMAS DE MONTE ALTO,10786,1604
ba,37710,PALMEIRAS,4331,562
ba,37737,PARAMIRIM,9048,1979
ba,37753,PARATINGA,13574,2306
ba,37770,PARIPIRANGA,13786,2761
ba,37796,PAU BRASIL,3064,1753
ba,37818,PAULO AFONSO,45685,12010
ba,37834,PEDRÃO,3584,378
ba,37850,PEDRO ALEXANDRE,5800,623
ba,37877,PIATÃ,8169,2423
ba,37893,PILÃO ARCADO,15767,2188
ba,37915,PINDAÍ,7536,1550
ba,37931,PINDOBAÇU,7370,2682
ba,37940,PIRAÍ DO NORTE,3483,1035
ba,37958,PIRIPÁ,4032,1282
ba,37974,PIRITIBA,7142,2054
ba,37990,PLANALTINO,4010,593
ba,38016,PLANALTO,9874,3334
ba,38032,POÇÕES,17322,5524
ba,38059,POJUCA,14811,4270
ba,38067,PONTO NOVO,6770,1514
ba,38075,PORTO SEGURO,38222,28354
ba,38091,POTIRAGUÁ,3372,1714
ba,38113,PRADO,8143,4946
ba,38130,PRESIDENTE DUTRA,7605,874
ba,38156,PRESIDENTE JÂNIO QUADROS,5414,1081
ba,38164,PRESIDENTE TANCREDO NEVES,9629,3923
ba,38172,QUEIMADAS,10431,2670
ba,38199,QUINJINGUE,11907,2487
ba,38210,REMANSO,18005,3356
ba,38237,RETIROLÂNDIA,7296,1388
ba,38253,RIACHÃO DAS NEVES,10056,2446
ba,38270,RIACHÃO DO JACUÍPE,17152,2839
ba,38296,RIACHO DE SANTANA,14886,2105
ba,38318,RIBEIRA DO AMPARO,7060,785
ba,38334,RIBEIRA DO POMBAL,22235,6955
ba,38342,RIBEIRÃO DO LARGO,4022,1167
ba,38350,RIO DE CONTAS,6244,1722
ba,38377,RIO DO ANTÔNIO,6208,1105
ba,38393,RIO DO PIRES,4459,1176
ba,38415,RIO REAL,14587,4807
ba,38431,RODELAS,4025,649
ba,38458,RUY BARBOSA,11766,3202
ba,38474,SALINAS DA MARGARIDA,7395,1109
ba,38490,SALVADOR,985532,451273
ba,38512,SANTA BÁRBARA,10716,2396
ba,38539,SANTA BRÍGIDA,7110,934
ba,38555,SANTA CRUZ CABRÁLIA,7788,5186
ba,38571,SANTA CRUZ DA VITÓRIA,1634,889
ba,38598,SANTA INÊS,4681,681
ba,38610,SANTALUZ,16173,4611
ba,38636,SANTA MARIA DA VITÓRIA,15090,4946
ba,38652,SANTANA,10309,3825
ba,38679,SANTANÓPOLIS,4881,751
ba,38695,SANTA TEREZINHA,4715,856
ba,38717,SANTO AMARO,28707,4665
ba,38733,SANTO ANTÔNIO DE JESUS,34032,17154
ba,38750,SANTO ESTEVÃO,23419,4379
ba,38776,SÃO DESIDÉRIO,12390,4193
ba,38792,SÃO FÉLIX,6214,1093
ba,38806,SÃO DOMINGOS,4013,1201
ba,38814,SÃO FELIPE,9016,2913
ba,38822,SÃO FÉLIX DO CORIBE,5358,2513
ba,38830,SÃO FRANCISCO DO CONDE,21780,3204
ba,38857,SÃO GONÇALO DOS CAMPOS,17663,3953
ba,38865,SÃO JOSÉ DO JACUÍPE,4467,886
ba,38873,SÃO MIGUEL DAS MATAS,5137,1324
ba,38890,SÃO SEBASTIÃO DO PASSÉ,22150,3310
ba,38911,SAPEAÇU,8774,2263
ba,38938,SÁTIRO DIAS,6992,1422
ba,38946,SAUBARA,6200,1563
ba,38954,SAÚDE,4664,1046
ba,38970,SEABRA,21761,3077
ba,38997,SEBASTIÃO LARANJEIRAS,3704,1114
ba,39012,SENHOR DO BONFIM,24241,11791
ba,39039,SENTO SÉ,14681,3970
ba,39047,SERRA DO RAMALHO,12645,2662
ba,39055,SERRA DOURADA,6343,3570
ba,39071,SERRA PRETA,9968,1576
ba,39098,SERRINHA,34236,9579
ba,39110,SERROLÂNDIA,5459,1760
ba,39136,SIMÕES FILHO,42380,15305
ba,39144,SÍTIO DO MATO,5079,1196
ba,39152,SOUTO SOARES,8807,854
ba,39179,TABOCAS DO BREJO VELHO,5802,1086
ba,39195,TANHAÇU,9485,3125
ba,39217,TANQUINHO,4365,1036
ba,39233,TAPEROÁ,7037,1787
ba,39250,TAPIRAMUTÁ,5458,1216
ba,39276,TEODORO SAMPAIO,4008,409
ba,39292,TEOFILÂNDIA,10197,1296
ba,39314,TEOLÂNDIA,5519,1739
ba,39330,TERRA NOVA,5785,940
ba,39357,TREMEDAL,7658,1831
ba,39373,TUCANO,23170,4339
ba,39390,UAUÁ,12716,1711
ba,39411,UBAÍRA,7950,2947
ba,39438,UBAITABA,6565,2986
ba,39454,UBATÃ,5746,2780
ba,39470,UIBAÍ,6564,1935
ba,39489,UMBURANAS,5659,1685
ba,39497,UNA,6683,3304
ba,39519,URANDI,7249,1504
ba,39535,URUÇUCA,7114,4036
ba,39551,UTINGA,6985,1598
ba,39578,VALENÇA,31374,13897
ba,39594,VALENTE,9419,4591
ba,39616,VÁRZEA DO POÇO,3219,1067
ba,39624,VARZEDO,4442,1665
ba,39632,VERA CRUZ,17888,4875
ba,39640,VEREDA,2707,1184
ba,39659,VITÓRIA DA CONQUISTA,100751,72763
ba,39675,WAGNER,3537,1005
ba,39691,WENCESLAU GUIMARÃES,8044,2583
ba,39713,XIQUE-XIQUE,18982,4804
ba,39730,LAPÃO,12866,2751
ba,39748,MADRE DE DEUS,9663,2180
ba,39756,MAETINGA,2806,1034
ba,39772,MANSIDÃO,4908,811
ba,39799,NORDESTINA,5630,933
ba,39810,PÉ DE SERRA,5609,2378
ba,39837,PINTADAS,3776,2282
ba,39845,QUIXABEIRA,3693,1660
ba,39853,RAFAEL JAMBEIRO,8554,2742
ba,39870,SANTA LUZIA,3530,1489
ba,39896,SÃO GABRIEL,10769,1031
ba,39900,SÍTIO DO QUINTO,5595,890
ba,39918,TANQUE NOVO,8013,1370
ba,39926,SÃO JOSÉ DA VITÓRIA,2134,968
ba,39934,TEIXEIRA DE FREITAS,33442,34772
ba,39942,NOVO HORIZONTE,5187,1257
ba,39950,VÁRZEA NOVA,4960,1122
ba,39969,NOVA IBIÁ,2155,1104
ba,39977,VÁRZEA DA ROÇA,5911,1332
ba,39985,SOBRADINHO,10296,2811
ba,39993,WANDERLEY,5167,1891
ce,13005,JIJOCA DE JERICOACOARA,8073,2631
ce,13013,ABAIARA,4665,681
ce,13021,MADALENA,8536,1200
ce,13030,ACARAÚ,23661,6154
ce,13048,PIRES FERREIRA,4564,970
ce,13056,ACOPIARA,23614,3629
ce,13064,GRAÇA,7600,905
ce,13072,AIUABA,7000,654
ce,13080,TURURU,8370,1916
ce,13099,ALCÂNTARAS,5599,883
ce,13102,QUITERIANÓPOLIS,9349,1562
ce,13110,ALTANEIRA,3999,435
ce,13129,BARREIRA,9374,3413
ce,13137,ALTO SANTO,7572,1134
ce,13145,ACARAPE,5839,2769
ce,13153,ANTONINA DO NORTE,3905,481
ce,13161,CHOROZINHO,9598,2879
ce,13170,APUIARÉS,7423,1501
ce,13188,HORIZONTE,26643,13407
ce,13196,AQUIRAZ,29499,13121
ce,13200,ERERÊ,3094,506
ce,13218,ARACATI,28880,11455
ce,13226,EUSÉBIO,19575,12560
ce,13234,ARACOIABA,14469,3529
ce,13242,GUAIÚBA,11614,3022
ce,13250,ARARIPE,10887,1026
ce,13269,POTIRETAMA,3579,433
ce,13277,ARATUBA,6409,1427
ce,13285,PINDORETAMA,10051,3272
ce,13293,ARNEIROZ,3742,659
ce,13307,OCARA,13020,3650
ce,13315,ASSARÉ,11387,1584
ce,13323,TEJUÇUOCA,9214,1624
ce,13331,AURORA,12526,2110
ce,13340,IPAPORANGA,5121,1415
ce,13358,BAIXIO,3487,419
ce,13366,TARRAFAS,4730,508
ce,13374,BARBALHA,25379,8953
ce,13382,BANABUIÚ,8841,1376
ce,13390,BARRO,10421,1391
ce,13404,BARROQUINHA,8284,1216
ce,13412,BATURITÉ,15675,3707
ce,13420,ARARENDÁ,4720,1332
ce,13439,BEBERIBE,22228,7113
ce,13447,CATUNDA,5242,744
ce,13455,BELA CRUZ,11141,3113
ce,13463,CHORÓ,6714,938
ce,13471,BOA VIAGEM,25403,2900
ce,13480,ITAITINGA,14614,6493
ce,13498,BREJO SANTO,21561,4703
ce,13501,FORTIM,6831,2708
ce,13510,CAMOCIM,25255,8274
ce,13536,CAMPOS SALES,12132,1878
ce,13552,CANINDÉ,34530,6907
ce,13579,CAPISTRANO,9534,1681
ce,13595,CARIDADE,9796,1698
ce,13617,CARIRÉ,7414,2865
ce,13633,CARIRIAÇU,13592,3142
ce,13650,CARIÚS,9428,1601
ce,13676,CARNAUBAL,6827,2176
ce,13692,CASCAVEL,28742,11211
ce,13714,CATARINA,4691,780
ce,13730,CAUCAIA,107263,62133
ce,13757,CEDRO,12605,2066
ce,13773,CHAVAL,6756,1016
ce,13811,COREAÚ,10974,2559
ce,13838,CRATEÚS,32592,8323
ce,13854,CRATO,59204,10784
ce,13870,FARIAS BRITO,10416,1552
ce,13897,FORTALEZA,739265,590033
ce,13919,FRECHEIRINHA,6818,1980
ce,13935,GENERAL SAMPAIO,4308,836
ce,13951,GRANJA,27406,3557
ce,13978,GRANJEIRO,3375,430
ce,13994,GROAÍRAS,4265,1972
ce,14010,GUARACIABA DO NORTE,17067,5182
ce,14036,GUARAMIRANGA,3479,628
ce,14052,HIDROLÂNDIA,8618,2278
ce,14060,IBARETAMA,7174,1245
ce,14079,IBIAPINA,9176,2992
ce,14095,ICÓ,29416,5862
ce,14117,IGUATU,42462,8806
ce,14133,INDEPENDÊNCIA,11782,2639
ce,14150,IPAUMIRIM,5964,819
ce,14176,IPU,18089,4171
ce,14192,IPUEIRAS,15504,4150
ce,14214,IRACEMA,6923,1232
ce,14230,IRAUÇUBA,10821,1878
ce,14257,ITAIÇABA,3848,1209
ce,14273,ITAPAJÉ,20248,8117
ce,14290,ITAPIPOCA,54153,12622
ce,14311,ITAPIÚNA,9161,1821
ce,14338,ITATIRA,11040,1654
ce,14354,JAGUARETAMA,8993,1294
ce,14370,JAGUARIBARA,4871,868
ce,14397,JAGUARIBE,17204,3553
ce,14419,JAGUARUANA,14425,5117
ce,14435,JARDIM,12855,2047
ce,14451,JATI,4325,583
ce,14478,JUAZEIRO DO NORTE,101288,31793
ce,14494,JUCÁS,10933,2503
ce,14516,LAVRAS DA MANGABEIRA,14370,2237
ce,14532,LIMOEIRO DO NORTE,26481,7081
ce,14559,MARANGUAPE,40475,18147
ce,14575,MARCO,9221,6175
ce,14591,MARTINÓPOLE,6177,846
ce,14613,MASSAPÊ,15280,5460
ce,14630,MAURITI,19565,5458
ce,14656,MERUOCA,6346,1928
ce,14672,MILAGRES,14447,1782
ce,14680,MIRAÍMA,7162,820
ce,14699,MISSÃO VELHA,18181,3141
ce,14710,MOMBAÇA,18968,3283
ce,14737,MONSENHOR TABOSA,8761,1576
ce,14753,MORADA NOVA,29611,8656
ce,14770,MORAÚJO,4244,1028
ce,14796,MORRINHOS,6766,5016
ce,14818,MUCAMBO,6787,1504
ce,14834,MULUNGU,5021,1050
ce,14850,NOVA OLINDA,7890,1372
ce,14877,NOVA RUSSAS,11951,3936
ce,14893,NOVO ORIENTE,13380,1813
ce,14915,ORÓS,10598,1986
ce,14931,PACAJUS,24236,11715
ce,14958,PACATUBA,22267,12249
ce,14974,PACOTI,6179,1187
ce,14990,PACUJÁ,3573,499
ce,15016,PALHANO,4475,1798
ce,15032,PALMÁCIA,5120,1258
ce,15059,PARACURU,16352,5963
ce,15075,PARAMBU,12140,4353
ce,15091,PARAMOTI,5691,1289
ce,15113,PEDRA BRANCA,21268,2474
ce,15130,PENAFORTE,5026,828
ce,15156,PENTECOSTE,19234,4817
ce,15172,PEREIRO,8301,1352
ce,15199,PIQUET CARNEIRO,7134,927
ce,15210,PORANGA,5778,867
ce,15237,PORTEIRAS,8829,1047
ce,15253,POTENGI,4750,500
ce,15270,QUIXADÁ,28670,13272
ce,15296,QUIXERAMOBIM,32322,6571
ce,15318,QUIXERÉ,9781,2645
ce,15334,REDENÇÃO,13184,3772
ce,15350,RERIUTABA,8634,1665
ce,15377,RUSSAS,30874,11203
ce,15393,SABOEIRO,7398,1153
ce,15415,SANTANA DO ACARAÚ,14893,3008
ce,15431,SANTANA DO CARIRI,9102,899
ce,15440,SALITRE,8150,1389
ce,15458,SANTA QUITÉRIA,19557,3940
ce,15474,SÃO BENEDITO,19673,5830
ce,15490,SÃO GONÇALO DO AMARANTE,21207,10333
ce,15512,SÃO JOÃO DO JAGUARIBE,4079,742
ce,15539,SÃO LUÍS DO CURU,6442,1680
ce,15555,SENADOR POMPEU,10736,3634
ce,15571,SENADOR SÁ,3553,804
ce,15598,SOBRAL,69923,34651
ce,15610,SOLONÓPOLE,8443,1371
ce,15636,TABULEIRO DO NORTE,14930,3380
ce,15652,TAMBORIL,12380,2170
ce,15679,TAUÁ,21691,7921
ce,15695,TIANGUÁ,26590,13126
ce,15717,TRAIRI,24614,5946
ce,15733,UBAJARA,12393,4837
ce,15750,UMARI,3285,1085
ce,15776,URUBURETAMA,10062,2739
ce,15792,URUOCA,6424,1397
ce,15814,VÁRZEA ALEGRE,18717,3596
ce,15830,VIÇOSA DO CEARÁ,25585,6440
ce,15857,MARACANAÚ,74823,48472
ce,15873,AMONTADA,18328,3789
ce,15881,CROATÁ,8377,1577
ce,15890,CRUZ,9882,4293
ce,15911,FORQUILHA,9447,3871
ce,15920,IBICUITINGA,6823,1484
ce,15938,ICAPUÍ,8792,3230
ce,15954,ITAREMA,16100,5086
ce,15970,MILHÃ,6894,829
ce,15989,DEPUTADO IRAPUAN PINHEIRO,4638,448
ce,15997,PARAIPABA,12404,5796
ce,98531,QUIXELÔ,8979,1580
ce,98558,UMIRIM,8904,1958
ce,98574,VARJOTA,7079,2833
df,97012,BRASÍLIA,463340,1080411
es,56006,SÃO DOMINGOS DO NORTE,2678,2765
es,56014,AFONSO CLÁUDIO,6007,10484
es,56022,ÁGUA DOCE DO NORTE,3822,3386
es,56030,ALEGRE,6621,9243
es,56049,IRUPI,2190,4799
es,56057,ALFREDO CHAVES,1835,6816
es,56065,ALTO RIO NOVO,2315,1979
es,56073,ANCHIETA,5813,10240
es,56081,VILA PAVÃO,2845,2650
es,56090,APIACÁ,1897,2243
es,56103,MARECHAL FLORIANO,2775,6734
es,56111,ARACRUZ,18253,30832
es,56120,MARATAÍZES,5766,13957
es,56138,ATÍLIO VIVÁCQUA,2762,3733
es,56146,BREJETUBA,2725,3247
es,56154,BAIXO GUANDU,5739,10313
es,56162,SÃO ROQUE DO CANAÃ,2334,4675
es,56170,BARRA DE SÃO FRANCISCO,9975,12932
es,56189,SOORETAMA,6269,6491
es,56197,BOA ESPERANÇA,3897,3690
es,56200,PONTO BELO,2638,1475
es,56219,BOM JESUS DO NORTE,2065,2903
es,56227,VILA VALÉRIO,4985,3953
es,56235,CACHOEIRO DE ITAPEMIRIM,24792,75462
es,56251,CARIACICA,76814,117219
es,56278,CASTELO,4124,16286
es,56294,COLATINA,17848,46700
es,56308,GOVERNADOR LINDENBERG,2972,3174
es,56316,CONCEIÇÃO DA BARRA,8355,5405
es,56332,CONCEIÇÃO DO CASTELO,1539,4950
es,56359,DIVINO DE SÃO LOURENÇO,1015,1685
es,56375,DOMINGOS MARTINS,4831,15930
es,56391,DORES DO RIO PRETO,1810,2254
es,56413,ECOPORANGA,6912,5903
es,56430,FUNDÃO,4262,5768
es,56456,GUAÇUÍ,4887,9516
es,56472,GUARAPARI,17993,46417
es,56499,IBIRAÇU,2349,4461
es,56502,IBITIRAMA,1792,3003
es,56510,ICONHA,2484,5571
es,56537,ITAGUAÇU,3314,4708
es,56553,ITAPEMIRIM,7489,15785
es,56570,ITARANA,2098,4652
es,56596,IÚNA,4398,9747
es,56618,JERÔNIMO MONTEIRO,2505,4159
es,56626,JOÃO NEIVA,3142,6311
es,56634,LINHARES,26360,51015
es,56650,MANTENÓPOLIS,2945,4304
es,56677,MIMOSO DO SUL,7031,7119
es,56693,MONTANHA,5351,4330
es,56715,MUCURICI,2096,1317
es,56731,MUNIZ FREIRE,3833,5841
es,56758,MUQUI,3501,4508
es,56774,NOVA VENÉCIA,11649,14677
es,56790,PANCAS,4842,5812
es,56812,PINHEIROS,7275,5077
es,56839,PIÚMA,3855,7339
es,56855,PRESIDENTE KENNEDY,3272,5378
es,56871,RIO NOVO DO SUL,1638,4974
es,56898,SANTA LEOPOLDINA,3094,4066
es,56910,SANTA TERESA,3606,10121
es,56936,SÃO GABRIEL DA PALHA,6890,11016
es,56952,SÃO JOSÉ DO CALÇADO,2850,2994
es,56979,SÃO MATEUS,27104,29517
es,56995,SERRA,98707,137878
es,57010,VIANA,14884,21818
es,57037,VILA VELHA,77613,166300
es,57053,VITÓRIA,72064,123734
es,57070,MARILÂNDIA,2505,4974
es,57096,IBATIBA,4037,8640
es,57118,RIO BANANAL,4689,5902
es,57134,JAGUARÉ,8841,6435
es,57150,PEDRO CANÁRIO,6658,4783
es,57916,LARANJA DA TERRA,2444,4314
es,57932,SANTA MARIA DE JETIBÁ,5721,16375
es,57959,VARGEM ALTA,2526,8568
es,57975,VENDA NOVA DO IMIGRANTE,2428,10375
es,57991,ÁGUIA BRANCA,3528,2504
go,92010,ABADIÂNIA,1781,5204
go,92029,BONFINÓPOLIS,1677,2563
go,92037,ÁGUA LIMPA,580,859
go,92053,ALEXÂNIA,3979,9723
go,92061,CAMPOS VERDES,1865,704
go,92096,ALOÂNDIA,506,801
go,92100,CEZARINA,2025,2979
go,92118,ALTO PARAÍSO DE GOIÁS,2379,1454
go,92126,COLINAS DO SUL,1424,539
go,92150,ALVORADA DO NORTE,2083,2066
go,92169,MORRO AGUDO DE GOIÁS,637,1198
go,92177,AMORINÓPOLIS,1172,1398
go,92207,EDEALINA,937,1796
go,92215,ANÁPOLIS,39442,154907
go,92223,FAINA,2473,1736
go,92231,ANHANGÜERA,391,374
go,92258,ANICUNS,3453,6906
go,92266,GOUVELÂNDIA,1400,1286
go,92274,APARECIDA DE GOIÂNIA,71561,145366
go,92282,ITAGUARI,1479,1831
go,92290,APORÉ,912,1124
go,92312,ARAÇU,1144,1702
go,92320,MATRINCHÃ,1186,1257
go,92339,ARAGARÇAS,3557,4941
go,92347,MIMOSO DE GOIÁS,872,984
go,92355,ARAGOIÂNIA,2027,3509
go,92363,MONTIVIDIU,1898,4496
go,92444,NOVO PLANALTO,1268,1079
go,92460,PALESTINA DE GOIÁS,932,1193
go,92495,ARUANÃ,1697,2038
go,92517,AURILÂNDIA,1230,1060
go,92550,AVELINÓPOLIS,737,1455
go,92568,SANTA FÉ DE GOIÁS,1130,1311
go,92614,BALIZA,1104,589
go,92622,SÃO JOÃO DA PARAÚNA,431,908
go,92630,BARRO ALTO,2587,3382
go,92649,SÃO LUIZ DO NORTE,1432,1339
go,92657,BELA VISTA DE GOIÁS,4976,10089
go,92665,SÃO MIGUEL DO PASSA QUATRO,1082,1441
go,92673,BOM JARDIM DE GOIÁS,2600,2027
go,92690,BOM JESUS DE GOIÁS,4667,6665
go,92703,SENADOR CANEDO,19197,31951
go,92711,BRAZABRANTES,762,1383
go,92720,SIMOLÂNDIA,2092,1505
go,92754,BRITÂNIA,1221,1790
go,92762,TERESINA DE GOIÁS,1085,461
go,92770,BURITI ALEGRE,1907,3396
go,92789,TROMBAS,987,905
go,92797,CABECEIRAS,2275,1889
go,92800,TURVELÂNDIA,1655,1458
go,92819,CACHOEIRA ALTA,2448,2806
go,92827,RIO QUENTE,773,1627
go,92835,CACHOEIRA DE GOIÁS,520,649
go,92851,CAÇU,2429,4610
go,92860,GUARINOS,964,537
go,92878,CAIAPÔNIA,3814,4970
go,92886,COCALZINHO DE GOIÁS,3718,6608
go,92894,CALDAS NOVAS,11573,29977
go,92908,SANTO ANTÔNIO DE GOIÁS,1433,2422
go,92916,CAMPESTRE DE GOIÁS,1069,1436
go,92924,CHAPADÃO DO CÉU,1652,3672
go,92932,CAMPINORTE,2071,4217
go,92940,ALTO HORIZONTE,1386,2429
go,92959,CAMPO ALEGRE DE GOIÁS,1623,1893
go,92967,CASTELÂNDIA,1262,1073
go,92975,CAMPOS BELOS,5442,3526
go,92983,JESÚPOLIS,454,1212
go,92991,CARMO DO RIO VERDE,1929,3228
go,93009,APARECIDA DO RIO DOCE,838,873
go,93017,CATALÃO,21312,28634
go,93025,CIDADE OCIDENTAL,10624,17644
go,93033,CATURAÍ,1368,1650
go,93041,PROFESSOR JAMIL,948,1054
go,93050,CAVALCANTE,3484,627
go,93068,PEROLÂNDIA,995,950
go,93076,CERES,3531,8541
go,93084,NOVA IGUAÇU DE GOIÁS,808,1097
go,93092,DIVINÓPOLIS DE GOIÁS,2102,1418
go,93106,BURITI DE GOIÁS,584,1419
go,93122,CALDAZINHA,752,1354
go,93149,GUARAÍTA,859,968
go,93157,CÓRREGO DO OURO,409,1377
go,93165,INACIOLÂNDIA,1751,1265
go,93173,CORUMBÁ DE GOIÁS,1781,3221
go,93181,MONTIVIDIU DO NORTE,1272,991
go,93190,CORUMBAÍBA,1691,2666
go,93203,SANTO ANTÔNIO DA BARRA,1508,1294
go,93220,TEREZÓPOLIS DE GOIÁS,1630,2735
go,93246,UIRAPURU,996,659
go,93254,CRISTALINA,7459,15610
go,93262,BURITINÓPOLIS,1166,917
go,93270,CRISTIANÓPOLIS,717,1563
go,93289,VILA BOA,1631,721
go,93297,CRIXÁS,4654,3964
go,93300,VALPARAÍSO DE GOIÁS,20509,38332
go,93319,CROMÍNIA,846,1570
go,93327,NOVO GAMA,11971,20034
go,93335,CUMARI,997,799
go,93343,ÁGUAS LINDAS DE GOIÁS,27817,38057
go,93351,DAMIANÓPOLIS,1051,1253
go,93360,ABADIA DE GOIÁS,1928,4285
go,93378,DAMOLÂNDIA,787,1503
go,93386,AMARALINA,1204,813
go,93394,DAVINÓPOLIS,1338,1225
go,93408,BONÓPOLIS,1234,777
go,93424,PORTEIRÃO,922,1070
go,93432,DIORAMA,605,941
go,93440,SANTA RITA DO NOVO DESTINO,932,1000
go,93483,SÃO PATRÍCIO,492,1087
go,93491,EDÉIA,2566,4148
go,93505,VILA PROPÍCIO,1608,1575
go,93513,ESTRELA DO NORTE,965,1083
go,93530,FAZENDA NOVA,1474,2019
go,93548,IPIRANGA DE GOIÁS,762,1173
go,93564,GAMELEIRA DE GOIÁS,862,1322
go,93572,FIRMINÓPOLIS,1550,4372
go,93580,CAMPO LIMPO DE GOIÁS,1259,2772
go,93599,FLORES DE GOIÁS,2430,1779
go,93602,LAGOA SANTA,343,587
go,93610,FORMOSA,19936,31609
go,93637,FORMOSO,1588,1237
go,93670,GOIANÁPOLIS,1807,5695
go,93696,GOIANDIRA,1522,1478
go,93718,GOIANÉSIA,13307,23211
go,93734,GOIÂNIA,183731,528525
go,93750,GOIANIRA,8161,14468
go,93777,GOIÁS,6957,6345
go,93793,GOIATUBA,5328,12780
go,93815,GUAPÓ,3471,5273
go,93831,GUARANI DE GOIÁS,1676,946
go,93874,HEITORAÍ,1126,1358
go,93890,HIDROLÂNDIA,4099,7323
go,93912,HIDROLINA,1179,1194
go,93939,IACIARA,3117,1994
go,93955,INHUMAS,9838,18186
go,93971,IPAMERI,5486,8356
go,93998,IPORÁ,6777,11074
go,94013,ISRAELÂNDIA,821,968
go,94030,ITABERAÍ,9395,12060
go,94072,ITAGUARU,1817,2023
go,94110,ITAJÁ,940,1475
go,94137,ITAPACI,4651,5798
go,94153,ITAPIRAPUÃ,2338,2382
go,94196,ITAPURANGA,7224,8082
go,94218,ITARUMÃ,1301,1634
go,94234,ITAUÇU,1809,3109
go,94250,ITUMBIARA,16542,34589
go,94277,IVOLÂNDIA,916,865
go,94293,JANDAIA,1389,2650
go,94315,JARAGUÁ,5483,16996
go,94331,JATAÍ,16570,31326
go,94358,JAUPACI,907,936
go,94374,JOVIÂNIA,1481,2351
go,94390,JUSSARA,3863,6082
go,94439,LEOPOLDO DE BULHÕES,1631,2457
go,94455,LUZIÂNIA,27501,58032
go,94471,MAIRIPOTABA,548,1011
go,94498,MAMBAÍ,1668,2241
go,94510,MARA ROSA,2457,2847
go,94536,MARZAGÃO,639,842
go,94552,PARANAIGUARA,2638,2424
go,94579,MAURILÂNDIA,2475,2603
go,94595,MINEIROS,11335,18443
go,94650,MOIPORÁ,478,831
go,94676,MONTE ALEGRE DE GOIÁS,2402,993
go,94714,MONTES CLAROS DE GOIÁS,1922,2756
go,94730,MORRINHOS,8178,16158
go,94757,MOSSÂMEDES,1696,1507
go,94773,MOZARLÂNDIA,2891,4384
go,94790,MUTUNÓPOLIS,998,1347
go,94854,NAZÁRIO,1664,3228
go,94870,NERÓPOLIS,5233,9868
go,94897,NIQUELÂNDIA,8189,9865
go,94919,NOVA AMÉRICA,520,1048
go,94935,NOVA AURORA,678,709
go,94951,NOVA ROMA,1159,549
go,94978,NOVA VENEZA,2085,3297
go,95010,NOVO BRASIL,965,1339
go,95036,ORIZONA,2934,5494
go,95052,OURO VERDE DE GOIÁS,758,1765
go,95079,OUVIDOR,2497,2937
go,95095,PADRE BERNARDO,5051,7591
go,95117,PALMEIRAS DE GOIÁS,4454,9745
go,95133,PALMELO,533,957
go,95150,PALMINÓPOLIS,812,1944
go,95176,PANAMÁ,712,928
go,95230,PARAÚNA,2252,3701
go,95311,PETROLINA DE GOIÁS,1540,3748
go,95354,PILAR DE GOIÁS,1027,946
go,95397,PIRACANJUBA,4833,8475
go,95419,PIRANHAS,3133,3363
go,95435,PIRENÓPOLIS,5235,8368
go,95451,PIRES DO RIO,4136,10771
go,95494,PONTALINA,3646,6222
go,95559,PORANGATU,9612,11934
go,95575,PORTELÂNDIA,1131,1050
go,95613,POSSE,8402,8222
go,95630,QUIRINÓPOLIS,9923,13693
go,95656,RIALMA,1757,4457
go,95672,RIANÁPOLIS,746,1887
go,95710,RIO VERDE,31363,64085
go,95737,RUBIATABA,2868,7982
go,95753,SANCLERLÂNDIA,1852,3023
go,95770,SANTA BÁRBARA DE GOIÁS,1411,2439
go,95796,SANTA CRUZ DE GOIÁS,742,1123
go,95818,SANTA HELENA DE GOIÁS,8692,12118
go,95834,SANTA RITA DO ARAGUAIA,1260,1636
go,95850,SANTA ROSA DE GOIÁS,828,1249
go,95877,SANTA TEREZA DE GOIÁS,934,1084
go,95893,SANTA TEREZINHA DE GOIÁS,2972,2230
go,95915,SÃO DOMINGOS,2792,1672
go,95931,SÃO FRANCISCO DE GOIÁS,1036,2146
go,95958,PLANALTINA,16631,22659
go,95974,SÃO JOÃO D ALIANÇA,2407,2015
go,95990,SÃO LUÍS DE MONTES BELOS,3838,13093
go,96016,SÃO MIGUEL DO ARAGUAIA,5022,7009
go,96059,SÃO SIMÃO,5336,4395
go,96075,SERRANÓPOLIS,1813,2142
go,96091,SILVÂNIA,4049,7116
go,96113,SÍTIO D ABADIA,1034,607
go,96172,TAQUARAL DE GOIÁS,1102,1759
go,96237,TRÊS RANCHOS,1182,1183
go,96253,TRINDADE,19604,39180
go,96318,TURVÂNIA,992,2237
go,96334,URUAÇU,7855,11467
go,96350,URUANA,2704,4321
go,96377,URUTAÍ,887,1193
go,96393,VARJÃO,744,1696
go,96415,VIANÓPOLIS,2167,5515
go,96458,ACREÚNA,4278,6063
go,96474,MINAÇU,6986,7944
go,96512,MUNDO NOVO,1615,1591
go,96539,NOVA CRIXÁS,3206,2586
go,96555,NOVA GLÓRIA,1957,2607
go,96571,VICENTINÓPOLIS,1808,2428
go,96610,AMERICANO DO BRASIL,1559,1934
go,96695,ARAGUAPAZ,2058,1980
go,96717,ARENÓPOLIS,1157,1031
go,96733,CACHOEIRA DOURADA,2563,2146
go,96750,DOVERLÂNDIA,2126,2154
go,96776,SANTO ANTÔNIO DO DESCOBERTO,10306,17921
go,96814,INDIARA,3531,4236
go,96873,CAMPINAÇU,1029,904
go,96890,SANTA ISABEL,906,1533
go,96911,ADELÂNDIA,430,1387
go,96938,ÁGUA FRIA DE GOIÁS,1025,1868
ma,07005,ÁGUA DOCE DO MARANHÃO,6279,1027
ma,07013,AFONSO CUNHA,4048,374
ma,07021,ALTO ALEGRE DO MARANHÃO,10064,2010
ma,07030,ALCÂNTARA,9125,1504
ma,07048,ALTO ALEGRE DO PINDARÉ,11513,1741
ma,07056,ALDEIAS ALTAS,9719,1899
ma,07064,APICUM-AÇU,6014,1649
ma,07072,ALTAMIRA DO MARANHÃO,2730,664
ma,07080,AMAPÁ DO MARANHÃO,2571,697
ma,07099,ALTO PARNAÍBA,3744,1453
ma,07102,ARAGUANÃ,4315,580
ma,07110,AMARANTE DO MARANHÃO,12451,5186
ma,07129,BACABEIRA,8712,1618
ma,07137,ANAJATUBA,10794,1690
ma,07145,BACURITUBA,2728,338
ma,07153,ANAPURUS,8094,1394
ma,07161,BELÁGUA,4358,295
ma,07170,ARAIOSES,19425,2476
ma,07188,BELA VISTA DO MARANHÃO,5266,1026
ma,07196,ARARI,12390,3346
ma,07200,BERNARDO DO MEARIM,2645,845
ma,07218,AXIXÁ,5448,1049
ma,07226,CACHOEIRA GRANDE,4284,531
ma,07234,BACABAL,30586,15311
ma,07242,DAVINÓPOLIS,5126,2739
ma,07250,BACURI,7290,930
ma,07269,BOM JESUS DAS SELVAS,9651,3412
ma,07277,BALSAS,23547,19170
ma,07285,BOM LUGAR,5541,1131
ma,07293,BARÃO DE GRAJAÚ,9080,1110
ma,07307,BREJO DE AREIA,3969,879
ma,07315,BARRA DO CORDA,28593,11710
ma,07323,BOA VISTA DO GURUPI,3038,734
ma,07331,BARREIRINHAS,26149,4877
ma,07340,BURITICUPU,21505,7300
ma,07358,BENEDITO LEITE,2439,439
ma,07366,BURITIRANA,5179,2363
ma,07374,BEQUIMÃO,9026,1519
ma,07382,CAMPESTRE DO MARANHÃO,4543,1957
ma,07390,BREJO,13236,2663
ma,07404,CAPINZAL DO NORTE,4850,1276
ma,07412,BURITI,12504,1608
ma,07420,CENTRAL DO MARANHÃO,3669,313
ma,07439,BURITI BRAVO,10332,1470
ma,07447,CENTRO DO GUILHERME,4258,650
ma,07455,CAJAPIÓ,4956,422
ma,07463,CENTRO NOVO DO MARANHÃO,6495,1150
ma,07471,CAJARI,8836,881
ma,07480,CIDELÂNDIA,5674,1739
ma,07498,CÂNDIDO MENDES,7542,1942
ma,07501,CONCEIÇÃO DO LAGO-AÇU,5890,1436
ma,07510,CANTANHEDE,7311,1179
ma,07528,FEIRA NOVA DO MARANHÃO,3083,1216
ma,07536,CAROLINA,7481,4032
ma,07544,FERNANDO FALCÃO,4812,993
ma,07552,CARUTAPERA,8274,2893
ma,07560,FORMOSA DA SERRA NEGRA,6215,2707
ma,07579,CAXIAS,58289,18488
ma,07595,CEDRAL,4260,877
ma,07609,GOVERNADOR EDISON LOBÃO,6128,3627
ma,07617,CHAPADINHA,29774,8385
ma,07625,GOVERNADOR LUIZ ROCHA,3049,876
ma,07633,CODÓ,39224,11473
ma,07641,GOVERNADOR NEWTON BELLO,4138,757
ma,07650,COELHO NETO,19510,3734
ma,07668,GOVERNADOR NUNES FREIRE,8543,2633
ma,07676,COLINAS,15648,2917
ma,07684,IGARAPÉ DO MEIO,6680,957
ma,07692,COROATÁ,22054,8436
ma,07706,ITAIPAVA DO GRAJAÚ,5254,1178
ma,07714,CURURUPU,12685,2196
ma,07722,ITINGA DO MARANHÃO,6602,4905
ma,07730,DOM PEDRO,8585,3588
ma,07749,JATOBÁ,3852,650
ma,07757,DUQUE BACELAR,5931,591
ma,07765,JENIPAPO DOS VIEIRAS,6844,1291
ma,07773,ESPERANTINÓPOLIS,8042,1781
ma,07781,JUNCO DO MARANHÃO,2997,518
ma,07790,FORTALEZA DOS NOGUEIRAS,5029,1879
ma,07803,LAGO DOS RODRIGUES,4598,1217
ma,07811,FORTUNA,6981,1263
ma,07820,LAGOA DO MATO,5144,576
ma,07838,GODOFREDO VIANA,3340,1195
ma,07846,LAGOA GRANDE DO MARANHÃO,5200,1141
ma,07854,GONÇALVES DIAS,6930,1619
ma,07862,LAJEADO NOVO,2872,1386
ma,07870,GOVERNADOR ARCHER,4478,911
ma,07889,MARACAÇUMÉ,7034,2229
ma,07897,GOVERNADOR EUGÊNIO BARROS,6396,1250
ma,07900,MARAJÁ DO SENA,3643,654
ma,07919,GRAÇA ARANHA,3207,643
ma,07927,MARANHÃOZINHO,4380,825
ma,07935,GRAJAÚ,22150,9502
ma,07943,MATÕES DO NORTE,3974,491
ma,07951,GUIMARÃES,5285,686
ma,07960,MILAGRES DO MARANHÃO,3340,418
ma,07978,HUMBERTO DE CAMPOS,10553,1958
ma,07986,NOVA COLINAS,2368,723
ma,07994,ICATU,11097,1551
ma,08001,NOVA OLINDA DO MARANHÃO,7010,1341
ma,08010,IGARAPÉ GRANDE,4024,1853
ma,08028,OLINDA NOVA DO MARANHÃO,5384,869
ma,08036,IMPERATRIZ,58054,70936
ma,08044,PAULINO NEVES,7811,1025
ma,08052,SÃO LUÍS GONZAGA DO MARANHÃO,10954,1359
ma,08060,PEDRO DO ROSÁRIO,9700,1146
ma,08079,ITAPECURU MIRIM,25857,5407
ma,08087,PERITORÓ,9674,1457
ma,08095,JOÃO LISBOA,9181,4185
ma,08109,PORTO RICO DO MARANHÃO,2554,745
ma,08117,JOSELÂNDIA,6176,1382
ma,08125,PRESIDENTE MÉDICI,2944,484
ma,08133,LAGO DA PEDRA,14504,8142
ma,08141,PRESIDENTE SARNEY,8456,1002
ma,08150,LAGO DO JUNCO,4898,1262
ma,08168,RAPOSA,9840,3693
ma,08176,LAGO VERDE,7240,957
ma,08184,RIBAMAR FIQUENE,2942,1459
ma,08192,LIMA CAMPOS,4796,2060
ma,08206,SANTA FILOMENA DO MARANHÃO,3287,605
ma,08214,LORETO,4674,1014
ma,08222,SANTANA DO MARANHÃO,4383,694
ma,08230,LUÍS DOMINGUES,2407,1116
ma,08249,SANTO AMARO DO MARANHÃO,5381,684
ma,08257,MAGALHÃES DE ALMEIDA,6261,1697
ma,08265,SÃO DOMINGOS DO AZEITÃO,3571,639
ma,08273,MATA ROMA,8737,1652
ma,08281,SÃO FRANCISCO DO BREJÃO,3085,1776
ma,08290,MATINHA,10451,2162
ma,08303,SÃO JOÃO DO CARÚ,5198,1101
ma,08311,MATÕES,14552,2144
ma,08320,SÃO JOÃO DO PARAÍSO,4058,1717
ma,08338,MIRADOR,8886,1514
ma,08346,SÃO JOÃO DO SOTER,7948,822
ma,08354,MIRINZAL,5740,1360
ma,08362,SÃO JOSÉ DOS BASÍLIOS,3743,439
ma,08370,MONÇÃO,11864,1875
ma,08389,SÃO PEDRO DA ÁGUA BRANCA,4047,1857
ma,08397,MONTES ALTOS,3634,1243
ma,08400,SÃO PEDRO DOS CRENTES,1191,1611
ma,08419,MORROS,8239,1575
ma,08427,SÃO RAIMUNDO DO DOCA BEZERRA,2935,517
ma,08435,NINA RODRIGUES,5104,777
ma,08443,SÃO ROBERTO,2758,417
ma,08451,NOVA IORQUE,2311,364
ma,08460,SATUBINHA,3138,741
ma,08478,OLHO D ÁGUA DAS CUNHÃS,8004,1606
ma,08486,SENADOR ALEXANDRE COSTA,4216,908
ma,08494,PAÇO DO LUMIAR,30503,18343
ma,08508,SENADOR LA ROCQUE,6100,2093
ma,08516,PALMEIRÂNDIA,9139,984
ma,08524,SERRANO DO MARANHÃO,4743,322
ma,08532,PARAIBANO,8298,1372
ma,08540,SUCUPIRA DO RIACHÃO,2538,298
ma,08559,PARNARAMA,14918,1676
ma,08567,TRIZIDELA DO VALE,7680,3426
ma,08575,PASSAGEM FRANCA,7677,1672
ma,08583,TUFILÂNDIA,3436,528
ma,08591,PASTOS BONS,7930,1504
ma,08605,TURILÂNDIA,7558,1252
ma,08613,PEDREIRAS,13147,6758
ma,08621,VILA NOVA DOS MARTÍRIOS,3205,1650
ma,08630,PENALVA,13696,1628
ma,08656,PERI MIRIM,5827,744
ma,08672,PINDARÉ-MIRIM,13705,3370
ma,08699,PINHEIRO,29419,8749
ma,08710,PIO XII,11317,2003
ma,08737,PIRAPEMAS,7233,1136
ma,08753,POÇÃO DE PEDRAS,8116,2159
ma,08770,PORTO FRANCO,7740,4369
ma,08796,PRESIDENTE DUTRA,13964,5581
ma,08818,PRESIDENTE JUSCELINO,5297,752
ma,08834,PRESIDENTE VARGAS,5785,597
ma,08850,PRIMEIRA CRUZ,5131,542
ma,08877,RIACHÃO,8274,2330
ma,08893,SÃO JOSÉ DE RIBAMAR,49761,26235
ma,08915,ROSÁRIO,16994,4140
ma,08931,SAMBAÍBA,2392,928
ma,08958,SANTA HELENA,12055,2667
ma,08974,SANTA LUZIA,26299,5352
ma,08990,SANTA QUITÉRIA DO MARANHÃO,12201,1668
ma,09016,SANTA RITA,13813,2720
ma,09032,SANTO ANTÔNIO DOS LOPES,7425,2324
ma,09059,SÃO BENEDITO DO RIO PRETO,9034,1116
ma,09075,SÃO BENTO,14591,2907
ma,09091,SÃO BERNARDO,11827,2167
ma,09113,SÃO DOMINGOS DO MARANHÃO,13118,5483
ma,09130,SÃO FÉLIX DE BALSAS,2190,370
ma,09156,SÃO FRANCISCO DO MARANHÃO,5748,662
ma,09172,SÃO JOÃO BATISTA,10398,1036
ma,09199,SÃO JOÃO DOS PATOS,10007,2841
ma,09210,SÃO LUÍS,306690,224108
ma,09237,SÃO MATEUS DO MARANHÃO,14805,3483
ma,09253,SÃO RAIMUNDO DAS MANGABEIRAS,6857,2985
ma,09270,SÃO VICENTE FERRER,8352,1111
ma,09296,SÍTIO NOVO,7484,2800
ma,09318,SUCUPIRA DO NORTE,4801,1024
ma,09334,TASSO FRAGOSO,3045,1333
ma,09350,TIMBIRAS,11438,1936
ma,09377,TIMON,62087,21797
ma,09393,TUNTUM,13549,4365
ma,09415,TURIAÇU,14412,2348
ma,09431,TUTÓIA,20863,4055
ma,09458,URBANO SANTOS,14355,1835
ma,09474,VARGEM GRANDE,17890,3081
ma,09490,VIANA,19698,5289
ma,09512,VITÓRIA DO MEARIM,13071,3367
ma,09539,VITORINO FREIRE,12628,3722
ma,09555,BOM JARDIM,14225,3095
ma,09571,SANTA INÊS,28127,12991
ma,09598,PAULO RAMOS,8221,2262
ma,09610,AÇAILÂNDIA,25808,27430
ma,09636,ESTREITO,9599,6238
ma,09652,SANTA LUZIA DO PARUÁ,8679,2640
ma,09679,ARAME,11202,3040
ma,09695,MIRANDA DO NORTE,8016,2209
ma,09717,ZÉ DOCA,17495,4658
mg,40002,ALFREDO VASCONCELOS,1955,1922
mg,40010,ABADIA DOS DOURADOS,1821,2117
mg,40029,ARAPORÃ,1767,2442
mg,40037,ABAETÉ,4289,7581
mg,40045,BRASILÂNDIA DE MINAS,4341,2976
mg,40053,ABRE CAMPO,3954,3260
mg,40061,CAPITÃO ANDRADE,1115,1414
mg,40070,ACAIACA,1377,782
mg,40088,CARNEIRINHO,2871,2623
mg,40096,AÇUCENA,2410,2103
mg,40100,CATUJI,3374,1242
mg,40118,ÁGUA BOA,4205,2190
mg,40126,DIVISA ALEGRE,1586,1278
mg,40134,ÁGUA COMPRIDA,526,991
mg,40142,DIVISÓPOLIS,2856,1272
mg,40150,AGUANIL,1080,1399
mg,40169,DURANDÉ,2517,1729
mg,40177,ÁGUAS FORMOSAS,5099,3995
mg,40185,ENTRE FOLHAS,1657,1870
mg,40193,ÁGUAS VERMELHAS,4014,1592
mg,40207,FERVEDOURO,3215,2200
mg,40215,AIMORÉS,4715,7712
mg,40223,FRANCISCÓPOLIS,1697,840
mg,40231,AIURUOCA,1393,1701
mg,40240,ICARAÍ DE MINAS,3828,1259
mg,40258,ALAGOA,462,1165
mg,40266,IPABA,3825,5175
mg,40274,ALBERTINA,352,1419
mg,40282,JAÍBA,9618,5479
mg,40290,ALÉM PARAÍBA,9318,9512
mg,40304,JAMPRUCA,1727,842
mg,40312,ALFENAS,12837,27671
mg,40320,JUATUBA,5311,8705
mg,40339,ALMENARA,12687,5418
mg,40347,LAGOA GRANDE,2492,2307
mg,40355,ALPERCATA,1961,2076
mg,40363,LIMEIRA DO OESTE,2345,1831
mg,40371,ALPINÓPOLIS,4332,6205
mg,40380,LONTRA,3635,1109
mg,40398,ALTEROSA,3275,5079
mg,40401,MAMONAS,2579,1169
mg,40410,ALTO RIO DOCE,4166,1908
mg,40428,MATA VERDE,2348,1730
mg,40436,ALVARENGA,1473,1422
mg,40444,MATIAS CARDOSO,3074,859
mg,40452,ALVINÓPOLIS,5331,3100
mg,40460,MONTEZUMA,2369,1014
mg,40479,ALVORADA DE MINAS,1662,573
mg,40487,NAQUE,1611,1633
mg,40495,AMPARO DO SERRA,2161,817
mg,40509,NOVO ORIENTE DE MINAS,3303,1315
mg,40517,ANDRADAS,4563,15971
mg,40525,PALMÓPOLIS,2222,1048
mg,40533,CACHOEIRA DE PAJEÚ,2698,1403
mg,40541,PEDRAS DE MARIA DA CRUZ,3656,876
mg,40550,ANDRELÂNDIA,2698,3252
mg,40568,PERIQUITO,1770,2005
mg,40576,ANTÔNIO CARLOS,3626,2788
mg,40584,PONTO DOS VOLANTES,3304,1748
mg,40592,ANTÔNIO DIAS,2578,2765
mg,40606,RIACHINHO,2314,1052
mg,40614,ANTÔNIO PRADO DE MINAS,692,675
mg,40622,ROSÁRIO DA LIMEIRA,1962,1346
mg,40630,ARAÇAÍ,684,860
mg,40649,SANTA BÁRBARA DO LESTE,2039,2438
mg,40657,ARACITABA,794,539
mg,40665,SANTA RITA DE MINAS,1528,2274
mg,40673,ARAÇUAÍ,9420,6278
mg,40681,SANTANA DO PARAÍSO,4340,9626
mg,40690,ARAGUARI,19055,41697
mg,40703,SÃO JOÃO DA LAGOA,2042,892
mg,40711,ARANTINA,1081,697
mg,40720,SÃO JOÃO DO MANHUAÇU,3211,2895
mg,40738,ARAPONGA,3228,947
mg,40746,SÃO JOÃO DO MANTENINHA,1454,1854
mg,40754,ARAPUÁ,573,1434
mg,40762,SÃO JOÃO DO PACUÍ,1797,520
mg,40770,ARAÚJOS,1234,3172
mg,40789,SÃO JOSÉ DA LAPA,4735,8141
mg,40797,ARAXÁ,18890,33021
mg,40800,SARZEDO,5246,9815
mg,40819,ARCEBURGO,1486,3245
mg,40827,SEM PEIXE,1213,573
mg,40835,ARCOS,7726,13571
mg,40843,SENADOR AMARAL,1348,2346
mg,40851,AREADO,2224,5579
mg,40860,UBAPORANGA,2458,3808
mg,40878,ARGIRITA,1154,687
mg,40886,URUCUIA,3170,1341
mg,40894,ARINOS,4986,2892
mg,40908,VARGEM ALEGRE,1694,1956
mg,40916,ASTOLFO DUTRA,3309,4224
mg,40924,JOSENÓPOLIS,1302,451
mg,40932,ATALÉIA,4321,1836
mg,40940,JUVENÍLIA,2315,991
mg,40959,AUGUSTO DE LIMA,1367,1053
mg,40967,LEME DO PRADO,1581,776
mg,40975,BAEPENDI,3106,7578
mg,40983,LUISBURGO,1608,2070
mg,40991,BALDIM,1905,2562
mg,41009,LUISLÂNDIA,3156,570
mg,41017,BAMBUÍ,6120,6090
mg,41025,MÁRIO CAMPOS,2747,4822
mg,41033,BANDEIRA,1988,506
mg,41041,MARTINS SOARES,2488,2047
mg,41050,BANDEIRA DO SUL,1061,2609
mg,41068,MIRAVÂNIA,1623,522
mg,41076,BARÃO DE COCAIS,7043,8352
mg,41084,MONTE FORMOSO,1784,613
mg,41092,BARÃO DE MONTE ALTO,2287,1480
mg,41106,NATALÂNDIA,1247,674
mg,41114,BARBACENA,32411,35585
mg,41122,NINHEIRA,2546,1535
mg,41130,BARRA LONGA,2272,1063
mg,41149,NOVA BELÉM,1172,1049
mg,41157,TRÊS MARIAS,5797,8862
mg,41165,NOVA PORTEIRINHA,2539,1366
mg,41173,BARROSO,5530,5575
mg,41181,NOVORIZONTE,1705,1023
mg,41190,BELA VISTA DE MINAS,2997,2374
mg,41203,OLHOS D ÁGUA,2387,708
mg,41211,BELMIRO BRAGA,1368,719
mg,41220,ORATÓRIOS,1950,746
mg,41238,BELO HORIZONTE,472887,901513
mg,41246,ORIZÂNIA,2481,1625
mg,41254,BELO ORIENTE,5200,6702
mg,41262,PADRE CARVALHO,1884,640
mg,41270,BELO VALE,2656,2705
mg,41289,PAI PEDRO,2380,762
mg,41297,BERILO,3534,1118
mg,41300,PATIS,2376,608
mg,41319,BERTÓPOLIS,1704,796
mg,41327,PEDRA BONITA,2084,1763
mg,41335,BETIM,75026,122576
mg,41343,PIEDADE DE CARATINGA,1848,2876
mg,41351,BIAS FORTES,1645,681
mg,41360,PINGO D ÁGUA,1388,1024
mg,41378,BICAS,3512,4066
mg,41386,PINTÓPOLIS,2731,871
mg,41394,BIQUINHAS,746,934
mg,41408,PONTO CHIQUE,1632,505
mg,41416,BOA ESPERANÇA,7496,12864
mg,41424,REDUTO,1798,1998
mg,41432,BOCAINA DE MINAS,1345,1600
mg,41440,SANTA BÁRBARA DO MONTE VERDE,1287,868
mg,41459,BOCAIÚVA,15564,7772
mg,41467,SANTA CRUZ DE MINAS,1464,3011
mg,41475,BOM DESPACHO,6441,19194
mg,41483,SANTA CRUZ DE SALINAS,2034,418
mg,41491,BOM JARDIM DE MINAS,1948,2010
mg,41505,SANTA HELENA DE MINAS,2189,742
mg,41513,BOM JESUS DA PENHA,657,1627
mg,41521,SANTO ANTÔNIO DO RETIRO,2756,699
mg,41530,BOM JESUS DO AMPARO,1708,1401
mg,41548,SÃO DOMINGOS DAS DORES,1600,1801
mg,41556,BOM JESUS DO GALHO,3754,3778
mg,41564,SÃO FÉLIX DE MINAS,992,1178
mg,41572,BOM REPOUSO,2568,3621
mg,41580,SÃO GERALDO DO BAIXIO,1008,975
mg,41599,BOM SUCESSO,3899,5548
mg,41602,SÃO JOÃO DAS MISSÕES,4425,1271
mg,41610,BONFIM,2035,2415
mg,41629,SÃO JOAQUIM DE BICAS,6033,6701
mg,41637,BONFINÓPOLIS DE MINAS,1736,1267
mg,41645,SÃO JOSÉ DA BARRA,1742,2302
mg,41653,BORDA DA MATA,2440,6615
mg,41661,ALTO CAPARAÓ,789,2350
mg,41670,BOTELHOS,4129,4289
mg,41688,ANGELÂNDIA,1938,1485
mg,41696,BOTUMIRIM,2278,719
mg,41700,ARICANDUVA,1907,759
mg,41718,BRASÍLIA DE MINAS,10990,4982
mg,41726,BERIZAL,1768,647
mg,41734,BRÁS PIRES,1426,1166
mg,41742,BONITO DE MINAS,3741,680
mg,41750,BRAÚNAS,1356,1216
mg,41769,BUGRE,1020,1616
mg,41777,BRAZÓPOLIS,2508,5836
mg,41785,CABECEIRA GRANDE,1448,1957
mg,41793,BRUMADINHO,7164,12215
mg,41807,CAMPO AZUL,1763,453
mg,41815,BUENO BRANDÃO,1535,4440
mg,41823,CANTAGALO,1367,721
mg,41831,BUENÓPOLIS,2480,1870
mg,41840,CATAS ALTAS,1382,1591
mg,41858,BURITIS,5110,6521
mg,41866,CATUTI,2054,653
mg,41874,BURITIZEIRO,6497,4703
mg,41882,CHAPADA GAÚCHA,3729,1501
mg,41890,CABO VERDE,3221,3367
mg,41904,CÔNEGO MARINHO,3152,566
mg,41912,CACHOEIRA DA PRATA,978,1461
mg,41920,CONFINS,1425,2985
mg,41939,CACHOEIRA DE MINAS,1654,4859
mg,41947,CÓRREGO FUNDO,1311,1927
mg,41955,CACHOEIRA DOURADA,956,515
mg,41963,CRISÓLITA,2182,656
mg,41971,CAETANÓPOLIS,1640,3748
mg,41980,CUPARAQUE,726,1853
mg,41998,CAETÉ,8544,13593
mg,42005,CURRAL DE DENTRO,2113,1457
mg,42013,CAIANA,1594,1014
mg,42021,DELTA,2066,1893
mg,42030,CAJURI,1986,976
mg,42048,DOM BOSCO,1012,1131
mg,42056,CALDAS,2390,5172
mg,42064,FREI LAGONEGRO,1393,652
mg,42072,CAMACHO,1245,908
mg,42080,FRUTA DE LEITE,1976,503
mg,42099,CAMANDUCAIA,3403,7870
mg,42102,GAMELEIRAS,1985,814
mg,42110,CAMBUÍ,4163,9755
mg,42129,GLAUCILÂNDIA,1624,773
mg,42137,CAMBUQUIRA,2235,4315
mg,42145,GOIABEIRA,689,1218
mg,42153,CAMPANÁRIO,1195,728
mg,42161,GOIANÁ,1188,1342
mg,42170,CAMPANHA,1824,6041
mg,42188,GUARACIAMA,2648,651
mg,42196,CAMPESTRE,3168,8136
mg,42200,IBIRACATU,2585,751
mg,42218,CAMPINA VERDE,4312,5744
mg,42226,IMBÉ DE MINAS,2119,1506
mg,42234,CAMPO BELO,7805,17661
mg,42242,INDAIABIRA,1899,1564
mg,42250,CAMPO DO MEIO,3342,3074
mg,42269,JAPONVAR,3757,916
mg,42277,CAMPO FLORIDO,1901,2074
mg,42285,JENIPAPO DE MINAS,1948,772
mg,42293,CAMPOS ALTOS,2320,3941
mg,42307,JOSÉ GONÇALVES DE MINAS,1384,632
mg,42315,CAMPOS GERAIS,4940,8022
mg,42323,JOSÉ RAYDAN,1485,790
mg,42331,CANAÃ,2099,862
mg,42340,SÃO SEBASTIÃO DA VARGEM ALEGRE,1062,777
mg,42358,CANÁPOLIS,3176,2475
mg,42366,SÃO SEBASTIÃO DO ANTA,1574,1782
mg,42374,CANA VERDE,1398,1833
mg,42382,SERRANÓPOLIS DE MINAS,1742,792
mg,42390,CANDEIAS,3013,4576
mg,42404,SETUBINHA,3501,725
mg,42412,CAPARAÓ,1266,1604
mg,42420,TAPARUBA,1149,981
mg,42439,CAPELA NOVA,1600,1130
mg,42447,UNIÃO DE MINAS,1327,771
mg,42455,CAPELINHA,8898,7417
mg,42463,URUANA DE MINAS,1059,987
mg,42471,CAPETINGA,1395,2176
mg,42480,VARGEM GRANDE DO RIO PARDO,1207,1374
mg,42498,CAPIM BRANCO,1713,3641
mg,42501,VARJÃO DE MINAS,1532,2192
mg,42510,CAPINÓPOLIS,4143,3689
mg,42528,VERDELÂNDIA,3015,929
mg,42536,CAPITÃO ENÉAS,5233,2457
mg,42544,VEREDINHA,2229,893
mg,42552,CAPITÓLIO,1675,3139
mg,42560,VERMELHO NOVO,1638,1421
mg,42579,CAPUTIRA,3138,2133
mg,42587,TOCOS DO MOJI,1232,1475
mg,42595,CARAÍ,5871,1850
mg,42617,CARANAÍBA,961,1015
mg,42633,CARANDAÍ,6402,7191
mg,42650,CARANGOLA,7320,8118
mg,42676,CARATINGA,14556,23811
mg,42692,CARBONITA,2774,1861
mg,42714,CAREAÇU,1203,2120
mg,42730,CARLOS CHAGAS,5086,3882
mg,42757,CARMÉSIA,674,597
mg,42773,CARMO DA CACHOEIRA,2953,2921
mg,42790,CARMO DA MATA,3137,3355
mg,42811,CARMO DE MINAS,2640,4023
mg,42838,CARMO DO CAJURU,4794,7762
mg,42854,CARMO DO PARANAÍBA,3686,10525
mg,42870,CARMO DO RIO CLARO,3836,6785
mg,42897,CARMÓPOLIS DE MINAS,3724,5254
mg,42919,CARRANCAS,1087,1098
mg,42935,CARVALHÓPOLIS,830,1443
mg,42951,CARVALHOS,1051,1414
mg,42978,CASA GRANDE,754,980
mg,42994,CASCALHO RICO,878,1215
mg,43010,CÁSSIA,3640,5214
mg,43036,CONCEIÇÃO DA BARRA DE MINAS,1098,1249
mg,43052,CATAGUASES,19908,16256
mg,43079,CATAS ALTAS DA NORUEGA,1303,955
mg,43095,CAXAMBU,4751,6550
mg,43117,CEDRO DO ABAETÉ,237,462
mg,43133,CENTRAL DE MINAS,1595,2151
mg,43150,CENTRALINA,2923,1983
mg,43176,CHÁCARA,1089,923
mg,43192,CHALÉ,1793,1549
mg,43214,CHAPADA DO NORTE,3895,767
mg,43230,CHIADOR,851,1082
mg,43257,CIPOTÂNEA,1725,1263
mg,43273,CLARAVAL,865,2487
mg,43290,CLARO DOS POÇÕES,2453,2124
mg,43311,CLÁUDIO,3546,10366
mg,43338,COIMBRA,2310,1971
mg,43354,COLUNA,2463,1331
mg,43370,COMENDADOR GOMES,691,1060
mg,43397,COMERCINHO,2951,902
mg,43419,CONCEIÇÃO DA APARECIDA,2378,3161
mg,43435,CONCEIÇÃO DAS PEDRAS,766,997
mg,43451,CONCEIÇÃO DAS ALAGOAS,6406,6766
mg,43478,CONCEIÇÃO DE IPANEMA,1653,973
mg,43494,CONCEIÇÃO DO MATO DENTRO,6322,3189
mg,43516,CONCEIÇÃO DO PARÁ,875,2491
mg,43532,CONCEIÇÃO DO RIO VERDE,3077,3518
mg,43559,CONCEIÇÃO DOS OUROS,1550,4635
mg,43575,CONGONHAL,1668,4653
mg,43591,CONGONHAS,11565,16554
mg,43613,CONGONHAS DO NORTE,1554,623
mg,43630,CONQUISTA,1469,2212
mg,43656,CONSELHEIRO LAFAIETE,30180,35020
mg,43672,CONSELHEIRO PENA,4111,6420
mg,43699,CONSOLAÇÃO,373,796
mg,43710,CONTAGEM,105418,202384
mg,43737,COQUEIRAL,2087,2931
mg,43753,CORAÇÃO DE JESUS,9403,3221
mg,43770,CORDISBURGO,2248,2253
mg,43796,CORDISLÂNDIA,882,895
mg,43818,CORINTO,6044,5534
mg,43834,COROACI,2418,2580
mg,43850,COROMANDEL,5264,10220
mg,43877,CORONEL FABRICIANO,18177,35471
mg,43893,CORONEL MURTA,3276,1104
mg,43915,CORONEL PACHECO,952,963
mg,43931,CORONEL XAVIER CHAVES,1056,892
mg,43958,CÓRREGO DANTA,763,1114
mg,43974,CÓRREGO DO BOM JESUS,795,1902
mg,43990,CÓRREGO NOVO,1313,705
mg,44016,COUTO DE MAGALHÃES DE MINAS,1613,567
mg,44032,CRISTAIS,2163,3284
mg,44059,CRISTÁLIA,2217,638
mg,44075,CRISTIANO OTONI,1232,1638
mg,44091,CRISTINA,1662,3643
mg,44113,CRUCILÂNDIA,1240,1983
mg,44130,CRUZEIRO DA FORTALEZA,989,1759
mg,44156,CRUZÍLIA,3663,4583
mg,44172,CURVELO,17396,20575
mg,44199,DATAS,2090,739
mg,44210,DELFIM MOREIRA,1510,3167
mg,44237,DELFINÓPOLIS,1406,2406
mg,44253,DESCOBERTO,1586,1508
mg,44270,DESTERRO DE ENTRE RIOS,1357,2394
mg,44296,DESTERRO DO MELO,1112,1142
mg,44318,DIAMANTINA,13966,8605
mg,44334,DIOGO DE VASCONCELOS,1788,648
mg,44350,DIONÍSIO,2087,1755
mg,44377,DIVINÉSIA,1724,1013
mg,44393,DIVINO,5695,4025
mg,44415,DIVINO DAS LARANJEIRAS,1177,1562
mg,44431,DIVINOLÂNDIA DE MINAS,1761,1622
mg,44458,DIVINÓPOLIS,41154,77001
mg,44474,DIVISA NOVA,1609,1760
mg,44490,DOM CAVATI,1092,1932
mg,44512,DOM JOAQUIM,1448,865
mg,44539,DOM SILVÉRIO,1756,1120
mg,44555,DOM VIÇOSO,693,1302
mg,44571,DONA EUSÉBIA,2038,1900
mg,44598,DORES DE CAMPOS,1996,3350
mg,44610,DORES DE GUANHÃES,1890,1059
mg,44636,DORES DO INDAIÁ,2154,4926
mg,44652,DORES DO TURVO,1854,1327
mg,44679,DORESÓPOLIS,482,582
mg,44695,DOURADOQUARA,681,605
mg,44717,ELÓI MENDES,3689,10394
mg,44733,ENGENHEIRO CALDAS,2065,2747
mg,44750,ENGENHEIRO NAVARRO,2719,1033
mg,44776,ENTRE RIOS DE MINAS,4108,4017
mg,44792,ERVÁLIA,6593,3854
mg,44814,ESMERALDAS,14139,17287
mg,44830,ESPERA FELIZ,5949,5453
mg,44857,ESPINOSA,9863,5454
mg,44873,ESPÍRITO SANTO DO DOURADO,1141,2044
mg,44890,ESTIVA,2093,4013
mg,44911,ESTRELA DALVA,912,660
mg,44938,ESTRELA DO INDAIÁ,631,1171
mg,44954,ESTRELA DO SUL,2081,1687
mg,44970,EUGENÓPOLIS,2782,3076
mg,44997,EWBANK DA CÂMARA,1776,991
mg,45012,EXTREMA,5878,13952
mg,45039,FAMA,693,1203
mg,45055,FARIA LEMOS,1207,809
mg,45071,FELÍCIO DOS SANTOS,1317,1191
mg,45098,SÃO GONÇALO DO RIO PRETO,1105,561
mg,45110,FELISBURGO,2145,978
mg,45136,FELIXLÂNDIA,3621,3587
mg,45152,FERNANDES TOURINHO,614,1077
mg,45179,FERROS,3117,1940
mg,45195,FLORESTAL,1711,2426
mg,45217,FORMIGA,10499,25314
mg,45233,FORMOSO,2348,1414
mg,45250,FORTALEZA DE MINAS,631,1360
mg,45276,FORTUNA DE MINAS,968,949
mg,45292,FRANCISCO BADARÓ,2468,1270
mg,45314,FRANCISCO DUMONT,1471,989
mg,45330,FRANCISCO SÁ,7970,3558
mg,45357,FREI GASPAR,2048,797
mg,45373,FREI INOCÊNCIO,2217,2092
mg,45390,FRONTEIRA,3155,3515
mg,45411,FRUTAL,9794,17194
mg,45438,FUNILÂNDIA,1063,1712
mg,45454,GALILÉIA,1475,1844
mg,45470,GONÇALVES,602,1923
mg,45497,GONZAGA,1102,1456
mg,45519,GOUVEIA,3741,2418
mg,45535,GOVERNADOR VALADARES,38293,94067
mg,45551,GRÃO MOGOL,4801,1865
mg,45578,GRUPIARA,435,645
mg,45594,GUANHÃES,6432,7667
mg,45616,GUAPÉ,2348,4590
mg,45632,GUARACIABA,3337,1680
mg,45659,GUARANÉSIA,5099,4914
mg,45675,GUARANI,2532,2098
mg,45691,GUARARÁ,1150,1128
mg,45713,GUARDA-MOR,1547,2016
mg,45730,GUAXUPÉ,10366,15289
mg,45756,GUIDOVAL,2251,2114
mg,45772,GUIMARÂNIA,1529,2759
mg,45799,GUIRICEMA,2820,2184
mg,45810,GURINHATÃ,1522,1578
mg,45837,HELIODORA,1522,2008
mg,45853,IAPU,2252,3269
mg,45870,IBERTIOGA,2326,1003
mg,45896,IBIÁ,4572,6110
mg,45918,IBIAÍ,2879,787
mg,45934,IBIRACI,2109,4003
mg,45950,IBIRITÉ,32827,48160
mg,45977,IBITIÚRA DE MINAS,443,1836
mg,45993,IBITURUNA,684,889
mg,46019,IGARAPÉ,7712,11868
mg,46035,IGARATINGA,1763,3164
mg,46051,IGUATAMA,1957,2243
mg,46078,IJACI,1282,2334
mg,46094,ILICÍNEA,3138,3472
mg,46116,INCONFIDENTES,1593,2985
mg,46132,INDIANÓPOLIS,1567,1501
mg,46159,INGAÍ,837,1033
mg,46175,INHAPIM,4753,7653
mg,46191,INHAÚMA,1413,2094
mg,46213,INIMUTABA,2083,1747
mg,46230,IPANEMA,4023,5267
mg,46256,IPATINGA,32082,91851
mg,46272,IPIAÇU,1281,871
mg,46299,IPUIÚNA,1802,3763
mg,46310,IRAÍ DE MINAS,1658,2525
mg,46337,ITABIRA,25229,35136
mg,46353,ITABIRINHA,2308,3050
mg,46370,ITABIRITO,10996,16365
mg,46396,ITACAMBIRA,2049,593
mg,46418,ITACARAMBI,5433,2444
mg,46434,ITAGUARA,2642,4142
mg,46450,ITAIPÉ,3126,1818
mg,46477,ITAJUBÁ,11330,39418
mg,46493,ITAMARANDIBA,8541,6067
mg,46515,ITAMARATI DE MINAS,1322,1150
mg,46531,ITAMBACURI,6375,3602
mg,46558,ITAMBÉ DO MATO DENTRO,825,640
mg,46574,ITAMOGI,2146,3737
mg,46590,ITAMONTE,2173,5594
mg,46612,ITANHANDU,2901,5428
mg,46639,ITANHOMI,3091,3015
mg,46655,ITAOBIM,5010,4485
mg,46671,ITAPAGIPE,2697,4319
mg,46698,ITAPECERICA,5026,6562
mg,46710,ITAPEVA,1259,3923
mg,46736,ITATIAIUÇU,1805,4599
mg,46752,ITAÚNA,10993,37146
mg,46779,ITAVERAVA,2126,1564
mg,46795,ITINGA,4933,1585
mg,46817,ITUETA,1090,2216
mg,46833,ITUIUTABA,25456,25815
mg,46850,ITUMIRIM,1488,2333
mg,46876,ITURAMA,10313,9675
mg,46892,ITUTINGA,1074,1338
mg,46914,JABOTICATUBAS,4092,5306
mg,46930,JACINTO,3264,1862
mg,46957,JACUÍ,919,3020
mg,46973,JACUTINGA,2291,10264
mg,46990,JAGUARAÇU,823,1260
mg,47015,JANAÚBA,17863,14684
mg,47031,JANUÁRIA,22111,7287
mg,47058,JAPARAÍBA,898,1394
mg,47074,JECEABA,1807,1905
mg,47090,JEQUERI,4040,1969
mg,47112,JEQUITAÍ,2440,1148
mg,47139,JEQUITIBÁ,1470,2104
mg,47155,JEQUITINHONHA,7581,2462
mg,47171,JESUÂNIA,1102,1634
mg,47198,JOAÍMA,4454,1488
mg,47210,JOANÉSIA,1245,1455
mg,47236,JOÃO MONLEVADE,15451,23443
mg,47252,JOÃO PINHEIRO,10078,12632
mg,47279,JOAQUIM FELÍCIO,1089,859
mg,47295,JORDÂNIA,2911,1636
mg,47317,NOVA UNIÃO,1781,1612
mg,47333,JUIZ DE FORA,132237,145333
mg,47350,JURAMENTO,1937,1005
mg,47376,JURUAIA,1827,3899
mg,47392,LADAINHA,3900,1893
mg,47414,LAGAMAR,1666,2741
mg,47430,LAGOA DA PRATA,6642,17088
mg,47457,LAGOA DOS PATOS,1324,899
mg,47473,LAGOA DOURADA,2764,3872
mg,47490,LAGOA FORMOSA,3590,6109
mg,47511,LAGOA SANTA,9088,22301
mg,47538,LAJINHA,4885,5410
mg,47554,LAMBARI,3206,7841
mg,47570,LAMIM,1473,753
mg,47597,LARANJAL,1823,2135
mg,47619,LASSANCE,2086,1179
mg,47635,LAVRAS,17435,31119
mg,47651,LEANDRO FERREIRA,792,1412
mg,47678,LEOPOLDINA,14278,12774
mg,47694,LIBERDADE,1604,1228
mg,47716,LIMA DUARTE,6084,3446
mg,47732,LUMINÁRIAS,1427,1400
mg,47759,LUZ,2786,6385
mg,47775,MACHACALIS,2261,1280
mg,47791,MACHADO,5408,14841
mg,47813,MADRE DE DEUS DE MINAS,1516,1322
mg,47830,MALACACHETA,5125,3026
mg,47856,MANGA,6273,2986
mg,47872,MANHUAÇU,15267,23678
mg,47899,MANHUMIRIM,4773,6019
mg,47910,MANTENA,4689,8368
mg,47937,MARAVILHAS,1739,2566
mg,47953,MAR DE ESPANHA,2990,3904
mg,47970,MARIA DA FÉ,2367,6279
mg,47996,MARIANA,19882,11883
mg,48011,MARILAC,1419,969
mg,48038,MARIPÁ DE MINAS,956,1132
mg,48054,MARLIÉRIA,1251,1526
mg,48070,MARMELÓPOLIS,762,1091
mg,48097,MARTINHO CAMPOS,2326,4689
mg,48119,MATERLÂNDIA,1602,543
mg,48135,MATEUS LEME,5499,10341
mg,48151,MATIAS BARBOSA,4128,4061
mg,48178,MATIPÓ,5295,4496
mg,48194,MATO VERDE,4341,2689
mg,48216,MATOZINHOS,7658,11934
mg,48232,MATUTINA,798,1343
mg,48259,MEDEIROS,759,1243
mg,48275,MEDINA,6181,3315
mg,48291,MENDES PIMENTEL,1776,1487
mg,48313,MERCÊS,3538,2032
mg,48330,MESQUITA,1333,1795
mg,48356,MINAS NOVAS,8750,2206
mg,48372,MINDURI,763,1326
mg,48399,MIRABELA,4509,2147
mg,48410,MIRADOURO,3008,2403
mg,48437,MIRAÍ,2871,3940
mg,48453,MOEDA,1416,2075
mg,48470,MOEMA,1442,2669
mg,48496,MONJOLOS,813,519
mg,48518,MONSENHOR PAULO,1828,2719
mg,48534,MONTALVÂNIA,5201,2305
mg,48550,MONTE ALEGRE DE MINAS,4500,5042
mg,48577,MONTE AZUL,7382,4438
mg,48593,MONTE BELO,2908,4100
mg,48615,MONTE CARMELO,11117,12586
mg,48631,MONTE SANTO DE MINAS,3721,6756
mg,48658,MONTES CLAROS,78142,108640
mg,48674,MONTE SIÃO,2155,10372
mg,48690,MORADA NOVA DE MINAS,1713,2728
mg,48712,MORRO DA GARÇA,1137,511
mg,48739,MORRO DO PILAR,1312,668
mg,48755,MUNHOZ,1440,2597
mg,48771,MURIAÉ,21306,31027
mg,48798,MUTUM,6090,7666
mg,48810,MUZAMBINHO,4535,7513
mg,48836,NACIP RAYDAN,1075,558
mg,48852,NANUQUE,8216,9270
mg,48879,NATÉRCIA,749,1938
mg,48895,NAZARENO,2272,1901
mg,48917,NEPOMUCENO,4738,8297
mg,48933,NOVA ERA,5057,4601
mg,48950,NOVA LIMA,19264,29780
mg,48976,NOVA MÓDICA,1301,921
mg,48992,NOVA PONTE,3508,4062
mg,49018,NOVA RESENDE,2863,5797
mg,49034,NOVA SERRANA,8174,30914
mg,49050,NOVO CRUZEIRO,8607,3183
mg,49077,OLARIA,938,497
mg,49093,OLÍMPIO NORONHA,836,807
mg,49115,OLIVEIRA,7888,13844
mg,49131,OLIVEIRA FORTES,1068,443
mg,49158,ONÇA DE PITANGUI,692,1467
mg,49174,OURO BRANCO,8795,12198
mg,49190,OURO FINO,3647,13102
mg,49212,OURO PRETO,26726,14664
mg,49239,OURO VERDE DE MINAS,2185,1503
mg,49255,PADRE PARAÍSO,4333,3280
mg,49271,PAINEIRAS,1383,1254
mg,49298,PAINS,1780,2848
mg,49310,PAIVA,673,425
mg,49336,PALMA,2147,1492
mg,49352,FRONTEIRA DOS VALES,1891,534
mg,49379,PAPAGAIOS,3673,4289
mg,49395,PARACATU,14125,26622
mg,49417,PARÁ DE MINAS,10834,32428
mg,49433,PARAGUAÇU,4230,7309
mg,49450,PARAISÓPOLIS,2970,8086
mg,49476,PARAOPEBA,4803,8101
mg,49492,PASSABÉM,563,531
mg,49514,PASSA QUATRO,3575,5360
mg,49530,PASSA TEMPO,2174,2304
mg,49557,PASSA VINTE,633,791
mg,49573,PASSOS,19919,33806
mg,49590,PATOS DE MINAS,20583,53299
mg,49611,PATROCÍNIO,12725,30375
mg,49638,PATROCÍNIO DO MURIAÉ,1729,1839
mg,49654,PAULA CÂNDIDO,3330,1696
mg,49670,PAULISTAS,1766,618
mg,49697,PAVÃO,2306,1239
mg,49719,PEÇANHA,4295,2705
mg,49735,PEDRA AZUL,5718,4453
mg,49751,PEDRA DO ANTA,1598,665
mg,49778,PEDRA DO INDAIÁ,759,1563
mg,49794,PEDRA DOURADA,1032,687
mg,49816,PEDRALVA,2256,4198
mg,49832,PEDRINÓPOLIS,916,1208
mg,49859,PEDRO LEOPOLDO,11414,21303
mg,49875,PEDRO TEIXEIRA,1188,435
mg,49891,PEQUERI,1095,983
mg,49913,PEQUI,939,1472
mg,49930,PERDIGÃO,939,4715
mg,49956,PERDIZES,2695,5244
mg,49972,PERDÕES,4059,7300
mg,49999,PESCADOR,1234,830
mg,50016,PIAU,1127,882
mg,50032,PIEDADE DE PONTE NOVA,1583,808
mg,50059,PIEDADE DO RIO GRANDE,1275,1137
mg,50075,PIEDADE DOS GERAIS,1268,1720
mg,50091,PIMENTA,1725,2625
mg,50113,PIRACEMA,2221,1739
mg,50130,PIRAJUBA,1338,1463
mg,50156,PIRANGA,4391,2819
mg,50172,PIRANGUÇU,952,2411
mg,50199,PIRANGUINHO,1761,3128
mg,50210,PIRAPETINGA,3331,3392
mg,50237,PIRAPORA,9897,15910
mg,50253,PIRAÚBA,3152,3424
mg,50270,PITANGUI,3859,10743
mg,50296,PIUMHI,5092,11579
mg,50318,PLANURA,2281,3032
mg,50334,POÇO FUNDO,3294,5677
mg,50350,POÇOS DE CALDAS,23578,53695
mg,50377,POCRANE,2171,2428
mg,50393,POMPÉU,7049,7677
mg,50415,PONTE NOVA,17795,11604
mg,50431,PORTEIRINHA,12196,7358
mg,50458,PORTO FIRME,3479,2197
mg,50474,POTÉ,3941,3044
mg,50490,POUSO ALEGRE,19916,51716
mg,50512,POUSO ALTO,1277,2481
mg,50539,PRADOS,2430,2183
mg,50555,PRATA,6408,7194
mg,50571,PRATÁPOLIS,1999,2895
mg,50598,PRATINHA,641,1205
mg,50610,PRESIDENTE BERNARDES,2101,1145
mg,50636,PRESIDENTE JUSCELINO,1443,772
mg,50652,PRESIDENTE KUBITSCHEK,1360,351
mg,50679,PRESIDENTE OLEGÁRIO,4090,6013
mg,50695,ALTO JEQUITIBÁ,1589,3337
mg,50717,PRUDENTE DE MORAIS,1931,3412
mg,50733,QUARTEL GERAL,973,1049
mg,50750,QUELUZITO,750,878
mg,50776,RAPOSOS,4461,4723
mg,50792,RAUL SOARES,6034,5272
mg,50814,RECREIO,2916,2184
mg,50830,RESENDE COSTA,2881,3175
mg,50857,RESPLENDOR,2569,5887
mg,50873,RESSAQUINHA,1776,1206
mg,50890,RIACHO DOS MACHADOS,3166,1152
mg,50911,RIBEIRÃO DAS NEVES,55911,82449
mg,50938,RIBEIRÃO VERMELHO,967,1193
mg,50954,RIO ACIMA,2552,3130
mg,50970,RIO CASCA,3964,2720
mg,50997,RIO DOCE,886,664
mg,51012,RIO DO PRADO,2018,536
mg,51039,RIO ESPERA,1905,1392
mg,51055,RIO MANSO,1395,1696
mg,51071,RIO NOVO,2369,2397
mg,51098,RIO PARANAÍBA,2831,3519
mg,51110,RIO PARDO DE MINAS,7930,4311
mg,51136,RIO PIRACICABA,4076,3478
mg,51152,RIO POMBA,4899,4583
mg,51179,RIO PRETO,2188,1400
mg,51195,RIO VERMELHO,3483,1784
mg,51217,RITÁPOLIS,1499,1347
mg,51233,ROCHEDO DE MINAS,724,870
mg,51250,RODEIRO,1934,2578
mg,51276,ROMARIA,1197,954
mg,51292,RUBELITA,3146,746
mg,51314,RUBIM,2673,1085
mg,51330,SABARÁ,24351,39086
mg,51357,SABINÓPOLIS,4807,1935
mg,51373,SACRAMENTO,4448,8501
mg,51390,SALINAS,11614,8308
mg,51411,SALTO DA DIVISA,1876,1018
mg,51438,SANTA BÁRBARA,8460,7270
mg,51454,SANTA BÁRBARA DO TUGÚRIO,2109,845
mg,51470,SANTA CRUZ DO ESCALVADO,2081,1005
mg,51497,SANTA EFIGÊNIA DE MINAS,1267,903
mg,51519,SANTA FÉ DE MINAS,1349,424
mg,51535,SANTA JULIANA,2664,3742
mg,51551,SANTA LUZIA,41289,68452
mg,51578,SANTA MARGARIDA,4685,3906
mg,51594,SANTA MARIA DE ITABIRA,3350,2017
mg,51616,SANTA MARIA DO SALTO,1491,898
mg,51632,SANTA MARIA DO SUAÇUÍ,3963,2409
mg,51659,SANTANA DA VARGEM,1849,2312
mg,51675,SANTANA DE CATAGUASES,1034,1284
mg,51691,SANTANA DE PIRAPAMA,2385,2142
mg,51713,SANTANA DO DESERTO,1413,893
mg,51730,SANTANA DO GARAMBÉU,1028,440
mg,51756,SANTANA DO JACARÉ,965,1541
mg,51772,SANTANA DO MANHUAÇU,2764,1867
mg,51799,SANTANA DO RIACHO,1551,1458
mg,51810,SANTANA DOS MONTES,1257,1115
mg,51837,SANTA RITA DE CALDAS,1518,3526
mg,51853,SANTA RITA DE JACUTINGA,1573,1435
mg,51870,SANTA RITA DE IBITIPOCA,1417,617
mg,51896,SANTA RITA DO ITUETO,1306,2003
mg,51918,SANTA RITA DO SAPUCAÍ,4134,16799
mg,51934,SANTA ROSA DA SERRA,982,990
mg,51950,SANTA VITÓRIA,6615,4908
mg,51977,SANTO ANTÔNIO DO AMPARO,5156,3624
mg,51993,SANTO ANTÔNIO DO AVENTUREIRO,1205,1148
mg,52019,SANTO ANTÔNIO DO GRAMA,1603,860
mg,52035,SANTO ANTÔNIO DO ITAMBÉ,1337,454
mg,52051,SANTO ANTÔNIO DO JACINTO,3009,2018
mg,52078,SANTO ANTÔNIO DO MONTE,2749,10425
mg,52094,SANTO ANTÔNIO DO RIO ABAIXO,706,450
mg,52116,SANTO HIPÓLITO,1141,460
mg,52132,SANTOS DUMONT,14206,12068
mg,52159,SÃO BENTO ABADE,1075,1537
mg,52175,SÃO BRÁS DO SUAÇUÍ,1047,1025
mg,52191,SÃO DOMINGOS DO PRATA,5064,3991
mg,52213,SÃO FRANCISCO,16543,6705
mg,52230,SÃO FRANCISCO DE PAULA,2123,1681
mg,52256,SÃO FRANCISCO DE SALES,2042,1280
mg,52272,SÃO FRANCISCO DO GLÓRIA,1749,1110
mg,52299,SÃO GERALDO,2594,1939
mg,52310,SÃO GERALDO DA PIEDADE,1202,1020
mg,52337,SÃO GONÇALO DO ABAETÉ,1530,1629
mg,52353,SÃO GONÇALO DO PARÁ,1801,3777
mg,52370,SÃO GONÇALO DO RIO ABAIXO,3482,3827
mg,52396,SÃO GONÇALO DO SAPUCAÍ,4310,8057
mg,52418,SÃO GOTARDO,4978,11663
mg,52434,SÃO JOÃO BATISTA DO GLÓRIA,1405,2947
mg,52450,SÃO JOÃO DA MATA,611,1523
mg,52477,SÃO JOÃO DA PONTE,9954,2451
mg,52493,SÃO JOÃO DEL REI,17250,29334
mg,52515,SÃO JOÃO DO ORIENTE,2235,2426
mg,52531,SÃO JOÃO DO PARAÍSO,4319,4955
mg,52558,SÃO JOÃO EVANGELISTA,5052,2393
mg,52574,SÃO JOÃO NEPOMUCENO,5767,7825
mg,52590,SÃO JOSÉ DA SAFIRA,1285,1016
mg,52612,SÃO JOSÉ DA VARGINHA,883,1438
mg,52639,SÃO JOSÉ DO ALEGRE,692,1834
mg,52655,SÃO JOSÉ DO DIVINO,953,1197
mg,52671,SÃO JOSÉ DO GOIABAL,1803,1025
mg,52698,SÃO JOSÉ DO JACURI,1919,990
mg,52710,SÃO JOSÉ DO MANTIMENTO,961,861
mg,52736,SÃO LOURENÇO,5561,16961
mg,52752,SÃO MIGUEL DO ANTA,2670,1405
mg,52779,SÃO PEDRO DA UNIÃO,1050,1625
mg,52795,SÃO PEDRO DOS FERROS,2505,1417
mg,52817,SÃO PEDRO DO SUAÇUÍ,1636,1064
mg,52833,SÃO ROMÃO,2669,992
mg,52850,SÃO ROQUE DE MINAS,927,2830
mg,52876,SÃO SEBASTIÃO DA BELA VISTA,1271,2411
mg,52892,SÃO SEBASTIÃO DO MARANHÃO,2625,1657
mg,52914,SÃO SEBASTIÃO DO OESTE,2057,2540
mg,52930,SÃO SEBASTIÃO DO PARAÍSO,10986,20394
mg,52957,SÃO SEBASTIÃO DO RIO PRETO,425,479
mg,52973,SÃO SEBASTIÃO DO RIO VERDE,408,956
mg,52990,SÃO TIAGO,2418,3241
mg,53015,SÃO TOMÁS DE AQUINO,1461,2161
mg,53031,SÃO THOMÉ DAS LETRAS,1848,1291
mg,53058,SÃO VICENTE DE MINAS,1525,2112
mg,53074,SAPUCAÍ-MIRIM,1094,2314
mg,53090,SARDOÁ,1375,1295
mg,53112,SENADOR CORTES,920,670
mg,53139,SENADOR FIRMINO,2591,1734
mg,53155,SENADOR JOSÉ BENTO,472,1064
mg,53171,SENADOR MODESTINO GONÇALVES,1563,829
mg,53198,SENHORA DE OLIVEIRA,2356,1160
mg,53210,SENHORA DO PORTO,982,861
mg,53236,SENHORA DOS REMÉDIOS,3087,2201
mg,53252,SERICITA,2598,1968
mg,53279,SERITINGA,514,599
mg,53295,SERRA AZUL DE MINAS,1278,540
mg,53317,SERRA DA SAUDADE,172,456
mg,53333,SERRA DOS AIMORÉS,1899,1375
mg,53350,SERRA DO SALITRE,2242,3559
mg,53376,SERRANIA,1864,2263
mg,53392,SERRANOS,626,669
mg,53414,SERRO,6278,2465
mg,53430,SETE LAGOAS,34449,79126
mg,53457,SILVEIRÂNIA,1238,631
mg,53473,SILVIANÓPOLIS,915,2334
mg,53490,SIMÃO PEREIRA,1012,945
mg,53511,SIMONÉSIA,4740,4597
mg,53538,SOBRÁLIA,1281,1452
mg,53554,SOLEDADE DE MINAS,1149,2340
mg,53570,TABULEIRO,1490,1244
mg,53597,TAIOBEIRAS,5537,10419
mg,53619,TAPIRA,824,2000
mg,53635,TAPIRAÍ,633,540
mg,53651,TAQUARAÇU DE MINAS,935,1751
mg,53678,TARUMIRIM,3184,3712
mg,53694,TEIXEIRAS,3789,2824
mg,53716,TEÓFILO OTONI,28194,33970
mg,53732,TIMÓTEO,12599,28465
mg,53759,TIRADENTES,1764,2629
mg,53775,TIROS,815,2832
mg,53791,TOCANTINS,3861,5092
mg,53813,TOLEDO,1013,2876
mg,53830,TOMBOS,2658,2064
mg,53856,TRÊS CORAÇÕES,10716,27186
mg,53872,TRÊS PONTAS,13133,17169
mg,53899,TUMIRITINGA,1731,1558
mg,53910,TUPACIGUARA,6891,6281
mg,53937,TURMALINA,6891,2893
mg,53953,TURVOLÂNDIA,1081,1527
mg,53970,UBÁ,19993,28658
mg,53996,UBAÍ,4193,1266
mg,54011,UBERABA,55842,106569
mg,54038,UBERLÂNDIA,128070,218367
mg,54054,UMBURATIBA,1088,452
mg,54070,UNAÍ,13392,27649
mg,54097,URUCÂNIA,3186,2226
mg,54119,VARGEM BONITA,573,855
mg,54135,VARGINHA,18711,51221
mg,54151,VÁRZEA DA PALMA,7023,8610
mg,54178,VARZELÂNDIA,6777,2285
mg,54194,VAZANTE,4334,5921
mg,54216,WENCESLAU BRAZ,516,1458
mg,54232,VERÍSSIMO,868,919
mg,54259,VESPASIANO,21739,34281
mg,54275,VIÇOSA,22851,15900
mg,54291,VIEIRAS,1484,1082
mg,54313,MATHIAS LOBATO,937,837
mg,54330,VIRGEM DA LAPA,3540,1802
mg,54356,VIRGÍNIA,2020,2837
mg,54372,VIRGINÓPOLIS,2821,2084
mg,54399,VIRGOLÂNDIA,1775,851
mg,54410,VISCONDE DO RIO BRANCO,9396,11264
mg,54437,VOLTA GRANDE,1662,1098
mg,54453,ITAÚ DE MINAS,2663,5488
ms,55000,NOVA ALVORADA DO SUL,4105,5360
ms,55018,ALCINÓPOLIS,1059,1194
ms,55026,LAGUNA CARAPÃ,1342,2129
ms,55034,JAPORÃ,2559,1184
ms,55042,NOVO HORIZONTE DO SUL,1253,1312
ms,55050,PARAÍSO DAS ÁGUAS,567,1731
ms,55069,FIGUEIRÃO,670,900
ms,90034,ÁGUA CLARA,2501,4269
ms,90115,AMAMBAI,7354,9916
ms,90131,ANASTÁCIO,4920,7024
ms,90158,ANAURILÂNDIA,1849,2046
ms,90174,ANTÔNIO JOÃO,2060,2607
ms,90190,APARECIDA DO TABOADO,3420,8005
ms,90212,AQUIDAUANA,9719,12369
ms,90298,BANDEIRANTES,1813,2269
ms,90379,BATAGUASSU,4145,7059
ms,90395,BATAYPORÃ,2445,3073
ms,90417,BELA VISTA,4394,6188
ms,90433,BONITO,4507,7096
ms,90450,BRASILÂNDIA,1981,3719
ms,90492,CAMAPUÃ,2943,4462
ms,90514,CAMPO GRANDE,135939,337170
ms,90530,CARACOL,1191,1770
ms,90557,CAARAPÓ,4961,9178
ms,90573,CASSILÂNDIA,2869,7125
ms,90611,CORGUINHO,1025,1364
ms,90638,CORUMBÁ,20013,27107
ms,90654,COXIM,6376,9704
ms,90735,DOURADOS,35815,76753
ms,90751,FÁTIMA DO SUL,4458,7087
ms,90794,GLÓRIA DE DOURADOS,2186,3072
ms,90816,GUIA LOPES DA LAGUNA,1914,2916
ms,90859,IGUATEMI,2346,4247
ms,90875,INOCÊNCIA,1209,2467
ms,90891,ITAPORÃ,3025,6496
ms,90930,IVINHEMA,4756,8712
ms,90972,JARAGUARI,1379,1907
ms,90999,JARDIM,3973,7847
ms,91014,JATEÍ,1204,1324
ms,91030,LADÁRIO,3732,5073
ms,91073,MARACAJU,6414,13404
ms,91111,MIRANDA,7117,5626
ms,91138,NAVIRAÍ,7332,16460
ms,91154,NIOAQUE,3332,3597
ms,91235,NOVA ANDRADINA,8304,14015
ms,91251,PARANAÍBA,7376,12781
ms,91278,PEDRO GOMES,1807,2018
ms,91316,PONTA PORÃ,13906,29496
ms,91375,PORTO MURTINHO,1957,2727
ms,91413,RIBAS DO RIO PARDO,3588,5264
ms,91430,RIO BRILHANTE,7047,10583
ms,91456,RIO NEGRO,1063,1487
ms,91472,RIO VERDE DE MATO GROSSO,3514,5675
ms,91499,ROCHEDO,922,1785
ms,91570,SIDROLÂNDIA,9242,12110
ms,91596,TERENOS,3956,5007
ms,91650,TRÊS LAGOAS,16944,34967
ms,91693,ANGÉLICA,2585,3038
ms,91715,ARAL MOREIRA,2228,2547
ms,91731,ELDORADO,1830,3771
ms,91758,DEODÁPOLIS,2750,3983
ms,91782,CHAPADÃO DO SUL,2917,8869
ms,91790,MUNDO NOVO,3291,6248
ms,91804,DOIS IRMÃOS DO BURITI,3330,2029
ms,91820,JUTI,1864,1612
ms,91847,PARANHOS,2741,2411
ms,91863,SANTA RITA DO PARDO,1203,1682
ms,91880,SONORA,2989,4293
ms,91901,VICENTINA,2134,1881
ms,98019,BODOQUENA,1886,2332
ms,98035,COSTA RICA,4710,8245
ms,98051,DOURADINA,1346,1876
ms,98078,ITAQUIRAÍ,4327,4183
ms,98094,SÃO GABRIEL DO OESTE,3691,9997
ms,98116,SELVÍRIA,2152,1697
ms,98132,SETE QUEDAS,1728,3149
ms,98159,TACURU,2954,1443
ms,98175,TAQUARUSSU,1220,998
ms,98590,CORONEL SAPUCAIA,3351,3532
mt,89788,COLNIZA,3498,7570
mt,89796,COLÍDER,2741,13051
mt,89800,CURVELÂNDIA,985,1755
mt,89818,NOVA BRASILÂNDIA,1266,1082
mt,89826,NOVA SANTA HELENA,595,1307
mt,89834,PARANATINGA,2829,6686
mt,89843,SANTO ANTÔNIO DO LESTE,493,973
mt,89850,SINOP,15331,52446
mt,89877,ALTA FLORESTA,7791,18321
mt,89893,ARAPUTANGA,2172,5860
mt,89915,JAURU,1342,3683
mt,89931,SÃO JOSÉ DOS QUATRO MARCOS,2793,6462
mt,89958,RIO BRANCO,1084,1639
mt,89960,RONDOLÂNDIA,824,680
mt,89974,SALTO DO CÉU,705,1404
mt,89990,PONTES E LACERDA,4749,16121
mt,90018,ACORIZAL,2526,1937
mt,90026,SÃO JOSÉ DO POVO,876,1065
mt,90042,ALTO BOA VISTA,572,1735
mt,90050,ALTO ARAGUAIA,2687,5001
mt,90069,QUERÊNCIA,1954,5965
mt,90077,ALTO GARÇAS,1730,3183
mt,90085,CANABRAVA DO NORTE,814,1580
mt,90093,ALTO PARAGUAI,2412,1714
mt,90107,SANTA CARMEM,573,1886
mt,90123,NOVA MARINGÁ,726,1780
mt,90140,NOVA GUARITA,1043,1571
mt,90166,NOVA MARILÂNDIA,575,1088
mt,90182,PORTO ESTRELA,1456,698
mt,90204,GLÓRIA D OESTE,624,1159
mt,90220,TABAPORÃ,1083,3331
mt,90239,ARAGUAINHA,296,329
mt,90247,SÃO JOSÉ DO XINGU,1250,1314
mt,90255,ARENÁPOLIS,1908,3187
mt,90263,APIACÁS,1366,2071
mt,90271,ARIPUANÃ,2325,5148
mt,90280,CONFRESA,4172,8181
mt,90301,LAMBARI D OESTE,1356,1535
mt,90310,BARÃO DE MELGAÇO,2618,1225
mt,90328,SANTO AFONSO,673,800
mt,90336,BARRA DO BUGRES,7636,8047
mt,90344,PLANALTO DA SERRA,1025,989
mt,90352,BARRA DO GARÇAS,10350,18236
mt,90360,NOVA MONTE VERDE,1141,2644
mt,90387,NOVA BANDEIRANTES,1381,4318
mt,90409,SÃO PEDRO DA CIPA,1144,1260
mt,90425,COTRIGUAÇU,2114,3342
mt,90441,RIBEIRÃOZINHO,650,683
mt,90468,BRASNORTE,2371,5097
mt,90476,CÁCERES,19254,22961
mt,90484,CAMPO NOVO DO PARECIS,4549,10513
mt,90506,CAMPO VERDE,5577,14839
mt,90522,CLÁUDIA,1360,3850
mt,90549,CASTANHEIRA,1520,2366
mt,90565,JANGADA,2830,1849
mt,90581,JURUENA,1327,2555
mt,90590,CHAPADA DOS GUIMARÃES,5091,5438
mt,90603,LUCAS DO RIO VERDE,7406,22894
mt,90620,MATUPÁ,2314,5509
mt,90646,NOVA MUTUM,4595,15291
mt,90662,RIBEIRÃO CASCALHEIRA,1445,2735
mt,90670,CUIABÁ,109681,222077
mt,90689,TAPURAH,1182,4259
mt,90697,DIAMANTINO,3687,6984
mt,90700,PONTAL DO ARAGUAIA,1350,2116
mt,90719,DOM AQUINO,1660,2586
mt,90727,SAPEZAL,2730,6794
mt,90743,CAMPOS DE JÚLIO,792,2210
mt,90760,CARLINDA,2350,2685
mt,90778,GENERAL CARNEIRO,1656,959
mt,90786,FELIZ NATAL,1475,2536
mt,90808,NOVO MUNDO,1153,2229
mt,90824,GAÚCHA DO NORTE,1094,2173
mt,90832,GUIRATINGA,2365,3162
mt,90840,UNIÃO DO SUL,670,1036
mt,90867,NOVA LACERDA,1081,1667
mt,90883,NOVA UBIRATÃ,1267,2824
mt,90905,BOM JESUS DO ARAGUAIA,1321,1523
mt,90913,ITIQUIRA,2004,3666
mt,90921,SERRA NOVA DOURADA,316,549
mt,90948,NOVO SANTO ANTÔNIO,496,514
mt,90956,JACIARA,4434,9854
mt,90964,NOVA NAZARÉ,757,720
mt,90980,SANTA CRUZ DO XINGU,286,674
mt,91006,CONQUISTA D OESTE,541,1307
mt,91022,VALE DE SÃO DOMINGOS,445,1369
mt,91049,SANTA RITA DO TRIVELATO,376,840
mt,91057,LUCIARA,587,745
mt,91081,IPIRANGA DO NORTE,641,2230
mt,91090,VILA BELA DA SANTÍSSIMA TRINDADE,2813,3677
mt,91103,ITANHANGÁ,601,2364
mt,91170,NOBRES,2667,5274
mt,91197,NORTELÂNDIA,1516,1770
mt,91219,NOSSA SENHORA DO LIVRAMENTO,5290,2719
mt,91294,POCONÉ,10374,6051
mt,91332,PONTE BRANCA,763,451
mt,91359,PORTO DOS GAÚCHOS,813,1843
mt,91391,POXORÉU,4094,3910
mt,91510,RONDONÓPOLIS,33847,74166
mt,91537,ROSÁRIO OESTE,4417,4041
mt,91553,SANTO ANTÔNIO DO LEVERGER,6012,5445
mt,91618,TESOURO,706,690
mt,91634,TORIXORÉU,1021,1200
mt,91677,VÁRZEA GRANDE,53552,87193
mt,91774,MIRASSOL D OESTE,4009,8784
mt,91812,PEDRA PRETA,3602,4979
mt,91839,SÃO FÉLIX DO ARAGUAIA,1571,2514
mt,91855,TANGARÁ DA SERRA,10314,34821
mt,91898,JUSCIMEIRA,2338,3685
mt,91910,ÁGUA BOA,2258,8733
mt,91936,CANARANA,2286,7452
mt,91952,NOVA XAVANTINA,3015,6544
mt,91979,SANTA TEREZINHA,1790,1151
mt,91995,SÃO JOSÉ DO RIO CLARO,1854,5517
mt,98191,JUARA,3790,11471
mt,98310,JUÍNA,6438,14479
mt,98337,DENISE,1641,2144
mt,98612,ALTO TAQUARI,1197,3139
mt,98639,ARAGUAIANA,859,1008
mt,98655,CAMPINÁPOLIS,3739,2528
mt,98671,COCALINHO,1174,1333
mt,98698,ITAÚBA,871,1724
mt,98710,MARCELÂNDIA,1585,4181
mt,98736,NOVA OLÍMPIA,3862,3948
mt,98752,NOVA CANAÃ DO NORTE,1878,4883
mt,98779,NOVO SÃO JOAQUIM,1028,2085
mt,98795,NOVO HORIZONTE DO NORTE,747,1420
mt,98817,PEIXOTO DE AZEVEDO,6283,7067
mt,98833,PARANAÍTA,1861,3979
mt,98850,PORTO ALEGRE DO NORTE,1788,2719
mt,98876,PORTO ESPERIDIÃO,2319,2722
mt,98892,PRIMAVERA DO LESTE,6846,24938
mt,98914,RESERVA DO CABAÇAL,521,735
mt,98930,SORRISO,9939,30599
mt,98957,TERRA NOVA DO NORTE,2278,3498
mt,98973,VERA,1238,3014
mt,98990,VILA RICA,2542,5429
mt,99015,COMODORO,2855,5947
mt,99031,FIGUEIRÓPOLIS D OESTE,441,1581
mt,99058,GUARANTÃ DO NORTE,2963,11228
mt,99074,INDIAVAÍ,505,824
pa,04006,GOIANÉSIA DO PARÁ,8242,4648
pa,04014,ABAETETUBA,61646,19896
pa,04022,TAILÂNDIA,16910,13392
pa,04030,ACARÁ,22544,7548
pa,04049,BOM JESUS DO TOCANTINS,4105,3058
pa,04057,AFUÁ,11169,5684
pa,04065,SÃO JOÃO DE PIRABAS,7397,3227
pa,04073,ALENQUER,14397,12988
pa,04081,TUCUMÃ,6298,10585
pa,04090,ALMEIRIM,10213,3882
pa,04103,MÃE DO RIO,8853,7101
pa,04111,ALTAMIRA,19466,33549
pa,04120,ELDORADO DOS CARAJÁS,6733,4937
pa,04138,ANAJÁS,6951,4300
pa,04146,SANTA LUZIA DO PARÁ,7632,2684
pa,04154,ANANINDEUA,109713,132590
pa,04162,PALESTINA DO PARÁ,2385,1485
pa,04170,AUGUSTO CORRÊA,17073,5673
pa,04189,IPIXUNA DO PARÁ,8214,3962
pa,04197,AVEIRO,4000,1926
pa,04200,JACAREACANGA,4370,1419
pa,04219,BAGRE,6342,1430
pa,04227,BRASIL NOVO,4132,6726
pa,04235,BAIÃO,12183,4044
pa,04243,SANTA BÁRBARA DO PARÁ,7364,5175
pa,04251,BARCARENA,41225,20998
pa,04260,ÁGUA AZUL DO NORTE,2743,3065
pa,04278,BELÉM,351193,427982
pa,04286,TRAIRÃO,2456,3815
pa,04294,BENEVIDES,16177,13337
pa,04308,PAU D ARCO,2046,2033
pa,04316,BONITO,6275,1816
pa,04324,ULIANÓPOLIS,6348,4642
pa,04332,BRAGANÇA,36553,21245
pa,04340,AURORA DO PARÁ,8146,3357
pa,04359,BREVES,25035,12011
pa,04367,TERRA SANTA,5303,3753
pa,04375,BUJARU,10347,3404
pa,04383,NOVO PROGRESSO,2638,9454
pa,04391,CACHOEIRA DO ARARI,9055,1908
pa,04405,VITÓRIA DO XINGU,4540,4272
pa,04413,CAMETÁ,49947,15959
pa,04421,NOVO REPARTIMENTO,12573,11506
pa,04430,CAPANEMA,20189,15253
pa,04448,BREU BRANCO,11310,7772
pa,04456,CAPITÃO POÇO,17366,9979
pa,04464,SÃO DOMINGOS DO ARAGUAIA,5976,3701
pa,04472,CASTANHAL,42925,52067
pa,04480,NOVA ESPERANÇA DO PIRIÁ,5574,3639
pa,04499,CHAVES,6408,1968
pa,04502,ABEL FIGUEIREDO,2491,1371
pa,04510,COLARES,4871,1480
pa,04529,CUMARU DO NORTE,1878,1724
pa,04537,CONCEIÇÃO DO ARAGUAIA,9945,11724
pa,04545,TERRA ALTA,4726,2241
pa,04553,CURRALINHO,11165,2076
pa,04561,FLORESTA DO ARAGUAIA,4799,4363
pa,04570,CURUÇÁ,15550,5033
pa,04588,BANNACH,744,1050
pa,04596,FARO,3216,633
pa,04600,NOVA IPIXUNA,3645,3221
pa,04618,GURUPÁ,9551,2771
pa,04626,PLACAS,3478,3809
pa,04634,IGARAPÉ-AÇU,14992,5649
pa,04642,MARITUBA,30049,25234
pa,04650,IGARAPÉ-MIRI,21804,9576
pa,04669,TRACUATEUA,13507,3100
pa,04677,INHANGAPI,4020,2369
pa,04685,QUATIPURU,4447,1553
pa,04693,IRITUIA,12956,4031
pa,04707,CANAÃ DOS CARAJÁS,9048,14842
pa,04715,ITAITUBA,19715,24784
pa,04723,ANAPU,5203,5979
pa,04731,ITUPIRANGA,12266,6785
pa,04740,CURUÁ,5629,1482
pa,04758,JACUNDÁ,12043,8318
pa,04766,CACHOEIRA DO PIRIÁ,6460,1720
pa,04774,JURUTI,13294,8755
pa,04782,PIÇARRA,2749,2621
pa,04790,LIMOEIRO DO AJURU,10679,3381
pa,04804,BELTERRA,5497,4663
pa,04812,MAGALHÃES BARATA,3562,1552
pa,04820,SÃO JOÃO DA PONTA,2776,1094
pa,04839,MARABÁ,48278,61220
pa,04847,SAPUCAIA,1555,1310
pa,04855,MARACANÃ,12021,5165
pa,04863,MOJUÍ DOS CAMPOS,5744,7192
pa,04871,MARAPANIM,10105,4943
pa,04898,MELGAÇO,6115,1970
pa,04910,MOCAJUBA,12928,3847
pa,04936,MOJU,26114,8296
pa,04952,MONTE ALEGRE,15297,16203
pa,04979,MUANÁ,13130,3433
pa,04995,NOVA TIMBOTEUA,5548,2064
pa,05010,ÓBIDOS,16517,6781
pa,05037,OEIRAS DO PARÁ,11875,2804
pa,05053,ORIXIMINÁ,16020,11263
pa,05070,OURÉM,7541,2637
pa,05096,PARAGOMINAS,19464,27031
pa,05118,PEIXE-BOI,3890,1851
pa,05134,PONTA DE PEDRAS,10879,2982
pa,05150,PORTEL,13016,5388
pa,05177,PORTO DE MOZ,8813,3577
pa,05193,PRAINHA,9806,5641
pa,05215,PRIMAVERA,4731,2010
pa,05231,SALINÓPOLIS,14318,7897
pa,05258,SALVATERRA,8757,2955
pa,05274,SANTA CRUZ DO ARARI,2590,821
pa,05290,SANTA ISABEL DO PARÁ,17253,14312
pa,05312,SANTA MARIA DO PARÁ,8299,6395
pa,05339,SANTANA DO ARAGUAIA,5241,7561
pa,05355,SANTARÉM,70119,90577
pa,05371,SANTARÉM NOVO,3570,830
pa,05398,SANTO ANTÔNIO DO TAUÁ,11076,5010
pa,05410,SÃO CAETANO DE ODIVELAS,6784,2556
pa,05436,SÃO DOMINGOS DO CAPIM,11473,3872
pa,05452,SÃO FÉLIX DO XINGU,8727,13133
pa,05479,SÃO FRANCISCO DO PARÁ,6328,3646
pa,05495,SÃO JOÃO DO ARAGUAIA,4372,2376
pa,05517,SÃO MIGUEL DO GUAMÁ,16700,8788
pa,05533,SÃO SEBASTIÃO DA BOA VISTA,10358,2813
pa,05550,SENADOR JOSÉ PORFÍRIO,4577,2329
pa,05576,SOURE,9682,3137
pa,05592,TOMÉ-AÇU,19586,11569
pa,05614,TUCURUÍ,26569,21854
pa,05630,VIGIA,16549,7361
pa,05657,VISEU,21955,4476
pa,05673,REDENÇÃO,12661,24929
pa,05690,RIO MARIA,3877,5007
pa,05711,XINGUARA,8033,13477
pa,05738,RONDON DO PARÁ,8530,9123
pa,05754,URUARÁ,5993,11999
pa,05770,MEDICILÂNDIA,4329,7085
pa,05797,SÃO GERALDO DO ARAGUAIA,6276,5519
pa,05819,CONCÓRDIA DO PARÁ,9628,5179
pa,05835,PARAUAPEBAS,40410,64650
pa,05851,CURIONÓPOLIS,5195,5406
pa,05878,GARRAFÃO DO NORTE,10084,3557
pa,05894,RURÓPOLIS,5511,5564
pa,05916,PACAJÁ,8037,7460
pa,05932,BREJO GRANDE DO ARAGUAIA,2700,1602
pa,05959,OURILÂNDIA DO NORTE,5816,7299
pa,05975,DOM ELISEU,10573,8200
pa,05991,SANTA MARIA DAS BARREIRAS,3411,4427
pb,19003,RIACHÃO DO POÇO,2309,862
pb,19011,ÁGUA BRANCA,5080,573
pb,19020,SOBRADO,3636,1546
pb,19038,AGUIAR,2827,473
pb,19046,SÃO JOSÉ DOS RAMOS,2810,873
pb,19054,ALAGOA GRANDE,11443,4100
pb,19062,CAPIM,3131,1074
pb,19070,ALAGOA NOVA,8098,2899
pb,19089,CUITÉ DE MAMANGUAPE,3965,863
pb,19097,ALAGOINHA,6687,1511
pb,19100,CURRAL DE CIMA,2927,676
pb,19119,ALHANDRA,8538,4863
pb,19127,RIACHÃO DO BACAMARTE,2432,616
pb,19135,SÃO JOÃO DO RIO DO PEIXE,9039,1618
pb,19143,MATINHAS,2405,624
pb,19151,ARAÇAGI,8256,1597
pb,19160,LOGRADOURO,1692,833
pb,19178,ARARA,4904,1404
pb,19186,SERTÃOZINHO,2369,775
pb,19194,ARARUNA,6334,2556
pb,19208,RIACHÃO,1717,550
pb,19216,AREIA,10765,2853
pb,19224,SÃO DOMINGOS DO CARIRI,1314,600
pb,19232,AREIAL,2920,1312
pb,19240,CARAÚBAS,2521,560
pb,19259,AROEIRAS,9307,2237
pb,19267,SANTO ANDRÉ,1504,379
pb,19275,DAMIÃO,2678,471
pb,19283,SOSSÊGO,1996,316
pb,19291,BAÍA DA TRAIÇÃO,4237,790
pb,19305,BARAÚNA,2588,440
pb,19313,BANANEIRAS,10207,2492
pb,19321,ASSUNÇÃO,2123,467
pb,19330,BARRA DE SANTA ROSA,6565,1304
pb,19348,ZABELÊ,1285,247
pb,19356,BARRA DE SÃO MIGUEL,2964,843
pb,19364,CACIMBAS,3665,416
pb,19372,BAYEUX,29039,26588
pb,19380,CAJAZEIRINHAS,2151,408
pb,19399,BELÉM,6815,2904
pb,19402,SÃO BENTINHO,2095,469
pb,19410,BELÉM DO BREJO DO CRUZ,2964,949
pb,19429,SÃO DOMINGOS,1649,471
pb,19437,BOA VENTURA,2936,596
pb,19445,SÃO JOSÉ DE PRINCESA,2166,190
pb,19453,BOM JESUS,1999,189
pb,19461,MARIZÓPOLIS,3377,917
pb,19470,BOM SUCESSO,2953,307
pb,19488,MATO GROSSO,1633,143
pb,19496,BONITO DE SANTA FÉ,4273,1209
pb,19500,BERNARDINO BATISTA,1797,263
pb,19518,BOQUEIRÃO,7376,3292
pb,19526,POÇO DE JOSÉ DE MOURA,2496,457
pb,19534,IGARACY,2967,780
pb,19542,SÃO JOSÉ DO BREJO DO CRUZ,1024,340
pb,19550,BORBOREMA,2476,665
pb,19569,SANTA INÊS,2265,190
pb,19577,BREJO DO CRUZ,4926,1889
pb,19585,AMPARO,1630,177
pb,19593,BREJO DOS SANTOS,3193,993
pb,19607,CASSERENGUE,3493,664
pb,19615,CAAPORÃ,8616,3602
pb,19623,GADO BRAVO,4562,875
pb,19631,CABACEIRAS,2284,1083
pb,19640,POÇO DANTAS,2327,260
pb,19658,CABEDELO,17190,17852
pb,19666,JOCA CLAUDINO,1710,257
pb,19674,CACHOEIRA DOS ÍNDIOS,5011,655
pb,19682,TENÓRIO,1717,258
pb,19690,CACIMBA DE AREIA,2229,464
pb,19704,COXIXOLA,1107,259
pb,19712,CACIMBA DE DENTRO,7457,2089
pb,19720,PARARI,1215,302
pb,19739,CAIÇARA,2911,1291
pb,19747,PEDRO RÉGIS,2254,885
pb,19755,CAJAZEIRAS,28571,6491
pb,19763,ALCANTIL,2052,1212
pb,19771,CALDAS BRANDÃO,2976,886
pb,19780,BARRA DE SANTANA,4060,1377
pb,19798,CAMALAÚ,3939,297
pb,19801,CATURITÉ,2792,843
pb,19810,CAMPINA GRANDE,98243,126554
pb,19828,RIACHO DE SANTO ANTÔNIO,1187,460
pb,19836,CARRAPATEIRA,1305,136
pb,19844,APARECIDA,4051,1095
pb,19852,CATINGUEIRA,2311,829
pb,19860,SÃO FRANCISCO,2286,608
pb,19879,CATOLÉ DO ROCHA,12017,3914
pb,19887,VIEIRÓPOLIS,3039,549
pb,19895,CONCEIÇÃO,8410,1921
pb,19909,AREIA DE BARAÚNAS,1262,182
pb,19917,CONDADO,3317,710
pb,19925,ALGODÃO DE JANDAÍRA,1944,280
pb,19933,CONDE,9809,5332
pb,19941,BOA VISTA,2960,1477
pb,19950,CONGO,3086,613
pb,19968,MARCAÇÃO,4286,589
pb,19976,COREMAS,6887,1608
pb,19984,MATURÉIA,3222,605
pb,19992,CRUZ DO ESPÍRITO SANTO,8871,2859
pb,20001,SANTA CECÍLIA,3679,981
pb,20010,CUBATI,3384,1216
pb,20036,CUITÉ,9750,2333
pb,20052,CUITEGI,3160,933
pb,20079,CURRAL VELHO,1295,305
pb,20095,DESTERRO,4151,848
pb,20117,VISTA SERRANA,1475,421
pb,20133,DIAMANTE,3149,602
pb,20150,DONA INÊS,5288,936
pb,20176,DUAS ESTRADAS,1875,597
pb,20192,EMAS,1678,415
pb,20214,ESPERANÇA,11949,6337
pb,20230,FAGUNDES,5834,1350
pb,20257,FREI MARTINHO,1435,495
pb,20273,GUARABIRA,18078,13123
pb,20290,GURINHÉM,6441,1845
pb,20311,GURJÃO,1895,362
pb,20338,IBIARA,3266,496
pb,20354,IMACULADA,5443,743
pb,20370,INGÁ,7461,3076
pb,20397,ITABAIANA,9443,4741
pb,20419,ITAPORANGA,9593,2666
pb,20435,ITAPOROROCA,6939,2508
pb,20451,ITATUBA,4710,1542
pb,20478,JACARAÚ,6741,2413
pb,20494,JERICÓ,4153,636
pb,20516,JOÃO PESSOA,188655,228710
pb,20532,JUAREZ TÁVORA,4059,1088
pb,20559,JUAZEIRINHO,6985,2194
pb,20575,JUNCO DO SERIDÓ,2927,849
pb,20591,JURIPIRANGA,5309,1964
pb,20613,JURU,4817,679
pb,20630,LAGOA,2812,394
pb,20656,LAGOA DE DENTRO,3617,975
pb,20672,LAGOA SECA,8695,6066
pb,20699,LASTRO,2430,298
pb,20710,LIVRAMENTO,3359,731
pb,20737,LUCENA,5393,2785
pb,20753,MÃE D ÁGUA,2234,462
pb,20770,MALTA,3017,604
pb,20796,MAMANGUAPE,15771,7821
pb,20818,MANAÍRA,5481,539
pb,20834,MARI,9515,3138
pb,20850,MASSARANDUBA,6137,2248
pb,20877,MATARACA,3979,1364
pb,20893,MOGEIRO,5917,2248
pb,20915,MONTADAS,2541,896
pb,20931,MONTE HOREBE,2429,338
pb,20958,MONTEIRO,14518,4171
pb,20974,MULUNGU,4977,1497
pb,20990,NATUBA,3356,1036
pb,21016,NAZAREZINHO,4395,467
pb,21032,NOVA FLORESTA,4443,1298
pb,21059,NOVA OLINDA,3041,437
pb,21075,NOVA PALMEIRA,2116,392
pb,21091,OLHO D ÁGUA,3725,842
pb,21113,OLIVEDOS,2032,677
pb,21130,OURO VELHO,1697,392
pb,21156,PASSAGEM,1334,389
pb,21172,PATOS,30556,18444
pb,21199,PAULISTA,5014,1959
pb,21210,PEDRA BRANCA,2059,575
pb,21237,PEDRA LAVRADA,3505,941
pb,21253,PEDRAS DE FOGO,11563,5380
pb,21270,PIANCÓ,6632,2165
pb,21296,PICUÍ,8274,2509
pb,21318,PILAR,5638,1801
pb,21334,PILÕES,3884,885
pb,21350,PILÕEZINHOS,3043,703
pb,21377,PIRPIRITUBA,3961,1434
pb,21393,PITIMBU,6165,2382
pb,21415,POCINHOS,6501,3508
pb,21431,POMBAL,11228,6867
pb,21458,PRATA,1967,808
pb,21474,PRINCESA ISABEL,9595,1730
pb,21490,PUXINANÃ,5761,2990
pb,21512,QUEIMADAS,17660,7618
pb,21539,QUIXABA,1054,478
pb,21555,REMÍGIO,7943,2336
pb,21571,RIACHO DOS CAVALOS,4952,860
pb,21598,RIO TINTO,9885,3990
pb,21610,SALGADINHO,1624,388
pb,21636,SALGADO DE SÃO FÉLIX,5114,1842
pb,21652,SANTA CRUZ,3591,590
pb,21679,SANTA HELENA,3716,408
pb,21695,SANTA LUZIA,5736,2518
pb,21717,SANTANA DE MANGUEIRA,2831,290
pb,21733,SANTANA DOS GARROTES,3295,897
pb,21750,SANTA RITA,41667,30877
pb,21776,SANTA TERESINHA,2727,1005
pb,21792,SÃO BENTO,9207,8399
pb,21814,SÃO JOÃO DO CARIRI,2395,577
pb,21830,SÃO JOÃO DO TIGRE,2283,443
pb,21857,SÃO JOSÉ DA LAGOA TAPADA,4112,655
pb,21873,SÃO JOSÉ DE CAIANA,2865,425
pb,21890,SÃO JOSÉ DE ESPINHARAS,2406,690
pb,21911,SÃO JOSÉ DE PIRANHAS,9378,1629
pb,21938,SÃO JOSÉ DO BONFIM,1950,736
pb,21954,SÃO JOSÉ DO SABUGI,2275,731
pb,21970,SÃO JOSÉ DOS CORDEIROS,2009,376
pb,21997,SÃO MAMEDE,3190,1320
pb,22012,SÃO MIGUEL DE TAIPU,3012,1385
pb,22039,SÃO SEBASTIÃO DE LAGOA DE ROÇA,4123,2181
pb,22055,SÃO SEBASTIÃO DO UMBUZEIRO,2032,332
pb,22071,SAPÉ,19016,8071
pb,22098,SÃO VICENTE DO SERIDÓ,5183,1110
pb,22110,SERRA BRANCA,5352,1948
pb,22136,SERRA DA RAIZ,1308,537
pb,22152,SERRA GRANDE,1912,286
pb,22179,SERRA REDONDA,3728,1060
pb,22195,SERRARIA,2420,684
pb,22217,SOLÂNEA,10862,4193
pb,22233,SOLEDADE,5688,2235
pb,22250,SOUSA,26445,9621
pb,22276,SUMÉ,7865,1888
pb,22292,TACIMA,3939,1062
pb,22314,TAPEROÁ,6084,1525
pb,22330,TAVARES,7133,877
pb,22357,TEIXEIRA,6572,1602
pb,22373,TRIUNFO,4507,551
pb,22390,UIRAÚNA,7008,1408
pb,22411,UMBUZEIRO,3934,951
pb,22438,VÁRZEA,1577,346
pe,23000,QUIXABA,4169,329
pe,23019,AFOGADOS DA INGAZEIRA,15197,4476
pe,23027,LAGOA DO CARRO,7198,3078
pe,23035,AFRÂNIO,8991,2094
pe,23043,SANTA CRUZ DA BAIXA VERDE,6019,917
pe,23051,AGRESTINA,11191,2932
pe,23060,XEXÉU,5216,1573
pe,23078,ÁGUA PRETA,11134,2703
pe,23086,VERTENTE DO LÉRIO,4628,944
pe,23094,ÁGUAS BELAS,17486,4071
pe,23108,SANTA CRUZ,6969,819
pe,23116,ALAGOINHA,7753,1057
pe,23124,JUCATI,6003,886
pe,23132,ALIANÇA,14987,5160
pe,23140,DORMENTES,8858,1936
pe,23159,ALTINHO,9491,2622
pe,23167,CARNAUBEIRA DA PENHA,7402,371
pe,23175,AMARAJI,8427,3059
pe,23183,LAGOA GRANDE,11096,2250
pe,23191,ANGELIM,4517,1612
pe,23205,ARAÇOIABA,8887,2858
pe,23213,ARARIPINA,33843,7083
pe,23221,CASINHAS,7251,1375
pe,23230,ARCOVERDE,25396,9623
pe,23248,MANARI,8297,681
pe,23256,BARRA DE GUABIRABA,4415,2426
pe,23264,JATOBÁ,6639,1057
pe,23272,BARREIROS,14345,6368
pe,23280,TAMANDARÉ,8304,3560
pe,23299,BELÉM DE MARIA,4917,1356
pe,23302,JAQUEIRA,4348,1469
pe,23310,BELÉM DO SÃO FRANCISCO,9946,1341
pe,23329,SANTA FILOMENA,6970,773
pe,23337,BELO JARDIM,27616,12584
pe,23353,BETÂNIA,5770,508
pe,23370,BEZERROS,25082,8900
pe,23396,BODOCÓ,16517,1629
pe,23418,BOM CONSELHO,18763,4353
pe,23434,BOM JARDIM,16349,4837
pe,23450,BONITO,14054,7438
pe,23477,BREJÃO,5569,1401
pe,23493,BREJINHO,4174,732
pe,23515,BREJO DA MADRE DE DEUS,15611,6442
pe,23531,BUENOS AIRES,6516,1593
pe,23558,BUÍQUE,22579,2775
pe,23574,CABO DE SANTO AGOSTINHO,79320,36402
pe,23590,CABROBÓ,14392,2468
pe,23612,CACHOEIRINHA,8346,2734
pe,23639,CAETÉS,12333,1112
pe,23655,CALÇADO,4428,637
pe,23671,CALUMBI,4270,424
pe,23698,CAMOCIM DE SÃO FÉLIX,7656,2867
pe,23710,CAMUTANGA,3725,1684
pe,23736,CANHOTINHO,8183,3133
pe,23752,CAPOEIRAS,9205,1157
pe,23779,CARNAÍBA,9624,1163
pe,23795,CARPINA,23366,17563
pe,23817,CARUARU,90803,77455
pe,23833,CATENDE,13088,3890
pe,23850,CEDRO,5812,707
pe,23876,CHÃ DE ALEGRIA,6198,1974
pe,23892,CHÃ GRANDE,9075,3750
pe,23914,CONDADO,9638,3940
pe,23930,CORRENTES,7755,951
pe,23957,CORTÊS,5651,1892
pe,23973,CUMARU,7698,2060
pe,23990,CUPIRA,9441,4019
pe,24015,CUSTÓDIA,17174,2079
pe,24031,ESCADA,25451,9595
pe,24058,EXU,17637,1954
pe,24074,FEIRA NOVA,8276,4231
pe,24090,FERREIROS,4955,1925
pe,24112,FLORES,10591,1266
pe,24139,FLORESTA,14692,2005
pe,24155,FREI MIGUELINHO,6818,2150
pe,24171,GAMELEIRA,7686,2879
pe,24198,GARANHUNS,49373,18995
pe,24210,GLÓRIA DO GOITÁ,12675,3866
pe,24236,GOIANA,29874,14970
pe,24252,GRANITO,4001,528
pe,24279,GRAVATÁ,29444,15461
pe,24295,IATI,8854,1094
pe,24317,IBIMIRIM,12337,1367
pe,24333,IBIRAJUBA,3780,817
pe,24350,IGARASSU,40695,20826
pe,24376,IGUARACY,5368,876
pe,24392,INAJÁ,9057,682
pe,24414,INGAZEIRA,2637,377
pe,24430,IPOJUCA,42163,12034
pe,24457,IPUBI,12493,2223
pe,24473,ITACURUBA,2737,291
pe,24490,ITAÍBA,11188,1436
pe,24511,ILHA DE ITAMARACÁ,9129,3694
pe,24538,ITAPETIM,7053,1485
pe,24554,ITAQUITINGA,7064,2443
pe,24570,JABOATÃO DOS GUARARAPES,175911,153618
pe,24597,JATAÚBA,7908,1652
pe,24619,JOÃO ALFREDO,12483,3499
pe,24635,JOAQUIM NABUCO,6206,1813
pe,24651,JUPI,7285,1311
pe,24678,JUREMA,6347,1609
pe,24694,LAGOA DE ITAENGA,8089,4415
pe,24716,LAGOA DO OURO,6763,928
pe,24732,LAGOA DOS GATOS,6491,1358
pe,24759,LAJEDO,13750,6678
pe,24775,LIMOEIRO,23724,9270
pe,24791,MACAPARANA,8934,4263
pe,24813,MACHADOS,5892,1461
pe,24830,MARAIAL,4190,1206
pe,24856,MIRANDIBA,7095,1242
pe,24872,MORENO,23323,11046
pe,24899,NAZARÉ DA MATA,11693,6905
pe,24910,OLINDA,127824,98361
pe,24937,OROBÓ,10036,2369
pe,24953,OROCÓ,6669,1438
pe,24970,OURICURI,29138,3685
pe,24996,PALMARES,21163,7599
pe,25011,PALMEIRINA,3768,474
pe,25038,PANELAS,8582,4924
pe,25054,PARANATAMA,6520,969
pe,25070,PARNAMIRIM,11606,1049
pe,25097,PASSIRA,13838,3916
pe,25119,PAUDALHO,19505,11089
pe,25135,PAULISTA,92381,75856
pe,25151,PEDRA,10263,2091
pe,25178,PESQUEIRA,28817,5311
pe,25194,PETROLÂNDIA,14529,3335
pe,25216,PETROLINA,105663,49661
pe,25232,POÇÃO,5977,930
pe,25259,POMBOS,9747,4273
pe,25275,PRIMAVERA,5692,1891
pe,25291,QUIPAPÁ,8677,1564
pe,25313,RECIFE,482673,436764
pe,25330,RIACHO DAS ALMAS,10272,3806
pe,25356,RIBEIRÃO,14120,5563
pe,25372,RIO FORMOSO,8410,2945
pe,25399,SAIRÉ,5667,2326
pe,25410,SALGADINHO,3471,909
pe,25437,SALGUEIRO,25020,5694
pe,25453,SALOÁ,7509,953
pe,25470,SANHARÓ,9452,2258
pe,25496,SANTA CRUZ DO CAPIBARIBE,19765,23044
pe,25518,SANTA MARIA DA BOA VISTA,17834,2850
pe,25534,SANTA MARIA DO CAMBUCÁ,5767,2158
pe,25550,SANTA TEREZINHA,4733,808
pe,25577,SÃO BENEDITO DO SUL,4105,843
pe,25593,SÃO BENTO DO UNA,18139,5727
pe,25615,SÃO CAITANO,16917,5028
pe,25631,SÃO JOÃO,10263,1668
pe,25658,SÃO JOAQUIM DO MONTE,8559,3333
pe,25674,SÃO JOSÉ DA COROA GRANDE,5951,3643
pe,25690,SÃO JOSÉ DO BELMONTE,16021,2106
pe,25712,SÃO JOSÉ DO EGITO,12970,3576
pe,25739,SÃO LOURENÇO DA MATA,36244,21799
pe,25755,SÃO VICENTE FÉRRER,7430,2357
pe,25771,SERRA TALHADA,33354,9809
pe,25798,SERRITA,9763,948
pe,25810,SERTÂNIA,15700,2417
pe,25836,SIRINHAÉM,13461,6245
pe,25852,MOREILÂNDIA,6120,533
pe,25879,SOLIDÃO,3588,400
pe,25895,SURUBIM,22848,11188
pe,25917,TABIRA,13138,2083
pe,25933,TACAIMBÓ,5724,1610
pe,25950,TACARATU,10527,1274
pe,25976,ITAMBÉ,12957,4758
pe,25992,TAQUARITINGA DO NORTE,8009,6149
pe,26018,TEREZINHA,3900,630
pe,26034,TERRA NOVA,5641,469
pe,26050,TIMBAÚBA,19783,9717
pe,26077,TORITAMA,13038,9830
pe,26093,TRACUNHAÉM,5693,2287
pe,26115,TRINDADE,11966,3316
pe,26131,TRIUNFO,7109,1286
pe,26158,TUPANATINGA,9393,1344
pe,26174,TUPARETAMA,5203,637
pe,26190,VENTUROSA,8289,1467
pe,26212,VERDEJANTE,5051,616
pe,26239,VERTENTES,7795,3442
pe,26255,VICÊNCIA,10932,4723
pe,26271,VITÓRIA DE SANTO ANTÃO,42608,31301
pe,26298,CAMARAGIBE,49546,40652
pe,26310,ABREU E LIMA,36019,24961
pe,26336,ITAPISSUMA,10171,3489
pe,30015,FERNANDO DE NORONHA,748,783
pi,10006,BRASILEIRA,4331,705
pi,10014,AGRICOLÂNDIA,2963,623
pi,10022,ALEGRETE DO PIAUÍ,2687,498
pi,10030,ÁGUA BRANCA,7942,2799
pi,10049,BAIXA GRANDE DO RIBEIRO,5007,1605
pi,10057,ALTO LONGÁ,7351,1445
pi,10065,BOM PRINCÍPIO DO PIAUÍ,3544,825
pi,10073,ALTOS,20732,4338
pi,10081,BONFIM DO PIAUÍ,3241,179
pi,10090,AMARANTE,9036,1419
pi,10103,BURITI DOS MONTES,4006,472
pi,10111,ANGICAL DO PIAUÍ,3734,869
pi,10120,CABECEIRAS DO PIAUÍ,5733,688
pi,10138,ANÍSIO DE ABREU,4455,605
pi,10146,CALDEIRÃO GRANDE DO PIAUÍ,3143,507
pi,10154,ANTÔNIO ALMEIDA,1389,586
pi,10162,CANAVIEIRA,1747,304
pi,10170,AROAZES,3330,436
pi,10189,COIVARAS,2844,759
pi,10197,ARRAIAL,2533,308
pi,10200,COLÔNIA DO GURGUÉIA,2973,585
pi,10219,AVELINO LOPES,5444,1169
pi,10227,COLÔNIA DO PIAUÍ,3994,453
pi,10235,BARRAS,20081,5265
pi,10243,CORONEL JOSÉ DIAS,3312,209
pi,10251,BARREIRAS DO PIAUÍ,1557,378
pi,10260,FARTURA DO PIAUÍ,2978,166
pi,10278,BARRO DURO,3184,987
pi,10286,JACOBINA DO PIAUÍ,3386,340
pi,10294,BATALHA,11595,3441
pi,10308,JARDIM DO MULATO,2460,446
pi,10316,BENEDITINOS,5941,957
pi,10324,LAGOA ALEGRE,5020,668
pi,10332,BERTOLÍNIA,2743,634
pi,10340,LAGOA DO BARRO DO PIAUÍ,2920,273
pi,10359,BOCAINA,3143,772
pi,10367,MARCOLÂNDIA,4325,1100
pi,10375,BOM JESUS,9266,3864
pi,10383,PATOS DO PIAUÍ,3353,502
pi,10391,BURITI DOS LOPES,9979,2191
pi,10405,PASSAGEM FRANCA DO PIAUÍ,2216,474
pi,10413,CAMPINAS DO PIAUÍ,3405,250
pi,10421,QUEIMADA NOVA,4673,471
pi,10430,CAMPO MAIOR,19618,6730
pi,10448,SANTA CRUZ DOS MILAGRES,2001,305
pi,10456,CANTO DO BURITI,8607,2080
pi,10464,SANTA ROSA DO PIAUÍ,2269,872
pi,10472,CAPITÃO DE CAMPOS,5947,959
pi,10480,SANTANA DO PIAUÍ,2618,391
pi,10499,CARACOL,5192,685
pi,10502,SÃO BRAZ DO PIAUÍ,2720,160
pi,10510,CASTELO DO PIAUÍ,8423,2452
pi,10529,SÃO JOSÉ DO DIVINO,3124,546
pi,10537,COCAL,11960,2894
pi,10545,SIGEFREDO PACHECO,5200,830
pi,10553,CONCEIÇÃO DO CANINDÉ,2776,368
pi,10561,SÃO LOURENÇO DO PIAUÍ,3233,274
pi,10570,CORRENTE,10628,3426
pi,10588,VÁRZEA BRANCA,2875,266
pi,10596,CRISTALÂNDIA DO PIAUÍ,3196,561
pi,10600,BARRA D ALCÂNTARA,2042,297
pi,10618,CRISTINO CASTRO,4411,908
pi,10626,BELA VISTA DO PIAUÍ,2607,155
pi,10634,CURIMATÁ,4983,968
pi,10642,BREJO DO PIAUÍ,2508,235
pi,10650,DEMERVAL LOBÃO,6833,1807
pi,10669,BOA HORA,3642,630
pi,10677,DOM EXPEDITO LOPES,3949,795
pi,10685,DOM INOCÊNCIO,4696,439
pi,10693,ELESBÃO VELOSO,7653,1120
pi,10707,CAPITÃO GERVÁSIO OLIVEIRA,2667,121
pi,10715,ELISEU MARTINS,1974,584
pi,10723,CAMPO GRANDE DO PIAUÍ,3402,344
pi,10731,ESPERANTINA,15553,5532
pi,10740,CAMPO LARGO DO PIAUÍ,2870,589
pi,10758,FLORES DO PIAUÍ,2475,394
pi,10766,CURRAIS,3284,490
pi,10774,FLORIANO,24011,8059
pi,10782,GEMINIANO,3879,586
pi,10790,FRANCINÓPOLIS,2558,333
pi,10804,GUARIBAS,2879,59
pi,10812,FRANCISCO AYRES,2493,402
pi,10820,ILHA GRANDE,4885,1067
pi,10839,FRANCISCO SANTOS,4242,907
pi,10847,JUREMA,3034,421
pi,10855,FRONTEIRAS,5603,1121
pi,10863,LAGOA DE SÃO FRANCISCO,3379,414
pi,10871,GILBUÉS,4538,858
pi,10880,MORRO CABEÇA NO TEMPO,2256,213
pi,10898,GUADALUPE,4730,1094
pi,10901,NOVO SANTO ANTÔNIO,2511,338
pi,10910,HUGO NAPOLEÃO,2204,509
pi,10928,NOSSA SENHORA DE NAZARÉ,3388,437
pi,10936,INHUMA,7387,1389
pi,10944,PAQUETÁ,2565,318
pi,10952,IPIRANGA DO PIAUÍ,4837,568
pi,10960,NOVA SANTA RITA,2685,180
pi,10979,ISAÍAS COELHO,4246,278
pi,10987,SÃO JOÃO DO ARRAIAL,3666,1447
pi,10995,ITAINÓPOLIS,6014,947
pi,11010,ITAUEIRA,4986,1172
pi,11037,JAICÓS,8220,1221
pi,11053,JERUMENHA,2628,507
pi,11070,JOAQUIM PIRES,6557,1760
pi,11088,SÃO JOÃO DA CANABRAVA,2868,383
pi,11096,JOSÉ DE FREITAS,21909,3335
pi,11118,LANDRI SALES,2604,443
pi,11134,LUIS CORREIA,14659,3376
pi,11150,LUZILÂNDIA,10839,2966
pi,11177,MANOEL EMÍDIO,2687,508
pi,11193,MARCOS PARENTE,1965,730
pi,11215,MATIAS OLÍMPIO,4836,1081
pi,11231,MIGUEL ALVES,14530,2649
pi,11258,MIGUEL LEÃO,731,278
pi,11274,MONSENHOR GIL,6058,1303
pi,11290,MONSENHOR HIPÓLITO,4190,757
pi,11312,MONTE ALEGRE DO PIAUÍ,5063,847
pi,11339,NAZARÉ DO PIAUÍ,4042,387
pi,11355,NOSSA SENHORA DOS REMÉDIOS,4597,1073
pi,11371,NOVO ORIENTE DO PIAUÍ,3389,356
pi,11398,OEIRAS,17087,3464
pi,11410,DOMINGOS MOURÃO,2255,316
pi,11436,PADRE MARCOS,3766,561
pi,11452,PAES LANDIM,1944,717
pi,11479,PALMEIRA DO PIAUÍ,2565,568
pi,11495,PALMEIRAIS,7351,1145
pi,11517,PARNAGUÁ,4537,610
pi,11533,PARNAÍBA,49323,29587
pi,11550,PAULISTANA,10068,1585
pi,11576,PEDRO II,17051,4697
pi,11592,PICOS,30013,10143
pi,11614,PIMENTEIRAS,5179,1228
pi,11630,PIO IX,9309,1132
pi,11657,PIRACURUCA,13153,3782
pi,11673,PIRIPIRI,26562,8628
pi,11690,PORTO,5140,752
pi,11711,PRATA DO PIAUÍ,1964,244
pi,11738,REDENÇÃO DO GURGUÉIA,3568,945
pi,11754,REGENERAÇÃO,8554,1126
pi,11770,RIBEIRO GONÇALVES,2582,903
pi,11797,RIO GRANDE DO PIAUÍ,3275,449
pi,11819,SANTA CRUZ DO PIAUÍ,3505,655
pi,11835,SANTA FILOMENA,2753,663
pi,11851,SANTA LUZ,2620,771
pi,11878,SANTO ANTÔNIO DE LISBOA,3375,598
pi,11894,SANTO INÁCIO DO PIAUÍ,2034,398
pi,11916,SÃO FÉLIX DO PIAUÍ,1828,520
pi,11932,SÃO FRANCISCO DO PIAUÍ,2838,1182
pi,11959,SÃO GONÇALO DO PIAUÍ,2435,823
pi,11975,SÃO JOÃO DA SERRA,3637,794
pi,11991,SÃO JOÃO DO PIAUÍ,9233,1805
pi,12009,SÃO JOÃO DA FRONTEIRA,2919,441
pi,12017,SÃO JOSÉ DO PEIXE,1895,280
pi,12025,SÃO JOÃO DA VARJOTA,2605,263
pi,12033,SÃO JOSÉ DO PIAUÍ,3693,612
pi,12041,SEBASTIÃO BARROS,2433,411
pi,12050,SÃO JULIÃO,2871,1098
pi,12068,SEBASTIÃO LEAL,1972,890
pi,12076,SÃO MIGUEL DO TAPUIO,9062,1340
pi,12084,ALVORADA DO GURGUÉIA,2572,379
pi,12092,SÃO PEDRO DO PIAUÍ,6130,1681
pi,12106,ASSUNÇÃO DO PIAUÍ,4053,528
pi,12114,SÃO RAIMUNDO NONATO,15701,2518
pi,12122,BETÂNIA DO PIAUÍ,3696,275
pi,12130,SIMÕES,7179,1089
pi,12149,BOQUEIRÃO DO PIAUÍ,3346,413
pi,12157,SIMPLÍCIO MENDES,5844,1048
pi,12165,CARIDADE DO PIAUÍ,2911,384
pi,12173,SOCORRO DO PIAUÍ,2362,441
pi,12181,CURRAL NOVO DO PIAUÍ,2907,220
pi,12190,TERESINA,273796,162652
pi,12203,JÚLIO BORGES,2832,360
pi,12211,UNIÃO,21387,5457
pi,12220,LAGOA DO SÍTIO,2586,345
pi,12238,URUÇUÍ,8495,3572
pi,12246,MILTON BRANDÃO,3241,936
pi,12254,VALENÇA DO PIAUÍ,9302,2399
pi,12262,PAJEÚ DO PIAUÍ,1870,362
pi,12270,VÁRZEA GRANDE,2180,439
pi,12289,PAVUSSU,2462,176
pi,12297,DIRCEU ARCOVERDE,3935,305
pi,12300,RIACHO FRIO,2586,315
pi,12319,ALAGOINHA DO PIAUÍ,3735,924
pi,12327,ACAUÃ,4196,428
pi,12335,BELÉM DO PIAUÍ,1970,235
pi,12343,CAJAZEIRAS DO PIAUÍ,2026,241
pi,12351,CAMPO ALEGRE DO FIDALGO,3034,233
pi,12360,COCAL DE TELHA,2836,245
pi,12378,FRANCISCO MACEDO,1748,223
pi,12386,JOÃO COSTA,2156,188
pi,12394,JATOBÁ DO PIAUÍ,3677,562
pi,12408,JOCA MARQUES,2861,399
pi,12416,JUAZEIRO DO PIAUÍ,3179,654
pi,12424,LAGOA DO PIAUÍ,2571,624
pi,12432,LAGOINHA DO PIAUÍ,1680,279
pi,12440,MADEIRO,3872,564
pi,12459,MORRO DO CHAPÉU DO PIAUÍ,3108,599
pi,12467,MASSAPÊ DO PIAUÍ,3833,259
pi,12475,MURICI DOS PORTELAS,3534,658
pi,12483,OLHO D ÁGUA DO PIAUÍ,1467,278
pi,12491,PEDRO LAURENTINO,1629,284
pi,12505,SÃO FRANCISCO DE ASSIS DO PIAUÍ,2846,513
pi,12513,SUSSUAPARA,4164,758
pi,12521,TANQUE DO PIAUÍ,1448,253
pi,12530,TAMBORIL DO PIAUÍ,1655,226
pi,12548,VILA NOVA DO PIAUÍ,1810,346
pi,12556,VERA MENDES,2243,187
pi,12564,WALL FERRAZ,2284,547
pi,12572,CAJUEIRO DA PRAIA,4107,813
pi,12580,CURRALINHOS,2777,408
pi,12599,PORTO ALEGRE DO PIAUÍ,1114,254
pi,12602,RIBEIRA DO PIAUÍ,2315,187
pi,12610,SÃO GONÇALO DO GURGUÉIA,1224,304
pi,12629,SÃO LUIS DO PIAUÍ,1603,205
pi,12637,FLORESTA DO PIAUÍ,1576,158
pi,12653,SANTO ANTÔNIO DOS MILAGRES,1140,176
pi,12661,SÃO MIGUEL DA BAIXA GRANDE,1263,400
pi,12670,CARAÚBAS DO PIAUÍ,2723,758
pi,12688,CAXINGÓ,3266,569
pi,12696,COCAL DOS ALVES,3579,364
pi,12700,SÃO MIGUEL DO FIDALGO,1678,157
pi,12718,PAU D ARCO DO PIAUÍ,2971,488
pi,12726,NAZÁRIA,6494,1485
pi,12734,AROEIRAS DO ITAIM,2414,393
pr,74004,GODOY MOREIRA,1240,814
pr,74012,ABATIÁ,1767,2746
pr,74020,IBEMA,1687,1828
pr,74039,ADRIANÓPOLIS,2251,1456
pr,74047,LINDOESTE,2157,1460
pr,74055,AGUDOS DO SUL,1770,3692
pr,74063,OURO VERDE DO OESTE,1288,2331
pr,74071,ALMIRANTE TAMANDARÉ,17171,35436
pr,74080,SANTA TEREZA DO OESTE,2665,4134
pr,74098,ALTO PARANÁ,2899,4467
pr,74101,ANAHY,878,1085
pr,74110,ALTO PIQUIRI,2773,2808
pr,74128,ÂNGULO,578,1378
pr,74136,ALVORADA DO SUL,2019,3323
pr,74144,BOA ESPERANÇA DO IGUAÇU,1227,584
pr,74152,AMAPORÃ,1538,1474
pr,74160,BOM SUCESSO DO SUL,899,1450
pr,74179,AMPÉRE,5949,4777
pr,74187,BRASILÂNDIA DO SUL,1155,1085
pr,74195,ANDIRÁ,4168,7969
pr,74209,CAFEZAL DO SUL,1057,1841
pr,74217,ANTONINA,3150,7761
pr,74225,CANDÓI,5171,3478
pr,74233,ANTONIO OLINTO,2237,2672
pr,74241,CRUZEIRO DO IGUAÇU,1537,1142
pr,74250,APUCARANA,15607,54081
pr,74268,DIAMANTE DO SUL,1165,1008
pr,74276,ARAPONGAS,10333,51988
pr,74284,ENTRE RIOS DO OESTE,635,2062
pr,74292,ARAPOTI,3693,10621
pr,74306,FAROL,967,1176
pr,74314,ARARUNA,2773,5162
pr,74322,FAZENDA RIO GRANDE,16536,36168
pr,74330,MARILÂNDIA DO SUL,1628,3732
pr,74349,FLOR DA SERRA DO SUL,2021,1527
pr,74357,ARAUCÁRIA,25283,47434
pr,74365,HONÓRIO SERPA,2054,1243
pr,74373,ASSAÍ,2373,7092
pr,74381,IGUATU,752,818
pr,74390,ASTORGA,3446,11831
pr,74403,IRACEMA DO OESTE,796,924
pr,74411,ATALAIA,962,1760
pr,74420,NOVO ITACOLOMI,673,1359
pr,74438,BALSA NOVA,2615,6070
pr,74446,ITAPERUÇU,9341,6114
pr,74454,BANDEIRANTES,4626,14638
pr,74462,IVATÉ,1773,2493
pr,74470,BARBOSA FERRAZ,2641,3707
pr,74489,LIDIANÓPOLIS,936,1547
pr,74497,BARRACÃO,2520,3045
pr,74500,MARIPÁ,728,3401
pr,74519,BARRA DO JACARÉ,825,1075
pr,74527,MATO RICO,1491,801
pr,74535,BELA VISTA DO PARAÍSO,3170,6183
pr,74543,MAUÁ DA SERRA,2081,3400
pr,74551,BITURUNA,5242,4087
pr,74560,MERCEDES,629,3119
pr,74578,BOA ESPERANÇA,757,2192
pr,74586,NOVA LARANJEIRAS,3741,2340
pr,74594,BOCAIÚVA DO SUL,2543,4202
pr,74608,NOVA SANTA BÁRBARA,1259,1340
pr,74616,BOM SUCESSO,1714,2210
pr,74624,PATO BRAGADO,724,2672
pr,74632,BORRAZÓPOLIS,1776,2981
pr,74640,PINHAL DE SÃO BENTO,1296,541
pr,74659,CAFEARA,955,700
pr,74667,PITANGUEIRAS,536,1423
pr,74675,CALIFÓRNIA,1584,3655
pr,74683,QUATRO PONTES,404,2509
pr,74691,CAMBARÁ,4007,9536
pr,74705,RAMILÂNDIA,1310,1139
pr,74713,CAMBÉ,12795,41798
pr,74721,RANCHO ALEGRE D OESTE,762,1066
pr,74730,CAMBIRA,1390,3169
pr,74748,RIO BONITO DO IGUAÇU,6412,2190
pr,74756,CAMPINA DA LAGOA,3428,5390
pr,74764,SANTA LÚCIA,1050,1382
pr,74772,CAMPINA GRANDE DO SUL,7447,16458
pr,74780,CAMPO BONITO,1519,1247
pr,74799,CAMPO DO TENENTE,1619,3031
pr,74802,SANTA MARIA DO OESTE,3712,2156
pr,74810,CAMPO LARGO,17806,49168
pr,74829,SANTA MÔNICA,1055,977
pr,74837,CAMPO MOURÃO,16510,34383
pr,74845,SÃO MANOEL DO PARANÁ,437,1025
pr,74853,CÂNDIDO DE ABREU,4202,4674
pr,74861,SÃO PEDRO DO IGUAÇU,1533,2398
pr,74870,CAPANEMA,5601,5744
pr,74888,TUNAS DO PARANÁ,1765,1931
pr,74896,CAPITÃO LEÔNIDAS MARQUES,3775,4778
pr,74900,VENTANIA,2699,2685
pr,74918,CARLÓPOLIS,2595,5949
pr,74926,ALTO PARAÍSO,869,1208
pr,74934,CASCAVEL,52446,119866
pr,74942,DOUTOR ULYSSES,1823,1532
pr,74950,CASTRO,13169,27181
pr,74969,VIRMOND,1354,1316
pr,74977,CATANDUVAS,2062,2918
pr,74985,LARANJAL,2343,1087
pr,74993,CENTENÁRIO DO SUL,3658,2884
pr,75000,ITAIPULÂNDIA,2696,4070
pr,75019,CERRO AZUL,5283,4167
pr,75027,NOVA ESPERANÇA DO SUDOESTE,2290,1474
pr,75035,CHOPINZINHO,5633,6945
pr,75043,PINHAIS,17893,49224
pr,75051,CIANORTE,9029,34002
pr,75060,SAUDADE DO IGUAÇU,1972,1605
pr,75078,CIDADE GAÚCHA,2456,4059
pr,75086,ARIRANHA DO IVAÍ,1016,679
pr,75094,CLEVELÂNDIA,4941,4771
pr,75108,ARAPUÃ,1331,1150
pr,75116,MANGUEIRINHA,5591,4605
pr,75124,BELA VISTA DA CAROBA,1481,880
pr,75132,COLOMBO,32853,78718
pr,75140,BOA VENTURA DE SÃO ROQUE,2486,1322
pr,75159,COLORADO,5633,7261
pr,75167,BOM JESUS DO SUL,1686,1079
pr,75175,CONGONHINHAS,2730,2281
pr,75183,CAMPINA DO SIMÃO,1704,929
pr,75191,CONSELHEIRO MAIRINCK,866,1298
pr,75205,CAMPO MAGRO,5182,9319
pr,75213,CONTENDA,3270,6493
pr,75221,CARAMBEÍ,3056,9634
pr,75230,CORBÉLIA,3322,7252
pr,75248,CORONEL DOMINGOS SOARES,2483,1295
pr,75256,CORNÉLIO PROCÓPIO,7513,19513
pr,75264,CRUZMALTINA,733,1293
pr,75272,CORONEL VIVIDA,6499,7127
pr,75280,CORUMBATAÍ DO SUL,1308,1221
pr,75299,CRUZEIRO DO OESTE,3852,8283
pr,75302,ESPERANÇA NOVA,422,1010
pr,75310,CRUZEIRO DO SUL,1681,1434
pr,75329,ESPIGÃO ALTO DO IGUAÇU,1209,1886
pr,75337,CRUZ MACHADO,4364,6305
pr,75345,FERNANDES PINHEIRO,2056,2104
pr,75353,CURITIBA,241015,786377
pr,75361,FOZ DO JORDÃO,1877,1071
pr,75370,CURIÚVA,3171,4394
pr,75388,GOIOXIM,2867,1145
pr,75396,DIAMANTE DO NORTE,1245,1939
pr,75400,DIAMANTE D OESTE,1647,1105
pr,75418,DOIS VIZINHOS,10951,12353
pr,75426,GUAMIRANGA,2166,3051
pr,75434,DOUTOR CAMARGO,1118,2575
pr,75442,IMBAÚ,2841,3323
pr,75450,ENÉAS MARQUES,2308,1715
pr,75469,MANFRINÓPOLIS,1458,647
pr,75477,ENGENHEIRO BELTRÃO,2622,5050
pr,75485,MARQUINHO,1802,1062
pr,75493,FAXINAL,2448,6431
pr,75507,PEROBAL,1182,2862
pr,75515,FÊNIX,1250,1544
pr,75523,PONTAL DO PARANÁ,4057,8638
pr,75531,FLORAÍ,1206,2256
pr,75540,PORTO BARREIRO,1412,979
pr,75558,FLORESTA,1307,3163
pr,75566,PRADO FERREIRA,1110,1291
pr,75574,FLORESTÓPOLIS,3554,3760
pr,75582,QUARTO CENTENÁRIO,1140,1627
pr,75590,FLÓRIDA,756,996
pr,75604,RESERVA DO IGUAÇU,2531,1445
pr,75612,FORMOSA DO OESTE,1431,3139
pr,75620,RIO BRANCO DO IVAÍ,1125,1167
pr,75639,FOZ DO IGUAÇU,42061,99545
pr,75647,SERRANÓPOLIS DO IGUAÇU,948,2427
pr,75655,FRANCISCO BELTRÃO,21869,28034
pr,75663,TAMARANA,2499,3403
pr,75671,GENERAL CARNEIRO,3604,3007
pr,75698,GOIOERÊ,4990,10777
pr,75710,GUAÍRA,4847,12156
pr,75736,GUAIRAÇÁ,1470,2267
pr,75744,ROSÁRIO DO IVAÍ,1380,2014
pr,75752,GUAPIRAMA,1055,1621
pr,75760,NOVA TEBAS,2829,1597
pr,75779,GUAPOREMA,505,860
pr,75787,SULINA,1160,1063
pr,75795,GUARACI,1084,2310
pr,75809,LUIZIANA,2129,2159
pr,75817,GUARANIAÇU,3245,5261
pr,75833,GUARAPUAVA,42173,56654
pr,75850,GUARAQUEÇABA,2245,2380
pr,75876,GUARATUBA,4476,13921
pr,75892,IBAITI,4979,10688
pr,75914,IBIPORÃ,7070,21838
pr,75930,ICARAÍMA,1692,3531
pr,75957,IGUARAÇU,838,1858
pr,75973,IMBITUVA,6511,11576
pr,75990,INÁCIO MARTINS,3686,2682
pr,76015,INAJÁ,1027,837
pr,76031,IPIRANGA,2713,6044
pr,76058,IPORÃ,2771,6173
pr,76074,IRATI,12333,23159
pr,76090,IRETAMA,3048,2774
pr,76112,ITAGUAJÉ,1205,1291
pr,76139,ITAMBARACÁ,1218,2468
pr,76155,ITAMBÉ,1267,2458
pr,76171,ITAPEJARA D OESTE,3782,3223
pr,76198,ITAÚNA DO SUL,1250,760
pr,76210,IVAÍ,3207,5237
pr,76236,IVAIPORÃ,6656,11074
pr,76252,IVATUBA,617,1116
pr,76279,JABOTI,982,2067
pr,76295,JACAREZINHO,9519,13102
pr,76317,JAGUAPITÃ,2194,5490
pr,76333,JAGUARIAÍVA,5092,14567
pr,76350,JANDAIA DO SUL,3041,9550
pr,76376,JANIÓPOLIS,1738,1965
pr,76392,JAPIRA,1113,1679
pr,76414,JAPURÁ,1401,4115
pr,76430,JARDIM ALEGRE,2867,3741
pr,76457,JARDIM OLINDA,670,323
pr,76473,JATAIZINHO,2446,4829
pr,76490,JOAQUIM TÁVORA,2076,4570
pr,76511,JUNDIAÍ DO SUL,1021,960
pr,76538,JUSSARA,1501,2535
pr,76554,KALORÉ,995,1838
pr,76570,LAPA,8862,18887
pr,76597,LARANJEIRAS DO SUL,10413,8374
pr,76619,LEÓPOLIS,1171,1441
pr,76635,LOANDA,3756,7792
pr,76651,LOBATO,1095,1668
pr,76678,LONDRINA,56111,230473
pr,76694,LUPIONÓPOLIS,1621,1353
pr,76716,MALLET,2659,5435
pr,76732,MAMBORÊ,2713,5836
pr,76759,MANDAGUAÇU,4043,8585
pr,76775,MANDAGUARI,5537,15126
pr,76791,MANDIRITUBA,5156,8514
pr,76813,MANOEL RIBAS,2803,5362
pr,76830,MARECHAL CÂNDIDO RONDON,6664,23281
pr,76856,MARIA HELENA,1574,2045
pr,76872,MARIALVA,5542,15615
pr,76899,MARILUZ,2741,3164
pr,76910,MARINGÁ,50271,157818
pr,76937,MARIÓPOLIS,1779,2341
pr,76953,MARMELEIRO,4623,4351
pr,76970,MARUMBI,1260,1640
pr,76996,MATELÂNDIA,1955,7803
pr,77011,MEDIANEIRA,7803,18930
pr,77038,MIRADOR,821,650
pr,77054,MIRASELVA,603,804
pr,77070,MOREIRA SALES,2654,4544
pr,77097,MORRETES,3210,6441
pr,77119,MUNHOZ DE MELO,974,1599
pr,77135,NOSSA SENHORA DAS GRAÇAS,1248,1030
pr,77151,NOVA ALIANÇA DO IVAÍ,487,570
pr,77178,NOVA AMÉRICA DA COLINA,1039,1264
pr,77194,NOVA CANTU,2565,1831
pr,77216,NOVA ESPERANÇA,4455,10236
pr,77232,NOVA FÁTIMA,1579,2738
pr,77259,NOVA LONDRINA,2699,4017
pr,77275,ORTIGUEIRA,7725,5510
pr,77291,OURIZONA,1082,1090
pr,77313,PAIÇANDU,7320,12934
pr,77330,PALMAS,12589,10803
pr,77356,PALMEIRA,5546,14898
pr,77372,PALMITAL,4712,3385
pr,77399,PALOTINA,4204,14145
pr,77410,PARAÍSO DO NORTE,2725,4320
pr,77437,PARANACITY,2788,2917
pr,77453,PARANAGUÁ,19052,59529
pr,77470,PARANAPOEMA,909,730
pr,77496,PARANAVAÍ,12793,34585
pr,77518,PATO BRANCO,16395,30191
pr,77534,PAULA FREITAS,1285,2196
pr,77550,PAULO FRONTIN,1659,2784
pr,77577,PEABIRU,2801,4597
pr,77593,PÉROLA D OESTE,1851,2250
pr,77615,PIÊN,1659,6212
pr,77631,PINHALÃO,1575,2479
pr,77658,PINHÃO,10627,6972
pr,77674,PIRAÍ DO SUL,4827,9417
pr,77690,PIRAQUARA,16251,31538
pr,77712,PITANGA,10180,8811
pr,77739,PLANALTINA DO PARANÁ,1372,1204
pr,77755,PLANALTO,4230,3636
pr,77771,PONTA GROSSA,49049,137776
pr,77798,PORECATU,3090,4267
pr,77810,PORTO AMAZONAS,785,1939
pr,77836,PORTO RICO,702,1071
pr,77852,PORTO VITÓRIA,893,1425
pr,77879,PRESIDENTE CASTELO BRANCO,1343,1556
pr,77895,PRIMEIRO DE MAIO,1986,4495
pr,77917,PRUDENTÓPOLIS,7999,21933
pr,77933,QUATIGUÁ,1361,3583
pr,77950,QUATRO BARRAS,2824,9011
pr,77976,QUERÊNCIA DO NORTE,3526,2754
pr,77992,QUINTA DO SOL,1431,1681
pr,78018,QUITANDINHA,3015,7565
pr,78034,RANCHO ALEGRE,809,1572
pr,78050,REALEZA,4252,6135
pr,78077,REBOUÇAS,4239,4943
pr,78093,RENASCENÇA,2216,1894
pr,78115,RESERVA,6896,8161
pr,78131,RIBEIRÃO CLARO,2641,4418
pr,78158,RIBEIRÃO DO PINHAL,3963,3769
pr,78174,RIO AZUL,3033,5650
pr,78190,RIO BOM,775,1387
pr,78212,RIO BRANCO DO SUL,9451,10317
pr,78239,RIO NEGRO,3757,14557
pr,78255,ROLÂNDIA,8017,28551
pr,78271,RONCADOR,3772,2902
pr,78298,RONDON,1737,3779
pr,78310,SABÁUDIA,887,3603
pr,78336,SALGADO FILHO,1493,1343
pr,78352,SALTO DO ITARARÉ,1369,1671
pr,78379,SALTO DO LONTRA,5482,3112
pr,78395,SANTA AMÉLIA,997,1357
pr,78417,SANTA CECÍLIA DO PAVÃO,902,1380
pr,78433,SANTA CRUZ DE MONTE CASTELO,2311,2789
pr,78450,SANTA FÉ,2037,4732
pr,78476,SANTA INÊS,631,641
pr,78492,SANTA ISABEL DO IVAÍ,1616,3633
pr,78514,SANTA IZABEL DO OESTE,3335,3344
pr,78530,SANTA MARIANA,3002,4018
pr,78557,SANTANA DO ITARARÉ,1438,1841
pr,78573,SANTO ANTÔNIO DO SUDOESTE,6045,5256
pr,78590,SANTO ANTÔNIO DA PLATINA,7285,16873
pr,78611,SANTO ANTONIO DO CAIUÁ,932,776
pr,78638,SANTO ANTÔNIO DO PARAÍSO,660,947
pr,78654,SANTO INÁCIO,1651,1809
pr,78670,SÃO CARLOS DO IVAÍ,1284,2546
pr,78697,SÃO JERÔNIMO DA SERRA,3389,2596
pr,78719,SÃO JOÃO,3120,3935
pr,78735,SÃO JOÃO DO CAIUÁ,1850,1540
pr,78751,SÃO JOÃO DO IVAÍ,3258,3599
pr,78778,SÃO JOÃO DO TRIUNFO,5174,3714
pr,78794,SÃO JORGE DO IVAÍ,1160,2409
pr,78816,SÃO JORGE D OESTE,2975,3283
pr,78832,SÃO JOSÉ DA BOA VISTA,931,2580
pr,78859,SÃO JOSÉ DOS PINHAIS,35813,111865
pr,78875,SÃO MATEUS DO SUL,10658,14918
pr,78891,SÃO MIGUEL DO IGUAÇU,5832,10243
pr,78913,SÃO PEDRO DO IVAÍ,1960,3630
pr,78930,SÃO PEDRO DO PARANÁ,577,1228
pr,78956,SÃO SEBASTIÃO DA AMOREIRA,2483,2707
pr,78972,SÃO TOMÉ,1041,2426
pr,78999,SAPOPEMA,1901,1906
pr,79014,SENGÉS,3444,6812
pr,79030,SERTANEJA,1303,2404
pr,79057,SERTANÓPOLIS,2210,7786
pr,79073,SIQUEIRA CAMPOS,4439,7000
pr,79090,TAMBOARA,1098,1902
pr,79111,TAPEJARA,2642,5866
pr,79138,TEIXEIRA SOARES,2475,3431
pr,79154,TELÊMACO BORBA,11740,26848
pr,79170,TERRA BOA,2433,7304
pr,79197,TERRA RICA,2839,5989
pr,79219,TERRA ROXA,2784,7616
pr,79235,TIBAGI,5041,5755
pr,79251,TIJUCAS DO SUL,3534,5129
pr,79278,TOLEDO,21097,55323
pr,79294,TOMAZINA,1745,3090
pr,79316,TUNEIRAS DO OESTE,1790,3301
pr,79332,UBIRATÃ,4473,9343
pr,79359,UMUARAMA,14381,46489
pr,79375,UNIÃO DA VITÓRIA,9105,20508
pr,79391,UNIFLOR,757,893
pr,79413,URAÍ,2306,4180
pr,79430,WENCESLAU BRAZ,2959,7898
pr,79456,VERÊ,3030,2378
pr,79472,VITORINO,1406,2660
pr,79499,XAMBRÊ,1587,2461
pr,79510,ALTÔNIA,3301,8130
pr,79537,ASSIS CHATEAUBRIAND,6424,13142
pr,79553,QUEDAS DO IGUAÇU,6250,10306
pr,79570,CÉU AZUL,1497,5178
pr,79596,GRANDES RIOS,1167,2393
pr,79618,INDIANÓPOLIS,903,1963
pr,79634,MATINHOS,6124,13045
pr,79650,NOVA AURORA,2494,4863
pr,79677,NOVA OLÍMPIA,1270,2366
pr,79693,PÉROLA,2259,4694
pr,79715,SANTA HELENA,6053,9295
pr,79731,TAPIRA,1463,2017
pr,79758,MARILENA,2268,1877
pr,79774,FRANCISCO ALVES,1473,2920
pr,79790,NOVA SANTA ROSA,725,4743
pr,79812,BOA VISTA DA APARECIDA,2348,2453
pr,79839,BRAGANEY,1535,1831
pr,79855,CAFELÂNDIA,2793,6528
pr,79871,TRÊS BARRAS DO PARANÁ,2958,3889
pr,79898,VERA CRUZ DO OESTE,1792,3299
pr,79910,PRANCHITA,1607,2162
pr,79936,TUPÃSSI,1269,3559
pr,79952,NOVA PRATA DO IGUAÇU,3678,3014
pr,79979,JESUÍTAS,1951,3464
pr,79995,SÃO JORGE DO PATROCÍNIO,1485,2555
pr,84514,CANTAGALO,4127,2681
pr,84530,TURVO,5298,3651
pr,84557,ALTAMIRA DO PARANÁ,1288,1174
pr,84573,FIGUEIRA,2275,2581
pr,84590,LUNARDELLI,1384,1773
pr,84611,SARANDI,17398,28697
pr,84638,JURANDA,1579,3072
pr,84654,DOURADINA,1875,3394
pr,84670,SANTA TEREZINHA DE ITAIPU,3378,10067
pr,84697,MISSAL,2351,4714
pr,84719,SÃO JOSÉ DAS PALMEIRAS,1248,1273
rj,58009,QUISSAMÃ,4752,6250
rj,58017,ANGRA DOS REIS,21829,63148
rj,58025,QUATIS,2806,4426
rj,58033,ARARUAMA,13961,47767
rj,58041,BELFORD ROXO,69174,153078
rj,58050,BARRA DO PIRAÍ,16806,30218
rj,58068,CARDOSO MOREIRA,2511,4894
rj,58076,BARRA MANSA,31110,62358
rj,58084,VARRE-SAI,1764,3490
rj,58092,BOM JARDIM,4304,9457
rj,58106,GUAPIMIRIM,8525,17709
rj,58114,BOM JESUS DO ITABAPOANA,6634,12540
rj,58122,QUEIMADOS,17884,38830
rj,58130,CABO FRIO,23520,74772
rj,58149,JAPERI,16143,32013
rj,58157,CACHOEIRAS DE MACACU,9565,20042
rj,58165,COMENDADOR LEVY GASPARIAN,2692,2609
rj,58173,CAMBUCI,3299,4917
rj,58181,APERIBÉ,1794,4925
rj,58190,CAMPOS DOS GOYTACAZES,79838,147437
rj,58203,RIO DAS OSTRAS,14202,41487
rj,58211,CANTAGALO,3332,6886
rj,58220,AREAL,2090,4434
rj,58238,CARMO,4536,5185
rj,58246,PINHEIRAL,5410,6759
rj,58254,CASIMIRO DE ABREU,5101,15731
rj,58262,IGUABA GRANDE,3300,12008
rj,58270,CONCEIÇÃO DE MACABU,4246,6552
rj,58289,SÃO FRANCISCO DE ITABAPOANA,6269,15425
rj,58297,CORDEIRO,3478,7339
rj,58300,CARAPEBUS,2635,5059
rj,58319,DUAS BARRAS,2528,3871
rj,58327,PORTO REAL,3931,7836
rj,58335,DUQUE DE CAXIAS,136240,300227
rj,58343,SÃO JOSÉ DE UBÁ,1492,3664
rj,58351,ENGENHEIRO PAULO DE FRONTIN,2713,4670
rj,58360,TANGUÁ,5901,10803
rj,58378,ITABORAÍ,38886,75544
rj,58386,MACUCO,1815,2881
rj,58394,ITAGUAÍ,15406,46148
rj,58408,ARMAÇÃO DOS BÚZIOS,4869,13938
rj,58416,ITAOCARA,3047,10021
rj,58424,SEROPÉDICA,10695,27258
rj,58432,ITAPERUNA,13120,36707
rj,58440,ITATIAIA,5194,11721
rj,58459,LAJE DO MURIAÉ,2840,2486
rj,58467,MESQUITA,26728,67824
rj,58475,MACAÉ,36212,67223
rj,58491,MAGÉ,37416,83510
rj,58513,MANGARATIBA,5796,18723
rj,58530,MARICÁ,28593,47243
rj,58556,MENDES,3677,6396
rj,58572,MIGUEL PEREIRA,4677,10264
rj,58599,MIRACEMA,6033,7970
rj,58610,NATIVIDADE,2941,5233
rj,58637,NILÓPOLIS,26814,68352
rj,58653,NITERÓI,105606,175730
rj,58670,NOVA FRIBURGO,26805,71859
rj,58696,NOVA IGUAÇU,110820,291877
rj,58718,PARACAMBI,7108,16288
rj,58734,PARAÍBA DO SUL,7328,14535
rj,58750,PARATY,5787,13359
rj,58777,PETRÓPOLIS,40665,116947
rj,58793,PIRAÍ,5777,9342
rj,58815,PORCIÚNCULA,3945,4690
rj,58831,RESENDE,16429,47443
rj,58858,RIO BONITO,8303,22743
rj,58874,RIO CLARO,4138,5920
rj,58890,RIO DAS FLORES,2881,2699
rj,58912,SANTA MARIA MADALENA,1894,3272
rj,58939,SANTO ANTÔNIO DE PÁDUA,6298,15663
rj,58955,SÃO FIDÉLIS,4892,14256
rj,58971,SÃO GONÇALO,149075,307577
rj,58998,SÃO JOÃO DA BARRA,8219,14866
rj,59013,SÃO JOÃO DE MERITI,70499,176534
rj,59030,SÃO PEDRO DA ALDEIA,8363,34748
rj,59056,SÃO SEBASTIÃO DO ALTO,1855,2911
rj,59072,SAPUCAIA,3946,6877
rj,59099,SAQUAREMA,9857,31251
rj,59110,SILVA JARDIM,3376,8495
rj,59137,SUMIDOURO,2595,6653
rj,59153,TERESÓPOLIS,17579,66081
rj,59170,TRAJANO DE MORAES,2588,3002
rj,59196,TRÊS RIOS,18369,23461
rj,59218,VALENÇA,15920,20623
rj,59234,VASSOURAS,6904,11972
rj,59250,VOLTA REDONDA,56080,100256
rj,59277,ARRAIAL DO CABO,4751,14047
rj,59293,ITALVA,1951,5559
rj,59315,PATY DO ALFERES,4660,10064
rj,59331,SÃO JOSÉ DO VALE DO RIO PRETO,1656,9305
rj,60011,RIO DE JANEIRO,1105393,2179896
rn,16004,TENENTE LAURENTINO CRUZ,2682,905
rn,16012,ACARI,4000,2282
rn,16020,SERRA DO MEL,4668,2433
rn,16039,ASSÚ,24008,7100
rn,16047,CAIÇARA DO NORTE,2343,1011
rn,16055,AFONSO BEZERRA,4917,1363
rn,16063,SÃO MIGUEL DO GOSTOSO,4137,1545
rn,16071,ÁGUA NOVA,1865,190
rn,16080,ITAJÁ,3653,1034
rn,16098,ALEXANDRIA,6767,1145
rn,16101,BODÓ,1842,365
rn,16110,ALMINO AFONSO,2883,587
rn,16128,TRIUNFO POTIGUAR,2025,707
rn,16136,ALTO DO RODRIGUES,6587,1554
rn,16144,FERNANDO PEDROZA,1523,584
rn,16152,ANGICOS,4434,2328
rn,16160,MAJOR SALES,1946,301
rn,16179,ANTÔNIO MARTINS,3569,598
rn,16187,VENHA-VER,2217,181
rn,16195,APODI,16465,4994
rn,16209,SERRINHA DOS PINTOS,2427,480
rn,16217,AREIA BRANCA,9365,5315
rn,16225,TIBAU,2382,1108
rn,16233,ARÊS,5814,2369
rn,16241,SANTA MARIA,2376,816
rn,16250,CAMPO GRANDE,4427,1464
rn,16268,RIO DO FOGO,3991,2538
rn,16276,BAÍA FORMOSA,3279,1554
rn,16284,PORTO DO MANGUE,2811,571
rn,16292,BARCELONA,2028,1093
rn,16306,JUNDIÁ,1831,864
rn,16314,BENTO FERNANDES,2940,553
rn,16330,BOM JESUS,3855,1755
rn,16357,BREJINHO,4675,2391
rn,16373,CAIÇARA DO RIO DO VENTO,1890,577
rn,16390,CAICÓ,20999,11374
rn,16411,CAMPO REDONDO,4819,810
rn,16438,CANGUARETAMA,13388,3874
rn,16454,CARAÚBAS,10842,2664
rn,16470,CARNAÚBA DOS DANTAS,2061,2071
rn,16497,CARNAUBAIS,5059,1298
rn,16519,CEARÁ-MIRIM,29424,9970
rn,16535,CERRO CORÁ,4835,1328
rn,16551,CORONEL EZEQUIEL,2602,598
rn,16578,CORONEL JOÃO PESSOA,2409,363
rn,16594,CRUZETA,3462,1286
rn,16616,CURRAIS NOVOS,13427,8524
rn,16632,DOUTOR SEVERIANO,3665,491
rn,16659,ENCANTO,2999,410
rn,16675,EQUADOR,2189,1030
rn,16691,ESPÍRITO SANTO,3418,1838
rn,16713,EXTREMOZ,9516,6869
rn,16730,FELIPE GUERRA,4279,888
rn,16756,FLORÂNIA,4238,1414
rn,16772,FRANCISCO DANTAS,1630,381
rn,16799,GALINHOS,970,548
rn,16810,GOIANINHA,9493,5192
rn,16837,GOVERNADOR DIX-SEPT ROSADO,6671,1706
rn,16853,GROSSOS,4160,1833
rn,16870,GUAMARÉ,6397,3681
rn,16896,IELMO MARINHO,5734,1851
rn,16918,IPANGUAÇU,7522,1450
rn,16934,IPUEIRA,1089,353
rn,16950,ITAÚ,2731,691
rn,16977,JAÇANÃ,3216,990
rn,16993,JANDAÍRA,2952,1030
rn,17019,JANDUÍS,2594,455
rn,17035,BOA SAÚDE,3532,1482
rn,17051,JAPI,3356,616
rn,17078,JARDIM DE ANGICOS,1532,356
rn,17094,JARDIM DE PIRANHAS,6572,1265
rn,17116,JARDIM DO SERIDÓ,4553,2648
rn,17132,JOÃO CÂMARA,12980,4793
rn,17159,JOÃO DIAS,1559,305
rn,17175,JOSÉ DA PENHA,3335,407
rn,17191,JUCURUTU,8305,2410
rn,17213,MESSIAS TARGINO,2383,752
rn,17230,LAGOA D ANTA,2979,741
rn,17256,LAGOA DE PEDRAS,3789,1109
rn,17272,LAGOA DE VELHOS,1619,658
rn,17299,LAGOA NOVA,6324,2057
rn,17310,LAGOA SALGADA,4461,1867
rn,17337,LAJES,4559,1469
rn,17353,LAJES PINTADAS,2853,621
rn,17370,LUCRÉCIA,2135,327
rn,17396,LUÍS GOMES,4725,539
rn,17418,MACAÍBA,23473,13716
rn,17434,MACAU,12415,3254
rn,17450,MARCELINO VIEIRA,4459,440
rn,17477,MARTINS,3487,1304
rn,17493,MAXARANGUAPE,4151,2109
rn,17515,FRUTUOSO GOMES,2328,368
rn,17531,MONTANHAS,5364,1204
rn,17558,MONTE ALEGRE,7127,4814
rn,17574,MONTE DAS GAMELEIRAS,1361,524
rn,17590,MOSSORÓ,77547,53391
rn,17612,NATAL,195938,220770
rn,17639,NÍSIA FLORESTA,8243,5985
rn,17655,NOVA CRUZ,12368,6151
rn,17671,OLHO D ÁGUA DO BORGES,2519,540
rn,17698,OURO BRANCO,2463,744
rn,17710,PARANÁ,2356,213
rn,17736,PARAÚ,2185,714
rn,17752,PARAZINHO,2405,1071
rn,17779,PARELHAS,6062,5904
rn,17795,PARNAMIRIM,37327,55904
rn,17817,PASSA E FICA,4383,2127
rn,17833,PASSAGEM,1313,1107
rn,17850,PATU,5267,1670
rn,17876,PAU DOS FERROS,11447,3497
rn,17892,PEDRA GRANDE,2056,516
rn,17914,PEDRA PRETA,1439,560
rn,17930,PEDRO AVELINO,2882,926
rn,17957,PEDRO VELHO,6191,1849
rn,17973,PENDÊNCIAS,6150,1548
rn,17990,PILÕES,2115,236
rn,18015,POÇO BRANCO,6548,1334
rn,18031,PORTALEGRE,3201,1203
rn,18058,SERRA CAIADA,4367,1214
rn,18074,PUREZA,3932,1246
rn,18090,RAFAEL FERNANDES,2873,506
rn,18112,RIACHO DA CRUZ,1644,389
rn,18139,RIACHO DE SANTANA,2262,279
rn,18155,RIACHUELO,3298,1263
rn,18171,RODOLFO FERNANDES,2421,546
rn,18198,RUY BARBOSA,1630,868
rn,18210,SÃO FRANCISCO DO OESTE,2235,732
rn,18236,SANTA CRUZ,12500,5889
rn,18252,SANTANA DO SERIDÓ,1109,736
rn,18279,SANTANA DO MATOS,6416,1493
rn,18295,SANTO ANTÔNIO,9498,3420
rn,18317,SÃO BENTO DO NORTE,1776,544
rn,18333,SÃO BENTO DO TRAIRÍ,2191,606
rn,18350,SÃO FERNANDO,1889,646
rn,18376,SÃO GONÇALO DO AMARANTE,28141,22383
rn,18392,SÃO JOÃO DO SABUGI,2862,1013
rn,18414,SÃO JOSÉ DE MIPIBU,13420,8094
rn,18430,SÃO JOSÉ DO CAMPESTRE,5077,1821
rn,18457,SÃO JOSÉ DO SERIDÓ,2196,830
rn,18473,SÃO MIGUEL,10032,1713
rn,18490,SÃO PAULO DO POTENGI,5364,4140
rn,18511,SÃO PEDRO,3311,1148
rn,18538,SÃO RAFAEL,3679,1182
rn,18554,SÃO TOMÉ,3805,2484
rn,18570,SÃO VICENTE,2410,1140
rn,18597,SENADOR ELÓI DE SOUZA,2828,899
rn,18619,SENADOR GEORGINO AVELINO,1760,902
rn,18635,SERRA DE SÃO BENTO,2758,737
rn,18651,SERRA NEGRA DO NORTE,3181,1319
rn,18678,SERRINHA,3408,1214
rn,18694,SEVERIANO MELO,4056,752
rn,18716,SÍTIO NOVO,2602,550
rn,18732,TABOLEIRO GRANDE,1524,452
rn,18759,TAIPU,5938,1568
rn,18775,TANGARÁ,5198,2658
rn,18791,TENENTE ANANIAS,4411,1051
rn,18813,TIBAU DO SUL,5293,2682
rn,18830,TIMBAÚBA DOS BATISTAS,1150,648
rn,18856,TOUROS,11582,5357
rn,18872,UMARIZAL,4978,1201
rn,18899,UPANEMA,5204,3047
rn,18910,VÁRZEA,2338,1140
rn,18937,RAFAEL GODEIRO,2047,521
rn,18953,VERA CRUZ,4792,2382
rn,18970,VIÇOSA,1043,200
rn,18996,VILA FLOR,1538,468
rn,30031,BARAÚNA,9527,4458
ro,00019,GUAJARÁ-MIRIM,5844,12838
ro,00035,PORTO VELHO,74847,166145
ro,00051,JI-PARANÁ,14174,48520
ro,00078,ARIQUEMES,8862,37325
ro,00094,CACOAL,10091,35962
ro,00116,PIMENTA BUENO,4284,15045
ro,00132,VILHENA,8396,36531
ro,00159,JARU,5627,19879
ro,00175,OURO PRETO DO OESTE,4696,13779
ro,00191,PRESIDENTE MÉDICI,2978,7768
ro,00213,COSTA MARQUES,2329,3320
ro,00230,COLORADO DO OESTE,2441,6932
ro,00256,ESPIGÃO DO OESTE,4593,12536
ro,00272,CEREJEIRAS,1745,7656
ro,00299,ROLIM DE MOURA,6779,21429
ro,00310,ALTA FLORESTA D OESTE,3763,8524
ro,00337,ALVORADA DO OESTE,2817,4729
ro,00353,SANTA LUZIA D OESTE,1632,3053
ro,00370,NOVA BRASILÂNDIA D OESTE,2790,6723
ro,00396,MACHADINHO D OESTE,4633,9513
ro,00418,SÃO MIGUEL DO GUAPORÉ,3616,7386
ro,00434,NOVA MAMORÉ,2795,8634
ro,00450,CABIXI,1110,2142
ro,00477,CANDEIAS DO JAMARI,4507,7104
ro,00493,ITAPUÃ DO OESTE,1534,2556
ro,00515,NOVO HORIZONTE DO OESTE,1995,3152
ro,00531,CASTANHEIRAS,875,1250
ro,00558,VALE DO PARAÍSO,1407,2615
ro,00566,URUPÁ,2051,3985
ro,00574,MIRANTE DA SERRA,2158,3543
ro,00582,SERINGUEIRAS,2252,3832
ro,00590,THEOBROMA,1759,3441
ro,00604,MINISTRO ANDREAZZA,1518,2840
ro,00612,GOVERNADOR JORGE TEIXEIRA,1462,3098
ro,00620,CACAULÂNDIA,694,1967
ro,00639,ALTO PARAÍSO,2257,5701
ro,00647,RIO CRESPO,539,1446
ro,00655,CORUMBIARA,1613,2585
ro,00663,MONTE NEGRO,1811,4750
ro,00671,CAMPO NOVO DE RONDÔNIA,1789,3595
ro,00680,CUJUBIM,1775,4975
ro,00698,VALE DO ANARI,1309,2732
ro,00701,PARECIS,912,1301
ro,00710,SÃO FELIPE D OESTE,964,2282
ro,00728,PRIMAVERA DE RONDÔNIA,529,1423
ro,00736,ALTO ALEGRE DOS PARECIS,2244,3790
ro,00744,NOVA UNIÃO,1697,2106
ro,00752,TEIXEIRÓPOLIS,996,1810
ro,00779,BURITIS,3417,11682
ro,00787,PIMENTEIRAS DO OESTE,428,847
ro,00795,SÃO FRANCISCO DO GUAPORÉ,2505,5134
ro,00809,CHUPINGUAIA,1504,3057
rr,03000,CAROEBE,1296,3120
rr,03018,BOA VISTA,36021,132361
rr,03026,IRACEMA,1450,2234
rr,03034,CARACARAÍ,3248,5631
rr,03042,AMAJARI,1844,2648
rr,03050,ALTO ALEGRE,2877,4354
rr,03069,CANTÁ,3556,4991
rr,03077,BONFIM,2797,3778
rr,03085,RORAINÓPOLIS,4455,8597
rr,03093,MUCAJAÍ,2641,5715
rr,03107,UIRAMUTÃ,3643,887
rr,03115,NORMANDIA,3594,1833
rr,03123,PACARAIMA,3028,2841
rr,03131,SÃO JOÃO DA BALIZA,1217,2048
rr,03158,SÃO LUIZ,1205,2230
rs,84735,ÁUREA,1008,1484
rs,84743,TRÊS ARROIOS,669,1337
rs,84751,NOVA ROMA DO SUL,485,1924
rs,84760,PROGRESSO,1784,2029
rs,84778,PIRAPÓ,862,709
rs,84786,JABOTICABA,1165,1128
rs,84794,SÃO JORGE,407,1550
rs,84808,ALTO ALEGRE,586,772
rs,84816,NOVA HARTZ,3617,7460
rs,84824,DOIS LAJEADOS,480,1737
rs,84832,SÃO DOMINGOS DO SUL,729,1276
rs,84840,TUNAS,1652,880
rs,84859,SÃO JOÃO DA URTIGA,1411,1787
rs,84867,GUABIJU,222,897
rs,84875,QUINZE DE NOVEMBRO,761,1999
rs,84883,DOUTOR MAURÍCIO CARDOSO,1235,2005
rs,84891,CAPELA DE SANTANA,2237,3196
rs,84905,JAQUIRANA,991,1256
rs,84913,VANINI,439,1041
rs,84921,BOQUEIRÃO DO LEÃO,2022,2210
rs,84930,FAGUNDES VARELA,296,1559
rs,84948,ÁGUA SANTA,730,1659
rs,84956,SILVEIRA MARTINS,627,1087
rs,84964,IBIRAPUITÃ,1204,1374
rs,84972,IBARAMA,1353,1398
rs,84980,PANTANO GRANDE,3076,2822
rs,84999,IPÊ,777,3446
rs,85006,TRINDADE DO SUL,1980,1703
rs,85014,AGUDO,3949,6043
rs,85022,ERNESTINA,853,1284
rs,85030,AJURICABA,1635,3116
rs,85049,DEZESSEIS DE NOVEMBRO,932,899
rs,85057,ALECRIM,1909,2355
rs,85065,BROCHIER,967,2008
rs,85073,ALEGRETE,18469,21771
rs,85081,EREBANGO,765,1149
rs,85090,ALPESTRE,2519,2435
rs,85103,ENTRE-IJUÍS,2402,3125
rs,85111,ALVORADA,35734,57782
rs,85120,NOVA ESPERANÇA DO SUL,1122,1922
rs,85138,ANTA GORDA,612,3203
rs,85146,PAVERAMA,1703,2780
rs,85154,ANTÔNIO PRADO,1250,7131
rs,85162,TERRA DE AREIA,1562,3790
rs,85170,ARATIBA,2090,2831
rs,85189,HARMONIA,721,2363
rs,85197,ARROIO DO MEIO,3421,9339
rs,85200,CAMPOS BORGES,1078,1262
rs,85219,ARROIO DOS RATOS,3353,3883
rs,85227,CERRO GRANDE,1072,581
rs,85235,ARROIO DO TIGRE,3256,4640
rs,85243,IPIRANGA DO SUL,340,1209
rs,85251,ARROIO GRANDE,5903,4816
rs,85260,LAGOÃO,2343,1202
rs,85278,ARVOREZINHA,1987,4539
rs,85286,ESTAÇÃO,1130,2684
rs,85294,AUGUSTO PESTANA,1467,3061
rs,85308,ARROIO DO SAL,1318,3619
rs,85316,BAGÉ,27319,35630
rs,85324,SÃO JOSÉ DO HORTÊNCIO,511,2348
rs,85332,BARÃO DE COTEGIPE,1528,2645
rs,85340,PINHAL,758,891
rs,85359,BARRACÃO,1468,1656
rs,85367,TRÊS CACHOEIRAS,1354,4784
rs,85375,BARRA DO RIBEIRO,2789,4285
rs,85383,SÃO VENDELINO,397,1347
rs,85391,BARROS CASSAL,2887,2991
rs,85405,PROTÁSIO ALVES,227,1315
rs,85413,BENTO GONÇALVES,12741,56142
rs,85421,POUSO NOVO,486,721
rs,85430,BOA VISTA DO BURICÁ,1441,2959
rs,85448,EUGÊNIO DE CASTRO,679,1057
rs,85456,BOM JESUS,2538,3269
rs,85464,CRISTAL,1976,2494
rs,85472,BOM RETIRO DO SUL,2073,5191
rs,85480,SÃO MIGUEL DAS MISSÕES,2328,2058
rs,85499,BOSSOROCA,1894,1626
rs,85502,GLORINHA,1128,3577
rs,85510,BRAGA,1190,871
rs,85529,SEGREDO,2097,2242
rs,85537,BUTIÁ,4631,5995
rs,85545,ALEGRIA,1215,1308
rs,85553,CAÇAPAVA DO SUL,8960,8113
rs,85561,SALDANHA MARINHO,693,1354
rs,85570,CACEQUI,3290,2850
rs,85588,SÃO JOSÉ DO HERVAL,706,710
rs,85596,CACHOEIRA DO SUL,15395,30445
rs,85600,VISTA ALEGRE,1089,911
rs,85618,CACHOEIRINHA,22310,51143
rs,85626,IVORÁ,582,805
rs,85634,CACIQUE DOBLE,1206,1847
rs,85642,VILA MARIA,820,1968
rs,85650,CAIBATÉ,1624,1426
rs,85669,TAQUARUÇU DO SUL,966,1042
rs,85677,CAIÇARA,1401,1859
rs,85685,IMBÉ,3952,8420
rs,85693,CAMAQUÃ,12485,23621
rs,85707,SEDE NOVA,796,1015
rs,85715,CAMBARÁ DO SUL,1026,2580
rs,85723,TUPANDI,524,2700
rs,85731,CAMPINA DAS MISSÕES,1785,2341
rs,85740,RIOZINHO,1034,1883
rs,85758,CAMPINAS DO SUL,873,2741
rs,85766,RELVADO,347,1123
rs,85774,CAMPO BOM,9932,29746
rs,85782,IMIGRANTE,542,1420
rs,85790,CAMPO NOVO,1629,1496
rs,85804,CIDREIRA,2554,4028
rs,85812,CANDELÁRIA,6168,10474
rs,85820,MONTAURI,268,896
rs,85839,CÂNDIDO GODÓI,1369,3228
rs,85847,VISTA GAÚCHA,886,974
rs,85855,CANELA,5044,16873
rs,85863,VISTA ALEGRE DO PRATA,206,994
rs,85871,CANGUÇU,12786,18428
rs,85880,CASEIROS,783,1287
rs,85898,CANOAS,63161,119862
rs,85901,ITACURUBI,984,882
rs,85910,CARAZINHO,11532,22876
rs,85928,ENTRE RIOS DO SUL,910,1014
rs,85936,CARLOS BARBOSA,3458,13837
rs,85944,CERRO GRANDE DO SUL,2296,2880
rs,85952,CASCA,1481,4279
rs,85960,CAMARGO,561,1295
rs,85979,CATUÍPE,2313,3425
rs,85987,PARAÍSO DO SUL,1601,2650
rs,85995,CAXIAS DO SUL,62109,187051
rs,86010,CERRO LARGO,3454,4149
rs,86029,FAXINALZINHO,725,991
rs,86037,CHAPADA,2173,3828
rs,86045,AMARAL FERRADOR,1630,1687
rs,86053,CHIAPETTA,1102,1450
rs,86061,VILA FLORES,456,2193
rs,86070,CIRÍACO,1084,1733
rs,86088,CERRO BRANCO,1101,1698
rs,86096,COLORADO,659,1759
rs,86100,ANDRÉ DA ROCHA,236,709
rs,86118,CONDOR,1627,2672
rs,86126,POÇO DAS ANTAS,396,1143
rs,86134,CONSTANTINA,2820,3364
rs,86142,TRÊS PALMEIRAS,1637,1308
rs,86150,CORONEL BICACO,2163,1935
rs,86169,NOVA ALVORADA,591,1506
rs,86177,CRISSIUMAL,3470,4501
rs,86185,MORRO REDONDO,1434,2426
rs,86193,CRUZ ALTA,13134,20626
rs,86207,SANTA MARIA DO HERVAL,1248,2884
rs,86215,CRUZEIRO DO SUL,2147,4993
rs,86223,BARÃO,963,2974
rs,86231,DAVID CANABARRO,1249,1808
rs,86240,ELDORADO DO SUL,6858,9705
rs,86258,DOIS IRMÃOS,5483,13371
rs,86274,DOM FELICIANO,3853,3758
rs,86282,ALTO FELIZ,403,1592
rs,86290,DOM PEDRITO,9557,10132
rs,86304,AMETISTA DO SUL,1956,2141
rs,86312,DONA FRANCISCA,948,1363
rs,86320,ARAMBARÉ,874,1437
rs,86339,ENCANTADO,3140,9897
rs,86347,BARÃO DO TRIUNFO,1245,2118
rs,86355,ENCRUZILHADA DO SUL,7041,6116
rs,86363,BARRA DO GUARITA,998,804
rs,86371,ERECHIM,16527,42360
rs,86380,BARRA DO RIO AZUL,704,684
rs,86398,HERVAL,2379,1252
rs,86401,BARRA FUNDA,785,1263
rs,86410,ERVAL GRANDE,1674,1530
rs,86428,BOA VISTA DAS MISSÕES,753,683
rs,86436,ERVAL SECO,2261,1940
rs,86444,BOM PROGRESSO,800,804
rs,86452,ESMERALDA,784,1106
rs,86460,CAMPESTRE DA SERRA,295,1774
rs,86479,ESPUMOSO,3851,5698
rs,86487,CANDIOTA,3524,2005
rs,86495,ESTÂNCIA VELHA,5921,20689
rs,86509,CAPITÃO,620,1322
rs,86517,ESTEIO,18829,30443
rs,86525,CARLOS GOMES,590,542
rs,86533,ESTRELA,4327,14841
rs,86541,CENTENÁRIO,1066,1091
rs,86550,FARROUPILHA,8491,34114
rs,86568,CHARRUA,813,941
rs,86576,FAXINAL DO SOTURNO,1579,2695
rs,86584,COLINAS,392,1370
rs,86592,FELIZ,2103,6167
rs,86606,COQUEIROS DO SUL,535,1290
rs,86614,FLORES DA CUNHA,2268,16466
rs,86622,CORONEL BARROS,667,1298
rs,86630,FONTOURA XAVIER,3354,2404
rs,86649,COXILHA,847,1159
rs,86657,FORMIGUEIRO,1906,2216
rs,86665,DERRUBADAS,960,1076
rs,86673,FREDERICO WESTPHALEN,6713,11651
rs,86681,DOIS IRMÃOS DAS MISSÕES,809,673
rs,86690,GARIBALDI,3837,15945
rs,86703,ENGENHO VELHO,478,413
rs,86711,GAURAMA,1129,3015
rs,86720,GARRUCHOS,1157,700
rs,86738,GENERAL CÂMARA,2027,2445
rs,86746,GENTIL,307,891
rs,86754,SÃO VICENTE DO SUL,2500,2477
rs,86762,GRAMADO DOS LOUREIROS,954,609
rs,86770,GETÚLIO VARGAS,2639,7244
rs,86789,GRAMADO XAVIER,1271,965
rs,86797,GIRUÁ,3868,6066
rs,86800,HULHA NEGRA,2154,1399
rs,86819,GRAMADO,3997,18844
rs,86827,INHACORÁ,769,701
rs,86835,GRAVATAÍ,38323,95935
rs,86843,ITAPUCA,537,804
rs,86851,GUAÍBA,20423,31968
rs,86860,LAJEADO DO BUGRE,839,510
rs,86878,GUAPORÉ,2957,11449
rs,86886,LAGOA DOS TRÊS CANTOS,300,918
rs,86894,GUARANI DAS MISSÕES,2145,2633
rs,86908,LINDOLFO COLLOR,1422,2036
rs,86916,HORIZONTINA,3446,7891
rs,86924,LINHA NOVA,283,819
rs,86932,CHARQUEADAS,8026,10125
rs,86940,MANOEL VIANA,2117,1845
rs,86959,HUMAITÁ,1227,2002
rs,86967,MAQUINÉ,1847,2300
rs,86975,IBIAÇÁ,930,2094
rs,86983,MARATÁ,402,1390
rs,86991,IBIRAIARAS,1213,2964
rs,87009,MARIANA PIMENTEL,896,1663
rs,87017,IBIRUBÁ,3685,8953
rs,87025,MATO CASTELHANO,560,1481
rs,87033,IGREJINHA,5444,15185
rs,87041,MATO LEITÃO,968,2032
rs,87050,IJUÍ,18425,29987
rs,87068,MINAS DO LEÃO,1735,2678
rs,87076,ILÓPOLIS,521,2097
rs,87084,MONTE BELO DO SUL,318,2087
rs,87092,INDEPENDÊNCIA,1636,2689
rs,87106,MORMAÇO,772,1165
rs,87114,IRAÍ,2146,2177
rs,87122,MORRINHOS DO SUL,688,1689
rs,87130,ITAQUI,7372,11048
rs,87149,MORRO REUTER,755,3382
rs,87157,ITATIBA DO SUL,1670,995
rs,87165,MULITERNO,731,741
rs,87173,IVOTI,2863,9333
rs,87181,NICOLAU VERGUEIRO,467,955
rs,87190,JACUTINGA,785,1558
rs,87203,NOVA BOA VISTA,538,987
rs,87211,JAGUARÃO,6699,7930
rs,87220,NOVA PÁDUA,134,1770
rs,87238,JAGUARI,2465,4138
rs,87246,NOVA SANTA RITA,4644,8171
rs,87254,JÚLIO DE CASTILHOS,5786,5575
rs,87262,NOVO BARREIRO,1518,1238
rs,87270,LAGOA VERMELHA,5367,9759
rs,87289,NOVO MACHADO,915,1600
rs,87297,LAJEADO,12932,32683
rs,87300,NOVO TIRADENTES,743,606
rs,87319,LAVRAS DO SUL,2130,1736
rs,87327,PARECI NOVO,441,2049
rs,87335,LIBERATO SALZANO,2003,1276
rs,87343,PASSO DO SOBRADO,1655,2231
rs,87351,MACHADINHO,1429,2180
rs,87360,PICADA CAFÉ,726,2703
rs,87378,MARAU,5855,17922
rs,87386,PINHAL GRANDE,1373,1311
rs,87394,MARCELINO RAMOS,1273,1840
rs,87408,PINHEIRINHO DO VALE,1334,1326
rs,87416,MARIANO MORO,751,756
rs,87424,PONTÃO,1296,1297
rs,87432,MATA,1434,1570
rs,87440,PONTE PRETA,457,946
rs,87459,MAXIMILIANO DE ALMEIDA,895,2104
rs,87467,PORTO MAUÁ,531,1125
rs,87475,MIRAGUAÍ,1761,1292
rs,87483,PORTO VERA CRUZ,576,718
rs,87491,MONTENEGRO,10918,22518
rs,87505,PRESIDENTE LUCENA,406,1567
rs,87513,MOSTARDAS,2483,3631
rs,87521,QUEVEDOS,851,747
rs,87530,MUÇUM,600,2590
rs,87548,RIO DOS ÍNDIOS,1349,782
rs,87556,NÃO-ME-TOQUE,3087,7007
rs,87564,SAGRADA FAMÍLIA,842,766
rs,87572,NONOAI,3414,3479
rs,87580,SALVADOR DAS MISSÕES,746,1271
rs,87599,NOVA ARAÇÁ,513,2605
rs,87602,SANTA CLARA DO SUL,930,3159
rs,87610,NOVA BASSANO,774,4980
rs,87629,SANTA TEREZA,289,1004
rs,87637,NOVA BRÉSCIA,397,1766
rs,87645,SANTO ANTÔNIO DO PALMA,676,810
rs,87653,NOVA PALMA,1651,2460
rs,87661,SANTO ANTÔNIO DO PLANALTO,406,1145
rs,87670,NOVA PETRÓPOLIS,2172,10608
rs,87688,SANTO EXPEDITO DO SUL,649,1030
rs,87696,NOVA PRATA,2597,11842
rs,87700,SÃO JOÃO DO POLÊSINE,605,1316
rs,87718,NOVO HAMBURGO,32641,100374
rs,87726,SÃO JOSÉ DOS AUSENTES,715,1392
rs,87734,OSÓRIO,9789,16099
rs,87742,SÃO JOSÉ DO INHACORÁ,624,1178
rs,87750,PAIM FILHO,1392,1534
rs,87769,SÃO JOSÉ DAS MISSÕES,973,620
rs,87777,PALMEIRA DAS MISSÕES,8010,9490
rs,87785,SÃO MARTINHO DA SERRA,710,1442
rs,87793,PALMITINHO,2525,1917
rs,87807,SÃO PEDRO DA SERRA,538,1901
rs,87815,PANAMBI,6701,17514
rs,87823,SÃO PEDRO DO BUTIÁ,727,1181
rs,87831,PARAÍ,1018,3754
rs,87840,SÃO VALENTIM DO SUL,297,1380
rs,87858,PASSO FUNDO,38940,70103
rs,87866,SÃO VALÉRIO DO SUL,922,626
rs,87874,PEDRO OSÓRIO,2904,1811
rs,87882,SENTINELA DO SUL,1358,1595
rs,87890,PEJUÇARA,821,1526
rs,87904,SÉRIO,706,834
rs,87912,PELOTAS,81705,97524
rs,87920,SERTÃO SANTANA,1191,2642
rs,87939,PINHEIRO MACHADO,4086,2882
rs,87947,SINIMBU,2590,2924
rs,87955,PIRATINI,6022,4426
rs,87963,TIRADENTES DO SUL,1823,1674
rs,87971,PLANALTO,2418,3260
rs,87980,TRAVESSEIRO,641,938
rs,87998,PORTÃO,5801,11685
rs,88005,TRÊS FORQUILHAS,785,1205
rs,88013,PORTO ALEGRE,331419,436643
rs,88021,TUPANCI DO SUL,329,650
rs,88030,PORTO LUCENA,1385,1719
rs,88048,UNIÃO DA SERRA,227,950
rs,88056,PORTO XAVIER,2788,3062
rs,88064,VALE DO SOL,3046,3425
rs,88072,PUTINGA,551,2159
rs,88080,VALE REAL,976,2653
rs,88099,QUARAÍ,5429,7015
rs,88102,VILA NOVA DO SUL,1232,1235
rs,88110,REDENTORA,2899,1670
rs,88129,VITÓRIA DAS MISSÕES,1332,1269
rs,88137,RESTINGA SÊCA,3457,5828
rs,88145,XANGRI-LÁ,2015,5827
rs,88153,RIO GRANDE,57742,50082
rs,88161,BOA VISTA DO SUL,396,1612
rs,88170,RIO PARDO,11054,10198
rs,88188,DILERMANDO DE AGUIAR,865,1168
rs,88196,ROCA SALES,1530,4430
rs,88200,CAPIVARI DO SUL,964,1651
rs,88218,RODEIO BONITO,1777,1950
rs,88226,NOVA CANDELÁRIA,616,1365
rs,88234,ROLANTE,3440,8657
rs,88242,FLORIANO PEIXOTO,699,735
rs,88250,RONDA ALTA,3002,2795
rs,88269,CHUVISCA,1080,2172
rs,88277,RONDINHA,1644,2109
rs,88285,ESPERANÇA DO SUL,1196,1000
rs,88293,ROQUE GONZALES,2042,2219
rs,88307,DOUTOR RICARDO,388,1126
rs,88315,ROSÁRIO DO SUL,9686,11583
rs,88323,HERVEIRAS,1258,710
rs,88331,SALVADOR DO SUL,960,3303
rs,88340,CARAÁ,1602,2713
rs,88358,SANANDUVA,2862,7328
rs,88366,FAZENDA VILANOVA,861,1525
rs,88374,SANTA BÁRBARA DO SUL,1908,3425
rs,88382,ITAARA,1066,1999
rs,88390,SANTA CRUZ DO SUL,25729,51725
rs,88404,ESTRELA VELHA,949,1259
rs,88412,SANTA MARIA,57445,91619
rs,88420,BENJAMIN CONSTANT DO SUL,971,518
rs,88439,SANTANA DA BOA VISTA,2097,2157
rs,88447,MAÇAMBARÁ,1279,1322
rs,88455,SANT ANA DO LIVRAMENTO,23224,25240
rs,88463,DOM PEDRO DE ALCÂNTARA,573,1326
rs,88471,SANTA ROSA,13430,30248
rs,88480,UNISTALDA,816,1023
rs,88498,SANTA VITÓRIA DO PALMAR,8032,7615
rs,88501,TURUÇU,747,1789
rs,88510,SANTIAGO,10394,17660
rs,88528,CRISTAL DO SUL,1149,758
rs,88536,SANTO ÂNGELO,17692,26347
rs,88544,MUITOS CAPÕES,426,1326
rs,88552,SANTO ANTÔNIO DA PATRULHA,8363,14926
rs,88560,NOVA RAMADA,649,996
rs,88579,SANTO ANTÔNIO DAS MISSÕES,3609,2537
rs,88587,JARI,1268,896
rs,88595,SANTO AUGUSTO,3792,4472
rs,88609,UBIRETAMA,462,1092
rs,88617,SANTO CRISTO,4124,6038
rs,88625,BARRA DO QUARAÍ,963,994
rs,88633,SÃO BORJA,16441,16398
rs,88641,CERRITO,2186,1752
rs,88650,SÃO FRANCISCO DE ASSIS,5544,5127
rs,88668,VALE VERDE,973,1203
rs,88676,SÃO FRANCISCO DE PAULA,4766,6091
rs,88684,NOVO CABRAIS,1046,1707
rs,88692,SÃO GABRIEL,13220,18188
rs,88706,SETE DE SETEMBRO,655,738
rs,88714,SÃO JERÔNIMO,4740,5942
rs,88722,TABAÍ,1122,1719
rs,88730,SÃO JOSÉ DO NORTE,6976,7503
rs,88749,VILA LÂNGARO,445,1261
rs,88757,SÃO JOSÉ DO OURO,1277,3100
rs,88765,SENADOR SALGADO FILHO,640,1495
rs,88773,SÃO LEOPOLDO,43166,76586
rs,88781,VESPASIANO CORRÊA,198,1518
rs,88790,SÃO LOURENÇO DO SUL,10676,15254
rs,88803,MONTE ALEGRE DOS CAMPOS,783,1496
rs,88811,SÃO LUIZ GONZAGA,8728,9521
rs,88820,MARQUES DE SOUZA,902,1801
rs,88838,SÃO MARCOS,1960,10338
rs,88846,CHUÍ,1523,1168
rs,88854,SÃO MARTINHO,1099,2695
rs,88862,ARARICÁ,1218,2670
rs,88870,SÃO NICOLAU,1688,1186
rs,88889,PASSA SETE,1439,1470
rs,88897,SÃO PAULO DAS MISSÕES,1875,2293
rs,88900,TOROPI,730,1271
rs,88919,SÃO PEDRO DO SUL,3684,5867
rs,88927,BALNEÁRIO PINHAL,1910,3613
rs,88935,SÃO SEBASTIÃO DO CAÍ,3662,8758
rs,88943,MAMPITUBA,1007,1055
rs,88951,SÃO SEPÉ,6531,6060
rs,88978,SÃO VALENTIM,907,1466
rs,88986,ACEGUÁ,1025,1739
rs,88994,SAPIRANGA,14808,31672
rs,89001,ALMIRANTE TAMANDARÉ DO SUL,573,923
rs,89010,SAPUCAIA DO SUL,30034,44203
rs,89028,ARROIO DO PADRE,399,1876
rs,89036,SARANDI,4163,8181
rs,89044,BOA VISTA DO CADEADO,447,1073
rs,89052,SEBERI,2973,3773
rs,89060,BOA VISTA DO INCRA,633,1012
rs,89079,SELBACH,966,2465
rs,89087,BOZANO,622,1264
rs,89095,SERAFINA CORRÊA,2121,7339
rs,89109,CANUDOS DO VALE,766,646
rs,89117,SERTÃO,1328,2548
rs,89125,CAPÃO BONITO DO SUL,694,787
rs,89133,SEVERIANO DE ALMEIDA,1117,1570
rs,89141,CAPÃO DO CIPÓ,1094,943
rs,89150,CAPÃO DA CANOA,7242,19183
rs,89168,COQUEIRO BAIXO,204,826
rs,89176,SOBRADINHO,3106,5372
rs,89184,CORONEL PILAR,225,942
rs,89192,SOLEDADE,7203,8802
rs,89206,CRUZALTENSE,524,1121
rs,89214,TAPEJARA,2818,9981
rs,89222,FORQUETINHA,560,1312
rs,89230,TAPERA,2588,3608
rs,89247,SANTA CECÍLIA DO SUL,419,982
rs,89249,ITATI,793,1223
rs,89257,TAPES,3551,4502
rs,89265,JACUIZINHO,958,611
rs,89273,TAQUARA,7853,22327
rs,89281,LAGOA BONITA DO SUL,942,860
rs,89290,TAQUARI,5392,9523
rs,89303,MATO QUEIMADO,569,655
rs,89311,TENENTE PORTELA,3716,3660
rs,89320,NOVO XINGU,640,598
rs,89338,TORRES,5997,14136
rs,89346,PAULO BENTO,483,1068
rs,89354,TRAMANDAÍ,7784,15303
rs,89362,PINHAL DA SERRA,701,934
rs,89370,TRÊS COROAS,3489,10171
rs,89389,QUATRO IRMÃOS,466,726
rs,89397,TRÊS DE MAIO,4500,9625
rs,89400,ROLADOR,871,796
rs,89419,TRÊS PASSOS,5713,8297
rs,89435,TRIUNFO,5263,10016
rs,89443,SANTA MARGARIDA DO SUL,802,1064
rs,89451,TUCUNDUVA,1142,2570
rs,89460,SÃO JOSÉ DO SUL,340,1108
rs,89478,TUPANCIRETÃ,5552,6314
rs,89486,SÃO PEDRO DAS MISSÕES,639,549
rs,89494,TUPARENDI,1589,4005
rs,89508,TIO HUGO,679,1188
rs,89516,URUGUAIANA,18684,40426
rs,89524,WESTFALIA,523,1520
rs,89532,VACARIA,8247,25243
rs,89540,PINTO BANDEIRA,277,1548
rs,89559,VENÂNCIO AIRES,13231,26905
rs,89567,PEDRAS ALTAS,912,478
rs,89575,VERA CRUZ,5683,8796
rs,89591,VERANÓPOLIS,2091,12103
rs,89613,VIADUTOS,1193,2156
rs,89630,VIAMÃO,46975,64617
rs,89656,VICENTE DUTRA,1381,1540
rs,89672,PALMARES DO SUL,2692,4337
rs,89699,VICTOR GRAEFF,583,1360
rs,89710,TAVARES,1395,1701
rs,89737,CAPÃO DO LEÃO,5953,6517
rs,89753,SALTO DO JACUÍ,3026,2939
rs,89770,COTIPORÃ,493,2252
rs,98213,TEUTÔNIA,5657,12878
rs,98230,BOM PRINCÍPIO,1355,6741
rs,98256,PAROBÉ,9058,20047
rs,98272,FORTALEZA DOS VALOS,1163,1744
rs,98299,JÓIA,2809,2060
sc,80004,MONTE CARLO,2522,2639
sc,80012,ABELARDO LUZ,4121,5023
sc,80020,IPORÃ DO OESTE,1841,3692
sc,80039,AGROLÂNDIA,1151,5056
sc,80047,LINDÓIA DO SUL,1026,1753
sc,80055,AGRONÔMICA,430,2928
sc,80063,APIÚNA,1118,5028
sc,80071,ÁGUA DOCE,1158,2921
sc,80080,DOUTOR PEDRINHO,317,1998
sc,80098,ÁGUAS DE CHAPECÓ,2061,1559
sc,80101,JOSÉ BOITEUX,986,2080
sc,80110,ÁGUAS MORNAS,906,3608
sc,80128,VITOR MEIRELES,985,2181
sc,80136,ALFREDO WAGNER,1479,4600
sc,80144,UNIÃO DO OESTE,792,1183
sc,80152,ANCHIETA,1801,2027
sc,80160,URUPEMA,624,1062
sc,80179,ANGELINA,1466,2473
sc,80187,IRACEMINHA,857,1970
sc,80195,ANITA GARIBALDI,2473,2584
sc,80209,TIMBÓ GRANDE,1958,1846
sc,80217,ANITÁPOLIS,620,1617
sc,80225,ABDON BATISTA,687,1151
sc,80233,ANTÔNIO CARLOS,833,5611
sc,80241,SANTA ROSA DO SUL,1212,4171
sc,80250,ARAQUARI,3277,10771
sc,80268,CELSO RAMOS,855,1041
sc,80276,ARARANGUÁ,8171,28744
sc,80284,SERRA ALTA,806,1353
sc,80292,ARMAZÉM,875,4299
sc,80306,COCAL DO SUL,1594,8892
sc,80314,ARROIO TRINTA,546,1837
sc,80322,NOVA ITABERABA,1619,1539
sc,80330,ASCURRA,506,4257
sc,80349,SANTA TEREZINHA,1445,3643
sc,80357,ATALANTA,379,1934
sc,80365,MIRIM DOCE,456,1387
sc,80373,AURORA,693,3374
sc,80381,CERRO NEGRO,1465,832
sc,80390,BALNEÁRIO CAMBORIÚ,11902,54202
sc,80403,PASSO DE TORRES,1217,3151
sc,80411,BARRA VELHA,2909,13122
sc,80420,BRAÇO DO TROMBUDO,303,2166
sc,80438,BENEDITO NOVO,736,5685
sc,80446,SUL BRASIL,949,985
sc,80454,BIGUAÇU,9277,28061
sc,80462,VARGEM,944,906
sc,80470,BLUMENAU,31090,162622
sc,80489,ARABUTÃ,967,1943
sc,80497,BOM RETIRO,1518,3216
sc,80500,ÁGUAS FRIAS,891,1031
sc,80519,BOTUVERÁ,449,3087
sc,80527,GUATAMBÚ,2317,1959
sc,80535,BRAÇO DO NORTE,2413,16337
sc,80543,PLANALTO ALEGRE,1198,985
sc,80551,BRUSQUE,9095,59820
sc,80560,RIQUEZA,1309,1715
sc,80578,CAÇADOR,12277,24760
sc,80586,LAJEADO GRANDE,377,757
sc,80594,CAIBI,1163,2607
sc,80608,RIO RUFINO,605,1060
sc,80616,CAMBORIÚ,8233,29889
sc,80624,PASSOS MAIA,1382,1185
sc,80632,CAMPO ALEGRE,1048,6146
sc,80640,SÃO JOÃO DO OESTE,857,3193
sc,80659,CAMPO BELO DO SUL,1989,2435
sc,80667,CALMON,1307,747
sc,80675,CAMPO ERÊ,2871,2420
sc,80683,BALNEÁRIO BARRA DO SUL,1488,5164
sc,80691,CAMPOS NOVOS,5899,13034
sc,80705,PARAÍSO,1245,1500
sc,80713,CANELINHA,1133,5434
sc,80721,SANTA HELENA,759,935
sc,80730,CANOINHAS,7699,23636
sc,80748,BELMONTE,792,1049
sc,80756,CAPINZAL,3825,8851
sc,80764,NOVO HORIZONTE,807,995
sc,80772,CATANDUVAS,1992,3945
sc,80780,SÃO MIGUEL DA BOA VISTA,663,610
sc,80799,CAXAMBU DO SUL,1810,1645
sc,80802,ARVOREDO,786,1044
sc,80810,CHAPECÓ,40310,73156
sc,80829,IPUAÇU,2621,1265
sc,80837,CONCÓRDIA,10815,33063
sc,80845,OURO VERDE,562,925
sc,80853,CORONEL FREITAS,2483,3824
sc,80861,IRATI,757,749
sc,80870,CORUPÁ,1454,7716
sc,80888,FORMOSA DO SUL,991,862
sc,80896,CRICIÚMA,19694,89133
sc,80900,MACIEIRA,546,767
sc,80918,CUNHA PORÃ,1177,5790
sc,80926,PONTE ALTA DO NORTE,767,1117
sc,80934,CURITIBANOS,6912,14273
sc,80942,SÃO CRISTÓVÃO DO SUL,881,1526
sc,80950,DESCANSO,2077,3389
sc,80969,VARGEM BONITA,1083,2003
sc,80977,DIONÍSIO CERQUEIRA,3745,4399
sc,80985,BOMBINHAS,1974,8189
sc,80993,DONA EMMA,639,1718
sc,81000,SANGÃO,955,5487
sc,81019,ERVAL VELHO,777,2316
sc,81027,CAPIVARI DE BAIXO,3300,9604
sc,81035,FAXINAL DOS GUEDES,3366,3212
sc,81043,CORDILHEIRA ALTA,1120,1980
sc,81051,FLORIANÓPOLIS,92063,169952
sc,81060,FORQUILHINHA,2743,12367
sc,81078,FRAIBURGO,6329,13838
sc,81086,MORRO GRANDE,316,2018
sc,81094,GALVÃO,990,1161
sc,81108,CORONEL MARTINS,802,790
sc,81116,GOVERNADOR CELSO RAMOS,1568,9103
sc,81124,SÃO JOÃO DO ITAPERIÚ,357,2309
sc,81132,GAROPABA,3973,9143
sc,81140,JARDINÓPOLIS,526,727
sc,81159,GARUVA,1834,6449
sc,81167,ERMO,322,1338
sc,81175,GASPAR,6259,29511
sc,81183,SÃO PEDRO DE ALCÂNTARA,528,2561
sc,81191,GRÃO-PARÁ,709,3723
sc,81205,SANTIAGO DO SUL,620,560
sc,81213,GRAVATAL,1128,5801
sc,81221,BELA VISTA DO TOLDO,1324,2508
sc,81230,GUABIRUBA,1610,11000
sc,81248,CAPÃO ALTO,680,1427
sc,81256,GUARACIABA,2728,4207
sc,81264,PAINEL,746,1033
sc,81272,GUARAMIRIM,4341,18653
sc,81280,BOCAINA DO SUL,881,1484
sc,81299,GUARUJÁ DO SUL,1100,1960
sc,81302,ALTO BELA VISTA,445,1063
sc,81310,HERVAL D OESTE,3276,9201
sc,81329,FREI ROGÉRIO,644,1041
sc,81337,IBICARÉ,534,1823
sc,81345,TREVISO,502,2680
sc,81353,IBIRAMA,1835,8815
sc,81361,IOMERÊ,450,1742
sc,81370,IÇARA,5363,25561
sc,81388,BOM JESUS,899,953
sc,81396,ILHOTA,1301,6950
sc,81400,IBIAM,476,916
sc,81418,IMARUÍ,2386,4288
sc,81426,ENTRE RIOS,1564,562
sc,81434,IMBITUBA,7633,17413
sc,81442,PAIAL,694,692
sc,81450,IMBUIA,891,2923
sc,81469,BOM JESUS DO OESTE,551,941
sc,81477,INDAIAL,4635,29606
sc,81485,SÃO BERNARDINO,1043,788
sc,81493,IPIRA,1094,1767
sc,81507,SANTA TEREZINHA DO PROGRESSO,1066,717
sc,81515,IPUMIRIM,1955,2673
sc,81523,SALTINHO,1497,890
sc,81531,IRANI,2139,3387
sc,81540,JUPIÁ,739,874
sc,81558,IRINEÓPOLIS,2149,3861
sc,81566,PALMEIRA,590,1437
sc,81574,ITÁ,1939,2437
sc,81582,BANDEIRANTE,1000,1117
sc,81590,ITAIÓPOLIS,2749,9357
sc,81604,FLOR DO SERTÃO,652,604
sc,81612,ITAJAÍ,20584,89866
sc,81620,CUNHATAÍ,530,874
sc,81639,ITAPEMA,5244,25591
sc,81647,PRINCESA,744,1221
sc,81655,ITAPIRANGA,2624,6907
sc,81663,ITAPOÁ,2225,7459
sc,81671,ITUPORANGA,2340,12231
sc,81680,TIGRINHOS,690,782
sc,81698,JABORÁ,745,2198
sc,81701,CHAPADÃO DO LAGEADO,612,1375
sc,81710,JACINTO MACHADO,1336,5613
sc,81728,BALNEÁRIO ARROIO DO SILVA,1979,5177
sc,81736,JAGUARUNA,2115,8771
sc,81744,BALNEÁRIO GAIVOTA,1590,4422
sc,81752,JARAGUÁ DO SUL,15558,77241
sc,81760,BARRA BONITA,615,776
sc,81779,JOAÇABA,3570,13168
sc,81787,BRUNÓPOLIS,938,1165
sc,81795,JOINVILLE,53088,262556
sc,81809,LUZERNA,630,3367
sc,81817,LACERDÓPOLIS,322,1240
sc,81825,ZORTÉA,727,1368
sc,81833,LAGES,23459,66171
sc,81850,LAGUNA,7011,18029
sc,81876,LAURENTINO,744,3812
sc,81892,LAURO MÜLLER,1760,7493
sc,81914,LEBON RÉGIS,3516,2656
sc,81930,LEOBERTO LEAL,661,1690
sc,81957,LONTRAS,1067,5331
sc,81973,LUIZ ALVES,924,6275
sc,81990,MAFRA,6104,25692
sc,82015,MAJOR GERCINO,563,1733
sc,82031,MAJOR VIEIRA,1537,2812
sc,82058,MARAVILHA,4154,10625
sc,82066,MAREMA,650,982
sc,82074,MASSARANDUBA,1321,8665
sc,82090,MATOS COSTA,880,751
sc,82112,MELEIRO,686,4077
sc,82139,MODELO,1007,1617
sc,82155,MONDAÍ,2205,3534
sc,82171,MONTE CASTELO,1810,3140
sc,82198,MORRO DA FUMAÇA,1410,9012
sc,82210,NAVEGANTES,7774,28223
sc,82236,NOVA ERECHIM,1201,1841
sc,82252,NOVA TRENTO,1069,7232
sc,82279,NOVA VENEZA,1482,7975
sc,82295,ORLEANS,1972,12589
sc,82317,OURO,1154,3340
sc,82333,PALHOÇA,22914,71369
sc,82350,PALMA SOLA,2273,1813
sc,82376,PALMITOS,2901,6582
sc,82392,PAPANDUVA,4042,6961
sc,82414,PAULO LOPES,1221,3535
sc,82430,PEDRAS GRANDES,374,2685
sc,82457,PENHA,2280,11931
sc,82473,PERITIBA,568,1623
sc,82490,PETROLÂNDIA,762,3466
sc,82511,BALNEÁRIO PIÇARRAS,2029,8993
sc,82538,PINHALZINHO,4312,6942
sc,82554,PINHEIRO PRETO,668,1429
sc,82570,PIRATUBA,1061,2740
sc,82597,POMERODE,2448,16620
sc,82619,PONTE ALTA,1153,1779
sc,82635,PONTE SERRADA,2978,2976
sc,82651,PORTO BELO,1794,8176
sc,82678,PORTO UNIÃO,4641,13798
sc,82694,POUSO REDONDO,1556,7168
sc,82716,PRAIA GRANDE,1648,2890
sc,82732,PRESIDENTE CASTELLO BRANCO,260,1049
sc,82759,PRESIDENTE GETÚLIO,1614,8350
sc,82775,PRESIDENTE NEREU,339,1252
sc,82791,QUILOMBO,3204,3337
sc,82813,RANCHO QUEIMADO,475,1775
sc,82830,RIO DAS ANTAS,957,2930
sc,82856,RIO DO CAMPO,906,3207
sc,82872,RIO DO OESTE,1129,3568
sc,82899,RIO DOS CEDROS,848,5681
sc,82910,RIO DO SUL,6311,30687
sc,82937,RIO FORTUNA,380,3283
sc,82953,RIO NEGRINHO,3950,19056
sc,82970,RODEIO,891,6390
sc,82996,ROMELÂNDIA,1386,1611
sc,83011,SALETE,966,3634
sc,83038,SALTO VELOSO,765,1874
sc,83054,SANTA CECÍLIA,3233,5461
sc,83070,SANTA ROSA DE LIMA,391,1156
sc,83097,SANTO AMARO DA IMPERATRIZ,3345,10643
sc,83119,SÃO BENTO DO SUL,7048,40247
sc,83135,SÃO BONIFÁCIO,332,1833
sc,83151,SÃO CARLOS,2443,4026
sc,83178,SÃO DOMINGOS,2474,3339
sc,83194,SÃO FRANCISCO DO SUL,5555,20054
sc,83216,SÃO JOÃO BATISTA,2090,14229
sc,83232,SÃO JOÃO DO SUL,1051,3767
sc,83259,SÃO JOAQUIM,4571,9052
sc,83275,SÃO JOSÉ,34859,95393
sc,83291,SÃO JOSÉ DO CEDRO,2464,6222
sc,83313,SÃO JOSÉ DO CERRITO,2903,2441
sc,83330,SÃO LOURENÇO DO OESTE,4800,8899
sc,83356,SÃO LUDGERO,940,6161
sc,83372,SÃO MARTINHO,332,2355
sc,83399,SÃO MIGUEL DO OESTE,7091,15470
sc,83410,SAUDADES,2276,3832
sc,83437,SCHROEDER,1777,8937
sc,83453,SEARA,4122,6454
sc,83470,SIDERÓPOLIS,1536,6691
sc,83496,SOMBRIO,3544,12546
sc,83518,TAIÓ,1752,9199
sc,83534,TANGARÁ,1301,3851
sc,83550,TIJUCAS,3770,16227
sc,83577,TIMBÓ,2615,22582
sc,83593,TRÊS BARRAS,3096,7237
sc,83615,TREZE DE MAIO,543,4503
sc,83631,TREZE TÍLIAS,895,3657
sc,83658,TROMBUDO CENTRAL,681,3431
sc,83674,TUBARÃO,9784,49205
sc,83682,TUNÁPOLIS,737,2398
sc,83690,TURVO,986,6763
sc,83712,URUBICI,1366,4473
sc,83739,URUSSANGA,1707,11206
sc,83755,VARGEÃO,1046,1190
sc,83771,VIDAL RAMOS,1089,3371
sc,83798,VIDEIRA,6117,21129
sc,83810,WITMARSUM,568,1924
sc,83836,XANXERÊ,10315,15782
sc,83852,XAVANTINA,1215,1666
sc,83879,XAXIM,5823,10995
sc,83895,BOM JARDIM DA SERRA,1060,1549
sc,83909,BALNEÁRIO RINCÃO,1956,5842
sc,83917,MARACAJÁ,1113,3728
sc,83925,PESCARIA BRAVA,1646,4051
sc,83933,TIMBÉ DO SUL,746,2730
sc,83950,CORREIA PINTO,3433,5419
sc,83976,OTACÍLIO COSTA,2480,7238
se,31003,SANTANA DO SÃO FRANCISCO,3026,912
se,31011,AMPARO DE SÃO FRANCISCO,1282,447
se,31038,AQUIDABÃ,8619,2193
se,31054,ARACAJU,155892,139603
se,31070,ARAUÁ,5115,1256
se,31097,AREIA BRANCA,6638,2678
se,31119,BARRA DOS COQUEIROS,8149,5914
se,31135,BREJO GRANDE,3536,797
se,31151,BOQUIM,10488,3847
se,31194,CAMPO DO BRITO,7539,2211
se,31216,CANHOBA,2565,500
se,31232,CANINDÉ DE SÃO FRANCISCO,12679,2788
se,31259,CAPELA,11271,4454
se,31275,CARIRA,9381,2225
se,31291,CARMÓPOLIS,5601,3028
se,31313,CEDRO DE SÃO JOÃO,2530,985
se,31330,CRISTINÁPOLIS,7394,1488
se,31356,NOSSA SENHORA APARECIDA,3689,1502
se,31372,CUMBE,1908,840
se,31399,DIVINA PASTORA,2125,510
se,31410,ESTÂNCIA,24515,8590
se,31437,FEIRA NOVA,3222,792
se,31453,FREI PAULO,5505,3475
se,31470,GENERAL MAYNARD,1402,490
se,31496,GARARU,5632,839
se,31518,GRACCHO CARDOSO,3465,683
se,31534,ILHA DAS FLORES,3539,990
se,31550,INDIAROBA,6795,1240
se,31577,ITABAIANA,31846,16608
se,31593,ITABAIANINHA,14754,6270
se,31615,ITABI,2332,800
se,31631,ITAPORANGA D AJUDA,13186,4872
se,31658,JAPARATUBA,7201,2508
se,31674,JAPOATÃ,6036,1315
se,31690,LAGARTO,38486,13887
se,31712,LARANJEIRAS,10434,4663
se,31739,MACAMBIRA,3124,1239
se,31755,MALHADA DOS BOIS,2165,509
se,31771,MALHADOR,5417,1530
se,31798,MARUIM,6999,1860
se,31810,MOITA BONITA,4091,1906
se,31836,MONTE ALEGRE DE SERGIPE,6231,1643
se,31852,MURIBECA,3511,1088
se,31879,NEÓPOLIS,7060,2159
se,31895,NOSSA SENHORA DA GLÓRIA,16250,3622
se,31917,NOSSA SENHORA DAS DORES,9763,4384
se,31933,NOSSA SENHORA DE LOURDES,3478,704
se,31950,NOSSA SENHORA DO SOCORRO,42414,32091
se,31976,PACATUBA,5945,1247
se,31992,PEDRA MOLE,1442,792
se,32018,PEDRINHAS,3733,1089
se,32034,PINHÃO,2691,792
se,32050,PIRAMBU,3827,1466
se,32077,POÇO REDONDO,11124,2853
se,32093,POÇO VERDE,10479,2233
se,32115,PORTO DA FOLHA,12453,2902
se,32131,PROPRIÁ,9340,4715
se,32158,RIACHÃO DO DANTAS,9942,1984
se,32174,RIACHUELO,4394,1219
se,32190,RIBEIRÓPOLIS,6578,3192
se,32212,ROSÁRIO DO CATETE,4512,1283
se,32239,SALGADO,9100,2222
se,32255,SANTA LUZIA DO ITANHY,5859,1143
se,32298,SANTA ROSA DE LIMA,2001,628
se,32310,SANTO AMARO DAS BROTAS,5254,814
se,32336,SÃO CRISTÓVÃO,25032,14108
se,32352,SÃO DOMINGOS,3451,1905
se,32379,SÃO FRANCISCO,1988,477
se,32395,SÃO MIGUEL DO ALEIXO,2101,520
se,32417,SIMÃO DIAS,19094,4971
se,32433,SIRIRI,3508,1079
se,32450,TELHA,1720,726
se,32476,TOBIAS BARRETO,21192,6832
se,32492,TOMAR DO GERU,4859,1540
se,32514,UMBAÚBA,9162,3193
sp,61000,EUCLIDES DA CUNHA PAULISTA,2860,1660
sp,61018,ADAMANTINA,3156,15088
sp,61026,BOREBI,495,1046
sp,61034,ADOLFO,661,2041
sp,61042,TARUMÃ,2247,5665
sp,61050,AGUAÍ,4335,10765
sp,61069,MOTUCA,981,1426
sp,61077,ÁGUAS DA PRATA,997,3172
sp,61085,IARAS,1383,1263
sp,61093,ÁGUAS DE LINDÓIA,1712,8221
sp,61107,GUATAPARÁ,1417,2197
sp,61115,ÁGUAS DE SÃO PEDRO,560,2062
sp,61123,DIRCE REIS,465,618
sp,61131,AGUDOS,4571,15379
sp,61140,ESPÍRITO SANTO DO TURVO,796,1354
sp,61158,ALFREDO MARCONDES,853,1880
sp,61166,ROSANA,4417,4592
sp,61174,ALTAIR,808,1269
sp,61182,EMBAÚBA,456,1195
sp,61190,ALTINÓPOLIS,2905,5115
sp,61204,ILHA SOLTEIRA,4182,8755
sp,61212,ALTO ALEGRE,576,1932
sp,61220,ALUMÍNIO,3054,6530
sp,61239,ÁLVARES FLORENCE,637,2008
sp,61247,PEDRINHAS PAULISTA,512,1475
sp,61255,ÁLVARES MACHADO,3640,8536
sp,61263,ARAÇARIGUAMA,3192,7212
sp,61271,ÁLVARO DE CARVALHO,703,1208
sp,61280,BERTIOGA,8884,18527
sp,61298,ALVINLÂNDIA,686,1118
sp,61301,SUZANÁPOLIS,834,1133
sp,61310,AMERICANA,27044,98605
sp,61328,SANTO ANTÔNIO DO ARACANGUÁ,1594,3165
sp,61336,AMÉRICO BRASILIENSE,7524,10503
sp,61344,CANITAR,859,1536
sp,61352,AMÉRICO DE CAMPOS,833,2630
sp,61360,BARRA DO CHAPÉU,1532,1383
sp,61379,AMPARO,7048,29332
sp,61387,EMILIANÓPOLIS,766,1090
sp,61395,ANALÂNDIA,556,2050
sp,61409,NOVAIS,729,1749
sp,61417,ANDRADINA,8274,20882
sp,61425,NOVA CANAÃ PAULISTA,526,750
sp,61433,ANGATUBA,4055,7903
sp,61441,SALTINHO,539,4454
sp,61450,ANHEMBI,884,2504
sp,61468,UBARANA,1072,1857
sp,61476,ANHUMAS,724,1687
sp,61484,CAJATI,3712,11259
sp,61492,APARECIDA,4553,16138
sp,61506,CAMPINA DO MONTE ALEGRE,982,2264
sp,61514,APARECIDA D OESTE,1090,1547
sp,61522,ASPÁSIA,455,818
sp,61530,APIAÍ,5069,7214
sp,61549,VARGEM,872,3589
sp,61557,ARAÇATUBA,20424,80353
sp,61565,POTIM,2169,6404
sp,61573,ARAÇOIABA DA SERRA,3881,13130
sp,61581,ALAMBARI,747,2432
sp,61590,ARAMINA,1164,1834
sp,61603,ITAOCA,910,888
sp,61611,ARANDU,1206,2679
sp,61620,TUIUTI,703,2971
sp,61638,ARARAQUARA,40311,70340
sp,61646,ARAPEÍ,624,950
sp,61654,ARARAS,13466,54587
sp,61662,ESTIVA GERBI,1395,4662
sp,61670,AREALVA,1063,3277
sp,61689,ENGENHEIRO COELHO,2810,7049
sp,61697,AREIAS,1128,963
sp,61700,RIBEIRÃO GRANDE,1898,2545
sp,61719,AREIÓPOLIS,1861,3791
sp,61727,HORTOLÂNDIA,35843,68606
sp,61735,ARIRANHA,1207,3668
sp,61743,HOLAMBRA,1695,5866
sp,61751,ARTUR NOGUEIRA,6342,18341
sp,61760,ELISIÁRIO,444,1593
sp,61778,ARUJÁ,13943,31746
sp,61786,BOM SUCESSO DE ITARARÉ,1095,1090
sp,61794,ASSIS,12785,35336
sp,61808,PONTALINDA,889,1210
sp,61816,ATIBAIA,15439,56292
sp,61824,PARISI,411,1295
sp,61832,AURIFLAMA,2255,5561
sp,61840,TAQUARIVAÍ,980,2255
sp,61859,AVAÍ,1120,1571
sp,61867,MARAPOAMA,274,1587
sp,61875,AVANHANDAVA,1855,3257
sp,61883,SÃO JOÃO DE IRACEMA,534,572
sp,61891,AVARÉ,9550,32653
sp,61905,SÃO LOURENÇO DA SERRA,2828,4808
sp,61913,BADY BASSITT,1762,6953
sp,61921,ZACARIAS,457,1132
sp,61930,BALBINOS,227,719
sp,61948,ITAPIRAPUÃ PAULISTA,999,1128
sp,61956,BÁLSAMO,955,4204
sp,61964,MESÓPOLIS,447,713
sp,61972,BANANAL,2428,3078
sp,61980,NOVA CAMPINA,1960,2877
sp,61999,BARBOSA,1149,2178
sp,62006,ILHA COMPRIDA,1998,4586
sp,62014,BARÃO DE ANTONINA,736,1018
sp,62022,LOURDES,428,904
sp,62030,BARIRI,2855,13538
sp,62049,TORRE DE PEDRA,359,1230
sp,62057,BARRA BONITA,4666,15951
sp,62065,ARCO-ÍRIS,421,987
sp,62073,BARRA DO TURVO,1802,1846
sp,62081,BREJO ALEGRE,883,899
sp,62090,BARRETOS,14354,40754
sp,62103,CANAS,698,1927
sp,62111,BARRINHA,6025,9469
sp,62120,PRACINHA,325,578
sp,62138,BARUERI,64279,109197
sp,62146,PRATÂNIA,989,1903
sp,62154,BASTOS,1970,9951
sp,62162,QUADRA,503,1506
sp,62170,BATATAIS,8366,20371
sp,62189,SANTA CRUZ DA ESPERANÇA,375,941
sp,62197,BAURU,49704,133954
sp,62200,SANTA SALETE,307,980
sp,62219,BEBEDOURO,7831,30396
sp,62227,VITÓRIA BRASIL,405,753
sp,62235,BENTO DE ABREU,426,1035
sp,62243,IPIGUÁ,632,2174
sp,62251,BERNARDINO DE CAMPOS,1386,4140
sp,62260,TAQUARAL,465,1032
sp,62278,BILAC,852,3764
sp,62286,FERNÃO,256,777
sp,62294,BIRIGUI,10302,50564
sp,62308,GAVIÃO PEIXOTO,1353,1381
sp,62316,BIRITIBA MIRIM,3818,11348
sp,62324,JUMIRIM,345,1242
sp,62332,BOA ESPERANÇA DO SUL,3013,3573
sp,62340,NANTES,668,924
sp,62359,BOCAINA,1134,4892
sp,62367,NOVA CASTILHO,206,641
sp,62375,BOFETE,1338,3568
sp,62383,OUROESTE,1812,3122
sp,62391,BOITUVA,6524,21746
sp,62405,PAULISTÂNIA,281,917
sp,62413,BOM JESUS DOS PERDÕES,2769,8597
sp,62421,RIBEIRÃO DOS ÍNDIOS,590,676
sp,62430,BORÁ,234,525
sp,62448,TRABIJU,436,681
sp,62456,BORACÉIA,721,1860
sp,62472,BORBOREMA,1420,5904
sp,62499,BOTUCATU,18725,52219
sp,62510,BRAGANÇA PAULISTA,16995,67605
sp,62553,BRAÚNA,677,2402
sp,62570,BRODOWSKI,2279,9157
sp,62596,BROTAS,2373,9364
sp,62618,BURI,2884,7390
sp,62634,BURITAMA,2393,6252
sp,62650,BURITIZAL,545,2047
sp,62677,CABRÁLIA PAULISTA,932,1376
sp,62693,CABREÚVA,5680,17136
sp,62715,CAÇAPAVA,9171,39663
sp,62731,CACHOEIRA PAULISTA,4652,12126
sp,62758,CACONDE,3160,5956
sp,62774,CAFELÂNDIA,2029,6467
sp,62790,CAIABU,1105,1305
sp,62812,CAIEIRAS,16144,29988
sp,62839,CAIUÁ,1320,1197
sp,62855,CAJAMAR,15248,26934
sp,62871,CAJOBI,1537,3847
sp,62898,CAJURU,4320,7421
sp,62910,CAMPINAS,181841,401284
sp,62936,CAMPO LIMPO PAULISTA,11705,28924
sp,62952,CAMPOS DO JORDÃO,5455,18414
sp,62979,CAMPOS NOVOS PAULISTA,789,1714
sp,62995,CANANÉIA,1944,4107
sp,63010,CÂNDIDO MOTA,3708,12990
sp,63037,CÂNDIDO RODRIGUES,430,1227
sp,63053,CAPÃO BONITO,6044,17480
sp,63070,CAPELA DO ALTO,1976,7699
sp,63096,CAPIVARI,5228,20783
sp,63118,CARAGUATATUBA,17363,42855
sp,63134,CARAPICUÍBA,80671,115383
sp,63150,CARDOSO,2379,3859
sp,63177,CASA BRANCA,2670,10147
sp,63193,CÁSSIA DOS COQUEIROS,602,1106
sp,63215,CASTILHO,4821,5005
sp,63231,CATANDUVA,13376,49732
sp,63258,CATIGUÁ,928,3140
sp,63274,CEDRAL,991,3890
sp,63290,CERQUEIRA CÉSAR,2572,7135
sp,63312,CERQUILHO,4010,20269
sp,63339,CESÁRIO LANGE,1466,6939
sp,63355,CHARQUEADA,1865,7063
sp,63371,CHAVANTES,1738,4551
sp,63398,CLEMENTINA,987,2859
sp,63410,COLINA,3022,6144
sp,63436,COLÔMBIA,1480,2160
sp,63452,CONCHAL,2627,12002
sp,63479,CONCHAS,1836,6887
sp,63495,CORDEIRÓPOLIS,2904,10191
sp,63517,COROADOS,569,2369
sp,63533,CORONEL MACEDO,1344,1362
sp,63550,CORUMBATAÍ,414,1814
sp,63576,COSMÓPOLIS,9109,21333
sp,63592,COSMORAMA,1250,3250
sp,63614,COTIA,43296,72473
sp,63630,CRAVINHOS,3539,13546
sp,63657,CRISTAIS PAULISTA,1377,3576
sp,63673,CRUZÁLIA,488,1081
sp,63690,CRUZEIRO,9254,30111
sp,63711,CUBATÃO,25584,39026
sp,63738,CUNHA,3725,7824
sp,63754,DESCALVADO,3129,13415
sp,63770,DIADEMA,108740,117805
sp,63797,DIVINOLÂNDIA,1519,5084
sp,63819,DOBRADA,1868,2260
sp,63835,DOIS CÓRREGOS,2654,9845
sp,63851,DOLCINÓPOLIS,831,677
sp,63878,DOURADO,1164,3406
sp,63894,DRACENA,4710,19141
sp,63916,DUARTINA,1922,4879
sp,63932,DUMONT,1088,3714
sp,63959,ECHAPORÃ,1079,2431
sp,63975,ELDORADO,3256,3890
sp,63991,ELIAS FAUSTO,1950,6815
sp,64017,EMBU DAS ARTES,57509,68422
sp,64033,EMBU-GUAÇU,12537,21334
sp,64050,ESTRELA D OESTE,1095,3624
sp,64076,ESTRELA DO NORTE,757,875
sp,64092,FARTURA,2741,5772
sp,64114,FERNANDÓPOLIS,9414,24660
sp,64130,FERNANDO PRESTES,671,2538
sp,64157,FERRAZ DE VASCONCELOS,36186,48212
sp,64173,FLORA RICA,483,603
sp,64190,FLOREAL,521,1230
sp,64211,FLÓRIDA PAULISTA,1626,3880
sp,64238,FLORÍNEA,714,1048
sp,64254,FRANCA,41285,126487
sp,64270,FRANCISCO MORATO,40445,39062
sp,64297,FRANCO DA ROCHA,27499,38078
sp,64319,GABRIEL MONTEIRO,314,1558
sp,64335,GÁLIA,1321,2157
sp,64351,GARÇA,4647,18233
sp,64378,GASTÃO VIDIGAL,994,1005
sp,64394,GENERAL SALGADO,1581,4170
sp,64416,GETULINA,1414,3456
sp,64432,GLICÉRIO,956,1749
sp,64459,GUAIÇARA,1471,4101
sp,64475,GUAIMBÊ,1131,1843
sp,64491,GUAÍRA,4898,13565
sp,64513,GUAPIAÇU,2774,7041
sp,64530,GUAPIARA,4528,4914
sp,64556,GUARÁ,3833,5779
sp,64572,GUARAÇAÍ,1200,3233
sp,64599,GUARACI,2195,3183
sp,64610,GUARANI D OESTE,459,582
sp,64637,GUARANTÃ,947,2472
sp,64653,GUARARAPES,3443,12499
sp,64670,GUARAREMA,3891,12788
sp,64696,GUARATINGUETÁ,13689,50772
sp,64718,GUAREÍ,1294,4601
sp,64734,GUARIBA,6142,12825
sp,64750,GUARUJÁ,50938,104510
sp,64777,GUARULHOS,203594,397523
sp,64793,GUZOLÂNDIA,1073,1280
sp,64815,HERCULÂNDIA,1484,2976
sp,64831,IACANGA,1183,4307
sp,64858,IACRI,845,2579
sp,64874,IBATÉ,5182,11452
sp,64890,IBIRÁ,1258,4842
sp,64912,IBIRAREMA,820,2629
sp,64939,IBITINGA,6888,22062
sp,64955,IBIÚNA,8646,28966
sp,64971,ICÉM,1506,2576
sp,64998,IEPÊ,1389,3097
sp,65013,IGARAÇU DO TIETÊ,3418,8735
sp,65030,IGARAPAVA,5004,8041
sp,65056,IGARATÁ,1344,4225
sp,65072,IGUAPE,4452,9249
sp,65099,ILHABELA,5042,10815
sp,65110,INDAIATUBA,26816,88374
sp,65137,INDIANA,715,2153
sp,65153,INDIAPORÃ,870,1194
sp,65170,INÚBIA PAULISTA,390,1823
sp,65196,IPAUSSU,1773,5575
sp,65218,IPERÓ,4683,8473
sp,65234,IPEÚNA,744,2952
sp,65250,IPORANGA,1195,813
sp,65277,IPUÃ,3043,4408
sp,65293,IRACEMÁPOLIS,2732,10139
sp,65315,IRAPUÃ,889,2891
sp,65331,IRAPURU,1109,2364
sp,65358,ITABERÁ,3802,6066
sp,65374,ITAÍ,4583,6556
sp,65390,ITAJOBI,1372,7102
sp,65412,ITAJU,523,1502
sp,65439,ITANHAÉM,14314,31784
sp,65455,ITAPECERICA DA SERRA,35079,41677
sp,65471,ITAPETININGA,15586,57906
sp,65498,ITAPEVA,11919,34188
sp,65510,ITAPEVI,43108,57076
sp,65536,ITAPIRA,7478,30289
sp,65552,ITÁPOLIS,4029,15842
sp,65579,ITAPORANGA,2300,5204
sp,65595,ITAPUÍ,1491,4711
sp,65617,ITAPURA,1578,782
sp,65633,ITAQUAQUECETUBA,64242,90182
sp,65650,ITARARÉ,5886,17141
sp,65676,ITARIRI,1705,3992
sp,65692,ITATIBA,11253,44476
sp,65714,ITATINGA,2481,6814
sp,65730,ITIRAPINA,1865,4739
sp,65757,ITIRAPUÃ,1431,1845
sp,65773,ITOBI,1425,2783
sp,65790,ITU,18904,64175
sp,65811,ITUPEVA,6544,21693
sp,65838,ITUVERAVA,5344,13229
sp,65854,JABORANDI,1280,2132
sp,65870,JABOTICABAL,7937,26606
sp,65897,JACAREÍ,25569,88982
sp,65919,JACI,965,2694
sp,65935,JACUPIRANGA,2051,6358
sp,65951,JAGUARIÚNA,6098,21336
sp,65978,JALES,5694,19587
sp,65994,JAMBEIRO,707,2732
sp,66010,JANDIRA,20346,32976
sp,66036,JARDINÓPOLIS,3943,14129
sp,66052,JARINU,3659,11346
sp,66079,JAÚ,12272,57771
sp,66095,JERIQUARA,862,1114
sp,66117,JOANÓPOLIS,1231,5122
sp,66133,JOÃO RAMALHO,877,1403
sp,66150,JOSÉ BONIFÁCIO,4393,13648
sp,66176,JÚLIO MESQUITA,1087,1373
sp,66192,JUNDIAÍ,48827,173143
sp,66214,JUNQUEIRÓPOLIS,2297,7384
sp,66230,JUQUIÁ,2622,6815
sp,66257,JUQUITIBA,5427,8993
sp,66273,LAGOINHA,949,2444
sp,66290,LARANJAL PAULISTA,2482,11916
sp,66311,LAVÍNIA,993,1728
sp,66338,LAVRINHAS,1379,2698
sp,66354,LEME,11306,38007
sp,66370,LENÇÓIS PAULISTA,5874,29023
sp,66397,LIMEIRA,27257,127375
sp,66419,LINDÓIA,726,3300
sp,66435,LINS,6317,31675
sp,66451,LORENA,8929,33879
sp,66478,LOUVEIRA,5961,18600
sp,66494,LUCÉLIA,2091,6931
sp,66516,LUCIANÓPOLIS,492,914
sp,66532,LUÍS ANTÔNIO,2101,3940
sp,66559,LUIZIÂNIA,870,1772
sp,66575,LUPÉRCIO,792,1470
sp,66591,LUTÉCIA,677,1001
sp,66613,MACATUBA,1959,7084
sp,66630,MACAUBAL,896,3119
sp,66656,MACEDÔNIA,606,1437
sp,66672,MAGDA,580,1282
sp,66699,MAIRINQUE,7040,17565
sp,66710,MAIRIPORÃ,10743,30283
sp,66737,MANDURI,1205,3680
sp,66753,MARABÁ PAULISTA,1057,974
sp,66770,MARACAÍ,2118,5548
sp,66796,MARIÁPOLIS,779,1275
sp,66818,MARÍLIA,23536,94124
sp,66834,MARINÓPOLIS,496,772
sp,66850,MARTINÓPOLIS,3596,8734
sp,66877,MATÃO,12776,30373
sp,66893,MAUÁ,78638,128689
sp,66915,MENDONÇA,953,2121
sp,66931,MERIDIANO,734,1576
sp,66958,MIGUELÓPOLIS,4069,5545
sp,66974,MINEIROS DO TIETÊ,1148,5035
sp,66990,MIRACATU,3274,6585
sp,67016,MIRA ESTRELA,569,1110
sp,67032,MIRANDÓPOLIS,2699,10035
sp,67059,MIRANTE DO PARANAPANEMA,4574,3947
sp,67075,MIRASSOL,6403,22447
sp,67091,MIRASSOLÂNDIA,620,1847
sp,67113,MOCOCA,7963,24341
sp,67130,MOGI DAS CRUZES,60367,149953
sp,67156,MOGI GUAÇU,14361,64012
sp,67172,MOGI MIRIM,8423,37986
sp,67199,MOMBUCA,508,1788
sp,67210,MONÇÕES,439,900
sp,67237,MONGAGUÁ,8719,18364
sp,67253,MONTE ALEGRE DO SUL,824,3389
sp,67270,MONTE ALTO,4604,19985
sp,67296,MONTE APRAZÍVEL,2964,8523
sp,67318,MONTE AZUL PAULISTA,2263,7408
sp,67334,MONTE CASTELO,953,1439
sp,67350,MONTEIRO LOBATO,844,1661
sp,67377,MONTE MOR,9225,17676
sp,67393,MORRO AGUDO,4089,9198
sp,67415,MORUNGABA,1355,6096
sp,67431,MURUTINGA DO SUL,691,1652
sp,67458,NARANDIBA,1264,1601
sp,67474,NATIVIDADE DA SERRA,951,2786
sp,67490,NAZARÉ PAULISTA,2088,6753
sp,67512,NEVES PAULISTA,1359,3699
sp,67539,NHANDEARA,1153,4335
sp,67555,NIPOÃ,913,1557
sp,67571,NOVA ALIANÇA,881,2598
sp,67598,NOVA EUROPA,2264,2740
sp,67610,NOVA GRANADA,3403,6394
sp,67636,NOVA GUATAPORANGA,597,744
sp,67652,NOVA INDEPENDÊNCIA,786,1285
sp,67679,NOVA LUZITÂNIA,757,1200
sp,67695,NOVA ODESSA,8377,23989
sp,67717,NOVO HORIZONTE,4435,15451
sp,67733,NUPORANGA,917,3045
sp,67750,OCAUÇU,879,1374
sp,67776,ÓLEO,382,1351
sp,67792,OLÍMPIA,6422,20672
sp,67814,ONDA VERDE,792,1721
sp,67830,ORIENTE,923,2601
sp,67857,ORINDIÚVA,1260,1902
sp,67873,ORLÂNDIA,5161,15111
sp,67890,OSASCO,143603,245969
sp,67911,OSCAR BRESSANE,386,1443
sp,67938,OSVALDO CRUZ,2944,13016
sp,67954,OURINHOS,13350,39357
sp,67970,OURO VERDE,1907,2244
sp,67997,PACAEMBU,1359,4286
sp,68012,PALESTINA,1940,4109
sp,68039,PALMARES PAULISTA,1779,3332
sp,68055,PALMEIRA D OESTE,1698,3406
sp,68071,PALMITAL,3018,8520
sp,68098,PANORAMA,2186,4670
sp,68110,PARAGUAÇU PAULISTA,6277,14579
sp,68136,PARAIBUNA,3183,6189
sp,68152,PARAÍSO,765,2507
sp,68179,PARANAPANEMA,3381,5898
sp,68195,PARANAPUÃ,698,1506
sp,68217,PARAPUÃ,1462,4079
sp,68233,PARDINHO,1005,2681
sp,68250,PARIQUERA-AÇU,2407,7104
sp,68276,PATROCÍNIO PAULISTA,1940,5293
sp,68292,PAULICÉIA,1182,2614
sp,68314,PAULÍNIA,14863,37123
sp,68330,PAULO DE FARIA,1645,2439
sp,68357,PEDERNEIRAS,4896,17622
sp,68373,PEDRA BELA,969,2405
sp,68390,PEDRANÓPOLIS,527,900
sp,68411,PEDREGULHO,3605,4262
sp,68438,PEDREIRA,4055,19185
sp,68454,PEDRO DE TOLEDO,1584,3060
sp,68470,PENÁPOLIS,7460,22610
sp,68497,PEREIRA BARRETO,3915,8684
sp,68519,PEREIRAS,1057,3174
sp,68535,PERUÍBE,10296,23235
sp,68551,PIACATU,930,2466
sp,68578,PIEDADE,7451,20074
sp,68594,PILAR DO SUL,3437,11439
sp,68616,PINDAMONHANGABA,16054,60525
sp,68632,PINDORAMA,1858,5915
sp,68659,ESPÍRITO SANTO DO PINHAL,4926,16536
sp,68675,PINHALZINHO,1364,5461
sp,68691,PIQUEROBI,851,1154
sp,68713,PIQUETE,1412,5482
sp,68730,PIRACAIA,2878,11625
sp,68756,PIRACICABA,43260,158008
sp,68772,PIRAJU,3880,11080
sp,68799,PIRAJUÍ,2306,7875
sp,68810,PIRANGI,1129,4320
sp,68837,PIRAPORA DO BOM JESUS,3302,4938
sp,68853,PIRAPOZINHO,4133,9312
sp,68870,PIRASSUNUNGA,7167,32142
sp,68896,PIRATININGA,1452,5001
sp,68918,PITANGUEIRAS,5335,11391
sp,68934,PLANALTO,1127,1693
sp,68950,PLATINA,564,1299
sp,68977,POÁ,22471,40969
sp,68993,POLONI,772,2275
sp,69019,POMPÉIA,2135,9331
sp,69035,PONGAÍ,461,1723
sp,69051,PONTAL,5791,12077
sp,69078,PONTES GESTAL,577,1133
sp,69094,POPULINA,1135,1301
sp,69116,PORANGABA,1109,3143
sp,69132,PORTO FELIZ,5652,22178
sp,69159,PORTO FERREIRA,5502,22295
sp,69175,POTIRENDABA,2098,6553
sp,69191,PRADÓPOLIS,2710,6276
sp,69213,PRAIA GRANDE,39211,102534
sp,69230,PRESIDENTE ALVES,649,1733
sp,69256,PRESIDENTE BERNARDES,2281,5072
sp,69272,PRESIDENTE EPITÁCIO,5915,13437
sp,69299,PRESIDENTE PRUDENTE,25387,90190
sp,69310,PRESIDENTE VENCESLAU,4254,15173
sp,69337,PROMISSÃO,5333,12565
sp,69353,QUATÁ,1869,5221
sp,69370,QUEIROZ,659,1314
sp,69396,QUELUZ,1904,2652
sp,69418,QUINTANA,1051,2473
sp,69434,RAFARD,1022,4378
sp,69450,RANCHARIA,4961,11199
sp,69477,REDENÇÃO DA SERRA,665,1958
sp,69493,REGENTE FEIJÓ,2814,7553
sp,69515,REGINÓPOLIS,595,2621
sp,69531,REGISTRO,8333,21153
sp,69558,RESTINGA,1760,2599
sp,69574,RIBEIRA,981,988
sp,69590,RIBEIRÃO BONITO,1778,3712
sp,69612,RIBEIRÃO BRANCO,4489,5242
sp,69639,RIBEIRÃO CORRENTE,960,1749
sp,69655,RIBEIRÃO DO SUL,1139,1583
sp,69671,RIBEIRÃO PIRES,20501,41053
sp,69698,RIBEIRÃO PRETO,82528,215117
sp,69710,RIVERSUL,1291,1741
sp,69736,RIFAINA,857,1672
sp,69752,RINCÃO,2192,2957
sp,69779,RINÓPOLIS,1079,4076
sp,69795,RIO CLARO,21484,81089
sp,69817,RIO DAS PEDRAS,4132,12839
sp,69833,RIO GRANDE DA SERRA,9376,13583
sp,69850,RIOLÂNDIA,2102,2503
sp,69876,ROSEIRA,1409,4461
sp,69892,RUBIÁCEA,468,1048
sp,69914,RUBINÉIA,569,1370
sp,69930,SABINO,857,2066
sp,69957,SAGRES,542,865
sp,69973,SALES,630,2679
sp,69990,SALES OLIVEIRA,1487,4182
sp,70017,SALESÓPOLIS,2566,7429
sp,70033,SALMOURÃO,934,1786
sp,70050,SALTO,15501,46789
sp,70076,SALTO DE PIRAPORA,5774,14417
sp,70092,SALTO GRANDE,1315,2936
sp,70114,SANDOVALINA,1323,983
sp,70130,SANTA ADÉLIA,1703,5649
sp,70157,SANTA ALBERTINA,859,2454
sp,70173,SANTA BÁRBARA D OESTE,22479,76429
sp,70190,ÁGUAS DE SANTA BÁRBARA,850,2448
sp,70211,SANTA BRANCA,1929,6230
sp,70238,SANTA CLARA D OESTE,464,988
sp,70254,SANTA CRUZ DA CONCEIÇÃO,532,2202
sp,70270,SANTA CRUZ DAS PALMEIRAS,4002,11123
sp,70297,SANTA CRUZ DO RIO PARDO,4309,19301
sp,70319,SANTA ERNESTINA,1257,2232
sp,70335,SANTA FÉ DO SUL,3560,13054
sp,70351,SANTA GERTRUDES,2778,9755
sp,70378,SANTA ISABEL,7046,20358
sp,70394,SANTA LÚCIA,1967,2824
sp,70416,SANTA MARIA DA SERRA,721,2074
sp,70432,SANTA MERCEDES,653,1029
sp,70459,SANTANA DA PONTE PENSA,336,733
sp,70475,SANTANA DE PARNAÍBA,20077,40706
sp,70491,SANTA RITA D OESTE,511,1127
sp,70513,SANTA RITA DO PASSA QUATRO,2484,11659
sp,70530,SANTA ROSA DE VITERBO,3554,8540
sp,70556,SANTO ANASTÁCIO,3286,7122
sp,70572,SANTO ANDRÉ,131021,264039
sp,70599,SANTO ANTÔNIO DA ALEGRIA,1382,2294
sp,70610,SANTO ANTÔNIO DE POSSE,2397,8882
sp,70637,SANTO ANTÔNIO DO JARDIM,849,2879
sp,70653,SANTO ANTÔNIO DO PINHAL,942,3093
sp,70670,SANTO EXPEDITO,698,1125
sp,70696,SANTÓPOLIS DO AGUAPEÍ,662,1616
sp,70718,SANTOS,67785,168843
sp,70734,SÃO BENTO DO SAPUCAÍ,1370,4667
sp,70750,SÃO BERNARDO DO CAMPO,175284,258269
sp,70777,SÃO CAETANO DO SUL,25514,77010
sp,70793,SÃO CARLOS,40433,83202
sp,70815,SÃO FRANCISCO,604,1087
sp,70831,SÃO JOÃO DA BOA VISTA,10015,36546
sp,70858,SÃO JOÃO DAS DUAS PONTES,680,873
sp,70874,SÃO JOÃO DO PAU D ALHO,579,860
sp,70890,SÃO JOAQUIM DA BARRA,7321,16374
sp,70912,SÃO JOSÉ DA BELA VISTA,1734,2571
sp,70939,SÃO JOSÉ DO BARREIRO,1027,1273
sp,70955,SÃO JOSÉ DO RIO PARDO,6545,20490
sp,70971,SÃO JOSÉ DO RIO PRETO,49211,177175
sp,70998,SÃO JOSÉ DOS CAMPOS,87356,279797
sp,71013,SÃO LUÍS DO PARAITINGA,2033,4486
sp,71030,SÃO MANUEL,4839,15328
sp,71056,SÃO MIGUEL ARCANJO,4560,11888
sp,71072,SÃO PAULO,2424125,3694834
sp,71099,SÃO PEDRO,3133,14483
sp,71110,SÃO PEDRO DO TURVO,1297,2574
sp,71137,SÃO ROQUE,10351,28284
sp,71153,SÃO SEBASTIÃO,14986,24898
sp,71170,SÃO SEBASTIÃO DA GRAMA,1695,3915
sp,71196,SÃO SIMÃO,2034,5734
sp,71218,SÃO VICENTE,57415,113848
sp,71234,SARAPUÍ,1498,3125
sp,71250,SARUTAIÁ,925,1140
sp,71277,SEBASTIANÓPOLIS DO SUL,415,1600
sp,71293,SERRA AZUL,1861,2719
sp,71315,SERRANA,7259,14648
sp,71331,SERRA NEGRA,2712,12094
sp,71358,SERTÃOZINHO,17181,41928
sp,71374,SETE BARRAS,2072,4123
sp,71390,SEVERÍNIA,2354,6065
sp,71412,SILVEIRAS,1167,2255
sp,71439,SOCORRO,3039,17090
sp,71455,SOROCABA,91927,257866
sp,71471,SUD MENNUCCI,1739,2579
sp,71498,SUMARÉ,40727,88674
sp,71510,SUZANO,47201,98160
sp,71536,TABAPUÃ,1371,4821
sp,71552,TABATINGA,2428,4951
sp,71579,TABOÃO DA SERRA,64301,77834
sp,71595,TACIBA,1543,1949
sp,71617,TAGUAÍ,1878,4314
sp,71633,TAIAÇU,1223,1884
sp,71650,TAIÚVA,639,2441
sp,71676,TAMBAÚ,3148,7596
sp,71692,TANABI,3143,10629
sp,71714,TAPIRAÍ,1245,2570
sp,71730,TAPIRATIBA,2454,4350
sp,71757,TAQUARITINGA,7212,18278
sp,71773,TAQUARITUBA,4108,7829
sp,71790,TARABAI,1704,1928
sp,71811,TATUÍ,11048,45426
sp,71838,TAUBATÉ,30037,128269
sp,71854,TEJUPÁ,1204,1323
sp,71870,TEODORO SAMPAIO,5234,5936
sp,71897,TERRA ROXA,1206,3060
sp,71919,TIETÊ,3825,16856
sp,71935,TIMBURI,500,1040
sp,71951,TORRINHA,1024,4030
sp,71978,TREMEMBÉ,3932,14843
sp,71994,TRÊS FRONTEIRAS,981,2309
sp,72010,TUPÃ,6625,26574
sp,72036,TUPI PAULISTA,2039,5779
sp,72052,TURIÚBA,295,852
sp,72079,TURMALINA,475,725
sp,72095,UBATUBA,11741,32462
sp,72117,UBIRAJARA,946,1837
sp,72133,UCHOA,1469,3927
sp,72150,UNIÃO PAULISTA,368,705
sp,72176,URÂNIA,1262,3218
sp,72192,URU,223,767
sp,72214,URUPÊS,1572,5667
sp,72230,VALENTIM GENTIL,1616,4771
sp,72257,VALINHOS,14322,48664
sp,72273,VALPARAÍSO,3071,7449
sp,72311,VARGEM GRANDE DO SUL,4103,16342
sp,72338,VÁRZEA PAULISTA,15480,39776
sp,72354,VERA CRUZ,1426,4082
sp,72370,VINHEDO,8704,34113
sp,72397,VIRADOURO,2120,7182
sp,72419,VISTA ALEGRE DO ALTO,1100,2656
sp,72435,VOTORANTIM,16250,46025
sp,72451,VOTUPORANGA,10502,36114
sp,72737,VARGEM GRANDE PAULISTA,8774,17252
to,73008,ABREULÂNDIA,856,542
to,73016,PIRAQUÊ,930,543
to,73024,RIACHINHO,1650,726
to,73032,DARCINÓPOLIS,1814,991
to,73040,PALMEIRAS DO TOCANTINS,1744,981
to,73059,MAURILÂNDIA DO TOCANTINS,1523,453
to,73067,CACHOEIRINHA,827,365
to,73075,ANGICO,920,744
to,73083,PALMEIRANTE,1763,669
to,73091,CAMPOS LINDOS,2797,1168
to,73105,SÃO FÉLIX DO TOCANTINS,641,199
to,73113,LAGOA DO TOCANTINS,1250,547
to,73121,BOM JESUS DO TOCANTINS,1258,877
to,73130,SANTA MARIA DO TOCANTINS,903,613
to,73148,NOVO ALEGRE,740,449
to,73156,SANDOLÂNDIA,1045,1069
to,73164,TAIPAS DO TOCANTINS,812,275
to,73172,NOVO JARDIM,860,407
to,73180,SÃO MIGUEL DO TOCANTINS,3786,1690
to,73199,FORTALEZA DO TABOCÃO,952,846
to,73202,ITAPIRATINS,1312,673
to,73210,CENTENÁRIO,841,354
to,73229,RECURSOLÂNDIA,1331,485
to,73237,TUPIRATINS,825,337
to,73245,BRASILÂNDIA DO TOCANTINS,631,529
to,73253,JUARINA,815,504
to,73261,PAU D ARCO,1320,1037
to,73270,MATEIROS,851,394
to,73288,SÃO BENTO DO TOCANTINS,2020,792
to,73296,ESPERANTINA,3125,1070
to,73300,CARIRI DO TOCANTINS,1011,1127
to,73318,ARAGUANÃ,1367,1107
to,73326,CARMOLÂNDIA,901,527
to,73334,ARAGOMINAS,1875,984
to,73342,MURICILÂNDIA,1077,530
to,73350,SANTA FÉ DO ARAGUAIA,1866,1380
to,73369,JAÚ DO TOCANTINS,1056,788
to,73377,SUCUPIRA,544,550
to,73385,LAGOA DA CONFUSÃO,3140,2479
to,73393,SÃO SALVADOR DO TOCANTINS,1052,353
to,73407,LAJEADO,1047,1053
to,73415,RIO DOS BOIS,945,544
to,73423,CARRASCO BONITO,1407,520
to,73431,RIO DA CONCEIÇÃO,760,331
to,73440,PALMAS,45892,84782
to,73458,TUPIRAMA,665,505
to,73466,OLIVEIRA DE FÁTIMA,606,404
to,73474,CHAPADA DE AREIA,619,634
to,73482,CHAPADA DA NATIVIDADE,1331,430
to,73504,TALISMÃ,872,710
to,73512,AGUIARNÓPOLIS,1723,887
to,73520,LUZINÓPOLIS,958,517
to,73539,SANTA TEREZINHA DO TOCANTINS,893,478
to,73547,SANTA RITA DO TOCANTINS,598,561
to,73555,CRIXÁS DO TOCANTINS,542,380
to,73563,MONTE SANTO DO TOCANTINS,750,835
to,73571,PUGMIL,572,641
to,73580,BANDEIRANTES DO TOCANTINS,846,860
to,73598,IPUEIRAS,751,279
to,73601,LAVANDEIRA,646,393
to,73610,BARRA DO OURO,1755,648
to,92002,BERNARDO SAYÃO,1068,1100
to,92045,BURITI DO TOCANTINS,3017,1539
to,92070,ALMAS,2214,1022
to,92088,CASEARA,1706,915
to,92134,ALVORADA,1989,2516
to,92142,COMBINADO,1182,1285
to,92185,DIVINÓPOLIS DO TOCANTINS,2283,1380
to,92193,ANANÁS,3195,1823
to,92240,GOIANORTE,1680,1146
to,92304,MARIANÓPOLIS DO TOCANTINS,1340,776
to,92371,ARAGUACEMA,2120,1053
to,92398,ARAGUAÇU,1436,3001
to,92401,NOVA ROSALÂNDIA,849,1022
to,92410,ARAGUAÍNA,31320,46436
to,92436,ARAGUATINS,8819,5882
to,92452,ARAPOEMA,1811,1385
to,92479,ARRAIAS,3642,1323
to,92487,PEQUIZEIRO,1631,1073
to,92509,PORTO ALEGRE DO TOCANTINS,995,401
to,92525,PRAIA NORTE,2738,996
to,92533,AURORA DO TOCANTINS,1173,740
to,92541,SAMPAIO,1525,593
to,92576,AXIXÁ DO TOCANTINS,4033,2147
to,92584,SANTA ROSA DO TOCANTINS,1850,725
to,92592,BABAÇULÂNDIA,3312,1276
to,92606,SANTA TEREZA DO TOCANTINS,843,869
to,92681,SÃO VALÉRIO,1660,642
to,92738,BREJINHO DE NAZARÉ,1542,1135
to,93114,COLINAS DO TOCANTINS,6805,9249
to,93130,CONCEIÇÃO DO TOCANTINS,1372,455
to,93211,COUTO MAGALHÃES,1886,1027
to,93238,CRISTALÂNDIA,1903,1681
to,93416,DIANÓPOLIS,5206,3012
to,93459,DOIS IRMÃOS DO TOCANTINS,2168,1066
to,93475,DUERÉ,1206,945
to,93556,FILADÉLFIA,2646,1470
to,93653,FORMOSO DO ARAGUAIA,4217,5013
to,93858,GURUPI,14655,24613
to,94056,ITACAJÁ,2422,1447
to,94099,ITAGUATINS,2276,912
to,94170,ITAPORÃ DO TOCANTINS,797,663
to,94617,MIRACEMA DO TOCANTINS,5913,3769
to,94633,MIRANORTE,3333,3352
to,94692,MONTE DO CARMO,1959,1134
to,94811,NATIVIDADE,2346,1780
to,94838,NAZARÉ,1934,730
to,94994,NOVO ACORDO,1373,992
to,95192,PARAÍSO DO TOCANTINS,6609,16149
to,95214,PARANÃ,4008,949
to,95257,PEDRO AFONSO,3270,3226
to,95273,PEIXE,3158,1633
to,95290,COLMÉIA,1780,2607
to,95338,GOIATINS,3960,1459
to,95370,PINDORAMA DO TOCANTINS,1290,1016
to,95478,PIUM,1585,1779
to,95516,PONTE ALTA DO BOM JESUS,1582,635
to,95532,PONTE ALTA DO TOCANTINS,1852,1502
to,95591,PORTO NACIONAL,15105,13764
to,95699,LIZARDA,1324,329
to,96032,SÃO SEBASTIÃO DO TOCANTINS,1662,571
to,96130,SÍTIO NOVO DO TOCANTINS,4045,1556
to,96156,TAGUATINGA,4471,2451
to,96199,TOCANTÍNIA,2683,867
to,96210,TOCANTINÓPOLIS,7512,3592
to,96270,GUARAÍ,4965,6544
to,96296,PRESIDENTE KENNEDY,919,849
to,96431,XAMBIOÁ,2888,2939
to,96490,PALMEIRÓPOLIS,1658,2089
to,96598,SILVANÓPOLIS,1793,1192
to,96636,NOVA OLINDA,3277,2443
to,96652,WANDERLÂNDIA,2735,1944
to,96679,FIGUEIRÓPOLIS,1418,1433
to,96792,RIO SONO,1616,959
to,96830,FÁTIMA,946,1092
to,96857,AUGUSTINÓPOLIS,5598,3171
to,96954,ALIANÇA DO TOCANTINS,1449,1215
to,96970,APARECIDA DO RIO NEGRO,1291,1171
to,96997,BARROLÂNDIA,1545,1501
zz,29173,KATMANDU,8,12
zz,29254,ABIDJÃ,17,10
zz,29262,ABU DHABI,138,539
zz,29270,ACCRA-GANA,9,5
zz,29289,AMÃ,231,119
zz,29297,ANCARA,7,8
zz,29319,ARTIGAS,83,319
zz,29327,ASSUNÇÃO,213,881
zz,29335,ATENAS,99,276
zz,29343,BANGKOK,21,53
zz,29351,BARCELONA,939,806
zz,29360,BEIRUTE,941,1041
zz,29378,BELGRADO,16,10
zz,29386,BERLIM,1832,768
zz,29394,BISSAU,13,14
zz,29408,BOGOTÁ,180,284
zz,29416,BOSTON,1827,11786
zz,29432,BRUXELAS,746,1049
zz,29440,BUCARESTE,7,14
zz,29459,BUDAPESTE,54,56
zz,29467,BUENOS AIRES,1566,1365
zz,29475,CAIENA,551,950
zz,29483,CAIRO,20,24
zz,29491,CAMBERRA,283,539
zz,29505,CARACAS,67,360
zz,29513,CHICAGO,528,1216
zz,29521,CHUY,4,10
zz,29530,CIDADE DO CABO,50,64
zz,29548,SINGAPURA-SING,59,164
zz,29556,CIUDAD DEL ESTE,193,2196
zz,29564,CIUDAD GUAYANA,4,32
zz,29572,COCHABAMBA,23,97
zz,29580,CONCEPCIÓN,0,40
zz,29599,COPENHAGUE-DINA,420,190
zz,29602,CÓRDOBA,152,157
zz,29610,DACAR,24,32
zz,29645,DÍLI,11,27
zz,29653,DOHA,39,160
zz,29661,DUBLIN,510,437
zz,29670,ENCARNACIÓN,18,93
zz,29688,ESTOCOLMO,666,421
zz,29696,FRANKFURT,1327,1276
zz,29700,GENEBRA,1077,1846
zz,29718,GEORGETOWN,8,47
zz,29742,HAMAMATSU,399,4677
zz,29750,HANÓI,10,7
zz,29777,HAVANA,19,7
zz,29785,HELSINQUE,180,154
zz,29793,HONG KONG-HONG,54,225
zz,29807,HOUSTON,615,2663
zz,29840,JACARTA,9,16
zz,29858,KIEV,7,17
zz,29874,KINSHASA,6,13
zz,29882,KUAITE,21,26
zz,29890,KUALA LUMPUR,20,34
zz,29904,LA PAZ,69,146
zz,29912,LAGOS,14,8
zz,29947,LIMA,151,429
zz,29955,LISBOA,2473,4475
zz,29971,LONDRES,3268,5227
zz,29980,LOS ANGELES,721,1846
zz,29998,LUANDA,67,91
zz,30066,MADRI,1416,2109
zz,30074,MANÁGUA,23,36
zz,30082,MANILA,8,38
zz,30090,MAPUTO,106,179
zz,30104,MÉXICO-MEXI,305,674
zz,30112,MIAMI,1028,10441
zz,30120,MILÃO,1517,2851
zz,30147,MONTEVIDÉU,453,660
zz,30155,MONTREAL,1759,1879
zz,30163,MOSCOU,26,17
zz,30180,MUNIQUE,1428,1566
zz,30198,NAGÓIA,912,10538
zz,30201,NAIRÓBI,19,16
zz,30210,NOVA DELHI,14,16
zz,30228,NOVA YORK,2105,6811
zz,30244,OSLO,249,210
zz,30252,OTTAWA,242,348
zz,30260,PANAMÁ-PAN,90,471
zz,30279,PARAMARIBO,122,390
zz,30287,PARIS,2953,1299
zz,30309,PEDRO JUAN CABALLERO,62,184
zz,30317,PEQUIM,29,27
zz,30325,PORT OF SPAIN,4,27
zz,30333,PORTO PRÍNCIPE,9,17
zz,30341,PORTO,1674,3151
zz,30350,PRAGA,71,67
zz,30368,PRAIA,24,8
zz,30376,PRETÓRIA,50,206
zz,30392,QUITO,95,245
zz,30406,RABAT,16,6
zz,30414,RAMALLAH-PALE,467,51
zz,30422,RIADE,14,22
zz,30430,RIO BRANCO,7,10
zz,30449,ROMA,1296,1755
zz,30457,ROTTERDÃ,1047,900
zz,30465,SALTO DEL GUAIRÁ,14,285
zz,30473,STA C LA SIERRA-BOLI,130,1026
zz,30481,SANTIAGO,431,923
zz,30490,SÃO DOMINGOS,49,167
zz,30503,SÃO FRANCISCO,1068,1734
zz,30511,SÃO JOSÉ,70,188
zz,30520,SÃO SALVADOR,15,60
zz,30538,SEUL,20,38
zz,30562,SYDNEY,718,1351
zz,30570,TAIPÉ,38,178
zz,30597,TEERÃ,7,22
zz,30600,TEGUCIGALPA,26,52
zz,30619,TEL AVIV,115,391
zz,30627,TÓQUIO,1417,11863
zz,30635,TORONTO,1581,3845
zz,30651,CANTÃO,5,82
zz,30708,TUNIS,9,14
zz,30740,VARSÓVIA,39,38
zz,30767,VIENA,466,371
zz,30783,WASHINGTON,1191,2703
zz,30805,WELLINGTON,128,179
zz,30821,WINDHOEK,7,11
zz,30848,XANGAI,48,151
zz,30864,ZURIQUE,1835,2948
zz,30902,HARTFORD,141,831
zz,30961,FARO,227,564
zz,38962,DAR ES SALAAM,7,6
zz,39004,MENDOZA,36,68
zz,39020,ZAGREB,5,8
zz,39063,VANCOUVER,637,1286
zz,39080,ATLANTA,393,2906
zz,39102,MASCATE,4,32
zz,39160,LIUBLIANA,15,14
zz,39209,BRATISLAVA,15,26
zz,39306,ISTAMBUL,35,55
zz,39322,NICOSIA,9,13
zz,98000,GUATEMALA,20,103
zz,99180,NASSAU,4,16
zz,99287,LUSACA,2,15
zz,99317,TALIN,26,12
zz,99430,KINGSTON-JAMAICA,3,17
