uf,cd,nome,ANA MARIA RANGEL,CRISTOVAM BUARQUE,GERALDO ALCKMIN,HELOÍSA HELENA,JOSÉ MARIA EYMAEL,LUCIANO BIVAR,LULA
ac,01007,BUJARI,3,61,2241,86,2,0,1534
ac,01015,CAPIXABA,5,51,2290,73,7,0,1274
ac,01023,PORTO ACRE,17,69,3617,163,5,1,1931
ac,01031,SANTA ROSA,4,17,464,9,0,1,607
ac,01040,MARECHAL THAUMATURGO,6,52,2891,22,0,0,1649
ac,01058,BRASILÉIA,18,124,5405,182,1,3,4787
ac,01066,PORTO WALTER,8,56,1457,19,1,1,1499
ac,01074,CRUZEIRO DO SUL,34,409,19755,496,59,6,10038
ac,01082,RODRIGUES ALVES,12,59,2302,30,0,0,2356
ac,01090,MÂNCIO LIMA,12,59,3201,57,1,4,2848
ac,01104,JORDÃO,0,25,717,15,0,0,1488
ac,01112,EPITACIOLÂNDIA,11,63,2925,209,1,1,3022
ac,01120,ACRELÂNDIA,6,37,3471,179,1,1,2079
ac,01139,FEIJÓ,40,142,3440,180,5,7,6195
ac,01392,RIO BRANCO,192,1533,77090,9609,127,26,66466
ac,01457,SENA MADUREIRA,52,180,7915,506,6,6,6124
ac,01473,TARAUACÁ,21,285,5762,318,4,5,5864
ac,01490,XAPURI,6,107,3631,185,3,1,3200
ac,01511,PLÁCIDO DE CASTRO,14,89,4545,252,7,1,3424
ac,01538,SENADOR GUIOMARD,9,113,5691,380,6,3,3961
ac,01554,MANUEL URBANO,8,34,1659,64,0,1,1221
ac,01570,ASSIS BRASIL,13,52,1420,48,0,2,1654
al,27006,PARIPUEIRA,6,112,1992,765,2,1,2088
al,27014,ÁGUA BRANCA,10,223,2145,736,0,6,5833
al,27022,PARICONHA,13,80,858,330,0,2,3530
al,27030,ANADIA,19,172,2880,553,4,4,4514
al,27049,ESTRELA DE ALAGOAS,26,82,1411,269,1,2,4679
al,27057,ARAPIRACA,101,1629,39010,9141,26,33,33429
al,27065,JEQUIÁ DA PRAIA,15,65,1820,695,4,6,2410
al,27073,ATALAIA,29,285,9024,1084,3,4,7773
al,27081,CAMPESTRE,4,83,845,157,0,3,1874
al,27090,BARRA DE SANTO ANTÔNIO,5,149,1606,655,2,4,3256
al,27111,BARRA DE SÃO MIGUEL,7,90,1357,523,2,3,1672
al,27138,BATALHA,8,149,1460,485,0,5,5408
al,27154,BELÉM,4,64,920,268,1,4,1853
al,27170,BELO MONTE,3,41,562,499,1,4,1707
al,27197,BOCA DA MATA,23,196,6074,808,4,4,5440
al,27219,BRANQUINHA,6,116,1147,603,1,3,2610
al,27235,CACIMBINHAS,9,124,1959,326,0,4,2752
al,27251,CAJUEIRO,27,228,4422,530,1,5,4141
al,27278,CAMPO ALEGRE,19,200,4345,863,2,6,8470
al,27294,CAMPO GRANDE,11,80,1448,141,0,1,3219
al,27316,CANAPI,13,129,1071,348,0,3,6086
al,27332,CAPELA,15,169,4512,681,0,4,2998
al,27359,CARNEIROS,1,66,990,226,1,0,2336
al,27375,CHÃ PRETA,14,92,881,135,0,1,2705
al,27391,COITÉ DO NÓIA,12,143,1314,308,2,3,3331
al,27413,COLÔNIA LEOPOLDINA,19,207,4236,488,5,5,3755
al,27430,COQUEIRO SECO,3,39,1096,285,1,2,1331
al,27456,CORURIPE,31,303,11583,2758,6,10,11116
al,27472,DELMIRO GOUVEIA,21,408,3553,2586,8,10,15117
al,27499,DOIS RIACHOS,10,128,1579,283,1,6,3452
al,27510,FEIRA GRANDE,27,222,2301,280,3,7,6429
al,27537,FELIZ DESERTO,2,46,566,111,2,3,1347
al,27553,FLEXEIRAS,7,53,1638,204,2,7,2939
al,27570,GIRAU DO PONCIANO,32,247,2838,586,3,9,10396
al,27596,IBATEGUARA,13,130,2145,314,0,3,3703
al,27618,IGACI,29,219,3051,1045,2,7,7690
al,27634,IGREJA NOVA,33,161,3617,766,2,7,5452
al,27650,INHAPI,20,91,964,435,3,8,5642
al,27677,JACARÉ DOS HOMENS,5,35,655,239,0,2,2239
al,27693,JACUÍPE,6,64,886,122,1,1,2311
al,27715,JAPARATINGA,5,82,1477,290,0,1,1531
al,27731,JARAMATAIA,5,78,997,296,0,2,1717
al,27758,JOAQUIM GOMES,19,208,3184,412,1,5,4286
al,27774,JUNDIÁ,0,57,952,260,0,0,931
al,27790,JUNQUEIRO,30,163,3714,941,6,4,6305
al,27812,LAGOA DA CANOA,11,132,2183,396,1,4,5141
al,27839,LIMOEIRO DE ANADIA,11,230,2636,739,3,14,6895
al,27855,MACEIÓ,416,9363,160157,92831,151,154,115687
al,27871,MAJOR ISIDORO,20,118,2739,506,0,1,6038
al,27898,MARAGOGI,18,221,3729,531,2,5,5236
al,27910,MARAVILHA,9,83,2233,678,1,3,2150
al,27936,MARECHAL DEODORO,30,328,8212,2694,8,8,7810
al,27952,MARIBONDO,9,126,3025,531,0,2,3860
al,27979,MAR VERMELHO,6,67,698,187,1,2,1318
al,27995,MATA GRANDE,25,168,1608,499,1,9,7827
al,28010,MATRIZ DE CAMARAGIBE,10,206,4665,534,5,6,4913
al,28037,MESSIAS,12,140,3171,595,2,4,3221
al,28053,MINADOR DO NEGRÃO,7,78,624,123,0,0,1848
al,28070,MONTEIRÓPOLIS,3,88,707,231,1,1,2453
al,28096,MURICI,18,261,3811,1297,1,8,6729
al,28118,NOVO LINO,14,119,2913,447,0,2,1973
al,28134,OLHO D ÁGUA DAS FLORES,13,156,3155,684,0,3,5258
al,28150,OLHO D ÁGUA DO CASADO,9,67,828,221,0,0,3024
al,28177,OLHO D ÁGUA GRANDE,7,40,833,136,0,2,1494
al,28193,OLIVENÇA,13,112,1398,441,1,6,3284
al,28215,OURO BRANCO,5,112,1276,309,0,2,3717
al,28231,PALESTINA,5,31,332,133,4,3,2036
al,28258,PALMEIRA DOS ÍNDIOS,51,626,12952,4062,4,18,15282
al,28274,PÃO DE AÇÚCAR,10,187,2537,1621,1,6,7258
al,28290,PASSO DE CAMARAGIBE,12,95,1747,428,2,4,4534
al,28312,PAULO JACINTO,7,115,933,176,0,1,3013
al,28339,PENEDO,32,410,12605,3032,7,7,8858
al,28355,PIAÇABUÇU,17,150,2431,740,3,4,4192
al,28371,PILAR,30,255,9769,1869,5,5,4868
al,28398,PINDOBA,3,44,417,54,1,0,1221
al,28410,PIRANHAS,11,169,1988,1070,0,4,6318
al,28436,POÇO DAS TRINCHEIRAS,12,118,2019,267,1,3,4039
al,28452,PORTO CALVO,27,300,5891,699,3,5,5002
al,28479,PORTO DE PEDRAS,8,53,1306,486,0,1,2131
al,28495,PORTO REAL DO COLÉGIO,18,137,4284,704,0,5,3644
al,28517,QUEBRÂNGULO,10,124,1442,248,0,2,4711
al,28533,RIO LARGO,39,568,13771,4983,25,11,14740
al,28550,ROTEIRO,2,58,977,170,1,2,1549
al,28576,SANTA LUZIA DO NORTE,9,83,1494,393,0,20,1722
al,28592,SANTANA DO IPANEMA,32,384,6624,1945,2,8,11269
al,28614,SANTANA DO MUNDAÚ,15,85,1180,190,1,6,3527
al,28630,SÃO BRÁS,5,56,1645,342,1,2,1283
al,28657,SÃO JOSÉ DA LAJE,11,168,3754,868,1,4,5472
al,28673,SÃO JOSÉ DA TAPERA,33,231,4660,1385,2,2,5501
al,28690,SÃO LUÍS DO QUITUNDE,22,257,4618,916,2,10,7976
al,28711,SÃO MIGUEL DOS CAMPOS,27,367,13910,3282,10,5,7035
al,28738,SÃO MIGUEL DOS MILAGRES,2,54,1167,418,3,2,1927
al,28754,SÃO SEBASTIÃO,39,250,3781,562,3,5,10074
al,28770,SATUBA,16,81,3170,938,2,2,1836
al,28797,TANQUE D ARCA,13,48,730,411,0,5,1851
al,28819,TAQUARANA,19,191,2611,402,2,8,4887
al,28835,TRAIPÚ,25,245,2939,959,2,9,7805
al,28851,UNIÃO DOS PALMARES,28,478,8589,2707,4,13,12748
al,28878,VIÇOSA,26,280,3671,693,3,5,8172
al,28894,CRAÍBAS,39,135,3543,662,4,6,5232
al,28916,SENADOR RUI PALMEIRA,6,169,748,843,0,3,3133
al,28932,SENADOR TEOTÔNIO VILELA,29,247,6801,1459,0,3,8637
am,02003,APUÍ,10,51,1705,211,1,3,3198
am,02011,NOVO AIRÃO,1,27,744,128,5,0,3539
am,02020,GUAJARÁ,4,62,1927,55,0,2,2046
am,02038,ANORI,4,61,980,138,1,0,4067
am,02046,CAREIRO DA VÁRZEA,6,89,876,277,0,1,7689
am,02054,ATALAIA DO NORTE,1,41,784,68,0,3,1795
am,02070,AUTAZES,8,97,1110,223,2,1,9689
am,02097,BARCELOS,4,37,809,219,0,0,3657
am,02119,BARREIRINHA,6,101,997,171,0,4,8125
am,02135,BENJAMIN CONSTANT,13,138,779,172,0,3,8774
am,02151,BOCA DO ACRE,12,129,4134,315,3,7,5722
am,02178,BORBA,8,103,816,124,3,1,9393
am,02194,CANUTAMA,2,43,667,36,1,12,2604
am,02216,CARAUARI,2,88,1412,151,0,1,6730
am,02232,CAREIRO,7,113,993,235,5,5,9080
am,02259,COARI,21,272,2598,898,8,9,22248
am,02275,CODAJÁS,12,98,1151,258,3,4,6161
am,02291,EIRUNEPÉ,13,145,977,79,5,5,8374
am,02313,ENVIRA,24,42,2625,32,2,0,2324
am,02330,FONTE BOA,14,69,2265,170,2,5,4521
am,02356,HUMAITÁ,17,279,3544,553,7,28,10605
am,02372,SANTA ISABEL DO RIO NEGRO,1,24,979,53,0,1,2058
am,02399,IPIXUNA,4,46,1788,30,2,4,2352
am,02410,ITACOATIARA,56,511,4610,1234,11,12,31909
am,02437,ITAPIRANGA,4,43,413,74,0,0,3101
am,02453,JAPURÁ,1,22,330,27,0,2,1100
am,02470,JURUÁ,3,34,1182,30,1,3,1558
am,02496,JUTAÍ,13,106,1946,62,5,1,3166
am,02518,LÁBREA,12,150,1052,132,0,12,9289
am,02534,MANACAPURU,22,468,3555,1022,6,22,30295
am,02550,MANAUS,1206,29835,87407,77369,669,356,632681
am,02577,MANICORÉ,18,174,2893,305,2,1,10174
am,02593,MARAÃ,4,39,340,32,0,6,3056
am,02615,MAUÉS,73,178,1420,336,4,12,15462
am,02631,NHAMUNDÁ,5,56,1495,189,0,0,5771
am,02658,NOVA OLINDA DO NORTE,18,90,857,167,1,0,6534
am,02674,NOVO ARIPUANÃ,12,56,715,172,1,3,5268
am,02690,PARINTINS,31,601,5067,1120,11,4,30846
am,02712,PAUINI,4,75,1094,44,0,0,3337
am,02739,SANTO ANTONIO DO IÇÁ,6,52,1675,95,3,5,4018
am,02755,SÃO PAULO DE OLIVENÇA,2,90,1117,105,0,2,6550
am,02771,SILVES,6,27,364,64,1,0,3504
am,02798,TAPAUÁ,9,89,970,116,0,10,4807
am,02810,TEFÉ,17,248,1844,421,3,70,16777
am,02836,SÃO GABRIEL DA CACHOEIRA,4,113,1945,272,1,4,11079
am,02852,URUCARÁ,7,41,596,101,2,2,5710
am,02879,URUCURITUBA,12,52,677,88,0,1,5601
am,02895,ALVARÃES,4,38,534,103,0,1,3947
am,02917,AMATURÁ,2,30,322,34,1,1,2052
am,02933,ANAMÃ,3,44,932,42,0,0,2571
am,02950,BERURI,0,37,1143,81,0,1,3128
am,02976,BOA VISTA DO RAMOS,4,43,582,90,1,1,4700
am,02992,CAAPIRANGA,2,25,313,74,1,5,3247
am,98353,IRANDUBA,9,166,1135,399,2,3,13042
am,98370,ITAMARATI,3,36,473,41,0,0,2182
am,98396,MANAQUIRI,2,35,280,106,1,1,5982
am,98418,PRESIDENTE FIGUEIREDO,7,179,1013,357,3,5,8428
am,98434,RIO PRETO DA EVA,9,137,906,301,1,1,6640
am,98450,SÃO SEBASTIÃO DO UATUMÃ,6,22,716,69,1,0,2314
am,98477,TABATINGA,10,161,2431,526,4,5,11026
am,98493,UARINI,5,27,419,28,2,3,2699
am,98515,TONANTINS,1,44,1362,55,0,11,2354
ap,06009,PRACUÚBA,0,46,362,113,1,2,1168
ap,06017,AMAPÁ,4,112,873,215,6,3,2943
ap,06025,PORTO GRANDE,10,188,1536,260,2,0,4369
ap,06033,CALÇOENE,3,122,1025,271,1,2,2697
ap,06041,ITAUBAL,5,57,711,153,0,1,1452
ap,06050,MACAPÁ,276,5889,60960,22671,127,111,86446
ap,06068,CUTIAS,1,71,642,137,0,2,1330
ap,06076,MAZAGÃO,11,218,2801,428,6,10,4661
ap,06084,AMAPARI,3,55,537,105,1,1,1804
ap,06092,OIAPOQUE,12,238,1629,361,1,5,5746
ap,06106,SERRA DO NAVIO,1,52,542,145,0,0,1321
ap,06114,FERREIRA GOMES,5,91,868,241,5,2,1516
ap,06122,VITÓRIA DO JARÍ,4,197,1562,181,1,3,4100
ap,06130,LARANJAL DO JARÍ,14,384,4219,709,3,12,12117
ap,06157,SANTANA,64,1295,15472,3523,10,22,26088
ap,06173,TARTARUGALZINHO,5,142,1331,198,2,6,2917
ba,30007,LUIS EDUARDO MAGALHÃES,17,275,8183,416,8,10,7233
ba,30058,EUNÁPOLIS,39,1130,10478,1757,15,13,28809
ba,30660,IUIU,10,107,1271,40,1,30,3460
ba,30678,JABORANDI,9,84,1627,33,1,2,3073
ba,30694,JUSSARI,5,119,905,86,7,1,2127
ba,30716,AMÉRICA DOURADA,15,165,2433,116,1,18,4636
ba,30732,ARATACA,22,76,1321,104,1,8,2595
ba,30759,BARRO ALTO,12,103,2507,131,0,11,4003
ba,30775,BARROCAS,4,127,1592,85,4,5,5522
ba,30791,BURITIRAMA,9,143,2763,27,2,7,5518
ba,30813,CAPELA DO ALTO ALEGRE,2,256,1695,104,3,0,3688
ba,30830,CAPIM GROSSO,14,416,4426,216,3,10,7610
ba,30856,CANUDOS,9,154,2039,137,5,4,5095
ba,30872,DIAS D ÁVILA,19,400,4350,996,17,4,18131
ba,30899,FÁTIMA,10,274,2048,187,5,6,6352
ba,30910,FILADÉLFIA,13,266,2689,82,1,3,5339
ba,30937,GAVIÃO,4,99,972,41,3,3,1613
ba,30953,GUAJERU,7,104,1679,32,0,1,2162
ba,30970,HELIÓPOLIS,4,141,1544,125,4,2,4592
ba,30996,JOÃO DOURADO,15,288,3924,188,2,30,6459
ba,33014,ABAÍRA,5,112,1482,101,4,3,2777
ba,33030,ABARÉ,12,146,1259,70,1,8,6182
ba,33057,ACAJUTIBA,12,146,1872,160,2,2,4866
ba,33065,ADUSTINA,17,151,1998,88,2,12,5045
ba,33073,ÁGUA FRIA,13,208,1987,141,4,6,4899
ba,33090,ÉRICO CARDOSO,3,125,1312,47,2,30,3125
ba,33111,AIQUARA,2,79,512,55,0,1,1948
ba,33138,ALAGOINHAS,97,1488,20147,5486,219,28,38938
ba,33154,ALCOBAÇA,13,232,1648,168,24,5,6474
ba,33170,ALMADINA,5,75,934,51,1,1,1882
ba,33197,AMARGOSA,46,411,4655,403,80,17,10132
ba,33219,AMÉLIA RODRIGUES,16,281,2823,583,16,4,8423
ba,33235,ANAGÉ,33,635,4387,200,3,4,4283
ba,33251,ANDARAÍ,6,170,1077,86,0,5,4829
ba,33260,ANDORINHA,12,152,1138,121,1,3,6683
ba,33278,ANGICAL,22,154,2753,84,2,4,5199
ba,33294,ANGUERA,6,138,971,101,5,6,4167
ba,33316,ANTAS,16,167,2370,162,4,3,4372
ba,33332,ANTÔNIO CARDOSO,13,146,1604,87,1,3,4601
ba,33359,ANTÔNIO GONÇALVES,12,132,1421,85,0,2,3039
ba,33375,APORÁ,8,170,2312,118,9,3,4877
ba,33383,ARAÇÁS,9,116,1430,111,2,4,4053
ba,33391,ARACATU,11,156,2996,71,7,5,3157
ba,33405,APUAREMA,10,99,1687,57,1,1,1690
ba,33413,ARACI,56,672,4302,370,13,7,15803
ba,33430,ARAMARI,5,111,1358,206,4,8,3624
ba,33456,ARATUÍPE,16,90,972,145,0,3,3275
ba,33472,AURELINO LEAL,6,128,928,159,3,6,5028
ba,33499,BAIANÓPOLIS,27,154,1322,44,1,4,4720
ba,33510,BAIXA GRANDE,12,298,3628,153,4,6,5274
ba,33529,BANZAÊ,6,140,1563,115,5,0,4395
ba,33537,BARRA,52,394,6341,245,1,16,11991
ba,33553,BARRA DA ESTIVA,11,246,3135,129,2,11,6480
ba,33570,BARRA DO CHOÇA,24,497,4964,237,5,12,8177
ba,33596,BARRA DO MENDES,11,103,1654,158,2,4,5406
ba,33618,BARRA DO ROCHA,3,72,778,93,0,0,1819
ba,33634,BARREIRAS,141,1555,14518,1784,19,22,38384
ba,33650,GOVERNADOR LOMANTO JÚNIOR,4,119,1014,77,2,5,2464
ba,33677,BELMONTE,14,168,1591,257,5,3,5777
ba,33693,BELO CAMPO,12,230,3839,87,0,3,3987
ba,33715,BIRITINGA,8,274,1037,151,13,4,5761
ba,33731,BOA NOVA,8,176,1318,93,9,4,5274
ba,33758,BOA VISTA DO TUPIM,31,264,2875,192,5,7,5560
ba,33774,BOM JESUS DA LAPA,56,519,6439,683,14,14,18545
ba,33782,BOM JESUS DA SERRA,4,77,1362,44,1,2,2687
ba,33790,BONINAL,10,156,1603,50,1,1,4250
ba,33804,BONITO,18,143,2209,98,2,3,3762
ba,33812,BOQUIRA,7,270,1617,71,3,11,8125
ba,33839,BOTUPORÃ,5,156,858,67,1,59,4340
ba,33855,BREJÕES,13,165,1548,138,2,3,4963
ba,33871,BREJOLÂNDIA,16,117,1190,64,3,4,3617
ba,33898,BROTAS DE MACAÚBAS,10,166,1868,157,4,7,3830
ba,33910,BRUMADO,18,779,8190,663,8,22,21739
ba,33936,BUERAREMA,19,205,3674,449,1,4,4778
ba,33952,CAATIBA,10,105,1042,51,1,1,2743
ba,33960,CABACEIRAS DO PARAGUAÇU,9,182,2192,87,0,6,5565
ba,33979,CACHOEIRA,23,326,2428,678,14,9,12813
ba,33995,CACULÉ,20,222,4036,222,5,9,5551
ba,34010,CAEM,22,154,1505,99,1,7,3957
ba,34029,CAETANOS,0,93,1410,50,4,3,2967
ba,34037,CAETITÉ,26,789,8929,535,13,37,12057
ba,34053,CAFARNAUM,29,133,4048,148,2,5,2926
ba,34070,CAIRU,24,104,1376,193,1,3,4343
ba,34096,CALDEIRÃO GRANDE,42,124,1375,99,0,2,2883
ba,34118,CAMACÃ,14,370,4324,425,7,36,8205
ba,34134,CAMAÇARI,114,1610,17009,5193,123,26,63346
ba,34150,CAMAMU,30,336,3640,388,5,9,7935
ba,34177,CAMPO ALEGRE DE LOURDES,41,314,3328,97,12,12,8819
ba,34193,CAMPO FORMOSO,299,691,10874,626,9,20,18849
ba,34215,CANÁPOLIS,27,142,922,50,1,4,3737
ba,34231,CANARANA,20,209,3481,199,4,18,7458
ba,34258,CANAVIEIRAS,26,447,3654,400,14,15,11662
ba,34274,CANDEAL,19,123,1338,110,4,3,4063
ba,34290,CANDEIAS,15,563,4139,1226,17,6,30557
ba,34312,CANDIBA,15,144,1903,71,3,77,4202
ba,34339,CÂNDIDO SALES,12,317,3918,140,2,10,8538
ba,34355,CANSANÇÃO,39,331,3228,101,5,8,11867
ba,34363,CARAÍBAS,10,111,2365,64,2,0,2110
ba,34371,CARAVELAS,17,201,1598,362,7,8,6673
ba,34398,CARDEAL DA SILVA,6,98,704,81,2,2,2712
ba,34410,CARINHANHA,21,284,4980,49,3,6,7185
ba,34436,CASA NOVA,57,584,7176,555,16,16,20322
ba,34452,CASTRO ALVES,16,285,3035,371,2,5,9972
ba,34479,CATOLÂNDIA,15,49,218,24,0,2,1882
ba,34495,CATU,23,552,4129,989,194,11,22586
ba,34509,CATURAMA,7,137,1058,59,1,8,2929
ba,34517,CENTRAL,9,214,2170,170,10,10,6535
ba,34533,CHORROCHÓ,15,57,1518,77,0,4,3895
ba,34550,CÍCERO DANTAS,20,356,5213,321,12,9,9987
ba,34576,CIPÓ,13,207,2656,122,14,3,4803
ba,34592,COARACI,16,397,3186,254,4,12,7857
ba,34614,COCOS,16,166,2567,81,3,7,5025
ba,34630,CONCEIÇÃO DA FEIRA,8,177,1933,229,3,3,7349
ba,34657,CONCEIÇÃO DO ALMEIDA,8,166,1537,191,2,2,7095
ba,34673,CONCEIÇÃO DO COITÉ,29,816,8493,642,20,12,22590
ba,34690,CONCEIÇÃO DO JACUÍPE,11,330,4189,506,17,6,10268
ba,34711,CONDE,13,186,1977,208,3,5,6569
ba,34738,CONDEÚBA,19,183,3152,115,7,15,4965
ba,34754,CONTENDAS DO SINCORÁ,5,16,856,23,0,1,1484
ba,34770,CORAÇÃO DE MARIA,19,303,2754,304,8,8,9945
ba,34797,CORDEIROS,10,72,1897,98,2,5,1496
ba,34819,CORIBE,15,198,1687,70,4,8,5535
ba,34835,CORONEL JOÃO SÁ,14,174,2666,130,2,6,4279
ba,34851,CORRENTINA,17,482,3931,322,5,15,9661
ba,34878,COTEGIPE,19,158,1360,41,0,4,4456
ba,34894,CRAVOLÂNDIA,4,44,432,53,0,0,2380
ba,34916,CRISÓPOLIS,18,188,1876,99,7,2,7018
ba,34932,CRISTÓPOLIS,31,112,1558,90,2,2,5421
ba,34959,CRUZ DAS ALMAS,31,725,8768,1015,12,15,19497
ba,34975,CURAÇÁ,20,410,3730,217,7,3,11578
ba,34991,DÁRIO MEIRA,8,201,942,83,3,16,3887
ba,35017,DOM BASÍLIO,16,125,1832,74,2,14,3997
ba,35033,DOM MACEDO COSTA,5,45,569,66,0,3,1645
ba,35050,ELÍSIO MEDRADO,15,81,1375,85,2,3,3222
ba,35076,ENCRUZILHADA,11,270,3787,181,3,9,5383
ba,35092,ENTRE RIOS,20,373,4146,522,7,6,11473
ba,35114,ESPLANADA,13,247,3220,418,8,8,8942
ba,35130,EUCLIDES DA CUNHA,22,643,7083,357,8,17,17764
ba,35149,FEIRA DA MATA,5,56,1065,35,0,2,1796
ba,35157,FEIRA DE SANTANA,239,7746,68832,15840,268,118,162397
ba,35173,FIRMINO ALVES,1,32,706,43,0,2,1638
ba,35190,FLORESTA AZUL,38,102,1830,110,3,3,3657
ba,35211,FORMOSA DO RIO PRETO,114,168,4126,111,1,5,4890
ba,35238,GANDU,23,368,6294,483,14,11,6439
ba,35254,GENTIO DO OURO,9,94,2121,59,1,3,3451
ba,35270,GLÓRIA,15,135,1789,148,2,3,5581
ba,35297,GONGOGI,3,77,1080,81,4,0,2404
ba,35319,GOVERNADOR MANGABEIRA,23,191,2254,186,9,7,7409
ba,35335,GUANAMBI,29,946,12999,852,33,117,20984
ba,35351,GUARATINGA,6,213,1775,158,2,3,7838
ba,35378,IAÇU,22,224,2954,272,6,8,8271
ba,35394,IBIASSUCÊ,9,147,2202,21,1,1,2933
ba,35416,IBICARAÍ,20,331,3831,300,5,25,8056
ba,35432,IBICOARA,6,153,2302,72,4,7,3438
ba,35459,IBICUÍ,17,208,2134,139,2,6,4293
ba,35475,IBIPEBA,10,272,1715,124,4,13,6776
ba,35491,SANTA RITA DE CÁSSIA,62,302,4152,155,6,7,8878
ba,35513,IBIPITANGA,10,162,2093,49,2,5,4040
ba,35530,IBIQUERA,4,57,423,23,0,3,1764
ba,35556,IBIRAPITANGA,18,329,2069,288,3,5,6412
ba,35572,IBIRAPUÃ,7,79,1011,53,0,3,2383
ba,35599,IBIRATAIA,23,235,3730,180,100,9,5625
ba,35610,IBITIARA,14,102,3116,113,1,0,3832
ba,35637,IBITITÁ,14,176,3005,162,6,6,6977
ba,35653,IBOTIRAMA,16,242,4149,233,10,10,7781
ba,35670,ICHU,1,95,855,116,1,4,2793
ba,35696,IGAPORÃ,9,157,2658,148,1,12,4208
ba,35700,IGRAPIÚNA,9,159,1157,171,1,5,3518
ba,35718,IGUAÍ,15,447,2467,206,38,15,7801
ba,35734,ILHÉUS,78,2655,21341,6921,159,142,54562
ba,35750,INHAMBUPE,29,460,3702,244,10,10,11812
ba,35777,IPECAETÁ,9,165,2977,120,6,5,5318
ba,35793,IPIAÚ,17,577,4812,1088,13,10,14212
ba,35815,IPIRÁ,37,680,8677,511,17,18,18188
ba,35831,IPUPIARA,4,77,1827,75,2,3,2794
ba,35858,IRAJUBA,9,91,801,47,1,4,2710
ba,35874,IRAMAIA,5,148,2045,36,0,3,3632
ba,35890,IRAQUARA,15,259,1715,91,2,7,7714
ba,35912,IRARÁ,25,344,2595,229,6,11,8958
ba,35939,IRECÊ,23,670,8762,730,0,66,17364
ba,35947,ITABELA,10,320,3569,171,10,1,8133
ba,35955,ITABERABA,43,869,6620,1321,14,18,18815
ba,35971,ITABUNA,174,2153,46766,6124,108,67,49430
ba,35998,ITACARÉ,4,205,1490,231,11,4,5259
ba,36013,ITAETÊ,14,130,2126,43,1,3,4269
ba,36030,ITAGI,16,239,2191,64,2,9,4530
ba,36056,ITAGIBÁ,13,257,1381,194,5,14,5716
ba,36072,ITAGIMIRIM,2,84,1032,76,1,3,1664
ba,36080,ITAGUAÇU DA BAHIA,1,113,765,37,4,12,4293
ba,36099,ITAJU DO COLÔNIA,3,79,772,80,1,19,2578
ba,36110,ITAJUÍPE,21,243,3747,344,8,7,5538
ba,36137,ITAMARAJU,25,784,10903,784,12,20,17693
ba,36153,ITAMARI,12,81,1134,59,6,3,2737
ba,36170,ITAMBÉ,19,308,4223,220,4,10,6467
ba,36196,ITANAGRA,5,63,874,52,1,0,1954
ba,36218,ITANHÉM,11,279,1871,124,5,4,6924
ba,36234,ITAPARICA,0,136,1128,351,16,4,7560
ba,36250,ITAPÉ,10,120,1661,135,1,2,3061
ba,36277,ITAPEBI,8,87,1380,78,3,2,3236
ba,36293,ITAPETINGA,38,658,10784,1024,7,15,18393
ba,36315,ITAPICURU,13,275,2171,134,5,6,8758
ba,36331,ITAPITANGA,5,84,916,84,1,5,3051
ba,36358,ITAQUARA,6,122,716,65,4,4,3377
ba,36374,ITARANTIM,3,213,2456,104,6,11,5772
ba,36382,ITATIM,17,137,3386,135,1,5,3282
ba,36390,ITIRUÇU,49,172,2092,155,2,5,4052
ba,36412,ITIÚBA,48,369,5363,162,4,7,11386
ba,36439,ITORORÓ,17,275,3386,260,6,6,5587
ba,36455,ITUAÇU,28,130,5345,153,1,72,4073
ba,36471,ITUBERÁ,34,224,3641,300,3,4,7298
ba,36498,JACARACI,21,181,2061,102,1,2,3862
ba,36510,JACOBINA,85,952,10277,1107,24,103,25015
ba,36536,JAGUAQUARA,14,616,5291,410,24,15,14677
ba,36552,JAGUARARI,31,314,2566,253,6,7,10733
ba,36579,JAGUARIPE,17,141,929,97,2,2,5428
ba,36595,JANDAÍRA,10,75,776,64,1,2,3107
ba,36617,JEQUIÉ,44,2314,14796,3227,331,58,51825
ba,36633,JEREMOABO,12,351,4711,292,3,55,10989
ba,36650,JIQUIRIÇÁ,21,133,3638,159,0,3,2437
ba,36676,JITAÚNA,18,227,2184,191,6,8,4561
ba,36692,JUAZEIRO,76,2290,24840,3120,46,39,56431
ba,36706,JUCURUÇU,4,95,725,63,0,2,3307
ba,36714,JUSSARA,12,142,1427,116,0,14,5618
ba,36730,JUSSIAPE,7,84,2144,75,0,25,2344
ba,36757,LAFAIETE COUTINHO,2,61,381,41,3,7,1807
ba,36765,LAGOA REAL,11,165,2241,95,0,3,3044
ba,36773,LAJE,23,338,1975,123,13,15,8490
ba,36790,LAJEDÃO,9,56,733,28,0,2,1666
ba,36811,LAJEDINHO,2,37,423,11,0,2,1516
ba,36820,LAJEDO DO TABOCAL,5,100,738,64,2,3,3179
ba,36838,LAMARÃO,6,84,730,63,4,4,2985
ba,36854,LAURO DE FREITAS,52,1949,11600,4381,61,26,45419
ba,36870,LENÇÓIS,6,110,682,80,2,2,3152
ba,36897,LICÍNIO DE ALMEIDA,7,141,2301,90,2,10,2978
ba,36919,LIVRAMENTO DE NOSSA SENHORA,17,479,6149,204,5,91,13141
ba,36935,MACAJUBA,6,141,1103,67,1,7,4170
ba,36951,MACARANI,8,223,2128,108,6,3,5196
ba,36978,MACAÚBAS,15,493,6082,202,5,12,11973
ba,36994,MACURURÉ,13,85,1467,98,0,4,2465
ba,37010,MAIQUINIQUE,4,91,1268,62,13,2,2445
ba,37036,MAIRI,20,326,3142,182,5,15,5246
ba,37052,MALHADA,13,185,1748,41,0,9,5371
ba,37079,MALHADA DE PEDRAS,5,77,1170,70,2,5,2921
ba,37095,MANOEL VITORINO,10,212,1415,85,3,3,5369
ba,37117,MARACÁS,9,297,3275,232,4,5,7605
ba,37133,MARAGOGIPE,27,519,4498,561,9,16,15385
ba,37150,MARAÚ,8,194,1493,149,5,5,5076
ba,37176,MARCIONÍLIO SOUZA,2,105,760,33,7,6,3365
ba,37192,MASCOTE,13,147,1850,122,1,4,3048
ba,37214,MATA DE SÃO JOÃO,26,327,3361,684,5,12,12682
ba,37222,MATINA,11,102,1808,64,4,35,2874
ba,37230,MEDEIROS NETO,18,235,2174,184,0,8,8162
ba,37257,MIGUEL CALMON,26,323,3494,344,6,10,9376
ba,37273,MILAGRES,5,118,2670,53,0,0,2844
ba,37290,MIRANGABA,32,134,2838,104,2,2,3732
ba,37303,MIRANTE,10,70,1651,31,3,0,2256
ba,37311,MONTE SANTO,31,496,8040,204,14,14,14703
ba,37338,MORPARÁ,6,96,1355,39,2,3,3193
ba,37354,MORRO DO CHAPÉU,40,350,4750,371,11,12,10429
ba,37370,MORTUGABA,16,105,2026,73,3,3,3076
ba,37397,MUCUGÊ,16,113,2565,82,3,5,2168
ba,37419,MUCURI,17,334,3602,566,8,6,10503
ba,37427,MULUNGU DO MORRO,43,111,2337,69,3,2,3238
ba,37435,MUNDO NOVO,20,361,2784,111,3,7,6679
ba,37451,MUNIZ FERREIRA,12,88,1267,130,9,6,3035
ba,37460,MUQUÉM DO SÃO FRANCISCO,7,83,1193,34,1,2,2907
ba,37478,MURITIBA,22,250,3725,678,7,7,9223
ba,37494,MUTUÍPE,29,252,5067,180,5,5,5650
ba,37516,NAZARÉ,13,253,2219,365,2,6,10484
ba,37532,NILO PEÇANHA,86,117,1562,146,4,3,3169
ba,37559,NOVA CANAÃ,10,267,1770,98,16,8,4901
ba,37567,NOVA FÁTIMA,8,96,1246,60,3,2,2593
ba,37575,NOVA ITARANA,9,70,1063,34,0,1,2300
ba,37583,NOVA REDENÇÃO,3,145,715,59,0,4,3076
ba,37591,NOVA SOURE,12,365,1785,142,3,9,9798
ba,37613,NOVA VIÇOSA,19,251,3582,402,3,2,10014
ba,37621,NOVO TRIUNFO,11,104,1850,56,2,2,2521
ba,37630,OLINDINA,14,212,1685,240,0,7,9776
ba,37656,OLIVEIRA DOS BREJINHOS,9,232,2988,136,10,17,6983
ba,37672,OURIÇANGAS,4,127,1131,77,8,2,2742
ba,37680,OUROLÂNDIA,40,109,3552,96,1,2,3319
ba,37699,PALMAS DO MONTE ALTO,14,328,2410,108,5,33,7114
ba,37710,PALMEIRAS,4,83,1051,96,1,1,2752
ba,37737,PARAMIRIM,4,301,2515,136,3,14,6260
ba,37753,PARATINGA,13,244,2216,97,1,6,11898
ba,37770,PARIPIRANGA,23,361,5689,228,2,6,7721
ba,37796,PAU BRASIL,4,110,991,68,1,1,3419
ba,37818,PAULO AFONSO,22,945,10609,1338,11,23,34761
ba,37834,PEDRÃO,9,84,760,76,0,0,2402
ba,37850,PEDRO ALEXANDRE,14,90,2412,122,1,3,2134
ba,37877,PIATÃ,19,279,2109,151,5,72,6485
ba,37893,PILÃO ARCADO,37,397,4990,127,8,10,8657
ba,37915,PINDAÍ,10,139,3258,104,10,54,3247
ba,37931,PINDOBAÇU,68,218,4146,153,0,2,5365
ba,37940,PIRAÍ DO NORTE,16,57,2034,61,2,1,1578
ba,37958,PIRIPÁ,8,117,1825,69,0,41,2474
ba,37974,PIRITIBA,16,189,2028,120,3,11,6494
ba,37990,PLANALTINO,7,59,1178,44,2,2,2439
ba,38016,PLANALTO,15,280,3512,127,6,11,6841
ba,38032,POÇÕES,15,644,5580,519,36,16,12928
ba,38059,POJUCA,16,287,3501,880,11,13,11181
ba,38067,PONTO NOVO,21,151,2224,61,1,5,4439
ba,38075,PORTO SEGURO,42,854,9739,2403,29,17,29181
ba,38091,POTIRAGUÁ,4,125,1145,124,5,2,3311
ba,38113,PRADO,11,255,3694,385,2,4,6508
ba,38130,PRESIDENTE DUTRA,6,134,1062,123,1,16,6320
ba,38156,PRESIDENTE JÂNIO QUADROS,14,110,2098,93,1,5,3234
ba,38164,PRESIDENTE TANCREDO NEVES,29,191,5898,115,2,6,3769
ba,38172,QUEIMADAS,13,258,3438,230,5,4,8485
ba,38199,QUINJINGUE,9,366,3448,151,6,7,9961
ba,38210,REMANSO,30,556,3614,242,5,8,14172
ba,38237,RETIROLÂNDIA,4,152,1440,118,3,3,5700
ba,38253,RIACHÃO DAS NEVES,96,287,3121,104,1,14,7849
ba,38270,RIACHÃO DO JACUÍPE,18,412,5612,363,4,9,11689
ba,38296,RIACHO DE SANTANA,33,288,5957,289,9,44,7605
ba,38318,RIBEIRA DO AMPARO,15,197,1927,74,1,7,3971
ba,38334,RIBEIRA DO POMBAL,45,601,7700,634,13,17,14109
ba,38342,RIBEIRÃO DO LARGO,6,140,1527,85,0,1,3197
ba,38350,RIO DE CONTAS,9,187,2059,103,5,9,4975
ba,38377,RIO DO ANTÔNIO,15,197,2068,93,6,36,4082
ba,38393,RIO DO PIRES,11,98,2430,54,3,11,2997
ba,38415,RIO REAL,32,306,3865,344,2,4,12281
ba,38431,RODELAS,4,70,951,37,1,0,2572
ba,38458,RUY BARBOSA,13,415,2498,146,6,35,11279
ba,38474,SALINAS DA MARGARIDA,5,85,993,165,0,1,4421
ba,38490,SALVADOR,1432,47231,227685,125022,1599,714,872600
ba,38512,SANTA BÁRBARA,11,240,2725,128,6,11,6897
ba,38539,SANTA BRÍGIDA,14,149,2200,131,2,3,3914
ba,38555,SANTA CRUZ DE CABRÁLIA,4,191,2527,432,11,3,5763
ba,38571,SANTA CRUZ DA VITÓRIA,5,59,556,52,0,11,1815
ba,38598,SANTA INÊS,6,108,810,88,1,5,4298
ba,38610,SANTALUZ,18,392,4613,340,4,4,13005
ba,38636,SANTA MARIA DA VITÓRIA,45,428,5490,358,9,87,11543
ba,38652,SANTANA,22,320,3443,157,7,18,8790
ba,38679,SANTANÓPOLIS,13,107,1275,75,2,2,3744
ba,38695,SANTA TEREZINHA,12,119,1276,88,2,0,2971
ba,38717,SANTO AMARO,24,747,3203,1504,69,13,26139
ba,38733,SANTO ANTÔNIO DE JESUS,32,1141,9810,1871,65,10,28974
ba,38750,SANTO ESTEVÃO,17,450,4100,340,3,12,16149
ba,38776,SÃO DESIDÉRIO,25,233,2782,122,6,7,7697
ba,38792,SÃO FÉLIX,10,123,1546,222,1,3,5361
ba,38806,SÃO DOMINGOS,1,127,1429,78,1,5,3285
ba,38814,SÃO FELIPE,24,199,3138,164,5,4,6230
ba,38822,SÃO FÉLIX DO CORIBE,29,118,2454,130,2,8,3333
ba,38830,SÃO FRANCISCO DO CONDE,11,415,4240,554,7,7,13808
ba,38857,SÃO GONÇALO DOS CAMPOS,16,304,2465,526,12,14,13092
ba,38865,SÃO JOSÉ DO JACUÍPE,14,159,1552,68,2,2,2880
ba,38873,SÃO MIGUEL DAS MATAS,13,124,1624,99,0,0,3749
ba,38890,SÃO SEBASTIÃO DO PASSÉ,15,417,3172,865,10,7,18148
ba,38911,SAPEAÇU,8,186,2196,196,3,2,7176
ba,38938,SÁTIRO DIAS,13,161,2732,116,1,7,4138
ba,38946,SAUBARA,1,87,1179,202,8,2,4703
ba,38954,SAÚDE,75,174,1697,162,3,7,3878
ba,38970,SEABRA,14,448,2749,260,2,7,15702
ba,38997,SEBASTIÃO LARANJEIRAS,9,105,1161,63,1,28,2981
ba,39012,SENHOR DO BONFIM,44,949,13186,1109,9,13,19702
ba,39039,SENTO SÉ,36,216,8116,347,5,5,9279
ba,39047,SERRA DO RAMALHO,17,268,3036,167,5,56,10362
ba,39055,SERRA DOURADA,5,165,2342,78,1,2,6860
ba,39071,SERRA PRETA,11,258,1863,158,5,7,6782
ba,39098,SERRINHA,25,879,5663,971,94,19,29316
ba,39110,SERROLÂNDIA,20,122,2377,124,9,1,3062
ba,39136,SIMÕES FILHO,35,915,6513,2290,90,17,43053
ba,39144,SÍTIO DO MATO,3,107,1234,99,2,4,4255
ba,39152,SOUTO SOARES,11,78,2782,81,2,6,4250
ba,39179,TABOCAS DO BREJO VELHO,11,153,1127,66,2,3,4671
ba,39195,TANHAÇU,17,257,5104,168,0,9,5373
ba,39217,TANQUINHO,3,114,627,76,8,1,3090
ba,39233,TAPEROÁ,62,177,2298,206,4,5,4025
ba,39250,TAPIRAMUTÁ,4,199,1555,85,2,3,4740
ba,39276,TEODORO SAMPAIO,11,90,642,62,4,4,2786
ba,39292,TEOFILÂNDIA,11,221,1894,74,5,5,7260
ba,39314,TEOLÂNDIA,11,109,2246,115,3,2,4051
ba,39330,TERRA NOVA,5,117,1467,224,3,5,4755
ba,39357,TREMEDAL,14,281,4225,113,9,13,4128
ba,39373,TUCANO,34,643,6051,501,8,16,15583
ba,39390,UAUÁ,25,317,5177,259,9,4,8354
ba,39411,UBAÍRA,25,248,3531,127,12,7,5693
ba,39438,UBAITABA,34,339,3026,391,9,6,6152
ba,39454,UBATÃ,18,283,3334,265,4,10,4965
ba,39470,UIBAÍ,5,95,1756,124,2,5,5300
ba,39489,UMBURANAS,64,74,3493,83,1,6,2303
ba,39497,UNA,12,286,3770,341,7,14,6305
ba,39519,URANDI,8,165,1950,97,5,20,5084
ba,39535,URUÇUCA,31,248,3363,335,4,20,6470
ba,39551,UTINGA,14,178,1694,212,2,11,5853
ba,39578,VALENÇA,128,904,9281,1540,25,16,23171
ba,39594,VALENTE,11,238,4135,203,1,6,7702
ba,39616,VÁRZEA DO POÇO,12,104,1502,124,1,3,2563
ba,39624,VARZEDO,3,135,641,83,4,4,3948
ba,39632,VERA CRUZ,12,221,1726,581,9,4,14357
ba,39640,VEREDAS,10,57,1127,40,0,0,2454
ba,39659,VITÓRIA DA CONQUISTA,137,4864,62463,6025,76,81,58758
ba,39675,WAGNER,7,72,900,54,2,6,3171
ba,39691,WENCESLAU GUIMARÃES,29,287,3348,131,0,4,4637
ba,39713,XIQUE-XIQUE,35,466,5278,304,2,14,14630
ba,39730,LAPÃO,23,289,3114,244,5,37,9587
ba,39748,MADRE DE DEUS,2,94,1350,361,3,6,7330
ba,39756,MAETINGA,17,113,1498,38,4,3,1572
ba,39772,MANSIDÃO,22,86,2830,134,2,2,2614
ba,39799,NORDESTINA,7,113,1065,84,2,5,4097
ba,39810,PÉ DE SERRA,8,154,2995,106,8,4,3595
ba,39837,PINTADAS,5,161,1924,31,0,4,3155
ba,39845,QUIXABEIRA,10,117,1798,75,0,2,2526
ba,39853,RAFAEL JAMBEIRO,19,362,2770,75,2,10,7088
ba,39870,SANTA LUZIA,10,146,1834,132,4,3,3191
ba,39896,SÃO GABRIEL,20,182,3003,294,3,69,6321
ba,39900,SÍTIO DO QUINTO,9,112,1359,74,2,2,3939
ba,39918,TANQUE NOVO,4,212,1730,77,1,53,5384
ba,39926,SÃO JOSÉ DA VITÓRIA,10,59,860,58,0,2,1995
ba,39934,TEIXEIRA DE FREITAS,54,1212,12870,1627,18,15,39445
ba,39942,NOVO HORIZONTE,6,74,1176,69,1,21,3767
ba,39950,VÁRZEA NOVA,26,147,2095,147,2,3,3582
ba,39969,NOVA IBIÁ,8,80,1398,65,1,2,2043
ba,39977,VÁRZEA DA ROÇA,10,257,1822,128,0,2,4010
ba,39985,SOBRADINHO,12,268,2651,375,4,9,8259
ba,39993,WANDERLEY,27,189,2401,34,3,1,4354
ce,13005,JIJOCA DE JERICOACOARA,9,69,2457,89,0,1,4441
ce,13013,ABAIARA,9,66,820,56,0,11,3059
ce,13021,MADALENA,6,129,1390,131,4,5,6233
ce,13030,ACARAÚ,28,239,3958,376,2,43,19731
ce,13048,PIRES FERREIRA,13,38,669,32,0,0,3790
ce,13056,ACOPIARA,43,346,6576,261,9,112,18050
ce,13064,GRAÇA,18,116,1238,149,0,12,5456
ce,13072,AIUABA,18,85,2868,36,2,23,4159
ce,13080,TURURU,10,78,1186,105,1,8,6753
ce,13099,ALCÂNTARAS,9,59,1126,165,1,4,3931
ce,13102,QUITERIANÓPOLIS,18,108,2762,66,1,4,7309
ce,13110,ALTANEIRA,7,38,975,35,2,7,2424
ce,13129,BARREIRA,10,238,2895,244,3,3,7529
ce,13137,ALTO SANTO,12,48,937,86,1,9,6844
ce,13145,ACARAPE,5,105,1109,162,1,5,5819
ce,13153,ANTONINA DO NORTE,7,53,1184,55,0,26,2502
ce,13161,CHOROZINHO,10,112,1922,295,2,4,8091
ce,13170,APUIARÉS,12,159,1492,135,4,4,5913
ce,13188,HORIZONTE,16,200,4677,367,6,17,17034
ce,13196,AQUIRAZ,46,572,6475,909,15,29,24832
ce,13200,ERERÊ,9,33,1495,22,0,2,1702
ce,13218,ARACATI,27,410,9693,1175,43,30,23192
ce,13226,EUSÉBIO,35,295,3201,614,5,10,17613
ce,13234,ARACOIABA,18,242,3540,197,11,25,10297
ce,13242,GUAIÚBA,23,144,3655,127,4,21,8010
ce,13250,ARARIPE,30,144,2474,74,2,8,7478
ce,13269,POTIRETAMA,8,25,397,20,2,1,2990
ce,13277,ARATUBA,9,152,1366,85,6,24,4423
ce,13285,PINDORETAMA,27,116,1894,176,2,2,7470
ce,13293,ARNEIROZ,19,31,1336,34,0,17,2899
ce,13307,OCARA,20,141,3009,165,7,7,10861
ce,13315,ASSARÉ,23,115,2166,159,1,19,8050
ce,13323,TEJUÇUOCA,32,90,3082,71,17,3,5630
ce,13331,AURORA,20,152,4097,229,0,7,9158
ce,13340,IPAPORANGA,15,75,2870,36,4,34,3047
ce,13358,BAIXIO,5,56,460,63,0,2,2831
ce,13366,TARRAFAS,7,63,641,49,1,41,3768
ce,13374,BARBALHA,35,349,6999,569,11,7,18143
ce,13382,BANABUIÚ,10,104,1569,142,0,4,6821
ce,13390,BARRO,14,268,1306,290,2,8,8345
ce,13404,BARROQUINHA,22,91,2656,184,2,3,5383
ce,13412,BATURITÉ,14,230,3344,402,6,57,13109
ce,13420,ARARENDÁ,17,42,1439,30,6,4,3997
ce,13439,BEBERIBE,39,300,7615,452,16,13,16039
ce,13447,CATUNDA,11,48,891,51,2,3,4214
ce,13455,BELA CRUZ,38,126,3183,247,1,7,10451
ce,13463,CHORÓ,13,69,1105,49,4,1,5330
ce,13471,BOA VIAGEM,41,327,4648,301,7,12,20012
ce,13480,ITAITINGA,14,171,2573,265,16,37,13065
ce,13498,BREJO SANTO,24,266,4615,455,6,5,16782
ce,13501,FORTIM,7,66,1397,185,4,1,6639
ce,13510,CAMOCIM,32,420,6723,956,5,58,19932
ce,13536,CAMPOS SALES,44,185,4286,230,3,12,8014
ce,13552,CANINDÉ,64,451,7069,716,188,27,25058
ce,13579,CAPISTRANO,3,147,1115,112,3,28,7718
ce,13595,CARIDADE,20,82,3231,74,8,5,6091
ce,13617,CARIRÉ,22,105,3557,137,27,2,6079
ce,13633,CARIRIAÇU,38,173,4567,163,3,4,8554
ce,13650,CARIÚS,16,119,2185,159,3,52,7447
ce,13676,CARNAUBAL,11,91,1533,97,4,24,5607
ce,13692,CASCAVEL,39,468,8526,990,13,17,22358
ce,13714,CATARINA,10,84,1630,30,1,41,3220
ce,13730,CAUCAIA,102,1946,18727,4978,112,115,93339
ce,13757,CEDRO,28,192,4377,326,5,26,9428
ce,13773,CHAVAL,24,85,1280,65,1,3,5256
ce,13811,COREAÚ,37,130,3122,186,7,6,7405
ce,13838,CRATEÚS,75,446,10617,995,14,85,23842
ce,13854,CRATO,98,968,15741,2167,139,58,36836
ce,13870,FARIAS BRITO,35,129,3848,153,2,9,6671
ce,13897,FORTALEZA,1002,41470,240652,84058,1106,1386,769155
ce,13919,FRECHEIRINHA,31,82,1665,65,0,5,4294
ce,13935,GENERAL SAMPAIO,22,34,1096,44,2,1,2586
ce,13951,GRANJA,75,248,8106,172,0,24,13919
ce,13978,GRANJEIRO,14,27,1384,60,1,1,1619
ce,13994,GROAÍRAS,13,60,1355,122,0,1,3636
ce,14010,GUARACIABA DO NORTE,23,220,5047,214,2,10,11818
ce,14036,GUARAMIRANGA,4,57,518,77,11,2,2641
ce,14052,HIDROLÂNDIA,24,96,1571,183,5,2,7891
ce,14060,IBARETAMA,8,104,1851,131,2,3,5208
ce,14079,IBIAPINA,23,152,3774,204,25,2,6478
ce,14095,ICÓ,33,397,5597,782,5,21,24746
ce,14117,IGUATU,65,575,7935,839,5,30,36511
ce,14133,INDEPENDÊNCIA,32,144,4933,300,5,13,8600
ce,14150,IPAUMIRIM,7,117,1187,180,0,3,4540
ce,14176,IPU,39,238,2934,320,11,12,15693
ce,14192,IPUEIRAS,71,210,2903,232,1,10,14432
ce,14214,IRACEMA,14,107,1004,65,2,19,5885
ce,14230,IRAUÇUBA,13,97,1427,165,6,2,9527
ce,14257,ITAIÇABA,2,34,1287,50,1,8,2889
ce,14273,ITAPAGÉ,41,283,4308,522,10,7,19524
ce,14290,ITAPIPOCA,75,450,8277,1013,11,23,40617
ce,14311,ITAPIÚNA,12,120,1658,190,5,38,7725
ce,14338,ITATIRA,31,79,1337,110,20,4,7249
ce,14354,JAGUARETAMA,18,127,1687,146,0,1,7923
ce,14370,JAGUARIBARA,7,52,1425,71,1,0,4051
ce,14397,JAGUARIBE,26,265,3177,363,5,6,14657
ce,14419,JAGUARUANA,24,257,4139,444,11,45,12044
ce,14435,JARDIM,36,136,5854,141,4,3,7423
ce,14451,JATI,5,59,858,97,0,2,3291
ce,14478,JUAZEIRO DO NORTE,160,1617,30295,5003,43,101,66014
ce,14494,JUCÁS,16,144,3926,181,2,48,6895
ce,14516,LAVRAS DA MANGABEIRA,21,229,3117,240,4,16,11463
ce,14532,LIMOEIRO DO NORTE,24,439,4599,777,6,22,23544
ce,14559,MARANGUAPE,62,679,8180,1409,24,48,37003
ce,14575,MARCO,21,99,4215,147,3,2,8507
ce,14591,MARTINÓPOLE,11,52,1138,146,0,3,3797
ce,14613,MASSAPÊ,46,127,6572,185,2,3,9783
ce,14630,MAURITI,30,275,6922,140,3,7,13085
ce,14656,MERUOCA,12,76,1080,141,2,1,5832
ce,14672,MILAGRES,17,150,2613,260,1,12,11998
ce,14680,MIRAÍMA,10,75,1271,53,0,1,5358
ce,14699,MISSÃO VELHA,39,203,5198,211,2,10,12492
ce,14710,MOMBAÇA,49,280,7823,269,5,10,12181
ce,14737,MONSENHOR TABOSA,10,86,2327,87,0,18,6380
ce,14753,MORADA NOVA,58,513,5128,830,6,25,31149
ce,14770,MORAÚJO,7,53,911,38,2,0,3245
ce,14796,MORRINHOS,14,75,3470,149,1,2,5826
ce,14818,MUCAMBO,9,81,2330,95,2,5,4635
ce,14834,MULUNGU,17,89,965,75,0,1,3923
ce,14850,NOVA OLINDA,21,118,2921,165,4,2,3895
ce,14877,NOVA RUSSAS,41,243,2419,321,57,22,11872
ce,14893,NOVO ORIENTE,28,156,5135,115,3,5,8467
ce,14915,ORÓS,14,113,2354,121,3,2,9605
ce,14931,PACAJUS,64,333,5430,768,9,13,18487
ce,14958,PACATUBA,18,324,5721,919,34,20,20650
ce,14974,PACOTI,6,98,908,87,7,8,5379
ce,14990,PACUJÁ,2,51,673,65,0,35,2689
ce,15016,PALHANO,8,82,2036,74,0,8,3496
ce,15032,PALMÁCIA,6,87,785,124,8,1,4671
ce,15059,PARACURU,25,273,2819,338,15,15,12563
ce,15075,PARAMBU,30,201,3447,160,5,16,12154
ce,15091,PARAMOTI,22,59,1837,65,7,4,4279
ce,15113,PEDRA BRANCA,27,303,2786,254,5,21,15602
ce,15130,PENAFORTE,9,75,1070,63,1,4,3280
ce,15156,PENTECOSTE,31,242,2525,359,6,11,17006
ce,15172,PEREIRO,17,109,2434,110,1,2,5548
ce,15199,PIQUET CARNEIRO,5,80,1620,69,2,2,5335
ce,15210,PORANGA,32,91,1695,56,1,6,4116
ce,15237,PORTEIRAS,11,131,1484,72,0,1,6701
ce,15253,POTENGI,9,102,1241,61,10,3,3258
ce,15270,QUIXADÁ,40,374,11723,719,9,16,22992
ce,15296,QUIXERAMOBIM,45,369,10623,487,5,16,22748
ce,15318,QUIXERÉ,14,89,1914,354,0,23,8015
ce,15334,REDENÇÃO,13,238,2766,325,9,31,11477
ce,15350,RERIUTABA,27,122,2470,245,2,4,6801
ce,15377,RUSSAS,42,422,9385,1341,9,186,21180
ce,15393,SABOEIRO,11,100,1485,126,0,103,6031
ce,15415,SANTANA DO ACARAÚ,27,126,3041,329,2,1,11837
ce,15431,SANTANA DO CARIRI,14,118,2228,83,4,12,5901
ce,15440,SALITRE,19,81,1937,55,1,39,4984
ce,15458,SANTA QUITÉRIA,37,200,6645,375,2,15,14491
ce,15474,SÃO BENEDITO,57,252,6436,391,11,9,14612
ce,15490,SÃO GONÇALO DO AMARANTE,29,292,5897,423,35,26,15773
ce,15512,SÃO JOÃO DO JAGUARIBE,4,86,646,101,1,3,4740
ce,15539,SÃO LUÍS DO CURU,12,64,1067,149,2,1,6550
ce,15555,SENADOR POMPEU,14,151,4270,248,4,8,9022
ce,15571,SENADOR SÁ,11,48,844,57,1,1,2665
ce,15598,SOBRAL,125,1087,15342,4187,17,36,63229
ce,15610,SOLONÓPOLE,14,107,2051,173,1,3,6934
ce,15636,TABULEIRO DO NORTE,13,225,2878,476,4,6,12852
ce,15652,TAMBORIL,15,157,4191,186,8,7,9037
ce,15679,TAUÁ,49,393,7586,521,14,17,19859
ce,15695,TIANGUÁ,56,444,8124,621,8,18,20085
ce,15717,TRAIRI,18,254,4918,413,8,12,18591
ce,15733,UBAJARA,39,249,3641,347,4,10,10547
ce,15750,UMARI,6,74,1444,50,0,1,2727
ce,15776,URUBURETAMA,21,136,2278,238,4,4,8600
ce,15792,URUOCA,15,68,1383,144,0,2,4895
ce,15814,VÁRZEA ALEGRE,37,317,4337,361,18,28,14620
ce,15830,VIÇOSA DO CEARÁ,45,231,15415,187,6,4,10487
ce,15857,MARACANAÚ,73,1360,14438,3851,58,113,77607
ce,15873,AMONTADA,25,145,4160,364,5,7,13227
ce,15881,CROATÁ,24,82,1301,60,5,6,6222
ce,15890,CRUZ,29,97,3871,110,2,3,7642
ce,15911,FORQUILHA,36,135,2440,232,2,9,7807
ce,15920,IBICUITINGA,8,72,1471,71,3,1,5324
ce,15938,ICAPUÍ,10,93,4477,139,4,2,5435
ce,15954,ITAREMA,19,194,2760,213,2,3,12569
ce,15970,MILHÃ,11,72,1598,82,1,0,5606
ce,15989,DEPUTADO IRAPUAN PINHEIRO,10,35,1743,35,12,2,3246
ce,15997,PARAIPABA,22,163,2274,209,14,8,11576
ce,98531,QUIXELÔ,12,127,2183,158,0,7,6862
ce,98558,UMIRIM,10,89,1562,98,6,2,7444
ce,98574,VARJOTA,27,85,1551,184,7,2,6807
df,97012,BRASÍLIA,2367,82854,594521,165420,1718,1518,499407
es,56006,SÃO DOMINGOS DO NORTE,3,84,1820,111,2,5,2798
es,56014,AFONSO CLÁUDIO,48,575,8082,530,1,6,8009
es,56022,ÁGUA DOCE DO NORTE,4,119,1944,84,2,4,4011
es,56030,ALEGRE,78,523,7207,876,4,6,8753
es,56049,IRUPI,6,84,2747,107,1,2,2867
es,56057,ALFREDO CHAVES,16,184,3806,318,6,8,3407
es,56065,ALTO RIO NOVO,2,59,1185,112,2,3,2400
es,56073,ANCHIETA,16,284,4887,764,8,4,6037
es,56081,VILA PAVÃO,21,41,1875,120,0,1,3390
es,56090,APIACÁ,9,78,1427,237,1,4,2549
es,56103,MARECHAL FLORIANO,17,295,4615,342,1,8,3409
es,56111,ARACRUZ,40,1239,12812,1550,13,24,24757
es,56120,MARATAÍZES,22,340,5702,766,7,7,10077
es,56138,ATÍLIO VIVACQUA,1,71,2544,191,2,2,3114
es,56146,BREJETUBA,19,124,2533,120,1,2,2855
es,56154,BAIXO GUANDU,83,677,6322,587,3,3,9358
es,56162,SÃO ROQUE DO CANAÃ,6,102,2696,197,5,2,3116
es,56170,BARRA DE SÃO FRANCISCO,25,596,8409,704,2,13,11715
es,56189,SOORETAMA,18,172,3582,249,0,3,7065
es,56197,BOA ESPERANÇA,21,94,2703,243,5,3,4718
es,56200,PONTO BELO,9,63,1335,90,1,0,2716
es,56219,BOM JESUS DO NORTE,8,187,1979,355,4,2,3184
es,56227,VILA VALÉRIO,4,78,2052,133,1,3,5814
es,56235,CACHOEIRO DE ITAPEMIRIM,112,2856,39571,5183,38,50,45183
es,56251,CARIACICA,339,6546,51609,10724,102,111,105926
es,56278,CASTELO,28,461,8995,999,6,15,10031
es,56294,COLATINA,49,1986,28364,3503,29,31,27145
es,56308,GOVERNADOR LINDENBERG,6,82,2069,130,0,3,3816
es,56316,CONCEIÇÃO DA BARRA,22,321,3651,559,5,5,8424
es,56332,CONCEIÇÃO DO CASTELO,12,116,3432,203,1,2,2171
es,56359,DIVINO DE SÃO LOURENÇO,6,35,1305,100,0,2,1352
es,56375,DOMINGOS MARTINS,28,497,10082,639,7,5,7978
es,56391,DORES DO RIO PRETO,8,94,1531,92,4,4,2176
es,56413,ECOPORANGA,19,196,5104,393,3,2,7243
es,56430,FUNDÃO,4,326,3054,356,3,1,5022
es,56456,GUAÇUÍ,25,390,6723,667,7,5,6273
es,56472,GUARAPARI,84,1716,23738,3445,31,43,24555
es,56499,IBIRAÇU,11,182,2557,293,5,2,3490
es,56502,IBITIRAMA,13,84,1949,115,10,4,2939
es,56510,ICONHA,9,119,4356,181,1,2,3397
es,56537,ITAGUAÇU,15,176,3270,395,5,5,5060
es,56553,ITAPEMIRIM,9,315,6042,758,5,5,10345
es,56570,ITARANA,13,216,3073,314,3,10,3075
es,56596,IÚNA,28,371,7100,421,9,8,6940
es,56618,JERÔNIMO MONTEIRO,18,165,2440,294,1,1,3742
es,56626,JOÃO NEIVA,12,287,3590,398,6,4,5421
es,56634,LINHARES,96,1835,31608,2660,20,30,31307
es,56650,MANTENÓPOLIS,10,124,3294,160,5,0,3145
es,56677,MIMOSO DO SUL,27,287,6040,533,4,6,7970
es,56693,MONTANHA,15,194,3104,266,4,4,5563
es,56715,MUCURICI,4,53,1181,96,0,0,1927
es,56731,MUNIZ FREIRE,11,195,3655,258,4,5,6115
es,56758,MUQUI,12,168,3788,332,7,5,4129
es,56774,NOVA VENÉCIA,53,402,8290,948,9,8,14053
es,56790,PANCAS,22,221,3364,363,3,3,6518
es,56812,PINHEIROS,33,163,3534,404,1,5,8060
es,56839,PIÚMA,4,196,3476,486,1,4,4198
es,56855,PRESIDENTE KENNEDY,7,76,2353,131,2,3,3348
es,56871,RIO NOVO DO SUL,7,153,3349,230,2,1,3501
es,56898,SANTA LEOPOLDINA,9,167,2789,303,2,2,3832
es,56910,SANTA TERESA,21,342,6523,640,5,2,5278
es,56936,SÃO GABRIEL DA PALHA,14,219,6461,407,2,3,9298
es,56952,SÃO JOSÉ DO CALÇADO,8,186,2322,216,2,2,3684
es,56979,SÃO MATEUS,27,916,12553,2339,21,26,32491
es,56995,SERRA,218,10469,44356,14025,169,107,107574
es,57010,VIANA,57,815,8701,1395,16,13,19141
es,57037,VILA VELHA,381,11135,73798,19885,128,151,99564
es,57053,VITÓRIA,273,12234,74521,19315,115,138,82987
es,57070,MARILÂNDIA,6,198,2803,161,4,1,3447
es,57096,IBATIBA,21,233,6289,238,2,7,5098
es,57118,RIO BANANAL,13,141,3286,195,1,3,6066
es,57134,JAGUARÉ,9,192,3086,373,2,4,8763
es,57150,PEDRO CANÁRIO,21,222,3398,349,5,7,6314
es,57916,LARANJA DA TERRA,22,108,3520,164,1,4,3017
es,57932,SANTA MARIA DO JETIBÁ,22,284,9412,411,25,3,7807
es,57959,VARGEM ALTA,18,155,4379,350,3,2,4642
es,57975,VENDA NOVA DO IMIGRANTE,15,310,5984,508,7,6,3149
es,57991,ÁGUIA BRANCA,3,98,1706,83,2,2,3800
go,92010,ABADIÂNIA,10,103,3671,292,3,4,2543
go,92029,BONFINÓPOLIS,6,69,2387,246,2,1,1587
go,92037,ÁGUA LIMPA,4,17,727,53,0,1,694
go,92053,ALEXÂNIA,13,139,7334,661,5,9,3771
go,92061,CAMPOS VERDES,3,28,1377,43,1,1,2354
go,92096,ALOÂNDIA,0,18,760,73,1,1,553
go,92100,CEZARINA,21,56,2570,257,2,2,2234
go,92118,ALTO PARAÍSO DE GOIÁS,5,68,1584,188,0,1,1216
go,92126,COLINAS DO SUL,3,34,927,51,1,4,903
go,92150,ALVORADA DO NORTE,5,41,2688,150,2,1,1323
go,92169,MORRO AGUDO DE GOIÁS,2,15,902,90,0,1,636
go,92177,AMORINÓPOLIS,1,51,1556,89,2,2,954
go,92207,EDEALINA,4,19,1498,105,0,2,903
go,92215,ANÁPOLIS,221,3201,94883,10716,98,92,51082
go,92223,FAINA,3,24,2147,145,1,0,2192
go,92231,ANHANGÜERA,0,1,325,106,0,0,230
go,92258,ANICUNS,8,137,5461,578,4,7,5563
go,92266,GOUVELÂNDIA,4,30,1445,89,0,2,1048
go,92274,APARECIDA DE GOIÂNIA,259,2724,67305,15084,102,60,81483
go,92282,ITAGUARI,1,20,1056,72,0,2,1667
go,92290,APORÉ,2,14,955,58,0,1,724
go,92312,ARAÇU,5,21,1741,119,1,1,1070
go,92320,MATRINCHÃ,7,14,1548,92,0,0,1047
go,92339,ARAGARÇAS,10,126,3342,359,1,1,4915
go,92347,MIMOSO DE GOIÁS,2,17,908,75,3,0,900
go,92355,ARAGOIÂNIA,10,58,2502,257,4,0,1766
go,92363,MONTIVIDIU,4,32,3997,128,3,0,1586
go,92444,NOVO PLANALTO,3,16,1159,61,1,3,1105
go,92460,PALESTINA DE GOIÁS,3,11,1298,77,2,0,661
go,92495,ARUANÃ,3,30,1566,95,0,2,1591
go,92517,AURILÂNDIA,5,48,990,111,2,7,1426
go,92550,AVELINÓPOLIS,4,23,1285,91,2,0,686
go,92568,SANTA FÉ DE GOIÁS,6,18,976,62,0,1,1561
go,92614,BALIZA,0,11,528,42,0,0,1144
go,92622,SÃO JOÃO DA PARAÚNA,0,20,629,61,1,2,538
go,92630,BARRO ALTO,6,32,1829,191,0,2,1644
go,92649,SÃO LUIZ DO NORTE,8,30,1141,84,1,1,1088
go,92657,BELA VISTA DE GOIÁS,25,196,7539,647,7,6,3691
go,92665,SÃO MIGUEL DO PASSA QUATRO,1,27,1368,75,0,1,808
go,92673,BOM JARDIM DE GOIÁS,6,32,2267,125,0,4,2416
go,92690,BOM JESUS DE GOIÁS,14,88,5565,304,3,1,3768
go,92703,SENADOR CANEDO,39,449,11114,2366,18,10,17748
go,92711,BRAZABRANTES,2,18,1071,110,1,0,804
go,92720,SIMOLÂNDIA,6,45,1938,67,3,3,1582
go,92754,BRITÂNIA,5,24,1599,98,2,1,1451
go,92762,TERESINA DE GOIÁS,4,21,546,52,1,0,859
go,92770,BURITI ALEGRE,8,69,3465,191,2,3,1667
go,92789,TROMBAS,4,13,1065,42,1,0,905
go,92797,CABECEIRAS,6,38,2026,149,0,9,1986
go,92800,TURVELÂNDIA,1,19,1172,67,0,1,948
go,92819,CACHOEIRA ALTA,4,35,2394,223,2,2,1685
go,92827,RIO QUENTE,2,39,1116,74,2,2,626
go,92835,CACHOEIRA DE GOIÁS,5,14,607,46,0,1,433
go,92851,CAÇU,15,84,4306,203,5,4,1943
go,92860,GUARINOS,2,22,755,38,0,1,704
go,92878,CAIAPÔNIA,9,77,4613,386,4,6,3273
go,92886,COCALZINHO DE GOIÁS,7,110,3955,326,8,9,3132
go,92894,CALDAS NOVAS,36,420,17947,2035,13,12,10366
go,92908,SANTO ANTÔNIO DE GOIÁS,2,31,981,158,1,2,1167
go,92916,CAMPESTRE DE GOIÁS,2,16,1266,49,0,0,748
go,92924,CHAPADÃO DO CÉU,3,47,1502,109,1,0,1033
go,92932,CAMPINORTE,11,37,2838,163,0,1,2303
go,92940,ALTO HORIZONTE,0,8,1012,52,0,1,719
go,92959,CAMPO ALEGRE DE GOIÁS,8,22,2225,103,1,0,855
go,92967,CASTELÂNDIA,2,21,1196,65,0,0,1110
go,92975,CAMPOS BELOS,10,164,3599,242,4,4,5246
go,92983,JESÚPOLIS,3,22,682,60,0,6,611
go,92991,CARMO DO RIO VERDE,6,35,2744,194,2,2,2100
go,93009,APARECIDA DO RIO DOCE,1,10,906,58,1,0,903
go,93017,CATALÃO,54,781,23750,2828,27,34,15424
go,93025,CIDADE OCIDENTAL,27,482,6657,1794,25,12,12399
go,93033,CATURAÍ,1,19,1615,114,0,4,1129
go,93041,PROFESSOR JAMIL,3,29,915,100,0,2,1109
go,93050,CAVALCANTE,12,72,1122,109,1,2,2344
go,93068,PEROLÂNDIA,1,47,731,31,1,1,985
go,93076,CERES,12,218,6072,627,4,9,4921
go,93084,NOVA IGUAÇU DE GOIÁS,6,5,822,45,1,1,717
go,93092,DIVINÓPOLIS DE GOIÁS,3,43,1520,111,3,6,1286
go,93106,BURITI DE GOIÁS,2,15,872,138,0,1,1051
go,93122,CALDAZINHA,1,22,1051,101,2,5,761
go,93149,GUARAÍTA,2,24,689,56,0,0,765
go,93157,CÓRREGO DO OURO,3,17,1215,97,0,2,616
go,93165,INACIOLÂNDIA,2,42,1631,97,0,1,1203
go,93173,CORUMBÁ DE GOIÁS,10,91,3289,245,0,2,1451
go,93181,MONTIVIDIU DO NORTE,4,21,935,42,0,1,1050
go,93190,CORUMBAÍBA,4,63,2455,149,1,0,1933
go,93203,SANTO ANTÔNIO DA BARRA,2,13,1604,55,0,2,1189
go,93220,TEREZÓPOLIS DE GOIÁS,6,48,1837,123,1,6,1536
go,93246,UIRAPURU,1,26,810,37,0,1,996
go,93254,CRISTALINA,22,218,12491,754,1,5,5201
go,93262,BURITINÓPOLIS,5,24,1287,70,0,5,450
go,93270,CRISTIANÓPOLIS,2,47,1504,99,0,1,515
go,93289,VILA BOA,5,20,954,40,0,1,1071
go,93297,CRIXÁS,8,95,2594,242,6,1,5036
go,93300,VALPARAÍSO DE GOIÁS,59,892,12068,3147,42,19,20332
go,93319,CROMÍNIA,6,58,1370,140,1,1,1005
go,93327,NOVO GAMA,40,376,10329,1820,15,11,16982
go,93335,CUMARI,4,28,940,88,2,0,864
go,93343,ÁGUAS LINDAS DE GOIÁS,38,438,12386,2785,16,22,19685
go,93351,DAMIANÓPOLIS,8,24,1724,63,3,1,467
go,93360,ABADIA DE GOIÁS,1,32,2030,225,0,2,1210
go,93378,DAMOLÂNDIA,9,29,1220,125,3,1,792
go,93386,AMARALINA,3,11,894,45,0,0,775
go,93394,DAVINÓPOLIS,3,22,705,92,0,0,713
go,93408,BONÓPOLIS,3,11,858,23,2,0,825
go,93424,PORTEIRÃO,4,12,804,63,0,0,698
go,93432,DIORAMA,5,20,861,49,0,2,821
go,93440,SANTA RITA DO NOVO DESTINO,2,24,864,51,0,1,1210
go,93483,SÃO PATRÍCIO,4,14,723,91,0,1,529
go,93491,EDÉIA,7,44,3509,186,0,2,2337
go,93505,VILA PROPÍCIO,4,36,1345,81,0,5,1436
go,93513,ESTRELA DO NORTE,7,27,1171,69,1,2,828
go,93530,FAZENDA NOVA,7,47,2002,202,0,1,1718
go,93548,IPIRANGA DE GOIÁS,1,19,908,56,0,0,912
go,93564,GAMELEIRA DE GOIÁS,1,18,1019,55,0,0,657
go,93572,FIRMINÓPOLIS,5,59,3236,337,0,4,2180
go,93580,CAMPO LIMPO DE GOIÁS,9,28,2124,146,0,9,1302
go,93599,FLORES DE GOIÁS,3,51,1858,154,0,2,1437
go,93602,LAGOA SANTA,2,14,483,58,0,1,283
go,93610,FORMOSA,68,709,24173,3051,19,32,16128
go,93637,FORMOSO,8,14,1572,141,0,3,1264
go,93670,GOIANÁPOLIS,8,78,3831,169,3,4,2329
go,93696,GOIANDIRA,9,46,1724,181,2,3,1259
go,93718,GOIANÉSIA,28,391,13968,1084,6,10,13523
go,93734,GOIÂNIA,925,21173,339556,65204,446,384,222146
go,93750,GOIANIRA,15,168,5283,784,5,3,5436
go,93777,GOIÁS,32,233,7599,836,4,1,6430
go,93793,GOIATUBA,21,193,11325,597,6,10,6217
go,93815,GUAPÓ,11,78,3899,439,5,4,2967
go,93831,GUARANI DE GOIÁS,5,25,1237,59,0,1,1094
go,93874,HEITORAÍ,4,26,1260,65,1,0,1158
go,93890,HIDROLÂNDIA,21,190,5015,594,5,1,3074
go,93912,HIDROLINA,5,32,1377,65,0,0,1209
go,93939,IACIARA,14,59,2736,88,1,1,2228
go,93955,INHUMAS,23,481,14913,1543,6,10,10212
go,93971,IPAMERI,20,248,9138,805,3,2,3591
go,93998,IPORÁ,22,242,9485,684,7,12,7465
go,94013,ISRAELÂNDIA,1,30,1033,71,0,0,729
go,94030,ITABERAÍ,15,244,8604,641,3,11,7315
go,94072,ITAGUARU,6,56,1469,175,0,1,2155
go,94110,ITAJÁ,7,30,1697,169,0,0,1063
go,94137,ITAPACI,11,104,4272,386,1,3,4010
go,94153,ITAPIRAPUÃ,4,33,2906,270,2,0,1777
go,94196,ITAPURANGA,30,182,6887,611,14,6,8168
go,94218,ITARUMÃ,4,27,2021,97,0,1,889
go,94234,ITAUÇU,8,53,2818,187,2,3,2399
go,94250,ITUMBIARA,44,601,28059,2492,8,13,18493
go,94277,IVOLÂNDIA,4,23,852,45,0,1,990
go,94293,JANDAIA,8,67,2170,131,3,3,2108
go,94315,JARAGUÁ,14,324,10456,844,5,6,8351
go,94331,JATAÍ,38,764,25909,1649,12,12,15571
go,94358,JAUPACI,1,26,739,52,0,0,1284
go,94374,JOVIÂNIA,8,37,2448,151,0,0,1532
go,94390,JUSSARA,12,112,6652,381,2,6,3983
go,94439,LEOPOLDO DE BULHÕES,2,32,2203,192,1,1,1704
go,94455,LUZIÂNIA,98,736,32610,3850,44,59,33406
go,94471,MAIRIPOTABA,2,14,1141,82,1,2,425
go,94498,MAMBAÍ,9,44,2102,53,3,1,777
go,94510,MARA ROSA,11,65,3213,233,1,2,2330
go,94536,MARZAGÃO,4,12,766,66,1,0,434
go,94552,PARANAIGUARA,8,44,2221,123,1,2,2652
go,94579,MAURILÂNDIA,2,47,2435,169,1,2,2998
go,94595,MINEIROS,18,367,13023,865,7,8,10140
go,94650,MOIPORÁ,2,25,885,92,0,2,528
go,94676,MONTE ALEGRE DE GOIÁS,8,56,1469,106,1,4,1892
go,94714,MONTES CLAROS DE GOIÁS,6,49,2148,90,0,4,2056
go,94730,MORRINHOS,27,438,12669,1094,12,10,9131
go,94757,MOSSÂMEDES,4,63,1665,158,0,0,1478
go,94773,MOZARLÂNDIA,7,52,3617,196,0,3,3227
go,94790,MUTUNÓPOLIS,5,28,1207,79,0,1,1109
go,94854,NAZÁRIO,5,41,2588,186,3,2,2074
go,94870,NERÓPOLIS,16,162,6558,590,1,3,5118
go,94897,NIQUELÂNDIA,22,225,9505,821,7,46,10289
go,94919,NOVA AMÉRICA,2,43,872,119,0,2,542
go,94935,NOVA AURORA,0,30,888,68,0,1,499
go,94951,NOVA ROMA,3,21,982,48,1,1,764
go,94978,NOVA VENEZA,10,42,2543,176,0,1,1825
go,95010,NOVO BRASIL,2,13,1302,51,0,1,1065
go,95036,ORIZONA,22,141,5303,505,1,9,2427
go,95052,OURO VERDE DE GOIÁS,4,45,1624,94,0,2,839
go,95079,OUVIDOR,4,61,1776,174,1,2,1499
go,95095,PADRE BERNARDO,14,122,4960,529,11,9,4088
go,95117,PALMEIRAS DE GOIÁS,16,113,8136,436,5,2,3855
go,95133,PALMELO,3,20,910,91,0,1,412
go,95150,PALMINÓPOLIS,6,33,1585,191,0,3,831
go,95176,PANAMÁ,2,27,1014,74,1,2,595
go,95230,PARAÚNA,7,78,3050,199,0,2,2771
go,95311,PETROLINA DE GOIÁS,7,62,3821,251,0,2,1920
go,95354,PILAR DE GOIÁS,2,17,861,42,1,1,841
go,95397,PIRACANJUBA,18,175,7546,475,5,5,5617
go,95419,PIRANHAS,8,73,3018,213,1,4,3517
go,95435,PIRENÓPOLIS,17,159,7971,517,6,4,4994
go,95451,PIRES DO RIO,24,193,9911,947,7,10,4599
go,95494,PONTALINA,15,153,5362,564,2,7,4220
go,95559,PORANGATU,24,258,8968,740,2,7,11329
go,95575,PORTELÂNDIA,2,49,1106,55,0,0,911
go,95613,POSSE,23,175,8837,432,3,7,5107
go,95630,QUIRINÓPOLIS,38,287,11794,718,8,8,8625
go,95656,RIALMA,7,89,2927,215,3,2,2493
go,95672,RIANÁPOLIS,4,27,1550,154,1,0,820
go,95710,RIO VERDE,70,830,44785,2566,25,33,24143
go,95737,RUBIATABA,23,160,5817,620,3,1,4260
go,95753,SANCLERLÂNDIA,6,50,2232,196,1,1,2468
go,95770,SANTA BÁRBARA DE GOIÁS,4,26,1793,104,0,0,1395
go,95796,SANTA CRUZ DE GOIÁS,1,31,1406,108,1,0,576
go,95818,SANTA HELENA DE GOIÁS,24,175,12651,519,13,9,8890
go,95834,SANTA RITA DO ARAGUAIA,4,41,1575,98,3,2,1029
go,95850,SANTA ROSA DE GOIÁS,5,44,1219,87,1,3,909
go,95877,SANTA TEREZA DE GOIÁS,7,24,1318,74,0,3,922
go,95893,SANTA TEREZINHA DE GOIÁS,5,31,3076,154,1,2,3215
go,95915,SÃO DOMINGOS,12,56,2156,149,3,6,1881
go,95931,SÃO FRANCISCO DE GOIÁS,9,29,1880,130,0,1,1340
go,95958,PLANALTINA,52,465,11792,1964,25,13,17387
go,95974,SÃO JOÃO D ALIANÇA,11,72,2169,207,1,4,1319
go,95990,SÃO LUÍS DE MONTES BELOS,15,233,8459,888,7,8,6066
go,96016,SÃO MIGUEL DO ARAGUAIA,34,113,7172,460,3,3,4225
go,96059,SÃO SIMÃO,11,95,2860,336,4,3,4469
go,96075,SERRANÓPOLIS,8,65,2004,237,2,1,1469
go,96091,SILVÂNIA,12,198,6492,458,2,4,3345
go,96113,SÍTIO D ABADIA,4,12,966,25,0,0,643
go,96172,TAQUARAL DE GOIÁS,5,30,1177,130,1,2,919
go,96237,TRÊS RANCHOS,1,25,1007,97,1,2,1018
go,96253,TRINDADE,60,641,23988,3120,37,18,20898
go,96318,TURVÂNIA,4,35,1995,121,0,1,1327
go,96334,URUAÇU,21,180,8105,514,3,13,8161
go,96350,URUANA,7,82,3844,351,2,7,3747
go,96377,URUTAÍ,6,20,1069,127,0,1,702
go,96393,VARJÃO,8,30,1625,128,0,1,598
go,96415,VIANÓPOLIS,4,102,4494,257,4,1,1434
go,96458,ACREÚNA,15,95,6786,383,1,1,3969
go,96474,MINAÇU,22,167,7949,883,4,7,8788
go,96512,MUNDO NOVO,4,21,1571,43,1,0,1627
go,96539,NOVA CRIXÁS,8,24,3215,108,0,1,2009
go,96555,NOVA GLÓRIA,4,32,2072,196,1,2,2815
go,96571,VICENTINÓPOLIS,5,45,2127,157,4,1,1763
go,96610,AMERICANO DO BRASIL,3,32,1567,148,1,1,1539
go,96695,ARAGUAPAZ,3,20,2301,138,2,3,1760
go,96717,ARENÓPOLIS,2,15,942,72,0,0,1249
go,96733,CACHOEIRA DOURADA,5,50,2789,159,1,0,2212
go,96750,DOVERLÂNDIA,3,32,2408,193,1,2,1978
go,96776,SANTO ANTÔNIO DO DESCOBERTO,47,351,11080,1723,8,25,11251
go,96814,INDIARA,4,66,2843,244,4,4,3444
go,96873,CAMPINAÇU,4,12,1031,81,0,2,1219
go,96890,SANTA ISABEL,9,38,1353,104,1,0,655
go,96911,ADELÂNDIA,3,22,814,70,0,0,856
go,96938,ÁGUA FRIA DE GOIÁS,6,38,1700,128,1,1,799
ma,07005,ÁGUA DOCE,8,118,1150,61,0,3,4178
ma,07013,AFONSO CUNHA,6,108,291,20,0,2,2994
ma,07021,ALTO ALEGRE DO MARANHÃO,11,152,775,42,0,4,7132
ma,07030,ALCÂNTARA,6,192,928,157,3,3,9309
ma,07048,ALTO ALEGRE DO PINDARÉ,14,280,1134,64,0,7,11052
ma,07056,ALDEIAS ALTAS,14,182,752,60,6,4,7523
ma,07064,APICUM-AÇU,12,110,1277,51,1,1,4597
ma,07072,ALTAMIRA DO MARANHÃO,7,197,896,55,1,0,2706
ma,07080,AMAPÁ DO MARANHÃO,2,73,875,19,0,2,1852
ma,07099,ALTO PARNAÍBA,11,111,1577,57,0,3,2488
ma,07102,ARAGUANÃ,3,102,424,29,0,3,3484
ma,07110,AMARANTE DO MARANHÃO,22,261,4436,147,2,1,9126
ma,07129,BACABEIRA,4,165,1071,114,3,10,5768
ma,07137,ANAJATUBA,10,306,922,150,2,15,10053
ma,07145,BACURITUBA,4,32,124,41,0,1,2433
ma,07153,ANAPURUS,11,171,899,49,2,7,5656
ma,07161,BELÁGUA,5,81,191,8,0,0,3022
ma,07170,ARAIÓSES,26,351,3631,235,5,7,12338
ma,07188,BELA VISTA,3,166,832,40,2,3,3803
ma,07196,ARARI,18,343,3100,307,5,6,10371
ma,07200,BERNARDO DO MEARIM,3,74,379,19,0,1,2446
ma,07218,AXIXÁ,4,85,578,111,1,5,5186
ma,07226,CACHOEIRA GRANDE,2,139,224,35,0,3,3300
ma,07234,BACABAL,45,1107,7620,972,16,19,32848
ma,07242,DAVINÓPOLIS,0,186,1053,94,1,1,4651
ma,07250,BACURI,19,179,1503,54,0,0,5604
ma,07269,BOM JESUS DAS SELVAS,11,269,3364,43,1,4,5247
ma,07277,BALSAS,60,570,13667,618,13,10,16898
ma,07285,BOM LUGAR,8,151,900,58,1,0,4941
ma,07293,BARÃO DE GRAJAÚ,11,179,1141,80,3,4,6507
ma,07307,BREJO DE AREIA,5,258,930,39,3,0,3441
ma,07315,BARRA DO CORDA,42,593,6290,563,7,29,25616
ma,07323,BOA VISTA DO GURUPI,2,98,909,12,0,1,1672
ma,07331,BARREIRINHAS,23,398,2434,278,7,7,19826
ma,07340,BURITICUPU,20,997,4492,120,2,4,18747
ma,07358,BENEDITO LEITE,6,31,1568,13,1,4,1124
ma,07366,BURITIRANA,18,141,2028,92,0,4,4026
ma,07374,BEQUIMÃO,13,302,701,269,7,15,9753
ma,07382,CAMPESTRE DO MARANHÃO,7,121,1176,55,2,2,4511
ma,07390,BREJO,19,399,2690,167,8,10,11410
ma,07404,CAPINZAL DO NORTE,7,91,714,63,0,1,3901
ma,07412,BURITI,21,267,1662,120,2,5,9476
ma,07420,CENTRAL DO MARANHÃO,5,163,156,22,1,2,3445
ma,07439,BURITI BRAVO,7,400,995,56,1,2,8912
ma,07447,CENTRO DO GUILHERME,3,52,280,10,2,0,2633
ma,07455,CAJAPIÓ,15,109,458,103,1,3,4553
ma,07463,CENTRO NOVO DO MARANHÃO,4,181,642,21,2,4,4446
ma,07471,CAJARI,11,247,583,108,0,8,7063
ma,07480,CIDELÂNDIA,8,123,1572,98,0,3,4005
ma,07498,CÂNDIDO MENDES,11,172,1742,124,1,1,5609
ma,07501,CONCEIÇÃO DO LAGO AÇU,10,210,725,61,1,14,4527
ma,07510,CANTANHEDE,8,156,1237,101,1,4,5401
ma,07528,FEIRA NOVA DO MARANHÃO,6,63,1494,11,0,1,2113
ma,07536,CAROLINA,14,278,3187,237,5,4,7499
ma,07544,FERNANDO FALCÃO,1,60,559,19,1,2,3394
ma,07552,CARUTAPERA,3,302,2367,147,12,5,6844
ma,07560,FORMOSA DA SERRA NEGRA,19,171,4234,46,1,2,2379
ma,07579,CAXIAS,71,1122,7500,1380,26,30,51762
ma,07595,CEDRAL,4,68,451,66,4,0,4645
ma,07609,GOVERNADOR EDSON LOBÃO,11,115,1873,124,0,0,3731
ma,07617,CHAPADINHA,41,723,3190,425,3,15,25096
ma,07625,GOVERNADOR LUIZ ROCHA,8,160,822,27,1,2,3424
ma,07633,CODÓ,70,1923,6740,828,14,38,35129
ma,07641,GOVERNADOR NEWTON BELLO,4,112,696,105,0,4,3707
ma,07650,COELHO NETO,35,569,4166,309,2,19,16179
ma,07668,GOVERNADOR NUNES FREIRE,12,174,1809,49,1,5,6782
ma,07676,COLINAS,26,242,2329,148,3,7,12069
ma,07684,IGARAPÉ DO MEIO,7,139,725,40,0,5,3796
ma,07692,COROATÁ,18,910,2583,322,9,14,23251
ma,07706,ITAIPAVA DO GRAJAÚ,12,61,1363,37,0,4,3761
ma,07714,CURURUPU,72,408,1684,244,1,7,13467
ma,07722,ITINGA DO MARANHÃO,10,286,4317,174,1,3,6874
ma,07730,DOM PEDRO,3,224,2333,154,2,2,8171
ma,07749,JATOBÁ,8,27,643,18,0,2,2861
ma,07757,DUQUE BACELAR,7,178,715,64,0,4,3755
ma,07765,JENIPAPO DOS VIEIRAS,21,156,1006,43,0,6,5484
ma,07773,ESPERANTINÓPOLIS,1,324,854,83,1,2,7868
ma,07781,JUNCO DO MARANHÃO,1,36,649,33,0,3,1904
ma,07790,FORTALEZA DOS NOGUEIRAS,20,127,1910,56,2,5,3893
ma,07803,LAGO DOS RODRIGUES,5,83,966,62,3,2,4214
ma,07811,FORTUNA,9,224,962,103,8,6,6430
ma,07820,LAGOA DO MATO,0,99,426,12,0,0,4289
ma,07838,GODOFREDO VIANA,3,79,947,63,0,0,2449
ma,07846,LAGOA GRANDE DO MARANHÃO,6,108,1192,29,0,5,3994
ma,07854,GONÇALVES DIAS,5,108,765,66,4,3,6601
ma,07862,LAJEADO NOVO,10,67,1578,45,0,0,1777
ma,07870,GOVERNADOR ARCHER,1,24,325,22,0,2,4297
ma,07889,MARACAÇUMÉ,9,165,1996,67,3,2,4833
ma,07897,GOVERNADOR EUGÊNIO BARROS,10,135,976,78,1,4,5261
ma,07900,MARAJÁ DO SENA,7,211,1024,24,0,9,2863
ma,07919,GRAÇA ARANHA,0,61,366,42,0,3,3170
ma,07927,MARANHÃOZINHO,6,62,775,27,0,2,3147
ma,07935,GRAJAÚ,39,563,5448,353,14,14,15400
ma,07943,MATÕES DO NORTE,5,58,310,29,0,1,3350
ma,07951,GUIMARÃES,4,161,655,111,3,1,5496
ma,07960,MILAGRES DO MARANHÃO,3,63,400,27,0,2,2443
ma,07978,HUMBERTO DE CAMPOS,10,245,758,150,5,16,10830
ma,07986,NOVA COLINAS,6,77,877,9,1,0,1651
ma,07994,ICATU,11,159,912,144,3,10,11926
ma,08001,NOVA OLINDA DO MARANHÃO,7,194,1069,60,8,4,6050
ma,08010,IGARAPÉ GRANDE,3,177,780,72,1,2,4537
ma,08028,OLINDA NOVA DO MARANHÃO,4,204,421,51,3,4,4495
ma,08036,IMPERATRIZ,92,2728,38303,4781,43,28,63970
ma,08044,PAULINO NEVES,11,136,1881,84,7,4,3910
ma,08052,SÃO LUIS GONZAGA DO MARANHÃO,12,290,1113,85,6,7,10128
ma,08060,PEDRO DO ROSÁRIO,4,450,579,37,1,5,6663
ma,08079,ITAPECURU-MIRIM,20,550,2595,360,9,17,20368
ma,08087,PERITORÓ,9,191,758,36,1,4,7934
ma,08095,JOÃO LISBOA,14,326,2377,212,3,4,8655
ma,08109,PORTO RICO DO MARANHÃO,2,104,606,82,0,2,3103
ma,08117,JOSELÂNDIA,9,124,678,85,1,5,6327
ma,08125,PRESIDENTE MEDICI,4,26,533,37,1,1,2565
ma,08133,LAGO DA PEDRA,46,444,4884,358,2,57,14293
ma,08141,PRESIDENTE SARNEY,6,140,409,35,3,7,6023
ma,08150,LAGO DO JUNCO,8,84,979,53,0,3,3529
ma,08168,RAPOSA,22,203,1282,312,5,32,8837
ma,08176,LAGO VERDE,8,166,480,22,1,4,6170
ma,08184,RIBAMAR FIQUENE,8,116,1439,51,0,2,2015
ma,08192,LIMA CAMPOS,6,237,1705,98,2,3,4288
ma,08206,SANTA FILOMENA DO MARANHÃO,6,28,453,41,0,1,2921
ma,08214,LORETO,7,52,1317,25,0,3,3213
ma,08222,SANTANA DO MARANHÃO,5,65,469,41,0,1,2902
ma,08230,LUIS DOMINGUES DO MARANHÃO,1,38,1215,55,3,1,1836
ma,08249,SANTO AMARO DO MARANHÃO,4,187,533,109,7,1,5072
ma,08257,MAGALHÃES DE ALMEIDA,5,79,1522,82,1,15,5601
ma,08265,SÃO DOMINGOS DO AZEITÃO,11,51,769,42,0,0,2507
ma,08273,MATA ROMA,12,129,1578,81,0,6,5757
ma,08281,SÃO FRANCISCO DO BREJÃO,8,84,1683,68,1,2,2189
ma,08290,MATINHA,9,321,1605,235,6,13,9406
ma,08303,SÃO JOÃO DO CARU,6,193,1360,100,2,3,3661
ma,08311,MATÕES,19,280,1323,77,1,17,10587
ma,08320,SÃO JOÃO DO PARAÍSO,9,101,2242,45,3,1,2976
ma,08338,MIRADOR,14,196,1432,68,2,10,6901
ma,08346,SÃO JOÃO DO SÓTER,8,142,816,69,1,4,5365
ma,08354,MIRINZAL,5,197,618,56,0,4,5547
ma,08362,SÃO JOSÉ DOS BASILIOS,6,108,363,31,0,4,3688
ma,08370,MONÇÃO,10,229,1579,122,1,11,9137
ma,08389,SÃO PEDRO DA ÁGUA BRANCA,3,73,941,43,1,2,3638
ma,08397,MONTES ALTOS,4,152,1242,110,0,0,3475
ma,08400,SÃO PEDRO DOS CRENTES,12,75,1555,14,1,0,870
ma,08419,MORROS,4,291,517,109,2,7,6934
ma,08427,SÃO RAIMUNDO DA DOCA BEZERRA,5,94,545,34,0,1,2581
ma,08435,NINA RODRIGUES,6,148,856,42,0,4,4135
ma,08443,SÃO ROBERTO,0,109,264,11,1,1,2353
ma,08451,NOVA IORQUE,1,21,745,62,0,1,1498
ma,08460,SATUBINHA,5,74,418,45,0,1,2524
ma,08478,OLHO D`ÁGUA DAS CUNHÃS,19,147,1838,79,0,7,6739
ma,08486,SENADOR ALEXANDRE COSTA,6,46,593,41,1,1,3726
ma,08494,PAÇO DO LUMIAR,46,693,5638,1950,37,16,25458
ma,08508,SENADOR LA ROQUE,9,265,2245,138,16,4,7600
ma,08516,PALMEIRÂNDIA,25,157,633,86,4,2,7097
ma,08524,SERRANO DO MARANHÃO,16,160,316,24,1,5,4305
ma,08532,PARAIBANO,17,335,1379,74,1,4,7286
ma,08540,SUCUPIRA DO RIACHÃO,2,48,381,25,0,3,2225
ma,08559,PARNARAMA,33,392,2063,150,3,6,12265
ma,08567,TRIZIDELA DO VALE,9,273,1573,248,2,9,7314
ma,08575,PASSAGEM FRANCA,12,167,1771,66,0,4,6308
ma,08583,TUFILÂNDIA,8,38,191,16,0,1,2793
ma,08591,PASTOS BONS,11,141,1508,80,1,3,6382
ma,08605,TURILÂNDIA,9,317,631,38,3,4,6478
ma,08613,PEDREIRAS,21,512,3692,581,7,10,14520
ma,08621,VILA NOVA DOS MARTÍRIOS,0,75,965,63,2,3,2602
ma,08630,PENALVA,12,395,1224,124,4,13,13283
ma,08656,PERI MIRIM,7,141,671,87,2,1,5334
ma,08672,PINDARÉ-MIRIM,11,354,1441,204,0,14,11628
ma,08699,PINHEIRO,57,982,4517,814,6,12,27907
ma,08710,PIO XII,9,386,2112,170,1,13,8325
ma,08737,PIRAPEMAS,15,167,719,116,3,10,5933
ma,08753,POÇÃO DE PEDRAS,16,256,1522,84,1,8,8415
ma,08770,PORTO FRANCO,13,287,3282,125,30,2,5827
ma,08796,PRESIDENTE DUTRA,30,289,2909,269,2,7,15409
ma,08818,PRESIDENTE JUSCELINO,1,163,347,75,0,2,4832
ma,08834,PRESIDENTE VARGAS,4,132,449,60,0,3,5429
ma,08850,PRIMEIRA CRUZ,3,149,495,72,0,10,5160
ma,08877,RIACHÃO,9,203,1986,57,4,3,6622
ma,08893,SÃO JOSÉ DE RIBAMAR,32,872,5277,1603,28,20,33872
ma,08915,ROSÁRIO,12,396,1729,454,26,24,15058
ma,08931,SAMBAÍBA,2,56,823,20,0,3,2294
ma,08958,SANTA HELENA,15,351,1136,121,4,10,11662
ma,08974,SANTA LUZIA,41,1187,5076,250,6,10,23391
ma,08990,SANTA QUITÉRIA DO MARANHÃO,8,288,826,62,1,8,10263
ma,09016,SANTA RITA,24,205,2241,201,5,10,9157
ma,09032,SANTO ANTÔNIO DOS LOPES,10,110,845,53,0,6,6481
ma,09059,SÃO BENEDITO DO RIO PRETO,10,181,515,63,5,3,7086
ma,09075,SÃO BENTO,17,365,2128,283,3,9,13101
ma,09091,SÃO BERNARDO,19,437,3209,94,1,6,7650
ma,09113,SÃO DOMINGOS DO MARANHÃO,25,194,4361,255,3,2,12104
ma,09130,SÃO FÉLIX DE BALSAS,3,22,335,8,1,2,2147
ma,09156,SÃO FRANCISCO DO MARANHÃO,6,227,670,28,2,1,4360
ma,09172,SÃO JOÃO BATISTA,10,202,683,193,4,8,10685
ma,09199,SÃO JOÃO DOS PATOS,18,196,3032,212,10,5,7329
ma,09210,SÃO LUÍS,694,14770,98749,42201,645,365,328701
ma,09237,SÃO MATEUS DO MARANHÃO,22,403,2127,147,4,20,13646
ma,09253,SÃO RAIMUNDO DAS MANGABEIRAS,17,143,3002,90,2,2,4566
ma,09270,SÃO VICENTE FERRER,10,342,622,180,2,13,8249
ma,09296,SÍTIO NOVO,14,215,3386,79,2,4,4631
ma,09318,SUCUPIRA DO NORTE,8,99,799,38,2,3,4041
ma,09334,TASSO FRAGOSO,6,46,1423,22,1,2,1733
ma,09350,TIMBIRAS,26,233,1263,115,4,4,8364
ma,09377,TIMON,56,2187,8083,1694,36,42,53700
ma,09393,TUNTUM,23,153,2209,165,3,9,14693
ma,09415,TURIAÇU,11,233,2858,160,2,13,10994
ma,09431,TUTÓIA,25,563,5656,490,5,12,12038
ma,09458,URBANO SANTOS,16,232,1019,86,3,12,9669
ma,09474,VARGEM GRANDE,18,558,2588,246,7,9,13896
ma,09490,VIANA,25,445,4480,455,14,18,17174
ma,09512,VITÓRIA DO MEARIM,10,429,2910,213,6,23,10408
ma,09539,VITORINO FREIRE,18,488,2549,218,4,12,11100
ma,09555,BOM JARDIM,21,751,3427,235,4,16,11861
ma,09571,SANTA INÊS,29,700,7767,677,12,13,27227
ma,09598,PAULO RAMOS,28,263,1669,86,1,6,7301
ma,09610,AÇAILÂNDIA,29,940,16207,1002,4,17,26489
ma,09636,ESTREITO,10,371,4057,166,0,4,8311
ma,09652,SANTA LUZIA DO PARUÁ,8,211,2272,107,1,3,7762
ma,09679,ARAME,19,443,4258,69,4,8,7692
ma,09695,MIRANDA DO NORTE,7,124,791,78,1,3,7309
ma,09717,ZÉ DOCA,14,448,3630,249,3,5,15703
mg,40002,ALFREDO VASCONCELOS,11,61,1187,141,0,1,2097
mg,40010,ABADIA DOS DOURADOS,10,73,2107,148,1,0,1880
mg,40029,ARAPORÃ,5,62,1668,224,2,1,1858
mg,40037,ABAETÉ,15,250,7621,534,4,5,4691
mg,40045,BRASILÂNDIA DE MINAS,5,45,2991,161,2,0,3221
mg,40053,ABRE CAMPO,15,140,3432,194,0,4,3842
mg,40061,CAPITÃO ANDRADE,3,53,986,37,0,1,1438
mg,40070,ACAIACA,2,46,809,47,0,2,1400
mg,40088,CARNEIRINHO,7,36,2638,128,0,0,3342
mg,40096,AÇUCENA,5,94,1373,125,6,2,3564
mg,40100,CATUJI,12,133,1471,36,0,3,2660
mg,40118,ÁGUA BOA,8,147,2137,104,5,5,4404
mg,40126,DIVISA ALEGRE,3,57,1270,48,1,2,1451
mg,40134,ÁGUA COMPRIDA,4,9,938,63,0,1,403
mg,40142,DIVISÓPOLIS,6,65,1757,48,1,1,2071
mg,40150,AGUANIL,3,21,792,78,2,0,1407
mg,40169,DURANDÉ,7,91,1526,92,1,1,2061
mg,40177,ÁGUAS FORMOSAS,10,160,2699,219,1,6,5735
mg,40185,ENTRE FOLHAS,2,68,801,67,1,1,2454
mg,40193,ÁGUAS VERMELHAS,18,100,2708,82,2,1,2628
mg,40207,FERVEDOURO,17,91,1949,129,2,2,3122
mg,40215,AIMORÉS,16,192,5838,376,3,6,7459
mg,40223,FRANCISCÓPOLIS,8,67,599,22,0,1,1622
mg,40231,AIURUOCA,2,78,1822,105,2,2,1395
mg,40240,ICARAÍ DE MINAS,8,67,1970,32,1,0,2731
mg,40258,ALAGOA,2,47,1067,37,0,0,601
mg,40266,IPABA,7,99,1911,218,10,1,5810
mg,40274,ALBERTINA,2,21,1068,29,4,0,571
mg,40282,JAÍBA,22,144,5379,288,7,7,7503
mg,40290,ALÉM PARAÍBA,38,645,5883,1365,23,17,13069
mg,40304,JAMPRUCA,5,34,617,24,1,3,1910
mg,40312,ALFENAS,48,750,21585,2118,11,15,13836
mg,40320,JUATUBA,7,219,3094,631,2,11,5706
mg,40339,ALMENARA,14,465,4571,390,7,9,12024
mg,40347,LAGOA GRANDE,0,32,2147,66,1,1,2090
mg,40355,ALPERCATA,2,57,1179,106,0,0,2459
mg,40363,LIMEIRA DO OESTE,6,42,1383,137,0,1,2380
mg,40371,ALPINÓPOLIS,13,262,4595,370,2,7,5101
mg,40380,LONTRA,4,74,924,43,1,3,3289
mg,40398,ALTEROSA,9,79,4857,128,1,2,2963
mg,40401,MAMONAS,9,21,1711,36,1,2,1718
mg,40410,ALTO RIO DOCE,18,170,3184,211,2,2,3462
mg,40428,MATA VERDE,7,75,1449,58,0,2,2011
mg,40436,ALVARENGA,1,23,1215,25,0,0,1668
mg,40444,MATIAS CARDOSO,6,80,1341,80,1,2,2655
mg,40452,ALVINÓPOLIS,16,197,2538,251,0,6,6047
mg,40460,MONTEZUMA,2,115,974,23,1,1,1753
mg,40479,ALVORADA DE MINAS,5,61,376,42,0,1,1365
mg,40487,NAQUE,1,46,842,44,1,3,2142
mg,40495,AMPARO DO SERRA,4,65,938,82,1,1,2064
mg,40509,NOVO ORIENTE DE MINAS,10,127,1458,51,5,7,3120
mg,40517,ANDRADAS,28,369,13458,454,3,6,5565
mg,40525,PALMÓPOLIS,11,79,1287,40,2,5,2011
mg,40533,CACHOEIRA DE PAJEÚ,13,75,1715,51,0,3,2739
mg,40541,PEDRAS DE MARIA DA CRUZ,6,43,699,55,1,1,3528
mg,40550,ANDRELÂNDIA,11,143,3957,300,1,5,2550
mg,40568,PERIQUITO,6,55,1035,66,0,2,2687
mg,40576,ANTÔNIO CARLOS,9,129,2131,270,3,6,4304
mg,40584,PONTO DOS VOLANTES,8,128,2339,49,1,4,2143
mg,40592,ANTÔNIO DIAS,6,89,2259,238,3,4,3233
mg,40606,RIACHINHO,6,30,1259,39,0,1,2252
mg,40614,ANTÔNIO PRADO DE MINAS,0,30,592,36,0,0,617
mg,40622,ROSÁRIO DA LIMEIRA,7,81,1345,82,1,1,1773
mg,40630,ARAÇAÍ,4,56,763,81,1,1,766
mg,40649,SANTA BÁRBARA DO LESTE,12,59,1490,131,1,1,3016
mg,40657,ARACITABA,6,40,564,54,1,1,737
mg,40665,SANTA RITA DE MINAS,4,57,1077,72,1,2,2181
mg,40673,ARAÇUAÍ,34,262,7106,280,3,9,8306
mg,40681,SANTANA DO PARAÍSO,7,130,2533,208,2,6,6077
mg,40690,ARAGUARI,78,1287,33162,5426,19,29,21684
mg,40703,SÃO JOÃO DA LAGOA,3,63,819,54,2,1,1567
mg,40711,ARANTINA,3,65,682,87,0,2,1026
mg,40720,SÃO JOÃO DO MANHUAÇU,3,42,2352,71,1,0,2889
mg,40738,ARAPONGA,7,111,1168,81,3,1,2441
mg,40746,SÃO JOÃO DO MANTENINHA,4,19,1067,27,1,0,1906
mg,40754,ARAPUÁ,7,33,1412,109,0,2,414
mg,40762,SÃO JOÃO DO PACUÍ,1,48,449,27,1,0,1702
mg,40770,ARAÚJOS,3,79,2881,88,1,3,960
mg,40789,SÃO JOSÉ DA LAPA,33,227,3410,741,15,7,6310
mg,40797,ARAXÁ,76,1077,29328,3135,19,20,17197
mg,40800,SARZEDO,14,223,3350,662,7,7,5070
mg,40819,ARCEBURGO,4,55,3329,110,0,1,1507
mg,40827,SEM PEIXE,1,34,857,76,1,0,1141
mg,40835,ARCOS,24,482,9375,1231,10,14,8873
mg,40843,SENADOR AMARAL,7,41,1340,64,1,1,1846
mg,40851,AREADO,9,109,4906,172,4,10,2951
mg,40860,UBAPORANGA,12,86,2703,187,0,3,3007
mg,40878,ARGIRITA,0,81,582,75,2,0,1452
mg,40886,URUCUIA,5,34,1518,40,1,1,2551
mg,40894,ARINOS,8,101,3478,159,4,4,4689
mg,40908,VARGEM ALEGRE,6,78,1033,59,0,1,2688
mg,40916,ASTOLFO DUTRA,6,136,3097,157,2,2,4190
mg,40924,JOSENÓPOLIS,3,38,371,12,1,5,1591
mg,40932,ATALÉIA,3,137,1674,114,5,6,5175
mg,40940,JUVENÍLIA,4,33,1097,25,2,4,2129
mg,40959,AUGUSTO DE LIMA,2,37,1018,63,3,2,1689
mg,40967,LEME DO PRADO,6,48,926,31,1,0,1175
mg,40975,BAEPENDI,16,228,6335,416,16,2,4142
mg,40983,LUISBURGO,1,39,2095,62,0,1,1167
mg,40991,BALDIM,5,74,1607,199,0,2,2892
mg,41009,LUISLÂNDIA,3,51,539,24,1,0,2530
mg,41017,BAMBUÍ,22,204,7504,581,2,7,4589
mg,41025,MÁRIO CAMPOS,11,103,2062,303,0,2,3206
mg,41033,BANDEIRA,3,81,787,28,0,1,1671
mg,41041,MARTINS SOARES,6,50,1414,92,2,2,2153
mg,41050,BANDEIRA DO SUL,1,31,1920,62,2,1,1385
mg,41068,MIRAVÂNIA,2,18,635,11,0,2,1625
mg,41076,BARÃO DE COCAIS,21,285,4130,732,16,8,9530
mg,41084,MONTE FORMOSO,3,43,802,16,1,3,1511
mg,41092,BARÃO DE MONTE ALTO,11,61,1737,147,0,0,1722
mg,41106,NATALÂNDIA,4,24,719,43,0,1,1245
mg,41114,BARBACENA,133,2311,22237,4116,35,68,39755
mg,41122,NINHEIRA,14,66,2373,55,0,1,1481
mg,41130,BARRA LONGA,10,97,1512,82,3,2,2042
mg,41149,NOVA BELÉM,2,38,750,36,2,1,1249
mg,41157,TRÊS MARIAS,13,221,5847,599,5,6,7818
mg,41165,NOVA PORTEIRINHA,4,55,1116,35,0,1,2957
mg,41173,BARROSO,25,254,3537,518,6,1,7296
mg,41181,NOVORIZONTE,4,38,995,27,0,2,1601
mg,41190,BELA VISTA DE MINAS,1,88,1325,210,2,1,4570
mg,41203,OLHOS D ÁGUA,2,63,628,31,0,2,2051
mg,41211,BELMIRO BRAGA,4,57,933,108,0,3,1191
mg,41220,ORATÓRIOS,3,60,788,49,0,0,1904
mg,41238,BELO HORIZONTE,1930,67297,521072,141304,982,882,588898
mg,41246,ORIZÂNIA,4,57,1247,58,1,0,2519
mg,41254,BELO ORIENTE,15,214,2855,348,6,5,8430
mg,41262,PADRE CARVALHO,3,43,854,27,0,1,1553
mg,41270,BELO VALE,6,69,2082,226,0,0,2765
mg,41289,PAI PEDRO,5,38,477,20,1,4,2296
mg,41297,BERILO,11,126,1714,63,1,5,3359
mg,41300,PATIS,3,16,811,40,0,1,2238
mg,41319,BERTÓPOLIS,4,53,605,34,1,1,1385
mg,41327,PEDRA BONITA,4,51,1594,34,0,0,1883
mg,41335,BETIM,280,3069,51167,11144,135,74,102075
mg,41343,PIEDADE DE CARATINGA,3,35,1252,58,1,0,2300
mg,41351,BIAS FORTES,11,50,1008,98,1,2,1606
mg,41360,PINGO D ÁGUA,2,28,679,45,1,1,1645
mg,41378,BICAS,12,375,3253,642,7,7,3765
mg,41386,PINTÓPOLIS,1,42,930,28,0,2,2584
mg,41394,BIQUINHAS,2,26,889,45,1,0,711
mg,41408,PONTO CHIQUE,4,22,786,23,0,3,1303
mg,41416,BOA ESPERANÇA,10,299,9775,620,6,6,10517
mg,41424,REDUTO,4,59,1393,111,1,2,1852
mg,41432,BOCAINA DE MINAS,11,67,1886,150,4,0,896
mg,41440,SANTA BÁRBARA DO MONTE VERDE,12,62,663,114,0,3,1100
mg,41459,BOCAIÚVA,21,512,5157,651,6,9,15789
mg,41467,SANTA CRUZ DE MINAS,10,87,2049,313,3,1,2061
mg,41475,BOM DESPACHO,26,762,13858,1565,12,4,9075
mg,41483,SANTA CRUZ DE SALINAS,7,47,461,13,1,2,1913
mg,41491,BOM JARDIM DE MINAS,10,84,1689,130,0,0,2031
mg,41505,SANTA HELENA DE MINAS,10,50,1286,24,0,1,1558
mg,41513,BOM JESUS DA PENHA,2,26,1312,80,0,3,803
mg,41521,SANTO ANTÔNIO DO RETIRO,2,82,946,47,0,4,2109
mg,41530,BOM JESUS DO AMPARO,4,114,1271,91,1,5,1669
mg,41548,SÃO DOMINGOS DAS DORES,5,66,1478,85,0,2,1325
mg,41556,BOM JESUS DO GALHO,10,108,3469,152,2,4,4942
mg,41564,SÃO FÉLIX DE MINAS,2,17,540,22,4,0,1318
mg,41572,BOM REPOUSO,5,54,3132,115,1,4,2508
mg,41580,SÃO GERALDO DO BAIXIO,1,9,611,37,0,1,1108
mg,41599,BOM SUCESSO,15,229,5892,352,3,3,3640
mg,41602,SÃO JOÃO DAS MISSÕES,5,127,1017,28,0,3,2802
mg,41610,BONFIM,13,117,2038,123,1,2,2088
mg,41629,SÃO JOAQUIM DE BICAS,12,156,2706,382,7,3,6756
mg,41637,BONFINÓPOLIS DE MINAS,6,50,1624,65,0,3,1809
mg,41645,SÃO JOSÉ DA BARRA,3,60,1592,187,0,1,2227
mg,41653,BORDA DA MATA,4,148,5003,365,5,1,3549
mg,41661,ALTO CAPARAÓ,8,35,1816,82,2,0,782
mg,41670,BOTELHOS,7,119,4305,198,3,5,4198
mg,41688,ANGELÂNDIA,5,100,1884,80,2,0,1571
mg,41696,BOTUMIRIM,2,72,785,80,0,1,2243
mg,41700,ARICANDUVA,7,44,1220,35,0,0,1189
mg,41718,BRASÍLIA DE MINAS,18,308,3311,273,6,8,11852
mg,41726,BERIZAL,4,62,796,30,0,0,1638
mg,41734,BRÁS PIRES,4,47,1048,56,0,0,1395
mg,41742,BONITO DE MINAS,5,77,673,23,1,3,2965
mg,41750,BRAÚNAS,5,59,769,51,0,0,1638
mg,41769,BUGRE,3,36,1177,76,1,1,1245
mg,41777,BRASÓPOLIS,15,169,6162,249,9,2,2409
mg,41785,CABECEIRA GRANDE,4,48,1519,77,0,0,1626
mg,41793,BRUMADINHO,24,470,6330,1028,14,4,8059
mg,41807,CAMPO AZUL,5,29,619,17,2,1,1591
mg,41815,BUENO BRANDÃO,15,103,4050,168,4,3,1695
mg,41823,CANTAGALO,6,59,999,45,2,0,970
mg,41831,BUENÓPOLIS,2,59,1897,114,2,4,2565
mg,41840,CATAS ALTAS,5,66,1059,88,2,0,1547
mg,41858,BURITIS,16,145,5891,272,1,3,4302
mg,41866,CATUTI,4,40,689,42,0,5,2000
mg,41874,BURITIZEIRO,14,162,4019,500,1,4,7854
mg,41882,CHAPADA GAÚCHA,10,60,1338,38,2,2,2792
mg,41890,CABO VERDE,7,68,3583,163,0,1,3379
mg,41904,CÔNEGO MARINHO,2,93,948,26,1,5,2412
mg,41912,CACHOEIRA DA PRATA,6,95,1169,242,1,0,1031
mg,41920,CONFINS,7,77,1114,226,3,2,1945
mg,41939,CACHOEIRA DE MINAS,11,85,3968,219,7,4,2283
mg,41947,CÓRREGO FUNDO,5,73,1544,266,0,0,1588
mg,41955,CACHOEIRA DOURADA,0,16,575,39,0,0,889
mg,41963,CRISÓLITA,6,50,860,35,1,2,2005
mg,41971,CAETANÓPOLIS,2,106,2369,347,1,4,2168
mg,41980,CUPARAQUE,4,22,1195,21,0,1,1130
mg,41998,CAETÉ,25,655,7601,1372,6,8,12723
mg,42005,CURRAL DE DENTRO,6,45,1160,14,0,2,2176
mg,42013,CAIANA,5,70,953,68,1,1,1719
mg,42021,DELTA,3,39,666,86,2,0,2059
mg,42030,CAJURI,5,81,946,83,0,0,1775
mg,42048,DOM BOSCO,1,17,1215,48,0,0,918
mg,42056,CALDAS,14,118,4999,221,2,4,2529
mg,42064,FREI LAGONEGRO,2,26,689,25,0,1,1050
mg,42072,CAMACHO,4,34,1182,39,0,2,1041
mg,42080,FRUTA DE LEITE,8,49,419,21,0,3,2119
mg,42099,CAMANDUCAIA,15,211,5801,297,3,3,4394
mg,42102,GAMELEIRAS,9,33,1317,27,1,10,1370
mg,42110,CAMBUÍ,18,280,7885,637,5,5,5245
mg,42129,GLAUCILÂNDIA,0,31,573,43,0,1,1539
mg,42137,CAMBUQUIRA,16,124,4431,423,2,4,2055
mg,42145,GOIABEIRA,2,23,708,28,1,0,1047
mg,42153,CAMPANÁRIO,2,35,571,31,2,2,1400
mg,42161,GOIANÁ,4,61,895,172,0,1,1206
mg,42170,CAMPANHA,7,223,5495,370,5,6,2042
mg,42188,GUARACIAMA,4,43,614,73,1,0,2881
mg,42196,CAMPESTRE,18,129,7710,304,3,1,3441
mg,42200,IBIRACATU,3,103,961,33,0,1,2122
mg,42218,CAMPINA VERDE,7,102,6071,260,3,6,4559
mg,42226,IMBÉ DE MINAS,3,44,1262,28,1,3,2056
mg,42234,CAMPO BELO,27,478,11287,894,32,12,14847
mg,42242,INDAIABIRA,8,111,1752,30,1,0,1396
mg,42250,CAMPO DO MEIO,5,83,2509,197,22,2,3948
mg,42269,JAPONVAR,2,71,820,66,1,1,3331
mg,42277,CAMPO FLORIDO,3,34,1698,75,0,1,1061
mg,42285,JENIPAPO DE MINAS,3,64,1275,19,1,1,1178
mg,42293,CAMPOS ALTOS,3,109,4209,166,3,2,2666
mg,42307,JOSÉ GONÇALVES DE MINAS,1,81,1028,13,0,0,1007
mg,42315,CAMPOS GERAIS,14,284,6918,408,3,9,6711
mg,42323,JOSÉ RAYDAN,6,45,636,37,3,4,1370
mg,42331,CANAÃ,4,98,1002,80,2,0,1723
mg,42340,SÃO SEBASTIÃO DA VARGEM ALEGRE,0,56,721,56,0,0,999
mg,42358,CANÁPOLIS,3,59,2108,144,1,2,4077
mg,42366,SÃO SEBASTIÃO DO ANTA,1,41,1369,24,0,0,1500
mg,42374,CANA VERDE,4,44,1335,63,1,4,2018
mg,42382,SERRANÓPOLIS DE MINAS,3,28,890,30,1,1,1305
mg,42390,CANDEIAS,12,183,4317,219,1,5,3621
mg,42404,SETUBINHA,15,191,1560,37,1,5,2185
mg,42412,CAPARAÓ,15,70,1575,70,0,0,1284
mg,42420,TAPARUBA,4,37,1070,61,1,2,806
mg,42439,CAPELA NOVA,12,94,1501,106,0,2,1202
mg,42447,UNIÃO DE MINAS,2,11,1119,39,0,0,1497
mg,42455,CAPELINHA,21,398,6471,328,7,4,6624
mg,42463,URUANA DE MINAS,2,26,768,35,0,2,1251
mg,42471,CAPETINGA,6,64,2098,71,0,0,1844
mg,42480,VARGEM GRANDE DO RIO PARDO,8,49,1252,23,0,1,1054
mg,42498,CAPIM BRANCO,6,80,1812,201,1,1,2672
mg,42501,VARJÃO DE MINAS,4,34,2260,61,1,1,975
mg,42510,CAPINÓPOLIS,7,70,4338,164,1,4,4383
mg,42528,VERDELÂNDIA,3,78,999,34,0,1,2489
mg,42536,CAPITÃO ENÉAS,9,122,1859,136,6,3,5280
mg,42544,VEREDINHA,8,92,778,14,0,0,1929
mg,42552,CAPITÓLIO,2,86,2340,119,2,3,2312
mg,42560,VERMELHO NOVO,6,42,1188,65,0,3,1626
mg,42579,CAPUTIRA,10,76,1902,73,1,4,2821
mg,42587,TOCOS DO MOJI,1,26,1320,41,0,1,1136
mg,42595,CARAÍ,21,246,2012,106,7,6,5353
mg,42617,CARANAÍBA,5,44,1180,67,2,5,908
mg,42633,CARANDAÍ,25,326,6043,642,5,5,5992
mg,42650,CARANGOLA,13,405,5905,734,8,5,10342
mg,42676,CARATINGA,32,969,14202,1899,15,17,24818
mg,42692,CARBONITA,2,38,1904,103,0,1,2803
mg,42714,CAREAÇU,4,57,2001,90,1,0,1230
mg,42730,CARLOS CHAGAS,15,221,4398,196,3,7,5798
mg,42757,CARMÉSIA,4,26,394,22,1,0,901
mg,42773,CARMO DA CACHOEIRA,13,106,2497,186,2,0,3574
mg,42790,CARMO DA MATA,17,104,3430,306,0,3,2437
mg,42811,CARMO DE MINAS,8,137,4344,275,0,5,1847
mg,42838,CARMO DO CAJURU,15,323,5189,623,2,4,5054
mg,42854,CARMO DO PARANAÍBA,18,173,9600,442,4,5,4901
mg,42870,CARMO DO RIO CLARO,10,214,5402,445,1,8,5032
mg,42897,CARMÓPOLIS DE MINAS,7,182,4647,192,2,4,3710
mg,42919,CARRANCAS,8,43,1540,52,0,2,780
mg,42935,CARVALHÓPOLIS,4,32,1153,67,0,0,794
mg,42951,CARVALHOS,4,60,1612,74,2,0,963
mg,42978,CASA GRANDE,2,33,777,138,1,1,677
mg,42994,CASCALHO RICO,4,28,1020,70,1,2,693
mg,43010,CÁSSIA,12,211,5001,241,2,6,4259
mg,43036,CONCEIÇÃO DA BARRA DE MINAS,6,55,1331,85,1,2,985
mg,43052,CATAGUASES,49,1027,9974,2049,13,13,25896
mg,43079,CATAS ALTAS DA NORUEGA,5,39,882,81,0,0,1122
mg,43095,CAXAMBU,14,281,6928,816,8,6,4721
mg,43117,CEDRO DO ABAETÉ,1,6,519,14,0,0,250
mg,43133,CENTRAL DE MINAS,6,53,1606,72,0,0,2168
mg,43150,CENTRALINA,2,59,1857,159,0,5,3301
mg,43176,CHÁCARA,2,28,602,99,5,1,802
mg,43192,CHALÉ,2,63,1520,64,0,0,1599
mg,43214,CHAPADA DO NORTE,11,116,1673,38,1,3,3114
mg,43230,CHIADOR,0,39,770,108,1,1,1061
mg,43257,CIPOTÂNEA,4,50,1202,56,2,5,1781
mg,43273,CLARAVAL,3,25,2313,56,0,0,707
mg,43290,CLARO DOS POÇÕES,4,168,1529,96,3,4,2981
mg,43311,CLÁUDIO,26,263,7440,445,10,3,5174
mg,43338,COIMBRA,15,82,2053,169,1,3,1943
mg,43354,COLUNA,8,85,1656,118,2,4,2231
mg,43370,COMENDADOR GOMES,3,12,1274,47,0,1,473
mg,43397,COMERCINHO,5,81,1249,72,2,1,2894
mg,43419,CONCEIÇÃO DA APARECIDA,8,48,2584,176,0,0,2750
mg,43435,CONCEIÇÃO DAS PEDRAS,11,27,882,89,0,2,836
mg,43451,CONCEIÇÃO DAS ALAGOAS,6,99,4758,260,0,1,5874
mg,43478,CONCEIÇÃO DE IPANEMA,9,26,1252,38,1,0,1393
mg,43494,CONCEIÇÃO DO MATO DENTRO,9,181,2158,218,5,3,6053
mg,43516,CONCEIÇÃO DO PARÁ,3,62,1356,159,1,5,1533
mg,43532,CONCEIÇÃO DO RIO VERDE,5,80,3385,210,4,1,3274
mg,43559,CONCEIÇÃO DOS OUROS,8,78,3694,222,3,1,1770
mg,43575,CONGONHAL,4,86,3738,188,2,2,1432
mg,43591,CONGONHAS,34,769,9022,1867,10,15,14844
mg,43613,CONGONHAS DO NORTE,6,40,358,18,0,1,1840
mg,43630,CONQUISTA,6,47,2197,133,7,0,1433
mg,43656,CONSELHEIRO LAFAIETE,104,2460,20740,4536,29,42,36575
mg,43672,CONSELHEIRO PENA,9,216,4210,220,8,6,6626
mg,43699,CONSOLAÇÃO,1,19,758,45,0,0,400
mg,43710,CONTAGEM,460,8871,88832,25001,490,228,180123
mg,43737,COQUEIRAL,4,65,2724,90,0,1,2297
mg,43753,CORAÇÃO DE JESUS,14,226,3152,248,3,4,9934
mg,43770,CORDISBURGO,4,56,1622,179,0,1,2806
mg,43796,CORDISLÂNDIA,1,21,895,31,0,1,1093
mg,43818,CORINTO,22,214,4919,540,3,2,7312
mg,43834,COROACI,5,77,2417,117,10,0,2540
mg,43850,COROMANDEL,16,273,8830,515,3,6,6447
mg,43877,CORONEL FABRICIANO,48,1288,14619,2952,57,17,37132
mg,43893,CORONEL MURTA,7,84,1375,84,0,2,3254
mg,43915,CORONEL PACHECO,2,70,456,143,11,1,1164
mg,43931,CORONEL XAVIER CHAVES,3,55,867,142,1,1,901
mg,43958,CÓRREGO DANTA,6,28,1224,61,1,0,755
mg,43974,CÓRREGO DO BOM JESUS,5,36,1421,136,0,2,945
mg,43990,CÓRREGO NOVO,1,27,647,30,1,0,1388
mg,44016,COUTO DE MAGALHÃES DE MINAS,5,50,518,49,2,1,1695
mg,44032,CRISTAIS,5,67,2108,109,1,4,3118
mg,44059,CRISTÁLIA,3,38,633,26,0,3,1857
mg,44075,CRISTIANO OTONI,4,77,1386,127,1,3,1469
mg,44091,CRISTINA,6,94,3713,181,2,3,1641
mg,44113,CRUCILÂNDIA,3,63,1514,105,1,0,1365
mg,44130,CRUZEIRO DA FORTALEZA,6,16,1350,86,0,0,1032
mg,44156,CRUZÍLIA,4,127,4731,220,2,3,3232
mg,44172,CURVELO,37,678,14023,1379,13,6,20860
mg,44199,DATAS,2,43,601,43,2,1,2021
mg,44210,DELFIM MOREIRA,4,71,2964,186,1,5,1625
mg,44237,DELFINÓPOLIS,7,59,1944,84,1,2,1547
mg,44253,DESCOBERTO,10,75,1587,219,1,5,1257
mg,44270,DESTERRO DE ENTRE RIOS,6,65,2384,86,0,0,1535
mg,44296,DESTERRO DO MELO,7,44,1419,62,1,0,746
mg,44318,DIAMANTINA,34,536,7150,862,8,8,14133
mg,44334,DIOGO DE VASCONCELOS,4,64,722,46,2,2,1373
mg,44350,DIONÍSIO,4,90,1442,159,1,4,3326
mg,44377,DIVINÉSIA,4,41,973,84,3,1,1344
mg,44393,DIVINO,12,146,3723,196,4,3,5689
mg,44415,DIVINO DAS LARANJEIRAS,5,49,1230,58,7,1,1320
mg,44431,DIVINOLÂNDIA DE MINAS,4,62,1327,79,0,0,1724
mg,44458,DIVINÓPOLIS,122,3705,43379,9943,50,66,56292
mg,44474,DIVISA NOVA,3,40,1366,82,0,2,1718
mg,44490,DOM CAVATI,3,37,1481,47,2,0,1594
mg,44512,DOM JOAQUIM,5,64,734,54,2,0,1415
mg,44539,DOM SILVÉRIO,5,82,1532,125,0,1,1542
mg,44555,DOM VIÇOSO,3,33,1112,56,2,0,679
mg,44571,DONA EUSÉBIA,5,69,1334,131,1,0,2198
mg,44598,DORES DE CAMPOS,11,176,2580,325,2,6,2031
mg,44610,DORES DE GUANHÃES,6,43,1003,71,2,0,1951
mg,44636,DORES DO INDAIÁ,14,139,4725,290,1,5,2925
mg,44652,DORES DO TURVO,5,57,1171,65,1,2,1567
mg,44679,DORESÓPOLIS,1,12,532,47,0,0,467
mg,44695,DOURADOQUARA,1,16,589,36,0,1,736
mg,44717,ELÓI MENDES,15,373,7427,322,2,4,5229
mg,44733,ENGENHEIRO CALDAS,5,63,1792,85,1,0,2880
mg,44750,ENGENHEIRO NAVARRO,4,79,860,68,0,1,3087
mg,44776,ENTRE RIOS DE MINAS,17,247,3458,261,3,9,4169
mg,44792,ERVÁLIA,19,341,4327,253,3,11,5609
mg,44814,ESMERALDAS,42,459,7679,1003,26,11,13899
mg,44830,ESPERA FELIZ,14,263,4080,271,1,4,7253
mg,44857,ESPINOSA,19,261,6613,301,1,6,7306
mg,44873,ESPÍRITO SANTO DO DOURADO,5,42,1545,71,2,2,1158
mg,44890,ESTIVA,3,107,3537,206,2,2,2451
mg,44911,ESTRELA DALVA,6,24,440,62,2,2,1073
mg,44938,ESTRELA DO INDAIÁ,2,42,1094,66,0,0,890
mg,44954,ESTRELA DO SUL,5,42,1767,101,2,2,1946
mg,44970,EUGENÓPOLIS,5,99,2196,241,1,0,3477
mg,44997,EWBANK DA CÂMARA,3,45,599,94,1,2,1688
mg,45012,EXTREMA,15,205,7368,807,3,9,5441
mg,45039,FAMA,0,17,911,82,0,0,694
mg,45055,FARIA LEMOS,4,79,743,100,0,2,1365
mg,45071,FELÍCIO DOS SANTOS,7,41,965,52,0,1,1606
mg,45098,SÃO GONÇALO DO RIO PRETO,3,27,589,41,1,0,1028
mg,45110,FELISBURGO,6,50,1093,27,0,4,1897
mg,45136,FELIXLÂNDIA,8,128,3099,292,0,3,3918
mg,45152,FERNANDES TOURINHO,3,24,760,27,0,0,916
mg,45179,FERROS,13,157,2231,127,0,4,3508
mg,45195,FLORESTAL,5,111,1530,140,0,1,1876
mg,45217,FORMIGA,47,1049,20693,2180,25,22,14345
mg,45233,FORMOSO,2,50,1564,27,2,0,1671
mg,45250,FORTALEZA DE MINAS,2,36,1259,83,2,0,714
mg,45276,FORTUNA DE MINAS,19,51,709,60,1,1,853
mg,45292,FRANCISCO BADARÓ,13,83,2380,36,0,0,1700
mg,45314,FRANCISCO DUMONT,8,100,1039,94,2,0,1228
mg,45330,FRANCISCO SÁ,13,211,2533,260,0,2,9549
mg,45357,FREI GASPAR,6,106,725,29,1,2,2120
mg,45373,FREI INOCÊNCIO,2,64,1191,60,0,2,2958
mg,45390,FRONTEIRA,4,70,2284,569,1,0,3251
mg,45411,FRUTAL,38,315,15830,1130,4,5,9984
mg,45438,FUNILÂNDIA,5,47,917,140,0,1,1233
mg,45454,GALILÉIA,1,41,1135,48,2,1,2366
mg,45470,GONÇALVES,8,16,1644,80,1,2,673
mg,45497,GONZAGA,9,42,1371,39,1,1,1148
mg,45519,GOUVEIA,9,76,1432,135,2,5,4343
mg,45535,GOVERNADOR VALADARES,81,2303,49200,5957,51,31,77467
mg,45551,GRÃO MOGOL,8,107,2457,112,3,0,3688
mg,45578,GRUPIARA,1,14,592,31,0,1,426
mg,45594,GUANHÃES,27,325,6053,464,7,16,6046
mg,45616,GUAPÉ,11,73,3488,172,2,2,3226
mg,45632,GUARACIABA,15,151,2612,98,1,0,2771
mg,45659,GUARANÉSIA,7,191,3599,315,3,5,6127
mg,45675,GUARANI,10,151,2165,278,1,0,2656
mg,45691,GUARARÁ,10,59,1064,169,5,1,1176
mg,45713,GUARDA-MOR,11,40,1976,149,2,0,1286
mg,45730,GUAXUPÉ,18,508,12016,1305,9,16,12320
mg,45756,GUIDOVAL,4,77,1507,112,0,4,3010
mg,45772,GUIMARÂNIA,9,84,2480,120,1,2,1312
mg,45799,GUIRICEMA,6,145,2096,167,1,3,3200
mg,45810,GURINHATÃ,4,30,2332,167,1,7,1606
mg,45837,HELIODORA,3,34,1400,69,1,6,1949
mg,45853,IAPU,8,100,2192,139,0,1,2861
mg,45870,IBERTIOGA,7,67,1197,92,2,1,1957
mg,45896,IBIÁ,10,195,6876,585,4,3,4470
mg,45918,IBIAÍ,3,61,774,55,1,1,2962
mg,45934,IBIRACI,6,79,3728,108,1,2,1968
mg,45950,IBIRITÉ,88,1163,16482,3982,54,34,43796
mg,45977,IBITIÚRA DE MINAS,0,15,1310,52,1,0,748
mg,45993,IBITURUNA,2,14,1141,30,0,1,567
mg,46019,IGARAPÉ,14,278,4879,644,11,5,9177
mg,46035,IGARATINGA,5,52,1539,169,0,2,2409
mg,46051,IGUATAMA,4,107,2693,224,2,5,2134
mg,46078,IJACI,6,46,2382,160,0,0,979
mg,46094,ILICÍNEA,7,57,2987,75,1,1,3024
mg,46116,INCONFIDENTES,6,68,2540,96,0,4,1581
mg,46132,INDIANÓPOLIS,3,36,1389,152,0,1,1781
mg,46159,INGAÍ,2,23,993,34,0,0,513
mg,46175,INHAPIM,13,190,5577,292,2,7,7524
mg,46191,INHAÚMA,4,58,1253,115,0,1,1887
mg,46213,INIMUTABA,0,36,1278,79,0,1,2179
mg,46230,IPANEMA,10,152,4905,316,0,4,4095
mg,46256,IPATINGA,113,2754,42739,8046,49,56,72024
mg,46272,IPIAÇU,2,18,1207,164,0,1,1220
mg,46299,IPUIÚNA,4,57,3440,121,0,0,2015
mg,46310,IRAÍ DE MINAS,3,40,1888,97,0,1,1653
mg,46337,ITABIRA,68,1975,25043,4367,27,34,31955
mg,46353,ITABIRINHA,3,125,1897,115,4,1,3115
mg,46370,ITABIRITO,31,1033,11302,2338,13,8,10324
mg,46396,ITACAMBIRA,4,48,493,34,1,0,2197
mg,46418,ITACARAMBI,1,126,1259,102,5,6,6583
mg,46434,ITAGUARA,13,133,3588,248,4,3,2802
mg,46450,ITAIPÉ,11,121,1715,66,0,1,2698
mg,46477,ITAJUBÁ,54,1552,29242,4875,25,22,14437
mg,46493,ITAMARANDIBA,17,174,6045,231,6,10,8521
mg,46515,ITAMARATI DE MINAS,6,38,918,61,0,3,1604
mg,46531,ITAMBACURI,21,240,3002,169,4,4,7467
mg,46558,ITAMBÉ DO MATO DENTRO,1,22,607,56,0,0,837
mg,46574,ITAMOGI,8,121,3113,187,2,3,2818
mg,46590,ITAMONTE,10,122,4221,336,3,7,2949
mg,46612,ITANHANDU,13,275,4865,424,4,0,2724
mg,46639,ITANHOMI,8,86,2606,96,4,1,3558
mg,46655,ITAOBIM,25,231,5255,202,5,5,4429
mg,46671,ITAPAGIPE,10,49,4077,247,0,1,2728
mg,46698,ITAPECERICA,14,281,6256,546,4,8,4894
mg,46710,ITAPEVA,10,89,3022,202,1,1,1766
mg,46736,ITATIAIUÇU,12,112,1732,244,5,3,2955
mg,46752,ITAÚNA,74,1577,21462,3646,16,23,21577
mg,46779,ITAVERAVA,9,68,1582,95,5,3,2032
mg,46795,ITINGA,7,100,1707,47,4,1,4622
mg,46817,ITUETA,3,31,1851,69,0,2,1630
mg,46833,ITUIUTABA,35,651,24216,1968,7,11,26734
mg,46850,ITUMIRIM,9,124,2465,105,2,0,1255
mg,46876,ITURAMA,12,164,6841,420,4,1,11126
mg,46892,ITUTINGA,4,44,1233,96,1,2,992
mg,46914,JABOTICATUBAS,19,207,3396,370,4,1,4668
mg,46930,JACINTO,4,189,2899,168,3,6,2641
mg,46957,JACUÍ,8,56,3397,145,1,1,741
mg,46973,JACUTINGA,19,172,8222,551,6,5,3618
mg,46990,JAGUARAÇU,1,25,563,81,1,0,1105
mg,47015,JANAÚBA,32,654,8413,681,17,13,21964
mg,47031,JANUÁRIA,40,570,7652,734,8,10,20998
mg,47058,JAPARAÍBA,4,39,1475,56,2,0,815
mg,47074,JECEABA,3,53,1402,120,0,1,1899
mg,47090,JEQUERI,20,189,2420,154,8,2,4158
mg,47112,JEQUITAÍ,2,86,1064,90,1,1,2932
mg,47139,JEQUITIBÁ,3,67,1556,146,2,5,1509
mg,47155,JEQUITINHONHA,12,222,3465,208,3,5,7031
mg,47171,JESUÂNIA,4,41,1370,71,0,3,1454
mg,47198,JOAÍMA,14,153,1869,54,2,5,4687
mg,47210,JOANÉSIA,6,51,810,53,2,0,1918
mg,47236,JOÃO MONLEVADE,49,965,14999,2321,19,25,22987
mg,47252,JOÃO PINHEIRO,27,250,11897,766,11,1,11142
mg,47279,JOAQUIM FELÍCIO,5,23,821,71,0,0,1247
mg,47295,JORDÂNIA,12,54,2149,87,0,1,2791
mg,47317,NOVA UNIÃO,4,65,1124,148,0,6,2086
mg,47333,JUIZ DE FORA,543,13011,76091,31526,157,211,152757
mg,47350,JURAMENTO,6,82,664,59,0,0,1662
mg,47376,JURUAIA,7,66,2980,141,0,3,1560
mg,47392,LADAINHA,16,190,1825,62,2,9,4474
mg,47414,LAGAMAR,6,54,2642,140,0,2,1724
mg,47430,LAGOA DA PRATA,18,450,12477,1008,24,4,9150
mg,47457,LAGOA DOS PATOS,0,35,1009,28,0,2,1407
mg,47473,LAGOA DOURADA,18,123,3606,288,2,5,2308
mg,47490,LAGOA FORMOSA,4,150,6377,232,3,9,3147
mg,47511,LAGOA SANTA,54,806,10648,1797,3,21,10661
mg,47538,LAJINHA,11,199,4466,268,2,4,4858
mg,47554,LAMBARI,10,253,5309,379,10,2,5340
mg,47570,LAMIM,2,39,889,63,1,0,1214
mg,47597,LARANJAL,5,123,2016,238,2,1,1928
mg,47619,LASSANCE,3,46,894,81,2,2,2222
mg,47635,LAVRAS,68,1350,27450,3606,16,20,14826
mg,47651,LEANDRO FERREIRA,1,42,1071,63,2,0,876
mg,47678,LEOPOLDINA,33,1046,9823,1365,11,10,16439
mg,47694,LIBERDADE,6,85,1736,124,6,2,1320
mg,47716,LIMA DUARTE,14,260,3061,436,3,3,5448
mg,47732,LUMINÁRIAS,6,52,1800,89,1,0,1135
mg,47759,LUZ,18,137,6390,300,2,3,2964
mg,47775,MACHACALIS,6,90,1107,57,0,2,2456
mg,47791,MACHADO,17,388,13068,704,14,5,5944
mg,47813,MADRE DE DEUS DE MINAS,10,48,1711,139,1,4,1168
mg,47830,MALACACHETA,24,227,3056,141,8,12,5252
mg,47856,MANGA,9,144,2811,204,1,6,6640
mg,47872,MANHUAÇU,53,942,15349,1421,6,15,19618
mg,47899,MANHUMIRIM,15,393,4996,478,3,6,5231
mg,47910,MANTENA,15,196,6130,273,10,2,7418
mg,47937,MARAVILHAS,0,74,2133,105,1,4,1914
mg,47953,MAR DE ESPANHA,19,135,3462,342,1,6,2486
mg,47970,MARIA DA FÉ,9,164,5447,422,1,1,2808
mg,47996,MARIANA,39,891,10033,1665,13,15,15479
mg,48011,MARILAC,3,30,680,26,0,0,1558
mg,48038,MARIPÁ DE MINAS,3,71,891,110,1,2,1015
mg,48054,MARLIÉRIA,3,79,754,111,1,2,1601
mg,48070,MARMELÓPOLIS,1,25,691,46,0,1,1349
mg,48097,MARTINHO CAMPOS,12,102,3302,437,1,4,2731
mg,48119,MATERLÂNDIA,4,45,761,29,0,2,1511
mg,48135,MATEUS LEME,17,312,4870,735,7,2,6865
mg,48151,MATIAS BARBOSA,8,170,2696,617,12,2,4404
mg,48178,MATIPÓ,17,160,4144,117,2,2,4483
mg,48194,MATO VERDE,7,110,1983,118,1,4,5158
mg,48216,MATOZINHOS,20,342,6846,1083,9,7,11404
mg,48232,MATUTINA,2,28,1276,58,0,4,734
mg,48259,MEDEIROS,3,35,1338,53,3,0,484
mg,48275,MEDINA,27,210,3675,212,9,6,5860
mg,48291,MENDES PIMENTEL,3,48,1117,171,0,1,2301
mg,48313,MERCÊS,12,115,2029,175,11,2,3360
mg,48330,MESQUITA,2,61,1160,43,0,0,2031
mg,48356,MINAS NOVAS,25,308,3629,128,4,5,6994
mg,48372,MINDURI,1,70,1365,98,0,0,827
mg,48399,MIRABELA,2,118,1170,137,1,3,5261
mg,48410,MIRADOURO,5,141,2255,160,0,1,3651
mg,48437,MIRAÍ,11,193,3138,312,4,6,3397
mg,48453,MOEDA,1,50,1271,149,1,1,1500
mg,48470,MOEMA,6,89,2646,101,2,2,1457
mg,48496,MONJOLOS,2,23,611,27,1,2,696
mg,48518,MONSENHOR PAULO,2,72,2444,116,1,2,1563
mg,48534,MONTALVÂNIA,13,133,2821,125,4,15,4612
mg,48550,MONTE ALEGRE DE MINAS,17,147,5400,401,2,6,4522
mg,48577,MONTE AZUL,25,136,4139,211,1,10,7986
mg,48593,MONTE BELO,12,117,3782,221,1,2,3345
mg,48615,MONTE CARMELO,17,410,10930,940,5,11,13281
mg,48631,MONTE SANTO DE MINAS,14,182,7319,327,4,2,3514
mg,48658,MONTES CLAROS,214,5339,50109,10731,63,97,99155
mg,48674,MONTE SIÃO,9,143,8822,338,2,6,1777
mg,48690,MORADA NOVA DE MINAS,9,54,2140,98,2,0,2177
mg,48712,MORRO DA GARÇA,5,23,860,44,0,0,840
mg,48739,MORRO DO PILAR,2,30,989,52,0,2,995
mg,48755,MUNHOZ,4,46,2559,88,2,4,1422
mg,48771,MURIAÉ,56,1640,18845,2522,20,24,30642
mg,48798,MUTUM,20,207,6881,258,6,1,7428
mg,48810,MUZAMBINHO,19,221,7157,500,7,4,4465
mg,48836,NACIP RAYDAN,0,32,651,11,0,0,745
mg,48852,NANUQUE,24,299,8086,497,8,8,11943
mg,48879,NATÉRCIA,3,37,1995,116,0,2,780
mg,48895,NAZARENO,6,68,1946,163,1,1,2247
mg,48917,NEPOMUCENO,20,310,7489,280,6,5,5902
mg,48933,NOVA ERA,6,285,3030,332,7,7,6981
mg,48950,NOVA LIMA,60,1406,13287,3493,30,25,23073
mg,48976,NOVA MÓDICA,4,24,645,28,2,0,1463
mg,48992,NOVA PONTE,7,66,2874,220,1,0,3372
mg,49018,NOVA RESENDE,10,84,3939,185,0,2,3734
mg,49034,NOVA SERRANA,26,456,15871,860,12,9,7363
mg,49050,NOVO CRUZEIRO,27,278,3229,99,3,8,7597
mg,49077,OLARIA,5,42,616,55,0,0,863
mg,49093,OLÍMPIO NORONHA,0,18,895,69,0,1,737
mg,49115,OLIVEIRA,33,685,11604,1426,11,12,8534
mg,49131,OLIVEIRA FORTES,4,32,330,63,0,1,875
mg,49158,ONÇA DE PITANGUI,1,26,1114,65,1,2,832
mg,49174,OURO BRANCO,21,627,6849,1357,7,7,10106
mg,49190,OURO FINO,16,275,12241,716,1,5,4385
mg,49212,OURO PRETO,62,1567,12812,2438,34,36,23467
mg,49239,OURO VERDE DE MINAS,7,136,1326,26,2,2,1981
mg,49255,PADRE PARAÍSO,20,224,3561,124,3,5,4831
mg,49271,PAINEIRAS,1,39,1499,104,0,0,1379
mg,49298,PAINS,3,75,3180,148,2,3,1605
mg,49310,PAIVA,2,38,258,65,1,0,755
mg,49336,PALMA,14,92,1490,125,0,4,2156
mg,49352,FRONTEIRA DOS VALES,8,34,863,41,0,2,1726
mg,49379,PAPAGAIOS,5,99,2989,193,3,3,4638
mg,49395,PARACATU,45,601,23704,1282,12,7,16542
mg,49417,PARÁ DE MINAS,62,1285,23290,2786,30,28,15156
mg,49433,PARAGUAÇU,11,151,6891,333,4,5,4526
mg,49450,PARAISÓPOLIS,13,175,7446,644,2,3,2977
mg,49476,PARAOPEBA,13,181,4748,471,7,3,6681
mg,49492,PASSABÉM,2,21,526,31,1,0,521
mg,49514,PASSA QUATRO,21,259,4201,388,2,3,4295
mg,49530,PASSA TEMPO,11,104,2238,196,3,5,2259
mg,49557,PASSA VINTE,3,38,728,90,0,1,582
mg,49573,PASSOS,34,1366,23435,2410,15,9,29335
mg,49590,PATOS DE MINAS,78,1362,44453,3312,21,21,24311
mg,49611,PATROCÍNIO,53,807,20675,2508,15,19,17072
mg,49638,PATROCÍNIO DO MURIAÉ,5,60,1453,150,12,1,1539
mg,49654,PAULA CÂNDIDO,10,134,1696,178,0,6,3007
mg,49670,PAULISTAS,6,42,994,47,0,2,1523
mg,49697,PAVÃO,5,112,1579,50,1,1,2521
mg,49719,PEÇANHA,17,162,3481,165,2,7,3702
mg,49735,PEDRA AZUL,32,287,3672,184,1,2,7510
mg,49751,PEDRA DO ANTA,10,38,914,62,2,0,1331
mg,49778,PEDRA DO INDAIÁ,2,26,1589,76,0,1,825
mg,49794,PEDRA DOURADA,2,37,439,46,0,0,836
mg,49816,PEDRALVA,7,125,3975,274,1,2,2328
mg,49832,PEDRINÓPOLIS,6,31,1330,55,0,1,736
mg,49859,PEDRO LEOPOLDO,75,930,12337,2182,15,11,16284
mg,49875,PEDRO TEIXEIRA,2,31,470,75,0,2,805
mg,49891,PEQUERI,8,74,951,158,0,0,850
mg,49913,PEQUI,1,48,1122,159,0,0,1056
mg,49930,PERDIGÃO,3,87,2602,157,0,4,1034
mg,49956,PERDIZES,4,89,4632,174,1,2,2061
mg,49972,PERDÕES,10,230,5117,421,7,2,5319
mg,49999,PESCADOR,1,40,577,30,0,2,1533
mg,50016,PIAU,2,57,815,131,0,1,1140
mg,50032,PIEDADE DE PONTE NOVA,4,42,785,73,0,1,1537
mg,50059,PIEDADE DO RIO GRANDE,6,133,1258,134,1,1,1203
mg,50075,PIEDADE DOS GERAIS,12,30,1529,83,3,0,1200
mg,50091,PIMENTA,8,60,2575,130,1,3,1644
mg,50113,PIRACEMA,6,96,1760,137,3,2,2050
mg,50130,PIRAJUBA,2,13,1116,30,1,0,993
mg,50156,PIRANGA,29,258,3541,244,5,4,4076
mg,50172,PIRANGUÇU,4,36,2075,80,0,0,956
mg,50199,PIRANGUINHO,4,47,2448,193,1,2,1961
mg,50210,PIRAPETINGA,5,78,2119,240,3,1,4469
mg,50237,PIRAPORA,33,552,8516,2002,12,21,14378
mg,50253,PIRAÚBA,9,119,2542,139,4,2,3686
mg,50270,PITANGUI,18,381,7159,958,5,7,5602
mg,50296,PIUMHI,19,330,8590,716,6,13,7115
mg,50318,PLANURA,5,45,2264,213,0,3,2676
mg,50334,POÇO FUNDO,7,124,5343,260,3,2,3382
mg,50350,POÇOS DE CALDAS,75,1933,44841,3718,33,32,27956
mg,50377,POCRANE,5,85,2411,57,2,2,2614
mg,50393,POMPÉU,15,363,6452,564,2,7,6802
mg,50415,PONTE NOVA,43,980,9797,1750,18,17,19788
mg,50431,PORTEIRINHA,25,312,5552,398,2,13,12830
mg,50458,PORTO FIRME,10,118,1674,96,2,5,2840
mg,50474,POTÉ,14,177,2677,97,3,4,4242
mg,50490,POUSO ALEGRE,55,1590,32626,3599,27,29,27484
mg,50512,POUSO ALTO,8,96,2410,145,1,2,1275
mg,50539,PRADOS,15,117,2463,188,3,5,1912
mg,50555,PRATA,5,172,6338,379,4,2,7172
mg,50571,PRATÁPOLIS,3,100,2878,167,0,3,2201
mg,50598,PRATINHA,1,33,1367,91,0,1,378
mg,50610,PRESIDENTE BERNARDES,13,91,1646,76,1,1,1647
mg,50636,PRESIDENTE JUSCELINO,0,26,734,38,1,0,1694
mg,50652,PRESIDENTE KUBITSCHEK,2,33,541,16,1,3,1154
mg,50679,PRESIDENTE OLEGÁRIO,18,134,6601,317,2,12,3690
mg,50695,ALTO JEQUITIBÁ,7,86,2832,115,6,2,1732
mg,50717,PRUDENTE DE MORAIS,8,82,2444,171,3,2,2342
mg,50733,QUARTEL GERAL,2,39,1094,72,0,0,813
mg,50750,QUELUZITO,3,35,563,96,2,3,860
mg,50776,RAPOSOS,9,190,1969,462,9,2,6801
mg,50792,RAUL SOARES,18,201,4701,400,3,8,7413
mg,50814,RECREIO,8,70,2268,197,0,1,3114
mg,50830,RESENDE COSTA,18,159,2949,319,5,6,2684
mg,50857,RESPLENDOR,11,136,4217,163,1,1,4699
mg,50873,RESSAQUINHA,6,64,1231,143,3,6,1719
mg,50890,RIACHO DOS MACHADOS,9,99,926,40,2,2,3538
mg,50911,RIBEIRÃO DAS NEVES,133,1902,31439,7014,90,64,73395
mg,50938,RIBEIRÃO VERMELHO,2,90,1065,165,0,2,1106
mg,50954,RIO ACIMA,3,123,1909,442,19,0,2759
mg,50970,RIO CASCA,12,158,2769,217,2,3,4966
mg,50997,RIO DOCE,0,34,520,39,0,1,966
mg,51012,RIO DO PRADO,5,53,654,28,0,1,1996
mg,51039,RIO ESPERA,11,47,2465,108,1,2,1239
mg,51055,RIO MANSO,3,48,1208,96,6,1,1357
mg,51071,RIO NOVO,7,152,2267,329,1,3,2538
mg,51098,RIO PARANAÍBA,9,107,3356,184,3,4,2220
mg,51110,RIO PARDO DE MINAS,26,199,3585,134,3,15,8650
mg,51136,RIO PIRACICABA,17,190,2580,273,2,7,5356
mg,51152,RIO POMBA,20,277,3584,665,3,6,4998
mg,51179,RIO PRETO,8,149,1524,167,2,3,1821
mg,51195,RIO VERMELHO,13,152,2103,94,2,6,4088
mg,51217,RITÁPOLIS,6,53,1736,175,0,3,1148
mg,51233,ROCHEDO DE MINAS,3,41,560,63,0,0,805
mg,51250,RODEIRO,6,60,1124,126,2,2,2325
mg,51276,ROMARIA,1,25,1032,65,0,0,1135
mg,51292,RUBELITA,10,55,1305,49,1,3,2672
mg,51314,RUBIM,24,108,2402,131,2,0,1862
mg,51330,SABARÁ,81,1733,17712,5667,48,27,33643
mg,51357,SABINÓPOLIS,9,167,2373,160,2,3,4338
mg,51373,SACRAMENTO,8,244,8545,548,0,5,3887
mg,51390,SALINAS,26,305,7320,307,5,9,10649
mg,51411,SALTO DA DIVISA,6,52,1125,48,2,3,1855
mg,51438,SANTA BÁRBARA,20,327,3463,632,2,13,10748
mg,51454,SANTA BÁRBARA DO TUGÚRIO,2,61,1484,77,0,0,1509
mg,51470,SANTA CRUZ DO ESCALVADO,3,54,723,47,2,0,2182
mg,51497,SANTA EFIGÊNIA DE MINAS,5,45,921,29,2,2,1132
mg,51519,SANTA FÉ DE MINAS,3,33,544,16,0,2,1508
mg,51535,SANTA JULIANA,6,42,3087,100,1,2,2069
mg,51551,SANTA LUZIA,130,2147,31968,8537,55,48,57901
mg,51578,SANTA MARGARIDA,8,112,3859,90,1,1,4118
mg,51594,SANTA MARIA DE ITABIRA,5,120,2402,144,1,13,2898
mg,51616,SANTA MARIA DO SALTO,4,35,970,40,2,1,1822
mg,51632,SANTA MARIA DO SUAÇUÍ,10,156,2441,147,2,6,4011
mg,51659,SANTANA DA VARGEM,5,70,1841,111,0,2,2607
mg,51675,SANTANA DE CATAGUASES,8,35,1287,52,1,0,943
mg,51691,SANTANA DE PIRAPAMA,7,81,1402,140,0,6,3254
mg,51713,SANTANA DO DESERTO,5,67,799,162,1,0,1348
mg,51730,SANTANA DO GARAMBÉU,2,21,746,22,0,1,690
mg,51756,SANTANA DO JACARÉ,7,93,876,61,1,1,1464
mg,51772,SANTANA DO MANHUAÇU,4,52,1974,67,0,0,2409
mg,51799,SANTANA DO RIACHO,6,49,817,128,4,2,1456
mg,51810,SANTANA DOS MONTES,5,32,1450,75,3,1,898
mg,51837,SANTA RITA DE CALDAS,2,59,3268,163,0,0,2124
mg,51853,SANTA RITA DE JACUTINGA,8,57,1691,123,1,1,1443
mg,51870,SANTA RITA DO IBITIPOCA,2,49,1040,70,1,1,1105
mg,51896,SANTA RITA DO ITUETO,0,28,1596,48,0,1,1769
mg,51918,SANTA RITA DO SAPUCAÍ,26,408,13648,762,3,8,5235
mg,51934,SANTA ROSA DA SERRA,5,34,763,69,1,1,1003
mg,51950,SANTA VITÓRIA,6,91,3791,315,1,3,5951
mg,51977,SANTO ANTÔNIO DO AMPARO,11,154,2700,155,5,5,6144
mg,51993,SANTO ANTÔNIO DO AVENTUREIRO,4,49,1243,102,2,0,1024
mg,52019,SANTO ANTÔNIO DO GRAMA,6,43,1221,33,0,1,1217
mg,52035,SANTO ANTÔNIO DO ITAMBÉ,3,67,523,49,0,1,1327
mg,52051,SANTO ANTÔNIO DO JACINTO,18,118,2532,55,0,3,3378
mg,52078,SANTO ANTÔNIO DO MONTE,17,185,8432,548,1,6,3500
mg,52094,SANTO ANTÔNIO DO RIO ABAIXO,0,33,442,23,0,0,668
mg,52116,SANTO HIPÓLITO,3,22,526,44,4,0,1371
mg,52132,SANTOS DUMONT,46,667,7657,1438,23,10,19118
mg,52159,SÃO BENTO ABADE,0,32,1600,41,1,0,804
mg,52175,SÃO BRÁS DO SUAÇUÍ,2,46,892,103,0,2,1025
mg,52191,SÃO DOMINGOS DO PRATA,9,191,3269,391,1,4,6257
mg,52213,SÃO FRANCISCO,23,364,5395,406,10,18,16405
mg,52230,SÃO FRANCISCO DE PAULA,5,50,2209,133,1,0,1623
mg,52256,SÃO FRANCISCO DE SALES,3,13,1195,34,0,0,2008
mg,52272,SÃO FRANCISCO DO GLÓRIA,9,71,1037,81,2,3,1933
mg,52299,SÃO GERALDO,10,103,1590,213,2,0,2460
mg,52310,SÃO GERALDO DA PIEDADE,1,47,812,38,0,2,1368
mg,52337,SÃO GONÇALO DO ABAETÉ,4,43,1625,77,0,2,1355
mg,52353,SÃO GONÇALO DO PARÁ,3,84,2719,155,8,2,2081
mg,52370,SÃO GONÇALO DO RIO ABAIXO,9,98,1526,168,3,6,3588
mg,52396,SÃO GONÇALO DO SAPUCAÍ,10,304,6896,401,6,1,5426
mg,52418,SÃO GOTARDO,9,222,11485,392,1,6,3184
mg,52434,SÃO JOÃO BATISTA DO GLÓRIA,3,54,1771,110,1,2,2050
mg,52450,SÃO JOÃO DA MATA,8,56,1139,57,0,1,636
mg,52477,SÃO JOÃO DA PONTE,22,194,3691,191,5,7,8471
mg,52493,SÃO JOÃO DEL REI,96,1568,22360,4713,32,31,19523
mg,52515,SÃO JOÃO DO ORIENTE,8,77,1677,103,1,3,2773
mg,52531,SÃO JOÃO DO PARAÍSO,25,281,5525,196,2,10,3908
mg,52558,SÃO JOÃO EVANGELISTA,11,149,2582,179,1,1,4761
mg,52574,SÃO JOÃO NEPOMUCENO,22,554,5739,1134,8,12,7045
mg,52590,SÃO JOSÉ DA SAFIRA,3,23,693,21,0,0,1298
mg,52612,SÃO JOSÉ DA VARGINHA,4,39,1113,87,0,1,891
mg,52639,SÃO JOSÉ DO ALEGRE,4,24,1545,75,1,1,787
mg,52655,SÃO JOSÉ DO DIVINO,0,26,720,32,1,3,1484
mg,52671,SÃO JOSÉ DO GOIABAL,3,72,1133,91,3,1,2032
mg,52698,SÃO JOSÉ DO JACURI,6,66,1168,53,0,4,1732
mg,52710,SÃO JOSÉ DO MANTIMENTO,4,25,833,30,0,0,677
mg,52736,SÃO LOURENÇO,34,740,15326,1874,4,13,4688
mg,52752,SÃO MIGUEL DO ANTA,9,95,1649,137,1,3,1998
mg,52779,SÃO PEDRO DA UNIÃO,1,36,1835,74,2,0,880
mg,52795,SÃO PEDRO DOS FERROS,3,103,1688,102,1,3,2890
mg,52817,SÃO PEDRO DO SUAÇUÍ,3,69,983,37,1,2,1667
mg,52833,SÃO ROMÃO,9,45,748,67,5,2,3027
mg,52850,SÃO ROQUE DE MINAS,1,47,2649,99,1,0,885
mg,52876,SÃO SEBASTIÃO DA BELA VISTA,1,38,1367,59,2,0,1302
mg,52892,SÃO SEBASTIÃO DO MARANHÃO,8,138,1894,65,1,2,2656
mg,52914,SÃO SEBASTIÃO DO OESTE,3,53,1390,81,4,4,1440
mg,52930,SÃO SEBASTIÃO DO PARAÍSO,48,837,17529,1661,47,15,12935
mg,52957,SÃO SEBASTIÃO DO RIO PRETO,2,16,503,30,0,0,435
mg,52973,SÃO SEBASTIÃO DO RIO VERDE,1,21,803,51,1,1,571
mg,52990,SÃO TIAGO,18,134,3041,450,2,6,2277
mg,53015,SÃO TOMÁS DE AQUINO,7,69,2390,106,1,2,1466
mg,53031,SÃO THOMÉ DAS LETRAS,10,50,1861,112,1,0,1571
mg,53058,SÃO VICENTE DE MINAS,5,109,2416,96,2,3,1377
mg,53074,SAPUCAÍ MIRIM,4,28,1791,79,0,1,1449
mg,53090,SARDOÁ,6,48,1023,38,1,3,1327
mg,53112,SENADOR CORTES,9,56,606,76,0,0,782
mg,53139,SENADOR FIRMINO,4,113,1421,118,2,1,2869
mg,53155,SENADOR JOSÉ BENTO,3,20,818,39,0,0,476
mg,53171,SENADOR MODESTINO GONÇALVES,5,68,1095,37,0,1,1821
mg,53198,SENHORA DE OLIVEIRA,8,123,1000,95,1,3,2155
mg,53210,SENHORA DO PORTO,10,54,1088,56,2,2,874
mg,53236,SENHORA DOS REMÉDIOS,10,69,2460,112,0,1,2977
mg,53252,SERICITA,10,66,2019,51,1,0,2084
mg,53279,SERITINGA,4,22,565,36,2,1,611
mg,53295,SERRA AZUL DE MINAS,11,49,941,16,1,2,1013
mg,53317,SERRA DA SAUDADE,0,13,445,22,0,0,206
mg,53333,SERRA DOS AIMORÉS,2,56,982,61,0,4,2616
mg,53350,SERRA DO SALITRE,5,46,3121,134,1,2,1994
mg,53376,SERRANIA,5,48,2019,57,2,0,2002
mg,53392,SERRANOS,1,22,750,35,0,4,622
mg,53414,SERRO,8,228,2291,187,2,4,6586
mg,53430,SETE LAGOAS,215,3965,40817,7984,50,58,54138
mg,53457,SILVEIRÂNIA,7,42,503,41,0,1,1028
mg,53473,SILVIANÓPOLIS,2,46,2374,87,1,2,1075
mg,53490,SIMÃO PEREIRA,4,44,745,113,0,2,997
mg,53511,SIMONÉSIA,18,162,4515,122,1,1,4383
mg,53538,SOBRÁLIA,5,34,1173,55,0,3,1747
mg,53554,SOLEDADE DE MINAS,6,69,2105,131,1,0,1068
mg,53570,TABULEIRO,4,41,1333,98,0,0,1205
mg,53597,TAIOBEIRAS,16,257,7825,272,3,10,7163
mg,53619,TAPIRA,3,38,1746,100,0,0,571
mg,53635,TAPIRAÍ,1,19,891,61,0,1,560
mg,53651,TAQUARAÇU DE MINAS,5,35,1123,84,0,0,1284
mg,53678,TARUMIRIM,2,114,3231,81,0,3,4188
mg,53694,TEIXEIRAS,13,146,2746,260,2,1,3547
mg,53716,TEÓFILO OTONI,99,1657,24328,1833,25,25,40000
mg,53732,TIMÓTEO,34,1171,12813,2721,95,20,26873
mg,53759,TIRADENTES,5,132,2237,274,1,0,1348
mg,53775,TIROS,5,38,2690,81,0,3,834
mg,53791,TOCANTINS,6,149,4209,252,0,4,4717
mg,53813,TOLEDO,6,22,1916,75,2,1,1173
mg,53830,TOMBOS,15,100,2690,186,1,2,2302
mg,53856,TRÊS CORAÇÕES,59,1161,20507,2824,12,22,13827
mg,53872,TRÊS PONTAS,70,728,13272,1123,13,14,13732
mg,53899,TUMIRITINGA,4,31,977,66,0,1,1951
mg,53910,TUPACIGUARA,12,178,6149,448,2,3,7682
mg,53937,TURMALINA,7,190,2842,153,5,4,5070
mg,53953,TURVOLÂNDIA,9,24,1655,117,0,3,724
mg,53970,UBÁ,41,1250,12353,2362,14,29,32761
mg,53996,UBAÍ,13,94,1847,49,0,1,3619
mg,54011,UBERABA,172,3593,68390,10346,47,82,68375
mg,54038,UBERLÂNDIA,420,7519,101945,23609,122,131,157774
mg,54054,UMBURATIBA,0,27,469,23,0,2,1028
mg,54070,UNAÍ,39,598,24630,1230,8,12,12334
mg,54097,URUCÂNIA,11,108,2298,137,3,8,3086
mg,54119,VARGEM BONITA,0,18,766,35,0,0,757
mg,54135,VARGINHA,95,2129,36865,4512,32,52,23645
mg,54151,VÁRZEA DA PALMA,29,243,6269,612,4,6,10763
mg,54178,VARZELÂNDIA,13,178,3488,120,4,3,4507
mg,54194,VAZANTE,14,201,4486,590,3,7,5976
mg,54216,WENCESLAU BRAZ,2,26,915,130,1,1,681
mg,54232,VERÍSSIMO,0,17,930,56,0,0,750
mg,54259,VESPASIANO,81,874,13458,2647,41,16,26834
mg,54275,VIÇOSA,58,1818,11671,2544,22,21,20982
mg,54291,VIEIRAS,4,82,860,51,0,2,1559
mg,54313,MATHIAS LOBATO,0,16,604,44,0,2,1330
mg,54330,VIRGEM DA LAPA,17,124,1881,61,1,3,3764
mg,54356,VIRGÍNIA,3,58,2200,139,0,3,2600
mg,54372,VIRGINÓPOLIS,9,124,2174,161,4,3,2666
mg,54399,VIRGOLÂNDIA,3,56,691,32,0,2,2181
mg,54410,VISCONDE DO RIO BRANCO,37,716,7745,993,7,15,11498
mg,54437,VOLTA GRANDE,3,99,857,84,0,0,1723
mg,54453,ITAÚ DE MINAS,5,177,5054,529,2,9,3070
ms,55000,NOVA ALVORADA DO SUL,4,43,3501,182,1,0,2837
ms,55018,ALCINÓPOLIS,3,48,1731,52,1,0,503
ms,55026,LAGUNA CARAPÃ,10,69,1840,56,2,1,1044
ms,55034,JAPORÃ,4,36,1513,43,1,3,1555
ms,55042,NOVO HORIZONTE DO SUL,5,41,1679,67,1,1,1171
ms,55069,FIGUEIRÃO,4,10,1018,37,0,0,289
ms,90034,ÁGUA CLARA,5,75,3624,201,1,27,2306
ms,90115,AMAMBAÍ,26,345,8656,520,6,6,6450
ms,90131,ANASTÁCIO,8,182,6016,673,5,4,6076
ms,90158,ANAURILÂNDIA,7,41,2886,127,0,2,1535
ms,90174,ANTÔNIO JOÃO,6,89,2450,152,2,1,1878
ms,90190,APARECIDA DO TABOADO,13,187,6442,321,4,2,3966
ms,90212,AQUIDAUANA,29,378,10888,1721,10,7,11146
ms,90298,BANDEIRANTES,7,51,2158,165,2,1,1202
ms,90379,BATAGUASSU,14,133,5317,452,5,5,4022
ms,90395,BATAIPORÃ,4,92,3221,195,2,2,2398
ms,90417,BELA VISTA,12,156,6249,433,2,5,4668
ms,90433,BONITO,6,183,5666,318,1,5,4427
ms,90450,BRASILÂNDIA,10,90,3586,251,3,6,2267
ms,90492,CAMAPUÃ,11,52,5702,200,1,5,2836
ms,90514,CAMPO GRANDE,562,9595,238025,31908,207,157,122762
ms,90530,CARACOL,4,25,1590,57,2,1,1298
ms,90557,CAARAPÓ,12,141,5988,352,6,5,4956
ms,90573,CASSILÂNDIA,18,242,8295,585,9,1,3024
ms,90611,CORGUINHO,2,56,1385,107,0,0,732
ms,90638,CORUMBÁ,70,904,17112,3822,35,9,27269
ms,90654,COXIM,34,548,10823,683,4,5,5783
ms,90735,DOURADOS,123,2369,63701,5173,58,39,31869
ms,90751,FÁTIMA DO SUL,12,164,7939,551,6,1,3242
ms,90794,GLÓRIA DE DOURADOS,6,100,3481,219,3,1,1615
ms,90816,GUIA LOPES DA LAGUNA,11,97,3280,166,3,3,2086
ms,90859,IGUATEMI,5,127,4543,296,1,3,2109
ms,90875,INOCÊNCIA,6,39,2968,146,1,3,1044
ms,90891,ITAPORÃ,15,144,5798,306,1,6,3136
ms,90930,IVINHEMA,16,216,7540,519,4,5,3926
ms,90972,JARAGUARI,9,40,1946,108,3,0,1129
ms,90999,JARDIM,15,195,7113,541,4,4,5478
ms,91014,JATEÍ,2,28,1779,69,0,1,853
ms,91030,LADÁRIO,8,173,2550,571,5,1,4379
ms,91073,MARACAJU,27,343,8579,651,2,5,7597
ms,91111,MIRANDA,15,133,6144,359,7,3,6388
ms,91138,NAVIRAÍ,25,484,12987,992,6,5,9205
ms,91154,NIOAQUE,8,111,3947,309,1,4,3002
ms,91235,NOVA ANDRADINA,18,268,13149,815,5,7,7093
ms,91251,PARANAÍBA,31,411,14336,1105,3,11,5771
ms,91278,PEDRO GOMES,10,91,3049,87,2,3,1523
ms,91316,PONTA PORÃ,49,723,19457,1592,8,15,15638
ms,91375,PORTO MURTINHO,5,81,2785,182,1,0,2621
ms,91413,RIBAS DO RIO PARDO,9,89,4075,358,3,2,2888
ms,91430,RIO BRILHANTE,16,225,7100,343,2,6,5565
ms,91456,RIO NEGRO,3,27,1737,127,0,0,1091
ms,91472,RIO VERDE DE MATO GROSSO,6,125,6454,324,1,1,3173
ms,91499,ROCHEDO,1,47,1978,171,1,3,576
ms,91570,SIDROLÂNDIA,19,375,7932,654,7,9,6902
ms,91596,TERENOS,9,69,4400,327,0,3,2345
ms,91650,TRÊS LAGOAS,59,765,19903,3665,35,31,20414
ms,91693,ANGÉLICA,2,105,2437,151,0,1,1745
ms,91715,ARAL MOREIRA,1,79,2279,68,5,2,1783
ms,91731,ELDORADO,8,147,3843,218,2,3,2074
ms,91758,DEODÁPOLIS,6,92,4023,216,5,3,1790
ms,91782,CHAPADÃO DO SUL,10,150,5132,365,3,1,2144
ms,91790,MUNDO NOVO,8,142,4927,277,6,4,2895
ms,91804,DOIS IRMÃOS DO BURITI,3,55,2368,205,1,2,2574
ms,91820,JUTI,3,36,1831,77,0,0,1282
ms,91847,PARANHOS,3,111,2275,51,1,2,2236
ms,91863,SANTA RITA DO PARDO,5,32,1954,84,0,1,1287
ms,91880,SONORA,2,164,3193,166,0,2,3322
ms,91901,VICENTINA,2,57,2204,109,1,1,1207
ms,98019,BODOQUENA,2,64,2455,223,0,4,2142
ms,98035,COSTA RICA,13,156,6736,335,1,1,3091
ms,98051,DOURADINA,3,79,1910,88,1,3,1076
ms,98078,ITAQUIRAÍ,14,131,4661,166,3,6,3266
ms,98094,SÃO GABRIEL DO OESTE,9,215,7301,441,2,4,3470
ms,98116,SELVÍRIA,3,46,1369,118,1,2,1868
ms,98132,SETE QUEDAS,8,160,3213,104,1,4,2499
ms,98159,TACURU,4,63,1584,78,1,2,2400
ms,98175,TAQUARUSSU,5,48,1352,60,0,0,721
ms,98590,CORONEL SAPUCAIA,9,242,2525,106,0,2,4035
mt,89788,COLNIZA,7,104,5685,244,5,3,5153
mt,89796,COLÍDER,18,129,12075,390,5,4,2618
mt,89800,CURVELÂNDIA,7,54,1648,69,2,0,1048
mt,89818,NOVA BRASILÂNDIA,8,14,1866,69,0,0,675
mt,89826,NOVA SANTA HELENA,2,10,1206,36,0,0,649
mt,89834,PARANATINGA,11,117,6372,191,1,2,2427
mt,89843,SANTO ANTÔNIO DO LESTE,2,15,949,62,1,0,384
mt,89850,SINOP,46,1206,33459,1703,28,17,13113
mt,89877,ALTA FLORESTA,18,297,17457,365,5,9,8531
mt,89893,ARAPUTANGA,4,130,4280,273,3,3,3453
mt,89915,JAURU,10,82,2979,139,0,4,2051
mt,89931,SÃO JOSÉ DOS QUATRO MARCOS,7,127,4401,297,4,7,5095
mt,89958,RIO BRANCO,5,46,1366,68,0,1,1382
mt,89960,RONDOLÂNDIA,1,25,613,28,1,0,1082
mt,89974,SALTO DO CÉU,3,30,1185,56,0,1,776
mt,89990,PONTES E LACERDA,32,205,11634,605,29,12,6802
mt,90018,ACORIZAL,5,58,1479,87,1,2,2329
mt,90026,SÃO JOSÉ DO POVO,3,25,1164,73,1,2,900
mt,90042,ALTO BOA VISTA,3,23,1659,64,1,0,425
mt,90050,ALTO ARAGUAIA,8,118,4327,228,2,1,2862
mt,90069,QUERÊNCIA,3,86,2970,111,0,4,1516
mt,90077,ALTO GARÇAS,4,78,3504,114,3,0,1398
mt,90085,CANABRAVA DO NORTE,5,20,1770,37,0,1,579
mt,90093,ALTO PARAGUAI,2,63,2176,130,2,1,1952
mt,90107,SANTA CARMEM,0,39,1481,68,1,0,549
mt,90123,NOVA MARINGÁ,2,30,1729,50,0,2,690
mt,90140,NOVA GUARITA,1,26,1247,74,3,0,1233
mt,90166,NOVA MARILÂNDIA,2,15,812,29,0,1,461
mt,90182,PORTO ESTRELA,2,37,875,17,0,1,1247
mt,90204,GLÓRIA D OESTE,2,25,917,58,0,1,771
mt,90220,TABAPORÃ,7,71,2716,99,1,1,1192
mt,90239,ARAGUAINHA,2,19,336,24,0,1,384
mt,90247,SÃO JOSÉ DO XINGU,2,23,1777,85,0,1,588
mt,90255,ARENÁPOLIS,8,71,3023,137,2,3,1914
mt,90263,APIACÁS,7,26,2523,65,1,0,1226
mt,90271,ARIPUANÃ,14,91,5350,119,2,3,2414
mt,90280,CONFRESA,9,68,5680,160,1,5,3032
mt,90301,LAMBARI D OESTE,3,31,1622,57,0,3,987
mt,90310,BARÃO DE MELGAÇO,7,51,1405,100,4,1,2452
mt,90328,SANTO AFONSO,3,13,910,27,3,0,632
mt,90336,BARRA DO BUGRES,15,273,7245,481,2,6,6865
mt,90344,PLANALTO DA SERRA,1,26,841,34,3,1,583
mt,90352,BARRA DO GARÇAS,21,532,14582,1310,8,11,12126
mt,90360,NOVA MONTE VERDE,6,40,2412,89,2,1,1290
mt,90387,NOVA BANDEIRANTE,11,52,3455,171,0,3,1813
mt,90409,SÃO PEDRO DA CIPA,6,31,1299,57,0,1,1071
mt,90425,COTRIGUAÇU,5,76,3288,131,2,2,2850
mt,90441,RIBEIRÃOZINHO,2,21,594,71,0,0,548
mt,90468,BRASNORTE,5,83,3870,172,0,2,1829
mt,90476,CÁCERES,36,888,18316,1456,39,19,21258
mt,90484,CAMPO NOVO DO PARECIS,9,242,6832,371,3,1,3674
mt,90506,CAMPO VERDE,9,306,7583,401,10,13,6012
mt,90522,CLÁUDIA,6,72,4308,139,0,3,995
mt,90549,CASTANHEIRA,8,38,2264,63,0,3,1617
mt,90565,JANGADA,6,41,1866,113,2,1,2002
mt,90581,JURUENA,6,55,2378,103,3,3,1421
mt,90590,CHAPADA DOS GUIMARÃES,7,227,3966,350,4,7,4509
mt,90603,LUCAS DO RIO VERDE,13,390,8150,361,4,8,5451
mt,90620,MATUPÁ,10,132,4594,119,2,2,2273
mt,90646,NOVA MUTUM,4,286,6146,384,4,2,3173
mt,90662,RIBEIRÃO CASCALHEIRA,1,30,3449,131,3,7,916
mt,90670,CUIABÁ,501,11901,137736,22082,333,197,113226
mt,90689,TAPURAH,5,55,2406,83,2,1,1251
mt,90697,DIAMANTINO,8,208,5689,358,16,6,3874
mt,90700,PONTAL DO ARAGUAIA,1,48,1357,98,2,1,1375
mt,90719,DOM AQUINO,4,102,2642,111,1,5,1915
mt,90727,SAPEZAL,2,103,3639,182,4,4,1968
mt,90743,CAMPOS DE JÚLIO,4,23,1514,77,0,0,622
mt,90760,CARLINDA,8,60,3567,145,1,2,2158
mt,90778,GENERAL CARNEIRO,4,44,1295,79,1,1,1485
mt,90786,FELIZ NATAL,4,53,2825,62,2,1,1500
mt,90808,NOVO MUNDO,4,30,1727,45,0,3,1762
mt,90824,GAÚCHA DO NORTE,7,23,1825,34,1,2,447
mt,90832,GUIRATINGA,6,126,4629,199,2,4,2371
mt,90840,UNIÃO DO SUL,2,16,1200,55,1,1,561
mt,90867,NOVA LACERDA,1,21,1203,42,0,2,890
mt,90883,NOVA UBIRATÃ,2,27,1761,60,0,0,1539
mt,90905,BOM JESUS DO ARAGUAIA,4,23,1148,27,0,0,602
mt,90913,ITIQUIRA,11,53,3543,223,3,1,1624
mt,90921,SERRA NOVA DOURADA,1,8,453,37,1,0,134
mt,90948,NOVO SANTO ANTONIO,0,3,714,29,0,0,223
mt,90956,JACIARA,14,270,7751,637,11,5,4880
mt,90964,NOVA NAZARÉ,2,18,590,25,0,1,377
mt,90980,SANTA CRUZ DO XINGU,1,9,870,13,1,1,215
mt,91006,CONQUISTA D OESTE,4,13,1060,24,0,1,524
mt,91022,VALE DE SÃO DOMINGOS,5,31,1283,35,1,0,597
mt,91049,SANTA RITA DO TRIVELATO,1,15,766,44,0,0,211
mt,91057,LUCIARA,5,18,759,78,0,1,464
mt,91081,IPIRANGA DO NORTE,1,31,1224,60,3,1,531
mt,91090,VILA BELA DA SANTÍSSIMA TRINDADE,3,72,3175,158,1,1,2221
mt,91103,ITANHANGÁ,1,66,1566,55,0,1,816
mt,91170,NOBRES,15,112,5380,177,0,0,2155
mt,91197,NORTELÂNDIA,4,62,1927,96,1,2,1674
mt,91219,NOSSA SENHORA DO LIVRAMENTO,12,136,2391,156,2,0,4213
mt,91294,POCONÉ,20,244,6304,252,5,3,9307
mt,91332,PONTE BRANCA,1,11,761,32,0,0,438
mt,91359,PORTO DOS GAÚCHOS,10,38,2121,75,1,0,651
mt,91391,POXORÉU,14,132,4879,372,2,4,4203
mt,91510,RONDONÓPOLIS,126,1819,41478,4477,43,66,40764
mt,91537,ROSÁRIO OESTE,16,154,5121,243,5,4,3681
mt,91553,SANTO ANTÔNIO DO LEVERGER,13,216,3986,352,3,1,5245
mt,91618,TESOURO,3,32,973,61,0,1,534
mt,91634,TORIXORÉU,7,40,1447,70,0,1,1185
mt,91677,VÁRZEA GRANDE,187,2896,51538,6234,108,47,59572
mt,91774,MIRASSOL D OESTE,8,107,6295,352,1,2,5175
mt,91812,PEDRA PRETA,11,78,4922,250,2,6,3159
mt,91839,SÃO FÉLIX DO ARAGUAIA,7,67,2573,132,1,3,1582
mt,91855,TANGARÁ DA SERRA,48,676,25046,1179,11,9,10204
mt,91898,JUSCIMEIRA,7,109,3385,214,0,4,2996
mt,91910,ÁGUA BOA,7,125,6433,261,3,2,2383
mt,91936,CANARANA,6,188,5520,216,2,7,2309
mt,91952,NOVA XAVANTINA,7,173,5448,312,6,7,3633
mt,91979,SANTA TEREZINHA,3,29,1397,50,2,2,1241
mt,91995,SÃO JOSÉ DO RIO CLARO,5,150,4487,192,1,3,1969
mt,98191,JUARA,36,234,11018,461,17,8,3688
mt,98310,JUÍNA,19,212,12766,492,11,5,6599
mt,98337,DENISE,3,24,2070,126,7,1,1641
mt,98612,ALTO TAQUARI,0,35,2365,78,0,0,834
mt,98639,ARAGUAIANA,1,13,1002,72,0,1,619
mt,98655,CAMPINÁPOLIS,8,40,3492,113,0,0,2086
mt,98671,COCALINHO,0,23,992,69,0,1,1467
mt,98698,ITAÚBA,3,22,1955,58,2,0,682
mt,98710,MARCELÂNDIA,3,82,5679,110,7,0,991
mt,98736,NOVA OLÍMPIA,5,92,2780,273,1,1,5333
mt,98752,NOVA CANAÃ DO NORTE,7,61,4260,80,2,1,1550
mt,98779,NOVO SÃO JOAQUIM,15,31,2820,50,0,0,926
mt,98795,NOVO HORIZONTE DO NORTE,1,14,1525,65,5,1,651
mt,98817,PEIXOTO DE AZEVEDO,10,158,7400,297,3,1,6005
mt,98833,PARANAÍTA,8,59,3991,99,6,0,1592
mt,98850,PORTO ALEGRE DO NORTE,9,31,2914,81,1,3,1397
mt,98876,PORTO ESPERIDIÃO,3,40,2557,127,1,2,2114
mt,98892,PRIMAVERA DO LESTE,19,439,14721,732,5,7,6307
mt,98914,RESERVA DO CABAÇAL,1,13,604,45,0,0,626
mt,98930,SORRISO,15,528,16188,699,13,9,9516
mt,98957,TERRA NOVA DO NORTE,8,120,3058,186,2,3,3115
mt,98973,VERA,9,82,3105,73,1,2,1330
mt,98990,VILA RICA,11,97,5943,274,2,5,2946
mt,99015,COMODORO,12,106,5812,213,6,2,2646
mt,99031,FIGUEIRÓPOLIS D OESTE,2,24,1501,57,0,1,567
mt,99058,GUARANTÃ DO NORTE,11,242,9410,210,14,8,3435
mt,99074,INDIAVAÍ,2,32,598,34,0,1,697
pa,04006,GOIANÉSIA DO PARÁ,16,209,5357,159,1,2,7453
pa,04014,ABAETETUBA,45,622,19608,1222,14,12,41624
pa,04022,TAILÂNDIA,16,217,9566,410,5,8,10427
pa,04030,ACARÁ,35,207,9526,408,1,5,8947
pa,04049,BOM JESUS DO TOCANTINS,13,68,2699,63,0,1,2622
pa,04057,AFUÁ,20,85,4940,194,1,3,4195
pa,04065,SÃO JOÃO DE PIRABAS,17,146,2674,168,0,1,5647
pa,04073,ALENQUER,34,172,13346,434,0,4,9440
pa,04081,TUCUMÃ,11,139,6503,267,0,4,6563
pa,04090,ALMEIRIM,5,139,3539,332,3,5,10238
pa,04103,MÃE DO RIO,17,127,6908,243,2,2,7538
pa,04111,ALTAMIRA,50,457,24501,769,9,26,11998
pa,04120,ELDORADO DOS CARAJÁS,8,151,3114,175,2,3,6399
pa,04138,ANAJÁS,25,62,5776,79,1,2,1601
pa,04146,SANTA LUZIA DO PARÁ,24,63,3996,64,4,2,4931
pa,04154,ANANINDEUA,185,4137,61863,17525,132,114,89162
pa,04162,PALESTINA DO PARÁ,3,37,1867,53,1,0,1717
pa,04170,AUGUSTO CORRÊA,29,624,7500,191,2,7,10361
pa,04189,IPIXUNA DO PARÁ,12,98,3597,85,0,2,5376
pa,04197,AVEIRO,6,38,2173,86,2,2,3651
pa,04200,JACAREACANGA,13,46,2396,23,1,1,1846
pa,04219,BAGRE,4,61,2114,69,0,2,3341
pa,04227,BRASIL NOVO,10,68,5913,87,3,5,1841
pa,04235,BAIÃO,7,150,3352,168,2,5,8666
pa,04243,SANTA BÁRBARA DO PARÁ,9,84,3025,260,5,2,4563
pa,04251,BARCARENA,17,556,10291,1497,30,16,23349
pa,04260,ÁGUA AZUL DO NORTE,4,69,2232,76,2,0,2297
pa,04278,BELÉM,913,22267,307106,81022,652,464,337382
pa,04286,TRAIRÃO,5,33,3483,84,0,0,1440
pa,04294,BENEVIDES,17,238,7792,774,15,7,11643
pa,04308,PAU D ARCO,6,81,1922,49,0,3,1701
pa,04316,BONITO,11,84,2851,72,0,5,3668
pa,04324,ULIANÓPOLIS,6,114,2880,109,1,1,4318
pa,04332,BRAGANÇA,39,798,15333,1013,9,17,29056
pa,04340,AURORA DO PARÁ,18,90,4129,192,0,6,5475
pa,04359,BREVES,34,283,10820,457,2,5,16120
pa,04367,TERRA SANTA,5,33,2416,79,2,2,4057
pa,04375,BUJARU,11,82,4019,156,2,2,6307
pa,04383,NOVO PROGRESSO,8,245,6894,131,0,2,2463
pa,04391,CACHOEIRA DO ARARI,3,71,3109,203,1,2,5655
pa,04405,VITÓRIA DO XINGU,8,42,3029,84,1,2,2111
pa,04413,CAMETÁ,44,450,16486,789,8,17,32341
pa,04421,NOVO REPARTIMENTO,34,280,10914,250,4,10,12930
pa,04430,CAPANEMA,23,349,11469,928,4,10,19366
pa,04448,BREU BRANCO,12,196,6475,147,0,2,9941
pa,04456,CAPITÃO POÇO,25,238,11598,433,4,5,9309
pa,04464,SÃO DOMINGOS DO ARAGUAIA,7,154,4176,147,1,4,4964
pa,04472,CASTANHAL,51,1123,31992,2986,30,21,34087
pa,04480,NOVA ESPERANÇA DO PIRIÁ,24,52,3615,63,0,1,3484
pa,04499,CHAVES,21,59,3757,107,1,0,2284
pa,04502,ABEL FIGUEIREDO,10,39,1933,34,1,2,1840
pa,04510,COLARES,6,60,1936,217,5,1,3295
pa,04529,CUMARU DO NORTE,3,38,1506,40,0,0,1198
pa,04537,CONCEIÇÃO DO ARAGUAIA,32,310,10183,539,7,9,9270
pa,04545,TERRA ALTA,7,67,1919,107,1,1,3601
pa,04553,CURRALINHO,10,76,2406,87,0,4,6413
pa,04561,FLORESTA DO ARAGUAIA,19,85,3304,78,4,5,3550
pa,04570,CURUÇÁ,9,114,3368,246,1,2,13151
pa,04588,BANNACH,5,18,1081,23,1,1,710
pa,04596,FARO,0,28,632,57,3,1,2799
pa,04600,NOVA IPIXUNA,9,112,3801,72,0,3,2963
pa,04618,GURUPÁ,15,56,3244,73,0,1,5062
pa,04626,PLACAS,15,46,5073,74,0,2,1518
pa,04634,IGARAPÉ-AÇU,23,193,5653,444,1,8,10726
pa,04642,MARITUBA,42,602,13135,2535,27,20,22329
pa,04650,IGARAPÉ-MIRI,22,314,8275,357,8,7,18504
pa,04669,TRACUATEUA,11,157,3375,125,4,5,8804
pa,04677,INHANGAPI,6,42,2541,74,1,1,2278
pa,04685,QUATIPURU,6,57,2724,154,1,4,2636
pa,04693,IRITUIA,11,182,5397,285,8,10,9436
pa,04707,CANAÃ DOS CARAJÁS,12,118,4519,217,9,5,4364
pa,04715,ITAITUBA,60,364,22446,1059,18,13,15866
pa,04723,ANAPU,13,57,5796,33,0,4,1585
pa,04731,ITUPIRANGA,29,285,6114,194,3,11,11524
pa,04740,CURUÁ,8,24,2541,59,2,1,2615
pa,04758,JACUNDÁ,27,304,11971,401,4,1,10731
pa,04766,CACHOEIRA DO PIRIÁ,9,59,2937,61,0,1,3805
pa,04774,JURUTI,20,76,5992,185,0,5,7023
pa,04782,PIÇARRA,16,74,2886,36,2,0,2215
pa,04790,LIMOEIRO DO AJURU,12,118,3409,94,0,0,6495
pa,04804,BELTERRA,5,56,3849,140,1,1,4535
pa,04812,MAGALHÃES BARATA,5,40,1713,84,0,2,2820
pa,04820,SÃO JOÃO DA PONTA,2,37,899,52,0,0,1737
pa,04839,MARABÁ,65,1460,31918,3165,22,24,46535
pa,04847,SAPUCAIA,5,36,1372,35,2,1,725
pa,04855,MARACANÃ,13,135,4871,435,2,3,7455
pa,04871,MARAPANIM,13,166,5189,361,3,3,7711
pa,04898,MELGAÇO,6,51,3193,76,1,2,2403
pa,04910,MOCAJUBA,5,129,3429,169,2,2,8755
pa,04936,MOJU,22,181,8326,281,3,6,16623
pa,04952,MONTE ALEGRE,28,151,16091,479,2,4,11107
pa,04979,MUANÁ,12,123,3449,108,1,3,8349
pa,04995,NOVA TIMBOTEUA,14,64,2565,118,1,3,4479
pa,05010,ÓBIDOS,5,143,5427,311,2,4,14610
pa,05037,OEIRAS DO PARÁ,15,117,3960,73,0,1,6383
pa,05053,ORIXIMINÁ,23,189,10537,651,1,7,14570
pa,05070,OURÉM,8,121,3104,200,2,6,4927
pa,05096,PARAGOMINAS,25,355,16796,515,9,11,20491
pa,05118,PEIXE-BOI,12,57,1871,94,7,3,2813
pa,05134,PONTA DE PEDRAS,15,105,3100,204,10,2,6778
pa,05150,PORTEL,26,188,7617,239,3,3,7384
pa,05177,PORTO DE MOZ,18,90,5948,84,3,2,2915
pa,05193,PRAINHA,10,59,5570,90,9,2,6251
pa,05215,PRIMAVERA,9,55,2721,125,0,1,3041
pa,05231,SALINÓPOLIS,15,178,6352,558,8,2,9595
pa,05258,SALVATERRA,9,69,2820,156,1,0,5711
pa,05274,SANTA CRUZ DO ARARI,1,21,1106,31,0,0,2339
pa,05290,SANTA IZABEL DO PARÁ,37,327,8386,927,18,6,13496
pa,05312,SANTA MARIA DO PARÁ,10,145,4808,198,4,2,6425
pa,05339,SANTANA DO ARAGUAIA,11,139,6065,211,0,3,4382
pa,05355,SANTARÉM,96,1976,71459,6147,124,41,57533
pa,05371,SANTARÉM NOVO,4,20,1301,61,0,1,1957
pa,05398,SANTO ANTÔNIO DO TAUÁ,16,168,4776,290,5,3,7482
pa,05410,SÃO CAETANO DE ODIVELAS,7,77,2839,193,0,4,5511
pa,05436,SÃO DOMINGOS DO CAPIM,31,182,5705,286,0,5,6486
pa,05452,SÃO FÉLIX DO XINGU,20,188,9167,371,3,4,7917
pa,05479,SÃO FRANCISCO DO PARÁ,9,76,3551,145,0,0,3968
pa,05495,SÃO JOÃO DO ARAGUAIA,13,93,2266,97,1,2,3412
pa,05517,SÃO MIGUEL DO GUAMÁ,18,320,8360,341,5,11,11778
pa,05533,SÃO SEBASTIÃO DA BOA VISTA,13,62,2824,96,1,1,6588
pa,05550,SENADOR JOSÉ PORFÍRIO,2,31,2585,58,2,2,2236
pa,05576,SOURE,8,104,2200,285,1,3,8727
pa,05592,TOMÉ-AÇU,25,245,6581,295,9,3,15285
pa,05614,TUCURUÍ,25,602,13677,1088,30,11,29785
pa,05630,VIGIA,8,283,5930,698,6,5,14317
pa,05657,VISEU,19,242,6107,232,4,8,15439
pa,05673,REDENÇÃO,124,390,16479,729,7,23,15769
pa,05690,RIO MARIA,12,111,4286,182,7,3,3703
pa,05711,XINGUARA,23,246,8349,327,3,1,7201
pa,05738,RONDON DO PARÁ,16,268,7880,339,5,3,10288
pa,05754,URUARÁ,36,141,12078,224,3,6,3545
pa,05770,MEDICILÂNDIA,16,103,8019,97,2,5,2366
pa,05797,SÃO GERALDO DO ARAGUAIA,10,232,5859,175,3,0,6349
pa,05819,CONCÓRDIA DO PARÁ,18,106,4930,118,3,6,5712
pa,05835,PARAUAPEBAS,43,735,17351,1774,20,15,32164
pa,05851,CURIONÓPOLIS,11,101,2566,135,2,2,5203
pa,05878,GARRAFÃO DO NORTE,29,96,6167,120,0,7,4888
pa,05894,RURÓPOLIS,13,80,6622,227,2,9,3637
pa,05916,PACAJÁ,32,138,9116,97,4,6,4329
pa,05932,BREJO GRANDE DO ARAGUAIA,6,40,1867,54,2,2,1883
pa,05959,OURILÂNDIA DO NORTE,14,94,3405,172,2,2,4274
pa,05975,DOM ELISEU,13,186,5644,250,1,5,11633
pa,05991,SANTA MARIA DAS BARREIRAS,25,67,2701,63,0,2,2658
pb,19003,RIACHÃO DO POÇO,3,20,693,53,0,2,1851
pb,19011,ÁGUA BRANCA,5,92,898,82,0,0,3062
pb,19020,SOBRADO,4,59,1108,83,0,3,2640
pb,19038,AGUIAR,1,36,459,59,1,1,2826
pb,19046,SÃO JOSÉ DOS RAMOS,8,31,870,29,0,3,1924
pb,19054,ALAGOA GRANDE,25,363,3849,421,5,9,9332
pb,19062,CAPIM,2,39,968,39,0,7,1806
pb,19070,ALAGOA NOVA,19,327,3114,275,7,11,6501
pb,19089,CUITÉ DE MAMANGUAPE,3,28,782,53,0,3,2714
pb,19097,ALAGOINHA,16,109,1312,97,2,5,5225
pb,19100,CURRAL DE CIMA,6,61,1235,54,1,7,1781
pb,19119,ALHANDRA,10,142,2783,202,2,4,7101
pb,19127,RIACHÃO DO BACAMARTE,6,57,637,61,0,1,1711
pb,19135,SÃO JOÃO DO RIO DO PEIXE,18,123,1584,249,2,9,7835
pb,19143,MATINHAS,6,34,754,28,1,3,1658
pb,19151,ARAÇAGI,9,128,1941,152,4,5,6211
pb,19160,LOGRADOURO,4,24,647,41,1,0,1420
pb,19178,ARARA,4,68,1253,129,0,17,4330
pb,19186,SERTÃOZINHO,3,46,780,110,0,2,1385
pb,19194,ARARUNA,20,134,3332,251,7,4,5171
pb,19208,RIACHÃO,3,24,598,43,0,2,1329
pb,19216,AREIA,11,337,3049,512,6,94,8114
pb,19224,SÃO DOMINGOS DO CARIRI,7,12,818,40,0,1,820
pb,19232,AREIAL,10,76,1229,53,1,3,2344
pb,19240,CARAÚBAS,5,23,635,47,0,2,1635
pb,19259,AROEIRAS,19,189,3675,251,4,2,5620
pb,19267,SANTO ANDRÉ,7,23,469,58,0,0,1195
pb,19275,DAMIÃO,5,21,707,32,1,3,1796
pb,19283,SOSSÊGO,5,44,567,61,5,3,1121
pb,19291,BAIA DA TRAIÇÃO,7,31,434,74,1,5,2902
pb,19305,BARAÚNAS,3,24,428,40,2,3,1667
pb,19313,BANANEIRAS,23,216,3433,281,9,22,7470
pb,19321,ASSUNÇÃO,11,102,727,40,1,1,1274
pb,19330,BARRA DE SANTA ROSA,12,105,2588,95,2,4,4275
pb,19348,ZABELÊ,1,21,344,20,0,8,852
pb,19356,BARRA DE SÃO MIGUEL,3,41,719,94,1,1,2298
pb,19364,CACIMBAS,7,51,805,22,1,3,2107
pb,19372,BAYEUX,44,647,10307,2635,24,20,37546
pb,19380,CAJAZEIRINHAS,8,25,515,38,1,1,2005
pb,19399,BELÉM,14,146,2708,236,1,14,5638
pb,19402,SÃO BENTINHO,9,29,663,55,0,2,1436
pb,19410,BELÉM DO BREJO DO CRUZ,10,43,649,56,1,0,2971
pb,19429,SÃO DOMINGOS DE POMBAL,9,16,446,33,1,1,1695
pb,19437,BOA VENTURA,4,53,570,56,1,1,2506
pb,19445,SÃO JOSÉ DE PRINCESA,3,38,228,33,0,2,1643
pb,19453,BOM JESUS,2,24,273,33,0,2,1259
pb,19461,MARIZÓPOLIS,8,54,547,121,1,2,3121
pb,19470,BOM SUCESSO,4,61,593,53,0,1,2492
pb,19488,MATO GROSSO,0,8,201,10,0,0,1341
pb,19496,BONITO DE SANTA FÉ,5,169,1158,162,0,1,3341
pb,19500,BERNARDINO BATISTA,2,16,324,29,1,0,1317
pb,19518,BOQUEIRÃO,17,158,2988,221,4,5,6207
pb,19526,POÇO DE JOSÉ DE MOURA,4,46,429,71,0,0,2233
pb,19534,IGARACY,6,54,566,89,0,2,2772
pb,19542,SÃO JOSÉ DO BREJO CRUZ,0,10,259,39,1,1,829
pb,19550,BORBOREMA,3,49,968,90,0,1,1518
pb,19569,SANTA INÊS,5,35,620,25,1,0,1677
pb,19577,BREJO DO CRUZ,11,96,1813,111,0,4,4441
pb,19585,AMPARO,2,25,192,35,2,2,1180
pb,19593,BREJO DOS SANTOS,3,31,1147,38,0,0,2673
pb,19607,CASSERENGUE,3,39,1033,35,0,16,2450
pb,19615,CAAPORÃ,12,180,1705,157,0,5,8868
pb,19623,GADO BRAVO,17,81,1800,113,3,4,2429
pb,19631,CABACEIRAS,7,61,916,104,3,0,2114
pb,19640,POÇO DANTAS,3,31,247,26,1,3,1818
pb,19658,CABEDELO,33,757,6263,2009,16,19,17400
pb,19666,SANTARÉM,0,17,399,62,0,1,1191
pb,19674,CACHOEIRA DOS ÍNDIOS,4,70,715,100,1,1,4053
pb,19682,TENÓRIO,4,27,528,33,2,2,1007
pb,19690,CACIMBA DE AREIA,6,32,336,31,2,1,1565
pb,19704,COXIXOLA,1,18,262,20,0,1,719
pb,19712,CACIMBA DE DENTRO,21,163,3327,200,1,5,5332
pb,19720,PARARI,3,15,433,33,2,0,747
pb,19739,CAIÇARA,3,52,1200,115,0,1,2914
pb,19747,PEDRO RÉGIS,6,49,824,47,3,5,1719
pb,19755,CAJAZEIRAS,39,469,6294,1055,12,10,20619
pb,19763,ALCANTIL,2,41,1236,72,1,1,1579
pb,19771,CALDAS BRANDÃO,4,53,646,65,4,0,2322
pb,19780,BARRA DE SANTANA,10,123,1767,147,2,0,2682
pb,19798,CAMALAÚ,9,41,574,45,1,3,2584
pb,19801,CATURITÉ,4,66,765,88,0,0,1873
pb,19810,CAMPINA GRANDE,309,7827,81205,10637,163,101,105435
pb,19828,RIACHO DE SANTO ANTÔNIO,0,9,564,35,1,0,639
pb,19836,CARRAPATEIRA,2,11,100,6,0,0,1264
pb,19844,APARECIDA,12,56,1196,59,1,4,2836
pb,19852,CATINGUEIRA,6,36,797,76,0,0,1733
pb,19860,SÃO FRANCISCO,7,45,635,39,1,1,1796
pb,19879,CATOLÉ DO ROCHA,10,205,3411,315,3,3,11187
pb,19887,VIEIRÓPOLIS,9,47,716,82,2,0,2325
pb,19895,CONCEIÇÃO,10,188,1616,186,4,4,6986
pb,19909,AREIA DE BARAÚNAS,6,23,381,16,1,1,737
pb,19917,CONDADO,7,65,771,81,0,2,3049
pb,19925,ALGODÃO DE JANDAIRA,3,32,289,26,0,0,1288
pb,19933,CONDE,12,99,1585,245,8,3,6420
pb,19941,BOA VISTA,4,104,1629,104,3,1,2041
pb,19950,CONGO,7,38,496,36,0,1,2336
pb,19968,MARCAÇÃO,2,48,717,35,0,3,2437
pb,19976,COREMAS,25,107,1330,237,0,5,6083
pb,19984,MATURÉIA,4,60,594,33,2,1,2371
pb,19992,CRUZ DO ESPÍRITO SANTO,4,111,1858,151,2,6,6824
pb,20001,SANTA CECILIA DE UMBUZEIRO,9,77,1788,42,0,2,1784
pb,20010,CUBATI,14,68,1305,190,39,5,2322
pb,20036,CUITÉ,6,209,2959,295,2,5,6857
pb,20052,CUITEGI,8,66,936,64,0,2,2404
pb,20079,CURRAL VELHO,7,23,526,28,0,0,750
pb,20095,DESTERRO,5,67,1245,66,2,3,3016
pb,20117,VISTA SERRANA,4,22,644,36,0,0,1095
pb,20133,DIAMANTE,5,56,447,69,0,4,2802
pb,20150,DONA INÊS,10,73,1910,136,4,0,3468
pb,20176,DUAS ESTRADAS,2,34,680,90,0,4,1488
pb,20192,EMAS,7,27,808,25,0,2,1290
pb,20214,ESPERANÇA,17,355,4544,379,7,10,10727
pb,20230,FAGUNDES,14,142,2238,108,2,7,3912
pb,20257,FREI MARTINHO,2,18,670,53,0,2,1201
pb,20273,GUARABIRA,25,611,7589,1060,4,11,18273
pb,20290,GURINHÉM,10,101,2102,117,0,1,4974
pb,20311,GURJÃO,12,44,655,74,0,1,1271
pb,20338,IBIARA,9,87,633,73,1,2,2516
pb,20354,IMACULADA,7,96,1574,48,2,7,3531
pb,20370,INGÁ,11,114,1662,261,6,20,6798
pb,20397,ITABAIANA,11,220,2531,444,8,5,10574
pb,20419,ITAPORANGA,11,157,2095,265,1,4,8214
pb,20435,ITAPOROROCA,11,84,2078,194,1,8,5411
pb,20451,ITATUBA,6,120,1668,114,3,8,3530
pb,20478,JACARAÚ,14,122,2426,190,0,10,4799
pb,20494,JERICÓ,6,37,764,93,1,5,3707
pb,20516,JOÃO PESSOA,391,13588,93451,32982,260,275,204367
pb,20532,JUAREZ TAVORA,6,104,889,94,1,18,3081
pb,20559,JUAZEIRINHO,19,173,1828,216,3,5,5993
pb,20575,JUNCO DO SERIDÓ,12,92,1258,138,1,2,2194
pb,20591,JURIPIRANGA,4,86,1346,79,0,2,4399
pb,20613,JURU,6,101,796,55,2,3,3643
pb,20630,LAGOA,3,51,435,37,2,2,2387
pb,20656,LAGOA DE DENTRO,8,70,1006,154,13,0,2638
pb,20672,LAGOA SECA,28,284,5180,299,7,8,7027
pb,20699,LASTRO,2,26,296,14,0,0,1994
pb,20710,LIVRAMENTO,14,50,1063,52,0,1,2537
pb,20737,LUCENA,16,98,1003,186,3,3,4628
pb,20753,MÃE D ÁGUA,2,35,645,16,0,2,1647
pb,20770,MALTA,4,57,808,75,0,1,2257
pb,20796,MAMANGUAPE,27,267,6283,694,4,12,12457
pb,20818,MANAÍRA,12,89,616,72,0,4,4240
pb,20834,MARI,10,155,2428,258,3,19,7338
pb,20850,MASSARANDUBA,22,84,2328,115,5,2,3791
pb,20877,MATARACA,6,60,870,138,0,1,2919
pb,20893,MOGEIRO,10,56,1971,85,11,2,4434
pb,20915,MONTADAS,6,47,966,45,2,3,1536
pb,20931,MONTE HOREBE,3,29,319,46,0,1,1882
pb,20958,MONTEIRO,21,426,2937,356,4,4,11539
pb,20974,MULUNGU,13,88,1228,136,0,3,4285
pb,20990,NATUBA,17,126,1273,57,6,3,2770
pb,21016,NAZAREZINHO,8,75,757,94,2,1,3393
pb,21032,NOVA FLORESTA,11,88,2172,160,0,1,2578
pb,21059,NOVA OLINDA,5,42,602,40,0,2,2343
pb,21075,NOVA PALMEIRA,9,38,876,33,0,3,1331
pb,21091,OLHO D ÁGUA,14,77,1354,71,0,4,2933
pb,21113,OLIVEDOS,2,36,599,85,2,2,1460
pb,21130,OURO VELHO,3,40,542,50,0,0,1433
pb,21156,PASSAGEM,4,20,461,16,1,1,865
pb,21172,PATOS,43,910,13979,1334,26,19,30586
pb,21199,PAULISTA,8,119,1733,97,0,3,4224
pb,21210,PEDRA BRANCA,5,44,639,75,0,1,1465
pb,21237,PEDRA LAVRADA,5,77,1970,109,4,0,2166
pb,21253,PEDRAS DE FOGO,29,179,3003,232,3,7,11054
pb,21270,PIANCÓ,24,113,2456,130,1,7,5955
pb,21296,PICUÍ,20,160,3018,271,1,6,6457
pb,21318,PILAR,9,95,1179,137,1,2,4839
pb,21334,PILÕES,14,65,1527,86,0,13,2487
pb,21350,PILÕEZINHOS,7,55,989,50,2,10,1930
pb,21377,PIRPIRITUBA,2,78,1759,121,0,12,3129
pb,21393,PITIMBU,4,91,1089,114,2,5,4916
pb,21415,POCINHOS,10,244,3663,240,1,3,4985
pb,21431,POMBAL,26,280,4400,411,4,5,11701
pb,21458,PRATA,5,45,589,99,1,2,1733
pb,21474,PRINCESA ISABEL,17,236,2650,337,0,5,6345
pb,21490,PUXINANÃ,10,120,2275,127,1,3,4465
pb,21512,QUEIMADAS,25,455,6801,606,11,10,11678
pb,21539,QUIXABÁ,4,23,444,22,0,2,659
pb,21555,REMÍGIO,13,117,1886,260,1,8,6528
pb,21571,RIACHO DOS CAVALOS,6,27,998,87,3,1,3918
pb,21598,RIO TINTO,9,140,2714,280,1,6,8946
pb,21610,SALGADINHO,4,38,580,19,2,4,1066
pb,21636,SALGADO DE SÃO FÉLIX,12,76,1433,99,208,1,4269
pb,21652,SANTA CRUZ,6,55,593,65,0,1,3282
pb,21679,SANTA HELENA,7,60,596,58,1,0,2804
pb,21695,SANTA LUZIA,19,228,3877,243,2,7,3991
pb,21717,SANTANA DE MANGUEIRA,5,52,361,29,4,3,2630
pb,21733,SANTANA DOS GARROTES,12,72,1087,78,2,2,2815
pb,21750,SANTA RITA,55,910,14252,2616,27,47,40321
pb,21776,SANTA TERESINHA,4,67,1021,72,1,1,1742
pb,21792,SÃO BENTO,20,190,6296,289,9,2,8732
pb,21814,SÃO JOÃO DO CARIRI,5,53,890,76,0,1,1762
pb,21830,SÃO JOÃO DO TIGRE,7,51,532,28,1,0,1600
pb,21857,SÃO JOSÉ DA LAGOA TAPADA,11,91,1077,84,1,2,3154
pb,21873,SÃO JOSÉ DE CAIANA,5,75,502,52,1,1,2155
pb,21890,SÃO JOSÉ DE ESPINHARAS,5,59,776,37,0,2,2117
pb,21911,SÃO JOSÉ DE PIRANHAS,11,120,1276,148,1,6,8116
pb,21938,SÃO JOSÉ DO BONFIM,3,26,574,48,0,3,1484
pb,21954,SÃO JOSÉ DO SABUGI,3,35,1122,77,0,2,1326
pb,21970,SÃO JOSÉ DOS CORDEIROS,4,34,526,42,0,0,1778
pb,21997,SÃO MAMEDE,3,80,2122,81,0,1,2700
pb,22012,SÃO MIGUEL DE TAIPU,0,46,871,30,1,3,2452
pb,22039,SÃO SEBASTIÃO DE LAGOA DE ROÇA,16,113,2259,122,7,5,3271
pb,22055,SÃO SEBASTIÃO DO UMBUZEIRO,4,33,333,41,0,0,1454
pb,22071,SAPÉ,34,381,5251,586,2,22,17238
pb,22098,SÃO VICENTE DO SERIDÓ,9,84,1498,114,1,2,3261
pb,22110,SERRA BRANCA,19,128,2176,196,2,2,4312
pb,22136,SERRA DA RAIZ,6,36,673,49,1,11,1139
pb,22152,SERRA GRANDE,5,37,365,66,1,0,1359
pb,22179,SERRA REDONDA,6,66,1045,76,0,9,2961
pb,22195,SERRARIA,6,85,798,99,2,31,2298
pb,22217,SOLÂNEA,26,323,5228,400,3,57,7921
pb,22233,SOLEDADE,20,183,2777,232,5,12,4070
pb,22250,SOUSA,106,603,6421,947,10,13,24044
pb,22276,SUMÉ,8,186,1422,185,4,2,6691
pb,22292,CAMPO DE SANTANA,8,54,1380,91,3,2,3210
pb,22314,TAPEROÁ,13,158,2523,99,2,5,4285
pb,22330,TAVARES,15,104,1299,67,2,5,4621
pb,22357,TEIXEIRA,15,103,2035,103,3,2,4636
pb,22373,TRIUNFO,14,74,773,95,0,2,3688
pb,22390,UIRAÚNA,13,150,1513,258,5,2,5757
pb,22411,UMBUZEIRO,10,79,1961,74,0,3,2668
pb,22438,VÁRZEA,2,48,576,37,1,0,1046
pe,23000,QUIXABA,11,61,178,18,0,1,3068
pe,23019,AFOGADOS DA INGAZEIRA,29,268,4224,188,7,7,11383
pe,23027,LAGOA DO CARRO,14,92,2620,91,0,5,5193
pe,23035,AFRÂNIO,15,109,964,75,5,9,8301
pe,23043,SANTA CRUZ DA BAIXA VERDE,3,93,386,59,1,4,5964
pe,23051,AGRESTINA,8,204,1666,173,6,5,9453
pe,23060,XEXÉU,11,79,1291,130,4,2,4699
pe,23078,ÁGUA PRETA,30,162,2274,274,2,9,9678
pe,23086,VERTENTE DO LÉRIO,8,53,1278,35,1,4,2768
pe,23094,ÁGUAS BELAS,45,284,4233,139,2,12,13542
pe,23108,SANTA CRUZ,31,65,1000,97,1,3,5333
pe,23116,ALAGOINHA,9,100,2167,68,1,2,4557
pe,23124,JUCATI,8,88,581,63,0,4,4588
pe,23132,ALIANÇA,17,285,2850,290,6,17,13967
pe,23140,DORMENTES,14,121,1948,71,1,4,6469
pe,23159,ALTINHO,33,190,2903,153,2,3,7282
pe,23167,CARNAUBEIRA DA PENHA,18,121,382,54,1,13,5194
pe,23175,AMARAJI,14,161,2352,190,6,11,7509
pe,23183,LAGOA GRANDE,16,105,1432,116,1,5,8925
pe,23191,ANGELIM,5,65,1960,53,3,0,3322
pe,23205,ARAÇOIABA,6,111,1874,84,2,3,7017
pe,23213,ARARIPINA,51,467,6532,518,3,12,25065
pe,23221,CASINHAS,13,118,1148,83,1,2,5370
pe,23230,ARCOVERDE,19,567,6243,566,8,16,22774
pe,23248,MANARI,20,89,1186,35,0,3,4519
pe,23256,BARRA DE GUABIRABA,15,110,1251,49,2,4,4295
pe,23264,JATOBÁ,1,116,848,159,1,15,6211
pe,23272,BARREIROS,28,269,3449,572,11,20,14821
pe,23280,TAMANDARÉ,10,110,1978,193,4,7,6407
pe,23299,BELÉM DE MARIA,6,72,1178,110,1,3,4031
pe,23302,JAQUEIRA,8,78,1979,45,1,5,3404
pe,23310,BELÉM DE SÃO FRANCISCO,16,179,1325,193,3,7,8328
pe,23329,SANTA FILOMENA,11,81,1492,106,2,4,4412
pe,23337,BELO JARDIM,49,434,10645,600,6,22,24077
pe,23353,BETÂNIA,13,75,384,24,0,4,4697
pe,23370,BEZERROS,24,514,7194,550,12,15,20247
pe,23396,BODOCÓ,32,173,4468,154,1,5,10183
pe,23418,BOM CONSELHO,29,354,2768,314,5,14,15750
pe,23434,BOM JARDIM,34,242,5847,219,8,14,11680
pe,23450,BONITO,44,321,2824,196,5,15,14485
pe,23477,BREJÃO,11,67,876,64,5,1,4480
pe,23493,BREJINHO,3,60,503,32,1,1,3205
pe,23515,BREJO DA MADRE DE DEUS,22,258,5093,286,64,30,11005
pe,23531,BUENOS AIRES,4,95,1229,78,3,9,5419
pe,23558,BUÍQUE,40,576,1805,129,6,29,16860
pe,23574,CABO DE SANTO AGOSTINHO,56,1159,16447,2749,21,53,74516
pe,23590,CABROBÓ,27,137,2086,182,31,10,11512
pe,23612,CACHOEIRINHA,30,81,2435,117,4,13,6868
pe,23639,CAETÉS,25,113,1407,73,0,8,8413
pe,23655,CALÇADO,11,49,921,73,1,3,3564
pe,23671,CALUMBI,11,36,206,58,1,2,3364
pe,23698,CAMOCIM DE SÃO FÉLIX,26,162,1119,92,34,5,7133
pe,23710,CAMUTANGA,8,64,1035,123,2,5,3522
pe,23736,CANHOTINHO,36,115,3305,157,5,6,7344
pe,23752,CAPOEIRAS,11,104,1760,135,1,8,7397
pe,23779,CARNAÍBA,43,81,1967,38,4,4,6624
pe,23795,CARPINA,40,443,13035,884,11,32,19712
pe,23817,CARUARU,112,2311,40507,3025,41,91,86905
pe,23833,CATENDE,30,180,2449,506,4,7,12754
pe,23850,CEDRO,8,76,801,92,1,5,4130
pe,23876,CHÃ DE ALEGRIA,8,70,1031,76,4,5,5273
pe,23892,CHÃ GRANDE,17,164,3636,139,2,16,5649
pe,23914,CONDADO,11,142,1942,149,3,2,8880
pe,23930,CORRENTES,12,87,909,85,0,3,6692
pe,23957,CORTÊS,9,130,1305,221,8,9,5811
pe,23973,CUMARU,37,89,1706,102,1,13,7218
pe,23990,CUPIRA,15,196,1345,246,5,8,9112
pe,24015,CUSTÓDIA,37,252,1724,110,2,6,13057
pe,24031,ESCADA,24,332,6730,1021,6,26,24009
pe,24058,EXU,45,319,3068,239,5,12,11826
pe,24074,FEIRA NOVA,22,179,2595,170,3,6,7312
pe,24090,FERREIROS,20,75,1363,150,1,1,4367
pe,24112,FLORES,13,123,1116,75,2,3,8936
pe,24139,FLORESTA,22,262,1359,176,6,9,12409
pe,24155,FREI MIGUELINHO,16,78,2486,102,6,4,4774
pe,24171,GAMELEIRA,15,139,1766,181,2,9,7685
pe,24198,GARANHUNS,58,838,6253,1124,14,28,48252
pe,24210,GLÓRIA DO GOITÁ,21,209,3361,120,4,9,9213
pe,24236,GOIANA,19,449,5367,909,3,28,32062
pe,24252,GRANITO,5,36,376,43,0,0,2715
pe,24279,GRAVATÁ,46,704,13317,1004,18,42,19333
pe,24295,IATI,9,118,842,102,2,6,7269
pe,24317,IBIMIRIM,12,165,899,97,1,5,10218
pe,24333,IBIRAJUBA,14,52,905,58,1,2,2641
pe,24350,IGARASSU,41,663,9242,1540,12,42,33270
pe,24376,IGUARACI,20,81,1288,46,3,2,4155
pe,24392,INAJÁ,6,113,417,175,2,2,5469
pe,24414,INGAZEIRA,6,26,345,22,0,1,1800
pe,24430,IPOJUCA,30,377,7408,842,11,29,26008
pe,24457,IPUBI,16,155,1992,149,2,5,8633
pe,24473,ITACURUBA,3,32,215,59,1,0,2168
pe,24490,ITAÍBA,22,208,2807,133,4,5,7872
pe,24511,ITAMARACÁ,9,192,2227,375,3,23,7468
pe,24538,ITAPETIM,26,83,727,46,1,3,6480
pe,24554,ITAQUITINGA,9,98,936,119,2,1,6892
pe,24570,JABOATÃO DOS GUARARAPES,242,6123,66711,18077,229,842,196633
pe,24597,JATAÚBA,13,67,2864,52,32,2,4814
pe,24619,JOÃO ALFREDO,48,192,3413,215,3,18,10127
pe,24635,JOAQUIM NABUCO,27,69,1260,142,1,3,6025
pe,24651,JUPI,13,67,658,98,3,7,5423
pe,24678,JUREMA,9,72,1238,56,5,12,4979
pe,24694,LAGOA DE ITAENGA,17,104,4378,122,2,3,6564
pe,24716,LAGOA DO OURO,10,97,1072,33,2,1,4916
pe,24732,LAGOA DOS GATOS,26,107,1217,126,3,5,5574
pe,24759,LAJEDO,37,318,5141,356,5,19,12046
pe,24775,LIMOEIRO,29,522,8463,792,8,32,19679
pe,24791,MACAPARANA,12,235,2388,162,3,9,8783
pe,24813,MACHADOS,8,87,1197,85,2,5,4410
pe,24830,MARAIAL,17,104,1415,165,1,3,4055
pe,24856,MIRANDIBA,8,101,1464,93,0,8,5259
pe,24872,MORENO,19,512,6641,1100,19,29,18656
pe,24899,NAZARÉ DA MATA,16,275,5374,510,5,5,10278
pe,24910,OLINDA,152,6525,46818,13771,125,553,157610
pe,24937,OROBÓ,24,164,2742,109,1,3,7560
pe,24953,OROCÓ,21,92,2083,98,3,2,4174
pe,24970,OURICURI,54,368,5372,392,2,16,18617
pe,24996,PALMARES,45,375,4802,1173,15,10,21115
pe,25011,PALMEIRINA,7,70,311,48,0,6,3771
pe,25038,PANELAS,43,156,5443,88,3,7,6095
pe,25054,PARANATAMA,11,79,540,36,4,4,5225
pe,25070,PARNAMIRIM,8,116,1502,114,9,3,8820
pe,25097,PASSIRA,33,229,2801,199,5,17,11210
pe,25119,PAUDALHO,26,287,9552,518,8,24,11647
pe,25135,PAULISTA,100,2970,28790,9228,55,270,97012
pe,25151,PEDRA,13,234,1804,162,2,11,8081
pe,25178,PESQUEIRA,44,540,4507,490,75,22,24471
pe,25194,PETROLÂNDIA,13,149,2074,275,2,37,12508
pe,25216,PETROLINA,84,2265,22607,3523,28,74,80457
pe,25232,POÇÃO,18,99,1239,69,6,5,4296
pe,25259,POMBOS,8,145,2938,165,1,9,8272
pe,25275,PRIMAVERA,4,65,1523,206,0,4,4244
pe,25291,QUIPAPÁ,27,150,1516,154,3,10,7124
pe,25313,RECIFE,584,34290,227913,58750,520,2486,518634
pe,25330,RIACHO DAS ALMAS,25,141,1868,110,14,3,7664
pe,25356,RIBEIRÃO,13,270,3146,507,70,20,15907
pe,25372,RIO FORMOSO,8,102,2699,199,4,8,8243
pe,25399,SAIRÉ,10,113,1196,105,3,5,5235
pe,25410,SALGADINHO,11,34,1234,44,0,2,2099
pe,25437,SALGUEIRO,51,336,7017,462,8,14,16749
pe,25453,SALOÁ,11,126,1094,61,2,4,6065
pe,25470,SANHARÓ,5,128,1176,130,4,5,7980
pe,25496,SANTA CRUZ DO CAPIBARIBE,20,384,12019,1042,138,25,19003
pe,25518,SANTA MARIA DA BOA VISTA,16,135,2736,110,0,17,14401
pe,25534,SANTA MARIA DO CAMBUCÁ,19,74,1933,110,7,1,4195
pe,25550,SANTA TEREZINHA,10,64,986,108,0,2,4009
pe,25577,SÃO BENEDITO DO SUL,16,67,1104,46,2,6,2668
pe,25593,SÃO BENTO DO UNA,31,278,4031,259,8,11,15329
pe,25615,SÃO CAITANO,68,250,3819,328,34,38,11903
pe,25631,SÃO JOÃO,17,111,768,92,1,12,9142
pe,25658,SÃO JOAQUIM DO MONTE,25,224,1548,188,1,4,8772
pe,25674,SÃO JOSÉ DA COROA GRANDE,13,99,1918,158,2,6,5176
pe,25690,SÃO JOSÉ DO BELMONTE,35,226,2493,139,6,7,12197
pe,25712,SÃO JOSÉ DO EGITO,38,207,2617,199,5,11,11108
pe,25739,SÃO LOURENÇO DA MATA,55,699,12592,2248,31,59,33386
pe,25755,SÃO VICENTE FERRER,24,124,1597,85,1,2,6241
pe,25771,SERRA TALHADA,32,516,3602,610,8,23,30104
pe,25798,SERRITA,7,108,2265,148,4,5,5970
pe,25810,SERTÂNIA,49,200,3929,261,6,9,11535
pe,25836,SIRINHAÉM,29,130,4094,312,3,77,13372
pe,25852,MOREILÂNDIA,9,99,650,70,1,3,4868
pe,25879,SOLIDÃO,4,43,258,46,0,0,2699
pe,25895,SURUBIM,36,349,6542,490,32,20,17929
pe,25917,TABIRA,18,158,1383,149,6,4,10817
pe,25933,TACAIMBÓ,9,87,1533,103,32,4,4599
pe,25950,TACARATU,7,130,1503,244,0,1,5499
pe,25976,ITAMBÉ,14,187,3926,212,5,14,10839
pe,25992,TAQUARITINGA DO NORTE,18,151,4225,329,25,5,6720
pe,26018,TEREZINHA,8,49,657,29,2,3,2871
pe,26034,TERRA NOVA,12,57,691,48,0,3,4376
pe,26050,TIMBAÚBA,17,400,5935,605,1,19,21955
pe,26077,TORITAMA,10,191,4167,274,30,10,7507
pe,26093,TRACUNHAÉM,9,75,1910,131,1,3,4791
pe,26115,TRINDADE,12,116,2215,127,1,6,8777
pe,26131,TRIUNFO,6,157,746,143,1,5,6876
pe,26158,TUPANATINGA,20,151,1481,89,2,8,6506
pe,26174,TUPARETAMA,7,75,523,49,2,0,4114
pe,26190,VENTUROSA,8,127,1246,90,1,0,6656
pe,26212,VERDEJANTE,13,46,1349,53,0,1,3506
pe,26239,VERTENTES,15,167,2840,194,35,6,5265
pe,26255,VICÊNCIA,22,222,2969,235,3,12,10374
pe,26271,VITÓRIA DE SANTO ANTÃO,68,1017,18033,1762,19,58,43018
pe,26298,CAMARAGIBE,52,1355,19369,4024,32,126,53151
pe,26310,ABREU E LIMA,40,702,9869,2123,7,53,43225
pe,26336,ITAPISSUMA,3,152,1811,218,2,6,9697
pe,30015,FERNANDO DE NORONHA,4,27,354,111,0,2,743
pi,10006,BRASILEIRA,2,46,1920,71,0,1,2037
pi,10014,AGRICOLÂNDIA,1,51,707,67,1,4,2585
pi,10022,ALEGRETE DO PIAUÍ,1,22,319,32,0,1,2234
pi,10030,ÁGUA BRANCA,9,131,1424,174,2,7,6413
pi,10049,BAIXA GRANDE DO RIBEIRO,9,51,1474,47,0,1,2538
pi,10057,ALTO LONGÁ,13,113,2136,86,1,5,4813
pi,10065,BOM PRINCÍPIO DO PIAUÍ,0,37,1259,33,1,2,2151
pi,10073,ALTOS,22,373,4555,313,9,19,15188
pi,10081,BONFIM DO PIAUÍ,2,44,247,32,1,4,2566
pi,10090,AMARANTE,10,181,1735,194,3,7,7464
pi,10103,BURITI DOS MONTES,4,80,793,58,0,0,3034
pi,10111,ANGICAL DO PIAUÍ,2,75,876,137,5,1,3547
pi,10120,CABECEIRAS DO PIAUÍ,7,67,801,63,1,5,4227
pi,10138,ANÍSIO DE ABREU,4,64,610,49,2,4,3679
pi,10146,CALDEIRÃO GRANDE DO PIAUÍ,1,45,1043,17,1,3,1934
pi,10154,ANTÔNIO ALMEIDA,5,25,775,32,1,1,1068
pi,10162,CANAVIEIRA,4,21,793,16,0,3,1226
pi,10170,AROAZES,4,38,614,24,1,3,2694
pi,10189,COIVARAS,2,50,950,61,1,4,1870
pi,10197,ARRAIAL,2,53,648,39,0,4,1828
pi,10200,COLÔNIA DO GURGUÉIA,4,25,504,29,0,1,2583
pi,10219,AVELINO LOPES,8,63,1260,34,3,2,4207
pi,10227,COLÔNIA DO PIAUÍ,3,49,392,25,0,3,3387
pi,10235,BARRAS,18,334,6330,370,2,12,11123
pi,10243,CORONEL JOSÉ DIAS,10,99,603,65,1,0,2517
pi,10251,BARREIRAS DO PIAUÍ,3,24,413,31,0,2,1424
pi,10260,FARTURA DO PIAUÍ,3,23,363,50,1,0,2590
pi,10278,BARRO DURO,3,72,965,91,1,6,2607
pi,10286,JACOBINA DO PIAUÍ,4,26,275,29,0,3,2884
pi,10294,BATALHA,22,168,4879,149,6,5,8048
pi,10308,JARDIM DO MULATO,3,43,498,53,3,2,1939
pi,10316,BENEDITINOS,9,153,1158,61,2,5,4569
pi,10324,LAGOA ALEGRE,9,90,1109,34,2,2,3314
pi,10332,BERTOLÍNIA,7,36,945,13,0,1,1755
pi,10340,LAGOA DO BARRO DO PIAUÍ,7,33,400,23,1,2,1892
pi,10359,BOCAINA,5,49,1524,75,2,4,2346
pi,10367,MARCOLÂNDIA,4,55,804,36,0,1,2823
pi,10375,BOM JESUS,8,148,3648,103,4,4,5385
pi,10383,PATOS DO PIAUÍ,9,109,1030,53,2,3,2232
pi,10391,BURITI DOS LOPES,14,157,4184,159,3,2,5289
pi,10405,PASSAGEM FRANCA DO PIAUÍ,4,34,329,21,0,2,1938
pi,10413,CAMPINAS DO PIAUÍ,7,72,1303,36,0,1,1806
pi,10421,QUEIMADA NOVA,2,44,569,29,0,1,3584
pi,10430,CAMPO MAIOR,33,484,6928,665,4,25,17329
pi,10448,SANTA CRUZ DOS MILAGRES,1,57,353,27,0,0,1610
pi,10456,CANTO DO BURITI,10,290,3343,86,4,9,6407
pi,10464,SANTA ROSA DO PIAUÍ,8,40,1059,9,0,3,1635
pi,10472,CAPITÃO DE CAMPOS,9,153,1861,128,1,3,3414
pi,10480,SANTANA DO PIAUÍ,3,50,403,51,1,4,2321
pi,10499,CARACOL,6,81,686,60,2,4,4174
pi,10502,SÃO BRAZ DO PIAUÍ,4,34,206,19,0,1,2172
pi,10510,CASTELO DO PIAUÍ,4,213,2437,151,2,8,7437
pi,10529,SÃO JOSÉ DO DIVINO,8,75,1049,28,0,0,2027
pi,10537,COCAL,16,190,5620,266,4,4,5628
pi,10545,SIGEFREDO PACHECO,12,51,1413,70,2,4,3550
pi,10553,CONCEIÇÃO DO CANINDÉ,1,46,715,51,1,4,1889
pi,10561,SÃO LOURENÇO DO PIAUÍ,2,56,427,54,2,4,2593
pi,10570,CORRENTE,22,208,3467,179,1,7,6785
pi,10588,VÁRZEA BRANCA,3,43,352,14,0,3,2088
pi,10596,CRISTALÂNDIA DO PIAUÍ,8,51,1258,32,2,1,2330
pi,10600,BARRA D ALCÂNTARA,3,15,657,86,1,2,1078
pi,10618,CRISTINO CASTRO,10,64,626,41,9,5,3756
pi,10626,BELA VISTA DO PIAUÍ,3,41,202,27,0,2,1764
pi,10634,CURIMATÁ,6,85,2114,97,0,5,3310
pi,10642,BREJO DO PIAUÍ,1,27,221,14,1,1,2088
pi,10650,DEMERVAL LOBÃO,7,96,1888,154,3,3,4984
pi,10669,BOA HORA,4,50,1233,53,2,0,1846
pi,10677,DOM EXPEDITO LOPES,4,79,938,54,0,3,3228
pi,10685,DOM INOCÊNCIO,7,79,347,47,0,4,4307
pi,10693,ELESBÃO VELOSO,24,128,1897,125,2,9,6145
pi,10707,CAPITÃO GERVÁSIO OLIVEIRA,6,24,488,18,0,3,1781
pi,10715,ELISEU MARTINS,2,29,653,47,1,1,1930
pi,10723,CAMPO GRANDE DO PIAUÍ,2,48,427,46,1,2,2350
pi,10731,ESPERANTINA,29,268,5800,219,6,12,12560
pi,10740,CAMPO LARGO DO PIAUÍ,4,55,595,25,0,0,2318
pi,10758,FLORES DO PIAUÍ,5,31,1133,31,0,2,1259
pi,10766,CURRAIS,2,33,774,16,0,2,2275
pi,10774,FLORIANO,33,514,8198,647,7,23,18813
pi,10782,GEMINIANO,3,41,778,32,1,4,2294
pi,10790,FRANCINÓPOLIS,6,42,836,31,0,3,1960
pi,10804,GUARIBAS,2,31,214,10,1,0,2100
pi,10812,FRANCISCO AYRES,5,25,701,23,0,1,2028
pi,10820,ILHA GRANDE,1,101,1075,71,0,0,2606
pi,10839,FRANCISCO SANTOS,3,112,1287,100,2,3,2946
pi,10847,JUREMA,3,28,819,35,0,0,1838
pi,10855,FRONTEIRAS,6,119,1371,202,3,4,4248
pi,10863,LAGOA DE SÃO FRANCISCO,4,53,1182,23,0,2,1704
pi,10871,GILBUÉS,1,77,1163,43,1,3,3516
pi,10880,MORRO CABEÇA NO TEMPO,6,33,918,24,1,2,1264
pi,10898,GUADALUPE,6,44,1664,84,0,2,3353
pi,10901,NOVO SANTO ANTÔNIO,1,32,357,23,1,2,1740
pi,10910,HUGO NAPOLEÃO,0,44,550,36,1,0,1775
pi,10928,NOSSA SENHORA DE NAZARÉ,5,43,644,47,0,0,2371
pi,10936,INHUMA,10,144,1320,172,1,7,5940
pi,10944,PAQUETÁ,5,27,462,22,0,3,2158
pi,10952,IPIRANGA DO PIAUÍ,5,78,669,40,1,5,3794
pi,10960,NOVA SANTA RITA,2,34,404,37,1,3,2001
pi,10979,ISAÍAS COELHO,4,70,1296,58,1,2,2562
pi,10987,SÃO JOÃO DO ARRAIAL,7,26,1396,11,0,3,2501
pi,10995,ITAINÓPOLIS,10,75,1778,76,5,9,4294
pi,11010,ITAUEIRA,9,89,2668,51,4,2,3123
pi,11037,JAICÓS,21,161,2123,154,6,7,5121
pi,11053,JERUMENHA,5,28,1028,42,0,0,1517
pi,11070,JOAQUIM PIRES,9,111,1884,50,0,4,4835
pi,11088,SÃO JOÃO DA CANABRAVA,5,43,904,13,0,3,1850
pi,11096,JOSÉ DE FREITAS,28,268,3907,342,3,14,14543
pi,11118,LANDRI SALES,3,32,654,32,1,2,2073
pi,11134,LUIS CORREIA,22,283,6202,286,3,13,8041
pi,11150,LUZILÂNDIA,22,156,3433,141,8,8,8652
pi,11177,MANOEL EMÍDIO,0,46,513,18,1,1,2345
pi,11193,MARCOS PARENTE,3,32,1218,31,3,2,1338
pi,11215,MATIAS OLÍMPIO,8,60,2370,59,0,1,2723
pi,11231,MIGUEL ALVES,33,263,4092,181,5,8,9816
pi,11258,MIGUEL LEÃO,0,8,215,18,0,1,532
pi,11274,MONSENHOR GIL,10,104,1078,154,1,3,5091
pi,11290,MONSENHOR HIPÓLITO,13,92,1792,63,2,12,2329
pi,11312,MONTE ALEGRE DO PIAUÍ,8,69,1479,66,0,7,3283
pi,11339,NAZARÉ DO PIAUÍ,13,77,842,46,1,4,3350
pi,11355,NOSSA SENHORA DOS REMÉDIOS,9,57,1422,38,2,0,2798
pi,11371,NOVO ORIENTE DO PIAUÍ,1,46,487,28,2,3,2754
pi,11398,OEIRAS,31,331,5494,275,1,11,11183
pi,11410,DOMINGOS MOURÃO,8,32,571,30,2,2,1486
pi,11436,PADRE MARCOS,4,111,1264,65,0,4,2376
pi,11452,PAES LANDIM,2,40,855,40,0,2,1602
pi,11479,PALMEIRA DO PIAUÍ,6,36,842,40,0,2,1807
pi,11495,PALMEIRAIS,7,171,1565,170,1,7,5547
pi,11517,PARNAGUÁ,1,36,676,71,1,0,3592
pi,11533,PARNAÍBA,44,1235,21443,2021,19,26,39614
pi,11550,PAULISTANA,6,115,1138,91,1,8,8677
pi,11576,PEDRO II,18,373,4958,209,11,9,10840
pi,11592,PICOS,51,662,10915,810,6,19,21570
pi,11614,PIMENTEIRAS,8,56,1580,58,0,5,4252
pi,11630,PIO IX,10,161,2304,167,2,7,6589
pi,11657,PIRACURUCA,20,199,4614,184,2,3,8642
pi,11673,PIRIPIRI,52,760,11029,546,5,10,17112
pi,11690,PORTO,3,90,1195,61,0,4,3935
pi,11711,PRATA DO PIAUÍ,4,36,654,32,1,2,1407
pi,11738,REDENÇÃO DO GURGUÉIA,4,69,1444,42,0,4,2560
pi,11754,REGENERAÇÃO,11,190,1264,127,1,8,6747
pi,11770,RIBEIRO GONÇALVES,10,44,1629,38,1,5,1796
pi,11797,RIO GRANDE DO PIAUÍ,6,55,1500,41,2,1,2234
pi,11819,SANTA CRUZ DO PIAUÍ,2,132,735,36,0,0,2684
pi,11835,SANTA FILOMENA,7,83,1313,58,1,4,1227
pi,11851,SANTA LUZ,3,43,798,32,0,3,2114
pi,11878,SANTO ANTÔNIO DE LISBOA,11,70,977,140,3,4,2263
pi,11894,SANTO INÁCIO DO PIAUÍ,2,27,548,29,0,1,1560
pi,11916,SÃO FÉLIX DO PIAUÍ,4,43,485,56,1,0,1830
pi,11932,SÃO FRANCISCO DO PIAUÍ,8,35,840,34,1,4,2394
pi,11959,SÃO GONÇALO DO PIAUÍ,0,65,604,69,1,1,2147
pi,11975,SÃO JOÃO DA SERRA,8,81,1559,51,1,1,2345
pi,11991,SÃO JOÃO DO PIAUÍ,10,131,3304,153,3,6,5207
pi,12009,SÃO JOÃO DA FRONTEIRA,3,61,773,19,1,2,1896
pi,12017,SÃO JOSÉ DO PEIXE,4,45,728,38,1,2,1271
pi,12025,SÃO JOÃO DA VARJOTA,4,26,394,22,2,2,1893
pi,12033,SÃO JOSÉ DO PIAUÍ,5,35,734,17,0,4,3089
pi,12041,SEBASTIÃO BARROS,6,26,688,15,1,3,1738
pi,12050,SÃO JULIÃO,11,88,935,97,0,4,2285
pi,12068,SEBASTIÃO LEAL,4,12,691,8,0,2,1605
pi,12076,SÃO MIGUEL DO TAPUIO,12,160,3243,64,4,8,6435
pi,12084,ALVORADA DO GURGUÉIA,0,62,221,9,0,4,2174
pi,12092,SÃO PEDRO DO PIAUÍ,14,133,2224,112,3,8,4723
pi,12106,ASSUNÇÃO DO PIAUÍ,6,79,1733,20,0,1,1583
pi,12114,SÃO RAIMUNDO NONATO,13,203,3289,196,10,10,10578
pi,12122,BETÂNIA DO PIAUÍ,7,50,462,25,0,5,2739
pi,12130,SIMÕES,4,177,980,101,2,15,5262
pi,12149,BOQUEIRÃO DO PIAUÍ,1,51,512,45,1,1,2220
pi,12157,SIMPLÍCIO MENDES,8,129,2199,88,2,4,3949
pi,12165,CARIDADE DO PIAUÍ,4,36,333,26,2,3,2319
pi,12173,SOCORRO DO PIAUÍ,4,53,833,44,1,4,1828
pi,12181,CURRAL NOVO DO PIAUÍ,3,37,297,21,0,1,1827
pi,12190,TERESINA,348,10712,105522,20200,192,299,244347
pi,12203,JÚLIO BORGES,1,28,319,18,0,0,2397
pi,12211,UNIÃO,22,442,4319,302,6,17,16848
pi,12220,LAGOA DO SÍTIO,2,30,311,15,0,1,2396
pi,12238,URUÇUÍ,26,117,5420,119,2,5,3369
pi,12246,MILTON BRANDÃO,9,40,1931,36,4,1,1671
pi,12254,VALENÇA DO PIAUÍ,14,191,2655,160,4,8,7750
pi,12262,PAJEÚ DO PIAUÍ,4,29,810,13,0,1,1051
pi,12270,VÁRZEA GRANDE,7,53,877,113,0,4,1404
pi,12289,PAVUSSU,3,47,388,23,0,0,2019
pi,12297,DIRCEU ARCOVERDE,2,35,751,40,0,1,2810
pi,12300,RIACHO FRIO,1,26,446,23,0,1,2521
pi,12319,ALAGOINHA,12,81,1893,36,0,6,2145
pi,12327,ACAUÃ,5,49,373,23,1,5,3320
pi,12335,BELÉM DO PIAUÍ,1,32,619,24,3,2,1071
pi,12343,CAJAZEIRAS DO PIAUÍ,2,31,587,18,0,1,1218
pi,12351,CAMPO ALEGRE DO FIDALGO,8,48,775,46,0,2,1742
pi,12360,COCAL DE TELHA,5,33,349,13,2,1,2234
pi,12378,FRANCISCO MACEDO,1,13,596,13,2,1,833
pi,12386,JOÃO COSTA,5,36,439,29,1,3,1517
pi,12394,JATOBÁ DO PIAUÍ,5,42,907,61,0,1,2362
pi,12408,JOCA MARQUES,0,27,1056,17,0,4,1307
pi,12416,JUAZEIRO DO PIAUÍ,4,64,969,77,2,2,3081
pi,12424,LAGOA DO PIAUÍ,6,29,618,30,1,1,1668
pi,12432,LAGOINHA DO PIAUÍ,0,16,209,24,0,1,1328
pi,12440,MADEIRO,2,37,1552,38,0,2,1963
pi,12459,MORRO DO CHAPÉU DO PIAUÍ,0,38,1452,19,1,4,2124
pi,12467,MASSAPÊ DO PIAUÍ,9,38,827,43,1,3,2643
pi,12475,MURICI DOS PORTELAS,3,39,1284,38,0,1,2291
pi,12483,OLHO D ÁGUA DO PIAUÍ,0,20,224,21,1,2,1286
pi,12491,PEDRO LAURENTINO,0,37,379,19,0,1,1259
pi,12505,SÃO FRANCISCO DE ASSIS DO PIAUÍ,10,46,896,52,1,2,1738
pi,12513,SUSSUAPARA,3,54,1165,63,0,2,2439
pi,12521,TANQUE DO PIAUÍ,3,47,315,27,1,2,1114
pi,12530,TAMBORIL DO PIAUÍ,5,17,1059,5,0,0,659
pi,12548,VILA NOVA DO PIAUÍ,2,31,289,29,0,2,1433
pi,12556,VERA MENDES,3,24,444,24,0,1,1242
pi,12564,WALL FERRAZ,6,93,349,27,0,3,2126
pi,12572,CAJUEIRO DA PRAIA,5,51,953,46,0,5,2637
pi,12580,CURRALINHOS,2,24,514,20,0,1,2105
pi,12599,PORTO ALEGRE DO PIAUÍ,1,7,395,6,1,0,909
pi,12602,RIBEIRA DO PIAUÍ,3,33,489,21,1,2,1876
pi,12610,SÃO GONÇALO DO GURGUÉIA,0,19,259,18,0,1,1195
pi,12629,SÃO LUIS DO PIAUÍ,3,24,654,34,1,0,954
pi,12637,FLORESTA DO PIAUÍ,3,24,329,13,0,6,1233
pi,12653,SANTO ANTÔNIO DOS MILAGRES,2,18,115,14,3,1,1065
pi,12661,SÃO MIGUEL DA BAIXA GRANDE,0,26,402,23,0,1,1144
pi,12670,CARAÚBAS DO PIAUÍ,4,32,1411,26,1,5,1707
pi,12688,CAXINGÓ,5,48,1294,34,2,1,1603
pi,12696,COCAL DOS ALVES,8,33,1250,52,1,2,1623
pi,12700,SÃO MIGUEL DO FIDALGO,4,11,328,18,0,0,1343
pi,12718,PAU D ARCO DO PIAUÍ,5,26,404,42,0,2,1931
pi,12726,NAZÁRIA,10,88,1237,83,0,4,4074
pi,12734,AROEIRAS DO ITAIM,3,36,1162,32,1,5,1096
pr,74004,GODOY MOREIRA,0,38,1054,45,0,0,930
pr,74012,ABATIÁ,7,58,2734,108,0,4,1623
pr,74020,IBEMA,4,62,1277,108,2,0,1650
pr,74039,ADRIANÓPOLIS,2,63,1138,86,0,9,2006
pr,74047,LINDOESTE,7,87,1193,80,0,1,1899
pr,74055,AGUDOS DO SUL,10,91,2960,123,1,3,1856
pr,74063,OURO VERDE DO OESTE,6,82,1780,106,0,0,1398
pr,74071,ALMIRANTE TAMANDARÉ,44,1118,16606,2527,53,22,21143
pr,74080,SANTA TEREZA DO OESTE,7,150,2264,186,1,2,2081
pr,74098,ALTO PARANÁ,7,163,3635,315,2,3,2955
pr,74101,ANAHY,0,65,982,70,2,1,787
pr,74110,ALTO PIQUIRI,7,137,2586,93,0,4,2884
pr,74128,ÂNGULO,1,28,1117,19,1,2,644
pr,74136,ALVORADA DO SUL,5,113,2220,155,0,2,2724
pr,74144,BOA ESPERANÇA DO IGUAÇU,3,23,844,39,0,2,935
pr,74152,AMAPORÃ,1,29,1184,68,1,2,1136
pr,74160,BOM SUCESSO DO SUL,5,38,1141,83,1,0,916
pr,74179,AMPÉRE,5,217,3100,108,3,1,5476
pr,74187,BRASILÂNDIA DO SUL,3,63,1137,41,0,0,932
pr,74195,ANDIRÁ,3,266,5740,337,5,3,6250
pr,74209,CAFEZAL DO SUL,2,48,1564,48,0,0,1015
pr,74217,ANTONINA,14,346,5629,848,3,5,4306
pr,74225,CANDÓI,10,189,3646,150,1,6,3811
pr,74233,ANTONIO OLINTO,14,92,2741,137,8,18,1418
pr,74241,CRUZEIRO DO IGUAÇU,3,80,823,30,0,2,1260
pr,74250,APUCARANA,62,1641,43157,3382,31,28,16785
pr,74268,DIAMANTE DO SUL,1,52,728,34,0,1,1170
pr,74276,ARAPONGAS,60,1457,35655,2720,14,41,14662
pr,74284,ENTRE RIOS DO OESTE,8,90,1346,97,7,2,957
pr,74292,ARAPOTI,20,231,8699,349,2,7,4870
pr,74306,FAROL,1,24,1032,89,6,0,1026
pr,74314,ARARUNA,6,178,4582,147,1,4,2755
pr,74322,FAZENDA RIO GRANDE,53,757,12137,1876,21,23,19321
pr,74330,MARILÂNDIA DO SUL,7,92,3011,230,2,3,1926
pr,74349,FLOR DA SERRA DO SUL,5,133,1259,87,1,3,1551
pr,74357,ARAUCÁRIA,129,1737,23294,3302,36,38,33249
pr,74365,HONÓRIO SERPA,3,87,1218,86,10,0,2097
pr,74373,ASSAÍ,12,239,6721,378,2,5,2504
pr,74381,IGUATU,0,35,663,33,1,0,786
pr,74390,ASTORGA,14,348,9043,412,3,3,5136
pr,74403,IRACEMA DO OESTE,2,36,787,33,0,0,960
pr,74411,ATALAIA,0,41,1371,96,0,0,1040
pr,74420,NOVO ITACOLOMI,1,49,1235,89,1,3,524
pr,74438,BALSA NOVA,12,202,3410,244,7,5,3063
pr,74446,ITAPERUÇU,12,140,4476,327,0,8,7355
pr,74454,BANDEIRANTES,16,364,8764,596,10,2,9081
pr,74462,IVATÉ,3,54,1861,83,0,1,2228
pr,74470,BARBOSA FERRAZ,6,113,3377,121,1,5,3280
pr,74489,LIDIANÓPOLIS,3,48,1509,74,2,2,893
pr,74497,BARRACÃO,5,142,2086,107,0,3,2264
pr,74500,MARIPÁ,3,82,2701,113,3,2,941
pr,74519,BARRA DO JACARÉ,2,45,796,65,2,2,827
pr,74527,MATO RICO,2,63,1002,49,0,0,1297
pr,74535,BELA VISTA DO PARAÍSO,9,244,5647,305,1,4,3177
pr,74543,MAUÁ DA SERRA,4,68,2891,153,0,3,1279
pr,74551,BITURUNA,8,212,4694,279,2,6,3544
pr,74560,MERCEDES,7,112,1806,147,4,5,1118
pr,74578,BOA ESPERANÇA,3,39,1795,74,0,1,1201
pr,74586,NOVA LARANJEIRAS,7,107,2475,117,0,4,2441
pr,74594,BOCAIÚVA DO SUL,6,146,2791,161,4,4,2161
pr,74608,NOVA SANTA BÁRBARA,7,52,1155,93,0,2,1053
pr,74616,BOM SUCESSO,5,82,1517,99,0,0,1862
pr,74624,PATO BRAGADO,11,78,1784,133,0,1,1205
pr,74632,BORRAZÓPOLIS,4,87,3073,78,1,1,1836
pr,74640,PINHAL DE SÃO BENTO,0,7,326,25,0,2,1103
pr,74659,CAFEARA,1,22,551,29,0,2,1058
pr,74667,PITANGUEIRAS,0,38,1184,39,0,0,506
pr,74675,CALIFÓRNIA,2,104,2659,262,2,3,1589
pr,74683,QUATRO PONTES,6,70,1819,112,2,1,505
pr,74691,CAMBARÁ,21,292,7506,595,11,10,5470
pr,74705,RAMILÂNDIA,3,60,1103,47,1,0,1066
pr,74713,CAMBÉ,62,1825,29255,3623,31,31,17268
pr,74721,RANCHO ALEGRE D OESTE,3,29,872,45,0,0,725
pr,74730,CAMBIRA,3,104,2451,155,4,0,1767
pr,74748,RIO BONITO DO IGUAÇU,9,124,2453,123,0,5,3979
pr,74756,CAMPINA DA LAGOA,10,263,4161,324,4,1,3682
pr,74764,SANTA LÚCIA,2,79,918,87,0,1,1257
pr,74772,CAMPINA GRANDE DO SUL,27,533,9643,985,14,5,8654
pr,74780,CAMPO BONITO,2,56,974,72,0,0,1479
pr,74799,CAMPO DO TENENTE,6,87,2599,124,4,5,973
pr,74802,SANTA MARIA DO OESTE,8,96,2486,95,1,3,3158
pr,74810,CAMPO LARGO,104,1826,27124,3103,79,32,23945
pr,74829,SANTA MÔNICA,1,16,753,102,0,1,1099
pr,74837,CAMPO MOURÃO,36,1090,24905,1967,11,12,16640
pr,74845,SÃO MANOEL DO PARANÁ,1,24,998,39,0,0,335
pr,74853,CÂNDIDO DE ABREU,22,157,4724,180,3,5,4078
pr,74861,SÃO PEDRO DO IGUAÇU,6,106,2038,152,2,2,1845
pr,74870,CAPANEMA,7,261,5145,270,2,4,4990
pr,74888,TUNAS DO PARANÁ,5,40,1495,47,0,2,1264
pr,74896,CAPITÃO LEÔNIDAS MARQUES,10,393,2767,299,3,3,4850
pr,74900,VENTANIA,2,67,3343,114,2,1,1870
pr,74918,CARLÓPOLIS,2,84,4220,122,2,4,3134
pr,74926,ALTO PARAÍSO,2,39,983,53,1,3,867
pr,74934,CASCAVEL,135,5504,69687,10061,72,65,53208
pr,74942,DOUTOR ULYSSES,4,21,1486,65,0,1,1779
pr,74950,CASTRO,54,918,23139,1147,13,10,10920
pr,74969,VIRMOND,5,45,1487,79,1,4,905
pr,74977,CATANDUVAS,10,173,2817,196,0,2,2097
pr,74985,LARANJAL,6,72,1037,39,14,0,1898
pr,74993,CENTENÁRIO DO SUL,5,105,2386,146,0,1,3458
pr,75000,ITAIPULÂNDIA,4,190,2024,222,0,9,2838
pr,75019,CERRO AZUL,8,96,3121,142,0,3,5219
pr,75027,NOVA ESPERANÇA DO SUDOESTE,4,80,1068,60,2,0,1985
pr,75035,CHOPINZINHO,18,436,4724,386,10,11,5734
pr,75043,PINHAIS,86,1904,24427,4805,37,35,27891
pr,75051,CIANORTE,38,984,23788,1602,7,10,10370
pr,75060,SAUDADE DO IGUAÇU,4,47,989,62,2,3,1440
pr,75078,CIDADE GAÚCHA,4,113,2442,112,0,2,3399
pr,75086,ARIRANHA DO IVAÍ,3,12,732,45,1,1,826
pr,75094,CLEVELÂNDIA,14,281,4614,300,4,6,4360
pr,75108,ARAPUÃ,2,33,1185,78,0,3,1285
pr,75116,MANGUEIRINHA,21,235,4407,245,15,2,4852
pr,75124,BELA VISTA DA CAROBA,2,72,932,46,0,0,1395
pr,75132,COLOMBO,173,2645,37675,6206,98,73,48922
pr,75140,BOA VENTURA DE SÃO ROQUE,1,61,1505,54,0,3,1906
pr,75159,COLORADO,18,258,6609,581,3,1,5154
pr,75167,BOM JESUS DO SUL,5,67,978,23,1,2,1299
pr,75175,CONGONHINHAS,6,75,2050,96,1,4,2118
pr,75183,CAMPINA DO SIMÃO,2,48,1019,31,0,1,1157
pr,75191,CONSELHEIRO MAIRINCK,8,45,1007,48,0,0,1187
pr,75205,CAMPO MAGRO,16,262,4697,612,3,10,5655
pr,75213,CONTENDA,3,194,4207,358,8,12,3318
pr,75221,CARAMBEÍ,12,295,6978,463,8,4,1930
pr,75230,CORBÉLIA,4,336,5650,191,5,2,3649
pr,75248,CORONEL DOMINGOS SOARES,1,48,1384,64,1,1,1485
pr,75256,CORNÉLIO PROCÓPIO,28,990,14833,2269,30,17,9836
pr,75264,CRUZMALTINA,2,40,1316,30,1,1,682
pr,75272,CORONEL VIVIDA,9,385,5869,372,6,4,6565
pr,75280,CORUMBATAÍ DO SUL,0,79,1213,65,0,0,1561
pr,75299,CRUZEIRO DO OESTE,13,243,4365,392,2,6,6377
pr,75302,ESPERANÇA NOVA,0,26,735,61,1,0,504
pr,75310,CRUZEIRO DO SUL,2,55,1220,71,0,2,1501
pr,75329,ESPIGÃO ALTO DO IGUAÇU,1,71,1449,88,0,1,1253
pr,75337,CRUZ MACHADO,22,224,6048,219,2,11,3546
pr,75345,FERNANDES PINHEIRO,9,72,2160,66,2,1,1241
pr,75353,CURITIBA,1691,56530,501514,81696,874,852,327829
pr,75361,FOZ DO JORDÃO,0,61,872,68,1,1,1705
pr,75370,CURIÚVA,20,93,4344,272,2,4,2872
pr,75388,GOIOXIM,4,65,1246,59,0,3,2276
pr,75396,DIAMANTE DO NORTE,2,41,1826,100,1,2,1325
pr,75400,DIAMANTE DO OESTE,2,60,894,125,0,0,1501
pr,75418,DOIS VIZINHOS,15,502,9118,577,5,20,8374
pr,75426,GUAMIRANGA,7,109,3168,127,2,4,1178
pr,75434,DOUTOR CAMARGO,0,78,2457,102,3,0,1168
pr,75442,IMBAÚ,4,54,2110,64,0,1,2766
pr,75450,ENÉAS MARQUES,0,110,1822,81,0,4,1708
pr,75469,MANFRINÓPOLIS,6,29,704,33,2,0,1155
pr,75477,ENGENHEIRO BELTRÃO,6,138,4496,170,1,2,3503
pr,75485,MARQUINHO,4,61,1323,53,0,1,1210
pr,75493,FAXINAL,12,235,5358,305,23,4,2809
pr,75507,PEROBAL,3,90,1880,100,0,2,1169
pr,75515,FÊNIX,2,51,1769,39,0,1,1032
pr,75523,PONTAL DO PARANÁ,2,258,3645,612,6,1,4031
pr,75531,FLORAÍ,4,88,2176,86,1,1,1320
pr,75540,PORTO BARREIRO,3,48,1126,77,0,0,1030
pr,75558,FLORESTA,2,91,2422,67,2,0,1156
pr,75566,PRADO FERREIRA,1,36,904,67,0,0,1299
pr,75574,FLORESTÓPOLIS,1,159,2867,220,8,0,4070
pr,75582,QUARTO CENTENÁRIO,2,44,1461,71,0,0,1298
pr,75590,FLÓRIDA,4,36,725,56,0,1,829
pr,75604,RESERVA DO IGUAÇU,3,68,1390,72,2,2,2143
pr,75612,FORMOSA DO OESTE,9,90,3140,143,2,0,1369
pr,75620,RIO BRANCO DO IVAÍ,8,30,1136,40,1,1,819
pr,75639,FOZ DO IGUAÇU,130,5378,58645,11105,59,135,60054
pr,75647,SERRANÓPOLIS DO IGUAÇU,4,176,1873,73,2,2,925
pr,75655,FRANCISCO BELTRÃO,26,1187,17637,1060,22,28,20327
pr,75663,TAMARANA,2,104,3655,272,1,4,1717
pr,75671,GENERAL CARNEIRO,6,150,4045,159,5,5,2647
pr,75698,GOIOERÊ,14,411,8725,447,2,5,5763
pr,75710,GUAÍRA,20,326,6626,636,7,7,7511
pr,75736,GUAIRAÇÁ,3,49,1953,97,0,0,1056
pr,75744,ROSÁRIO DO IVAÍ,6,76,1931,104,3,1,1138
pr,75752,GUAPIRAMA,5,32,1341,72,0,1,1043
pr,75760,NOVA TEBAS,3,86,1957,95,0,3,2333
pr,75779,GUAPOREMA,3,16,768,32,0,0,519
pr,75787,SULINA,0,52,931,47,3,2,1194
pr,75795,GUARACI,3,43,1978,61,0,0,947
pr,75809,LUIZIANA,1,58,1852,77,1,2,2227
pr,75817,GUARANIAÇU,9,260,4545,352,4,4,3793
pr,75833,GUARAPUAVA,70,2868,47844,3314,39,37,31157
pr,75850,GUARAQUEÇABA,4,45,2091,101,2,1,2128
pr,75876,GUARATUBA,28,464,8281,868,10,6,5966
pr,75892,IBAITI,24,242,7768,400,2,9,6948
pr,75914,IBIPORÃ,47,960,16029,1403,15,10,7313
pr,75930,ICARAÍMA,8,72,2765,124,3,9,2044
pr,75957,IGUARAÇU,0,40,1274,57,0,0,1047
pr,75973,IMBITUVA,16,260,12519,393,3,9,2196
pr,75990,INÁCIO MARTINS,8,137,3994,83,1,4,1997
pr,76015,INAJÁ,1,35,651,135,0,1,944
pr,76031,IPIRANGA,20,154,5583,155,6,6,1913
pr,76058,IPORÃ,8,212,4967,310,3,2,3541
pr,76074,IRATI,73,1003,19287,1319,15,23,9446
pr,76090,IRETAMA,5,178,2849,220,2,6,2732
pr,76112,ITAGUAJÉ,2,45,1511,62,0,0,1049
pr,76139,ITAMBARACÁ,6,68,1664,99,1,2,2191
pr,76155,ITAMBÉ,2,85,1779,95,0,2,1493
pr,76171,ITAPEJARA DO OESTE,5,204,2496,169,5,5,3195
pr,76198,ITAÚNA DO SUL,4,34,842,69,0,2,1030
pr,76210,IVAÍ,13,125,5386,107,3,4,1338
pr,76236,IVAIPORÃ,14,394,9151,708,2,5,6844
pr,76252,IVATUBA,8,58,913,50,0,1,703
pr,76279,JABOTI,1,66,1391,88,1,3,1169
pr,76295,JACAREZINHO,20,564,10510,1150,20,15,10141
pr,76317,JAGUAPITÃ,2,127,3759,252,0,3,2526
pr,76333,JAGUARIAÍVA,26,343,10318,607,5,14,7118
pr,76350,JANDAIA DO SUL,21,345,7124,409,4,5,4058
pr,76376,JANIÓPOLIS,2,60,1777,101,1,0,2365
pr,76392,JAPIRA,8,55,1252,114,5,3,1488
pr,76414,JAPURÁ,8,96,3382,121,1,0,1592
pr,76430,JARDIM ALEGRE,19,138,3792,203,1,1,2869
pr,76457,JARDIM OLINDA,0,10,418,39,0,0,495
pr,76473,JATAIZINHO,10,246,3924,263,0,1,2278
pr,76490,JOAQUIM TÁVORA,8,87,3246,180,1,3,2138
pr,76511,JUNDIAÍ DO SUL,1,17,654,45,0,0,1130
pr,76538,JUSSARA,4,78,2031,161,0,1,1611
pr,76554,KALORÉ,9,52,1673,75,2,1,1256
pr,76570,LAPA,53,832,12961,1485,18,13,10357
pr,76597,LARANJEIRAS DO SUL,12,434,7402,597,10,11,7124
pr,76619,LEÓPOLIS,1,44,1315,122,3,1,1076
pr,76635,LOANDA,12,214,5597,345,0,8,4612
pr,76651,LOBATO,2,73,1012,109,1,3,1400
pr,76678,LONDRINA,428,12101,178589,23175,183,243,46453
pr,76694,LUPIONÓPOLIS,0,62,1224,62,1,2,1268
pr,76716,MALLET,21,163,5213,183,5,6,2019
pr,76732,MAMBORÊ,7,137,4945,311,0,2,3274
pr,76759,MANDAGUAÇU,14,227,5044,351,6,3,4987
pr,76775,MANDAGUARI,28,533,10188,668,8,8,7425
pr,76791,MANDIRITUBA,21,265,5299,419,6,7,5586
pr,76813,MANOEL RIBAS,15,148,4207,192,1,6,2651
pr,76830,MARECHAL CÂNDIDO RONDON,37,1029,14833,1706,37,16,8865
pr,76856,MARIA HELENA,1,66,1960,81,2,0,1530
pr,76872,MARIALVA,24,545,10590,734,12,2,6158
pr,76899,MARILUZ,3,83,2432,82,0,0,3150
pr,76910,MARINGÁ,171,7067,107735,12342,62,92,52503
pr,76937,MARIÓPOLIS,7,105,1986,148,1,3,1563
pr,76953,MARMELEIRO,8,213,3085,190,3,4,3688
pr,76970,MARUMBI,0,67,1349,75,1,2,1308
pr,76996,MATELÂNDIA,7,332,5424,378,3,6,2650
pr,77011,MEDIANEIRA,11,748,12573,818,8,17,8316
pr,77038,MIRADOR,0,12,489,36,0,0,813
pr,77054,MIRASELVA,2,22,779,36,0,0,610
pr,77070,MOREIRA SALES,12,127,4110,168,2,2,2530
pr,77097,MORRETES,16,267,5139,896,8,6,3496
pr,77119,MUNHOZ DE MELLO,2,64,1143,82,3,0,910
pr,77135,NOSSA SENHORA DAS GRAÇAS,3,52,1145,95,0,0,1007
pr,77151,NOVA ALIANÇA DO IVAÍ,1,4,490,40,0,0,402
pr,77178,NOVA AMÉRICA DA COLINA,5,42,1082,52,0,0,990
pr,77194,NOVA CANTU,3,78,1851,132,1,0,2347
pr,77216,NOVA ESPERANÇA,15,355,7826,537,4,9,6659
pr,77232,NOVA FÁTIMA,2,88,2184,136,0,2,2042
pr,77259,NOVA LONDRINA,5,141,3746,273,0,5,2603
pr,77275,ORTIGUEIRA,27,272,5360,271,1,5,6268
pr,77291,OURIZONA,4,37,1015,37,0,0,1097
pr,77313,PAIÇANDU,13,383,8624,724,2,2,8239
pr,77330,PALMAS,20,484,11198,394,6,10,7071
pr,77356,PALMEIRA,37,515,11364,530,14,14,6434
pr,77372,PALMITAL,12,173,3806,120,2,3,4050
pr,77399,PALOTINA,11,507,9509,482,6,13,5786
pr,77410,PARAÍSO DO NORTE,2,104,2823,148,0,3,3603
pr,77437,PARANACITY,7,137,2680,171,2,6,2237
pr,77453,PARANAGUÁ,125,2883,34284,6826,47,34,30637
pr,77470,PARANAPOEMA,1,22,680,56,0,1,811
pr,77496,PARANAVAÍ,30,1023,27115,1896,11,9,14112
pr,77518,PATO BRANCO,38,1880,18033,1668,30,26,14802
pr,77534,PAULA FREITAS,8,46,2092,101,0,1,925
pr,77550,PAULO FRONTIN,10,144,2649,142,3,2,1081
pr,77577,PEABIRU,11,154,3824,275,1,3,3266
pr,77593,PÉROLA D OESTE,7,176,1995,73,7,3,2104
pr,77615,PIÊN,9,92,4432,205,1,4,1284
pr,77631,PINHALÃO,3,103,2107,108,0,1,1427
pr,77658,PINHÃO,22,424,7354,274,7,12,7232
pr,77674,PIRAÍ DO SUL,22,272,8495,409,6,5,4276
pr,77690,PIRAQUARA,50,985,13319,2201,17,30,19027
pr,77712,PITANGA,20,431,9524,442,1,9,7993
pr,77739,PLANALTINA DO PARANÁ,3,54,975,99,3,48,1184
pr,77755,PLANALTO,12,247,2833,166,6,8,4865
pr,77771,PONTA GROSSA,261,6427,106012,10661,85,113,42045
pr,77798,PORECATU,9,149,3074,300,7,4,4860
pr,77810,PORTO AMAZONAS,7,99,1545,84,3,0,764
pr,77836,PORTO RICO,0,28,704,46,0,1,856
pr,77852,PORTO VITÓRIA,4,78,1430,76,1,1,716
pr,77879,PRESIDENTE CASTELO BRANCO,4,57,952,101,0,0,1801
pr,77895,PRIMEIRO DE MAIO,3,142,3741,136,1,1,2512
pr,77917,PRUDENTÓPOLIS,67,781,20638,767,16,14,5574
pr,77933,QUATIGUÁ,3,52,2666,126,2,3,1612
pr,77950,QUATRO BARRAS,18,320,4286,526,6,3,3479
pr,77976,QUERÊNCIA DO NORTE,7,76,2241,114,0,0,3262
pr,77992,QUINTA DO SOL,2,54,1609,98,2,2,1371
pr,78018,QUITANDINHA,17,164,4954,270,2,5,3464
pr,78034,RANCHO ALEGRE,1,53,1364,70,0,0,1170
pr,78050,REALEZA,9,230,3806,231,1,3,4876
pr,78077,REBOUÇAS,17,223,4704,476,1,8,3191
pr,78093,RENASCENÇA,3,160,1903,84,3,2,1661
pr,78115,RESERVA,10,230,5799,284,2,7,6646
pr,78131,RIBEIRÃO CLARO,8,107,3301,166,0,7,2649
pr,78158,RIBEIRÃO DO PINHAL,17,112,3227,182,0,0,4093
pr,78174,RIO AZUL,25,242,5864,347,7,12,1503
pr,78190,RIO BOM,4,45,1457,121,1,0,531
pr,78212,RIO BRANCO DO SUL,19,314,8143,711,1,12,8914
pr,78239,RIO NEGRO,43,574,11782,887,9,9,3842
pr,78255,ROLÂNDIA,30,955,21805,1474,7,8,7761
pr,78271,RONCADOR,3,185,3259,138,1,3,3392
pr,78298,RONDON,6,96,2801,183,1,0,2369
pr,78310,SABÁUDIA,4,63,2360,128,0,2,952
pr,78336,SALGADO FILHO,5,91,1159,75,0,1,1365
pr,78352,SALTO DO ITARARÉ,9,38,1319,72,0,2,1552
pr,78379,SALTO DO LONTRA,8,188,2444,160,2,10,4412
pr,78395,SANTA AMÉLIA,2,33,1544,45,1,1,887
pr,78417,SANTA CECÍLIA DO PAVÃO,3,88,1390,66,1,0,726
pr,78433,SANTA CRUZ DO MONTE CASTELO,6,61,2316,103,1,22,1978
pr,78450,SANTA FÉ,5,137,2965,169,2,3,2150
pr,78476,SANTA INÊS,0,6,718,31,0,1,561
pr,78492,SANTA ISABEL DO IVAÍ,6,67,3066,113,1,3,1793
pr,78514,SANTA IZABEL DO OESTE,4,175,2508,134,0,2,3060
pr,78530,SANTA MARIANA,9,131,3052,170,5,4,3952
pr,78557,SANTANA DO ITARARÉ,4,30,1360,103,2,0,1507
pr,78573,SANTO ANTÔNIO DO SUDOESTE,6,271,3712,101,1,1,5164
pr,78590,SANTO ANTÔNIO DA PLATINA,26,374,11991,903,4,30,8134
pr,78611,SANTO ANTONIO DO CAIUÁ,1,34,792,32,0,3,845
pr,78638,SANTO ANTONIO DO PARAÍSO,0,32,788,59,0,0,631
pr,78654,SANTO INÁCIO,4,49,1518,94,0,0,1424
pr,78670,SÃO CARLOS DO IVAÍ,3,51,2163,75,0,2,1184
pr,78697,SÃO JERÔNIMO DA SERRA,11,162,2949,172,2,2,2743
pr,78719,SÃO JOÃO,5,235,2721,199,3,7,3198
pr,78735,SÃO JOÃO DO CAIUÁ,6,48,1092,73,0,1,2045
pr,78751,SÃO JOÃO DO IVAÍ,10,151,3414,181,0,1,3288
pr,78778,SÃO JOÃO DO TRIUNFO,14,139,4369,193,4,8,2760
pr,78794,SÃO JORGE DO IVAÍ,3,66,1997,81,4,3,1258
pr,78816,SÃO JORGE D OESTE,6,175,2789,259,0,5,2308
pr,78832,SÃO JOSÉ DA BOA VISTA,1,38,2066,75,3,1,1269
pr,78859,SÃO JOSÉ DOS PINHAIS,195,3918,53974,8276,79,95,48231
pr,78875,SÃO MATEUS DO SUL,49,574,13958,665,17,16,7291
pr,78891,SÃO MIGUEL DO IGUAÇU,9,913,7017,509,7,5,6795
pr,78913,SÃO PEDRO DO IVAÍ,11,142,2658,118,1,2,2379
pr,78930,SÃO PEDRO DO PARANÁ,0,31,1041,35,0,1,598
pr,78956,SÃO SEBASTIÃO DA AMOREIRA,4,139,2202,104,0,5,2555
pr,78972,SÃO TOMÉ,2,79,2015,113,0,2,1183
pr,78999,SAPOPEMA,7,76,1734,70,1,9,1813
pr,79014,SENGÉS,7,187,6909,296,3,2,3227
pr,79030,SERTANEJA,3,86,2053,132,3,7,1529
pr,79057,SERTANÓPOLIS,10,259,6218,301,3,3,2885
pr,79073,SIQUEIRA CAMPOS,9,175,4638,258,4,6,5057
pr,79090,TAMBOARA,1,38,1637,74,1,1,1018
pr,79111,TAPEJARA,5,78,3380,200,0,3,4156
pr,79138,TEIXEIRA SOARES,5,112,3410,120,1,1,1507
pr,79154,TELÊMACO BORBA,40,818,15214,1897,10,10,17012
pr,79170,TERRA BOA,6,161,5475,185,4,5,3262
pr,79197,TERRA RICA,10,154,4465,326,1,3,3297
pr,79219,TERRA ROXA,7,147,5617,282,4,3,3429
pr,79235,TIBAGI,13,150,5529,215,0,1,4137
pr,79251,TIJUCAS DO SUL,10,154,4051,226,1,4,2551
pr,79278,TOLEDO,49,1927,31891,3018,28,44,24485
pr,79294,TOMAZINA,9,89,2918,154,2,3,1783
pr,79316,TUNEIRAS DO OESTE,2,88,3013,119,0,0,1795
pr,79332,UBIRATÃ,9,188,6191,306,7,4,5650
pr,79359,UMUARAMA,36,1685,30689,3001,36,24,16486
pr,79375,UNIÃO DA VITÓRIA,47,808,18314,1184,20,12,8875
pr,79391,UNIFLOR,1,28,689,90,0,0,798
pr,79413,URAÍ,2,214,3462,260,2,10,2945
pr,79430,WENCESLAU BRAZ,7,228,6549,274,6,3,3178
pr,79456,VERÊ,11,150,2225,121,3,7,2864
pr,79472,VITORINO,5,109,1899,102,1,1,1220
pr,79499,XAMBRÊ,1,61,1896,113,2,3,1934
pr,79510,ALTÔNIA,9,269,6466,340,4,5,3954
pr,79537,ASSIS CHATEAUBRIAND,22,455,11529,596,9,5,6679
pr,79553,QUEDAS DO IGUAÇU,14,338,6924,324,2,6,7224
pr,79570,CÉU AZUL,7,264,3725,313,0,6,2171
pr,79596,GRANDES RIOS,9,87,2097,112,2,2,1491
pr,79618,INDIANÓPOLIS,0,71,1368,87,0,1,865
pr,79634,MATINHOS,15,474,7000,1045,9,5,5353
pr,79650,NOVA AURORA,16,164,3979,269,1,6,2885
pr,79677,NOVA OLÍMPIA,2,94,1445,102,1,2,1650
pr,79693,PÉROLA,6,154,2922,127,2,3,2282
pr,79715,SANTA HELENA,15,459,6915,446,16,25,6316
pr,79731,TAPIRA,6,56,1928,64,1,0,1412
pr,79758,MARILENA,4,61,1595,90,2,0,1910
pr,79774,FRANCISCO ALVES,2,68,2028,66,1,1,1618
pr,79790,NOVA SANTA ROSA,6,140,3558,126,5,2,931
pr,79812,BOA VISTA DA APARECIDA,5,103,1890,117,4,2,2332
pr,79839,BRAGANEY,1,102,1541,57,0,1,1812
pr,79855,CAFELÂNDIA,10,187,3499,168,3,2,3107
pr,79871,TRÊS BARRAS DO PARANÁ,10,161,3634,199,1,8,2559
pr,79898,VERA CRUZ DO OESTE,3,125,2948,146,2,2,2003
pr,79910,PRANCHITA,6,106,1516,87,4,5,1867
pr,79936,TUPÃSSI,5,108,2780,147,4,2,1941
pr,79952,NOVA PRATA DO IGUAÇU,5,182,2411,141,3,3,3267
pr,79979,JESUÍTAS,7,125,3146,153,1,9,1786
pr,79995,SÃO JORGE DO PATROCÍNIO,1,93,1633,106,1,4,1762
pr,84514,CANTAGALO,8,166,2942,92,2,6,3389
pr,84530,TURVO,7,176,3347,114,0,6,4129
pr,84557,ALTAMIRA DO PARANÁ,5,51,1025,27,3,0,1442
pr,84573,FIGUEIRA,3,80,1896,113,0,2,2550
pr,84590,LUNARDELLI,5,40,1880,72,0,0,1137
pr,84611,SARANDI,35,753,20323,1812,7,16,16792
pr,84638,JURANDA,1,68,2553,116,3,5,1860
pr,84654,DOURADINA,3,50,1960,90,0,0,1847
pr,84670,SANTA TEREZINHA DE ITAIPU,9,446,6374,627,3,17,3945
pr,84697,MISSAL,7,274,3345,222,0,2,3149
pr,84719,SÃO JOSÉ DAS PALMEIRAS,1,51,1046,56,0,1,1096
rj,58009,QUISSAMÃ,7,244,2822,908,10,1,5905
rj,58017,ANGRA DOS REIS,92,1512,24688,9074,35,29,41963
rj,58025,QUATIS,7,182,2706,561,11,3,3338
rj,58033,ARARUAMA,117,1585,21092,9659,25,135,21480
rj,58041,BELFORD ROXO,337,5431,37789,30553,234,136,143492
rj,58050,BARRA DO PIRAÍ,95,1816,13260,5695,27,38,32298
rj,58068,CARDOSO MOREIRA,6,209,2651,576,8,1,4310
rj,58076,BARRA MANSA,142,3387,27921,9129,80,45,56897
rj,58084,VARRE E SAI,4,211,2618,437,3,0,1904
rj,58092,BOM JARDIM,15,603,6478,1397,6,10,5501
rj,58106,GUAPIMIRIM,34,542,5504,2820,33,31,14166
rj,58114,BOM JESUS DO ITABAPOANA,17,637,8043,1800,14,9,9982
rj,58122,QUEIMADOS,87,1641,9836,9520,65,36,44716
rj,58130,CABO FRIO,80,3259,24441,13357,64,36,34258
rj,58149,JAPERI,46,1126,8165,5446,63,16,30054
rj,58157,CACHOEIRAS DE MACACU,29,971,9179,3950,27,51,13630
rj,58165,COMENDADOR LEVY GASPARIAN,12,136,1203,593,2,2,2848
rj,58173,CAMBUCI,13,272,3327,900,6,8,4351
rj,58181,APERIBÉ,8,156,2147,445,3,3,2690
rj,58190,CAMPOS,252,9408,65547,43116,216,108,114943
rj,58203,RIO DAS OSTRAS,37,1229,8769,5102,19,16,15024
rj,58211,CANTAGALO,13,400,6484,1196,28,9,4209
rj,58220,AREAL,6,209,3548,607,2,1,2178
rj,58238,CARMO,6,280,3461,861,11,2,5099
rj,58246,PINHEIRAL,25,334,2437,1163,6,6,7450
rj,58254,CASIMIRO DE ABREU,17,466,5045,1848,5,6,7454
rj,58262,IGUABA GRANDE,15,473,4084,2091,12,6,4696
rj,58270,CONCEIÇÃO DE MACABU,11,430,4236,903,4,2,5670
rj,58289,SÃO FRANCISCO DE ITABAPOANA,31,390,10339,2234,21,9,8752
rj,58297,CORDEIRO,14,524,4410,1528,21,5,4574
rj,58300,CARAPEBUS,6,145,2312,657,4,1,3416
rj,58319,DUAS BARRAS,15,243,2977,531,5,0,2020
rj,58327,PORTO REAL,5,169,2208,653,13,11,5080
rj,58335,DUQUE DE CAXIAS,605,10463,92015,65354,392,249,260010
rj,58343,SÃO JOSÉ DE UBÁ,3,157,2194,364,11,2,1717
rj,58351,ENGENHEIRO PAULO DE FRONTIN,23,248,2599,1052,12,6,4092
rj,58360,TANGUÁ,16,353,3867,1505,30,45,9975
rj,58378,ITABORAÍ,183,2738,21446,14052,239,158,65760
rj,58386,MACUCO,3,109,1847,321,2,4,2041
rj,58394,ITAGUAÍ,72,1364,17784,7471,112,28,28172
rj,58408,ARMAÇÃO DE BÚZIOS,9,823,5101,2058,5,9,5670
rj,58416,ITAOCARA,17,398,6276,1434,13,5,5601
rj,58424,SEROPÉDICA,54,1008,11144,6516,24,21,15575
rj,58432,ITAPERUNA,60,1593,20539,5166,136,36,25016
rj,58440,ITATIAIA,9,424,5980,1400,6,2,7329
rj,58459,LAJE DO MURIAÉ,6,190,1864,427,4,1,2279
rj,58467,MESQUITA,178,3360,19789,19459,141,50,52504
rj,58475,MACAÉ,118,2584,20073,9792,53,27,46387
rj,58491,MAGÉ,124,2542,20149,13160,64,41,77079
rj,58513,MANGARATIBA,26,656,6260,3475,14,7,10353
rj,58530,MARICÁ,93,1789,15965,9327,38,25,22630
rj,58556,MENDES,10,459,3453,1556,10,2,5407
rj,58572,MIGUEL PEREIRA,26,567,6016,2259,11,7,6047
rj,58599,MIRACEMA,9,594,5291,1147,18,16,7354
rj,58610,NATIVIDADE,12,274,4242,1035,4,1,3292
rj,58637,NILÓPOLIS,200,3784,18952,19592,143,63,49844
rj,58653,NITERÓI,455,24153,85685,56440,335,274,109684
rj,58670,NOVA FRIBURGO,155,5140,49797,13592,129,67,34719
rj,58696,NOVA IGUAÇU,687,11125,90977,65597,578,254,219573
rj,58718,PARACAMBI,37,819,7186,3662,45,15,12039
rj,58734,PARAÍBA DO SUL,41,953,10082,3189,142,11,9186
rj,58750,PARATI,17,385,7702,1443,56,5,6825
rj,58777,PETRÓPOLIS,350,8325,76817,26713,219,151,60765
rj,58793,PIRAÍ,13,436,3935,1563,14,6,7735
rj,58815,PORCIÚNCULA,5,332,3508,527,5,7,4838
rj,58831,RESENDE,81,2080,24549,5237,48,32,26127
rj,58858,RIO BONITO,42,1190,12287,4030,33,175,13695
rj,58874,RIO CLARO,8,304,3265,607,10,7,5863
rj,58890,RIO DAS FLORES,2,111,1793,453,2,2,2602
rj,58912,SANTA MARIA MADALENA,9,191,2700,684,4,9,2071
rj,58939,SANTO ANTÔNIO DE PÁDUA,26,815,8660,1848,23,16,10855
rj,58955,SÃO FIDÉLIS,19,621,10012,3077,24,11,7177
rj,58971,SÃO GONÇALO,865,19641,91298,79250,753,361,285350
rj,58998,SÃO JOÃO DA BARRA,31,577,6055,2605,12,15,8973
rj,59013,SÃO JOÃO DE MERITI,417,7467,49641,43995,454,193,160041
rj,59030,SÃO PEDRO DA ALDEIA,49,1245,10514,6151,21,26,19708
rj,59056,SÃO SEBASTIÃO DO ALTO,8,116,2658,360,4,2,1984
rj,59072,SAPUCAIA,8,321,4826,716,5,3,5090
rj,59099,SAQUAREMA,62,1043,13174,5672,7,57,15885
rj,59110,SILVA JARDIM,12,460,4976,1005,13,16,4321
rj,59137,SUMIDOURO,10,216,5364,585,6,4,3192
rj,59153,TERESÓPOLIS,166,3355,46245,9783,124,54,25358
rj,59170,TRAJANO DE MORAIS,8,191,2318,459,24,5,3143
rj,59196,TRÊS RIOS,61,1397,11395,5649,31,19,25200
rj,59218,VALENÇA,62,1675,12887,3983,27,30,22790
rj,59234,VASSOURAS,34,564,8704,2196,9,8,8444
rj,59250,VOLTA REDONDA,314,6286,35289,19372,85,76,100848
rj,59277,ARRAIAL DO CABO,12,879,5233,2802,7,14,6930
rj,59293,ITALVA,8,437,2989,700,4,2,3728
rj,59315,PATI DO ALFERES,27,485,6657,1467,22,6,5892
rj,59331,SÃO JOSÉ DO VALE DO RIO PRETO,7,299,6900,783,8,6,2883
rj,60011,RIO DE JANEIRO,6571,193639,1023425,692272,3408,2832,1470652
rn,16004,TENENTE LAURENTINO CRUZ,8,55,507,108,2,2,2448
rn,16012,ACARI,25,184,2208,271,3,7,4089
rn,16020,SERRA DO MEL,5,49,1320,126,0,0,4044
rn,16039,AÇU,52,443,6787,733,5,3,19188
rn,16047,CAIÇARA DO NORTE,7,38,1172,124,2,1,2245
rn,16055,AFONSO BEZERRA,19,150,1890,269,1,4,4118
rn,16063,SÃO MIGUEL DO GOSTOSO,11,54,1135,64,2,3,3271
rn,16071,ÁGUA NOVA,4,18,119,24,0,0,1453
rn,16080,ITAJÁ,6,49,1354,62,1,1,2857
rn,16098,ALEXANDRIA,25,165,1035,148,1,8,5955
rn,16101,BODÓ,3,30,371,30,1,0,1428
rn,16110,ALMINO AFONSO,14,55,641,89,3,8,2752
rn,16128,TRIUNFO POTIGUAR,10,41,706,66,1,0,1766
rn,16136,ALTO DO RODRIGUES,7,76,1358,266,2,3,4960
rn,16144,FERNANDO PEDROSA,6,36,757,55,0,3,1274
rn,16152,ANGICOS,26,140,2538,178,1,2,4168
rn,16160,MAJOR SALES,9,8,162,17,1,2,1734
rn,16179,ANTÔNIO MARTINS,11,79,580,72,1,2,3519
rn,16187,VENHA VER,5,13,437,43,2,1,1527
rn,16195,APODI,37,408,3828,477,4,7,14871
rn,16209,SERRINHA DOS PINTOS,9,37,679,48,1,1,2086
rn,16217,AREIA BRANCA,41,333,3952,1155,6,3,9091
rn,16225,TIBAU,4,45,514,84,2,1,1528
rn,16233,ARÊS,20,173,1444,174,0,6,5554
rn,16241,SANTA MARIA,7,30,906,61,0,2,1758
rn,16250,CAMPO GRANDE,13,75,942,96,2,2,4496
rn,16268,RIO DO FOGO,12,58,2715,157,0,0,2915
rn,16276,BAÍA FORMOSA,25,93,1326,211,4,4,2703
rn,16284,PORTO DO MANGUE,8,29,447,104,0,0,2168
rn,16292,BARCELONA,5,55,1191,126,2,1,1504
rn,16306,JUNDIÁ,8,37,755,36,2,2,1302
rn,16314,BENTO FERNANDES,9,35,883,87,1,0,2069
rn,16330,BOM JESUS,8,89,1964,123,5,2,2832
rn,16357,BREJINHO,33,113,2531,152,0,3,2870
rn,16373,CAIÇARA DO RIO DO VENTO,11,53,1225,75,1,2,1304
rn,16390,CAICÓ,72,1115,10685,1492,23,13,19533
rn,16411,CAMPO REDONDO,20,77,815,107,0,2,4240
rn,16438,CANGUARETAMA,41,368,3427,477,4,16,9885
rn,16454,CARAÚBAS,36,166,2236,168,1,3,9446
rn,16470,CARNAÚBA DOS DANTAS,11,56,1965,203,12,9,2132
rn,16497,CARNAUBAIS,7,78,1940,135,0,1,3766
rn,16519,CEARÁ-MIRIM,64,625,8917,1181,57,21,21184
rn,16535,CERRO-CORÁ,27,104,1914,138,2,1,3106
rn,16551,CORONEL EZEQUIEL,15,53,780,113,0,1,1945
rn,16578,CORONEL JOÃO PESSOA,14,30,272,27,0,2,2113
rn,16594,CRUZETA,7,90,1406,105,15,4,3241
rn,16616,CURRAIS NOVOS,32,531,7818,847,13,9,13449
rn,16632,DOUTOR SEVERIANO,4,54,450,75,0,2,3136
rn,16659,ENCANTO,5,30,227,82,0,1,2468
rn,16675,EQUADOR,15,82,763,77,0,1,2162
rn,16691,ESPÍRITO SANTO,24,117,1635,186,1,1,2651
rn,16713,EXTREMOZ,18,228,4254,613,6,5,6958
rn,16730,FELIPE GUERRA,11,64,656,118,1,5,3570
rn,16756,FLORÂNIA,15,91,1610,171,6,8,3649
rn,16772,FRANCISCO DANTAS,6,47,427,45,2,0,1432
rn,16799,GALINHOS,2,25,749,70,2,2,884
rn,16810,GOIANINHA,54,228,3802,367,6,6,7358
rn,16837,GOVERNADOR DIX-SEPT ROSADO,18,127,1683,243,2,4,5174
rn,16853,GROSSOS,7,49,1429,169,0,2,3527
rn,16870,GUAMARÉ,14,84,1918,400,3,71,4832
rn,16896,IELMO MARINHO,16,73,2052,146,2,3,4402
rn,16918,IPANGUAÇU,20,64,1621,158,0,3,6670
rn,16934,IPUEIRA,3,53,335,61,3,1,935
rn,16950,ITAÚ,5,58,463,72,1,4,2762
rn,16977,JAÇANÃ,9,43,1360,140,2,1,2467
rn,16993,JANDAÍRA,10,61,1204,77,2,1,2379
rn,17019,JANDUÍS,2,40,692,65,1,0,2544
rn,17035,BOA SAÚDE,23,71,1466,106,0,1,2866
rn,17051,JAPI,17,24,1284,49,0,1,2104
rn,17078,JARDIM DE ANGICOS,4,34,428,77,0,2,1443
rn,17094,JARDIM DE PIRANHAS,21,139,1391,94,0,1,5890
rn,17116,JARDIM DO SERIDÓ,21,185,2575,312,8,5,4349
rn,17132,JOÃO CÂMARA,32,288,5283,370,6,6,10950
rn,17159,JOÃO DIAS,9,10,118,14,0,1,1710
rn,17175,JOSÉ DA PENHA,13,38,329,73,0,1,3288
rn,17191,JUCURUTU,35,159,3992,351,2,4,6493
rn,17213,MESSIAS TARGINO,5,55,635,76,0,2,1910
rn,17230,LAGOA D ANTA,10,63,943,100,0,1,2130
rn,17256,LAGOA DE PEDRAS,18,43,1619,56,2,3,2242
rn,17272,LAGOA DE VELHOS,8,45,503,75,0,3,1229
rn,17299,LAGOA NOVA,14,99,2720,134,1,3,4355
rn,17310,LAGOA SALGADA,18,70,2082,153,2,3,2826
rn,17337,LAJES,9,109,1755,249,2,3,4023
rn,17353,LAJES PINTADAS,10,47,900,76,2,1,2027
rn,17370,LUCRÉCIA,9,61,152,61,1,1,1873
rn,17396,LUIS GOMES,23,78,490,86,0,3,4564
rn,17418,MACAÍBA,91,685,11640,1093,13,11,16416
rn,17434,MACAU,22,282,4075,896,7,9,11549
rn,17450,MARCELINO VIEIRA,17,50,403,80,4,2,3931
rn,17477,MARTINS,17,92,1812,116,0,1,2550
rn,17493,MAXARANGUAPE,8,79,2070,186,1,5,3002
rn,17515,FRUTUOSO GOMES,9,43,275,59,0,1,2204
rn,17531,MONTANHAS,25,99,974,140,3,1,4285
rn,17558,MONTE ALEGRE,35,154,4082,290,8,3,4564
rn,17574,MONTE DAS GAMELEIRAS,13,20,242,41,0,2,1339
rn,17590,MOSSORÓ,153,3141,33824,6126,61,78,71888
rn,17612,NATAL,799,19615,144686,36680,302,412,179668
rn,17639,NÍSIA FLORESTA,18,219,3187,482,6,13,6632
rn,17655,NOVA CRUZ,61,367,7369,647,2,9,9660
rn,17671,OLHO D ÁGUA DO BORGES,15,42,786,64,0,0,1961
rn,17698,OURO BRANCO,18,69,1108,104,0,3,1828
rn,17710,PARANÁ,7,32,203,44,0,0,2014
rn,17736,PARAÚ,4,27,638,53,2,0,2187
rn,17752,PARAZINHO,6,18,1077,56,1,0,1605
rn,17779,PARELHAS,27,393,3828,478,10,6,7117
rn,17795,PARNAMIRIM,134,2379,25644,5178,45,55,28777
rn,17817,PASSA E FICA,18,71,1341,101,0,2,2977
rn,17833,PASSAGEM,8,26,788,43,1,1,1215
rn,17850,PATU,14,167,1464,187,3,5,4697
rn,17876,PAU DOS FERROS,27,294,2727,435,7,3,9562
rn,17892,PEDRA GRANDE,5,40,615,44,1,2,1755
rn,17914,PEDRA PRETA,13,13,732,76,0,1,1389
rn,17930,PEDRO AVELINO,12,89,2292,183,2,3,1893
rn,17957,PEDRO VELHO,19,164,1807,192,4,3,5202
rn,17973,PENDÊNCIAS,15,90,1807,238,1,4,5011
rn,17990,PILÕES,7,44,284,37,0,0,1727
rn,18015,POÇO BRANCO,23,96,2001,160,0,8,4423
rn,18031,PORTALEGRE,13,69,2079,120,1,2,1751
rn,18058,SERRA CAIADA,18,67,1197,84,1,2,3325
rn,18074,PUREZA,8,57,1438,132,2,1,2639
rn,18090,RAFAEL FERNANDES,5,33,407,67,1,2,2260
rn,18112,RIACHO DA CRUZ,1,40,415,57,1,0,1383
rn,18139,RIACHO DE SANTANA,6,38,246,46,1,0,2005
rn,18155,RIACHUELO,7,69,1237,127,4,3,2586
rn,18171,RODOLFO FERNANDES,10,38,599,58,0,2,2453
rn,18198,RUY BARBOSA,10,26,1118,91,8,0,1071
rn,18210,SÃO FRANCISCO DO OESTE,8,23,556,86,0,0,1558
rn,18236,SANTA CRUZ,58,228,4621,641,7,7,11583
rn,18252,SANTANA DO SERIDÓ,6,45,404,42,5,5,1109
rn,18279,SANTANA DO MATOS,25,148,3019,422,1,2,4503
rn,18295,SANTO ANTÔNIO,31,223,1733,271,8,8,8691
rn,18317,SÃO BENTO DO NORTE,3,43,525,74,0,2,1600
rn,18333,SÃO BENTO DO TRAIRI,26,14,576,78,1,1,1654
rn,18350,SÃO FERNANDO,5,37,734,87,0,0,1530
rn,18376,SÃO GONÇALO DO AMARANTE,79,731,16192,2175,34,30,22215
rn,18392,SÃO JOÃO DO SABUGI,6,112,1122,91,9,3,2698
rn,18414,SÃO JOSÉ DE MIPIBU,56,282,5609,834,5,14,11651
rn,18430,SÃO JOSÉ DE CAMPESTRE,22,127,1782,210,3,4,4183
rn,18457,SÃO JOSÉ DO SERIDÓ,8,94,1046,140,1,0,1534
rn,18473,SÃO MIGUEL,57,178,1725,167,1,10,8410
rn,18490,SÃO PAULO DO POTENGI,21,172,3672,213,12,3,4577
rn,18511,SÃO PEDRO,12,36,1489,96,0,2,2883
rn,18538,SÃO RAFAEL,16,55,1157,142,2,30,3627
rn,18554,SÃO TOMÉ,19,104,1371,179,1,3,4343
rn,18570,SÃO VICENTE,10,50,671,147,2,6,2605
rn,18597,SENADOR ELÓI DE SOUZA,13,42,1331,105,0,0,1443
rn,18619,SENADOR GEORGINO AVELINO,9,44,942,69,0,1,1418
rn,18635,SERRA DE SÃO BENTO,23,43,871,143,1,4,2060
rn,18651,SERRA NEGRA DO NORTE,9,88,1228,87,2,3,3091
rn,18678,SERRINHA,15,68,966,125,1,0,3044
rn,18694,SEVERIANO MELO,17,95,799,125,1,0,3566
rn,18716,SÍTIO NOVO,3,28,800,72,0,2,1877
rn,18732,TABOLEIRO GRANDE,3,24,463,85,2,1,973
rn,18759,TAIPU,9,81,2045,160,0,5,3779
rn,18775,TANGARÁ,26,144,2771,307,6,5,3915
rn,18791,TENENTE ANANIAS,17,57,1188,92,2,1,3789
rn,18813,TIBAU DO SUL,9,147,1977,230,2,6,2760
rn,18830,TIMBAÚBA DOS BATISTAS,5,45,704,60,0,0,902
rn,18856,TOUROS,27,164,5110,523,4,6,8298
rn,18872,UMARIZAL,13,121,1115,133,1,6,5229
rn,18899,UPANEMA,13,182,1508,173,12,11,5250
rn,18910,VÁRZEA,3,59,1077,84,1,1,1798
rn,18937,RAFAEL GODEIRO,10,31,272,75,1,3,1758
rn,18953,VERA CRUZ,23,96,2404,112,2,2,3232
rn,18970,VIÇOSA,1,19,185,25,1,0,837
rn,18996,VILA FLOR,3,38,488,32,7,1,1049
rn,30031,BARAÚNA,17,160,2620,231,4,6,7154
ro,00019,GUAJARÁ-MIRIM,11,374,7142,1415,9,4,9897
ro,00035,PORTO VELHO,362,5710,59003,19046,291,104,106965
ro,00051,JI-PARANÁ,48,1186,27804,2983,23,75,22950
ro,00078,ARIQUEMES,54,709,20400,1629,22,15,17520
ro,00094,CACOAL,53,912,18883,1947,23,57,16576
ro,00116,PIMENTA BUENO,18,337,10118,785,11,10,5826
ro,00132,VILHENA,52,618,16918,1499,14,17,12149
ro,00159,JARU,50,435,16823,1497,10,12,8690
ro,00175,OURO PRETO DO OESTE,42,425,11298,873,6,13,7566
ro,00191,PRESIDENTE MÉDICI,11,183,6128,615,5,6,4973
ro,00213,COSTA MARQUES,5,87,2734,256,1,1,2698
ro,00230,COLORADO DO OESTE,13,232,5282,262,1,11,4343
ro,00256,ESPIGÃO DO OESTE,51,165,8205,457,8,15,5672
ro,00272,CEREJEIRAS,10,134,6383,293,1,3,2788
ro,00299,ROLIM DE MOURA,26,559,11402,757,34,32,11326
ro,00310,ALTA FLORESTA DO OESTE,17,186,6392,300,4,37,6242
ro,00337,ALVORADA DO OESTE,12,110,4616,184,4,3,3773
ro,00353,SANTA LUZIA DO OESTE,12,81,2807,166,1,7,2226
ro,00370,NOVA BRASILÂNDIA,23,121,5677,254,12,7,4192
ro,00396,MACHADINHO DO OESTE,18,195,8634,614,50,11,5453
ro,00418,SÃO MIGUEL DO GUAPORÉ,16,101,5018,181,2,4,3985
ro,00434,NOVA MAMORÉ,15,110,5468,268,7,1,2482
ro,00450,CABIXI,4,41,1804,97,2,2,1560
ro,00477,CANDEIAS DO JAMARI,11,119,2426,494,6,10,4737
ro,00493,ITAPUÃ DO OESTE,7,57,1412,153,8,5,1741
ro,00515,NOVO HORIZONTE DO OESTE,11,95,2269,145,5,5,2991
ro,00531,CASTANHEIRAS,3,44,950,103,0,1,1183
ro,00558,VALE DO PARAÍSO,9,48,2663,135,2,3,1895
ro,00566,URUPÁ,7,79,3902,162,1,2,2580
ro,00574,MIRANTE DA SERRA,10,84,3478,168,6,3,2906
ro,00582,SERINGUEIRAS,6,68,3095,129,1,3,2675
ro,00590,THEOBROMA,8,47,3272,313,0,2,1925
ro,00604,MINISTRO ANDREAZZA,7,64,2319,108,0,2,2147
ro,00612,GOVERNADOR JORGE TEIXEIRA,12,57,3398,196,1,2,1564
ro,00620,CACAULÂNDIA,5,63,1837,79,0,3,1187
ro,00639,ALTO PARAÍSO,6,104,3393,164,0,27,3893
ro,00647,RIO CRESPO,2,29,912,59,3,1,752
ro,00655,CORUMBIARA,4,35,2540,168,1,1,1447
ro,00663,MONTE NEGRO,6,94,3930,209,2,1,2873
ro,00671,CAMPO NOVO DE RONDÔNIA,3,29,2574,90,0,1,1753
ro,00680,CUJUBIM,6,46,2867,117,2,1,1607
ro,00698,VALE DO ANARI,3,46,2735,116,11,4,1253
ro,00701,PARECIS,0,29,1210,69,0,2,1109
ro,00710,SÃO FELIPE DO OESTE,6,25,2060,127,7,3,1373
ro,00728,PRIMAVERA DE RONDÔNIA,3,33,1415,107,1,1,875
ro,00736,ALTO ALEGRE DOS PARECIS,13,45,2475,144,5,6,2495
ro,00744,NOVA UNIÃO,9,46,1898,92,1,3,1911
ro,00752,TEIXEIRÓPOLIS,7,34,1710,73,1,4,1107
ro,00779,BURITIS,14,134,7900,352,6,7,5597
ro,00787,PIMENTEIRAS DO OESTE,0,12,644,57,1,2,586
ro,00795,SÃO FRANCISCO DO GUAPORÉ,5,71,4091,180,2,2,2327
ro,00809,CHUPINGUAIA,10,37,1782,66,1,3,1257
rr,03000,CAROEBE,11,37,2063,125,2,1,1501
rr,03018,BOA VISTA,317,3222,77122,17973,111,69,26711
rr,03026,IRACEMA,17,38,1884,202,1,0,1269
rr,03034,CARACARAÍ,12,95,4154,371,6,2,2779
rr,03042,AMAJARÍ,3,29,1836,164,0,1,754
rr,03050,ALTO ALEGRE,18,64,3207,570,4,2,1749
rr,03069,CANTÁ,16,80,3754,527,5,4,1324
rr,03077,BONFIM,8,39,2850,290,0,0,884
rr,03085,RORAINÓPOLIS,13,56,3309,353,5,5,3877
rr,03093,MUCAJAÍ,21,82,3777,428,1,2,2369
rr,03107,UIRAMUTÃ,2,27,1214,23,2,1,1254
rr,03115,NORMANDIA,1,35,1916,141,6,1,1110
rr,03123,PACARAIMA,1,60,2523,320,1,1,918
rr,03131,SÃO JOÃO DO BALIZA,4,44,1647,243,0,1,1327
rr,03158,SÃO LUIZ DO ANAUÁ,10,48,1652,304,1,2,1607
rs,84735,ÁUREA,3,45,1644,55,1,0,690
rs,84743,TRÊS ARROIOS,2,60,1041,46,3,3,849
rs,84751,NOVA ROMA DO SUL,7,39,1544,52,2,1,539
rs,84760,PROGRESSO,10,184,2071,110,3,3,1424
rs,84778,PIRAPÓ,1,37,939,36,0,0,745
rs,84786,JABOTICABA,4,228,1061,37,0,1,1053
rs,84794,SÃO JORGE,1,62,1388,58,10,5,500
rs,84808,ALTO ALEGRE,1,287,649,39,3,3,322
rs,84816,NOVA HARTZ,3,363,4488,344,5,3,4858
rs,84824,DOIS LAJEADOS,3,59,1489,112,0,1,497
rs,84832,SÃO DOMINGOS DO SUL,0,49,1079,87,7,0,646
rs,84840,TUNAS,3,49,1241,22,1,1,1343
rs,84859,SÃO JOÃO DA URTIGA,3,91,1697,53,3,1,1317
rs,84867,GUABIJU,1,29,794,32,1,1,205
rs,84875,QUINZE DE NOVEMBRO,2,190,1561,112,5,1,726
rs,84883,DOUTOR MAURÍCIO CARDOSO,5,100,2301,84,2,0,1342
rs,84891,CAPELA DE SANTANA,4,153,3202,241,1,0,2219
rs,84905,JAQUIRANA,1,101,1756,56,2,1,708
rs,84913,VANINI,2,38,750,75,0,0,322
rs,84921,BOQUEIRÃO DO LEÃO,8,289,2418,114,0,0,1989
rs,84930,FAGUNDES VARELA,7,175,1107,59,3,1,360
rs,84948,ÁGUA SANTA,0,85,1578,54,0,1,635
rs,84956,SILVEIRA MARTINS,5,56,1165,100,1,0,478
rs,84964,IBIRAPUITÃ,3,66,1510,58,1,2,929
rs,84972,IBARAMA,3,94,1322,80,1,3,1332
rs,84980,PÂNTANO GRANDE,5,259,3525,208,5,1,2256
rs,84999,IPÊ,5,155,2564,121,4,5,856
rs,85006,TRINDADE DO SUL,8,331,1274,41,2,2,1747
rs,85014,AGUDO,30,281,5996,392,10,10,3510
rs,85022,ERNESTINA,4,112,1311,85,0,2,744
rs,85030,AJURICABA,4,222,3013,134,6,0,1494
rs,85049,DEZESSEIS DE NOVEMBRO,3,55,1065,50,0,1,664
rs,85057,ALECRIM,9,146,2344,152,2,2,2210
rs,85065,BROCHIER,7,234,1868,78,0,0,949
rs,85073,ALEGRETE,41,992,25376,2297,18,16,17403
rs,85081,EREBANGO,1,35,1052,51,0,0,687
rs,85090,ALPESTRE,5,197,1869,143,2,2,2832
rs,85103,ENTRE IJUÍS,7,279,2870,146,3,0,2595
rs,85111,ALVORADA,152,3276,50621,11099,52,36,34624
rs,85120,NOVA ESPERANÇA DO SUL,6,358,2007,68,0,1,567
rs,85138,ANTA GORDA,3,147,2737,132,1,4,824
rs,85146,PAVERAMA,3,107,2692,145,0,4,1740
rs,85154,ANTÔNIO PRADO,16,244,5988,307,6,7,1734
rs,85162,TERRA DE AREIA,7,99,2868,178,4,1,1844
rs,85170,ARATIBA,2,44,2436,124,0,3,1974
rs,85189,HARMONIA,11,65,1826,97,2,0,796
rs,85197,ARROIO DO MEIO,14,479,7135,510,4,10,3468
rs,85200,CAMPOS BORGES,9,254,1106,65,0,0,788
rs,85219,ARROIO DOS RATOS,12,258,4770,467,4,2,2165
rs,85227,CERRO GRANDE,3,286,501,22,1,0,777
rs,85235,ARROIO DO TIGRE,17,224,4422,221,30,7,2930
rs,85243,IPIRANGA DO SUL,2,18,1209,22,1,2,206
rs,85251,ARROIO GRANDE,19,978,6219,508,7,2,4013
rs,85260,LAGOÃO,4,119,1728,65,3,5,1501
rs,85278,ARVOREZINHA,13,671,3037,182,10,4,1958
rs,85286,ESTAÇÃO,3,114,2897,96,1,2,1008
rs,85294,AUGUSTO PESTANA,6,257,2946,147,1,8,1689
rs,85308,ARROIO DO SAL,3,182,2287,293,2,0,1076
rs,85316,BAGÉ,71,1382,33019,3549,26,15,28338
rs,85324,SÃO JOSÉ DO HORTÊNCIO,2,53,1618,66,6,2,818
rs,85332,BARÃO DE COTEGIPE,5,84,2481,102,0,2,1366
rs,85340,PINHAL,2,135,752,34,0,1,529
rs,85359,BARRACÃO,7,61,1620,62,0,5,1225
rs,85367,TRÊS CACHOEIRAS,5,191,3317,238,4,4,2218
rs,85375,BARRA DO RIBEIRO,6,146,4627,375,11,3,2130
rs,85383,SÃO VENDELINO,1,33,1036,52,2,0,329
rs,85391,BARROS CASSAL,17,134,4139,125,9,7,1870
rs,85405,PROTÁSIO ALVES,8,39,1252,68,1,0,192
rs,85413,BENTO GONÇALVES,51,2223,38943,2923,33,37,15898
rs,85421,POUSO NOVO,1,59,665,34,0,0,538
rs,85430,BOA VISTA DO BURICÁ,4,80,2447,147,4,1,1564
rs,85448,EUGÊNIO DE CASTRO,2,89,1280,31,1,1,630
rs,85456,BOM JESUS,7,165,4928,164,2,3,1309
rs,85464,CRISTAL,3,106,2648,137,2,0,1446
rs,85472,BOM RETIRO DO SUL,7,159,5155,269,1,5,1499
rs,85480,SÃO MIGUEL DAS MISSÕES,8,246,2343,95,0,1,1919
rs,85499,BOSSOROCA,11,108,2142,107,3,1,1911
rs,85502,GLORINHA,5,97,3021,192,3,1,909
rs,85510,BRAGA,2,116,963,35,1,0,1113
rs,85529,SEGREDO,5,86,2269,96,0,3,1915
rs,85537,BUTIÁ,18,472,6788,652,4,4,3852
rs,85545,ALEGRIA,8,83,1565,138,2,1,1228
rs,85553,CAÇAPAVA DO SUL,37,661,11088,866,6,4,8356
rs,85561,SALDANHA MARINHO,2,83,1308,38,2,1,620
rs,85570,CACEQUI,15,212,4337,390,3,3,3255
rs,85588,SÃO JOSÉ DO HERVAL,1,69,733,12,0,0,606
rs,85596,CACHOEIRA DO SUL,60,1894,32307,3311,30,26,14121
rs,85600,VISTA ALEGRE,0,32,822,41,0,2,923
rs,85618,CACHOEIRINHA,93,2223,37125,7738,41,25,23248
rs,85626,IVORÁ,2,58,948,67,3,1,440
rs,85634,CACIQUE DOBLE,2,88,1551,55,0,0,961
rs,85642,VILA MARIA,6,36,1864,60,1,1,733
rs,85650,CAIBATÉ,1,111,1339,80,3,2,1549
rs,85669,TAQUARUÇÚ DO SUL,1,24,890,36,1,1,968
rs,85677,CAIÇARA,9,214,1710,131,5,0,1321
rs,85685,IMBÉ,11,238,5533,539,2,3,2363
rs,85693,CAMAQUÃ,27,1253,25770,1751,21,14,9275
rs,85707,SEDE NOVA,3,20,993,36,1,3,803
rs,85715,CAMBARÁ DO SUL,4,141,2714,145,4,2,970
rs,85723,TUPANDI,2,36,1772,57,0,1,462
rs,85731,CAMPINA DAS MISSÕES,11,242,2301,158,6,3,1562
rs,85740,RIOZINHO,3,67,1713,82,1,2,1021
rs,85758,CAMPINAS DO SUL,2,137,2558,71,3,2,842
rs,85766,RELVADO,2,47,994,36,1,0,429
rs,85774,CAMPO BOM,37,811,22101,1765,16,15,12947
rs,85782,IMIGRANTE,3,37,1175,62,3,1,635
rs,85790,CAMPO NOVO,5,158,1568,135,1,1,1632
rs,85804,CIDREIRA,14,150,3217,531,3,0,1971
rs,85812,CANDELÁRIA,32,470,10818,584,11,5,6230
rs,85820,MONTAURI,1,67,760,38,0,0,213
rs,85839,CÂNDIDO GODÓI,7,137,3285,141,3,5,1082
rs,85847,VISTA GAÚCHA,5,28,982,60,2,1,722
rs,85855,CANELA,18,1028,15921,825,10,9,3437
rs,85863,VISTA ALEGRE DO PRATA,0,21,804,48,0,1,292
rs,85871,CANGUÇÚ,39,784,21108,1292,12,15,10350
rs,85880,CASEIROS,2,51,1254,39,0,0,458
rs,85898,CANOAS,260,6433,93364,19793,86,65,69291
rs,85901,ITACURUBI,3,123,1053,56,1,0,753
rs,85910,CARAZINHO,23,1501,21091,1415,19,20,10949
rs,85928,ENTRE RIOS DO SUL,1,43,1108,29,2,1,803
rs,85936,CARLOS BARBOSA,22,728,8834,801,10,8,4527
rs,85944,CERRO GRANDE DO SUL,5,253,3435,110,23,3,1239
rs,85952,CASCA,7,241,3597,185,3,0,1329
rs,85960,CAMARGO,0,69,1185,43,1,0,370
rs,85979,CATUÍPE,9,793,3613,180,3,3,2128
rs,85987,PARAÍSO DO SUL,6,185,3081,136,7,10,1477
rs,85995,CAXIAS DO SUL,315,8475,138225,16032,197,128,62352
rs,86010,CERRO LARGO,11,243,3825,364,5,5,3120
rs,86029,FAXINALZINHO,4,54,843,29,1,0,610
rs,86037,CHAPADA,10,220,4322,115,2,3,1663
rs,86045,AMARAL FERRADOR,4,468,1917,59,2,4,1113
rs,86053,CHIAPETTA,1,98,1476,91,1,1,1057
rs,86061,VILA FLORES,2,59,1782,86,3,0,400
rs,86070,CIRÍACO,4,86,1695,118,0,1,999
rs,86088,CERRO BRANCO,1,242,1579,84,0,5,1126
rs,86096,COLORADO,4,89,1783,51,3,2,627
rs,86100,ANDRÉ DA ROCHA,1,23,704,47,0,1,164
rs,86118,CONDOR,5,317,2754,88,2,5,1312
rs,86126,POÇO DAS ANTAS,1,34,953,45,9,0,410
rs,86134,CONSTANTINA,8,261,3100,156,5,2,2304
rs,86142,TRÊS PALMEIRAS,5,409,1180,55,1,0,1118
rs,86150,CORONEL BICACO,7,287,2211,112,2,0,1999
rs,86169,NOVA ALVORADA,6,34,1344,51,1,0,515
rs,86177,CRISSIUMAL,12,309,4517,225,7,1,4312
rs,86185,MORRO REDONDO,8,65,2459,185,1,4,1233
rs,86193,CRUZ ALTA,24,1152,20672,1646,16,3,14239
rs,86207,SANTA MARIA DO HERVAL,13,91,2733,109,3,8,1248
rs,86215,CRUZEIRO DO SUL,15,297,4368,307,4,5,2351
rs,86223,BARÃO,2,63,2314,85,1,6,961
rs,86231,DAVID CANABARRO,3,172,1782,78,0,2,884
rs,86240,ELDORADO DO SUL,24,954,8357,1265,7,8,6086
rs,86258,DOIS IRMÃOS,11,361,9115,578,5,4,6186
rs,86274,DOM FELICIANO,11,187,5189,231,5,4,2400
rs,86282,ALTO FELIZ,4,53,1253,67,3,0,410
rs,86290,DOM PEDRITO,20,520,12931,1007,13,9,8071
rs,86304,AMETISTA DO SUL,7,359,2749,74,2,3,1244
rs,86312,DONA FRANCISCA,7,83,1569,87,2,6,671
rs,86320,ARAMBARÉ,3,163,1420,147,0,0,564
rs,86339,ENCANTADO,9,321,7618,522,7,6,3356
rs,86347,BARÃO DO TRIUNFO,6,61,2967,74,2,2,544
rs,86355,ENCRUZILHADA DO SUL,17,966,8970,531,5,3,4156
rs,86363,BARRA DO GUARITA,3,22,1028,43,0,0,646
rs,86371,ERECHIM,47,1695,30167,2126,27,21,19576
rs,86380,BARRA DO RIO AZUL,2,97,667,36,0,1,645
rs,86398,HERVAL,6,310,1948,195,5,1,1788
rs,86401,BARRA FUNDA,1,361,770,52,0,0,540
rs,86410,ERVAL GRANDE,2,64,1483,95,0,1,1418
rs,86428,BOA VISTA DAS MISSÕES,0,88,640,48,1,2,568
rs,86436,ERVAL SECO,3,364,1841,119,1,0,2405
rs,86444,BOM PROGRESSO,2,54,828,29,1,0,782
rs,86452,ESMERALDA,3,38,1356,41,0,0,388
rs,86460,CAMPESTRE DA SERRA,2,39,1479,39,0,3,424
rs,86479,ESPUMOSO,8,835,6049,230,5,2,2813
rs,86487,CANDIOTA,7,143,1840,208,1,2,2822
rs,86495,ESTÂNCIA VELHA,22,478,13843,1189,14,8,7899
rs,86509,CAPITÃO,2,122,1110,77,0,4,571
rs,86517,ESTEIO,60,1751,24042,4649,36,21,21089
rs,86525,CARLOS GOMES,1,27,639,53,2,0,511
rs,86533,ESTRELA,23,579,11668,955,16,9,4735
rs,86541,CENTENÁRIO,2,28,1115,35,2,0,869
rs,86550,FARROUPILHA,60,1501,24672,1794,24,23,8994
rs,86568,CHARRUA,6,35,1425,31,2,1,530
rs,86576,FAXINAL DO SOTURNO,8,199,2677,198,1,4,1472
rs,86584,COLINAS,7,59,1205,65,0,1,431
rs,86592,FELIZ,10,239,4817,260,14,8,1980
rs,86606,COQUEIROS DO SUL,3,118,1206,33,0,0,507
rs,86614,FLORES DA CUNHA,22,748,11865,780,5,5,2624
rs,86622,CORONEL BARROS,1,143,1209,47,1,0,423
rs,86630,FONTOURA XAVIER,10,225,2893,98,1,1,2796
rs,86649,COXILHA,2,91,1192,44,0,0,642
rs,86657,FORMIGUEIRO,8,102,3035,185,0,4,1147
rs,86665,DERRUBADAS,7,47,1276,62,1,0,708
rs,86673,FREDERICO WESTPHALEN,15,624,9665,594,5,4,6042
rs,86681,DOIS IRMÃOS DAS MISSÕES,2,70,710,24,0,0,648
rs,86690,GARIBALDI,20,611,12063,819,9,19,4196
rs,86703,ENGENHO VELHO,3,27,454,23,1,1,461
rs,86711,GAURAMA,9,126,2640,150,2,2,1197
rs,86720,GARRUCHOS,1,130,780,51,0,0,1147
rs,86738,GENERAL CÂMARA,6,133,2849,264,4,1,2023
rs,86746,GENTIL,2,93,793,23,1,0,208
rs,86754,SÃO VICENTE DO SUL,5,150,2885,221,3,2,1766
rs,86762,GRAMADO DOS LOUREIROS,3,109,510,63,2,0,786
rs,86770,GETÚLIO VARGAS,13,222,7004,305,9,7,2359
rs,86789,GRAMADO XAVIER,3,73,1206,233,3,0,856
rs,86797,GIRUÁ,18,667,5896,294,1,6,3818
rs,86800,HULHA NEGRA,0,135,1403,77,0,3,1630
rs,86819,GRAMADO,22,582,15287,798,11,7,3540
rs,86827,INHACORÁ,0,56,638,40,0,0,733
rs,86835,GRAVATAÍ,188,3202,71556,13416,84,45,40859
rs,86843,ITAPUCA,3,24,723,38,0,3,500
rs,86851,GUAÍBA,58,1671,30284,4950,60,24,16572
rs,86860,LAJEADO DO BUGRE,1,90,421,24,0,0,682
rs,86878,GUAPORÉ,13,632,8431,530,7,10,3302
rs,86886,LAGOA DOS TRÊS CANTOS,2,46,863,47,1,1,166
rs,86894,GUARANI DAS MISSÕES,7,187,2571,172,2,0,2430
rs,86908,LINDOLFO COLLOR,6,47,1434,84,1,0,1576
rs,86916,HORIZONTINA,9,549,7242,360,10,2,3890
rs,86924,LINHA NOVA,2,22,673,34,0,0,239
rs,86932,CHARQUEADAS,25,518,9758,1196,10,2,5735
rs,86940,MANOEL VIANA,12,128,2408,135,0,1,1803
rs,86959,HUMAITÁ,4,119,1975,99,3,4,1257
rs,86967,MAQUINÉ,2,200,1818,126,0,1,2200
rs,86975,IBIAÇÁ,5,254,1942,62,7,0,730
rs,86983,MARATÁ,2,42,1299,62,1,2,472
rs,86991,IBIRAIARAS,4,188,2840,120,2,4,1196
rs,87009,MARIANA PIMENTEL,2,49,1846,109,2,0,528
rs,87017,IBIRUBÁ,9,534,7749,378,9,8,3590
rs,87025,MATO CASTELHANO,4,64,1326,16,0,0,407
rs,87033,IGREJINHA,19,446,9740,763,7,9,6794
rs,87041,MATO LEITÃO,4,131,1372,78,2,0,895
rs,87050,IJUÍ,39,3094,23217,1952,16,11,18387
rs,87068,MINAS DO LEÃO,4,263,2975,262,5,4,1005
rs,87076,ILÓPOLIS,3,88,1682,93,0,2,629
rs,87084,MONTE BELO DO SUL,3,106,1394,85,4,0,560
rs,87092,INDEPENDÊNCIA,3,142,2807,148,1,4,1446
rs,87106,MORMAÇO,2,53,1085,34,8,1,548
rs,87114,IRAÍ,6,189,2665,173,3,3,2231
rs,87122,MORRINHOS DO SUL,4,38,1247,63,4,1,1052
rs,87130,ITAQUI,24,752,10546,925,9,5,8339
rs,87149,MORRO REUTER,5,76,2730,118,13,0,842
rs,87157,ITATIBA DO SUL,5,30,1312,29,0,0,1671
rs,87165,MULITERNO,4,105,704,39,0,2,323
rs,87173,IVOTI,14,234,6833,403,7,4,3693
rs,87181,NICOLAU VERGUEIRO,5,33,1031,18,0,0,248
rs,87190,JACUTINGA,4,111,1602,54,1,1,589
rs,87203,NOVA BOA VISTA,3,113,978,55,0,2,422
rs,87211,JAGUARÃO,15,434,8647,999,1,6,6859
rs,87220,NOVA PÁDUA,4,42,1458,78,1,0,228
rs,87238,JAGUARI,17,360,4718,315,6,2,2229
rs,87246,NOVA SANTA RITA,11,242,5114,665,7,4,4224
rs,87254,JÚLIO DE CASTILHOS,6,222,6660,442,3,4,4678
rs,87262,NOVO BARREIRO,5,72,1185,22,1,0,1324
rs,87270,LAGOA VERMELHA,12,585,10158,444,7,8,4174
rs,87289,NOVO MACHADO,1,72,1985,61,3,2,739
rs,87297,LAJEADO,32,1404,23321,1943,27,24,12739
rs,87300,NOVO TIRADENTES,0,22,670,41,2,1,663
rs,87319,LAVRAS DO SUL,6,127,2549,132,1,1,2180
rs,87327,PARECI NOVO,10,55,1454,83,0,0,532
rs,87335,LIBERATO SALZANO,9,84,1726,55,0,2,1618
rs,87343,PASSO DO SOBRADO,1,229,2127,120,2,0,1420
rs,87351,MACHADINHO,5,65,1732,240,6,7,1193
rs,87360,PICADA CAFÉ,16,61,2024,136,4,2,962
rs,87378,MARAU,22,853,13113,663,7,8,4772
rs,87386,PINHAL GRANDE,1,160,1522,51,1,2,1092
rs,87394,MARCELINO RAMOS,4,104,1523,159,4,1,1684
rs,87408,PINHEIRINHO DO VALE,4,319,1045,47,5,2,1278
rs,87416,MARIANO MORO,1,47,682,46,0,0,760
rs,87424,PONTÃO,9,70,1271,56,1,0,1158
rs,87432,MATA,10,50,2164,118,0,0,865
rs,87440,PONTE PRETA,3,20,955,41,0,0,314
rs,87459,MAXIMILIANO DE ALMEIDA,3,136,1891,185,3,4,848
rs,87467,PORTO MAUÁ,0,92,1051,55,0,0,589
rs,87475,MIRAGUAÍ,3,112,1468,68,1,0,1304
rs,87483,PORTO VERA CRUZ,0,29,637,46,0,1,713
rs,87491,MONTENEGRO,42,1496,17013,2163,12,20,11811
rs,87505,PRESIDENTE LUCENA,1,116,1110,43,1,1,403
rs,87513,MOSTARDAS,4,300,4395,270,3,4,1816
rs,87521,QUEVEDOS,2,11,938,25,0,0,719
rs,87530,MUÇUM,5,89,2178,150,2,2,742
rs,87548,RIO DOS ÍNDIOS,6,227,1058,56,1,1,1226
rs,87556,NÃO-ME-TOQUE,9,299,6367,313,4,3,2920
rs,87564,SAGRADA FAMÍLIA,1,241,416,26,0,1,828
rs,87572,NONOAI,12,530,3192,172,1,4,2629
rs,87580,SALVADOR DAS MISSÕES,4,61,1138,52,1,1,668
rs,87599,NOVA ARAÇÁ,5,53,1543,112,5,3,470
rs,87602,SANTA CLARA DO SUL,12,64,2341,198,5,1,1097
rs,87610,NOVA BASSANO,7,185,3534,174,3,4,1268
rs,87629,SANTA TEREZA,1,171,733,28,3,1,452
rs,87637,NOVA BRÉSCIA,5,112,1441,113,0,2,466
rs,87645,SANTO ANTÔNIO DO PALMA,3,120,707,40,0,0,570
rs,87653,NOVA PALMA,5,153,2452,165,6,1,1482
rs,87661,SANTO ANTÔNIO DO PLANALTO,3,130,1009,30,0,1,319
rs,87670,NOVA PETRÓPOLIS,19,374,8529,614,10,6,2299
rs,87688,SANTO EXPEDITO DO SUL,2,26,1033,26,1,0,607
rs,87696,NOVA PRATA,13,409,8853,621,8,10,2778
rs,87700,SÃO JOÃO DO POLÊSINE,3,46,1231,77,1,0,534
rs,87718,NOVO HAMBURGO,128,3894,81708,9912,64,58,43763
rs,87726,SÃO JOSÉ DOS AUSENTES,2,32,1340,61,0,0,536
rs,87734,OSÓRIO,19,1584,12668,1413,6,11,7522
rs,87742,SÃO JOSÉ DO INHACORÁ,1,31,980,89,0,1,557
rs,87750,PAIM FILHO,3,52,1390,47,0,1,1520
rs,87769,SÃO JOSÉ DAS MISSÕES,2,176,636,20,3,0,1045
rs,87777,PALMEIRA DAS MISSÕES,18,1199,9205,341,2,4,7074
rs,87785,SÃO MARTINHO DA SERRA,2,39,1443,56,3,2,688
rs,87793,PALMITINHO,5,123,2018,87,1,2,2109
rs,87807,SÃO PEDRO DA SERRA,3,63,1395,88,4,0,541
rs,87815,PANAMBI,18,929,13806,738,6,7,6166
rs,87823,SÃO PEDRO DO BUTIÁ,1,137,1107,57,1,2,596
rs,87831,PARAÍ,10,93,3017,164,4,3,810
rs,87840,SÃO VALENTIM DO SUL,5,111,1050,89,5,0,408
rs,87858,PASSO FUNDO,116,5067,55126,5259,38,29,37191
rs,87866,SÃO VALÉRIO DO SUL,1,107,624,35,0,0,682
rs,87874,PEDRO OSÓRIO,3,287,2217,321,3,0,1986
rs,87882,SENTINELA DO SUL,10,83,2145,71,1,3,647
rs,87890,PEJUÇARA,1,68,1466,40,0,1,931
rs,87904,SÉRIO,3,120,897,68,1,1,709
rs,87912,PELOTAS,317,7082,102270,24551,117,92,55232
rs,87920,SERTÃO SANTANA,9,118,2669,123,2,1,557
rs,87939,PINHEIRO MACHADO,13,248,4117,418,5,1,3347
rs,87947,SINIMBÚ,15,159,2974,190,2,1,2959
rs,87955,PIRATINI,10,461,6531,486,15,10,4116
rs,87963,TIRADENTES DO SUL,7,206,1858,103,0,5,2289
rs,87971,PLANALTO,13,445,3089,171,3,0,2515
rs,87980,TRAVESSEIRO,3,32,950,36,0,0,692
rs,87998,PORTÃO,15,460,8759,744,4,5,5601
rs,88005,TRÊS FORQUILHAS,7,17,1195,41,1,0,938
rs,88013,PORTO ALEGRE,1088,46355,413294,113634,639,462,243568
rs,88021,TUPANCI DO SUL,2,34,559,29,1,1,343
rs,88030,PORTO LUCENA,9,213,1765,117,0,1,1587
rs,88048,UNIÃO DA SERRA,1,54,791,43,0,1,319
rs,88056,PORTO XAVIER,9,192,3097,155,5,5,2935
rs,88064,VALE DO SOL,5,112,3048,171,2,2,3308
rs,88072,PUTINGA,1,166,1722,56,0,1,882
rs,88080,VALE REAL,3,75,2054,95,1,2,829
rs,88099,QUARAÍ,9,247,7279,599,6,6,6099
rs,88102,VILA NOVA DO SUL,8,127,1536,90,3,0,1030
rs,88110,REDENTORA,2,128,2067,98,3,3,1931
rs,88129,VITÓRIA DAS MISSÕES,3,273,1065,54,1,0,1116
rs,88137,RESTINGA SÊCA,13,249,6951,429,6,1,2590
rs,88145,XANGRI-LÁ,2,157,3301,319,2,0,1702
rs,88153,RIO GRANDE,155,3537,49567,15308,69,41,41069
rs,88161,BOA VISTA DO SUL,2,27,1257,62,2,0,567
rs,88170,RIO PARDO,24,805,11867,909,4,7,9844
rs,88188,DILERMANDO DE AGUIAR,4,55,1248,32,3,1,667
rs,88196,ROCA SALES,13,225,3473,249,1,4,1995
rs,88200,CAPIVARI DO SUL,3,137,1434,75,0,0,472
rs,88218,RODEIO BONITO,4,97,1888,86,3,0,1443
rs,88226,NOVA CANDELÁRIA,1,45,1081,63,0,2,713
rs,88234,ROLANTE,15,411,6806,346,2,4,3028
rs,88242,FLORIANO PEIXOTO,0,3,892,33,0,0,739
rs,88250,RONDA ALTA,3,337,2699,82,1,0,2789
rs,88269,CHUVISCA,3,54,2478,77,1,2,496
rs,88277,RONDINHA,2,118,2025,55,1,2,1625
rs,88285,ESPERANÇA DO SUL,1,26,1120,49,0,0,1167
rs,88293,ROQUE GONZALES,12,147,2215,120,5,1,1914
rs,88307,DOUTOR RICARDO,4,31,881,80,1,1,460
rs,88315,ROSÁRIO DO SUL,32,923,12868,878,1,4,8457
rs,88323,HERVEIRAS,1,18,637,40,1,0,1097
rs,88331,SALVADOR DO SUL,11,110,2953,167,4,4,956
rs,88340,CARAÁ,4,134,2608,128,0,1,1413
rs,88358,SANANDUVA,4,202,6636,221,1,3,2795
rs,88366,FAZENDA VILANOVA,7,69,1339,73,0,0,603
rs,88374,SANTA BÁRBARA DO SUL,3,381,3282,109,0,1,2143
rs,88382,ITAARA,1,131,2069,160,0,0,671
rs,88390,SANTA CRUZ DO SUL,77,2204,43908,4384,35,29,20678
rs,88404,ESTRELA VELHA,4,51,1382,56,0,1,934
rs,88412,SANTA MARIA,122,5381,89188,14672,84,42,38767
rs,88420,BENJAMIN CONSTANT DO SUL,0,32,484,21,0,0,783
rs,88439,SANTANA DA BOA VISTA,11,105,2431,143,4,4,2302
rs,88447,MAÇAMBARA,3,151,1576,92,1,2,950
rs,88455,SANTANA DO LIVRAMENTO,47,1064,24430,3244,14,15,22569
rs,88463,DOM PEDRO DE ALCÂNTARA,4,77,849,104,1,1,1241
rs,88471,SANTA ROSA,26,1469,24140,1416,17,13,11478
rs,88480,UNISTALDA,0,53,1125,47,1,0,654
rs,88498,SANTA VITÓRIA DO PALMAR,18,558,9848,1296,13,8,6343
rs,88501,TURUÇU,4,39,1949,91,2,0,449
rs,88510,SANTIAGO,44,821,16835,1195,11,5,9768
rs,88528,CRISTAL DO SUL,6,80,866,57,1,1,860
rs,88536,SANTO ÂNGELO,51,3085,21408,2465,26,8,18650
rs,88544,MUITOS CAPÕES,5,21,1377,45,1,0,273
rs,88552,SANTO ANTÔNIO DA PATRULHA,21,641,15710,968,9,5,5429
rs,88560,NOVA RAMADA,2,82,1022,67,0,1,504
rs,88579,SANTO ANTÔNIO DAS MISSÕES,6,416,3231,188,1,3,3149
rs,88587,JARI,8,37,1141,52,0,1,1025
rs,88595,SANTO AUGUSTO,14,601,4344,266,3,4,3230
rs,88609,UBIRETAMA,1,53,1243,34,6,0,390
rs,88617,SANTO CRISTO,8,163,5131,201,1,8,4545
rs,88625,BARRA DO QUARAÍ,3,12,1313,61,0,0,923
rs,88633,SÃO BORJA,40,1499,16421,1481,15,12,16679
rs,88641,CERRITO,3,128,2118,250,2,1,1734
rs,88650,SÃO FRANCISCO DE ASSIS,26,621,6611,373,8,2,3944
rs,88668,VALE VERDE,3,75,1253,66,1,0,622
rs,88676,SÃO FRANCISCO DE PAULA,17,369,7694,384,6,7,3843
rs,88684,NOVO CABRAIS,6,47,1581,90,0,3,1119
rs,88692,SÃO GABRIEL,21,1711,18111,1504,12,13,12680
rs,88706,SETE DE SETEMBRO,1,116,782,19,0,0,640
rs,88714,SÃO JERÔNIMO,14,440,7909,761,2,2,3623
rs,88722,TABAÍ,3,59,1472,82,4,3,785
rs,88730,SÃO JOSÉ DO NORTE,16,533,7422,1183,8,8,6507
rs,88749,VILA LÂNGARO,2,47,1093,45,1,0,561
rs,88757,SÃO JOSÉ DO OURO,10,110,2951,122,8,1,1176
rs,88765,SENADOR SALGADO FILHO,3,191,1414,24,5,1,387
rs,88773,SÃO LEOPOLDO,134,3492,57366,8611,65,42,48000
rs,88781,VESPASIANO CORRÊA,4,21,1432,57,0,0,315
rs,88790,SÃO LOURENÇO DO SUL,41,792,15341,1394,10,13,10164
rs,88803,MONTE ALEGRE DOS CAMPOS,2,98,1617,54,2,0,367
rs,88811,SÃO LUIZ GONZAGA,13,913,9235,660,3,7,8369
rs,88820,MARQUES DE SOUZA,7,72,1744,70,3,1,951
rs,88838,SÃO MARCOS,15,431,9654,387,4,3,1593
rs,88846,CHUÍ,2,78,1040,137,2,4,1091
rs,88854,SÃO MARTINHO,10,147,2175,127,2,3,1400
rs,88862,ARARICÁ,5,84,1715,120,0,0,1308
rs,88870,SÃO NICOLAU,3,129,1439,68,0,2,1606
rs,88889,PASSA SETE,2,67,1717,64,1,5,1253
rs,88897,SÃO PAULO DAS MISSÕES,10,108,2297,145,2,2,1734
rs,88900,TOROPI,4,38,1431,65,0,0,607
rs,88919,SÃO PEDRO DO SUL,15,203,6620,400,9,1,3173
rs,88927,BALNEÁRIO PINHAL,1,133,2686,379,0,2,1373
rs,88935,SÃO SEBASTIÃO DO CAÍ,21,384,8596,713,8,12,4440
rs,88943,MAMPITUBA,0,28,1024,71,1,2,937
rs,88951,SÃO SEPÉ,13,812,7840,540,10,2,5543
rs,88978,SÃO VALENTIM,5,36,1516,51,1,1,948
rs,88986,ACEGUÁ,2,32,1803,63,0,0,931
rs,88994,SAPIRANGA,50,1050,23585,1468,21,16,18208
rs,89001,ALMIRANTE TAMANDARÉ DO SUL,1,27,1006,26,0,1,476
rs,89010,SAPUCAIA DO SUL,78,1851,32735,6633,47,35,36493
rs,89028,ARROIO DO PADRE,4,64,1551,64,2,0,217
rs,89036,SARANDI,11,1176,6994,311,8,4,3598
rs,89044,BOA VISTA DO CADEADO,2,43,1021,39,0,1,398
rs,89052,SEBERI,9,214,3807,189,8,3,2579
rs,89060,BOA VISTA DO INCRA,1,47,1005,21,0,0,599
rs,89079,SELBACH,6,112,2372,115,3,0,736
rs,89087,BOZANO,0,138,1121,37,0,0,442
rs,89095,SERAFINA CORRÊA,11,243,5024,297,7,2,2108
rs,89109,CANUDOS DO VALE,0,50,828,39,0,0,632
rs,89117,SERTÃO,7,166,3047,113,1,3,1214
rs,89125,CAPÃO BONITO DO SUL,1,22,833,10,0,0,391
rs,89133,SEVERIANO DE ALMEIDA,1,149,1391,81,1,2,969
rs,89141,CAPÃO DO CIPÓ,5,75,1060,40,0,1,803
rs,89150,CAPÃO DA CANOA,21,787,12320,1175,7,2,6189
rs,89168,COQUEIRO BAIXO,4,27,782,24,0,1,226
rs,89176,SOBRADINHO,8,304,5120,297,4,4,2668
rs,89184,CORONEL PILAR,0,44,817,32,0,0,299
rs,89192,SOLEDADE,16,683,10616,455,5,9,5123
rs,89206,CRUZALTENSE,1,44,1084,34,0,1,432
rs,89214,TAPEJARA,16,610,7457,304,9,6,1943
rs,89222,FORQUETINHA,4,46,1295,27,0,0,557
rs,89230,TAPERA,8,361,3675,185,2,1,2160
rs,89247,SANTA CECÍLIA DO SUL,0,53,892,23,2,0,370
rs,89249,ITATI,1,56,1113,58,0,2,702
rs,89257,TAPES,12,432,6053,512,15,3,2838
rs,89265,JACUIZINHO,4,43,843,21,0,3,816
rs,89273,TAQUARA,27,1165,19287,1228,21,17,8601
rs,89281,LAGOA BONITA DO SUL,6,36,905,40,0,0,851
rs,89290,TAQUARI,17,596,9480,988,11,16,4876
rs,89303,MATO QUEIMADO,0,22,665,27,3,0,589
rs,89311,TENENTE PORTELA,9,317,4145,172,5,4,3039
rs,89320,NOVO XINGÚ,3,94,537,26,0,1,578
rs,89338,TORRES,16,687,9832,1331,7,7,6874
rs,89346,PAULO BENTO,2,44,935,63,3,8,414
rs,89354,TRAMANDAÍ,21,560,12284,1330,4,4,7057
rs,89362,PINHAL DA SERRA,1,28,763,13,0,2,539
rs,89370,TRÊS COROAS,12,297,7424,541,9,12,4762
rs,89389,QUATRO IRMÃOS,3,28,610,30,1,0,438
rs,89397,TRÊS DE MAIO,12,658,9792,482,7,5,4044
rs,89400,ROLADOR,2,55,897,61,1,2,895
rs,89419,TRÊS PASSOS,11,323,7521,445,6,4,6238
rs,89435,TRIUNFO,25,1261,9295,972,7,9,4170
rs,89443,SANTA MARGARIDA DO SUL,4,108,1197,73,0,0,544
rs,89451,TUCUNDUVA,3,158,2809,140,2,1,1015
rs,89460,SÃO JOSÉ DO SUL,2,43,898,46,1,1,400
rs,89478,TUPANCIRETÃ,15,465,7959,380,6,5,4114
rs,89486,SÃO PEDRO DAS MISSÕES,1,34,554,15,0,3,565
rs,89494,TUPARENDI,5,225,3873,165,2,6,1701
rs,89508,TIO HUGO,1,130,978,39,0,0,548
rs,89516,URUGUAIANA,81,1479,39371,3963,32,17,23628
rs,89524,WESTFÁLIA,3,71,1275,69,0,1,464
rs,89532,VACARIA,33,661,24628,1442,14,6,6427
rs,89559,VENÂNCIO AIRES,46,1193,20828,1482,21,23,15771
rs,89567,PEDRAS ALTAS,0,27,727,38,3,0,710
rs,89575,VERA CRUZ,19,267,8056,499,5,5,5104
rs,89591,VERANÓPOLIS,14,542,10187,588,15,11,2154
rs,89613,VIADUTOS,6,75,2325,126,0,4,1199
rs,89630,VIAMÃO,188,3659,60799,16667,53,39,39549
rs,89656,VICENTE DUTRA,7,184,1806,90,1,0,1090
rs,89672,PALMARES DO SUL,7,314,4537,382,1,4,2319
rs,89699,VICTOR GRAEFF,5,156,1522,61,2,1,442
rs,89710,TAVARES,0,107,1864,70,1,1,1442
rs,89737,CAPÃO DO LEÃO,24,610,7111,1090,7,3,4499
rs,89753,SALTO DO JACUÍ,4,254,3424,237,5,1,2895
rs,89770,COTIPORÃ,1,350,1686,125,1,0,595
rs,98213,TEUTÔNIA,30,689,9868,781,9,10,3871
rs,98230,BOM PRINCÍPIO,9,184,4679,208,27,4,1445
rs,98256,PAROBÉ,15,506,12478,742,10,13,12357
rs,98272,FORTALEZA DOS VALOS,3,85,1749,60,1,1,1084
rs,98299,JÓIA,5,117,2490,121,2,4,2112
sc,80004,MONTE CARLO,6,80,2856,153,0,5,1838
sc,80012,ABELARDO LUZ,9,160,3863,305,2,1,4254
sc,80020,IPORÃ DO OESTE,13,128,2705,180,7,6,1871
sc,80039,AGROLÂNDIA,7,95,3053,255,0,2,1571
sc,80047,LINDÓIA DO SUL,10,58,1501,133,10,1,1211
sc,80055,AGRONÔMICA,11,69,1814,130,1,1,713
sc,80063,APIÚNA,4,67,3179,137,0,2,1856
sc,80071,ÁGUA DOCE,8,151,2081,189,4,2,1425
sc,80080,DOUTOR PEDRINHO,6,22,1458,76,1,2,470
sc,80098,ÁGUAS DE CHAPECÓ,6,109,1341,142,0,2,1694
sc,80101,JOSÉ BOITEUX,3,55,1615,66,1,0,935
sc,80110,ÁGUAS MORNAS,12,68,2650,212,5,3,1137
sc,80128,VITOR MEIRELES,4,44,1870,117,1,2,1239
sc,80136,ALFREDO WAGNER,10,89,3986,145,2,1,1667
sc,80144,UNIÃO DO OESTE,1,105,907,79,0,0,850
sc,80152,ANCHIETA,11,85,1965,153,3,4,1645
sc,80160,URUPEMA,5,49,1034,37,0,3,509
sc,80179,ANGELINA,9,103,2026,166,0,1,1663
sc,80187,IRACEMINHA,3,127,1551,141,1,2,947
sc,80195,ANITA GARIBALDI,8,77,2756,212,2,3,2092
sc,80209,TIMBÓ GRANDE,5,24,2523,74,2,2,766
sc,80217,ANITÁPOLIS,1,39,1202,87,0,0,858
sc,80225,ABDON BATISTA,0,65,974,80,3,1,666
sc,80233,ANTÔNIO CARLOS,10,147,3122,240,3,13,1111
sc,80241,SANTA ROSA DO SUL,14,107,2210,274,2,12,2163
sc,80250,ARAQUARI,15,150,4613,471,0,3,3919
sc,80268,CELSO RAMOS,2,74,738,102,3,1,791
sc,80276,ARARANGUÁ,34,1034,18348,1962,7,20,12417
sc,80284,SERRA ALTA,7,74,971,70,1,0,864
sc,80292,ARMAZÉM,5,119,2469,248,5,1,1418
sc,80306,COCAL DO SUL,14,251,4098,586,1,2,3532
sc,80314,ARROIO TRINTA,2,39,1369,106,1,1,710
sc,80322,NOVA ITABERABA,8,51,1196,87,1,2,1341
sc,80330,ASCURRA,7,140,2725,136,4,4,1219
sc,80349,SANTA TEREZINHA,9,40,3256,132,1,3,1541
sc,80357,ATALANTA,10,110,1578,111,1,3,378
sc,80365,MIRIM DOCE,3,31,1103,56,0,0,507
sc,80373,AURORA,14,98,1883,175,1,2,1301
sc,80381,CERRO NEGRO,4,26,989,86,0,0,1031
sc,80390,BALNEÁRIO CAMBORIÚ,79,2264,31181,4603,32,18,16105
sc,80403,PASSO DE TORRES,3,106,1716,241,0,2,1206
sc,80411,BARRA VELHA,11,227,5731,448,2,2,2548
sc,80420,BRAÇO DO TROMBUDO,5,39,1629,76,0,1,431
sc,80438,BENEDITO NOVO,19,68,4608,217,3,7,1299
sc,80446,SUL BRASIL,4,44,792,82,3,3,908
sc,80454,BIGUAÇU,38,807,16724,2575,8,12,7026
sc,80462,VARGEM,4,28,1049,85,0,1,652
sc,80470,BLUMENAU,371,6617,99889,13070,134,114,43060
sc,80489,ARABUTÃ,3,69,1332,157,2,0,1105
sc,80497,BOM RETIRO,7,86,3563,148,2,1,1171
sc,80500,ÁGUAS FRIAS,5,46,760,58,0,1,854
sc,80519,BOTUVERÁ,0,29,1342,132,4,2,1020
sc,80527,GUATAMBÚ,5,68,1423,88,1,0,1382
sc,80535,BRAÇO DO NORTE,18,334,11456,633,3,6,3734
sc,80543,PLANALTO ALEGRE,1,170,796,77,1,0,727
sc,80551,BRUSQUE,72,1310,31994,3230,25,26,16182
sc,80560,RIQUEZA,10,70,1246,192,0,4,1289
sc,80578,CAÇADOR,48,873,21196,1402,17,18,13017
sc,80586,LAJEADO GRANDE,2,18,687,54,3,2,332
sc,80594,CAIBI,4,160,1888,303,1,12,1574
sc,80608,RIO RUFINO,7,30,1152,60,0,1,298
sc,80616,CAMBORIÚ,21,388,10621,1035,11,7,9602
sc,80624,PASSOS MAIA,1,64,887,44,1,2,1216
sc,80632,CAMPO ALEGRE,4,131,5544,189,5,9,1263
sc,80640,SÃO JOÃO DO OESTE,10,73,2240,158,5,4,1317
sc,80659,CAMPO BELO DO SUL,3,61,3338,68,2,2,1222
sc,80667,CALMON,3,611,864,33,2,2,717
sc,80675,CAMPO ERÊ,4,86,2059,133,0,1,2727
sc,80683,BALNEÁRIO BARRA DO SUL,8,78,2806,296,1,1,1383
sc,80691,CAMPOS NOVOS,18,404,11261,709,10,7,5387
sc,80705,PARAÍSO,2,97,1211,68,1,1,1177
sc,80713,CANELINHA,8,99,3362,207,3,6,1725
sc,80721,SANTA HELENA,2,106,817,115,3,2,581
sc,80730,CANOINHAS,50,580,22123,1103,9,14,6278
sc,80748,BELMONTE,2,35,1036,52,1,0,587
sc,80756,CAPINZAL,16,288,6316,607,7,18,3936
sc,80764,NOVO HORIZONTE,3,19,1027,71,2,0,640
sc,80772,CATANDUVAS,4,135,2574,209,1,2,1937
sc,80780,SÃO MIGUEL DA BOA VISTA,2,38,610,37,2,2,538
sc,80799,CAXAMBU DO SUL,2,105,1556,94,2,2,1372
sc,80802,ARVOREDO,11,75,649,71,1,3,632
sc,80810,CHAPECÓ,74,2040,47265,3197,19,25,35971
sc,80829,IPUAÇU,11,90,928,59,2,2,1735
sc,80837,CONCÓRDIA,58,924,19964,2116,23,21,16735
sc,80845,OURO VERDE,0,16,716,127,1,1,574
sc,80853,CORONEL FREITAS,9,206,3300,162,1,8,2784
sc,80861,IRATI,3,18,619,24,0,2,623
sc,80870,CORUPÁ,13,174,5160,376,5,2,2435
sc,80888,FORMOSA DO SUL,5,62,703,65,1,0,792
sc,80896,CRICIÚMA,124,3650,53845,7067,63,30,39925
sc,80900,MACIEIRA,3,32,694,48,0,2,604
sc,80918,CUNHA PORÃ,11,200,4210,290,7,7,1601
sc,80926,PONTE ALTA DO NORTE,11,25,1259,50,1,3,410
sc,80934,CURITIBANOS,22,440,15310,504,13,6,5170
sc,80942,SÃO CRISTÓVÃO DO SUL,5,27,1504,76,0,0,763
sc,80950,DESCANSO,8,125,3056,215,2,7,2107
sc,80969,VARGEM BONITA,3,122,1516,135,2,1,1205
sc,80977,DIONÍSIO CERQUEIRA,5,203,3273,136,5,11,3920
sc,80985,BOMBINHAS,8,283,3469,456,2,7,1818
sc,80993,DONA EMMA,4,40,1080,100,0,4,786
sc,81000,SANGÃO,5,134,2343,116,3,0,2074
sc,81019,ERVAL VELHO,12,53,1613,75,0,3,999
sc,81027,CAPIVARI DE BAIXO,16,427,4122,763,4,9,5166
sc,81035,FAXINAL DOS GUEDES,4,96,2405,137,3,2,3084
sc,81043,CORDILHEIRA ALTA,1,27,1119,119,0,0,903
sc,81051,FLORIANÓPOLIS,428,18250,110260,38871,130,133,61371
sc,81060,FORQUILHINHA,4,317,6150,432,0,8,5427
sc,81078,FRAIBURGO,22,357,10079,912,8,14,7044
sc,81086,MORRO GRANDE,5,38,1342,131,1,2,518
sc,81094,GALVÃO,5,44,1103,60,0,2,931
sc,81108,CORONEL MARTINS,1,10,762,40,0,0,700
sc,81116,GOVERNADOR CELSO RAMOS,2,199,5292,653,4,3,1747
sc,81124,SÃO JOÃO DO ITAPERIÚ,3,18,1309,65,2,2,450
sc,81132,GAROPABA,7,264,4599,680,0,1,3751
sc,81140,JARDINÓPOLIS,3,31,565,60,0,0,501
sc,81159,GARUVA,8,119,4073,310,6,6,2262
sc,81167,ERMO,1,44,1322,83,1,2,549
sc,81175,GASPAR,43,802,16075,1593,10,18,9406
sc,81183,SÃO PEDRO DE ALCÂNTARA,8,83,1692,201,4,1,814
sc,81191,GRÃO-PARÁ,12,88,2972,160,5,8,1159
sc,81205,SANTIAGO DO SUL,0,51,468,33,1,0,362
sc,81213,GRAVATAL,7,185,3872,262,0,2,1828
sc,81221,BELA VISTA DO TOLDO,10,62,2748,143,2,5,594
sc,81230,GUABIRUBA,10,220,4614,364,6,5,3381
sc,81248,CAPÃO ALTO,1,29,1545,75,0,1,429
sc,81256,GUARACIABA,15,143,3326,223,2,5,3006
sc,81264,PAINEL,2,45,977,170,0,2,585
sc,81272,GUARAMIRIM,22,421,8159,737,9,1,7413
sc,81280,BOCAINA DO SUL,5,37,1444,111,0,0,635
sc,81299,GUARUJÁ DO SUL,0,81,1600,102,1,0,1134
sc,81302,ALTO BELA VISTA,6,37,563,92,0,1,697
sc,81310,HERVAL D OESTE,12,312,6046,581,8,4,4896
sc,81329,FREI ROGÉRIO,5,35,1022,52,0,1,572
sc,81337,IBICARÉ,7,59,1268,119,3,2,768
sc,81345,TREVISO,4,62,1586,152,0,0,619
sc,81353,IBIRAMA,21,249,6033,385,2,6,2943
sc,81361,IOMERÊ,3,58,1127,100,8,4,628
sc,81370,IÇARA,33,934,12816,1693,9,6,14886
sc,81388,BOM JESUS,2,51,693,66,0,1,701
sc,81396,ILHOTA,14,136,4341,460,3,3,2107
sc,81400,IBIAM,1,81,757,66,0,0,476
sc,81418,IMARUÍ,16,129,3649,425,1,1,3345
sc,81426,ENTRE RIOS,0,27,513,47,1,0,949
sc,81434,IMBITUBA,25,820,8900,1623,15,10,10604
sc,81442,PAIAL,5,62,548,38,0,1,531
sc,81450,IMBUIA,10,119,2301,160,0,2,854
sc,81469,BOM JESUS DO OESTE,1,34,798,54,5,2,526
sc,81477,INDAIAL,51,562,17958,1226,12,15,6861
sc,81485,SÃO BERNARDINO,2,28,764,69,0,1,769
sc,81493,IPIRA,6,39,1247,115,1,2,1402
sc,81507,SANTA TEREZINHA DO PROGRESSO,7,18,809,112,0,1,798
sc,81515,IPUMIRIM,7,100,2078,258,1,2,1957
sc,81523,SALTINHO,3,153,674,117,0,3,1167
sc,81531,IRANI,8,229,2272,184,3,3,2260
sc,81540,JUPIÁ,4,15,763,34,1,1,496
sc,81558,IRINEÓPOLIS,12,80,3699,115,1,2,1752
sc,81566,PALMEIRA,7,22,1290,72,1,0,503
sc,81574,ITÁ,6,139,2022,165,4,4,1774
sc,81582,BANDEIRANTE,0,42,985,65,0,1,878
sc,81590,ITAIÓPOLIS,28,264,8434,277,2,17,2245
sc,81604,FLOR DO SERTÃO,0,22,466,31,1,0,476
sc,81612,ITAJAÍ,116,3386,52720,7345,60,35,25708
sc,81620,CUNHATAÍ,5,24,744,47,1,0,383
sc,81639,ITAPEMA,20,544,10729,1219,56,7,5655
sc,81647,PRINCESA,4,29,797,95,0,2,668
sc,81655,ITAPIRANGA,15,205,4791,482,11,4,3411
sc,81663,ITAPOÁ,9,176,3156,412,1,5,2233
sc,81671,ITUPORANGA,26,439,8336,662,9,6,3535
sc,81680,TIGRINHOS,2,24,395,49,2,0,640
sc,81698,JABORÁ,4,80,1461,167,3,1,1058
sc,81701,CHAPADÃO DO LAGEADO,3,67,952,106,1,2,562
sc,81710,JACINTO MACHADO,11,193,4974,327,0,2,1424
sc,81728,BALNEÁRIO ARROIO DO SILVA,1,149,2082,360,2,0,1752
sc,81736,JAGUARUNA,9,309,4171,461,6,6,4290
sc,81744,BALNEÁRIO GAIVOTA,9,184,1717,196,0,76,1893
sc,81752,JARAGUÁ DO SUL,129,2497,35636,3976,43,37,31196
sc,81760,BARRA BONITA,1,16,676,95,1,0,659
sc,81779,JOAÇABA,29,765,8615,925,6,4,5195
sc,81787,BRUNÓPOLIS,6,30,918,43,0,1,1007
sc,81795,JOINVILLE,430,8444,145612,18679,181,137,91268
sc,81809,LUZERNA,13,145,2180,232,0,0,1223
sc,81817,LACERDÓPOLIS,3,68,731,78,1,1,515
sc,81825,ZORTÉA,1,48,979,89,1,1,748
sc,81833,LAGES,79,2171,58981,4248,35,35,21955
sc,81850,LAGUNA,31,747,13382,2128,20,3,12845
sc,81876,LAURENTINO,4,81,2087,153,3,5,1136
sc,81892,LAURO MÜLLER,9,216,5506,584,3,1,2672
sc,81914,LEBON RÉGIS,6,108,3360,166,2,5,2303
sc,81930,LEOBERTO LEAL,5,43,1694,76,0,2,519
sc,81957,LONTRAS,7,60,3290,155,3,2,1729
sc,81973,LUÍS ALVES,14,162,3704,261,7,1,1431
sc,81990,MAFRA,85,1078,22035,1464,13,17,6420
sc,82015,MAJOR GERCINO,2,44,1130,124,1,4,724
sc,82031,MAJOR VIEIRA,7,80,3060,102,2,4,1062
sc,82058,MARAVILHA,18,338,6232,412,7,5,5123
sc,82066,MAREMA,3,47,679,51,2,1,696
sc,82074,MASSARANDUBA,12,169,5701,281,8,4,2666
sc,82090,MATOS COSTA,6,38,904,40,2,1,663
sc,82112,MELEIRO,3,139,2850,167,0,8,1277
sc,82139,MODELO,12,68,1305,113,1,42,872
sc,82155,MONDAÍ,10,155,2308,256,7,3,2898
sc,82171,MONTE CASTELO,4,53,3052,133,7,3,1478
sc,82198,MORRO DA FUMAÇA,7,261,5070,466,2,2,2715
sc,82210,NAVEGANTES,37,532,14112,1791,16,7,8936
sc,82236,NOVA ERECHIM,4,114,1334,106,0,0,993
sc,82252,NOVA TRENTO,8,168,4344,303,7,3,2054
sc,82279,NOVA VENEZA,12,303,4052,550,1,4,2911
sc,82295,ORLEANS,16,351,9321,575,4,8,2647
sc,82317,OURO,5,143,2760,290,1,4,1389
sc,82333,PALHOÇA,110,1904,31795,6215,27,15,20152
sc,82350,PALMA SOLA,5,156,1771,79,4,1,2189
sc,82376,PALMITOS,28,264,5498,374,3,5,3367
sc,82392,PAPANDUVA,8,250,5265,301,6,6,4204
sc,82414,PAULO LOPES,2,88,2093,206,0,0,1655
sc,82430,PEDRAS GRANDES,5,121,1864,213,1,6,879
sc,82457,PENHA,11,223,6738,586,2,9,2609
sc,82473,PERITIBA,8,52,1358,88,3,2,699
sc,82490,PETROLÂNDIA,4,102,2597,229,3,3,1134
sc,82511,BALNEÁRIO PIÇARRAS,9,216,4328,369,4,2,2342
sc,82538,PINHALZINHO,9,235,4129,272,3,4,3803
sc,82554,PINHEIRO PRETO,3,51,1045,99,2,0,596
sc,82570,PIRATUBA,5,92,1512,172,2,5,1255
sc,82597,POMERODE,28,386,8933,701,8,11,5379
sc,82619,PONTE ALTA,3,36,2086,66,1,1,687
sc,82635,PONTE SERRADA,9,129,2734,225,3,5,2662
sc,82651,PORTO BELO,13,142,3728,329,0,8,1914
sc,82678,PORTO UNIÃO,46,486,11148,858,2,13,5249
sc,82694,POUSO REDONDO,9,194,4396,310,6,7,2600
sc,82716,PRAIA GRANDE,3,116,2417,184,2,0,1509
sc,82732,PRESIDENTE CASTELO BRANCO,1,23,760,37,0,1,494
sc,82759,PRESIDENTE GETÚLIO,14,226,5082,290,10,8,2463
sc,82775,PRESIDENTE NEREU,7,31,883,84,2,2,558
sc,82791,QUILOMBO,8,143,3242,165,3,4,2749
sc,82813,RANCHO QUEIMADO,4,54,1317,116,1,0,523
sc,82830,RIO DAS ANTAS,10,158,2724,187,5,10,1072
sc,82856,RIO DO CAMPO,9,91,2957,124,1,3,1033
sc,82872,RIO DO OESTE,6,95,2601,195,2,9,1507
sc,82899,RIO DOS CEDROS,9,146,4084,326,9,5,1267
sc,82910,RIO DO SUL,40,1068,20865,1623,10,17,9763
sc,82937,RIO FORTUNA,12,133,2153,198,4,3,826
sc,82953,RIO NEGRINHO,40,434,18150,775,78,17,4193
sc,82970,RODEIO,14,143,4529,283,1,6,1770
sc,82996,ROMELÂNDIA,8,102,1421,106,1,1,1714
sc,83011,SALETE,4,72,3252,85,0,6,1190
sc,83038,SALTO VELOSO,8,49,1459,104,5,1,820
sc,83054,SANTA CECÍLIA,19,114,6679,264,5,9,1519
sc,83070,SANTA ROSA DE LIMA,9,59,816,81,0,3,534
sc,83097,SANTO AMARO DA IMPERATRIZ,6,351,6636,711,5,7,3244
sc,83119,SÃO BENTO DO SUL,68,753,31742,1541,22,23,9216
sc,83135,SÃO BONIFÁCIO,13,43,1494,128,1,1,389
sc,83151,SÃO CARLOS,6,136,3236,191,1,7,2309
sc,83178,SÃO DOMINGOS,10,124,2559,129,2,2,2691
sc,83194,SÃO FRANCISCO DO SUL,53,822,11691,2170,13,13,6857
sc,83216,SÃO JOÃO BATISTA,6,217,6789,641,7,5,3126
sc,83232,SÃO JOÃO DO SUL,7,121,2617,227,1,6,1400
sc,83259,SÃO JOAQUIM,25,411,10347,463,30,10,3733
sc,83275,SÃO JOSÉ,236,4847,54367,14706,68,37,30448
sc,83291,SÃO JOSÉ DO CEDRO,10,242,3873,420,4,7,3719
sc,83313,SÃO JOSÉ DO CERRITO,11,69,2882,125,6,5,2468
sc,83330,SÃO LOURENÇO DO OESTE,20,319,7169,365,5,6,4635
sc,83356,SÃO LUDGERO,5,97,3672,256,3,13,2083
sc,83372,SÃO MARTINHO,13,61,1483,96,3,2,775
sc,83399,SÃO MIGUEL DO OESTE,23,720,9643,833,6,13,8130
sc,83410,SAUDADES,3,107,2888,111,4,7,2404
sc,83437,SCHROEDER,12,140,3042,450,4,4,3844
sc,83453,SEARA,31,212,4985,341,2,15,4954
sc,83470,SIDERÓPOLIS,11,284,4116,569,0,5,2830
sc,83496,SOMBRIO,15,519,7232,834,5,31,5462
sc,83518,TAIÓ,19,195,7412,372,3,6,2446
sc,83534,TANGARÁ,11,104,3429,147,2,2,1576
sc,83550,TIJUCAS,17,320,9869,864,6,6,5312
sc,83577,TIMBÓ,42,573,14739,1043,8,21,4201
sc,83593,TRÊS BARRAS,14,153,6272,463,3,8,3177
sc,83615,TREZE DE MAIO,14,87,2535,278,2,3,1331
sc,83631,TREZE TÍLIAS,13,60,2051,113,3,1,742
sc,83658,TROMBUDO CENTRAL,9,68,2544,208,3,5,885
sc,83674,TUBARÃO,84,2860,28345,4505,37,24,19316
sc,83682,TUNÁPOLIS,4,98,1870,154,6,3,829
sc,83690,TURVO,7,350,4875,374,0,2,1761
sc,83712,URUBICI,7,154,4084,206,2,2,1351
sc,83739,URUSSANGA,17,571,6688,999,5,6,3779
sc,83755,VARGEÃO,2,30,838,69,0,5,998
sc,83771,VIDAL RAMOS,5,67,2524,144,8,2,1116
sc,83798,VIDEIRA,44,685,13945,1263,14,16,8576
sc,83810,WITMARSUM,7,49,1253,178,1,4,639
sc,83836,XANXERÊ,17,514,9803,722,7,8,11733
sc,83852,XAVANTINA,7,31,1328,123,0,1,1357
sc,83879,XAXIM,19,305,6950,587,5,3,6037
sc,83895,BOM JARDIM DA SERRA,7,83,1816,51,0,2,549
sc,83917,MARACAJÁ,2,94,1798,154,3,4,2092
sc,83933,TIMBÉ DO SUL,4,78,2280,135,1,1,1137
sc,83950,CORREIA PINTO,10,126,6023,392,6,4,2510
sc,83976,OTACÍLIO COSTA,15,185,5633,443,3,6,2770
se,31003,SANTANA DO SÃO FRANCISCO,4,27,1170,149,2,0,2046
se,31011,AMPARO DO SÃO FRANCISCO,2,21,511,105,2,2,784
se,31038,AQUIDABÃ,14,158,5525,314,1,6,4266
se,31054,ARACAJU,615,8994,125987,32101,278,131,112844
se,31070,ARAUÁ,13,75,2909,140,0,1,2840
se,31097,AREIA BRANCA,10,93,4223,250,5,20,3226
se,31119,BARRA DOS COQUEIROS,23,147,6490,784,7,3,3986
se,31135,BREJO GRANDE,9,47,1307,96,0,2,1899
se,31151,BOQUIM,26,146,5039,320,2,3,9001
se,31194,CAMPO DO BRITO,22,75,4146,255,6,6,4649
se,31216,CANHOBA,6,49,1065,157,2,1,1530
se,31232,CANINDÉ DO SÃO FRANCISCO,16,110,3617,404,2,4,8004
se,31259,CAPELA,26,179,6294,501,14,14,6510
se,31275,CARIRA,13,117,5967,281,1,16,3491
se,31291,CARMÓPOLIS,16,48,3268,462,3,5,2484
se,31313,CEDRO DE SÃO JOÃO,4,51,1565,129,3,0,1937
se,31330,CRISTINÁPOLIS,9,90,2093,176,3,1,5333
se,31356,NOSSA SENHORA APARECIDA,11,37,1821,108,1,0,2447
se,31372,CUMBE,5,19,1046,71,1,1,1032
se,31399,DIVINA PASTORA,8,31,1225,69,0,2,848
se,31410,ESTÂNCIA,37,499,11225,1919,23,18,16192
se,31437,FEIRA NOVA,7,25,1644,82,0,3,1423
se,31453,FREI PAULO,12,82,3729,236,0,5,3190
se,31470,GENERAL MAYNARD,5,22,832,76,1,1,540
se,31496,GARARU,13,59,3179,194,2,6,2543
se,31518,GRACCHO CARDOSO,2,48,1626,101,0,1,1679
se,31534,ILHA DAS FLORES,7,38,1817,138,0,1,2393
se,31550,INDIAROBA,9,86,1402,137,3,4,5043
se,31577,ITABAIANA,58,512,22699,1794,13,83,18014
se,31593,ITABAIANINHA,40,185,7318,355,2,6,10652
se,31615,ITABI,5,46,1492,135,0,1,1358
se,31631,ITAPORANGA D AJUDA,33,200,8354,571,9,4,5660
se,31658,JAPARATUBA,17,87,4237,332,1,2,4124
se,31674,JAPOATÃ,13,82,3446,167,1,1,3138
se,31690,LAGARTO,76,567,19580,1716,19,53,23377
se,31712,LARANJEIRAS,26,169,5493,720,9,5,7711
se,31739,MACAMBIRA,7,34,1727,125,1,0,1891
se,31755,MALHADA DOS BOIS,5,27,1002,83,0,1,1185
se,31771,MALHADOR,16,69,2897,148,2,4,3233
se,31798,MARUIM,17,107,4247,381,7,1,3660
se,31810,MOITA BONITA,21,51,2393,102,3,3,3479
se,31836,MONTE ALEGRE DE SERGIPE,12,72,2759,180,4,4,3284
se,31852,MURIBECA,5,52,2392,177,0,1,1535
se,31879,NEÓPOLIS,12,146,4582,570,5,2,4483
se,31895,NOSSA SENHORA DA GLÓRIA,18,140,8258,440,11,6,6521
se,31917,NOSSA SENHORA DAS DORES,21,186,6349,396,2,11,5564
se,31933,NOSSA SENHORA DE LOURDES,7,48,1533,108,4,1,1953
se,31950,NOSSA SENHORA DO SOCORRO,147,715,30947,4948,54,23,20700
se,31976,PACATUBA,6,72,2593,148,1,3,3856
se,31992,PEDRA MOLE,5,16,776,83,0,2,877
se,32018,PEDRINHAS,3,53,1508,139,1,3,2996
se,32034,PINHÃO,3,22,1358,60,0,0,1977
se,32050,PIRAMBU,10,50,2399,236,2,3,2244
se,32077,POÇO REDONDO,33,131,5134,268,0,8,6186
se,32093,POÇO VERDE,17,134,4294,245,5,8,7104
se,32115,PORTO DA FOLHA,36,214,6844,637,5,6,5884
se,32131,PROPRIÁ,13,175,6619,561,7,4,7693
se,32158,RIACHÃO DO DANTAS,16,145,3507,279,3,5,6807
se,32174,RIACHUELO,9,56,2318,350,3,2,2056
se,32190,RIBEIRÓPOLIS,10,74,3879,289,3,4,4580
se,32212,ROSÁRIO DO CATETE,3,54,2844,300,4,2,1937
se,32239,SALGADO,14,144,3468,363,3,6,5681
se,32255,SANTA LUZIA DO ITANHY,9,81,2257,136,2,1,3353
se,32298,SANTA ROSA DE LIMA,5,17,1045,86,1,0,1073
se,32310,SANTO AMARO DAS BROTAS,6,51,1874,135,3,6,3507
se,32336,SÃO CRISTÓVÃO,90,597,16420,2971,15,27,14663
se,32352,SÃO DOMINGOS,19,55,2448,87,0,4,2201
se,32379,SÃO FRANCISCO,3,21,1157,69,1,2,740
se,32395,SÃO MIGUEL DO ALEIXO,1,22,1020,77,0,2,808
se,32417,SIMÃO DIAS,44,272,5917,696,10,17,14345
se,32433,SIRIRI,9,44,2132,194,2,3,1695
se,32450,TELHA,2,17,871,81,0,1,949
se,32476,TOBIAS BARRETO,29,318,5726,477,5,54,18754
se,32492,TOMAR DO GERU,8,83,2356,123,3,4,4154
se,32514,UMBAÚBA,12,130,3263,251,2,1,6597
sp,61000,EUCLIDES DA CUNHA PAULISTA,1,35,2556,200,0,1,2571
sp,61018,ADAMANTINA,29,449,11945,1228,9,9,5561
sp,61026,BOREBI,0,11,988,51,1,0,393
sp,61034,ADOLFO,2,27,1190,72,0,2,1007
sp,61042,TARUMÃ,6,40,3388,89,2,0,3548
sp,61050,AGUAÍ,16,222,9480,770,6,9,6033
sp,61069,MOTUCA,1,26,1212,94,0,0,1164
sp,61077,ÁGUAS DA PRATA,3,88,3010,248,2,2,1117
sp,61085,IARAS,0,22,1018,63,0,2,893
sp,61093,ÁGUAS DE LINDÓIA,14,141,7515,320,2,1,1384
sp,61107,GUATAPARÁ,2,30,1389,95,0,0,1804
sp,61115,ÁGUAS DE SÃO PEDRO,0,29,1770,129,6,1,339
sp,61123,DIRCE REIS,3,16,645,66,0,0,415
sp,61131,AGUDOS,22,366,12264,1044,8,11,5765
sp,61140,ESPÍRITO SANTO DO TURVO,0,14,1236,28,0,0,842
sp,61158,ALFREDO MARCONDES,3,38,1499,127,0,5,1008
sp,61166,ROSANA,5,113,3875,877,9,3,6405
sp,61174,ALTAIR,1,17,997,74,1,0,1026
sp,61182,EMBAÚBA,1,21,761,89,0,0,604
sp,61190,ALTINÓPOLIS,5,159,5223,479,4,6,3257
sp,61204,ILHA SOLTEIRA,24,510,6157,1486,7,4,5474
sp,61212,ALTO ALEGRE,1,37,1683,122,1,1,931
sp,61220,ALUMÍNIO,23,143,4067,865,3,1,4369
sp,61239,ÁLVARES FLORENCE,3,30,1649,74,1,2,581
sp,61247,PEDRINHAS PAULISTA,2,51,1237,100,2,1,519
sp,61255,ÁLVARES MACHADO,9,141,5615,580,3,6,5318
sp,61263,ARAÇARIGUAMA,6,61,4688,423,2,3,2696
sp,61271,ÁLVARO DE CARVALHO,4,20,1091,78,0,3,909
sp,61280,BERTIOGA,22,399,11914,1651,20,3,7873
sp,61298,ALVINLÂNDIA,3,14,792,109,0,2,913
sp,61301,SUZANÁPOLIS,1,15,856,32,0,0,951
sp,61310,AMERICANA,107,3174,59965,9145,76,37,50248
sp,61328,SANTO ANTÔNIO DO ARACANGUÁ,0,20,2237,87,0,0,2173
sp,61336,AMÉRICO BRASILIENSE,8,144,8385,621,2,4,8138
sp,61344,CANITAR,1,22,1388,60,0,0,915
sp,61352,AMÉRICO DE CAMPOS,4,57,2645,137,0,0,759
sp,61360,BARRA DO CHAPÉU,1,29,1551,26,3,0,1530
sp,61379,AMPARO,32,694,26744,1636,12,12,7248
sp,61387,EMILIANÓPOLIS,2,18,847,52,0,1,1025
sp,61395,ANALÂNDIA,2,25,2209,115,6,0,454
sp,61409,NOVAIS,5,22,1100,65,1,0,935
sp,61417,ANDRADINA,22,524,16794,1805,24,8,11805
sp,61425,NOVA CANAÃ PAULISTA,1,8,806,32,0,2,658
sp,61433,ANGATUBA,5,103,7017,571,0,0,4082
sp,61441,SALTINHO,4,65,3405,165,0,0,860
sp,61450,ANHEMBI,2,28,1875,71,0,1,917
sp,61468,UBARANA,1,17,1423,104,0,1,1146
sp,61476,ANHUMAS,2,27,1136,93,1,0,875
sp,61484,CAJATI,14,180,9004,314,15,6,6060
sp,61492,APARECIDA,16,473,13590,1372,10,11,6132
sp,61506,CAMPINA DO MONTE ALEGRE,4,24,2234,94,0,0,753
sp,61514,APARECIDA D OESTE,2,29,1478,85,0,1,1217
sp,61522,ASPÁSIA,7,11,699,30,1,0,462
sp,61530,APIAÍ,13,191,8089,360,2,7,4651
sp,61549,VARGEM,6,41,2816,138,3,1,1013
sp,61557,ARAÇATUBA,97,1813,65517,5490,55,36,25425
sp,61565,POTIM,4,103,4375,367,9,4,2738
sp,61573,ARAÇOIABA DA SERRA,15,176,8885,591,13,6,3387
sp,61581,ALAMBARI,1,6,1893,89,0,0,554
sp,61590,ARAMINA,0,52,1135,118,4,3,1807
sp,61603,ITAÓCA,3,28,922,21,0,1,757
sp,61611,ARANDU,5,17,2103,103,1,3,1408
sp,61620,TUIUTI,3,18,2573,111,1,3,705
sp,61638,ARARAQUARA,123,2612,62489,8426,33,45,33471
sp,61646,ARAPEÍ,2,15,920,60,9,0,662
sp,61654,ARARAS,51,1097,43357,4332,43,126,15636
sp,61662,ESTIVA GERBI,2,78,2767,248,2,4,2781
sp,61670,AREALVA,3,73,3123,175,0,4,984
sp,61689,ENGENHEIRO COELHO,4,67,3532,176,2,1,2909
sp,61697,AREIAS,2,39,1237,116,1,0,887
sp,61700,RIBEIRÃO GRANDE,8,38,2529,83,6,0,1920
sp,61719,AREIÓPOLIS,4,52,3036,107,0,2,2434
sp,61727,HORTOLÂNDIA,49,1138,23339,5152,39,45,55224
sp,61735,ARIRANHA,4,63,2988,179,0,1,1701
sp,61743,HOLAMBRA,5,76,4359,192,2,1,2174
sp,61751,ARTUR NOGUEIRA,15,326,10620,908,25,5,8558
sp,61760,ELISIÁRIO,1,20,950,61,0,0,863
sp,61778,ARUJÁ,37,494,21211,2684,26,14,15294
sp,61786,BOM SUCESSO DE ITARARÉ,1,13,1236,31,1,0,575
sp,61794,ASSIS,67,975,28675,3172,26,9,16015
sp,61808,PONTALINDA,3,14,1189,33,0,2,1049
sp,61816,ATIBAIA,66,1046,46756,3274,30,30,13413
sp,61824,PARISI,0,15,979,50,0,1,366
sp,61832,AURIFLAMA,8,103,4666,244,1,2,3101
sp,61840,TAQUARIVAÍ,1,26,2139,38,0,0,660
sp,61859,AVAÍ,1,46,1562,111,1,1,1150
sp,61867,MARAPOAMA,2,5,951,40,0,0,483
sp,61875,AVANHANDAVA,2,50,2589,235,4,1,2353
sp,61883,SÃO JOÃO DE IRACEMA,3,11,460,55,0,1,532
sp,61891,AVARÉ,31,647,28951,1924,4,12,11065
sp,61905,SÃO LOURENÇO DA SERRA,12,71,3981,307,1,1,2239
sp,61913,BADY BASSIT,8,127,4681,433,2,3,2241
sp,61921,ZACARIAS,1,10,656,40,0,1,728
sp,61930,BALBINOS,0,10,644,34,0,1,292
sp,61948,ITAPIRAPUÃ PAULISTA,1,20,1089,33,0,1,914
sp,61956,BÁLSAMO,2,46,3059,211,0,1,1351
sp,61964,MESÓPOLIS,4,4,748,22,1,0,332
sp,61972,BANANAL,20,97,3568,205,3,4,1971
sp,61980,NOVA CAMPINA,0,43,3088,67,1,0,1446
sp,61999,BARBOSA,1,25,2106,161,3,0,1224
sp,62006,ILHA COMPRIDA,6,63,3000,316,2,2,1757
sp,62014,BARÃO DE ANTONINA,2,14,1172,58,0,0,476
sp,62022,LOURDES,0,13,898,40,0,0,381
sp,62030,BARIRI,16,325,12287,631,11,4,3138
sp,62049,TORRE DE PEDRA,1,16,1134,55,1,1,409
sp,62057,BARRA BONITA,11,432,15761,943,3,10,5122
sp,62065,ARCO ÍRIS,0,8,964,24,0,0,405
sp,62073,BARRA DO TURVO,1,47,1755,82,0,0,2116
sp,62081,BREJO ALEGRE,1,7,612,21,0,0,821
sp,62090,BARRETOS,53,858,35468,3985,14,21,19515
sp,62103,CANAS,0,22,1574,90,1,0,594
sp,62111,BARRINHA,14,159,4808,598,22,10,8325
sp,62120,PRACINHA,0,7,624,21,0,0,325
sp,62138,BARUERI,101,1733,60076,9620,132,58,71353
sp,62146,PRATÂNIA,5,17,1912,49,0,0,563
sp,62154,BASTOS,7,131,8859,343,0,5,3014
sp,62162,QUADRA,0,5,1416,84,0,3,409
sp,62170,BATATAIS,23,484,20832,1137,5,5,7895
sp,62189,SANTA CRUZ DA ESPERANÇA,3,15,735,35,0,0,306
sp,62197,BAURU,177,4974,101805,13929,99,94,54846
sp,62200,SANTA SALETE,0,11,622,68,0,0,377
sp,62219,BEBEDOURO,18,556,25344,2348,14,19,12764
sp,62227,VITÓRIA BRASIL,0,13,605,44,0,2,437
sp,62235,BENTO DE ABREU,3,12,910,36,0,0,556
sp,62243,IPIGUÁ,0,11,1600,107,0,2,492
sp,62251,BERNARDINO DE CAMPOS,4,103,4091,289,2,3,1702
sp,62260,TAQUARAL,1,23,789,50,1,1,650
sp,62278,BILAC,6,57,3148,247,1,1,794
sp,62286,FERNÃO,1,3,543,18,0,0,285
sp,62294,BIRIGUI,42,694,36308,2524,21,24,15020
sp,62308,GAVIÃO PEIXOTO,2,32,1320,100,1,0,1081
sp,62316,BIRITIBA MIRIM,11,168,10387,866,6,4,3197
sp,62324,JUMIRIM,0,14,1104,65,0,0,289
sp,62332,BOA ESPERANÇA DO SUL,6,92,3053,165,2,1,3897
sp,62340,NANTES,2,11,941,30,0,2,497
sp,62359,BOCAINA,8,103,4020,219,3,1,1462
sp,62367,NOVA CASTILHO,0,5,675,24,2,0,188
sp,62375,BOFETE,1,37,2703,211,2,0,1593
sp,62383,OUROESTE,1,41,2112,151,0,2,1762
sp,62391,BOITUVA,22,274,15577,1090,20,8,5398
sp,62405,PAULISTÂNIA,1,15,753,13,0,0,251
sp,62413,BOM JESUS DOS PERDÕES,5,81,6773,393,6,13,2230
sp,62421,RIBEIRÃO DOS ÍNDIOS,0,18,700,59,0,0,646
sp,62430,BORÁ,0,7,382,30,0,0,231
sp,62448,TRABIJU,2,3,588,19,0,0,390
sp,62456,BORACÉIA,3,20,1532,58,0,0,741
sp,62472,BORBOREMA,11,112,4975,353,3,5,2419
sp,62499,BOTUCATU,58,1606,41073,4909,41,30,14515
sp,62510,BRAGANÇA PAULISTA,110,1627,54323,4784,41,31,15902
sp,62553,BRAÚNA,7,33,1998,70,1,1,850
sp,62570,BRODOWSKI,8,166,6847,506,3,6,2813
sp,62596,BROTAS,11,199,7657,500,9,2,2772
sp,62618,BURI,6,123,6670,185,3,4,2792
sp,62634,BURITAMA,4,90,4972,308,3,1,2801
sp,62650,BURITIZAL,0,24,1652,72,0,1,656
sp,62677,CABRÁLIA PAULISTA,2,38,1291,92,3,0,1195
sp,62693,CABREÚVA,16,208,9972,693,6,5,8900
sp,62715,CAÇAPAVA,30,835,30686,3103,20,14,13549
sp,62731,CACHOEIRA PAULISTA,20,438,7411,1365,6,6,7971
sp,62758,CACONDE,6,148,6418,270,1,8,2826
sp,62774,CAFELÂNDIA,8,157,5836,402,4,1,2994
sp,62790,CAIABU,5,22,1189,81,0,0,1309
sp,62812,CAIEIRAS,37,640,19594,3778,40,31,17647
sp,62839,CAIUÁ,3,24,1154,124,1,1,1507
sp,62855,CAJAMAR,20,355,14101,2419,37,15,16654
sp,62871,CAJOBI,6,97,2918,192,0,4,2400
sp,62898,CAJURU,16,206,6870,470,3,2,4599
sp,62910,CAMPINAS,439,14657,256237,43918,442,305,230908
sp,62936,CAMPO LIMPO PAULISTA,46,525,17268,2606,32,40,20157
sp,62952,CAMPOS DO JORDÃO,28,466,18789,1106,11,9,5498
sp,62979,CAMPOS NOVOS PAULISTA,1,35,1504,91,0,2,775
sp,62995,CANANÉIA,7,80,4362,254,2,4,1900
sp,63010,CÂNDIDO MOTA,35,244,10888,528,5,7,6190
sp,63037,CÂNDIDO RODRIGUES,1,26,987,57,1,0,649
sp,63053,CAPÃO BONITO,33,250,17612,810,8,10,6726
sp,63070,CAPELA DO ALTO,7,87,6324,576,1,3,1642
sp,63096,CAPIVARI,24,544,16342,1252,10,9,5753
sp,63118,CARAGUATATUBA,50,630,28411,3115,31,29,13780
sp,63134,CARAPICUÍBA,140,2123,82453,12703,121,76,95738
sp,63150,CARDOSO,5,92,3206,224,0,4,3113
sp,63177,CASA BRANCA,13,244,9529,1078,4,3,3100
sp,63193,CÁSSIA DOS COQUEIROS,2,19,1303,47,0,0,329
sp,63215,CASTILHO,12,118,3351,620,0,3,5520
sp,63231,CATANDUVA,49,1224,38596,4326,53,25,14942
sp,63258,CATIGUÁ,10,41,1784,134,0,1,1999
sp,63274,CEDRAL,3,104,2936,274,0,1,1185
sp,63290,CERQUEIRA CÉSAR,9,154,6421,368,2,2,2032
sp,63312,CERQUILHO,17,213,13525,763,2,9,4964
sp,63339,CESÁRIO LANGE,3,90,5839,277,6,1,1463
sp,63355,CHARQUEADA,3,77,5682,398,2,4,2710
sp,63371,CHAVANTES,6,96,3730,350,3,1,2763
sp,63398,CLEMENTINA,3,42,2152,110,1,1,1170
sp,63410,COLINA,9,143,5284,267,1,3,4198
sp,63436,COLÔMBIA,2,25,1680,102,0,1,1547
sp,63452,CONCHAL,11,187,9168,347,11,7,3743
sp,63479,CONCHAS,9,115,6068,342,3,5,2482
sp,63495,CORDEIRÓPOLIS,7,294,6304,853,7,8,3709
sp,63517,COROADOS,0,17,1752,96,1,2,867
sp,63533,CORONEL MACEDO,3,35,1702,88,1,0,1553
sp,63550,CORUMBATAÍ,3,40,1738,84,0,0,429
sp,63576,COSMÓPOLIS,21,407,13068,1361,70,3,13669
sp,63592,COSMORAMA,1,53,2948,166,6,2,1128
sp,63614,COTIA,94,1288,47221,6203,78,28,38264
sp,63630,CRAVINHOS,18,246,11959,570,1,4,3893
sp,63657,CRISTAIS PAULISTA,5,46,2840,122,0,0,984
sp,63673,CRUZÁLIA,1,6,1219,49,0,2,515
sp,63690,CRUZEIRO,38,894,22364,2698,21,36,17470
sp,63711,CUBATÃO,45,1186,24949,5358,162,36,41043
sp,63738,CUNHA,16,227,7532,354,3,3,4644
sp,63754,DESCALVADO,25,276,13160,929,4,6,3414
sp,63770,DIADEMA,148,2457,73479,15420,201,134,142428
sp,63797,DIVINOLÂNDIA,7,70,5292,213,1,1,1400
sp,63819,DOBRADA,3,72,2132,157,1,1,2023
sp,63835,DOIS CÓRREGOS,13,205,9103,480,5,6,2987
sp,63851,DOLCINÓPOLIS,1,32,716,40,0,0,740
sp,63878,DOURADO,4,70,3229,223,0,4,1546
sp,63894,DRACENA,26,425,14983,1207,6,11,7670
sp,63916,DUARTINA,11,141,4677,308,3,4,2380
sp,63932,DUMONT,3,41,2422,172,1,1,1414
sp,63959,ECHAPORÃ,6,53,2438,129,0,0,1216
sp,63975,ELDORADO,5,98,4362,242,8,2,2798
sp,63991,ELIAS FAUSTO,5,130,4756,288,3,6,3386
sp,64017,EMBU,88,1499,58390,10635,99,60,53795
sp,64033,EMBU-GUAÇU,28,454,18919,1986,44,6,11987
sp,64050,ESTRELA D OESTE,2,75,3181,292,3,1,1692
sp,64076,ESTRELA DO NORTE,1,13,1140,65,0,1,478
sp,64092,FARTURA,9,140,5960,268,3,5,2389
sp,64114,FERNANDÓPOLIS,20,547,21260,1724,10,13,12302
sp,64130,FERNANDO PRESTES,4,33,1818,134,1,2,1220
sp,64157,FERRAZ DE VASCONCELOS,69,1169,30149,6759,76,22,40772
sp,64173,FLORA RICA,2,10,709,65,0,0,659
sp,64190,FLOREAL,4,43,1268,83,0,1,680
sp,64211,FLÓRIDA PAULISTA,5,70,2816,229,8,4,3211
sp,64238,FLORÍNIA,1,12,1007,91,1,0,834
sp,64254,FRANCA,129,2507,112191,8416,40,40,41960
sp,64270,FRANCISCO MORATO,73,667,25653,3217,55,52,36419
sp,64297,FRANCO DA ROCHA,81,966,24403,5588,92,34,31200
sp,64319,GABRIEL MONTEIRO,2,16,1403,48,0,1,293
sp,64335,GÁLIA,6,72,2327,163,0,0,1314
sp,64351,GARÇA,22,358,17373,884,8,7,5156
sp,64378,GASTÃO VIDIGAL,2,41,1241,74,1,1,878
sp,64394,GENERAL SALGADO,9,74,3934,309,3,2,2371
sp,64416,GETULINA,8,62,3736,160,1,1,1890
sp,64432,GLICÉRIO,2,31,1569,64,0,1,1119
sp,64459,GUAIÇARA,1,40,2479,213,3,1,2569
sp,64475,GUAIMBÊ,3,36,1665,106,0,1,1150
sp,64491,GUAÍRA,13,205,14112,521,9,1,6488
sp,64513,GUAPIAÇU,14,85,5390,399,2,4,3570
sp,64530,GUAPIARA,12,119,5475,129,4,5,4325
sp,64556,GUARÁ,9,92,4537,306,3,1,5751
sp,64572,GUARAÇAÍ,7,108,2589,246,2,0,2099
sp,64599,GUARACI,4,64,2665,220,0,2,2222
sp,64610,GUARANI D OESTE,3,13,602,37,0,1,469
sp,64637,GUARANTÃ,3,54,2275,116,1,0,1254
sp,64653,GUARARAPES,10,246,11611,625,3,5,4663
sp,64670,GUARAREMA,17,152,8784,778,4,5,3920
sp,64696,GUARATINGUETÁ,56,1758,37941,4593,29,28,20773
sp,64718,GUAREÍ,7,70,4020,223,1,3,1616
sp,64734,GUARIBA,8,216,9240,756,4,6,9009
sp,64750,GUARUJÁ,170,2727,58901,15132,175,70,80102
sp,64777,GUARULHOS,524,8506,271318,52778,555,338,234914
sp,64793,GUZOLÂNDIA,6,18,1546,52,0,0,948
sp,64815,HERCULÂNDIA,2,52,2754,133,0,3,1850
sp,64831,IACANGA,2,89,3740,294,0,1,1155
sp,64858,IACRI,2,32,2589,108,1,1,1087
sp,64874,IBATÉ,15,172,8460,861,16,6,6123
sp,64890,IBIRÁ,11,86,3911,301,3,2,1210
sp,64912,IBIRAREMA,4,33,2509,137,1,1,925
sp,64939,IBITINGA,25,371,17699,793,13,7,8957
sp,64955,IBIÚNA,41,314,29109,1152,22,15,5784
sp,64971,ICÉM,5,61,2307,267,0,3,1822
sp,64998,IEPÊ,8,56,3086,147,0,2,1058
sp,65013,IGARAÇU DO TIETÊ,19,197,7213,483,0,6,5272
sp,65030,IGARAPAVA,19,204,7176,851,2,6,7182
sp,65056,IGARATÁ,3,85,3308,201,2,4,1342
sp,65072,IGUAPE,20,248,9369,668,6,10,5646
sp,65099,ILHABELA,8,174,9023,635,20,5,3255
sp,65110,INDAIATUBA,98,2902,42946,6691,60,54,39291
sp,65137,INDIANA,4,53,1922,167,1,2,991
sp,65153,INDIAPORÃ,7,22,1441,81,2,0,853
sp,65170,INÚBIA PAULISTA,0,20,1428,57,0,0,594
sp,65196,IPAUÇU,7,74,4788,330,0,4,1985
sp,65218,IPERÓ,12,132,4773,974,5,6,4771
sp,65234,IPEÚNA,4,43,1752,91,1,2,808
sp,65250,IPORANGA,3,29,966,70,1,1,1227
sp,65277,IPUÃ,3,49,3470,141,0,2,3621
sp,65293,IRACEMÁPOLIS,9,215,6262,641,10,8,3539
sp,65315,IRAPUÃ,6,28,2593,117,4,1,1121
sp,65331,IRAPURU,4,36,2209,197,5,1,1454
sp,65358,ITABERÁ,6,98,5450,164,0,5,4404
sp,65374,ITAÍ,9,123,7425,311,4,1,4071
sp,65390,ITAJOBI,15,173,6272,357,4,5,1892
sp,65412,ITAJU,3,52,1331,88,4,1,394
sp,65439,ITANHAÉM,47,596,23454,2698,30,12,14112
sp,65455,ITAPECERICA DA SERRA,61,993,35427,4484,43,27,32516
sp,65471,ITAPETININGA,57,1133,50133,4261,25,26,15422
sp,65498,ITAPEVA,53,675,30940,1672,15,19,13306
sp,65510,ITAPEVI,76,878,33065,4232,78,38,50993
sp,65536,ITAPIRA,41,796,26330,2628,18,28,8418
sp,65552,ITÁPOLIS,30,483,13693,738,2,6,6170
sp,65579,ITAPORANGA,12,119,5990,166,8,5,2008
sp,65595,ITAPUÍ,2,70,3696,178,3,1,1965
sp,65617,ITAPURA,2,28,756,72,1,1,1278
sp,65633,ITAQUAQUECETUBA,106,1695,46326,8444,107,53,70725
sp,65650,ITARARÉ,27,436,17631,1177,14,6,7196
sp,65676,ITARIRI,7,56,4032,241,4,2,1525
sp,65692,ITATIBA,55,915,33996,1859,30,25,11717
sp,65714,ITATINGA,5,84,5904,327,1,2,2500
sp,65730,ITIRAPINA,11,79,3930,395,3,4,1844
sp,65757,ITIRAPUÃ,3,48,1817,85,0,2,1364
sp,65773,ITOBI,5,50,3033,194,1,2,1106
sp,65790,ITU,62,1349,47436,3479,69,80,26930
sp,65811,ITUPEVA,16,230,10197,777,7,2,7187
sp,65838,ITUVERAVA,23,279,11417,860,3,4,9137
sp,65854,JABORANDI,3,31,1599,72,0,1,2173
sp,65870,JABOTICABAL,34,686,25102,2483,34,19,8562
sp,65897,JACAREÍ,111,1601,69080,7618,50,46,36026
sp,65919,JACI,5,20,2037,111,0,1,1065
sp,65935,JACUPIRANGA,15,124,6079,351,7,9,2527
sp,65951,JAGUARIÚNA,18,370,11137,872,19,17,7797
sp,65978,JALES,23,632,16184,1243,7,9,9005
sp,65994,JAMBEIRO,1,33,2092,132,1,0,657
sp,66010,JANDIRA,41,671,25987,3531,28,18,24929
sp,66036,JARDINÓPOLIS,16,314,10570,867,51,9,5402
sp,66052,JARINU,18,140,7112,462,9,4,3161
sp,66079,JAÚ,51,1556,47369,3125,21,31,16492
sp,66095,JERIQUARA,2,10,1206,39,0,1,842
sp,66117,JOANÓPOLIS,12,90,4675,234,2,4,1205
sp,66133,JOÃO RAMALHO,3,17,1350,70,3,0,1015
sp,66150,JOSÉ BONIFÁCIO,11,250,10875,753,2,3,4706
sp,66176,JÚLIO MESQUITA,4,12,1305,80,1,2,1403
sp,66192,JUNDIAÍ,192,4578,104984,13455,113,111,77706
sp,66214,JUNQUEIRÓPOLIS,5,110,5710,466,1,3,3751
sp,66230,JUQUIÁ,13,132,7184,380,6,14,3508
sp,66257,JUQUITIBA,47,246,9540,743,10,9,4842
sp,66273,LAGOINHA,2,67,2804,84,0,0,778
sp,66290,LARANJAL PAULISTA,17,205,10640,366,4,4,2854
sp,66311,LAVÍNIA,3,40,1310,148,2,1,1352
sp,66338,LAVRINHAS,2,51,2425,176,1,2,1484
sp,66354,LEME,35,709,26167,2254,16,13,17949
sp,66370,LENÇÓIS PAULISTA,34,528,22228,1383,14,22,7880
sp,66397,LIMEIRA,137,2818,74459,11428,118,114,54085
sp,66419,LINDÓIA,2,59,2902,110,2,2,459
sp,66435,LINS,34,575,25568,2872,34,16,9142
sp,66451,LORENA,44,1166,27175,3439,28,31,13882
sp,66478,LOUVEIRA,8,179,11070,706,8,5,5942
sp,66494,LUCÉLIA,11,145,6079,435,9,1,3581
sp,66516,LUCIANÓPOLIS,1,21,654,28,2,0,626
sp,66532,LUÍS ANTÔNIO,5,86,2240,431,5,0,2443
sp,66559,LUISIÂNIA,2,19,1567,100,0,1,1037
sp,66575,LUPÉRCIO,0,28,1185,83,0,0,1258
sp,66591,LUTÉCIA,0,30,1101,60,1,1,551
sp,66613,MACATUBA,3,142,5033,357,1,2,3907
sp,66630,MACAUBAL,3,44,3192,206,0,0,887
sp,66656,MACEDÔNIA,0,20,1260,96,0,4,754
sp,66672,MAGDA,1,27,1289,72,0,3,684
sp,66699,MAIRINQUE,17,266,12446,1473,22,12,11044
sp,66710,MAIRIPORÃ,47,526,22421,2351,24,15,9788
sp,66737,MANDURI,7,114,3453,291,1,1,1363
sp,66753,MARABÁ PAULISTA,2,33,1404,110,0,0,887
sp,66770,MARACAÍ,5,88,4344,346,25,3,3685
sp,66796,MARIÁPOLIS,3,48,1265,106,1,1,917
sp,66818,MARÍLIA,82,2230,68892,10287,44,44,30178
sp,66834,MARINÓPOLIS,2,8,747,50,0,0,641
sp,66850,MARTINÓPOLIS,13,173,7789,543,8,6,4019
sp,66877,MATÃO,39,592,24693,2260,15,20,17040
sp,66893,MAUÁ,173,2525,80697,19383,293,74,108601
sp,66915,MENDONÇA,4,28,1474,92,0,0,768
sp,66931,MERIDIANO,4,35,1362,87,0,1,960
sp,66958,MIGUELÓPOLIS,7,90,5816,380,1,6,4763
sp,66974,MINEIROS DO TIETÊ,7,93,3917,165,1,1,2131
sp,66990,MIRACATU,6,135,6901,328,12,4,3686
sp,67016,MIRA ESTRELA,1,13,819,56,1,1,906
sp,67032,MIRANDÓPOLIS,20,258,7471,1006,4,7,4959
sp,67059,MIRANTE DO PARANAPANEMA,8,80,4602,398,1,3,4144
sp,67075,MIRASSOL,31,494,17802,1784,12,37,7538
sp,67091,MIRASSOLÂNDIA,1,25,1838,86,0,1,658
sp,67113,MOCOCA,41,579,27652,1646,5,40,7056
sp,67130,MOGI DAS CRUZES,217,3639,119028,14378,221,90,58779
sp,67156,MOJI-GUACU,47,1644,38558,4465,51,128,30754
sp,67172,MOJI-MIRIM,36,1137,31130,2601,28,19,10799
sp,67199,MOMBUCA,5,27,1393,71,0,2,569
sp,67210,MONÇÕES,1,14,842,53,2,0,356
sp,67237,MONGAGUÁ,13,256,11443,1555,14,9,8285
sp,67253,MONTE ALEGRE DO SUL,5,51,3031,123,0,1,1085
sp,67270,MONTE ALTO,20,527,15594,1241,9,10,8081
sp,67296,MONTE APRAZÍVEL,4,201,6961,517,5,2,3955
sp,67318,MONTE AZUL PAULISTA,8,111,7458,297,4,5,3506
sp,67334,MONTE CASTELO,5,32,918,85,1,0,1367
sp,67350,MONTEIRO LOBATO,1,66,1836,120,0,1,777
sp,67377,MONTE MOR,21,421,9542,982,6,11,12087
sp,67393,MORRO AGUDO,7,200,6624,477,2,9,6694
sp,67415,MORUNGABA,6,65,5070,177,3,1,1350
sp,67431,MURUTINGA DO SUL,2,32,1438,99,0,0,902
sp,67458,NARANDIBA,1,18,1217,70,0,0,1081
sp,67474,NATIVIDADE DA SERRA,11,42,2682,145,1,14,1428
sp,67490,NAZARÉ PAULISTA,6,105,6059,326,2,67,2065
sp,67512,NEVES PAULISTA,7,75,3367,269,0,2,1661
sp,67539,NHANDEARA,4,111,4495,279,1,2,1389
sp,67555,NIPOÃ,0,11,1469,54,1,0,759
sp,67571,NOVA ALIANÇA,5,54,2097,224,2,0,895
sp,67598,NOVA EUROPA,3,73,2494,220,0,0,2026
sp,67610,NOVA GRANADA,14,139,5992,609,0,7,3343
sp,67636,NOVA GUATAPORANGA,0,23,435,30,1,1,786
sp,67652,NOVA INDEPENDÊNCIA,0,13,775,40,1,0,677
sp,67679,NOVA LUZITÂNIA,1,14,1246,26,0,1,633
sp,67695,NOVA ODESSA,24,549,10886,1640,19,20,14685
sp,67717,NOVO HORIZONTE,9,299,10855,897,1,1,7200
sp,67733,NUPORANGA,2,34,2841,122,1,3,1016
sp,67750,OCAUÇU,5,54,1304,129,0,0,945
sp,67776,ÓLEO,6,39,1365,66,1,1,369
sp,67792,OLÍMPIA,32,315,16800,1237,5,14,7988
sp,67814,ONDA VERDE,4,25,1167,227,2,1,983
sp,67830,ORIENTE,2,39,2528,168,1,0,1129
sp,67857,ORINDIÚVA,7,16,1909,67,1,1,976
sp,67873,ORLÂNDIA,18,248,14538,952,10,12,6184
sp,67890,OSASCO,294,6429,171315,31919,414,239,187291
sp,67911,OSCAR BRESSANE,1,13,1263,62,0,0,335
sp,67938,OSVALDO CRUZ,17,266,11857,638,14,6,4434
sp,67954,OURINHOS,50,813,32944,3472,43,27,16382
sp,67970,OURO VERDE,4,42,1735,133,0,2,2483
sp,67997,PACAEMBU,1,107,3609,326,0,2,2391
sp,68012,PALESTINA,3,51,3913,236,3,3,1444
sp,68039,PALMARES PAULISTA,4,45,2366,183,0,0,2429
sp,68055,PALMEIRA D OESTE,10,60,3210,194,0,6,2313
sp,68071,PALMITAL,10,151,7692,274,1,3,4207
sp,68098,PANORAMA,4,46,3404,323,0,1,3240
sp,68110,PARAGUAÇU PAULISTA,16,338,10371,960,9,9,10360
sp,68136,PARAIBUNA,12,153,6354,474,1,1,2993
sp,68152,PARAÍSO,1,44,1898,86,0,0,1393
sp,68179,PARANAPANEMA,6,81,5633,183,2,1,3822
sp,68195,PARANAPUÃ,0,16,1459,87,0,1,674
sp,68217,PARAPUÃ,9,147,3096,299,3,4,2417
sp,68233,PARDINHO,2,41,1934,84,0,2,947
sp,68250,PARIQUERA-AÇU,9,144,6185,329,6,3,3465
sp,68276,PATROCÍNIO PAULISTA,4,82,4948,159,6,2,1993
sp,68292,PAULICÉIA,4,34,1415,107,0,1,1510
sp,68314,PAULÍNIA,35,1080,17285,3476,45,23,18445
sp,68330,PAULO DE FARIA,2,51,2843,151,0,1,1844
sp,68357,PEDERNEIRAS,33,356,11208,981,5,6,8451
sp,68373,PEDRA BELA,2,45,1993,77,2,0,824
sp,68390,PEDRANÓPOLIS,0,22,897,52,0,1,737
sp,68411,PEDREGULHO,6,152,5049,330,2,4,3512
sp,68438,PEDREIRA,34,329,13798,989,8,6,7743
sp,68454,PEDRO DE TOLEDO,5,54,2583,311,1,1,1808
sp,68470,PENÁPOLIS,32,538,17606,1894,7,11,11594
sp,68497,PEREIRA BARRETO,14,206,7929,731,3,12,4912
sp,68519,PEREIRAS,3,33,2865,107,2,3,1183
sp,68535,PERUÍBE,40,421,19138,1866,27,15,10279
sp,68551,PIACATU,1,35,2024,51,1,2,895
sp,68578,PIEDADE,35,364,18294,975,6,8,6530
sp,68594,PILAR DO SUL,8,156,9842,389,3,2,3177
sp,68616,PINDAMONHANGABA,72,1257,48552,3364,25,23,21423
sp,68632,PINDORAMA,9,101,4758,432,2,2,3008
sp,68659,ESPÍRITO SANTO DO PINHAL,24,375,17108,979,14,10,5553
sp,68675,PINHALZINHO,8,66,4828,203,1,0,1633
sp,68691,PIQUEROBI,1,21,799,74,0,0,1256
sp,68713,PIQUETE,11,169,5585,922,1,0,2581
sp,68730,PIRACAIA,21,175,10267,615,7,14,2967
sp,68756,PIRACICABA,158,4602,113105,13072,93,99,62157
sp,68772,PIRAJU,14,316,10593,942,51,5,3921
sp,68799,PIRAJUÍ,8,250,6825,531,1,4,3028
sp,68810,PIRANGI,5,78,3646,271,1,3,1529
sp,68837,PIRAPORA DO BOM JESUS,5,38,3996,272,3,2,2533
sp,68853,PIRAPOZINHO,7,203,7144,910,1,4,5294
sp,68870,PIRASSUNUNGA,33,911,25028,2579,29,13,9141
sp,68896,PIRATININGA,6,152,4535,340,1,5,1598
sp,68918,PITANGUEIRAS,7,158,9272,683,14,6,7027
sp,68934,PLANALTO,1,34,1440,83,0,0,772
sp,68950,PLATINA,0,15,1054,25,0,0,736
sp,68977,POÁ,66,1107,26015,5283,65,32,27827
sp,68993,POLONI,4,37,2187,138,0,1,768
sp,69019,POMPÉIA,12,116,8931,404,1,1,2386
sp,69035,PONGAÍ,2,31,1816,103,0,0,585
sp,69051,PONTAL,13,235,8824,617,4,20,7681
sp,69078,PONTES GESTAL,1,18,927,35,1,1,626
sp,69094,POPULINA,4,46,1600,73,0,1,862
sp,69116,PORANGABA,3,60,2742,195,1,0,1483
sp,69132,PORTO FELIZ,20,373,16297,929,13,20,8668
sp,69159,PORTO FERREIRA,28,409,18409,1484,22,13,7654
sp,69175,POTIRENDABA,8,129,5664,371,0,4,2060
sp,69191,PRADÓPOLIS,1,108,4439,288,5,2,4225
sp,69213,PRAIA GRANDE,102,1575,54720,9315,66,59,42164
sp,69230,PRESIDENTE ALVES,5,75,1658,71,3,1,855
sp,69256,PRESIDENTE BERNARDES,6,96,4482,377,2,4,3076
sp,69272,PRESIDENTE EPITÁCIO,17,294,9798,1323,7,3,9508
sp,69299,PRESIDENTE PRUDENTE,101,2403,58492,10574,45,66,39435
sp,69310,PRESIDENTE VENCESLAU,24,319,12960,1504,5,12,6124
sp,69337,PROMISSÃO,4,196,8319,1002,11,12,9141
sp,69353,QUATÁ,7,94,3867,322,0,2,2682
sp,69370,QUEIROZ,2,19,711,30,0,1,786
sp,69396,QUELUZ,4,69,2646,234,2,1,2472
sp,69418,QUINTANA,5,56,2054,125,0,1,1158
sp,69434,RAFARD,8,101,3352,210,0,4,1534
sp,69450,RANCHARIA,21,243,10143,960,10,16,5647
sp,69477,REDENÇÃO DA SERRA,3,16,1878,95,1,0,774
sp,69493,REGENTE FEIJÓ,9,137,6808,590,2,7,3070
sp,69515,REGINÓPOLIS,6,68,2148,164,2,1,682
sp,69531,REGISTRO,33,431,19043,1207,23,9,9110
sp,69558,RESTINGA,1,27,1949,129,4,1,1729
sp,69574,RIBEIRA,8,29,1019,36,0,1,942
sp,69590,RIBEIRÃO BONITO,7,125,3869,293,2,2,2457
sp,69612,RIBEIRÃO BRANCO,6,81,5235,156,1,2,4261
sp,69639,RIBEIRÃO CORRENTE,2,15,1551,30,1,0,782
sp,69655,RIBEIRÃO DO SUL,1,23,1534,56,1,1,1140
sp,69671,RIBEIRÃO PIRES,68,834,31280,5367,56,36,25645
sp,69698,RIBEIRÃO PRETO,282,8880,165156,24868,162,141,82816
sp,69710,RIVERSUL,5,54,2017,70,0,2,1528
sp,69736,RIFAINA,4,42,1375,102,0,0,932
sp,69752,RINCÃO,7,70,3024,177,2,0,2271
sp,69779,RINÓPOLIS,1,61,3977,165,2,4,1296
sp,69795,RIO CLARO,110,2561,58894,7243,44,49,25514
sp,69817,RIO DAS PEDRAS,11,241,9101,806,2,4,6194
sp,69833,RIO GRANDE DA SERRA,20,258,10802,1490,49,22,11285
sp,69850,RIOLÂNDIA,2,28,2990,67,0,4,1483
sp,69876,ROSEIRA,4,65,3629,175,0,3,1444
sp,69892,RUBIÁCEA,3,10,965,52,3,0,426
sp,69914,RUBINÉIA,2,23,837,67,1,1,729
sp,69930,SABINO,2,46,1521,155,0,3,1466
sp,69957,SAGRES,2,13,823,51,0,1,546
sp,69973,SALES,20,32,2055,166,2,0,694
sp,69990,SALES OLIVEIRA,9,83,3878,204,2,2,1432
sp,70017,SALESÓPOLIS,12,125,7094,529,4,4,2053
sp,70033,SALMOURÃO,2,29,1631,39,1,1,900
sp,70050,SALTO,40,1072,25754,2723,23,12,27189
sp,70076,SALTO DE PIRAPORA,15,216,10909,1167,9,9,6207
sp,70092,SALTO GRANDE,2,67,2717,176,7,2,1609
sp,70114,SANDOVALINA,1,14,1173,134,0,0,865
sp,70130,SANTA ADÉLIA,10,113,4699,414,2,8,2896
sp,70157,SANTA ALBERTINA,8,29,2064,116,0,5,970
sp,70173,SANTA BÁRBARA D OESTE,66,1878,37663,6100,56,39,49099
sp,70190,ÁGUAS DE SANTA BÁRBARA,1,34,2113,118,1,0,817
sp,70211,SANTA BRANCA,7,106,5531,408,1,3,2354
sp,70238,SANTA CLARA D OESTE,0,18,895,65,0,1,505
sp,70254,SANTA CRUZ DA CONCEIÇÃO,2,31,1565,119,0,0,550
sp,70270,SANTA CRUZ DAS PALMEIRAS,12,189,10618,294,1,6,4428
sp,70297,SANTA CRUZ DO RIO PARDO,25,369,18344,825,5,2,4661
sp,70319,SANTA ERNESTINA,5,27,1368,103,1,1,1733
sp,70335,SANTA FÉ DO SUL,13,233,10278,654,3,8,4574
sp,70351,SANTA GERTRUDES,10,178,5691,659,7,6,4052
sp,70378,SANTA ISABEL,27,315,16556,1146,9,13,9175
sp,70394,SANTA LÚCIA,6,56,2081,223,0,1,2920
sp,70416,SANTA MARIA DA SERRA,12,46,1656,109,1,0,1042
sp,70432,SANTA MERCEDES,2,25,717,37,0,0,736
sp,70459,SANTANA DA PONTE PENSA,2,10,736,29,0,0,404
sp,70475,SANTANA DE PARNAÍBA,30,584,22363,2381,23,11,17884
sp,70491,SANTA RITA D OESTE,4,19,965,73,0,0,677
sp,70513,SANTA RITA DO PASSA QUATRO,12,314,10633,864,4,10,3690
sp,70530,SANTA ROSA DE VITERBO,8,255,6799,953,7,3,5499
sp,70556,SANTO ANASTÁCIO,7,166,5797,708,2,5,5211
sp,70572,SANTO ANDRÉ,340,7397,196394,32043,368,242,172262
sp,70599,SANTO ANTÔNIO DA ALEGRIA,3,88,2233,127,0,1,1201
sp,70610,SANTO ANTÔNIO DA POSSE,9,143,6848,303,4,4,3387
sp,70637,SANTO ANTÔNIO DO JARDIM,3,55,2654,64,0,0,916
sp,70653,SANTO ANTÔNIO DO PINHAL,9,47,2795,102,1,1,1161
sp,70670,SANTO EXPEDITO,1,20,823,61,0,0,924
sp,70696,SANTÓPOLIS DO AGUAPEÍ,1,26,1277,31,0,2,912
sp,70718,SANTOS,274,5854,138249,25160,146,139,81284
sp,70734,SÃO BENTO DO SAPUCAÍ,6,60,4653,244,2,5,1215
sp,70750,SÃO BERNARDO DO CAMPO,293,6873,167472,30948,383,222,214271
sp,70777,SÃO CAETANO DO SUL,92,2055,62282,8692,79,67,25461
sp,70793,SÃO CARLOS,78,2754,78259,9099,24,47,25917
sp,70815,SÃO FRANCISCO,2,11,932,54,1,2,733
sp,70831,SÃO JOÃO DA BOA VISTA,54,884,31654,2396,18,32,11955
sp,70858,SÃO JOÃO DAS DUAS PONTES,6,23,855,60,0,2,645
sp,70874,SÃO JOÃO DO PAU D ALHO,2,15,775,86,9,0,534
sp,70890,SÃO JOAQUIM DA BARRA,17,377,14062,945,5,11,10007
sp,70912,SÃO JOSÉ DA BELA VISTA,3,23,2449,70,1,0,1734
sp,70939,SÃO JOSÉ DO BARREIRO,4,34,1699,92,1,2,713
sp,70955,SÃO JOSÉ DO RIO PARDO,20,561,20514,1212,1,17,6694
sp,70971,SÃO JOSÉ DO RIO PRETO,201,4606,133901,18252,87,159,51391
sp,70998,SÃO JOSÉ DOS CAMPOS,296,7116,191579,21586,151,155,104797
sp,71013,SÃO LUÍS DO PARAITINGA,7,133,4749,221,1,6,1855
sp,71030,SÃO MANUEL,21,336,14424,1051,7,9,4908
sp,71056,SÃO MIGUEL ARCANJO,18,284,11462,551,7,9,4423
sp,71072,SÃO PAULO,4751,113298,3384767,528061,5650,3277,2243168
sp,71099,SÃO PEDRO,20,190,11838,641,9,8,3685
sp,71110,SÃO PEDRO DO TURVO,1,32,2541,69,2,1,1012
sp,71137,SÃO ROQUE,52,601,24617,2148,29,11,11420
sp,71153,SÃO SEBASTIÃO,28,554,17579,2305,29,11,14103
sp,71170,SÃO SEBASTIÃO DA GRAMA,9,90,4821,97,2,2,1323
sp,71196,SÃO SIMÃO,12,160,4579,715,2,8,2596
sp,71218,SÃO VICENTE,194,2778,77479,18911,174,108,82459
sp,71234,SARAPUÍ,1,46,2999,134,1,1,1471
sp,71250,SARUTAIÁ,1,22,1218,61,0,0,888
sp,71277,SEBASTIANÓPOLIS DO SUL,3,25,1461,43,0,0,421
sp,71293,SERRA AZUL,5,72,2032,147,2,3,2049
sp,71315,SERRANA,23,244,10366,887,7,11,8168
sp,71331,SERRA NEGRA,23,232,11749,520,6,6,2542
sp,71358,SERTÃOZINHO,50,958,24397,2560,21,18,25871
sp,71374,SETE BARRAS,10,71,4013,167,1,6,2982
sp,71390,SEVERÍNIA,10,69,4625,186,2,0,3371
sp,71412,SILVEIRAS,8,47,2113,225,5,0,1046
sp,71439,SOCORRO,19,269,15086,687,5,7,3701
sp,71455,SOROCABA,244,6350,156793,29797,166,151,103223
sp,71471,SUD MENUCCI,2,20,2120,101,0,1,2104
sp,71498,SUMARÉ,55,1425,40543,5481,87,63,62742
sp,71510,SUZANO,134,1982,65480,9642,156,75,54948
sp,71536,TABAPUÃ,11,121,3594,252,2,7,2255
sp,71552,TABATINGA,5,126,5011,194,0,1,2541
sp,71579,TABOÃO DA SERRA,99,1698,65055,10307,108,46,54592
sp,71595,TACIBA,7,39,2091,118,1,2,1177
sp,71617,TAGUAÍ,2,27,3270,85,0,1,1778
sp,71633,TAIAÇU,9,33,1730,116,1,2,1234
sp,71650,TAIÚVA,4,52,2090,153,0,1,1090
sp,71676,TAMBAÚ,16,126,9148,455,1,2,2814
sp,71692,TANABI,8,253,9818,593,5,8,3645
sp,71714,TAPIRAÍ,4,42,2819,140,3,3,1079
sp,71730,TAPIRATIBA,5,105,4109,254,1,1,2969
sp,71757,TAQUARITINGA,40,612,13119,1934,8,21,12576
sp,71773,TAQUARITUBA,13,117,8078,233,3,4,4430
sp,71790,TARABAÍ,1,42,1596,193,0,1,1675
sp,71811,TATUÍ,45,923,38956,3614,15,20,9418
sp,71838,TAUBATÉ,148,2919,83556,10026,113,74,48572
sp,71854,TEJUPÁ,0,28,1540,44,1,2,1201
sp,71870,TEODORO SAMPAIO,9,127,5129,429,5,3,5259
sp,71897,TERRA ROXA,3,37,2407,88,0,2,2250
sp,71919,TIETÊ,22,292,14842,740,3,7,3425
sp,71935,TIMBURI,3,12,1152,31,0,0,532
sp,71951,TORRINHA,7,99,3634,218,2,0,1154
sp,71978,TREMEMBÉ,26,337,10661,1256,26,7,4849
sp,71994,TRÊS FRONTEIRAS,2,38,1840,147,6,2,1048
sp,72010,TUPÃ,19,548,25335,1570,8,12,8531
sp,72036,TUPI PAULISTA,3,127,4681,326,7,2,2759
sp,72052,TURIÚBA,2,19,905,62,1,1,389
sp,72079,TURMALINA,1,24,815,47,0,0,442
sp,72095,UBATUBA,22,641,24085,2301,20,17,13223
sp,72117,UBIRAJARA,4,33,1723,77,0,2,732
sp,72133,UCHOA,6,90,3701,222,1,4,1586
sp,72150,UNIÃO PAULISTA,1,6,689,22,0,0,320
sp,72176,URÂNIA,7,67,3028,224,0,0,1956
sp,72192,URU,1,15,705,21,0,0,197
sp,72214,URUPÊS,14,60,5160,285,1,3,1725
sp,72230,VALENTIM GENTIL,3,69,3987,192,4,5,1649
sp,72257,VALINHOS,53,1228,30553,3068,33,28,19925
sp,72273,VALPARAÍSO,7,148,5786,449,6,4,4318
sp,72311,VARGEM GRANDE DO SUL,26,256,15930,593,6,3,4105
sp,72338,VÁRZEA PAULISTA,44,735,18529,3323,40,34,32623
sp,72354,VERA CRUZ,4,86,4078,317,0,1,1903
sp,72370,VINHEDO,25,701,22086,1935,23,10,9835
sp,72397,VIRADOURO,9,125,5409,414,0,4,3827
sp,72419,VISTA ALEGRE DO ALTO,6,52,1770,143,0,2,1027
sp,72435,VOTORANTIM,53,1062,25390,5061,41,26,26317
sp,72451,VOTUPORANGA,25,769,31850,2216,16,13,10988
sp,72737,VARGEM GRANDE PAULISTA,18,222,11608,1487,7,14,8974
to,73008,ABREULÂNDIA,2,5,530,16,0,1,732
to,73016,PIRAQUÊ,3,13,809,15,0,0,858
to,73024,RIACHINHO,3,12,650,15,0,0,1524
to,73032,DARCINÓPOLIS,4,31,702,18,0,4,1781
to,73040,PALMEIRAS DO TOCANTINS,11,49,1013,53,7,3,1429
to,73059,MAURILÂNDIA DO TOCANTINS,8,17,608,15,0,0,1175
to,73067,CACHOEIRINHA,2,21,392,9,1,0,788
to,73075,ANGICO,4,13,845,29,2,1,943
to,73083,PALMEIRANTE,7,19,772,12,0,1,1065
to,73091,CAMPOS LINDOS,5,37,1548,24,1,0,1551
to,73105,SÃO FÉLIX DO TOCANTINS,3,9,351,11,0,0,478
to,73113,LAGOA DO TOCANTINS,0,23,160,10,0,1,1427
to,73121,BOM JESUS DO TOCANTINS,2,13,736,14,1,0,963
to,73130,SANTA MARIA DO TOCANTINS,5,10,716,31,0,3,762
to,73148,NOVO ALEGRE,1,20,490,43,0,0,801
to,73156,SANDOLÂNDIA,3,22,1124,61,0,0,655
to,73164,TAIPAS DO TOCANTINS,4,20,314,17,2,4,777
to,73172,NOVO JARDIM,4,20,593,16,0,0,640
to,73180,SÃO MIGUEL DO TOCANTINS,7,37,740,39,0,0,3105
to,73199,FORTALEZA DO TABOCÃO,0,12,592,26,0,1,676
to,73202,ITAPIRATINS,0,13,805,7,1,1,947
to,73210,CENTENÁRIO,7,15,512,37,1,2,752
to,73229,RECURSOLÂNDIA,10,13,927,4,3,2,816
to,73237,TUPIRATINS,3,12,309,5,0,1,669
to,73245,BRASILÂNDIA DO TOCANTINS,3,6,447,21,0,1,786
to,73253,JUARINA,2,14,785,13,0,4,482
to,73261,PAU D ARCO,3,18,977,25,0,0,1224
to,73270,MATEIROS,0,15,240,16,0,0,620
to,73288,SÃO BENTO DO TOCANTINS,1,22,845,20,0,2,1561
to,73296,ESPERANTINA,14,66,1023,82,1,3,2902
to,73300,CARIRI DO TOCANTINS,8,14,728,40,1,0,1239
to,73318,ARAGUANÃ,2,26,765,29,1,3,1840
to,73326,CARMOLÂNDIA,0,7,395,7,0,2,1027
to,73334,ARAGOMINAS,9,24,1468,47,0,2,1547
to,73342,MURICILÂNDIA,3,18,718,19,0,1,795
to,73350,SANTA FÉ DO ARAGUAIA,1,23,1343,53,0,2,1986
to,73369,JAÚ DO TOCANTINS,6,16,942,45,0,1,1012
to,73377,SUCUPIRA,1,4,603,20,0,0,470
to,73385,LAGOA DA CONFUSÃO,4,51,1276,91,1,0,2534
to,73393,SÃO SALVADOR DO TOCANTINS,1,16,433,43,1,0,1127
to,73407,LAJEADO,1,22,462,31,0,0,921
to,73415,RIO DOS BOIS,1,15,452,25,1,1,927
to,73423,CARRASCO BONITO,1,9,368,7,0,1,1282
to,73431,RIO DA CONCEIÇÃO,2,10,389,15,0,0,683
to,73440,PALMAS,48,2572,31382,4253,65,62,59545
to,73458,TUPIRAMA,2,2,303,9,0,0,598
to,73466,OLIVEIRA DE FÁTIMA,0,6,410,25,0,0,488
to,73474,CHAPADA DE AREIA,2,9,540,35,0,2,407
to,73482,CHAPADA DA NATIVIDADE,6,22,758,30,0,0,1250
to,73504,TALISMÃ,0,22,626,42,3,2,785
to,73512,AGUIARNÓPOLIS,3,27,517,42,0,2,1598
to,73520,LUZINÓPOLIS,2,15,444,23,0,1,1095
to,73539,SANTA TEREZINHA DO TOCANTINS,2,14,526,20,0,0,813
to,73547,SANTA RITA DO TOCANTINS,1,12,504,39,2,0,510
to,73555,CRIXÁS DO TOCANTINS,1,4,523,18,0,0,538
to,73563,MONTE SANTO,1,9,720,29,2,0,794
to,73571,PUGMIL,1,12,459,19,1,1,987
to,73580,BANDEIRANTE DO TOCANTINS,5,4,872,33,0,2,951
to,73598,IPUEIRAS,1,14,363,17,0,0,603
to,73601,LAVANDEIRA,1,16,287,20,0,0,619
to,73610,BARRA DO OURO,6,12,689,39,1,2,1376
to,92002,BERNARDO SAYÃO,2,13,1293,33,1,1,1004
to,92045,BURITI DO TOCANTINS,9,18,1585,21,0,0,2705
to,92070,ALMAS,8,50,1961,66,0,4,1396
to,92088,CASEARA,2,22,637,48,0,0,1488
to,92134,ALVORADA,8,77,2386,153,1,1,1885
to,92142,COMBINADO,2,37,915,55,1,1,1497
to,92185,DIVINÓPOLIS DO TOCANTINS,5,19,1399,90,0,1,1975
to,92193,ANANÁS,8,46,1654,47,1,1,3676
to,92240,GOIANORTE,5,25,1609,34,1,1,1283
to,92304,MARIANÓPOLIS DO TOCANTINS,1,28,845,31,0,2,1396
to,92371,ARAGUACEMA,4,37,1245,83,0,3,1620
to,92398,ARAGUAÇU,4,31,3251,162,0,3,1641
to,92401,NOVA ROSALÂNDIA,2,20,720,63,0,1,1009
to,92410,ARAGUAÍNA,54,839,23019,1598,22,22,39645
to,92436,ARAGUATINS,26,159,4964,182,2,6,7761
to,92452,ARAPOEMA,6,55,1480,48,2,2,2547
to,92479,ARRAIAS,18,157,1665,144,2,5,3252
to,92487,PEQUIZEIRO,7,26,1460,27,1,0,1138
to,92509,PORTO ALEGRE DO TOCANTINS,4,19,549,78,1,0,824
to,92525,PRAIA NORTE,12,15,443,15,0,1,3097
to,92533,AURORA DO TOCANTINS,7,27,652,45,1,4,1237
to,92541,SAMPAIO,7,17,691,3,0,1,1152
to,92576,AXIXÁ DO TOCANTINS,23,52,1918,48,0,2,3690
to,92584,SANTA ROSA DO TOCANTINS,4,38,1121,27,0,3,1294
to,92592,BABAÇULÂNDIA,15,40,1374,29,0,3,2698
to,92606,SANTA TEREZA DO TOCANTINS,1,15,341,41,1,0,1170
to,92681,SÃO VALÉRIO DO TOCANTINS,5,31,1302,46,0,2,1303
to,92738,BREJINHO DE NAZARÉ,4,35,761,51,0,0,2116
to,93114,COLINAS DO TOCANTINS,21,153,6891,255,4,5,7680
to,93130,CONCEIÇÃO DO TOCANTINS,4,45,734,37,1,1,1256
to,93211,COUTO DE MAGALHÃES,3,15,1078,19,1,2,1194
to,93238,CRISTALÂNDIA,5,63,1481,141,2,0,2325
to,93416,DIANÓPOLIS,15,187,2915,186,2,2,4374
to,93459,DOIS IRMÃOS DO TOCANTINS,5,47,1149,82,0,0,2129
to,93475,DUERÉ,5,28,1285,81,1,0,1257
to,93556,FILADÉLFIA,12,36,1752,92,1,0,2463
to,93653,FORMOSO DO ARAGUAIA,14,125,4933,202,0,1,4842
to,93858,GURUPI,48,603,15522,1233,10,10,19627
to,94056,ITACAJÁ,8,32,1762,63,2,0,2192
to,94099,ITAGUATINS,7,48,1138,30,4,3,2091
to,94170,ITAPORÃ DO TOCANTINS,2,10,803,17,3,0,815
to,94617,MIRACEMA DO TOCANTINS,7,157,2571,253,2,4,7414
to,94633,MIRANORTE,7,76,3095,152,1,4,3938
to,94692,MONTE DO CARMO,4,73,1283,86,2,1,1670
to,94811,NATIVIDADE,4,68,2613,91,0,0,1899
to,94838,NAZARÉ,3,29,887,28,1,1,1789
to,94994,NOVO ACORDO,3,42,639,39,2,2,1541
to,95192,PARAÍSO DO TOCANTINS,19,276,10654,628,2,7,10328
to,95214,PARANÃ,14,52,1719,63,2,3,2665
to,95257,PEDRO AFONSO,4,59,2409,89,2,2,2750
to,95273,PEIXE,5,51,1975,106,0,1,3234
to,95290,COLMÉIA,4,45,2644,94,0,2,2181
to,95338,GOIATINS,5,50,1502,58,1,1,3447
to,95370,PINDORAMA DO TOCANTINS,3,42,961,46,0,0,1363
to,95478,PIUM,3,44,1436,78,1,2,1887
to,95516,PONTE ALTA DO BOM JESUS,3,24,955,38,1,2,1289
to,95532,PONTE ALTA DO TOCANTINS,10,65,1564,90,2,1,1748
to,95591,PORTO NACIONAL,35,522,6870,835,7,8,14658
to,95699,LIZARDA,7,18,609,32,2,0,1214
to,96032,SÃO SEBASTIÃO DO TOCANTINS,5,15,399,17,0,3,1728
to,96130,SÍTIO NOVO DO TOCANTINS,9,80,851,47,0,0,4275
to,96156,TAGUATINGA,13,119,2376,134,1,2,4368
to,96199,TOCANTÍNIA,5,56,732,34,1,1,2222
to,96210,TOCANTINÓPOLIS,21,165,2449,149,5,3,8126
to,96270,GUARAÍ,14,169,4415,294,2,2,7065
to,96296,PRESIDENTE KENNEDY,2,21,710,40,1,1,1370
to,96431,XAMBIOÁ,8,62,2320,148,1,8,3825
to,96490,PALMEIRÓPOLIS,5,39,2128,131,3,3,1562
to,96598,SILVANÓPOLIS,6,67,1422,54,0,1,1207
to,96636,NOVA OLINDA,14,39,2311,77,1,4,2323
to,96652,WANDERLÂNDIA,12,63,2143,82,1,0,2714
to,96679,FIGUEIRÓPOLIS,3,37,1281,62,0,1,1900
to,96792,RIO SONO,3,27,1300,40,1,0,1648
to,96830,FÁTIMA,4,16,1217,59,0,3,991
to,96857,AUGUSTINÓPOLIS,16,74,2163,82,0,1,5203
to,96954,ALIANÇA DO TOCANTINS,4,23,1187,76,2,0,2029
to,96970,APARECIDA DO RIO NEGRO,2,30,906,27,1,1,1446
to,96997,BARROLÂNDIA,1,43,1345,55,1,3,2154
zz,02828,TAIWAN,1,3,23,1,2,0,9
zz,11100,ALEMANHA,25,63,597,96,4,6,516
zz,11126,ARÁBIA SAUDITA,1,0,13,2,0,0,3
zz,11142,ARGENTINA,18,51,384,83,3,1,499
zz,11169,CHILE,14,26,368,40,2,4,209
zz,11185,COLÔMBIA,1,7,99,7,1,0,43
zz,11207,CORÉIA,1,6,13,0,0,0,14
zz,11223,EQUADOR,0,6,89,11,0,1,39
zz,11240,ESPANHA,7,45,239,56,2,1,336
zz,11266,ESTADOS UNIDOS,173,685,7020,1371,27,37,3824
zz,11282,FRANÇA,14,70,403,83,1,1,607
zz,11304,GUIANA,0,1,16,3,0,0,14
zz,11320,GUIANA FRANCESA,9,16,370,80,1,2,558
zz,11347,ISRAEL,14,16,54,7,1,4,303
zz,11363,ITÁLIA,70,90,797,170,11,7,1079
zz,11380,JAPÃO,4,17,130,16,1,0,48
zz,11401,LÍBANO,27,9,87,9,5,10,371
zz,11428,MÉXICO,2,3,116,6,0,0,58
zz,11444,PARAGUAI,9,29,684,59,2,0,496
zz,11460,PERU,5,10,144,21,0,1,129
zz,11487,POLÔNIA,0,3,28,0,0,0,13
zz,11509,PORTUGAL,75,96,1311,304,22,13,1787
zz,11525,SUÍÇA,14,31,416,99,4,2,394
zz,11541,SURINAME,3,0,30,10,0,0,39
zz,11568,URUGUAI,14,29,265,48,14,7,325
zz,11584,VENEZUELA,1,4,124,16,0,0,89
zz,11800,BOLÍVIA,12,17,348,40,0,2,206
zz,11827,GRÉCIA,5,9,34,12,1,1,69
zz,29009,PAÍSES BAIXOS,6,29,172,52,1,2,173
zz,29025,HONG KONG,1,4,30,2,2,0,8
zz,29033,IRLANDA,2,8,24,10,1,0,13
zz,29050,NOVA ZELÂNDIA,0,1,10,1,0,0,6
zz,29076,HONDURAS,0,10,4,2,0,0,27
zz,29114,MOÇAMBIQUE,4,11,72,10,0,1,126
zz,29122,MARROCOS,0,2,3,1,0,0,11
zz,29130,MALÁSIA,0,1,16,1,0,0,7
zz,29165,KÊNIA,0,2,5,0,0,0,24
zz,29181,JORDÂNIA,5,1,26,3,0,3,64
zz,29211,INDONÉSIA,0,0,8,2,0,0,10
zz,29238,HUNGRIA,0,4,20,3,0,0,14
zz,29246,HAITI,0,4,7,1,0,0,12
zz,98000,GUATEMALA,4,0,58,3,0,0,39
zz,98027,GUINÉ BISSAU,0,2,15,7,0,0,43
zz,98060,GABÃO,0,0,7,1,0,0,9
zz,98086,EGITO,4,9,23,3,0,0,35
zz,98124,TUNÍSIA,0,1,6,1,0,0,5
zz,98205,TAILÂNDIA,0,0,6,3,0,0,6
zz,98221,SÍRIA,7,2,7,1,3,0,25
zz,98248,SENEGAL,0,1,3,0,0,0,15
zz,98280,REPÚBLICA DOMINICANA,0,1,13,2,0,1,49
zz,98329,PANAMÁ,3,9,76,6,0,0,54
zz,98345,NORUEGA,2,4,37,14,0,0,33
zz,98361,NIGÉRIA,1,1,19,1,0,0,19
zz,98388,NICARÁGUA,1,0,31,5,0,0,57
zz,98426,FINLÂNDIA,3,4,32,10,0,0,33
zz,98442,FILIPINAS,1,0,9,3,0,0,21
zz,98469,EL SALVADOR,2,8,40,4,1,1,54
zz,98485,DINAMARCA,7,16,87,33,1,0,125
zz,98507,COSTA RICA,2,3,60,5,0,0,32
zz,98523,CINGAPURA,2,3,75,1,1,0,21
zz,98540,CHINA,0,3,20,4,0,0,8
zz,98566,CHECOSLOVÁQUIA,0,3,13,4,0,0,13
zz,98582,COSTA DO MARFIM,0,0,2,1,0,0,21
zz,98604,CABO VERDE,0,3,9,6,0,0,26
zz,98647,ROMÊNIA,0,5,13,1,0,0,8
zz,98728,EMIRADOS ÁRABES,1,0,4,0,0,0,3
zz,98744,SUÉCIA,9,18,148,30,1,3,172
zz,98760,RÚSSIA,0,4,26,6,0,0,10
zz,98787,ÁFRICA DO SUL,0,11,122,17,1,1,69
zz,98825,ÍNDIA,0,2,16,1,0,0,16
zz,98841,INGLATERRA,14,91,718,143,4,4,691
zz,98868,CUBA,0,6,10,12,0,0,227
zz,98906,CANADÁ,12,109,781,119,4,6,469
zz,98922,BÉLGICA,12,24,134,30,3,2,258
zz,98949,ÁUSTRIA,4,28,114,27,2,0,106
zz,98965,ANGOLA,3,11,59,13,0,1,105
zz,98981,AUSTRÁLIA,6,21,121,39,2,4,102
