uf,cd,nome,AÉCIO NEVES,DILMA
ac,01007,BUJARI,3558,1833
ac,01015,CAPIXABA,3496,1462
ac,01023,PORTO ACRE,5279,3152
ac,01031,SANTA ROSA DO PURUS,693,852
ac,01040,MARECHAL THAUMATURGO,2764,2997
ac,01058,BRASILÉIA,7553,4882
ac,01066,PORTO WALTER,1775,1777
ac,01074,CRUZEIRO DO SUL,21388,13506
ac,01082,RODRIGUES ALVES,3562,2782
ac,01090,MÂNCIO LIMA,3413,3900
ac,01104,JORDÃO,1232,1552
ac,01112,EPITACIOLÂNDIA,4984,2529
ac,01120,ACRELÂNDIA,4076,2210
ac,01139,FEIJÓ,4934,7333
ac,01392,RIO BRANCO,135243,59921
ac,01457,SENA MADUREIRA,10951,5380
ac,01473,TARAUACÁ,6054,8366
ac,01490,XAPURI,4167,4114
ac,01511,PLÁCIDO DE CASTRO,5965,2868
ac,01538,SENADOR GUIOMARD,8493,3836
ac,01554,MANOEL URBANO,1981,1764
ac,01570,ASSIS BRASIL,2116,1966
al,27006,PARIPUEIRA,2700,3589
al,27014,ÁGUA BRANCA,1431,8717
al,27022,PARICONHA,562,4991
al,27030,ANADIA,2559,5452
al,27049,ESTRELA DE ALAGOAS,1235,6268
al,27057,ARAPIRACA,41362,63635
al,27065,JEQUIÁ DA PRAIA,1850,3170
al,27073,ATALAIA,7598,12895
al,27081,CAMPESTRE,1114,2176
al,27090,BARRA DE SANTO ANTÔNIO,2465,4832
al,27111,BARRA DE SÃO MIGUEL,2133,2334
al,27138,BATALHA,2029,6389
al,27154,BELÉM,1024,2174
al,27170,BELO MONTE,563,2689
al,27197,BOCA DA MATA,5008,8306
al,27219,BRANQUINHA,1764,3205
al,27235,CACIMBINHAS,1279,3977
al,27251,CAJUEIRO,4426,5009
al,27278,CAMPO ALEGRE,5284,9741
al,27294,CAMPO GRANDE,844,4802
al,27316,CANAPI,934,7265
al,27332,CAPELA,3332,5326
al,27359,CARNEIROS,684,3498
al,27375,CHÃ PRETA,952,2810
al,27391,COITÉ DO NÓIA,964,4986
al,27413,COLÔNIA LEOPOLDINA,4602,4357
al,27430,COQUEIRO SECO,1154,2181
al,27456,CORURIPE,14774,12319
al,27472,DELMIRO GOUVEIA,3871,21827
al,27499,DOIS RIACHOS,1242,4306
al,27510,FEIRA GRANDE,2006,9865
al,27537,FELIZ DESERTO,844,1327
al,27553,FLEXEIRAS,3579,1934
al,27570,GIRAU DO PONCIANO,2116,15217
al,27596,IBATEGUARA,3439,3574
al,27618,IGACI,1648,10945
al,27634,IGREJA NOVA,2794,9189
al,27650,INHAPI,879,7072
al,27677,JACARÉ DOS HOMENS,596,2626
al,27693,JACUÍPE,1151,2132
al,27715,JAPARATINGA,2505,1489
al,27731,JARAMATAIA,662,2461
al,27758,JOAQUIM GOMES,2935,5653
al,27774,JUNDIÁ,1426,1007
al,27790,JUNQUEIRO,3892,8443
al,27812,LAGOA DA CANOA,2333,7774
al,27839,LIMOEIRO DE ANADIA,2661,9069
al,27855,MACEIÓ,214112,223476
al,27871,MAJOR ISIDORO,2736,6952
al,27898,MARAGOGI,8245,4946
al,27910,MARAVILHA,1372,3748
al,27936,MARECHAL DEODORO,11613,11840
al,27952,MARIBONDO,2468,4486
al,27979,MAR VERMELHO,539,1655
al,27995,MATA GRANDE,1546,9243
al,28010,MATRIZ DE CAMARAGIBE,6011,5838
al,28037,MESSIAS,3404,5330
al,28053,MINADOR DO NEGRÃO,614,2265
al,28070,MONTEIRÓPOLIS,758,3078
al,28096,MURICI,5772,7262
al,28118,NOVO LINO,2944,2871
al,28134,OLHO D ÁGUA DAS FLORES,4466,5263
al,28150,OLHO D ÁGUA DO CASADO,375,4170
al,28177,OLHO D ÁGUA GRANDE,343,2511
al,28193,OLIVENÇA,1410,4266
al,28215,OURO BRANCO,1052,4421
al,28231,PALESTINA,548,2239
al,28258,PALMEIRA DOS ÍNDIOS,10210,25643
al,28274,PÃO DE AÇÚCAR,2411,9440
al,28290,PASSO DE CAMARAGIBE,2262,5043
al,28312,PAULO JACINTO,1285,2889
al,28339,PENEDO,8753,19536
al,28355,PIAÇABUÇU,2109,6218
al,28371,PILAR,7947,9456
al,28398,PINDOBA,489,1200
al,28410,PIRANHAS,1042,10556
al,28436,POÇO DAS TRINCHEIRAS,834,5870
al,28452,PORTO CALVO,8977,3722
al,28479,PORTO DE PEDRAS,2389,1824
al,28495,PORTO REAL DO COLÉGIO,1889,8313
al,28517,QUEBRANGULO,1667,4985
al,28533,RIO LARGO,13884,23450
al,28550,ROTEIRO,1074,1785
al,28576,SANTA LUZIA DO NORTE,1200,2858
al,28592,SANTANA DO IPANEMA,4412,17188
al,28614,SANTANA DO MUNDAÚ,1498,3954
al,28630,SÃO BRÁS,821,3019
al,28657,SÃO JOSÉ DA LAJE,5162,6540
al,28673,SÃO JOSÉ DA TAPERA,2215,11049
al,28690,SÃO LUÍS DO QUITUNDE,7159,7870
al,28711,SÃO MIGUEL DOS CAMPOS,16827,10057
al,28738,SÃO MIGUEL DOS MILAGRES,2163,1763
al,28754,SÃO SEBASTIÃO,4096,12849
al,28770,SATUBA,2386,4626
al,28797,TANQUE D ARCA,811,2627
al,28819,TAQUARANA,3147,6078
al,28835,TRAIPU,1852,9164
al,28851,UNIÃO DOS PALMARES,11032,19456
al,28878,VIÇOSA,5616,7889
al,28894,CRAÍBAS,2024,10397
al,28916,SENADOR RUI PALMEIRA,970,4910
al,28932,TEOTÔNIO VILELA,8176,10358
am,02003,APUÍ,1913,3845
am,02011,NOVO AIRÃO,1736,3876
am,02020,GUAJARÁ,1313,3478
am,02038,ANORI,2050,3930
am,02046,CAREIRO DA VÁRZEA,1941,7536
am,02054,ATALAIA DO NORTE,1531,2596
am,02070,AUTAZES,2631,11482
am,02097,BARCELOS,2401,2541
am,02119,BARREIRINHA,1213,9390
am,02135,BENJAMIN CONSTANT,1732,11457
am,02151,BOCA DO ACRE,4043,8287
am,02178,BORBA,2045,9690
am,02194,CANUTAMA,987,3393
am,02216,CARAUARI,2099,8769
am,02232,CAREIRO,2533,10546
am,02259,COARI,9776,19740
am,02275,CODAJÁS,1765,6930
am,02291,EIRUNEPÉ,2550,8500
am,02313,ENVIRA,943,5383
am,02330,FONTE BOA,1222,7780
am,02356,HUMAITÁ,4383,13317
am,02372,SANTA ISABEL DO RIO NEGRO,1203,2428
am,02399,IPIXUNA,875,5018
am,02410,ITACOATIARA,11092,31335
am,02437,ITAPIRANGA,1050,3730
am,02453,JAPURÁ,781,1780
am,02470,JURUÁ,1463,2461
am,02496,JUTAÍ,882,5682
am,02518,LÁBREA,2423,10676
am,02534,MANACAPURU,11972,28182
am,02550,MANAUS,409409,529604
am,02577,MANICORÉ,4446,12273
am,02593,MARAÃ,570,4634
am,02615,MAUÉS,2951,15630
am,02631,NHAMUNDÁ,1723,6631
am,02658,NOVA OLINDA DO NORTE,1656,8104
am,02674,NOVO ARIPUANÃ,1151,5464
am,02690,PARINTINS,9011,32693
am,02712,PAUINI,1341,3912
am,02739,SANTO ANTÔNIO DO IÇÁ,1937,6263
am,02755,SÃO PAULO DE OLIVENÇA,1969,8816
am,02771,SILVES,584,3891
am,02798,TAPAUÁ,1601,5058
am,02810,TEFÉ,5839,18925
am,02836,SÃO GABRIEL DA CACHOEIRA,3052,13721
am,02852,URUCARÁ,1016,6406
am,02879,URUCURITUBA,953,6493
am,02895,ALVARÃES,1350,4894
am,02917,AMATURÁ,818,2695
am,02933,ANAMÃ,1035,3503
am,02950,BERURI,1005,5957
am,02976,BOA VISTA DO RAMOS,806,5252
am,02992,CAAPIRANGA,594,3930
am,98353,IRANDUBA,3680,13649
am,98370,ITAMARATI,1240,2602
am,98396,MANAQUIRI,1110,6608
am,98418,PRESIDENTE FIGUEIREDO,3148,9676
am,98434,RIO PRETO DA EVA,2562,6511
am,98450,SÃO SEBASTIÃO DO UATUMÃ,928,2709
am,98477,TABATINGA,4449,14730
am,98493,UARINI,985,3796
am,98515,TONANTINS,1078,4669
ap,06009,PRACUÚBA,473,1511
ap,06017,AMAPÁ,1038,3025
ap,06025,PORTO GRANDE,2470,6521
ap,06033,CALÇOENE,1639,3339
ap,06041,ITAUBAL,832,2329
ap,06050,MACAPÁ,92838,130334
ap,06068,CUTIAS,687,1888
ap,06076,MAZAGÃO,2375,7672
ap,06084,PEDRA BRANCA DO AMAPARI,1608,4024
ap,06092,OIAPOQUE,3420,6818
ap,06106,SERRA DO NAVIO,923,1528
ap,06114,FERREIRA GOMES,1403,2370
ap,06122,VITÓRIA DO JARI,1300,5348
ap,06130,LARANJAL DO JARI,6541,13612
ap,06157,SANTANA,23741,33218
ap,06173,TARTARUGALZINHO,1492,3972
ba,30007,LUÍS EDUARDO MAGALHÃES,16078,13328
ba,30058,EUNÁPOLIS,26128,24163
ba,30660,IUIU,1438,4387
ba,30678,JABORANDI,1054,4165
ba,30694,JUSSARI,1102,2086
ba,30716,AMÉRICA DOURADA,1358,6776
ba,30732,ARATACA,1320,2885
ba,30759,BARRO ALTO,1430,5524
ba,30775,BARROCAS,1975,7042
ba,30791,BURITIRAMA,2666,7015
ba,30813,CAPELA DO ALTO ALEGRE,1925,4250
ba,30830,CAPIM GROSSO,5523,8843
ba,30856,CANUDOS,1296,6841
ba,30872,DIAS D ÁVILA,7657,23939
ba,30899,FÁTIMA,2154,7855
ba,30910,FILADÉLFIA,2427,6753
ba,30937,GAVIÃO,954,1832
ba,30953,GUAJERU,747,3691
ba,30970,HELIÓPOLIS,1330,6184
ba,30996,JOÃO DOURADO,3515,8330
ba,33014,ABAÍRA,1481,3055
ba,33030,ABARÉ,2156,7089
ba,33057,ACAJUTIBA,2190,5140
ba,33065,ADUSTINA,1369,6809
ba,33073,ÁGUA FRIA,2691,5128
ba,33090,ÉRICO CARDOSO,1774,3488
ba,33111,AIQUARA,630,2061
ba,33138,ALAGOINHAS,26250,50335
ba,33154,ALCOBAÇA,2426,8653
ba,33170,ALMADINA,1047,2203
ba,33197,AMARGOSA,6958,10853
ba,33219,AMÉLIA RODRIGUES,3161,9847
ba,33235,ANAGÉ,4570,8004
ba,33251,ANDARAÍ,781,5441
ba,33260,ANDORINHA,1058,7695
ba,33278,ANGICAL,1182,7695
ba,33294,ANGUERA,1097,5274
ba,33316,ANTAS,1682,5305
ba,33332,ANTÔNIO CARDOSO,1100,6863
ba,33359,ANTÔNIO GONÇALVES,1411,4117
ba,33375,APORÁ,2801,5872
ba,33383,ARAÇÁS,1721,5267
ba,33391,ARACATU,1855,6676
ba,33405,APUAREMA,1178,2295
ba,33413,ARACI,4348,21009
ba,33430,ARAMARI,1255,4824
ba,33456,ARATUÍPE,1271,4038
ba,33472,AURELINO LEAL,1402,4654
ba,33499,BAIANÓPOLIS,1465,6478
ba,33510,BAIXA GRANDE,4168,6159
ba,33529,BANZAÊ,1834,4832
ba,33537,BARRA,3409,19941
ba,33553,BARRA DA ESTIVA,4705,8594
ba,33570,BARRA DO CHOÇA,6380,11441
ba,33596,BARRA DO MENDES,792,6917
ba,33618,BARRA DO ROCHA,768,1960
ba,33634,BARREIRAS,21165,46377
ba,33650,BARRO PRETO,1438,2456
ba,33677,BELMONTE,2822,6830
ba,33693,BELO CAMPO,3600,5574
ba,33715,BIRITINGA,1141,6742
ba,33731,BOA NOVA,1381,6150
ba,33758,BOA VISTA DO TUPIM,2982,6016
ba,33774,BOM JESUS DA LAPA,5069,25521
ba,33782,BOM JESUS DA SERRA,816,4557
ba,33790,BONINAL,1768,4674
ba,33804,BONITO,1799,5968
ba,33812,BOQUIRA,1397,8908
ba,33839,BOTUPORÃ,2036,4255
ba,33855,BREJÕES,2008,4865
ba,33871,BREJOLÂNDIA,1312,3829
ba,33898,BROTAS DE MACAÚBAS,1937,4255
ba,33910,BRUMADO,10633,25214
ba,33936,BUERAREMA,5990,2666
ba,33952,CAATIBA,1587,3053
ba,33960,CABACEIRAS DO PARAGUAÇU,1527,6417
ba,33979,CACHOEIRA,3841,13663
ba,33995,CACULÉ,4540,7208
ba,34010,CAEM,1036,4310
ba,34029,CAETANOS,780,5059
ba,34037,CAETITÉ,8298,19805
ba,34053,CAFARNAUM,2050,6552
ba,34070,CAIRU,2237,5820
ba,34096,CALDEIRÃO GRANDE,1323,4573
ba,34118,CAMACÃ,4398,7420
ba,34134,CAMAÇARI,43595,70085
ba,34150,CAMAMU,6116,9051
ba,34177,CAMPO ALEGRE DE LOURDES,1881,12583
ba,34193,CAMPO FORMOSO,8932,26763
ba,34215,CANÁPOLIS,1143,4531
ba,34231,CANARANA,2603,9866
ba,34258,CANAVIEIRAS,4737,10191
ba,34274,CANDEAL,1006,4260
ba,34290,CANDEIAS,6677,37172
ba,34312,CANDIBA,1600,6319
ba,34339,CÂNDIDO SALES,2887,9350
ba,34355,CANSANÇÃO,2154,15201
ba,34363,CARAÍBAS,2078,3417
ba,34371,CARAVELAS,2099,7610
ba,34398,CARDEAL DA SILVA,831,3582
ba,34410,CARINHANHA,4949,9128
ba,34436,CASA NOVA,5395,32318
ba,34452,CASTRO ALVES,3239,12005
ba,34479,CATOLÂNDIA,378,1901
ba,34495,CATU,7081,21640
ba,34509,CATURAMA,903,3664
ba,34517,CENTRAL,2200,7026
ba,34533,CHORROCHÓ,1151,4872
ba,34550,CÍCERO DANTAS,4723,12479
ba,34576,CIPÓ,2650,6228
ba,34592,COARACI,4610,6794
ba,34614,COCOS,3048,6168
ba,34630,CONCEIÇÃO DA FEIRA,2468,8928
ba,34657,CONCEIÇÃO DO ALMEIDA,1864,8356
ba,34673,CONCEIÇÃO DO COITÉ,13178,23795
ba,34690,CONCEIÇÃO DO JACUÍPE,4301,12359
ba,34711,CONDE,2406,8487
ba,34738,CONDEÚBA,3094,6617
ba,34754,CONTENDAS DO SINCORÁ,777,1915
ba,34770,CORAÇÃO DE MARIA,2540,12182
ba,34797,CORDEIROS,1844,2438
ba,34819,CORIBE,1755,6379
ba,34835,CORONEL JOÃO SÁ,1770,7181
ba,34851,CORRENTINA,5436,11603
ba,34878,COTEGIPE,1065,6187
ba,34894,CRAVOLÂNDIA,842,1834
ba,34916,CRISÓPOLIS,2295,8072
ba,34932,CRISTÓPOLIS,1692,6398
ba,34959,CRUZ DAS ALMAS,10120,23134
ba,34975,CURAÇÁ,2951,14422
ba,34991,DÁRIO MEIRA,999,4206
ba,35017,DOM BASÍLIO,1120,6260
ba,35033,DOM MACEDO COSTA,685,2046
ba,35050,ELÍSIO MEDRADO,1059,3752
ba,35076,ENCRUZILHADA,3389,6347
ba,35092,ENTRE RIOS,4803,14154
ba,35114,ESPLANADA,3709,12362
ba,35130,EUCLIDES DA CUNHA,4836,24134
ba,35149,FEIRA DA MATA,1095,2181
ba,35157,FEIRA DE SANTANA,98326,197054
ba,35173,FIRMINO ALVES,1061,1722
ba,35190,FLORESTA AZUL,1668,3228
ba,35211,FORMOSA DO RIO PRETO,3975,7586
ba,35238,GANDU,5858,8283
ba,35254,GENTIO DO OURO,1361,5097
ba,35270,GLÓRIA,1148,7948
ba,35297,GONGOGI,618,2529
ba,35319,GOVERNADOR MANGABEIRA,3493,7514
ba,35335,GUANAMBI,12627,31844
ba,35351,GUARATINGA,2266,7793
ba,35378,IAÇU,3097,9114
ba,35394,IBIASSUCÊ,2468,3862
ba,35416,IBICARAÍ,5578,7130
ba,35432,IBICOARA,2843,6261
ba,35459,IBICUÍ,2335,5048
ba,35475,IBIPEBA,1199,7597
ba,35491,SANTA RITA DE CÁSSIA,2936,11478
ba,35513,IBIPITANGA,1889,5617
ba,35530,IBIQUERA,494,1551
ba,35556,IBIRAPITANGA,3012,6157
ba,35572,IBIRAPUÃ,2130,2334
ba,35599,IBIRATAIA,3647,6580
ba,35610,IBITIARA,2081,5644
ba,35637,IBITITÁ,1354,9118
ba,35653,IBOTIRAMA,4207,8827
ba,35670,ICHU,1030,2828
ba,35696,IGAPORÃ,1436,6777
ba,35700,IGRAPIÚNA,1553,4676
ba,35718,IGUAÍ,3138,8491
ba,35734,ILHÉUS,35371,52546
ba,35750,INHAMBUPE,5855,11867
ba,35777,IPECAETÁ,2058,6967
ba,35793,IPIAÚ,7688,13658
ba,35815,IPIRÁ,9878,20459
ba,35831,IPUPIARA,1279,4029
ba,35858,IRAJUBA,753,2933
ba,35874,IRAMAIA,1844,3879
ba,35890,IRAQUARA,1396,10495
ba,35912,IRARÁ,3500,12241
ba,35939,IRECÊ,8465,22696
ba,35947,ITABELA,4938,8933
ba,35955,ITABERABA,8527,20358
ba,35971,ITABUNA,50974,56381
ba,35998,ITACARÉ,2279,6855
ba,36013,ITAETÉ,1553,5042
ba,36030,ITAGI,2718,4240
ba,36056,ITAGIBÁ,2067,5980
ba,36072,ITAGIMIRIM,1639,1925
ba,36080,ITAGUAÇU DA BAHIA,758,5884
ba,36099,ITAJU DO COLÔNIA,1307,1718
ba,36110,ITAJUÍPE,4165,7243
ba,36137,ITAMARAJU,13865,14715
ba,36153,ITAMARI,1293,2894
ba,36170,ITAMBÉ,3950,7691
ba,36196,ITANAGRA,669,2266
ba,36218,ITANHÉM,3903,6588
ba,36234,ITAPARICA,1834,9397
ba,36250,ITAPÉ,1871,3997
ba,36277,ITAPEBI,1547,3220
ba,36293,ITAPETINGA,18517,15064
ba,36315,ITAPICURU,2426,12471
ba,36331,ITAPITANGA,1171,2929
ba,36358,ITAQUARA,1611,2799
ba,36374,ITARANTIM,3439,5611
ba,36382,ITATIM,2274,5704
ba,36390,ITIRUÇU,1914,4207
ba,36412,ITIÚBA,6610,11952
ba,36439,ITORORÓ,4686,5357
ba,36455,ITUAÇU,4972,5784
ba,36471,ITUBERÁ,4195,8353
ba,36498,JACARACI,1624,6041
ba,36510,JACOBINA,9993,28950
ba,36536,JAGUAQUARA,7333,16130
ba,36552,JAGUARARI,4791,11648
ba,36579,JAGUARIPE,1545,6927
ba,36595,JANDAÍRA,969,3973
ba,36617,JEQUIÉ,22269,53735
ba,36633,JEREMOABO,2804,15803
ba,36650,JIQUIRIÇÁ,2440,4516
ba,36676,JITAÚNA,3173,5167
ba,36692,JUAZEIRO,27212,80611
ba,36706,JUCURUÇU,1079,3960
ba,36714,JUSSARA,943,7309
ba,36730,JUSSIAPE,1147,3410
ba,36757,LAFAIETE COUTINHO,414,2217
ba,36765,LAGOA REAL,1280,5892
ba,36773,LAJE,4509,8551
ba,36790,LAJEDÃO,949,2037
ba,36811,LAJEDINHO,303,1840
ba,36820,LAJEDO DO TABOCAL,719,3227
ba,36838,LAMARÃO,661,3687
ba,36854,LAURO DE FREITAS,24317,57596
ba,36870,LENÇÓIS,808,3714
ba,36897,LICÍNIO DE ALMEIDA,1747,4957
ba,36919,LIVRAMENTO DE NOSSA SENHORA,5059,17928
ba,36935,MACAJUBA,1721,3981
ba,36951,MACARANI,3830,4678
ba,36978,MACAÚBAS,5915,15777
ba,36994,MACURURÉ,987,3397
ba,37010,MAIQUINIQUE,1881,2917
ba,37036,MAIRI,2308,6895
ba,37052,MALHADA,2220,6431
ba,37079,MALHADA DE PEDRAS,1566,3609
ba,37095,MANOEL VITORINO,1397,6369
ba,37117,MARACÁS,5040,7725
ba,37133,MARAGOGIPE,5141,18933
ba,37150,MARAÚ,1576,6107
ba,37176,MARCIONÍLIO SOUZA,958,3855
ba,37192,MASCOTE,1789,3825
ba,37214,MATA DE SÃO JOÃO,6937,17289
ba,37222,MATINA,678,5385
ba,37230,MEDEIROS NETO,4660,7543
ba,37257,MIGUEL CALMON,3424,10282
ba,37273,MILAGRES,1752,4345
ba,37290,MIRANGABA,1704,6096
ba,37303,MIRANTE,1334,3487
ba,37311,MONTE SANTO,3279,24128
ba,37338,MORPARÁ,1175,3631
ba,37354,MORRO DO CHAPÉU,3575,12517
ba,37370,MORTUGABA,2671,3710
ba,37397,MUCUGÊ,2385,3687
ba,37419,MUCURI,6206,10159
ba,37427,MULUNGU DO MORRO,983,5314
ba,37435,MUNDO NOVO,2222,7701
ba,37451,MUNIZ FERREIRA,1249,3848
ba,37460,MUQUÉM DO SÃO FRANCISCO,1646,4230
ba,37478,MURITIBA,3376,11208
ba,37494,MUTUÍPE,5163,6637
ba,37516,NAZARÉ,3097,12088
ba,37532,NILO PEÇANHA,1601,4110
ba,37559,NOVA CANAÃ,1718,6418
ba,37567,NOVA FÁTIMA,1856,3213
ba,37575,NOVA ITARANA,1081,2516
ba,37583,NOVA REDENÇÃO,370,3570
ba,37591,NOVA SOURE,2242,10581
ba,37613,NOVA VIÇOSA,7832,10478
ba,37621,NOVO TRIUNFO,1398,3394
ba,37630,OLINDINA,1770,10516
ba,37656,OLIVEIRA DOS BREJINHOS,2330,8965
ba,37672,OURIÇANGAS,1410,3249
ba,37680,OUROLÂNDIA,3402,5000
ba,37699,PALMAS DE MONTE ALTO,1843,10145
ba,37710,PALMEIRAS,764,3755
ba,37737,PARAMIRIM,2280,8480
ba,37753,PARATINGA,2396,12716
ba,37770,PARIPIRANGA,3458,12915
ba,37796,PAU BRASIL,1606,3327
ba,37818,PAULO AFONSO,8490,47477
ba,37834,PEDRÃO,650,3319
ba,37850,PEDRO ALEXANDRE,850,5282
ba,37877,PIATÃ,2033,7915
ba,37893,PILÃO ARCADO,2269,14465
ba,37915,PINDAÍ,1503,7130
ba,37931,PINDOBAÇU,3509,6697
ba,37940,PIRAÍ DO NORTE,1237,2765
ba,37958,PIRIPÁ,1827,3459
ba,37974,PIRITIBA,1988,7089
ba,37990,PLANALTINO,933,3446
ba,38016,PLANALTO,4661,8339
ba,38032,POÇÕES,6395,15151
ba,38059,POJUCA,6370,11558
ba,38067,PONTO NOVO,2486,5277
ba,38075,PORTO SEGURO,21166,34131
ba,38091,POTIRAGUÁ,1848,3098
ba,38113,PRADO,4226,8189
ba,38130,PRESIDENTE DUTRA,966,7016
ba,38156,PRESIDENTE JÂNIO QUADROS,1364,4955
ba,38164,PRESIDENTE TANCREDO NEVES,6507,6559
ba,38172,QUEIMADAS,2775,10065
ba,38199,QUIJINGUE,4863,9608
ba,38210,REMANSO,3813,17009
ba,38237,RETIROLÂNDIA,1605,6430
ba,38253,RIACHÃO DAS NEVES,1738,10442
ba,38270,RIACHÃO DO JACUÍPE,4651,14140
ba,38296,RIACHO DE SANTANA,3213,13111
ba,38318,RIBEIRA DO AMPARO,1002,6482
ba,38334,RIBEIRA DO POMBAL,8123,18165
ba,38342,RIBEIRÃO DO LARGO,1413,3703
ba,38350,RIO DE CONTAS,2188,5834
ba,38377,RIO DO ANTÔNIO,1188,6092
ba,38393,RIO DO PIRES,1834,4239
ba,38415,RIO REAL,5280,13531
ba,38431,RODELAS,906,3504
ba,38458,RUY BARBOSA,4137,10886
ba,38474,SALINAS DA MARGARIDA,1016,7209
ba,38490,SALVADOR,447339,918550
ba,38512,SANTA BÁRBARA,1977,10768
ba,38539,SANTA BRÍGIDA,1086,6756
ba,38555,SANTA CRUZ CABRÁLIA,5540,5625
ba,38571,SANTA CRUZ DA VITÓRIA,1045,1624
ba,38598,SANTA INÊS,893,4205
ba,38610,SANTALUZ,6736,13376
ba,38636,SANTA MARIA DA VITÓRIA,6043,14449
ba,38652,SANTANA,4098,9893
ba,38679,SANTANÓPOLIS,1020,4797
ba,38695,SANTA TEREZINHA,1238,4342
ba,38717,SANTO AMARO,6496,26515
ba,38733,SANTO ANTÔNIO DE JESUS,15538,30984
ba,38750,SANTO ESTEVÃO,5581,18820
ba,38776,SÃO DESIDÉRIO,3811,10742
ba,38792,SÃO FÉLIX,1576,5902
ba,38806,SÃO DOMINGOS,1579,3548
ba,38814,SÃO FELIPE,4365,7560
ba,38822,SÃO FÉLIX DO CORIBE,2727,4984
ba,38830,SÃO FRANCISCO DO CONDE,5063,17181
ba,38857,SÃO GONÇALO DOS CAMPOS,3591,15386
ba,38865,SÃO JOSÉ DO JACUÍPE,1304,3823
ba,38873,SÃO MIGUEL DAS MATAS,1967,4312
ba,38890,SÃO SEBASTIÃO DO PASSÉ,3799,19948
ba,38911,SAPEAÇU,2644,7694
ba,38938,SÁTIRO DIAS,2302,5675
ba,38946,SAUBARA,1242,6251
ba,38954,SAÚDE,1416,4165
ba,38970,SEABRA,4043,17835
ba,38997,SEBASTIÃO LARANJEIRAS,871,3827
ba,39012,SENHOR DO BONFIM,11907,23533
ba,39039,SENTO SÉ,4429,13623
ba,39047,SERRA DO RAMALHO,2292,12661
ba,39055,SERRA DOURADA,3601,6512
ba,39071,SERRA PRETA,1852,9050
ba,39098,SERRINHA,10381,30551
ba,39110,SERROLÂNDIA,2061,4437
ba,39136,SIMÕES FILHO,11165,46045
ba,39144,SÍTIO DO MATO,828,5501
ba,39152,SOUTO SOARES,1508,7036
ba,39179,TABOCAS DO BREJO VELHO,1146,5431
ba,39195,TANHAÇU,5030,7527
ba,39217,TANQUINHO,1199,3833
ba,39233,TAPEROÁ,2821,5763
ba,39250,TAPIRAMUTÁ,1432,4928
ba,39276,TEODORO SAMPAIO,632,3747
ba,39292,TEOFILÂNDIA,2392,8916
ba,39314,TEOLÂNDIA,2211,4677
ba,39330,TERRA NOVA,1560,5002
ba,39357,TREMEDAL,3013,6597
ba,39373,TUCANO,5029,19795
ba,39390,UAUÁ,2277,11866
ba,39411,UBAÍRA,3804,6799
ba,39438,UBAITABA,3889,5711
ba,39454,UBATÃ,3112,5276
ba,39470,UIBAÍ,2071,6052
ba,39489,UMBURANAS,2612,3997
ba,39497,UNA,3797,5922
ba,39519,URANDI,1040,7500
ba,39535,URUÇUCA,5194,6393
ba,39551,UTINGA,1753,6674
ba,39578,VALENÇA,14803,26244
ba,39594,VALENTE,5429,8366
ba,39616,VÁRZEA DO POÇO,1332,3221
ba,39624,VARZEDO,2146,3473
ba,39632,VERA CRUZ,3810,16790
ba,39640,VEREDA,1223,2869
ba,39659,VITÓRIA DA CONQUISTA,84871,82827
ba,39675,WAGNER,1305,2935
ba,39691,WENCESLAU GUIMARÃES,3176,6997
ba,39713,XIQUE-XIQUE,5788,16809
ba,39730,LAPÃO,2690,12038
ba,39748,MADRE DE DEUS,3000,7162
ba,39756,MAETINGA,1333,2608
ba,39772,MANSIDÃO,640,4710
ba,39799,NORDESTINA,1044,5083
ba,39810,PÉ DE SERRA,3056,4745
ba,39837,PINTADAS,2438,3091
ba,39845,QUIXABEIRA,1921,3409
ba,39853,RAFAEL JAMBEIRO,3887,7519
ba,39870,SANTA LUZIA,1609,3316
ba,39896,SÃO GABRIEL,1205,10080
ba,39900,SÍTIO DO QUINTO,1671,4725
ba,39918,TANQUE NOVO,2010,6748
ba,39926,SÃO JOSÉ DA VITÓRIA,1234,2084
ba,39934,TEIXEIRA DE FREITAS,29504,36935
ba,39942,NOVO HORIZONTE,1580,4406
ba,39950,VÁRZEA NOVA,1411,4430
ba,39969,NOVA IBIÁ,1260,2061
ba,39977,VÁRZEA DA ROÇA,1666,5315
ba,39985,SOBRADINHO,2396,10481
ba,39993,WANDERLEY,1692,5179
ce,13005,JIJOCA DE JERICOACOARA,2350,6506
ce,13013,ABAIARA,561,4433
ce,13021,MADALENA,1093,7989
ce,13030,ACARAÚ,5029,24144
ce,13048,PIRES FERREIRA,908,4543
ce,13056,ACOPIARA,3146,24346
ce,13064,GRAÇA,750,6857
ce,13072,AIUABA,719,6488
ce,13080,TURURU,1490,8191
ce,13099,ALCÂNTARAS,926,5233
ce,13102,QUITERIANÓPOLIS,1634,8841
ce,13110,ALTANEIRA,723,3446
ce,13129,BARREIRA,3162,9880
ce,13137,ALTO SANTO,963,7877
ce,13145,ACARAPE,1765,6571
ce,13153,ANTONINA DO NORTE,527,3426
ce,13161,CHOROZINHO,1755,10760
ce,13170,APUIARÉS,1351,7119
ce,13188,HORIZONTE,7716,29074
ce,13196,AQUIRAZ,7698,29653
ce,13200,ERERÉ,776,2813
ce,13218,ARACATI,8384,31367
ce,13226,EUSÉBIO,6019,20162
ce,13234,ARACOIABA,2866,14114
ce,13242,GUAIÚBA,2919,11138
ce,13250,ARARIPE,1187,10305
ce,13269,POTIRETAMA,305,3511
ce,13277,ARATUBA,1276,6097
ce,13285,PINDORETAMA,2215,10621
ce,13293,ARNEIROZ,889,3590
ce,13307,OCARA,3484,12661
ce,13315,ASSARÉ,2281,10122
ce,13323,TEJUÇUOCA,1517,9031
ce,13331,AURORA,3512,11120
ce,13340,IPAPORANGA,1393,4702
ce,13358,BAIXIO,443,3337
ce,13366,TARRAFAS,1146,3694
ce,13374,BARBALHA,10165,22078
ce,13382,BANABUIÚ,1204,8507
ce,13390,BARRO,1491,9989
ce,13404,BARROQUINHA,1141,6976
ce,13412,BATURITÉ,3842,15360
ce,13420,ARARENDÁ,1425,4402
ce,13439,BEBERIBE,6086,23310
ce,13447,CATUNDA,585,4880
ce,13455,BELA CRUZ,3734,10974
ce,13463,CHORÓ,888,6807
ce,13471,BOA VIAGEM,3731,23524
ce,13480,ITAITINGA,4215,15887
ce,13498,BREJO SANTO,4434,20737
ce,13501,FORTIM,1472,7870
ce,13510,CAMOCIM,7067,26162
ce,13536,CAMPOS SALES,2182,11478
ce,13552,CANINDÉ,5956,32402
ce,13579,CAPISTRANO,1604,9263
ce,13595,CARIDADE,1150,9985
ce,13617,CARIRÉ,2797,8128
ce,13633,CARIRIAÇU,4029,11901
ce,13650,CARIÚS,1617,9005
ce,13676,CARNAUBAL,1487,6829
ce,13692,CASCAVEL,8006,30918
ce,13714,CATARINA,828,5040
ce,13730,CAUCAIA,29329,127594
ce,13757,CEDRO,2538,12085
ce,13773,CHAVAL,1027,5846
ce,13811,COREAÚ,3536,9114
ce,13838,CRATEÚS,7973,30687
ce,13854,CRATO,11096,56341
ce,13870,FARIAS BRITO,2034,10021
ce,13897,FORTALEZA,405154,857266
ce,13919,FRECHEIRINHA,1866,6234
ce,13935,GENERAL SAMPAIO,1222,3495
ce,13951,GRANJA,4413,22759
ce,13978,GRANJEIRO,696,2662
ce,13994,GROAÍRAS,1787,4349
ce,14010,GUARACIABA DO NORTE,3899,16676
ce,14036,GUARAMIRANGA,675,3262
ce,14052,HIDROLÂNDIA,2361,8175
ce,14060,IBARETAMA,967,7299
ce,14079,IBIAPINA,2863,8836
ce,14095,ICÓ,4400,29473
ce,14117,IGUATU,10772,39547
ce,14133,INDEPENDÊNCIA,3252,11007
ce,14150,IPAUMIRIM,807,5907
ce,14176,IPU,3369,17858
ce,14192,IPUEIRAS,4039,15526
ce,14214,IRACEMA,1069,6763
ce,14230,IRAUÇUBA,1920,10583
ce,14257,ITAIÇABA,1251,3594
ce,14273,ITAPAJÉ,6180,22201
ce,14290,ITAPIPOCA,12240,50087
ce,14311,ITAPIÚNA,1961,8982
ce,14338,ITATIRA,1226,10313
ce,14354,JAGUARETAMA,1515,9125
ce,14370,JAGUARIBARA,791,5074
ce,14397,JAGUARIBE,2983,17098
ce,14419,JAGUARUANA,6029,13546
ce,14435,JARDIM,2223,13153
ce,14451,JATI,431,4386
ce,14478,JUAZEIRO DO NORTE,25092,101260
ce,14494,JUCÁS,3061,9985
ce,14516,LAVRAS DA MANGABEIRA,2249,14275
ce,14532,LIMOEIRO DO NORTE,4864,27811
ce,14559,MARANGUAPE,9325,46604
ce,14575,MARCO,5746,9862
ce,14591,MARTINÓPOLE,892,5637
ce,14613,MASSAPÊ,7582,13334
ce,14630,MAURITI,7211,17434
ce,14656,MERUOCA,1984,6235
ce,14672,MILAGRES,2800,13519
ce,14680,MIRAÍMA,1081,6544
ce,14699,MISSÃO VELHA,3034,17373
ce,14710,MOMBAÇA,3436,18595
ce,14737,MONSENHOR TABOSA,1172,8314
ce,14753,MORADA NOVA,9033,31530
ce,14770,MORAÚJO,1117,3656
ce,14796,MORRINHOS,4992,6635
ce,14818,MUCAMBO,1727,6163
ce,14834,MULUNGU,771,5237
ce,14850,NOVA OLINDA,1648,7173
ce,14877,NOVA RUSSAS,2933,12284
ce,14893,NOVO ORIENTE,2404,11055
ce,14915,ORÓS,1319,11099
ce,14931,PACAJUS,6954,29276
ce,14958,PACATUBA,6751,26648
ce,14974,PACOTI,1486,5912
ce,14990,PACUJÁ,606,3334
ce,15016,PALHANO,1335,4973
ce,15032,PALMÁCIA,891,5453
ce,15059,PARACURU,3620,16649
ce,15075,PARAMBU,7402,9066
ce,15091,PARAMOTI,1357,5799
ce,15113,PEDRA BRANCA,2593,20160
ce,15130,PENAFORTE,741,4645
ce,15156,PENTECOSTE,4347,18174
ce,15172,PEREIRO,1789,7624
ce,15199,PIQUET CARNEIRO,873,7328
ce,15210,PORANGA,1190,4965
ce,15237,PORTEIRAS,929,8546
ce,15253,POTENGI,748,4406
ce,15270,QUIXADÁ,11734,29026
ce,15296,QUIXERAMOBIM,7483,31491
ce,15318,QUIXERÉ,2702,9859
ce,15334,REDENÇÃO,3289,13725
ce,15350,RERIUTABA,1756,8506
ce,15377,RUSSAS,8184,31232
ce,15393,SABOEIRO,1221,7386
ce,15415,SANTANA DO ACARAÚ,2358,15710
ce,15431,SANTANA DO CARIRI,1077,8306
ce,15440,SALITRE,1282,7697
ce,15458,SANTA QUITÉRIA,4981,18513
ce,15474,SÃO BENEDITO,4993,19078
ce,15490,SÃO GONÇALO DO AMARANTE,6862,20961
ce,15512,SÃO JOÃO DO JAGUARIBE,623,4627
ce,15539,SÃO LUÍS DO CURU,1315,6994
ce,15555,SENADOR POMPEU,5052,10163
ce,15571,SENADOR SÁ,637,3390
ce,15598,SOBRAL,25644,76120
ce,15610,SOLONÓPOLE,1365,8469
ce,15636,TABULEIRO DO NORTE,3166,14926
ce,15652,TAMBORIL,3403,10762
ce,15679,TAUÁ,9273,19711
ce,15695,TIANGUÁ,9994,26977
ce,15717,TRAIRI,5025,22678
ce,15733,UBAJARA,4280,12857
ce,15750,UMARI,1166,3287
ce,15776,URUBURETAMA,2383,10127
ce,15792,URUOCA,1555,6068
ce,15814,VÁRZEA ALEGRE,5208,16814
ce,15830,VIÇOSA DO CEARÁ,7019,23526
ce,15857,MARACANAÚ,23566,93760
ce,15873,AMONTADA,5087,15835
ce,15881,CROATÁ,1302,7261
ce,15890,CRUZ,4070,9477
ce,15911,FORQUILHA,2819,9988
ce,15920,IBICUITINGA,1572,7199
ce,15938,ICAPUÍ,4120,7769
ce,15954,ITAREMA,4143,15797
ce,15970,MILHÃ,764,7128
ce,15989,DEPUTADO IRAPUAN PINHEIRO,737,4391
ce,15997,PARAIPABA,3686,13277
ce,98531,QUIXELÔ,1906,8303
ce,98558,UMIRIM,1642,8819
ce,98574,VARJOTA,2732,7224
df,97012,BRASÍLIA,946171,582354
es,56006,SÃO DOMINGOS DO NORTE,2369,3312
es,56014,AFONSO CLÁUDIO,10310,7259
es,56022,ÁGUA DOCE DO NORTE,2591,4618
es,56030,ALEGRE,8482,8573
es,56049,IRUPI,3799,2557
es,56057,ALFREDO CHAVES,6153,2499
es,56065,ALTO RIO NOVO,1458,3074
es,56073,ANCHIETA,9324,7034
es,56081,VILA PAVÃO,2225,3677
es,56090,APIACÁ,1947,2305
es,56103,MARECHAL FLORIANO,6014,3559
es,56111,ARACRUZ,25544,20864
es,56120,MARATAÍZES,10316,8661
es,56138,ATÍLIO VIVÁCQUA,2915,3488
es,56146,BREJETUBA,3185,2914
es,56154,BAIXO GUANDU,8134,8736
es,56162,SÃO ROQUE DO CANAÃ,4353,2965
es,56170,BARRA DE SÃO FRANCISCO,8881,14866
es,56189,SOORETAMA,4687,7793
es,56197,BOA ESPERANÇA,3156,4778
es,56200,PONTO BELO,1430,2923
es,56219,BOM JESUS DO NORTE,2251,2632
es,56227,VILA VALÉRIO,2955,6503
es,56235,CACHOEIRO DE ITAPEMIRIM,63085,38146
es,56251,CARIACICA,88090,101296
es,56278,CASTELO,15458,5877
es,56294,COLATINA,43812,21301
es,56308,GOVERNADOR LINDENBERG,2748,3860
es,56316,CONCEIÇÃO DA BARRA,5171,9039
es,56332,CONCEIÇÃO DO CASTELO,5068,1658
es,56359,DIVINO DE SÃO LOURENÇO,1739,945
es,56375,DOMINGOS MARTINS,15255,5371
es,56391,DORES DO RIO PRETO,1569,2507
es,56413,ECOPORANGA,5004,8427
es,56430,FUNDÃO,5016,4767
es,56456,GUAÇUÍ,8905,5663
es,56472,GUARAPARI,40362,20815
es,56499,IBIRAÇU,3972,2598
es,56502,IBITIRAMA,2826,2086
es,56510,ICONHA,4994,3604
es,56537,ITAGUAÇU,4338,4346
es,56553,ITAPEMIRIM,10041,8569
es,56570,ITARANA,4550,2748
es,56596,IÚNA,9234,5376
es,56618,JERÔNIMO MONTEIRO,3504,3562
es,56626,JOÃO NEIVA,5967,3893
es,56634,LINHARES,48275,29308
es,56650,MANTENÓPOLIS,3679,4176
es,56677,MIMOSO DO SUL,6909,8061
es,56693,MONTANHA,3666,6117
es,56715,MUCURICI,1168,2202
es,56731,MUNIZ FREIRE,5742,4591
es,56758,MUQUI,4089,4350
es,56774,NOVA VENÉCIA,11935,14868
es,56790,PANCAS,4946,6192
es,56812,PINHEIROS,4986,7391
es,56839,PIÚMA,5811,3869
es,56855,PRESIDENTE KENNEDY,4157,3193
es,56871,RIO NOVO DO SUL,4808,2369
es,56898,SANTA LEOPOLDINA,3475,3993
es,56910,SANTA TERESA,10192,4063
es,56936,SÃO GABRIEL DA PALHA,9685,8705
es,56952,SÃO JOSÉ DO CALÇADO,2453,3969
es,56979,SÃO MATEUS,21814,33631
es,56995,SERRA,95174,117942
es,57010,VIANA,14680,18494
es,57037,VILA VELHA,131124,94516
es,57053,VITÓRIA,117734,76361
es,57070,MARILÂNDIA,4559,3502
es,57096,IBATIBA,7707,4681
es,57118,RIO BANANAL,4576,6607
es,57134,JAGUARÉ,5009,9775
es,57150,PEDRO CANÁRIO,4222,7065
es,57916,LARANJA DA TERRA,4352,3072
es,57932,SANTA MARIA DE JETIBÁ,15281,7066
es,57959,VARGEM ALTA,7850,3301
es,57975,VENDA NOVA DO IMIGRANTE,10233,2586
es,57991,ÁGUIA BRANCA,2007,4331
go,92010,ABADIÂNIA,5063,2060
go,92029,BONFINÓPOLIS,2710,1727
go,92037,ÁGUA LIMPA,749,840
go,92053,ALEXÂNIA,8640,4516
go,92061,CAMPOS VERDES,812,2007
go,92096,ALOÂNDIA,708,786
go,92100,CEZARINA,2636,2769
go,92118,ALTO PARAÍSO DE GOIÁS,1573,1557
go,92126,COLINAS DO SUL,535,1483
go,92150,ALVORADA DO NORTE,2135,1947
go,92169,MORRO AGUDO DE GOIÁS,1127,725
go,92177,AMORINÓPOLIS,1490,1350
go,92207,EDEALINA,1174,1480
go,92215,ANÁPOLIS,135007,61326
go,92223,FAINA,1521,2789
go,92231,ANHANGÜERA,345,401
go,92258,ANICUNS,6624,5350
go,92266,GOUVELÂNDIA,1183,1702
go,92274,APARECIDA DE GOIÂNIA,110169,92924
go,92282,ITAGUARI,1439,1800
go,92290,APORÉ,1119,853
go,92312,ARAÇU,1742,1467
go,92320,MATRINCHÃ,1434,1165
go,92339,ARAGARÇAS,4598,4993
go,92347,MIMOSO DE GOIÁS,847,1026
go,92355,ARAGOIÂNIA,2825,2536
go,92363,MONTIVIDIU,4154,2154
go,92444,NOVO PLANALTO,794,1496
go,92460,PALESTINA DE GOIÁS,1139,1170
go,92495,ARUANÃ,1922,1866
go,92517,AURILÂNDIA,1057,1421
go,92550,AVELINÓPOLIS,1464,906
go,92568,SANTA FÉ DE GOIÁS,1155,1531
go,92614,BALIZA,767,1077
go,92622,SÃO JOÃO DA PARAÚNA,795,634
go,92630,BARRO ALTO,2689,2499
go,92649,SÃO LUIZ DO NORTE,1298,1447
go,92657,BELA VISTA DE GOIÁS,8776,5544
go,92665,SÃO MIGUEL DO PASSA QUATRO,1468,1336
go,92673,BOM JARDIM DE GOIÁS,1930,2925
go,92690,BOM JESUS DE GOIÁS,5941,5175
go,92703,SENADOR CANEDO,23868,21071
go,92711,BRAZABRANTES,1057,1025
go,92720,SIMOLÂNDIA,1572,1955
go,92754,BRITÂNIA,1735,1535
go,92762,TERESINA DE GOIÁS,709,807
go,92770,BURITI ALEGRE,3213,2363
go,92789,TROMBAS,858,1008
go,92797,CABECEIRAS,2308,2077
go,92800,TURVELÂNDIA,1504,1572
go,92819,CACHOEIRA ALTA,2452,2778
go,92827,RIO QUENTE,1479,844
go,92835,CACHOEIRA DE GOIÁS,570,493
go,92851,CAÇU,4285,2421
go,92860,GUARINOS,675,809
go,92878,CAIAPÔNIA,4464,4104
go,92886,COCALZINHO DE GOIÁS,5319,4019
go,92894,CALDAS NOVAS,23671,15305
go,92908,SANTO ANTÔNIO DE GOIÁS,1759,1929
go,92916,CAMPESTRE DE GOIÁS,1235,1131
go,92924,CHAPADÃO DO CÉU,2299,1837
go,92932,CAMPINORTE,3201,2911
go,92940,ALTO HORIZONTE,2112,1811
go,92959,CAMPO ALEGRE DE GOIÁS,1557,1958
go,92967,CASTELÂNDIA,1008,1429
go,92975,CAMPOS BELOS,3466,5893
go,92983,JESÚPOLIS,1137,493
go,92991,CARMO DO RIO VERDE,2593,2739
go,93009,APARECIDA DO RIO DOCE,792,1019
go,93017,CATALÃO,21237,26547
go,93025,CIDADE OCIDENTAL,11702,14395
go,93033,CATURAÍ,1384,1648
go,93041,PROFESSOR JAMIL,1027,1293
go,93050,CAVALCANTE,955,2758
go,93068,PEROLÂNDIA,1085,916
go,93076,CERES,7560,4781
go,93084,NOVA IGUAÇU DE GOIÁS,1037,839
go,93092,DIVINÓPOLIS DE GOIÁS,1098,1834
go,93106,BURITI DE GOIÁS,1055,968
go,93122,CALDAZINHA,1146,928
go,93149,GUARAÍTA,893,940
go,93157,CÓRREGO DO OURO,1234,676
go,93165,INACIOLÂNDIA,1443,1941
go,93173,CORUMBÁ DE GOIÁS,3171,1866
go,93181,MONTIVIDIU DO NORTE,824,1272
go,93190,CORUMBAÍBA,2225,2435
go,93203,SANTO ANTÔNIO DA BARRA,1243,1556
go,93220,TEREZÓPOLIS DE GOIÁS,2042,2071
go,93246,UIRAPURU,529,1142
go,93254,CRISTALINA,14955,6984
go,93262,BURITINÓPOLIS,1092,821
go,93270,CRISTIANÓPOLIS,1403,896
go,93289,VILA BOA,880,1284
go,93297,CRIXÁS,3413,5197
go,93300,VALPARAÍSO DE GOIÁS,25171,28734
go,93319,CROMÍNIA,1443,1214
go,93327,NOVO GAMA,16463,18000
go,93335,CUMARI,763,1118
go,93343,ÁGUAS LINDAS DE GOIÁS,23134,33520
go,93351,DAMIANÓPOLIS,1102,1036
go,93360,ABADIA DE GOIÁS,3131,1958
go,93378,DAMOLÂNDIA,1543,842
go,93386,AMARALINA,808,1089
go,93394,DAVINÓPOLIS,827,1094
go,93408,BONÓPOLIS,491,1307
go,93424,PORTEIRÃO,790,1230
go,93432,DIORAMA,788,899
go,93440,SANTA RITA DO NOVO DESTINO,772,1131
go,93483,SÃO PATRÍCIO,906,592
go,93491,EDÉIA,3661,2956
go,93505,VILA PROPÍCIO,1223,1551
go,93513,ESTRELA DO NORTE,996,1112
go,93530,FAZENDA NOVA,1840,1946
go,93548,IPIRANGA DE GOIÁS,966,1082
go,93564,GAMELEIRA DE GOIÁS,1109,971
go,93572,FIRMINÓPOLIS,3355,2616
go,93580,CAMPO LIMPO DE GOIÁS,2238,1624
go,93599,FLORES DE GOIÁS,1821,2396
go,93602,LAGOA SANTA,560,418
go,93610,FORMOSA,28474,22020
go,93637,FORMOSO,1158,1733
go,93670,GOIANÁPOLIS,4369,2805
go,93696,GOIANDIRA,1438,1833
go,93718,GOIANÉSIA,17806,15717
go,93734,GOIÂNIA,469527,225505
go,93750,GOIANIRA,10479,9845
go,93777,GOIÁS,6695,7386
go,93793,GOIATUBA,12416,6638
go,93815,GUAPÓ,4205,4481
go,93831,GUARANI DE GOIÁS,1127,1474
go,93874,HEITORAÍ,1316,1323
go,93890,HIDROLÂNDIA,6032,4398
go,93912,HIDROLINA,1101,1642
go,93939,IACIARA,2127,3119
go,93955,INHUMAS,17320,11865
go,93971,IPAMERI,7275,6480
go,93998,IPORÁ,8591,8960
go,94013,ISRAELÂNDIA,866,1077
go,94030,ITABERAÍ,10070,10161
go,94072,ITAGUARU,1732,2178
go,94110,ITAJÁ,1650,1078
go,94137,ITAPACI,4792,5076
go,94153,ITAPIRAPUÃ,2444,2242
go,94196,ITAPURANGA,6585,9381
go,94218,ITARUMÃ,1726,1510
go,94234,ITAUÇU,2995,2406
go,94250,ITUMBIARA,32825,20423
go,94277,IVOLÂNDIA,838,1190
go,94293,JANDAIA,2310,2079
go,94315,JARAGUÁ,14537,7989
go,94331,JATAÍ,26410,20293
go,94358,JAUPACI,860,1143
go,94374,JOVIÂNIA,2316,1891
go,94390,JUSSARA,5152,5474
go,94439,LEOPOLDO DE BULHÕES,2470,1856
go,94455,LUZIÂNIA,49130,33336
go,94471,MAIRIPOTABA,1183,641
go,94498,MAMBAÍ,2340,1480
go,94510,MARA ROSA,2185,3440
go,94536,MARZAGÃO,608,797
go,94552,PARANAIGUARA,2487,3044
go,94579,MAURILÂNDIA,2955,3182
go,94595,MINEIROS,15962,11937
go,94650,MOIPORÁ,855,643
go,94676,MONTE ALEGRE DE GOIÁS,1221,2146
go,94714,MONTES CLAROS DE GOIÁS,2039,2478
go,94730,MORRINHOS,12836,12183
go,94757,MOSSÂMEDES,1462,1678
go,94773,MOZARLÂNDIA,3571,3540
go,94790,MUTUNÓPOLIS,1452,1285
go,94854,NAZÁRIO,3202,2006
go,94870,NERÓPOLIS,8261,6625
go,94897,NIQUELÂNDIA,8875,11808
go,94919,NOVA AMÉRICA,907,726
go,94935,NOVA AURORA,642,876
go,94951,NOVA ROMA,803,1004
go,94978,NOVA VENEZA,2770,2284
go,95010,NOVO BRASIL,1189,1423
go,95036,ORIZONA,5300,3340
go,95052,OURO VERDE DE GOIÁS,1734,815
go,95079,OUVIDOR,1847,2571
go,95095,PADRE BERNARDO,5818,5608
go,95117,PALMEIRAS DE GOIÁS,9524,4892
go,95133,PALMELO,946,639
go,95150,PALMINÓPOLIS,1660,1214
go,95176,PANAMÁ,983,798
go,95230,PARAÚNA,3118,3127
go,95311,PETROLINA DE GOIÁS,3715,1797
go,95354,PILAR DE GOIÁS,727,1123
go,95397,PIRACANJUBA,7332,6524
go,95419,PIRANHAS,2728,3918
go,95435,PIRENÓPOLIS,7231,6883
go,95451,PIRES DO RIO,10130,5353
go,95494,PONTALINA,4924,5752
go,95559,PORANGATU,8921,12337
go,95575,PORTELÂNDIA,1315,1149
go,95613,POSSE,8929,7463
go,95630,QUIRINÓPOLIS,12715,11899
go,95656,RIALMA,3569,2687
go,95672,RIANÁPOLIS,1746,947
go,95710,RIO VERDE,56787,30710
go,95737,RUBIATABA,6774,4219
go,95753,SANCLERLÂNDIA,2848,2389
go,95770,SANTA BÁRBARA DE GOIÁS,2000,1552
go,95796,SANTA CRUZ DE GOIÁS,1254,770
go,95818,SANTA HELENA DE GOIÁS,10276,10932
go,95834,SANTA RITA DO ARAGUAIA,1589,1263
go,95850,SANTA ROSA DE GOIÁS,1205,1080
go,95877,SANTA TEREZA DE GOIÁS,1181,975
go,95893,SANTA TEREZINHA DE GOIÁS,2240,3547
go,95915,SÃO DOMINGOS,1961,2464
go,95931,SÃO FRANCISCO DE GOIÁS,2248,1267
go,95958,PLANALTINA,17584,20512
go,95974,SÃO JOÃO D ALIANÇA,2196,1909
go,95990,SÃO LUÍS DE MONTES BELOS,11292,5613
go,96016,SÃO MIGUEL DO ARAGUAIA,5911,6112
go,96059,SÃO SIMÃO,3729,6730
go,96075,SERRANÓPOLIS,1847,2089
go,96091,SILVÂNIA,6397,4899
go,96113,SÍTIO D ABADIA,685,871
go,96172,TAQUARAL DE GOIÁS,1726,1116
go,96237,TRÊS RANCHOS,1090,1294
go,96253,TRINDADE,32484,25403
go,96318,TURVÂNIA,1901,1481
go,96334,URUAÇU,9222,9457
go,96350,URUANA,4186,3498
go,96377,URUTAÍ,1102,873
go,96393,VARJÃO,1717,887
go,96415,VIANÓPOLIS,5055,2281
go,96458,ACREÚNA,5655,5365
go,96474,MINAÇU,6133,10016
go,96512,MUNDO NOVO,1428,1800
go,96539,NOVA CRIXÁS,2321,3283
go,96555,NOVA GLÓRIA,2220,2685
go,96571,VICENTINÓPOLIS,2544,1924
go,96610,AMERICANO DO BRASIL,2318,1555
go,96695,ARAGUAPAZ,1980,2260
go,96717,ARENÓPOLIS,977,1390
go,96733,CACHOEIRA DOURADA,2322,2889
go,96750,DOVERLÂNDIA,2017,2320
go,96776,SANTO ANTÔNIO DO DESCOBERTO,13977,14315
go,96814,INDIARA,2838,4894
go,96873,CAMPINAÇU,719,1374
go,96890,SANTA ISABEL,1311,1211
go,96911,ADELÂNDIA,1160,818
go,96938,ÁGUA FRIA DE GOIÁS,1865,1083
ma,07005,ÁGUA DOCE DO MARANHÃO,840,5677
ma,07013,AFONSO CUNHA,287,3617
ma,07021,ALTO ALEGRE DO MARANHÃO,1510,8860
ma,07030,ALCÂNTARA,1083,9286
ma,07048,ALTO ALEGRE DO PINDARÉ,1647,10937
ma,07056,ALDEIAS ALTAS,1902,8975
ma,07064,APICUM-AÇU,1302,5490
ma,07072,ALTAMIRA DO MARANHÃO,596,2741
ma,07080,AMAPÁ DO MARANHÃO,883,2242
ma,07099,ALTO PARNAÍBA,1553,3444
ma,07102,ARAGUANÃ,414,4191
ma,07110,AMARANTE DO MARANHÃO,3629,13199
ma,07129,BACABEIRA,1076,8222
ma,07137,ANAJATUBA,1274,11157
ma,07145,BACURITUBA,362,2502
ma,07153,ANAPURUS,1163,7503
ma,07161,BELÁGUA,230,3558
ma,07170,ARAIOSES,2739,17711
ma,07188,BELA VISTA DO MARANHÃO,652,5168
ma,07196,ARARI,2512,11925
ma,07200,BERNARDO DO MEARIM,517,2822
ma,07218,AXIXÁ,727,5634
ma,07226,CACHOEIRA GRANDE,353,3919
ma,07234,BACABAL,10215,34918
ma,07242,DAVINÓPOLIS,1495,5696
ma,07250,BACURI,1562,6513
ma,07269,BOM JESUS DAS SELVAS,2647,9023
ma,07277,BALSAS,14155,26570
ma,07285,BOM LUGAR,1140,5851
ma,07293,BARÃO DE GRAJAÚ,1504,7821
ma,07307,BREJO DE AREIA,1021,3427
ma,07315,BARRA DO CORDA,9471,28734
ma,07323,BOA VISTA DO GURUPI,713,2682
ma,07331,BARREIRINHAS,3493,23672
ma,07340,BURITICUPU,5563,21381
ma,07358,BENEDITO LEITE,496,2203
ma,07366,BURITIRANA,1633,5116
ma,07374,BEQUIMÃO,1911,8130
ma,07382,CAMPESTRE DO MARANHÃO,1009,5308
ma,07390,BREJO,2380,13916
ma,07404,CAPINZAL DO NORTE,1299,4566
ma,07412,BURITI,1915,11136
ma,07420,CENTRAL DO MARANHÃO,246,3368
ma,07439,BURITI BRAVO,1502,8711
ma,07447,CENTRO DO GUILHERME,554,4635
ma,07455,CAJAPIÓ,445,4405
ma,07463,CENTRO NOVO DO MARANHÃO,929,5750
ma,07471,CAJARI,638,8500
ma,07480,CIDELÂNDIA,1319,5447
ma,07498,CÂNDIDO MENDES,1898,6659
ma,07501,CONCEIÇÃO DO LAGO-AÇU,1079,5743
ma,07510,CANTANHEDE,996,6975
ma,07528,FEIRA NOVA DO MARANHÃO,1447,2675
ma,07536,CAROLINA,2860,8537
ma,07544,FERNANDO FALCÃO,862,3938
ma,07552,CARUTAPERA,2599,7681
ma,07560,FORMOSA DA SERRA NEGRA,2550,5748
ma,07579,CAXIAS,11415,61672
ma,07595,CEDRAL,644,4407
ma,07609,GOVERNADOR EDISON LOBÃO,2378,6327
ma,07617,CHAPADINHA,5938,30173
ma,07625,GOVERNADOR LUIZ ROCHA,921,3111
ma,07633,CODÓ,8912,38555
ma,07641,GOVERNADOR NEWTON BELLO,810,3948
ma,07650,COELHO NETO,3766,18226
ma,07668,GOVERNADOR NUNES FREIRE,1992,9205
ma,07676,COLINAS,2384,14939
ma,07684,IGARAPÉ DO MEIO,722,5876
ma,07692,COROATÁ,5484,23296
ma,07706,ITAIPAVA DO GRAJAÚ,1061,5274
ma,07714,CURURUPU,1774,12334
ma,07722,ITINGA DO MARANHÃO,4194,6946
ma,07730,DOM PEDRO,2761,9475
ma,07749,JATOBÁ,615,3499
ma,07757,DUQUE BACELAR,727,5146
ma,07765,JENIPAPO DOS VIEIRAS,1435,5809
ma,07773,ESPERANTINÓPOLIS,1316,8155
ma,07781,JUNCO DO MARANHÃO,521,2725
ma,07790,FORTALEZA DOS NOGUEIRAS,1709,4868
ma,07803,LAGO DOS RODRIGUES,1172,4262
ma,07811,FORTUNA,1008,6886
ma,07820,LAGOA DO MATO,668,4471
ma,07838,GODOFREDO VIANA,1004,3289
ma,07846,LAGOA GRANDE DO MARANHÃO,950,4872
ma,07854,GONÇALVES DIAS,1155,7080
ma,07862,LAJEADO NOVO,1202,2802
ma,07870,GOVERNADOR ARCHER,897,4435
ma,07889,MARACAÇUMÉ,1764,6545
ma,07897,GOVERNADOR EUGÊNIO BARROS,1074,6485
ma,07900,MARAJÁ DO SENA,726,3453
ma,07919,GRAÇA ARANHA,476,3371
ma,07927,MARANHÃOZINHO,713,4317
ma,07935,GRAJAÚ,8322,22105
ma,07943,MATÕES DO NORTE,403,3823
ma,07951,GUIMARÃES,536,5425
ma,07960,MILAGRES DO MARANHÃO,348,3007
ma,07978,HUMBERTO DE CAMPOS,1625,10293
ma,07986,NOVA COLINAS,805,2191
ma,07994,ICATU,1044,11182
ma,08001,NOVA OLINDA DO MARANHÃO,1053,6822
ma,08010,IGARAPÉ GRANDE,1075,4592
ma,08028,OLINDA NOVA DO MARANHÃO,471,5138
ma,08036,IMPERATRIZ,49814,74962
ma,08044,PAULINO NEVES,1063,7044
ma,08052,SÃO LUÍS GONZAGA DO MARANHÃO,1131,10576
ma,08060,PEDRO DO ROSÁRIO,959,9445
ma,08079,ITAPECURU MIRIM,4571,23015
ma,08087,PERITORÓ,1106,9338
ma,08095,JOÃO LISBOA,3241,10585
ma,08109,PORTO RICO DO MARANHÃO,644,2821
ma,08117,JOSELÂNDIA,1170,7113
ma,08125,PRESIDENTE MÉDICI,481,2815
ma,08133,LAGO DA PEDRA,6259,15568
ma,08141,PRESIDENTE SARNEY,889,7294
ma,08150,LAGO DO JUNCO,979,4542
ma,08168,RAPOSA,2200,9888
ma,08176,LAGO VERDE,1015,6798
ma,08184,RIBAMAR FIQUENE,1168,3227
ma,08192,LIMA CAMPOS,2157,4249
ma,08206,SANTA FILOMENA DO MARANHÃO,665,2924
ma,08214,LORETO,985,4533
ma,08222,SANTANA DO MARANHÃO,685,3699
ma,08230,LUÍS DOMINGUES,1065,2321
ma,08249,SANTO AMARO DO MARANHÃO,689,4579
ma,08257,MAGALHÃES DE ALMEIDA,2012,5737
ma,08265,SÃO DOMINGOS DO AZEITÃO,435,3235
ma,08273,MATA ROMA,1349,7773
ma,08281,SÃO FRANCISCO DO BREJÃO,1436,3308
ma,08290,MATINHA,1303,10840
ma,08303,SÃO JOÃO DO CARÚ,1111,4707
ma,08311,MATÕES,1633,13410
ma,08320,SÃO JOÃO DO PARAÍSO,1716,4167
ma,08338,MIRADOR,1331,7978
ma,08346,SÃO JOÃO DO SOTER,544,7139
ma,08354,MIRINZAL,948,5764
ma,08362,SÃO JOSÉ DOS BASÍLIOS,406,4063
ma,08370,MONÇÃO,1371,11581
ma,08389,SÃO PEDRO DA ÁGUA BRANCA,1144,4077
ma,08397,MONTES ALTOS,1445,3755
ma,08400,SÃO PEDRO DOS CRENTES,1256,1251
ma,08419,MORROS,992,7630
ma,08427,SÃO RAIMUNDO DO DOCA BEZERRA,461,2690
ma,08435,NINA RODRIGUES,751,4675
ma,08443,SÃO ROBERTO,393,2439
ma,08451,NOVA IORQUE,364,2005
ma,08460,SATUBINHA,486,3149
ma,08478,OLHO D ÁGUA DAS CUNHÃS,1081,8107
ma,08486,SENADOR ALEXANDRE COSTA,847,3913
ma,08494,PAÇO DO LUMIAR,9171,33853
ma,08508,SENADOR LA ROCQUE,1686,7653
ma,08516,PALMEIRÂNDIA,817,8801
ma,08524,SERRANO DO MARANHÃO,301,4514
ma,08532,PARAIBANO,1491,7575
ma,08540,SUCUPIRA DO RIACHÃO,424,2367
ma,08559,PARNARAMA,1828,13732
ma,08567,TRIZIDELA DO VALE,2555,7760
ma,08575,PASSAGEM FRANCA,1670,6961
ma,08583,TUFILÂNDIA,313,3544
ma,08591,PASTOS BONS,1643,6975
ma,08605,TURILÂNDIA,1102,6936
ma,08613,PEDREIRAS,5191,15098
ma,08621,VILA NOVA DOS MARTÍRIOS,1207,3320
ma,08630,PENALVA,1157,13480
ma,08656,PERI MIRIM,840,5553
ma,08672,PINDARÉ-MIRIM,2049,13988
ma,08699,PINHEIRO,8832,27404
ma,08710,PIO XII,1659,11192
ma,08737,PIRAPEMAS,704,6711
ma,08753,POÇÃO DE PEDRAS,1906,8482
ma,08770,PORTO FRANCO,4857,6958
ma,08796,PRESIDENTE DUTRA,5032,16509
ma,08818,PRESIDENTE JUSCELINO,395,5152
ma,08834,PRESIDENTE VARGAS,595,5414
ma,08850,PRIMEIRA CRUZ,598,4812
ma,08877,RIACHÃO,1989,7723
ma,08893,SÃO JOSÉ DE RIBAMAR,12764,55483
ma,08915,ROSÁRIO,2499,17629
ma,08931,SAMBAÍBA,769,2488
ma,08958,SANTA HELENA,2836,10994
ma,08974,SANTA LUZIA,4748,25344
ma,08990,SANTA QUITÉRIA DO MARANHÃO,1699,11695
ma,09016,SANTA RITA,2426,13079
ma,09032,SANTO ANTÔNIO DOS LOPES,1894,6448
ma,09059,SÃO BENEDITO DO RIO PRETO,852,8233
ma,09075,SÃO BENTO,2172,13630
ma,09091,SÃO BERNARDO,2497,10607
ma,09113,SÃO DOMINGOS DO MARANHÃO,4814,13059
ma,09130,SÃO FÉLIX DE BALSAS,319,2126
ma,09156,SÃO FRANCISCO DO MARANHÃO,755,5436
ma,09172,SÃO JOÃO BATISTA,895,10180
ma,09199,SÃO JOÃO DOS PATOS,3154,9447
ma,09210,SÃO LUÍS,152503,362296
ma,09237,SÃO MATEUS DO MARANHÃO,3107,14541
ma,09253,SÃO RAIMUNDO DAS MANGABEIRAS,2674,6640
ma,09270,SÃO VICENTE FERRER,928,8078
ma,09296,SÍTIO NOVO,2574,6699
ma,09318,SUCUPIRA DO NORTE,766,4892
ma,09334,TASSO FRAGOSO,1453,2813
ma,09350,TIMBIRAS,1207,10514
ma,09377,TIMON,14431,66470
ma,09393,TUNTUM,4517,13398
ma,09415,TURIAÇU,2397,13226
ma,09431,TUTÓIA,5806,17581
ma,09458,URBANO SANTOS,1327,12110
ma,09474,VARGEM GRANDE,3131,15974
ma,09490,VIANA,3830,19522
ma,09512,VITÓRIA DO MEARIM,2675,12568
ma,09539,VITORINO FREIRE,3330,12149
ma,09555,BOM JARDIM,2749,13754
ma,09571,SANTA INÊS,9087,31103
ma,09598,PAULO RAMOS,1647,8281
ma,09610,AÇAILÂNDIA,18768,35386
ma,09636,ESTREITO,5190,9797
ma,09652,SANTA LUZIA DO PARUÁ,1716,9324
ma,09679,ARAME,3688,9518
ma,09695,MIRANDA DO NORTE,1524,7609
ma,09717,ZÉ DOCA,3175,17641
mg,40002,ALFREDO VASCONCELOS,1290,2931
mg,40010,ABADIA DOS DOURADOS,1689,2790
mg,40029,ARAPORÃ,2156,2017
mg,40037,ABAETÉ,8327,5288
mg,40045,BRASILÂNDIA DE MINAS,2059,5725
mg,40053,ABRE CAMPO,3207,4984
mg,40061,CAPITÃO ANDRADE,1224,1636
mg,40070,ACAIACA,722,1739
mg,40088,CARNEIRINHO,2111,4040
mg,40096,AÇUCENA,1898,3465
mg,40100,CATUJI,1605,3301
mg,40118,ÁGUA BOA,2063,5106
mg,40126,DIVISA ALEGRE,1328,1908
mg,40134,ÁGUA COMPRIDA,732,820
mg,40142,DIVISÓPOLIS,1339,3014
mg,40150,AGUANIL,950,1961
mg,40169,DURANDÉ,1393,2971
mg,40177,ÁGUAS FORMOSAS,3989,5679
mg,40185,ENTRE FOLHAS,1467,2435
mg,40193,ÁGUAS VERMELHAS,1881,4234
mg,40207,FERVEDOURO,1630,4543
mg,40215,AIMORÉS,5399,8240
mg,40223,FRANCISCÓPOLIS,849,2057
mg,40231,AIURUOCA,1743,1935
mg,40240,ICARAÍ DE MINAS,1134,4268
mg,40258,ALAGOA,1372,456
mg,40266,IPABA,2853,6917
mg,40274,ALBERTINA,1542,367
mg,40282,JAÍBA,3237,13599
mg,40290,ALÉM PARAÍBA,6840,13533
mg,40304,JAMPRUCA,652,2253
mg,40312,ALFENAS,24145,19167
mg,40320,JUATUBA,6445,7123
mg,40339,ALMENARA,4751,14884
mg,40347,LAGOA GRANDE,2111,3010
mg,40355,ALPERCATA,1453,3151
mg,40363,LIMEIRA DO OESTE,1250,3222
mg,40371,ALPINÓPOLIS,4202,7344
mg,40380,LONTRA,859,4275
mg,40398,ALTEROSA,4356,4836
mg,40401,MAMONAS,716,3394
mg,40410,ALTO RIO DOCE,2347,4434
mg,40428,MATA VERDE,1834,2567
mg,40436,ALVARENGA,1417,1831
mg,40444,MATIAS CARDOSO,833,3481
mg,40452,ALVINÓPOLIS,2776,6771
mg,40460,MONTEZUMA,851,2846
mg,40479,ALVORADA DE MINAS,731,1695
mg,40487,NAQUE,1178,2455
mg,40495,AMPARO DO SERRA,828,2440
mg,40509,NOVO ORIENTE DE MINAS,1650,3487
mg,40517,ANDRADAS,15457,6784
mg,40525,PALMÓPOLIS,1480,2193
mg,40533,CACHOEIRA DE PAJEÚ,1394,3227
mg,40541,PEDRAS DE MARIA DA CRUZ,595,4378
mg,40550,ANDRELÂNDIA,3341,3462
mg,40568,PERIQUITO,1646,2590
mg,40576,ANTÔNIO CARLOS,1960,5247
mg,40584,PONTO DOS VOLANTES,2009,3500
mg,40592,ANTÔNIO DIAS,2205,3963
mg,40606,RIACHINHO,914,2657
mg,40614,ANTÔNIO PRADO DE MINAS,642,683
mg,40622,ROSÁRIO DA LIMEIRA,1050,2761
mg,40630,ARAÇAÍ,1033,758
mg,40649,SANTA BÁRBARA DO LESTE,2172,2856
mg,40657,ARACITABA,503,1018
mg,40665,SANTA RITA DE MINAS,1803,2444
mg,40673,ARAÇUAÍ,6955,10625
mg,40681,SANTANA DO PARAÍSO,5011,7632
mg,40690,ARAGUARI,27254,37850
mg,40703,SÃO JOÃO DA LAGOA,741,2411
mg,40711,ARANTINA,570,1457
mg,40720,SÃO JOÃO DO MANHUAÇU,1994,4002
mg,40738,ARAPONGA,894,3597
mg,40746,SÃO JOÃO DO MANTENINHA,1122,2702
mg,40754,ARAPUÁ,1351,889
mg,40762,SÃO JOÃO DO PACUÍ,429,2172
mg,40770,ARAÚJOS,3499,1372
mg,40789,SÃO JOSÉ DA LAPA,6702,6332
mg,40797,ARAXÁ,28519,27523
mg,40800,SARZEDO,6955,7219
mg,40819,ARCEBURGO,3867,1594
mg,40827,SEM PEIXE,653,1406
mg,40835,ARCOS,11344,11982
mg,40843,SENADOR AMARAL,1796,1991
mg,40851,AREADO,6305,2540
mg,40860,UBAPORANGA,3483,3427
mg,40878,ARGIRITA,714,1329
mg,40886,URUCUIA,1025,3641
mg,40894,ARINOS,2742,6254
mg,40908,VARGEM ALEGRE,1542,2609
mg,40916,ASTOLFO DUTRA,3123,5308
mg,40924,JOSENÓPOLIS,543,1567
mg,40932,ATALÉIA,1593,5808
mg,40940,JUVENÍLIA,1059,2373
mg,40959,AUGUSTO DE LIMA,1007,1757
mg,40967,LEME DO PRADO,1027,1483
mg,40975,BAEPENDI,5517,6282
mg,40983,LUISBURGO,1929,2059
mg,40991,BALDIM,2563,2530
mg,41009,LUISLÂNDIA,442,3308
mg,41017,BAMBUÍ,5842,7589
mg,41025,MÁRIO CAMPOS,3824,3744
mg,41033,BANDEIRA,679,2191
mg,41041,MARTINS SOARES,1529,3123
mg,41050,BANDEIRA DO SUL,2348,1669
mg,41068,MIRAVÂNIA,481,1968
mg,41076,BARÃO DE COCAIS,8090,9306
mg,41084,MONTE FORMOSO,930,1460
mg,41092,BARÃO DE MONTE ALTO,1140,2795
mg,41106,NATALÂNDIA,483,1655
mg,41114,BARBACENA,26535,47436
mg,41122,NINHEIRA,1625,3049
mg,41130,BARRA LONGA,1309,2507
mg,41149,NOVA BELÉM,1060,1557
mg,41157,TRÊS MARIAS,7844,8172
mg,41165,NOVA PORTEIRINHA,833,3986
mg,41173,BARROSO,4810,7794
mg,41181,NOVORIZONTE,1109,1921
mg,41190,BELA VISTA DE MINAS,1455,4357
mg,41203,OLHOS D ÁGUA,744,2566
mg,41211,BELMIRO BRAGA,795,1553
mg,41220,ORATÓRIOS,856,2276
mg,41238,BELO HORIZONTE,939427,521813
mg,41246,ORIZÂNIA,1252,3215
mg,41254,BELO ORIENTE,3846,9375
mg,41262,PADRE CARVALHO,1026,1911
mg,41270,BELO VALE,2509,3285
mg,41289,PAI PEDRO,463,2814
mg,41297,BERILO,1722,3866
mg,41300,PATIS,677,2452
mg,41319,BERTÓPOLIS,923,1477
mg,41327,PEDRA BONITA,1612,2625
mg,41335,BETIM,91287,117153
mg,41343,PIEDADE DE CARATINGA,1932,2754
mg,41351,BIAS FORTES,813,1675
mg,41360,PINGO D ÁGUA,881,1893
mg,41378,BICAS,3725,4385
mg,41386,PINTÓPOLIS,810,3196
mg,41394,BIQUINHAS,956,1039
mg,41408,PONTO CHIQUE,568,1827
mg,41416,BOA ESPERANÇA,12509,10548
mg,41424,REDUTO,1510,2559
mg,41432,BOCAINA DE MINAS,1894,1378
mg,41440,SANTA BÁRBARA DO MONTE VERDE,912,1523
mg,41459,BOCAIÚVA,7106,18103
mg,41467,SANTA CRUZ DE MINAS,2927,2213
mg,41475,BOM DESPACHO,19756,8134
mg,41483,SANTA CRUZ DE SALINAS,478,2326
mg,41491,BOM JARDIM DE MINAS,1577,2540
mg,41505,SANTA HELENA DE MINAS,1247,2024
mg,41513,BOM JESUS DA PENHA,1505,1098
mg,41521,SANTO ANTÔNIO DO RETIRO,609,3121
mg,41530,BOM JESUS DO AMPARO,1515,2057
mg,41548,SÃO DOMINGOS DAS DORES,1560,2424
mg,41556,BOM JESUS DO GALHO,3362,5381
mg,41564,SÃO FÉLIX DE MINAS,1028,1235
mg,41572,BOM REPOUSO,3486,3529
mg,41580,SÃO GERALDO DO BAIXIO,800,1312
mg,41599,BOM SUCESSO,6132,4909
mg,41602,SÃO JOÃO DAS MISSÕES,1269,4668
mg,41610,BONFIM,2259,2473
mg,41629,SÃO JOAQUIM DE BICAS,4839,8286
mg,41637,BONFINÓPOLIS DE MINAS,1502,1851
mg,41645,SÃO JOSÉ DA BARRA,1630,2756
mg,41653,BORDA DA MATA,6058,4132
mg,41661,ALTO CAPARAÓ,1804,1320
mg,41670,BOTELHOS,3787,5777
mg,41688,ANGELÂNDIA,1486,2420
mg,41696,BOTUMIRIM,977,2310
mg,41700,ARICANDUVA,927,1886
mg,41718,BRASÍLIA DE MINAS,3961,13637
mg,41726,BERIZAL,802,1887
mg,41734,BRÁS PIRES,1480,1424
mg,41742,BONITO DE MINAS,525,3989
mg,41750,BRAÚNAS,952,1781
mg,41769,BUGRE,1410,1757
mg,41777,BRAZÓPOLIS,6606,3123
mg,41785,CABECEIRA GRANDE,1771,1870
mg,41793,BRUMADINHO,11601,8369
mg,41807,CAMPO AZUL,563,1851
mg,41815,BUENO BRANDÃO,4787,1941
mg,41823,CANTAGALO,886,1653
mg,41831,BUENÓPOLIS,2019,2807
mg,41840,CATAS ALTAS,1796,1685
mg,41858,BURITIS,5683,6781
mg,41866,CATUTI,537,2265
mg,41874,BURITIZEIRO,3438,9509
mg,41882,CHAPADA GAÚCHA,1370,4002
mg,41890,CABO VERDE,3011,4363
mg,41904,CÔNEGO MARINHO,601,3397
mg,41912,CACHOEIRA DA PRATA,1603,1089
mg,41920,CONFINS,3007,1504
mg,41939,CACHOEIRA DE MINAS,4848,2344
mg,41947,CÓRREGO FUNDO,2062,1869
mg,41955,CACHOEIRA DOURADA,446,1063
mg,41963,CRISÓLITA,1001,2030
mg,41971,CAETANÓPOLIS,3418,2605
mg,41980,CUPARAQUE,1525,1357
mg,41998,CAETÉ,14172,10807
mg,42005,CURRAL DE DENTRO,1692,2282
mg,42013,CAIANA,746,2131
mg,42021,DELTA,1465,2578
mg,42030,CAJURI,917,2044
mg,42048,DOM BOSCO,1031,1312
mg,42056,CALDAS,4609,3776
mg,42064,FREI LAGONEGRO,708,1580
mg,42072,CAMACHO,1235,1135
mg,42080,FRUTA DE LEITE,674,2246
mg,42099,CAMANDUCAIA,7546,4988
mg,42102,GAMELEIRAS,718,2295
mg,42110,CAMBUÍ,9946,5806
mg,42129,GLAUCILÂNDIA,615,1963
mg,42137,CAMBUQUIRA,5158,2456
mg,42145,GOIABEIRA,949,1142
mg,42153,CAMPANÁRIO,739,1445
mg,42161,GOIANÁ,1091,1569
mg,42170,CAMPANHA,6561,2528
mg,42188,GUARACIAMA,719,3182
mg,42196,CAMPESTRE,8237,4433
mg,42200,IBIRACATU,988,2640
mg,42218,CAMPINA VERDE,5760,5601
mg,42226,IMBÉ DE MINAS,1426,2572
mg,42234,CAMPO BELO,13373,16294
mg,42242,INDAIABIRA,1395,2412
mg,42250,CAMPO DO MEIO,2361,4771
mg,42269,JAPONVAR,767,4176
mg,42277,CAMPO FLORIDO,1842,2349
mg,42285,JENIPAPO DE MINAS,1269,1893
mg,42293,CAMPOS ALTOS,3894,3260
mg,42307,JOSÉ GONÇALVES DE MINAS,1086,1285
mg,42315,CAMPOS GERAIS,8240,6890
mg,42323,JOSÉ RAYDAN,858,1726
mg,42331,CANAÃ,860,2288
mg,42340,SÃO SEBASTIÃO DA VARGEM ALEGRE,680,1435
mg,42358,CANÁPOLIS,2379,4464
mg,42366,SÃO SEBASTIÃO DO ANTA,1344,2237
mg,42374,CANA VERDE,1078,2616
mg,42382,SERRANÓPOLIS DE MINAS,609,2139
mg,42390,CANDEIAS,4545,4179
mg,42404,SETUBINHA,1081,3859
mg,42412,CAPARAÓ,1148,1924
mg,42420,TAPARUBA,1013,1413
mg,42439,CAPELA NOVA,1397,1716
mg,42447,UNIÃO DE MINAS,752,1682
mg,42455,CAPELINHA,7986,9798
mg,42463,URUANA DE MINAS,814,1345
mg,42471,CAPETINGA,2191,2043
mg,42480,VARGEM GRANDE DO RIO PARDO,1103,1590
mg,42498,CAPIM BRANCO,3490,2262
mg,42501,VARJÃO DE MINAS,1898,2133
mg,42510,CAPINÓPOLIS,3191,5572
mg,42528,VERDELÂNDIA,787,3550
mg,42536,CAPITÃO ENÉAS,2605,5732
mg,42544,VEREDINHA,1029,2293
mg,42552,CAPITÓLIO,2624,2792
mg,42560,VERMELHO NOVO,1439,2054
mg,42579,CAPUTIRA,1703,3878
mg,42587,TOCOS DO MOJI,1432,1793
mg,42595,CARAÍ,2143,6762
mg,42617,CARANAÍBA,1056,1288
mg,42633,CARANDAÍ,5798,9401
mg,42650,CARANGOLA,5642,12003
mg,42676,CARATINGA,19657,23374
mg,42692,CARBONITA,2301,2933
mg,42714,CAREAÇU,2223,1665
mg,42730,CARLOS CHAGAS,4606,5995
mg,42757,CARMÉSIA,657,817
mg,42773,CARMO DA CACHOEIRA,3297,3855
mg,42790,CARMO DA MATA,3979,3308
mg,42811,CARMO DE MINAS,4181,3369
mg,42838,CARMO DO CAJURU,6828,6421
mg,42854,CARMO DO PARANAÍBA,8895,6716
mg,42870,CARMO DO RIO CLARO,5924,5806
mg,42897,CARMÓPOLIS DE MINAS,5289,4715
mg,42919,CARRANCAS,1408,1097
mg,42935,CARVALHÓPOLIS,1379,1122
mg,42951,CARVALHOS,1510,1311
mg,42978,CASA GRANDE,835,927
mg,42994,CASCALHO RICO,816,1282
mg,43010,CÁSSIA,4822,5674
mg,43036,CONCEIÇÃO DA BARRA DE MINAS,1418,1408
mg,43052,CATAGUASES,9897,30452
mg,43079,CATAS ALTAS DA NORUEGA,767,1650
mg,43095,CAXAMBU,5772,6955
mg,43117,CEDRO DO ABAETÉ,671,248
mg,43133,CENTRAL DE MINAS,1449,2882
mg,43150,CENTRALINA,1560,3749
mg,43176,CHÁCARA,740,1370
mg,43192,CHALÉ,1072,2492
mg,43214,CHAPADA DO NORTE,1473,4036
mg,43230,CHIADOR,1196,1043
mg,43257,CIPOTÂNEA,1563,1724
mg,43273,CLARAVAL,2682,979
mg,43290,CLARO DOS POÇÕES,2002,3419
mg,43311,CLÁUDIO,12987,3019
mg,43338,COIMBRA,1962,2696
mg,43354,COLUNA,1481,2902
mg,43370,COMENDADOR GOMES,880,1027
mg,43397,COMERCINHO,1034,3321
mg,43419,CONCEIÇÃO DA APARECIDA,2391,3563
mg,43435,CONCEIÇÃO DAS PEDRAS,1015,1009
mg,43451,CONCEIÇÃO DAS ALAGOAS,5023,8859
mg,43478,CONCEIÇÃO DE IPANEMA,956,1956
mg,43494,CONCEIÇÃO DO MATO DENTRO,3665,6000
mg,43516,CONCEIÇÃO DO PARÁ,2300,1298
mg,43532,CONCEIÇÃO DO RIO VERDE,4139,3242
mg,43559,CONCEIÇÃO DOS OUROS,4300,2514
mg,43575,CONGONHAL,3904,2551
mg,43591,CONGONHAS,14228,16683
mg,43613,CONGONHAS DO NORTE,765,1799
mg,43630,CONQUISTA,2137,1909
mg,43656,CONSELHEIRO LAFAIETE,27011,44717
mg,43672,CONSELHEIRO PENA,5027,6419
mg,43699,CONSOLAÇÃO,871,431
mg,43710,CONTAGEM,176754,163283
mg,43737,COQUEIRAL,2834,2840
mg,43753,CORAÇÃO DE JESUS,2485,12033
mg,43770,CORDISBURGO,2367,2637
mg,43796,CORDISLÂNDIA,1171,1105
mg,43818,CORINTO,5030,8447
mg,43834,COROACI,2379,3747
mg,43850,COROMANDEL,7490,9374
mg,43877,CORONEL FABRICIANO,27352,31363
mg,43893,CORONEL MURTA,1300,3565
mg,43915,CORONEL PACHECO,765,1331
mg,43931,CORONEL XAVIER CHAVES,1182,999
mg,43958,CÓRREGO DANTA,1024,1112
mg,43974,CÓRREGO DO BOM JESUS,1792,1060
mg,43990,CÓRREGO NOVO,611,1712
mg,44016,COUTO DE MAGALHÃES DE MINAS,828,1598
mg,44032,CRISTAIS,2696,3402
mg,44059,CRISTÁLIA,671,2656
mg,44075,CRISTIANO OTONI,1343,2041
mg,44091,CRISTINA,4289,1771
mg,44113,CRUCILÂNDIA,2162,1338
mg,44130,CRUZEIRO DA FORTALEZA,1481,1262
mg,44156,CRUZÍLIA,3937,5238
mg,44172,CURVELO,17938,24162
mg,44199,DATAS,1067,2016
mg,44210,DELFIM MOREIRA,3163,1970
mg,44237,DELFINÓPOLIS,2455,1845
mg,44253,DESCOBERTO,1627,1789
mg,44270,DESTERRO DE ENTRE RIOS,3065,1374
mg,44296,DESTERRO DO MELO,1095,1278
mg,44318,DIAMANTINA,8887,16023
mg,44334,DIOGO DE VASCONCELOS,667,2058
mg,44350,DIONÍSIO,1286,3220
mg,44377,DIVINÉSIA,1259,1559
mg,44393,DIVINO,3241,7445
mg,44415,DIVINO DAS LARANJEIRAS,1259,1698
mg,44431,DIVINOLÂNDIA DE MINAS,1415,2505
mg,44458,DIVINÓPOLIS,56409,70325
mg,44474,DIVISA NOVA,1670,1989
mg,44490,DOM CAVATI,1914,1793
mg,44512,DOM JOAQUIM,963,1676
mg,44539,DOM SILVÉRIO,1279,2083
mg,44555,DOM VIÇOSO,1463,759
mg,44571,DONA EUSÉBIA,1276,2911
mg,44598,DORES DE CAMPOS,3306,2595
mg,44610,DORES DE GUANHÃES,778,2628
mg,44636,DORES DO INDAIÁ,5071,2891
mg,44652,DORES DO TURVO,1328,2104
mg,44679,DORESÓPOLIS,697,530
mg,44695,DOURADOQUARA,651,819
mg,44717,ELÓI MENDES,10164,5288
mg,44733,ENGENHEIRO CALDAS,2735,2820
mg,44750,ENGENHEIRO NAVARRO,760,3266
mg,44776,ENTRE RIOS DE MINAS,4606,4448
mg,44792,ERVÁLIA,3787,8064
mg,44814,ESMERALDAS,12720,18358
mg,44830,ESPERA FELIZ,3455,8531
mg,44857,ESPINOSA,4157,12122
mg,44873,ESPÍRITO SANTO DO DOURADO,2491,1053
mg,44890,ESTIVA,4301,2756
mg,44911,ESTRELA DALVA,526,1280
mg,44938,ESTRELA DO INDAIÁ,1371,703
mg,44954,ESTRELA DO SUL,1335,2984
mg,44970,EUGENÓPOLIS,2273,4101
mg,44997,EWBANK DA CÂMARA,658,2213
mg,45012,EXTREMA,12622,6293
mg,45039,FAMA,989,1089
mg,45055,FARIA LEMOS,483,1747
mg,45071,FELÍCIO DOS SANTOS,1454,1404
mg,45098,SÃO GONÇALO DO RIO PRETO,755,1144
mg,45110,FELISBURGO,1207,2019
mg,45136,FELIXLÂNDIA,3978,4230
mg,45152,FERNANDES TOURINHO,929,1037
mg,45179,FERROS,2007,4031
mg,45195,FLORESTAL,1927,2564
mg,45217,FORMIGA,24076,16696
mg,45233,FORMOSO,1639,2258
mg,45250,FORTALEZA DE MINAS,1363,1122
mg,45276,FORTUNA DE MINAS,896,1157
mg,45292,FRANCISCO BADARÓ,1938,2369
mg,45314,FRANCISCO DUMONT,801,1972
mg,45330,FRANCISCO SÁ,2638,10644
mg,45357,FREI GASPAR,927,2442
mg,45373,FREI INOCÊNCIO,1414,3388
mg,45390,FRONTEIRA,2523,4681
mg,45411,FRUTAL,13661,16662
mg,45438,FUNILÂNDIA,1524,1403
mg,45454,GALILÉIA,1622,2180
mg,45470,GONÇALVES,2324,510
mg,45497,GONZAGA,1526,1681
mg,45519,GOUVEIA,2082,4765
mg,45535,GOVERNADOR VALADARES,75853,72134
mg,45551,GRÃO MOGOL,2023,5499
mg,45578,GRUPIARA,607,500
mg,45594,GUANHÃES,8496,8216
mg,45616,GUAPÉ,3950,3639
mg,45632,GUARACIABA,1762,3879
mg,45659,GUARANÉSIA,3853,7607
mg,45675,GUARANI,2308,3080
mg,45691,GUARARÁ,1117,1464
mg,45713,GUARDA-MOR,1574,2394
mg,45730,GUAXUPÉ,13008,15920
mg,45756,GUIDOVAL,1919,3000
mg,45772,GUIMARÂNIA,2399,2371
mg,45799,GUIRICEMA,1845,3820
mg,45810,GURINHATÃ,1284,2286
mg,45837,HELIODORA,2312,1669
mg,45853,IAPU,2522,3399
mg,45870,IBERTIOGA,1039,2560
mg,45896,IBIÁ,5584,6703
mg,45918,IBIAÍ,629,3481
mg,45934,IBIRACI,4545,2336
mg,45950,IBIRITÉ,31957,49200
mg,45977,IBITIÚRA DE MINAS,1640,935
mg,45993,IBITURUNA,1123,739
mg,46019,IGARAPÉ,8897,10849
mg,46035,IGARATINGA,1908,3282
mg,46051,IGUATAMA,2714,2484
mg,46078,IJACI,2629,1466
mg,46094,ILICÍNEA,3401,3872
mg,46116,INCONFIDENTES,2773,2232
mg,46132,INDIANÓPOLIS,1255,2306
mg,46159,INGAÍ,1293,896
mg,46175,INHAPIM,5474,8965
mg,46191,INHAÚMA,1943,2029
mg,46213,INIMUTABA,1542,2754
mg,46230,IPANEMA,4778,6168
mg,46256,IPATINGA,71599,63340
mg,46272,IPIAÇU,972,1602
mg,46299,IPUIÚNA,3081,3163
mg,46310,IRAÍ DE MINAS,1714,2603
mg,46337,ITABIRA,33385,36160
mg,46353,ITABIRINHA,2640,3326
mg,46370,ITABIRITO,17958,11589
mg,46396,ITACAMBIRA,640,2354
mg,46418,ITACARAMBI,2131,6527
mg,46434,ITAGUARA,4856,2846
mg,46450,ITAIPÉ,2895,2477
mg,46477,ITAJUBÁ,35320,18311
mg,46493,ITAMARANDIBA,5536,11005
mg,46515,ITAMARATI DE MINAS,831,1970
mg,46531,ITAMBACURI,2744,8860
mg,46558,ITAMBÉ DO MATO DENTRO,600,1133
mg,46574,ITAMOGI,3605,3225
mg,46590,ITAMONTE,5685,2769
mg,46612,ITANHANDU,5897,3347
mg,46639,ITANHOMI,3111,3956
mg,46655,ITAOBIM,5324,5516
mg,46671,ITAPAGIPE,3355,4279
mg,46698,ITAPECERICA,7748,5430
mg,46710,ITAPEVA,3350,1886
mg,46736,ITATIAIUÇU,3608,2827
mg,46752,ITAÚNA,37251,14750
mg,46779,ITAVERAVA,1231,2813
mg,46795,ITINGA,1975,5041
mg,46817,ITUETA,1765,2120
mg,46833,ITUIUTABA,17560,40377
mg,46850,ITUMIRIM,2640,1803
mg,46876,ITURAMA,7165,14434
mg,46892,ITUTINGA,1590,1133
mg,46914,JABOTICATUBAS,5002,5188
mg,46930,JACINTO,2483,3442
mg,46957,JACUÍ,3209,1303
mg,46973,JACUTINGA,11074,2374
mg,46990,JAGUARAÇU,832,1340
mg,47015,JANAÚBA,9683,27020
mg,47031,JANUÁRIA,5530,26606
mg,47058,JAPARAÍBA,1384,1211
mg,47074,JECEABA,2194,1883
mg,47090,JEQUERI,2061,4756
mg,47112,JEQUITAÍ,758,3537
mg,47139,JEQUITIBÁ,2027,1999
mg,47155,JEQUITINHONHA,2799,8324
mg,47171,JESUÂNIA,1710,1551
mg,47198,JOAÍMA,1870,4929
mg,47210,JOANÉSIA,1125,2104
mg,47236,JOÃO MONLEVADE,20562,22785
mg,47252,JOÃO PINHEIRO,9399,16609
mg,47279,JOAQUIM FELÍCIO,943,1252
mg,47295,JORDÂNIA,1625,3414
mg,47317,NOVA UNIÃO,1483,2480
mg,47333,JUIZ DE FORA,108320,186765
mg,47350,JURAMENTO,884,2468
mg,47376,JURUAIA,2910,2952
mg,47392,LADAINHA,2658,4896
mg,47414,LAGAMAR,2051,2705
mg,47430,LAGOA DA PRATA,16747,9200
mg,47457,LAGOA DOS PATOS,668,1856
mg,47473,LAGOA DOURADA,4179,3492
mg,47490,LAGOA FORMOSA,5404,5042
mg,47511,LAGOA SANTA,22005,9172
mg,47538,LAJINHA,4288,7081
mg,47554,LAMBARI,6363,5606
mg,47570,LAMIM,670,1726
mg,47597,LARANJAL,1513,2804
mg,47619,LASSANCE,1163,2529
mg,47635,LAVRAS,30546,22846
mg,47651,LEANDRO FERREIRA,1572,763
mg,47678,LEOPOLDINA,8986,20921
mg,47694,LIBERDADE,1321,1911
mg,47716,LIMA DUARTE,3151,6999
mg,47732,LUMINÁRIAS,2085,1242
mg,47759,LUZ,6616,3909
mg,47775,MACHACALIS,1503,2344
mg,47791,MACHADO,14309,8152
mg,47813,MADRE DE DEUS DE MINAS,1589,1582
mg,47830,MALACACHETA,3100,6369
mg,47856,MANGA,2599,7962
mg,47872,MANHUAÇU,17876,23703
mg,47899,MANHUMIRIM,5065,6551
mg,47910,MANTENA,5724,8658
mg,47937,MARAVILHAS,2347,2322
mg,47953,MAR DE ESPANHA,3584,3820
mg,47970,MARIA DA FÉ,5511,4096
mg,47996,MARIANA,10534,23469
mg,48011,MARILAC,1057,1716
mg,48038,MARIPÁ DE MINAS,883,1366
mg,48054,MARLIÉRIA,1197,1734
mg,48070,MARMELÓPOLIS,983,1088
mg,48097,MARTINHO CAMPOS,4799,2794
mg,48119,MATERLÂNDIA,670,1852
mg,48135,MATEUS LEME,8974,7264
mg,48151,MATIAS BARBOSA,2988,5715
mg,48178,MATIPÓ,3525,7152
mg,48194,MATO VERDE,2170,5396
mg,48216,MATOZINHOS,11776,9973
mg,48232,MATUTINA,1318,1115
mg,48259,MEDEIROS,1317,800
mg,48275,MEDINA,3349,7401
mg,48291,MENDES PIMENTEL,1583,2192
mg,48313,MERCÊS,1969,4101
mg,48330,MESQUITA,1411,2117
mg,48356,MINAS NOVAS,2898,9489
mg,48372,MINDURI,1255,1136
mg,48399,MIRABELA,1544,5909
mg,48410,MIRADOURO,2266,4077
mg,48437,MIRAÍ,2643,4639
mg,48453,MOEDA,2015,1593
mg,48470,MOEMA,2583,2156
mg,48496,MONJOLOS,611,903
mg,48518,MONSENHOR PAULO,2576,2712
mg,48534,MONTALVÂNIA,2193,5953
mg,48550,MONTE ALEGRE DE MINAS,3845,7035
mg,48577,MONTE AZUL,2903,10203
mg,48593,MONTE BELO,3778,4098
mg,48615,MONTE CARMELO,9310,17546
mg,48631,MONTE SANTO DE MINAS,6635,5484
mg,48658,MONTES CLAROS,76170,124302
mg,48674,MONTE SIÃO,9597,3446
mg,48690,MORADA NOVA DE MINAS,2577,2605
mg,48712,MORRO DA GARÇA,694,1255
mg,48739,MORRO DO PILAR,991,1269
mg,48755,MUNHOZ,2611,1779
mg,48771,MURIAÉ,20386,36502
mg,48798,MUTUM,6197,9363
mg,48810,MUZAMBINHO,6096,7106
mg,48836,NACIP RAYDAN,445,1313
mg,48852,NANUQUE,8633,11851
mg,48879,NATÉRCIA,2361,935
mg,48895,NAZARENO,2156,2591
mg,48917,NEPOMUCENO,8097,7118
mg,48933,NOVA ERA,4033,6960
mg,48950,NOVA LIMA,27786,20925
mg,48976,NOVA MÓDICA,952,1352
mg,48992,NOVA PONTE,3114,4808
mg,49018,NOVA RESENDE,5047,4474
mg,49034,NOVA SERRANA,26724,9484
mg,49050,NOVO CRUZEIRO,4166,9088
mg,49077,OLARIA,521,1060
mg,49093,OLÍMPIO NORONHA,936,838
mg,49115,OLIVEIRA,15347,9110
mg,49131,OLIVEIRA FORTES,412,1206
mg,49158,ONÇA DE PITANGUI,1358,884
mg,49174,OURO BRANCO,10704,11384
mg,49190,OURO FINO,13618,5224
mg,49212,OURO PRETO,17688,27226
mg,49239,OURO VERDE DE MINAS,1614,2527
mg,49255,PADRE PARAÍSO,2661,6028
mg,49271,PAINEIRAS,1396,1771
mg,49298,PAINS,3129,2226
mg,49310,PAIVA,499,698
mg,49336,PALMA,1148,2740
mg,49352,FRONTEIRA DOS VALES,799,1883
mg,49379,PAPAGAIOS,4073,4721
mg,49395,PARACATU,24487,22793
mg,49417,PARÁ DE MINAS,25695,20092
mg,49433,PARAGUAÇU,7410,5536
mg,49450,PARAISÓPOLIS,9147,3121
mg,49476,PARAOPEBA,6842,7223
mg,49492,PASSABÉM,579,742
mg,49514,PASSA QUATRO,5486,4475
mg,49530,PASSA TEMPO,2506,2628
mg,49557,PASSA VINTE,963,645
mg,49573,PASSOS,28756,32358
mg,49590,PATOS DE MINAS,39149,40254
mg,49611,PATROCÍNIO,22481,24156
mg,49638,PATROCÍNIO DO MURIAÉ,1304,2529
mg,49654,PAULA CÂNDIDO,1473,3979
mg,49670,PAULISTAS,722,2001
mg,49697,PAVÃO,1922,2315
mg,49719,PEÇANHA,2608,5446
mg,49735,PEDRA AZUL,4012,7450
mg,49751,PEDRA DO ANTA,539,2026
mg,49778,PEDRA DO INDAIÁ,1598,1198
mg,49794,PEDRA DOURADA,568,1149
mg,49816,PEDRALVA,4866,2431
mg,49832,PEDRINÓPOLIS,1115,1254
mg,49859,PEDRO LEOPOLDO,21189,14859
mg,49875,PEDRO TEIXEIRA,613,1051
mg,49891,PEQUERI,930,1285
mg,49913,PEQUI,1195,1545
mg,49930,PERDIGÃO,4525,1148
mg,49956,PERDIZES,5332,2573
mg,49972,PERDÕES,5817,6919
mg,49999,PESCADOR,1091,1316
mg,50016,PIAU,739,1494
mg,50032,PIEDADE DE PONTE NOVA,941,1896
mg,50059,PIEDADE DO RIO GRANDE,1313,1565
mg,50075,PIEDADE DOS GERAIS,1450,1734
mg,50091,PIMENTA,2411,2479
mg,50113,PIRACEMA,1662,2850
mg,50130,PIRAJUBA,1240,1633
mg,50156,PIRANGA,3067,5245
mg,50172,PIRANGUÇU,2351,1282
mg,50199,PIRANGUINHO,3154,2239
mg,50210,PIRAPETINGA,2162,5094
mg,50237,PIRAPORA,12862,15833
mg,50253,PIRAÚBA,3079,4197
mg,50270,PITANGUI,10273,5308
mg,50296,PIUMHI,10591,8044
mg,50318,PLANURA,2223,3581
mg,50334,POÇO FUNDO,4824,5407
mg,50350,POÇOS DE CALDAS,48215,38152
mg,50377,POCRANE,2352,2964
mg,50393,POMPÉU,6392,10740
mg,50415,PONTE NOVA,10063,23442
mg,50431,PORTEIRINHA,4571,17604
mg,50458,PORTO FIRME,1833,4068
mg,50474,POTÉ,3398,4628
mg,50490,POUSO ALEGRE,47029,29353
mg,50512,POUSO ALTO,2964,1253
mg,50539,PRADOS,2754,2672
mg,50555,PRATA,4994,10022
mg,50571,PRATÁPOLIS,2773,2918
mg,50598,PRATINHA,1049,967
mg,50610,PRESIDENTE BERNARDES,1353,2114
mg,50636,PRESIDENTE JUSCELINO,715,1896
mg,50652,PRESIDENTE KUBITSCHEK,560,1308
mg,50679,PRESIDENTE OLEGÁRIO,4109,7487
mg,50695,ALTO JEQUITIBÁ,2814,2370
mg,50717,PRUDENTE DE MORAIS,3516,2662
mg,50733,QUARTEL GERAL,1127,1131
mg,50750,QUELUZITO,651,1012
mg,50776,RAPOSOS,3638,6218
mg,50792,RAUL SOARES,4745,8081
mg,50814,RECREIO,1798,3916
mg,50830,RESENDE COSTA,3576,3275
mg,50857,RESPLENDOR,5156,4284
mg,50873,RESSAQUINHA,1135,2161
mg,50890,RIACHO DOS MACHADOS,899,4090
mg,50911,RIBEIRÃO DAS NEVES,63600,77642
mg,50938,RIBEIRÃO VERMELHO,1333,1144
mg,50954,RIO ACIMA,3066,3018
mg,50970,RIO CASCA,2788,5154
mg,50997,RIO DOCE,849,951
mg,51012,RIO DO PRADO,700,2134
mg,51039,RIO ESPERA,1572,1940
mg,51055,RIO MANSO,1522,1943
mg,51071,RIO NOVO,2500,2863
mg,51098,RIO PARANAÍBA,3013,3920
mg,51110,RIO PARDO DE MINAS,3673,10671
mg,51136,RIO PIRACICABA,3255,5756
mg,51152,RIO POMBA,4474,5455
mg,51179,RIO PRETO,1457,2428
mg,51195,RIO VERMELHO,2202,3969
mg,51217,RITÁPOLIS,1770,1656
mg,51233,ROCHEDO DE MINAS,761,981
mg,51250,RODEIRO,1915,2658
mg,51276,ROMARIA,858,1611
mg,51292,RUBELITA,1063,3613
mg,51314,RUBIM,1795,2695
mg,51330,SABARÁ,36522,31075
mg,51357,SABINÓPOLIS,2498,5342
mg,51373,SACRAMENTO,7634,6599
mg,51390,SALINAS,8559,13344
mg,51411,SALTO DA DIVISA,1233,2095
mg,51438,SANTA BÁRBARA,6498,10664
mg,51454,SANTA BÁRBARA DO TUGÚRIO,749,2547
mg,51470,SANTA CRUZ DO ESCALVADO,891,2469
mg,51497,SANTA EFIGÊNIA DE MINAS,783,1809
mg,51519,SANTA FÉ DE MINAS,502,1654
mg,51535,SANTA JULIANA,3107,3559
mg,51551,SANTA LUZIA,62735,53475
mg,51578,SANTA MARGARIDA,2992,6310
mg,51594,SANTA MARIA DE ITABIRA,2197,4259
mg,51616,SANTA MARIA DO SALTO,1065,1478
mg,51632,SANTA MARIA DO SUAÇUÍ,2454,4906
mg,51659,SANTANA DA VARGEM,2258,2497
mg,51675,SANTANA DE CATAGUASES,1270,1481
mg,51691,SANTANA DE PIRAPAMA,1838,3324
mg,51713,SANTANA DO DESERTO,857,1668
mg,51730,SANTANA DO GARAMBÉU,729,843
mg,51756,SANTANA DO JACARÉ,1275,1634
mg,51772,SANTANA DO MANHUAÇU,1455,3344
mg,51799,SANTANA DO RIACHO,1680,1509
mg,51810,SANTANA DOS MONTES,1300,1353
mg,51837,SANTA RITA DE CALDAS,3255,2603
mg,51853,SANTA RITA DE JACUTINGA,1469,1926
mg,51870,SANTA RITA DE IBITIPOCA,598,1642
mg,51896,SANTA RITA DO ITUETO,1637,1881
mg,51918,SANTA RITA DO SAPUCAÍ,19349,3725
mg,51934,SANTA ROSA DA SERRA,826,1214
mg,51950,SANTA VITÓRIA,3239,8537
mg,51977,SANTO ANTÔNIO DO AMPARO,3658,6517
mg,51993,SANTO ANTÔNIO DO AVENTUREIRO,1196,1340
mg,52019,SANTO ANTÔNIO DO GRAMA,1051,1779
mg,52035,SANTO ANTÔNIO DO ITAMBÉ,701,1423
mg,52051,SANTO ANTÔNIO DO JACINTO,3033,2676
mg,52078,SANTO ANTÔNIO DO MONTE,10793,3942
mg,52094,SANTO ANTÔNIO DO RIO ABAIXO,673,619
mg,52116,SANTO HIPÓLITO,709,1147
mg,52132,SANTOS DUMONT,8763,20351
mg,52159,SÃO BENTO ABADE,1853,1229
mg,52175,SÃO BRÁS DO SUAÇUÍ,1199,1191
mg,52191,SÃO DOMINGOS DO PRATA,3914,6602
mg,52213,SÃO FRANCISCO,4825,21013
mg,52230,SÃO FRANCISCO DE PAULA,1542,2781
mg,52256,SÃO FRANCISCO DE SALES,966,2495
mg,52272,SÃO FRANCISCO DO GLÓRIA,885,2505
mg,52299,SÃO GERALDO,1935,3059
mg,52310,SÃO GERALDO DA PIEDADE,743,1777
mg,52337,SÃO GONÇALO DO ABAETÉ,1586,1858
mg,52353,SÃO GONÇALO DO PARÁ,3703,2342
mg,52370,SÃO GONÇALO DO RIO ABAIXO,4156,3180
mg,52396,SÃO GONÇALO DO SAPUCAÍ,7461,6377
mg,52418,SÃO GOTARDO,10015,7741
mg,52434,SÃO JOÃO BATISTA DO GLÓRIA,2724,1903
mg,52450,SÃO JOÃO DA MATA,1339,882
mg,52477,SÃO JOÃO DA PONTE,2134,11713
mg,52493,SÃO JOÃO DEL REI,30855,21435
mg,52515,SÃO JOÃO DO ORIENTE,1798,3522
mg,52531,SÃO JOÃO DO PARAÍSO,4822,6123
mg,52558,SÃO JOÃO EVANGELISTA,2499,5836
mg,52574,SÃO JOÃO NEPOMUCENO,6692,8462
mg,52590,SÃO JOSÉ DA SAFIRA,928,1546
mg,52612,SÃO JOSÉ DA VARGINHA,1403,1140
mg,52639,SÃO JOSÉ DO ALEGRE,1946,855
mg,52655,SÃO JOSÉ DO DIVINO,1195,1233
mg,52671,SÃO JOSÉ DO GOIABAL,893,2341
mg,52698,SÃO JOSÉ DO JACURI,1316,2054
mg,52710,SÃO JOSÉ DO MANTIMENTO,859,1009
mg,52736,SÃO LOURENÇO,16599,7793
mg,52752,SÃO MIGUEL DO ANTA,1382,3195
mg,52779,SÃO PEDRO DA UNIÃO,1622,1626
mg,52795,SÃO PEDRO DOS FERROS,1461,3242
mg,52817,SÃO PEDRO DO SUAÇUÍ,1225,1859
mg,52833,SÃO ROMÃO,1090,2918
mg,52850,SÃO ROQUE DE MINAS,3013,971
mg,52876,SÃO SEBASTIÃO DA BELA VISTA,1638,2060
mg,52892,SÃO SEBASTIÃO DO MARANHÃO,2244,2570
mg,52914,SÃO SEBASTIÃO DO OESTE,1772,2789
mg,52930,SÃO SEBASTIÃO DO PARAÍSO,18693,17367
mg,52957,SÃO SEBASTIÃO DO RIO PRETO,671,386
mg,52973,SÃO SEBASTIÃO DO RIO VERDE,1089,505
mg,52990,SÃO TIAGO,4378,2341
mg,53015,SÃO TOMÁS DE AQUINO,2282,1963
mg,53031,SÃO THOMÉ DAS LETRAS,1619,2216
mg,53058,SÃO VICENTE DE MINAS,2877,1279
mg,53074,SAPUCAÍ-MIRIM,2312,1509
mg,53090,SARDOÁ,1072,2053
mg,53112,SENADOR CORTES,734,993
mg,53139,SENADOR FIRMINO,1886,3067
mg,53155,SENADOR JOSÉ BENTO,1006,841
mg,53171,SENADOR MODESTINO GONÇALVES,1203,1505
mg,53198,SENHORA DE OLIVEIRA,1477,2317
mg,53210,SENHORA DO PORTO,965,1142
mg,53236,SENHORA DOS REMÉDIOS,2354,3666
mg,53252,SERICITA,1851,2760
mg,53279,SERITINGA,664,671
mg,53295,SERRA AZUL DE MINAS,776,1308
mg,53317,SERRA DA SAUDADE,500,197
mg,53333,SERRA DOS AIMORÉS,1397,2591
mg,53350,SERRA DO SALITRE,2453,3579
mg,53376,SERRANIA,2580,2241
mg,53392,SERRANOS,709,707
mg,53414,SERRO,3329,7051
mg,53430,SETE LAGOAS,64222,58317
mg,53457,SILVEIRÂNIA,629,1249
mg,53473,SILVIANÓPOLIS,2468,1317
mg,53490,SIMÃO PEREIRA,847,1244
mg,53511,SIMONÉSIA,4060,6479
mg,53538,SOBRÁLIA,1228,1978
mg,53554,SOLEDADE DE MINAS,2436,1433
mg,53570,TABULEIRO,1227,1840
mg,53597,TAIOBEIRAS,10903,6577
mg,53619,TAPIRA,1856,1112
mg,53635,TAPIRAÍ,537,858
mg,53651,TAQUARAÇU DE MINAS,1846,1214
mg,53678,TARUMIRIM,3881,3864
mg,53694,TEIXEIRAS,2499,4956
mg,53716,TEÓFILO OTONI,30241,40927
mg,53732,TIMÓTEO,20828,24052
mg,53759,TIRADENTES,2729,1999
mg,53775,TIROS,2482,1394
mg,53791,TOCANTINS,4456,5676
mg,53813,TOLEDO,2970,1175
mg,53830,TOMBOS,2202,3105
mg,53856,TRÊS CORAÇÕES,25636,16700
mg,53872,TRÊS PONTAS,16987,16557
mg,53899,TUMIRITINGA,1505,2100
mg,53910,TUPACIGUARA,5008,9888
mg,53937,TURMALINA,2823,7559
mg,53953,TURVOLÂNDIA,1437,1593
mg,53970,UBÁ,22465,30738
mg,53996,UBAÍ,1675,4602
mg,54011,UBERABA,71089,96296
mg,54038,UBERLÂNDIA,155188,201230
mg,54054,UMBURATIBA,661,1029
mg,54070,UNAÍ,25239,18266
mg,54097,URUCÂNIA,2244,3957
mg,54119,VARGEM BONITA,880,675
mg,54135,VARGINHA,46549,29837
mg,54151,VÁRZEA DA PALMA,6666,12062
mg,54178,VARZELÂNDIA,2514,7242
mg,54194,VAZANTE,2989,8955
mg,54216,WENCESLAU BRAZ,1190,852
mg,54232,VERÍSSIMO,926,1094
mg,54259,VESPASIANO,29884,25763
mg,54275,VIÇOSA,13856,27840
mg,54291,VIEIRAS,995,1856
mg,54313,MATHIAS LOBATO,675,1535
mg,54330,VIRGEM DA LAPA,2401,3841
mg,54356,VIRGÍNIA,3258,2302
mg,54372,VIRGINÓPOLIS,2463,3207
mg,54399,VIRGOLÂNDIA,762,2141
mg,54410,VISCONDE DO RIO BRANCO,9645,13837
mg,54437,VOLTA GRANDE,933,1952
mg,54453,ITAÚ DE MINAS,5393,3791
ms,55000,NOVA ALVORADA DO SUL,4386,5462
ms,55018,ALCINÓPOLIS,1353,994
ms,55026,LAGUNA CARAPÃ,1934,1631
ms,55034,JAPORÃ,1513,2345
ms,55042,NOVO HORIZONTE DO SUL,1380,1547
ms,55050,PARAÍSO DAS ÁGUAS,1368,1072
ms,55069,FIGUEIRÃO,1066,715
ms,90034,ÁGUA CLARA,3042,3638
ms,90115,AMAMBAI,8561,8569
ms,90131,ANASTÁCIO,5872,6706
ms,90158,ANAURILÂNDIA,2358,2221
ms,90174,ANTÔNIO JOÃO,2941,2106
ms,90190,APARECIDA DO TABOADO,7790,4472
ms,90212,AQUIDAUANA,11506,11426
ms,90298,BANDEIRANTES,1971,2154
ms,90379,BATAGUASSU,5943,5474
ms,90395,BATAYPORÃ,2909,3342
ms,90417,BELA VISTA,6254,5123
ms,90433,BONITO,6447,5214
ms,90450,BRASILÂNDIA,3463,2723
ms,90492,CAMAPUÃ,4098,4241
ms,90514,CAMPO GRANDE,283120,175412
ms,90530,CARACOL,1835,1482
ms,90557,CAARAPÓ,7290,6698
ms,90573,CASSILÂNDIA,8088,3436
ms,90611,CORGUINHO,1298,1207
ms,90638,CORUMBÁ,21397,27625
ms,90654,COXIM,7549,9500
ms,90735,DOURADOS,69691,42954
ms,90751,FÁTIMA DO SUL,6503,6103
ms,90794,GLÓRIA DE DOURADOS,3149,2610
ms,90816,GUIA LOPES DA LAGUNA,2703,2757
ms,90859,IGUATEMI,4553,2882
ms,90875,INOCÊNCIA,2568,1624
ms,90891,ITAPORÃ,5319,5168
ms,90930,IVINHEMA,6924,6700
ms,90972,JARAGUARI,1638,1702
ms,90999,JARDIM,6549,6157
ms,91014,JATEÍ,1332,1521
ms,91030,LADÁRIO,3899,5082
ms,91073,MARACAJU,10945,9309
ms,91111,MIRANDA,5952,6926
ms,91138,NAVIRAÍ,14264,11079
ms,91154,NIOAQUE,3365,4031
ms,91235,NOVA ANDRADINA,12097,11215
ms,91251,PARANAÍBA,12448,9905
ms,91278,PEDRO GOMES,2195,2088
ms,91316,PONTA PORÃ,26807,15741
ms,91375,PORTO MURTINHO,3217,2222
ms,91413,RIBAS DO RIO PARDO,4935,5005
ms,91430,RIO BRILHANTE,9295,8486
ms,91456,RIO NEGRO,1521,1462
ms,91472,RIO VERDE DE MATO GROSSO,4894,5030
ms,91499,ROCHEDO,1969,868
ms,91570,SIDROLÂNDIA,9964,11657
ms,91596,TERENOS,4525,4696
ms,91650,TRÊS LAGOAS,29232,23502
ms,91693,ANGÉLICA,2780,2862
ms,91715,ARAL MOREIRA,2277,2694
ms,91731,ELDORADO,4254,2225
ms,91758,DEODÁPOLIS,3932,3562
ms,91782,CHAPADÃO DO SUL,6616,3663
ms,91790,MUNDO NOVO,6091,4236
ms,91804,DOIS IRMÃOS DO BURITI,2028,3522
ms,91820,JUTI,1348,2218
ms,91847,PARANHOS,2397,2956
ms,91863,SANTA RITA DO PARDO,1896,1405
ms,91880,SONORA,3756,3651
ms,91901,VICENTINA,2011,2157
ms,98019,BODOQUENA,2080,2394
ms,98035,COSTA RICA,6972,4751
ms,98051,DOURADINA,1719,1513
ms,98078,ITAQUIRAÍ,4411,4910
ms,98094,SÃO GABRIEL DO OESTE,8121,4789
ms,98116,SELVÍRIA,1862,2065
ms,98132,SETE QUEDAS,3055,2363
ms,98159,TACURU,1598,3124
ms,98175,TAQUARUSSU,904,1431
ms,98590,CORONEL SAPUCAIA,3504,3457
mt,89788,COLNIZA,5408,6121
mt,89796,COLÍDER,12420,3567
mt,89800,CURVELÂNDIA,1640,1186
mt,89818,NOVA BRASILÂNDIA,1381,1090
mt,89826,NOVA SANTA HELENA,1114,920
mt,89834,PARANATINGA,6341,2681
mt,89843,SANTO ANTÔNIO DO LESTE,876,490
mt,89850,SINOP,37915,23067
mt,89877,ALTA FLORESTA,14935,11457
mt,89893,ARAPUTANGA,5380,2929
mt,89915,JAURU,3525,1982
mt,89931,SÃO JOSÉ DOS QUATRO MARCOS,5317,4575
mt,89958,RIO BRANCO,1611,1248
mt,89960,RONDOLÂNDIA,680,782
mt,89974,SALTO DO CÉU,1349,753
mt,89990,PONTES E LACERDA,14275,6320
mt,90018,ACORIZAL,1219,2917
mt,90026,SÃO JOSÉ DO POVO,848,1152
mt,90042,ALTO BOA VISTA,1758,327
mt,90050,ALTO ARAGUAIA,5180,3225
mt,90069,QUERÊNCIA,4667,1756
mt,90077,ALTO GARÇAS,2890,2177
mt,90085,CANABRAVA DO NORTE,1725,656
mt,90093,ALTO PARAGUAI,1752,2462
mt,90107,SANTA CARMEM,1339,889
mt,90123,NOVA MARINGÁ,1312,1194
mt,90140,NOVA GUARITA,1418,1232
mt,90166,NOVA MARILÂNDIA,996,696
mt,90182,PORTO ESTRELA,583,1497
mt,90204,GLÓRIA D OESTE,1024,838
mt,90220,TABAPORÃ,2778,1461
mt,90239,ARAGUAINHA,242,360
mt,90247,SÃO JOSÉ DO XINGU,1531,781
mt,90255,ARENÁPOLIS,3033,2186
mt,90263,APIACÁS,1732,1842
mt,90271,ARIPUANÃ,4890,3144
mt,90280,CONFRESA,7467,3830
mt,90301,LAMBARI D OESTE,1668,1246
mt,90310,BARÃO DE MELGAÇO,925,3030
mt,90328,SANTO AFONSO,781,734
mt,90336,BARRA DO BUGRES,6956,8875
mt,90344,PLANALTO DA SERRA,749,782
mt,90352,BARRA DO GARÇAS,14503,14551
mt,90360,NOVA MONTE VERDE,1946,1678
mt,90387,NOVA BANDEIRANTES,3586,2030
mt,90409,SÃO PEDRO DA CIPA,1039,1354
mt,90425,COTRIGUAÇU,3037,2604
mt,90441,RIBEIRÃOZINHO,637,682
mt,90468,BRASNORTE,4003,2679
mt,90476,CÁCERES,18822,23537
mt,90484,CAMPO NOVO DO PARECIS,8454,4551
mt,90506,CAMPO VERDE,10450,8016
mt,90522,CLÁUDIA,3566,1714
mt,90549,CASTANHEIRA,2301,1742
mt,90565,JANGADA,1680,2724
mt,90581,JURUENA,2454,1602
mt,90590,CHAPADA DOS GUIMARÃES,3897,6136
mt,90603,LUCAS DO RIO VERDE,15713,10844
mt,90620,MATUPÁ,4117,3357
mt,90646,NOVA MUTUM,11249,5553
mt,90662,RIBEIRÃO CASCALHEIRA,3086,1173
mt,90670,CUIABÁ,164820,150605
mt,90689,TAPURAH,3013,1906
mt,90697,DIAMANTINO,5956,4449
mt,90700,PONTAL DO ARAGUAIA,1505,1655
mt,90719,DOM AQUINO,2370,2021
mt,90727,SAPEZAL,4809,3241
mt,90743,CAMPOS DE JÚLIO,1607,1053
mt,90760,CARLINDA,2744,2400
mt,90778,GENERAL CARNEIRO,1105,1331
mt,90786,FELIZ NATAL,1939,1816
mt,90808,NOVO MUNDO,1795,1553
mt,90824,GAÚCHA DO NORTE,2239,401
mt,90832,GUIRATINGA,3582,2503
mt,90840,UNIÃO DO SUL,980,664
mt,90867,NOVA LACERDA,1321,1558
mt,90883,NOVA UBIRATÃ,1960,1905
mt,90905,BOM JESUS DO ARAGUAIA,1303,1275
mt,90913,ITIQUIRA,2727,2629
mt,90921,SERRA NOVA DOURADA,523,261
mt,90948,NOVO SANTO ANTÔNIO,562,370
mt,90956,JACIARA,8882,5594
mt,90964,NOVA NAZARÉ,733,458
mt,90980,SANTA CRUZ DO XINGU,656,310
mt,91006,CONQUISTA D OESTE,1067,634
mt,91022,VALE DE SÃO DOMINGOS,1314,693
mt,91049,SANTA RITA DO TRIVELATO,752,446
mt,91057,LUCIARA,853,431
mt,91081,IPIRANGA DO NORTE,1701,893
mt,91090,VILA BELA DA SANTÍSSIMA TRINDADE,3602,2900
mt,91103,ITANHANGÁ,1785,978
mt,91170,NOBRES,4063,3887
mt,91197,NORTELÂNDIA,1794,1803
mt,91219,NOSSA SENHORA DO LIVRAMENTO,2238,5788
mt,91294,POCONÉ,4963,11660
mt,91332,PONTE BRANCA,571,586
mt,91359,PORTO DOS GAÚCHOS,1752,1024
mt,91391,POXORÉU,3685,4749
mt,91510,RONDONÓPOLIS,56103,51420
mt,91537,ROSÁRIO OESTE,3194,5246
mt,91553,SANTO ANTÔNIO DO LEVERGER,3442,7101
mt,91618,TESOURO,650,789
mt,91634,TORIXORÉU,1115,1304
mt,91677,VÁRZEA GRANDE,56580,79834
mt,91774,MIRASSOL D OESTE,7380,6312
mt,91812,PEDRA PRETA,4045,4705
mt,91839,SÃO FÉLIX DO ARAGUAIA,2339,1398
mt,91855,TANGARÁ DA SERRA,31875,12231
mt,91898,JUSCIMEIRA,3178,3105
mt,91910,ÁGUA BOA,7656,2645
mt,91936,CANARANA,6622,2337
mt,91952,NOVA XAVANTINA,5919,3735
mt,91979,SANTA TEREZINHA,1483,1566
mt,91995,SÃO JOSÉ DO RIO CLARO,4636,2797
mt,98191,JUARA,11306,4464
mt,98310,JUÍNA,12126,8748
mt,98337,DENISE,1991,2080
mt,98612,ALTO TAQUARI,2788,1353
mt,98639,ARAGUAIANA,712,895
mt,98655,CAMPINÁPOLIS,3228,2689
mt,98671,COCALINHO,1174,1438
mt,98698,ITAÚBA,1601,897
mt,98710,MARCELÂNDIA,3505,2234
mt,98736,NOVA OLÍMPIA,3780,4433
mt,98752,NOVA CANAÃ DO NORTE,4736,1913
mt,98779,NOVO SÃO JOAQUIM,2074,1079
mt,98795,NOVO HORIZONTE DO NORTE,1450,720
mt,98817,PEIXOTO DE AZEVEDO,5873,7225
mt,98833,PARANAÍTA,3245,2364
mt,98850,PORTO ALEGRE DO NORTE,2837,1522
mt,98876,PORTO ESPERIDIÃO,2574,2792
mt,98892,PRIMAVERA DO LESTE,19126,9852
mt,98914,RESERVA DO CABAÇAL,729,658
mt,98930,SORRISO,21683,14443
mt,98957,TERRA NOVA DO NORTE,2714,3331
mt,98973,VERA,2372,2055
mt,98990,VILA RICA,5793,2636
mt,99015,COMODORO,5851,3064
mt,99031,FIGUEIRÓPOLIS D OESTE,1676,554
mt,99058,GUARANTÃ DO NORTE,8386,5301
mt,99074,INDIAVAÍ,622,733
pa,04006,GOIANÉSIA DO PARÁ,4922,8767
pa,04014,ABAETETUBA,21346,54729
pa,04022,TAILÂNDIA,11915,16853
pa,04030,ACARÁ,8240,19210
pa,04049,BOM JESUS DO TOCANTINS,2600,3524
pa,04057,AFUÁ,6206,9815
pa,04065,SÃO JOÃO DE PIRABAS,3160,7790
pa,04073,ALENQUER,11934,12894
pa,04081,TUCUMÃ,7970,8303
pa,04090,ALMEIRIM,3673,9998
pa,04103,MÃE DO RIO,7454,8958
pa,04111,ALTAMIRA,22265,23178
pa,04120,ELDORADO DOS CARAJÁS,4757,7340
pa,04138,ANAJÁS,5489,5187
pa,04146,SANTA LUZIA DO PARÁ,4091,6533
pa,04154,ANANINDEUA,102343,117008
pa,04162,PALESTINA DO PARÁ,1665,2286
pa,04170,AUGUSTO CORRÊA,7447,14054
pa,04189,IPIXUNA DO PARÁ,4394,7638
pa,04197,AVEIRO,1531,4174
pa,04200,JACAREACANGA,3121,1909
pa,04219,BAGRE,1126,5767
pa,04227,BRASIL NOVO,4900,4123
pa,04235,BAIÃO,5766,9711
pa,04243,SANTA BÁRBARA DO PARÁ,3788,6792
pa,04251,BARCARENA,14516,40527
pa,04260,ÁGUA AZUL DO NORTE,2972,3003
pa,04278,BELÉM,402307,361601
pa,04286,TRAIRÃO,2874,3058
pa,04294,BENEVIDES,10955,16262
pa,04308,PAU D ARCO,1518,2370
pa,04316,BONITO,2424,5366
pa,04324,ULIANÓPOLIS,3871,6336
pa,04332,BRAGANÇA,21757,32363
pa,04340,AURORA DO PARÁ,3368,8192
pa,04359,BREVES,12042,22412
pa,04367,TERRA SANTA,2958,4785
pa,04375,BUJARU,4404,9141
pa,04383,NOVO PROGRESSO,6732,4457
pa,04391,CACHOEIRA DO ARARI,1905,8678
pa,04405,VITÓRIA DO XINGU,3313,3179
pa,04413,CAMETÁ,19712,42054
pa,04421,NOVO REPARTIMENTO,10028,15306
pa,04430,CAPANEMA,13878,21286
pa,04448,BREU BRANCO,5798,12361
pa,04456,CAPITÃO POÇO,11275,15192
pa,04464,SÃO DOMINGOS DO ARAGUAIA,3579,6253
pa,04472,CASTANHAL,47460,47657
pa,04480,NOVA ESPERANÇA DO PIRIÁ,3278,5834
pa,04499,CHAVES,2138,4630
pa,04502,ABEL FIGUEIREDO,1160,2474
pa,04510,COLARES,1603,4754
pa,04529,CUMARU DO NORTE,1717,1968
pa,04537,CONCEIÇÃO DO ARAGUAIA,10850,9721
pa,04545,TERRA ALTA,2175,4649
pa,04553,CURRALINHO,2419,9482
pa,04561,FLORESTA DO ARAGUAIA,3253,4640
pa,04570,CURUÇÁ,4597,15750
pa,04588,BANNACH,1021,856
pa,04596,FARO,723,2947
pa,04600,NOVA IPIXUNA,3527,3388
pa,04618,GURUPÁ,4228,7171
pa,04626,PLACAS,3246,3676
pa,04634,IGARAPÉ-AÇU,6950,13583
pa,04642,MARITUBA,18466,31193
pa,04650,IGARAPÉ-MIRI,9032,22542
pa,04669,TRACUATEUA,4149,11544
pa,04677,INHANGAPI,3053,3285
pa,04685,QUATIPURU,2267,3763
pa,04693,IRITUIA,5008,12198
pa,04707,CANAÃ DOS CARAJÁS,8282,10118
pa,04715,ITAITUBA,17512,24874
pa,04723,ANAPU,4805,4774
pa,04731,ITUPIRANGA,5444,13648
pa,04740,CURUÁ,1875,4747
pa,04758,JACUNDÁ,9425,11884
pa,04766,CACHOEIRA DO PIRIÁ,2027,5935
pa,04774,JURUTI,7583,12063
pa,04782,PIÇARRA,1871,3446
pa,04790,LIMOEIRO DO AJURU,3957,9723
pa,04804,BELTERRA,4777,4676
pa,04812,MAGALHÃES BARATA,1602,3689
pa,04820,SÃO JOÃO DA PONTA,1314,2612
pa,04839,MARABÁ,40884,64163
pa,04847,SAPUCAIA,1186,1294
pa,04855,MARACANÃ,6568,9959
pa,04863,MOJUÍ DOS CAMPOS,6874,4361
pa,04871,MARAPANIM,4884,10498
pa,04898,MELGAÇO,3235,4107
pa,04910,MOCAJUBA,4081,11683
pa,04936,MOJU,9582,22452
pa,04952,MONTE ALEGRE,15503,14555
pa,04979,MUANÁ,3157,12862
pa,04995,NOVA TIMBOTEUA,2602,5025
pa,05010,ÓBIDOS,6867,14976
pa,05037,OEIRAS DO PARÁ,3028,10664
pa,05053,ORIXIMINÁ,11639,13839
pa,05070,OURÉM,3513,6256
pa,05096,PARAGOMINAS,22600,24496
pa,05118,PEIXE-BOI,1697,3612
pa,05134,PONTA DE PEDRAS,3906,9094
pa,05150,PORTEL,6582,11022
pa,05177,PORTO DE MOZ,2890,7989
pa,05193,PRAINHA,5313,9371
pa,05215,PRIMAVERA,2463,4033
pa,05231,SALINÓPOLIS,7583,12695
pa,05258,SALVATERRA,3243,8310
pa,05274,SANTA CRUZ DO ARARI,959,2573
pa,05290,SANTA ISABEL DO PARÁ,12043,18742
pa,05312,SANTA MARIA DO PARÁ,5901,8025
pa,05339,SANTANA DO ARAGUAIA,6338,5889
pa,05355,SANTARÉM,83913,59744
pa,05371,SANTARÉM NOVO,942,3378
pa,05398,SANTO ANTÔNIO DO TAUÁ,5048,11220
pa,05410,SÃO CAETANO DE ODIVELAS,3253,6595
pa,05436,SÃO DOMINGOS DO CAPIM,6247,9217
pa,05452,SÃO FÉLIX DO XINGU,11361,9967
pa,05479,SÃO FRANCISCO DO PARÁ,3948,5860
pa,05495,SÃO JOÃO DO ARAGUAIA,1772,4463
pa,05517,SÃO MIGUEL DO GUAMÁ,10047,14916
pa,05533,SÃO SEBASTIÃO DA BOA VISTA,3341,9299
pa,05550,SENADOR JOSÉ PORFÍRIO,1741,3417
pa,05576,SOURE,3055,9515
pa,05592,TOMÉ-AÇU,10932,17094
pa,05614,TUCURUÍ,17129,28752
pa,05630,VIGIA,6864,17022
pa,05657,VISEU,3720,21047
pa,05673,REDENÇÃO,19160,16842
pa,05690,RIO MARIA,4614,4391
pa,05711,XINGUARA,11034,8820
pa,05738,RONDON DO PARÁ,6871,11478
pa,05754,URUARÁ,9122,7483
pa,05770,MEDICILÂNDIA,7539,4055
pa,05797,SÃO GERALDO DO ARAGUAIA,5179,6802
pa,05819,CONCÓRDIA DO PARÁ,5948,8361
pa,05835,PARAUAPEBAS,40897,54176
pa,05851,CURIONÓPOLIS,4831,5673
pa,05878,GARRAFÃO DO NORTE,4237,8983
pa,05894,RURÓPOLIS,4035,6443
pa,05916,PACAJÁ,5791,9190
pa,05932,BREJO GRANDE DO ARAGUAIA,1182,2758
pa,05959,OURILÂNDIA DO NORTE,5910,7315
pa,05975,DOM ELISEU,5812,12753
pa,05991,SANTA MARIA DAS BARREIRAS,3387,3960
pb,19003,RIACHÃO DO POÇO,966,2007
pb,19011,ÁGUA BRANCA,808,3982
pb,19020,SOBRADO,1421,3397
pb,19038,AGUIAR,758,2547
pb,19046,SÃO JOSÉ DOS RAMOS,846,2727
pb,19054,ALAGOA GRANDE,5020,9980
pb,19062,CAPIM,1492,1979
pb,19070,ALAGOA NOVA,4625,5986
pb,19089,CUITÉ DE MAMANGUAPE,1139,3151
pb,19097,ALAGOINHA,1912,5712
pb,19100,CURRAL DE CIMA,1198,2124
pb,19119,ALHANDRA,4724,7961
pb,19127,RIACHÃO DO BACAMARTE,833,2086
pb,19135,SÃO JOÃO DO RIO DO PEIXE,2145,8350
pb,19143,MATINHAS,1103,1715
pb,19151,ARAÇAGI,2345,7029
pb,19160,LOGRADOURO,669,1732
pb,19178,ARARA,2002,4030
pb,19186,SERTÃOZINHO,1206,1723
pb,19194,ARARUNA,4074,5028
pb,19208,RIACHÃO,1083,1500
pb,19216,AREIA,3267,10027
pb,19224,SÃO DOMINGOS DO CARIRI,881,1143
pb,19232,AREIAL,1545,2565
pb,19240,CARAÚBAS,513,2260
pb,19259,AROEIRAS,2438,8681
pb,19267,SANTO ANDRÉ,351,1534
pb,19275,DAMIÃO,463,2573
pb,19283,SOSSÊGO,556,1712
pb,19291,BAÍA DA TRAIÇÃO,1275,3096
pb,19305,BARAÚNA,702,2187
pb,19313,BANANEIRAS,3514,8455
pb,19321,ASSUNÇÃO,610,1842
pb,19330,BARRA DE SANTA ROSA,1788,6051
pb,19348,ZABELÊ,488,1121
pb,19356,BARRA DE SÃO MIGUEL,937,2625
pb,19364,CACIMBAS,563,2862
pb,19372,BAYEUX,17795,35746
pb,19380,CAJAZEIRINHAS,593,1949
pb,19399,BELÉM,3337,6217
pb,19402,SÃO BENTINHO,945,1586
pb,19410,BELÉM DO BREJO DO CRUZ,1287,2967
pb,19429,SÃO DOMINGOS,746,1390
pb,19437,BOA VENTURA,895,2775
pb,19445,SÃO JOSÉ DE PRINCESA,326,2014
pb,19453,BOM JESUS,379,1706
pb,19461,MARIZÓPOLIS,847,3120
pb,19470,BOM SUCESSO,633,2546
pb,19488,MATO GROSSO,422,1391
pb,19496,BONITO DE SANTA FÉ,1567,3877
pb,19500,BERNARDINO BATISTA,256,1556
pb,19518,BOQUEIRÃO,3299,7301
pb,19526,POÇO DE JOSÉ DE MOURA,598,2259
pb,19534,IGARACY,928,2754
pb,19542,SÃO JOSÉ DO BREJO DO CRUZ,332,1004
pb,19550,BORBOREMA,993,1989
pb,19569,SANTA INÊS,278,2299
pb,19577,BREJO DO CRUZ,2254,4877
pb,19585,AMPARO,258,1470
pb,19593,BREJO DOS SANTOS,1045,3139
pb,19607,CASSERENGUE,833,3009
pb,19615,CAAPORÃ,3175,8674
pb,19623,GADO BRAVO,952,4244
pb,19631,CABACEIRAS,1200,2219
pb,19640,POÇO DANTAS,373,2058
pb,19658,CABEDELO,13640,17146
pb,19666,JOCA CLAUDINO,373,1427
pb,19674,CACHOEIRA DOS ÍNDIOS,827,4359
pb,19682,TENÓRIO,371,1526
pb,19690,CACIMBA DE AREIA,418,2075
pb,19704,COXIXOLA,303,1026
pb,19712,CACIMBA DE DENTRO,2755,6649
pb,19720,PARARI,347,1256
pb,19739,CAIÇARA,1742,2901
pb,19747,PEDRO RÉGIS,1329,1646
pb,19755,CAJAZEIRAS,6330,25483
pb,19763,ALCANTIL,1464,2082
pb,19771,CALDAS BRANDÃO,1013,2688
pb,19780,BARRA DE SANTANA,1764,3692
pb,19798,CAMALAÚ,345,3518
pb,19801,CATURITÉ,866,2704
pb,19810,CAMPINA GRANDE,130622,94487
pb,19828,RIACHO DE SANTO ANTÔNIO,490,1118
pb,19836,CARRAPATEIRA,148,1374
pb,19844,APARECIDA,1227,3941
pb,19852,CATINGUEIRA,1164,1828
pb,19860,SÃO FRANCISCO,738,2129
pb,19879,CATOLÉ DO ROCHA,5356,10871
pb,19887,VIEIRÓPOLIS,644,3068
pb,19895,CONCEIÇÃO,2184,7855
pb,19909,AREIA DE BARAÚNAS,377,1027
pb,19917,CONDADO,1078,3132
pb,19925,ALGODÃO DE JANDAÍRA,225,1866
pb,19933,CONDE,4409,8854
pb,19941,BOA VISTA,1767,2761
pb,19950,CONGO,657,2887
pb,19968,MARCAÇÃO,996,3126
pb,19976,COREMAS,1895,6538
pb,19984,MATURÉIA,1076,2613
pb,19992,CRUZ DO ESPÍRITO SANTO,3580,7048
pb,20001,SANTA CECÍLIA,1596,2805
pb,20010,CUBATI,1454,3254
pb,20036,CUITÉ,3489,8147
pb,20052,CUITEGI,1616,2247
pb,20079,CURRAL VELHO,553,916
pb,20095,DESTERRO,932,3868
pb,20117,VISTA SERRANA,331,1505
pb,20133,DIAMANTE,960,2931
pb,20150,DONA INÊS,1493,4521
pb,20176,DUAS ESTRADAS,1067,1561
pb,20192,EMAS,644,1505
pb,20214,ESPERANÇA,6311,11415
pb,20230,FAGUNDES,1414,5584
pb,20257,FREI MARTINHO,523,1576
pb,20273,GUARABIRA,12808,16780
pb,20290,GURINHÉM,2870,5501
pb,20311,GURJÃO,655,1667
pb,20338,IBIARA,752,2930
pb,20354,IMACULADA,1277,4493
pb,20370,INGÁ,3331,6760
pb,20397,ITABAIANA,3910,10431
pb,20419,ITAPORANGA,3390,8737
pb,20435,ITAPOROROCA,3920,4950
pb,20451,ITATUBA,1609,4608
pb,20478,JACARAÚ,3114,5571
pb,20494,JERICÓ,1144,3542
pb,20516,JOÃO PESSOA,174037,217368
pb,20532,JUAREZ TÁVORA,1086,3693
pb,20559,JUAZEIRINHO,3231,5943
pb,20575,JUNCO DO SERIDÓ,1377,2578
pb,20591,JURIPIRANGA,1846,4901
pb,20613,JURU,735,4453
pb,20630,LAGOA,645,2364
pb,20656,LAGOA DE DENTRO,1342,3108
pb,20672,LAGOA SECA,7291,7894
pb,20699,LASTRO,353,2244
pb,20710,LIVRAMENTO,763,3180
pb,20737,LUCENA,2163,4644
pb,20753,MÃE D ÁGUA,635,2183
pb,20770,MALTA,703,2755
pb,20796,MAMANGUAPE,7829,15094
pb,20818,MANAÍRA,807,4741
pb,20834,MARI,3606,7959
pb,20850,MASSARANDUBA,2624,5094
pb,20877,MATARACA,1586,3243
pb,20893,MOGEIRO,2218,5420
pb,20915,MONTADAS,1125,2035
pb,20931,MONTE HOREBE,481,2343
pb,20958,MONTEIRO,4123,13782
pb,20974,MULUNGU,2090,4511
pb,20990,NATUBA,1160,2941
pb,21016,NAZAREZINHO,698,4217
pb,21032,NOVA FLORESTA,1440,4176
pb,21059,NOVA OLINDA,615,2486
pb,21075,NOVA PALMEIRA,747,1845
pb,21091,OLHO D ÁGUA,1354,3213
pb,21113,OLIVEDOS,938,1781
pb,21130,OURO VELHO,604,1517
pb,21156,PASSAGEM,417,1276
pb,21172,PATOS,19736,29842
pb,21199,PAULISTA,2374,4532
pb,21210,PEDRA BRANCA,712,1982
pb,21237,PEDRA LAVRADA,1625,3038
pb,21253,PEDRAS DE FOGO,4148,11722
pb,21270,PIANCÓ,3198,5891
pb,21296,PICUÍ,2531,8299
pb,21318,PILAR,1625,5164
pb,21334,PILÕES,1180,3299
pb,21350,PILÕEZINHOS,1161,2382
pb,21377,PIRPIRITUBA,2037,3357
pb,21393,PITIMBU,1995,5567
pb,21415,POCINHOS,3174,6885
pb,21431,POMBAL,8855,9686
pb,21458,PRATA,1051,1864
pb,21474,PRINCESA ISABEL,3254,7453
pb,21490,PUXINANÃ,2774,5584
pb,21512,QUEIMADAS,8108,15990
pb,21539,QUIXABA,382,1051
pb,21555,REMÍGIO,2246,7344
pb,21571,RIACHO DOS CAVALOS,1276,4292
pb,21598,RIO TINTO,4128,8657
pb,21610,SALGADINHO,543,1497
pb,21636,SALGADO DE SÃO FÉLIX,1776,5167
pb,21652,SANTA CRUZ,754,3427
pb,21679,SANTA HELENA,483,3459
pb,21695,SANTA LUZIA,3649,4862
pb,21717,SANTANA DE MANGUEIRA,510,2704
pb,21733,SANTANA DOS GARROTES,1170,2881
pb,21750,SANTA RITA,23243,42839
pb,21776,SANTA TERESINHA,1418,2272
pb,21792,SÃO BENTO,8958,9194
pb,21814,SÃO JOÃO DO CARIRI,756,2248
pb,21830,SÃO JOÃO DO TIGRE,545,2177
pb,21857,SÃO JOSÉ DA LAGOA TAPADA,1045,3714
pb,21873,SÃO JOSÉ DE CAIANA,697,2523
pb,21890,SÃO JOSÉ DE ESPINHARAS,785,2342
pb,21911,SÃO JOSÉ DE PIRANHAS,1347,9211
pb,21938,SÃO JOSÉ DO BONFIM,820,1879
pb,21954,SÃO JOSÉ DO SABUGI,1010,2078
pb,21970,SÃO JOSÉ DOS CORDEIROS,389,1982
pb,21997,SÃO MAMEDE,1591,3321
pb,22012,SÃO MIGUEL DE TAIPU,1566,2586
pb,22039,SÃO SEBASTIÃO DE LAGOA DE ROÇA,2824,3427
pb,22055,SÃO SEBASTIÃO DO UMBUZEIRO,303,1898
pb,22071,SAPÉ,7248,17929
pb,22098,SÃO VICENTE DO SERIDÓ,1733,4328
pb,22110,SERRA BRANCA,2125,5083
pb,22136,SERRA DA RAIZ,960,932
pb,22152,SERRA GRANDE,285,1776
pb,22179,SERRA REDONDA,1242,3237
pb,22195,SERRARIA,1206,1912
pb,22217,SOLÂNEA,4119,9939
pb,22233,SOLEDADE,2871,5373
pb,22250,SOUSA,8391,27089
pb,22276,SUMÉ,2229,6906
pb,22292,TACIMA,1441,3632
pb,22314,TAPEROÁ,2490,5082
pb,22330,TAVARES,1226,6012
pb,22357,TEIXEIRA,1615,6179
pb,22373,TRIUNFO,599,4037
pb,22390,UIRAÚNA,1987,6322
pb,22411,UMBUZEIRO,1369,3403
pb,22438,VÁRZEA,429,1461
pe,23000,QUIXABA,384,3673
pe,23019,AFOGADOS DA INGAZEIRA,6272,13583
pe,23027,LAGOA DO CARRO,3074,6764
pe,23035,AFRÂNIO,2793,9003
pe,23043,SANTA CRUZ DA BAIXA VERDE,1128,6102
pe,23051,AGRESTINA,2688,11683
pe,23060,XEXÉU,2392,4452
pe,23078,ÁGUA PRETA,3799,10463
pe,23086,VERTENTE DO LÉRIO,1578,3882
pe,23094,ÁGUAS BELAS,5943,15600
pe,23108,SANTA CRUZ,1023,6910
pe,23116,ALAGOINHA,1451,7121
pe,23124,JUCATI,1112,5268
pe,23132,ALIANÇA,5886,13614
pe,23140,DORMENTES,2783,8239
pe,23159,ALTINHO,3501,8537
pe,23167,CARNAUBEIRA DA PENHA,487,6820
pe,23175,AMARAJI,4327,7197
pe,23183,LAGOA GRANDE,2598,10329
pe,23191,ANGELIM,1542,4351
pe,23205,ARAÇOIABA,3014,8063
pe,23213,ARARIPINA,7252,34244
pe,23221,CASINHAS,2565,5777
pe,23230,ARCOVERDE,12057,22932
pe,23248,MANARI,955,6986
pe,23256,BARRA DE GUABIRABA,2937,3802
pe,23264,JATOBÁ,924,6730
pe,23272,BARREIROS,5883,15196
pe,23280,TAMANDARÉ,4276,7185
pe,23299,BELÉM DE MARIA,1501,4967
pe,23302,JAQUEIRA,1599,4242
pe,23310,BELÉM DO SÃO FRANCISCO,1765,9203
pe,23329,SANTA FILOMENA,1010,6453
pe,23337,BELO JARDIM,10007,31480
pe,23353,BETÂNIA,495,5778
pe,23370,BEZERROS,8463,25384
pe,23396,BODOCÓ,2672,15700
pe,23418,BOM CONSELHO,3879,18523
pe,23434,BOM JARDIM,7115,13956
pe,23450,BONITO,7902,13149
pe,23477,BREJÃO,1705,5109
pe,23493,BREJINHO,1489,3417
pe,23515,BREJO DA MADRE DE DEUS,7946,13867
pe,23531,BUENOS AIRES,1742,6133
pe,23558,BUÍQUE,3153,20442
pe,23574,CABO DE SANTO AGOSTINHO,24802,91244
pe,23590,CABROBÓ,3618,13265
pe,23612,CACHOEIRINHA,2814,8306
pe,23639,CAETÉS,1210,11599
pe,23655,CALÇADO,1091,4427
pe,23671,CALUMBI,479,3962
pe,23698,CAMOCIM DE SÃO FÉLIX,2784,7595
pe,23710,CAMUTANGA,1781,3460
pe,23736,CANHOTINHO,2851,8968
pe,23752,CAPOEIRAS,1364,9214
pe,23779,CARNAÍBA,1535,8842
pe,23795,CARPINA,14902,25589
pe,23817,CARUARU,67627,97444
pe,23833,CATENDE,3392,13968
pe,23850,CEDRO,1135,5138
pe,23876,CHÃ DE ALEGRIA,2997,4801
pe,23892,CHÃ GRANDE,4788,8023
pe,23914,CONDADO,4519,8786
pe,23930,CORRENTES,805,7577
pe,23957,CORTÊS,2498,5119
pe,23973,CUMARU,3222,7048
pe,23990,CUPIRA,3701,10026
pe,24015,CUSTÓDIA,2417,16580
pe,24031,ESCADA,8778,27111
pe,24058,EXU,2554,16427
pe,24074,FEIRA NOVA,4543,7750
pe,24090,FERREIROS,2400,4435
pe,24112,FLORES,1625,9843
pe,24139,FLORESTA,2085,14118
pe,24155,FREI MIGUELINHO,2905,6087
pe,24171,GAMELEIRA,3303,7421
pe,24198,GARANHUNS,12672,55149
pe,24210,GLÓRIA DO GOITÁ,5243,10807
pe,24236,GOIANA,9136,35500
pe,24252,GRANITO,811,3582
pe,24279,GRAVATÁ,14616,30534
pe,24295,IATI,1128,8460
pe,24317,IBIMIRIM,1655,11628
pe,24333,IBIRAJUBA,892,3684
pe,24350,IGARASSU,12754,45986
pe,24376,IGUARACY,954,5281
pe,24392,INAJÁ,770,8131
pe,24414,INGAZEIRA,924,1948
pe,24430,IPOJUCA,7788,41117
pe,24457,IPUBI,3246,10867
pe,24473,ITACURUBA,404,2528
pe,24490,ITAÍBA,2482,10054
pe,24511,ILHA DE ITAMARACÁ,3239,9062
pe,24538,ITAPETIM,2451,5771
pe,24554,ITAQUITINGA,2871,6355
pe,24570,JABOATÃO DOS GUARARAPES,100826,223571
pe,24597,JATAÚBA,2754,6961
pe,24619,JOÃO ALFREDO,5428,10655
pe,24635,JOAQUIM NABUCO,2355,5676
pe,24651,JUPI,1501,6759
pe,24678,JUREMA,1571,6278
pe,24694,LAGOA DE ITAENGA,5000,7938
pe,24716,LAGOA DO OURO,795,6739
pe,24732,LAGOA DOS GATOS,2009,6043
pe,24759,LAJEDO,6058,14510
pe,24775,LIMOEIRO,10599,22677
pe,24791,MACAPARANA,4099,8956
pe,24813,MACHADOS,2106,4964
pe,24830,MARAIAL,1362,4445
pe,24856,MIRANDIBA,1326,6842
pe,24872,MORENO,6407,26771
pe,24899,NAZARÉ DA MATA,7409,11630
pe,24910,OLINDA,78774,161261
pe,24937,OROBÓ,3232,9178
pe,24953,OROCÓ,1774,6461
pe,24970,OURICURI,3926,28037
pe,24996,PALMARES,6272,24344
pe,25011,PALMEIRINA,852,3553
pe,25038,PANELAS,5309,8294
pe,25054,PARANATAMA,964,5874
pe,25070,PARNAMIRIM,1401,11293
pe,25097,PASSIRA,5241,12216
pe,25119,PAUDALHO,10341,19001
pe,25135,PAULISTA,46215,111727
pe,25151,PEDRA,2918,9286
pe,25178,PESQUEIRA,4928,29369
pe,25194,PETROLÂNDIA,4083,13953
pe,25216,PETROLINA,40267,105880
pe,25232,POÇÃO,1143,5684
pe,25259,POMBOS,4487,10212
pe,25275,PRIMAVERA,1899,5264
pe,25291,QUIPAPÁ,2428,7680
pe,25313,RECIFE,369705,535855
pe,25330,RIACHO DAS ALMAS,4363,9138
pe,25356,RIBEIRÃO,6564,14240
pe,25372,RIO FORMOSO,3377,8649
pe,25399,SAIRÉ,2911,5392
pe,25410,SALGADINHO,1152,3141
pe,25437,SALGUEIRO,6482,24078
pe,25453,SALOÁ,1160,7149
pe,25470,SANHARÓ,2954,8116
pe,25496,SANTA CRUZ DO CAPIBARIBE,19725,23342
pe,25518,SANTA MARIA DA BOA VISTA,3162,17179
pe,25534,SANTA MARIA DO CAMBUCÁ,3230,4322
pe,25550,SANTA TEREZINHA,1953,3429
pe,25577,SÃO BENEDITO DO SUL,1134,3621
pe,25593,SÃO BENTO DO UNA,6218,17691
pe,25615,SÃO CAITANO,7245,14076
pe,25631,SÃO JOÃO,2664,9021
pe,25658,SÃO JOAQUIM DO MONTE,3769,8223
pe,25674,SÃO JOSÉ DA COROA GRANDE,3791,5980
pe,25690,SÃO JOSÉ DO BELMONTE,2047,15086
pe,25712,SÃO JOSÉ DO EGITO,5758,10993
pe,25739,SÃO LOURENÇO DA MATA,18048,39718
pe,25755,SÃO VICENTE FÉRRER,2554,7095
pe,25771,SERRA TALHADA,8182,34783
pe,25798,SERRITA,1436,8917
pe,25810,SERTÂNIA,3337,14175
pe,25836,SIRINHAÉM,8001,12504
pe,25852,MOREILÂNDIA,595,6171
pe,25879,SOLIDÃO,378,3393
pe,25895,SURUBIM,12930,20280
pe,25917,TABIRA,2423,11723
pe,25933,TACAIMBÓ,1839,5668
pe,25950,TACARATU,1438,8920
pe,25976,ITAMBÉ,4958,12825
pe,25992,TAQUARITINGA DO NORTE,7340,6908
pe,26018,TEREZINHA,614,3831
pe,26034,TERRA NOVA,627,5625
pe,26050,TIMBAÚBA,9426,21834
pe,26077,TORITAMA,6981,13278
pe,26093,TRACUNHAÉM,2943,4920
pe,26115,TRINDADE,2460,12274
pe,26131,TRIUNFO,1626,6756
pe,26158,TUPANATINGA,1888,8126
pe,26174,TUPARETAMA,782,4740
pe,26190,VENTUROSA,1616,7917
pe,26212,VERDEJANTE,939,4845
pe,26239,VERTENTES,4899,6223
pe,26255,VICÊNCIA,5684,9446
pe,26271,VITÓRIA DE SANTO ANTÃO,25070,49411
pe,26298,CAMARAGIBE,31930,57401
pe,26310,ABREU E LIMA,12997,46553
pe,26336,ITAPISSUMA,2754,10157
pe,30015,FERNANDO DE NORONHA,533,783
pi,10006,BRASILEIRA,701,4267
pi,10014,AGRICOLÂNDIA,562,2882
pi,10022,ALEGRETE DO PIAUÍ,557,2520
pi,10030,ÁGUA BRANCA,2326,7376
pi,10049,BAIXA GRANDE DO RIBEIRO,1224,4518
pi,10057,ALTO LONGÁ,1563,6726
pi,10065,BOM PRINCÍPIO DO PIAUÍ,800,3218
pi,10073,ALTOS,3880,19514
pi,10081,BONFIM DO PIAUÍ,338,2992
pi,10090,AMARANTE,1554,8400
pi,10103,BURITI DOS MONTES,664,3680
pi,10111,ANGICAL DO PIAUÍ,924,3969
pi,10120,CABECEIRAS DO PIAUÍ,782,5249
pi,10138,ANÍSIO DE ABREU,862,3979
pi,10146,CALDEIRÃO GRANDE DO PIAUÍ,616,2886
pi,10154,ANTÔNIO ALMEIDA,692,1318
pi,10162,CANAVIEIRA,370,1844
pi,10170,AROAZES,457,3276
pi,10189,COIVARAS,797,2492
pi,10197,ARRAIAL,328,2389
pi,10200,COLÔNIA DO GURGUÉIA,397,2976
pi,10219,AVELINO LOPES,917,4822
pi,10227,COLÔNIA DO PIAUÍ,429,3549
pi,10235,BARRAS,5263,18124
pi,10243,CORONEL JOSÉ DIAS,337,3152
pi,10251,BARREIRAS DO PIAUÍ,380,1555
pi,10260,FARTURA DO PIAUÍ,293,2600
pi,10278,BARRO DURO,874,3138
pi,10286,JACOBINA DO PIAUÍ,365,3051
pi,10294,BATALHA,3920,10581
pi,10308,JARDIM DO MULATO,449,2426
pi,10316,BENEDITINOS,1031,5498
pi,10324,LAGOA ALEGRE,655,4695
pi,10332,BERTOLÍNIA,482,2544
pi,10340,LAGOA DO BARRO DO PIAUÍ,368,2388
pi,10359,BOCAINA,1098,2978
pi,10367,MARCOLÂNDIA,1017,3937
pi,10375,BOM JESUS,3121,8341
pi,10383,PATOS DO PIAUÍ,779,2932
pi,10391,BURITI DOS LOPES,2259,8769
pi,10405,PASSAGEM FRANCA DO PIAUÍ,326,2171
pi,10413,CAMPINAS DO PIAUÍ,294,3050
pi,10421,QUEIMADA NOVA,729,4117
pi,10430,CAMPO MAIOR,6654,19782
pi,10448,SANTA CRUZ DOS MILAGRES,345,1895
pi,10456,CANTO DO BURITI,2176,8705
pi,10464,SANTA ROSA DO PIAUÍ,783,2295
pi,10472,CAPITÃO DE CAMPOS,1310,5051
pi,10480,SANTANA DO PIAUÍ,351,2531
pi,10499,CARACOL,1005,4554
pi,10502,SÃO BRAZ DO PIAUÍ,257,2449
pi,10510,CASTELO DO PIAUÍ,2537,7905
pi,10529,SÃO JOSÉ DO DIVINO,759,2695
pi,10537,COCAL,3218,10719
pi,10545,SIGEFREDO PACHECO,886,4772
pi,10553,CONCEIÇÃO DO CANINDÉ,467,2564
pi,10561,SÃO LOURENÇO DO PIAUÍ,418,2743
pi,10570,CORRENTE,2466,10579
pi,10588,VÁRZEA BRANCA,397,2460
pi,10596,CRISTALÂNDIA DO PIAUÍ,515,3040
pi,10600,BARRA D ALCÂNTARA,469,1803
pi,10618,CRISTINO CASTRO,691,4122
pi,10626,BELA VISTA DO PIAUÍ,171,2361
pi,10634,CURIMATÁ,1240,4511
pi,10642,BREJO DO PIAUÍ,226,2383
pi,10650,DEMERVAL LOBÃO,1452,6730
pi,10669,BOA HORA,644,3231
pi,10677,DOM EXPEDITO LOPES,851,4015
pi,10685,DOM INOCÊNCIO,466,4712
pi,10693,ELESBÃO VELOSO,1366,7218
pi,10707,CAPITÃO GERVÁSIO OLIVEIRA,164,2245
pi,10715,ELISEU MARTINS,570,1957
pi,10723,CAMPO GRANDE DO PIAUÍ,544,3000
pi,10731,ESPERANTINA,5444,14760
pi,10740,CAMPO LARGO DO PIAUÍ,536,2719
pi,10758,FLORES DO PIAUÍ,507,2343
pi,10766,CURRAIS,447,3128
pi,10774,FLORIANO,6779,24706
pi,10782,GEMINIANO,462,3625
pi,10790,FRANCINÓPOLIS,414,2450
pi,10804,GUARIBAS,212,2525
pi,10812,FRANCISCO AYRES,447,2461
pi,10820,ILHA GRANDE,968,4683
pi,10839,FRANCISCO SANTOS,1106,4066
pi,10847,JUREMA,501,2548
pi,10855,FRONTEIRAS,985,5713
pi,10863,LAGOA DE SÃO FRANCISCO,681,2932
pi,10871,GILBUÉS,965,4044
pi,10880,MORRO CABEÇA NO TEMPO,310,2045
pi,10898,GUADALUPE,1466,4070
pi,10901,NOVO SANTO ANTÔNIO,292,2355
pi,10910,HUGO NAPOLEÃO,393,2328
pi,10928,NOSSA SENHORA DE NAZARÉ,424,3192
pi,10936,INHUMA,1388,7230
pi,10944,PAQUETÁ,282,2420
pi,10952,IPIRANGA DO PIAUÍ,637,4736
pi,10960,NOVA SANTA RITA,242,2447
pi,10979,ISAÍAS COELHO,455,3631
pi,10987,SÃO JOÃO DO ARRAIAL,1422,3102
pi,10995,ITAINÓPOLIS,769,5910
pi,11010,ITAUEIRA,1029,5164
pi,11037,JAICÓS,1433,6691
pi,11053,JERUMENHA,428,2647
pi,11070,JOAQUIM PIRES,2128,5916
pi,11088,SÃO JOÃO DA CANABRAVA,573,2587
pi,11096,JOSÉ DE FREITAS,3223,21014
pi,11118,LANDRI SALES,511,2317
pi,11134,LUIS CORREIA,3275,14145
pi,11150,LUZILÂNDIA,2869,10176
pi,11177,MANOEL EMÍDIO,540,2459
pi,11193,MARCOS PARENTE,666,1947
pi,11215,MATIAS OLÍMPIO,1203,4430
pi,11231,MIGUEL ALVES,2591,13343
pi,11258,MIGUEL LEÃO,218,749
pi,11274,MONSENHOR GIL,1210,6045
pi,11290,MONSENHOR HIPÓLITO,941,3775
pi,11312,MONTE ALEGRE DO PIAUÍ,934,4283
pi,11339,NAZARÉ DO PIAUÍ,388,4046
pi,11355,NOSSA SENHORA DOS REMÉDIOS,1102,3999
pi,11371,NOVO ORIENTE DO PIAUÍ,415,3526
pi,11398,OEIRAS,3813,16583
pi,11410,DOMINGOS MOURÃO,371,2108
pi,11436,PADRE MARCOS,850,3248
pi,11452,PAES LANDIM,661,1833
pi,11479,PALMEIRA DO PIAUÍ,829,2390
pi,11495,PALMEIRAIS,1085,7160
pi,11517,PARNAGUÁ,600,3953
pi,11533,PARNAÍBA,24456,54121
pi,11550,PAULISTANA,1722,9035
pi,11576,PEDRO II,5759,14406
pi,11592,PICOS,8270,30918
pi,11614,PIMENTEIRAS,1074,5263
pi,11630,PIO IX,1547,8810
pi,11657,PIRACURUCA,3765,12511
pi,11673,PIRIPIRI,7390,26709
pi,11690,PORTO,1047,4545
pi,11711,PRATA DO PIAUÍ,259,1790
pi,11738,REDENÇÃO DO GURGUÉIA,986,3226
pi,11754,REGENERAÇÃO,1257,8079
pi,11770,RIBEIRO GONÇALVES,831,2645
pi,11797,RIO GRANDE DO PIAUÍ,546,3293
pi,11819,SANTA CRUZ DO PIAUÍ,750,3235
pi,11835,SANTA FILOMENA,749,2412
pi,11851,SANTA LUZ,746,2523
pi,11878,SANTO ANTÔNIO DE LISBOA,607,3109
pi,11894,SANTO INÁCIO DO PIAUÍ,732,1448
pi,11916,SÃO FÉLIX DO PIAUÍ,567,1887
pi,11932,SÃO FRANCISCO DO PIAUÍ,823,3192
pi,11959,SÃO GONÇALO DO PIAUÍ,727,2502
pi,11975,SÃO JOÃO DA SERRA,1111,3069
pi,11991,SÃO JOÃO DO PIAUÍ,1923,7907
pi,12009,SÃO JOÃO DA FRONTEIRA,780,2443
pi,12017,SÃO JOSÉ DO PEIXE,240,1835
pi,12025,SÃO JOÃO DA VARJOTA,376,2463
pi,12033,SÃO JOSÉ DO PIAUÍ,512,3575
pi,12041,SEBASTIÃO BARROS,550,2190
pi,12050,SÃO JULIÃO,980,2823
pi,12068,SEBASTIÃO LEAL,749,1901
pi,12076,SÃO MIGUEL DO TAPUIO,1694,8327
pi,12084,ALVORADA DO GURGUÉIA,237,2569
pi,12092,SÃO PEDRO DO PIAUÍ,1702,5817
pi,12106,ASSUNÇÃO DO PIAUÍ,895,2947
pi,12114,SÃO RAIMUNDO NONATO,3253,13402
pi,12122,BETÂNIA DO PIAUÍ,382,3308
pi,12130,SIMÕES,1476,6403
pi,12149,BOQUEIRÃO DO PIAUÍ,441,3002
pi,12157,SIMPLÍCIO MENDES,1184,5263
pi,12165,CARIDADE DO PIAUÍ,824,2163
pi,12173,SOCORRO DO PIAUÍ,700,1966
pi,12181,CURRAL NOVO DO PIAUÍ,271,2429
pi,12190,TERESINA,122342,310254
pi,12203,JÚLIO BORGES,271,2705
pi,12211,UNIÃO,4891,20432
pi,12220,LAGOA DO SÍTIO,442,2637
pi,12238,URUÇUÍ,4182,6812
pi,12246,MILTON BRANDÃO,737,3036
pi,12254,VALENÇA DO PIAUÍ,2614,8799
pi,12262,PAJEÚ DO PIAUÍ,439,1561
pi,12270,VÁRZEA GRANDE,580,1919
pi,12289,PAVUSSU,212,2204
pi,12297,DIRCEU ARCOVERDE,455,3448
pi,12300,RIACHO FRIO,307,2475
pi,12319,ALAGOINHA DO PIAUÍ,749,3958
pi,12327,ACAUÃ,544,3767
pi,12335,BELÉM DO PIAUÍ,214,1885
pi,12343,CAJAZEIRAS DO PIAUÍ,192,1921
pi,12351,CAMPO ALEGRE DO FIDALGO,255,2862
pi,12360,COCAL DE TELHA,291,2640
pi,12378,FRANCISCO MACEDO,194,1635
pi,12386,JOÃO COSTA,201,2007
pi,12394,JATOBÁ DO PIAUÍ,681,3434
pi,12408,JOCA MARQUES,493,2531
pi,12416,JUAZEIRO DO PIAUÍ,732,3244
pi,12424,LAGOA DO PIAUÍ,547,2402
pi,12432,LAGOINHA DO PIAUÍ,315,1565
pi,12440,MADEIRO,684,3428
pi,12459,MORRO DO CHAPÉU DO PIAUÍ,925,2866
pi,12467,MASSAPÊ DO PIAUÍ,500,3464
pi,12475,MURICI DOS PORTELAS,762,3288
pi,12483,OLHO D ÁGUA DO PIAUÍ,203,1466
pi,12491,PEDRO LAURENTINO,359,1480
pi,12505,SÃO FRANCISCO DE ASSIS DO PIAUÍ,669,2602
pi,12513,SUSSUAPARA,709,3810
pi,12521,TANQUE DO PIAUÍ,263,1456
pi,12530,TAMBORIL DO PIAUÍ,398,1414
pi,12548,VILA NOVA DO PIAUÍ,461,1605
pi,12556,VERA MENDES,277,1913
pi,12564,WALL FERRAZ,711,2027
pi,12572,CAJUEIRO DA PRAIA,791,3759
pi,12580,CURRALINHOS,339,2792
pi,12599,PORTO ALEGRE DO PIAUÍ,527,772
pi,12602,RIBEIRA DO PIAUÍ,178,2207
pi,12610,SÃO GONÇALO DO GURGUÉIA,463,958
pi,12629,SÃO LUIS DO PIAUÍ,287,1486
pi,12637,FLORESTA DO PIAUÍ,310,1345
pi,12653,SANTO ANTÔNIO DOS MILAGRES,163,1163
pi,12661,SÃO MIGUEL DA BAIXA GRANDE,324,1313
pi,12670,CARAÚBAS DO PIAUÍ,1096,2197
pi,12688,CAXINGÓ,760,2674
pi,12696,COCAL DOS ALVES,567,2816
pi,12700,SÃO MIGUEL DO FIDALGO,205,1448
pi,12718,PAU D ARCO DO PIAUÍ,390,2729
pi,12726,NAZÁRIA,1175,6336
pi,12734,AROEIRAS DO ITAIM,293,2238
pr,74004,GODOY MOREIRA,921,1148
pr,74012,ABATIÁ,2686,1865
pr,74020,IBEMA,2012,1745
pr,74039,ADRIANÓPOLIS,1293,2276
pr,74047,LINDOESTE,1487,2290
pr,74055,AGUDOS DO SUL,2939,2590
pr,74063,OURO VERDE DO OESTE,2057,1660
pr,74071,ALMIRANTE TAMANDARÉ,30835,22074
pr,74080,SANTA TEREZA DO OESTE,3543,2918
pr,74098,ALTO PARANÁ,3987,3981
pr,74101,ANAHY,1138,890
pr,74110,ALTO PIQUIRI,2320,3332
pr,74128,ÂNGULO,1178,821
pr,74136,ALVORADA DO SUL,2914,2524
pr,74144,BOA ESPERANÇA DO IGUAÇU,564,1389
pr,74152,AMAPORÃ,1705,1385
pr,74160,BOM SUCESSO DO SUL,1262,1112
pr,74179,AMPÉRE,3925,6776
pr,74187,BRASILÂNDIA DO SUL,933,1350
pr,74195,ANDIRÁ,6318,6085
pr,74209,CAFEZAL DO SUL,1463,1424
pr,74217,ANTONINA,7454,3956
pr,74225,CANDÓI,3799,4860
pr,74233,ANTONIO OLINTO,2854,2161
pr,74241,CRUZEIRO DO IGUAÇU,968,1785
pr,74250,APUCARANA,48615,24147
pr,74268,DIAMANTE DO SUL,912,1276
pr,74276,ARAPONGAS,48761,13987
pr,74284,ENTRE RIOS DO OESTE,1591,1226
pr,74292,ARAPOTI,9379,4645
pr,74306,FAROL,1130,1091
pr,74314,ARARUNA,4141,4172
pr,74322,FAZENDA RIO GRANDE,24327,24321
pr,74330,MARILÂNDIA DO SUL,3635,1924
pr,74349,FLOR DA SERRA DO SUL,1509,1894
pr,74357,ARAUCÁRIA,40577,34159
pr,74365,HONÓRIO SERPA,1321,2085
pr,74373,ASSAÍ,7357,2903
pr,74381,IGUATU,853,734
pr,74390,ASTORGA,10191,5895
pr,74403,IRACEMA DO OESTE,858,1005
pr,74411,ATALAIA,1618,1253
pr,74420,NOVO ITACOLOMI,1212,879
pr,74438,BALSA NOVA,5055,3443
pr,74446,ITAPERUÇU,5167,9546
pr,74454,BANDEIRANTES,11368,8072
pr,74462,IVATÉ,1858,2693
pr,74470,BARBOSA FERRAZ,4015,2440
pr,74489,LIDIANÓPOLIS,1450,1104
pr,74497,BARRACÃO,2805,2819
pr,74500,MARIPÁ,2713,1335
pr,74519,BARRA DO JACARÉ,853,1103
pr,74527,MATO RICO,927,1420
pr,74535,BELA VISTA DO PARAÍSO,6454,3512
pr,74543,MAUÁ DA SERRA,3362,1680
pr,74551,BITURUNA,4359,5147
pr,74560,MERCEDES,2465,1167
pr,74578,BOA ESPERANÇA,1938,1105
pr,74586,NOVA LARANJEIRAS,2513,3240
pr,74594,BOCAIÚVA DO SUL,3676,2952
pr,74608,NOVA SANTA BÁRBARA,1223,1243
pr,74616,BOM SUCESSO,2156,1839
pr,74624,PATO BRAGADO,2379,1111
pr,74632,BORRAZÓPOLIS,2888,2219
pr,74640,PINHAL DE SÃO BENTO,431,1348
pr,74659,CAFEARA,553,1169
pr,74667,PITANGUEIRAS,1358,767
pr,74675,CALIFÓRNIA,3591,1680
pr,74683,QUATRO PONTES,1855,1011
pr,74691,CAMBARÁ,7961,5902
pr,74705,RAMILÂNDIA,1137,1452
pr,74713,CAMBÉ,36683,21539
pr,74721,RANCHO ALEGRE D OESTE,1018,822
pr,74730,CAMBIRA,2757,2252
pr,74748,RIO BONITO DO IGUAÇU,2316,5583
pr,74756,CAMPINA DA LAGOA,5090,3992
pr,74764,SANTA LÚCIA,1155,1331
pr,74772,CAMPINA GRANDE DO SUL,13620,10153
pr,74780,CAMPO BONITO,1335,1506
pr,74799,CAMPO DO TENENTE,3138,1342
pr,74802,SANTA MARIA DO OESTE,2466,3734
pr,74810,CAMPO LARGO,42359,24117
pr,74829,SANTA MÔNICA,901,1297
pr,74837,CAMPO MOURÃO,29728,21330
pr,74845,SÃO MANOEL DO PARANÁ,1036,451
pr,74853,CÂNDIDO DE ABREU,4833,3973
pr,74861,SÃO PEDRO DO IGUAÇU,2277,1916
pr,74870,CAPANEMA,4563,7090
pr,74888,TUNAS DO PARANÁ,1677,1850
pr,74896,CAPITÃO LEÔNIDAS MARQUES,4012,4943
pr,74900,VENTANIA,3330,2267
pr,74918,CARLÓPOLIS,5185,3252
pr,74926,ALTO PARAÍSO,869,1140
pr,74934,CASCAVEL,96939,66499
pr,74942,DOUTOR ULYSSES,1426,2146
pr,74950,CASTRO,27189,13042
pr,74969,VIRMOND,1680,1054
pr,74977,CATANDUVAS,3137,2176
pr,74985,LARANJAL,1174,2229
pr,74993,CENTENÁRIO DO SUL,2324,4468
pr,75000,ITAIPULÂNDIA,3222,3249
pr,75019,CERRO AZUL,4075,5711
pr,75027,NOVA ESPERANÇA DO SUDOESTE,1203,2384
pr,75035,CHOPINZINHO,6432,5924
pr,75043,PINHAIS,42452,28551
pr,75051,CIANORTE,29505,11949
pr,75060,SAUDADE DO IGUAÇU,1368,1835
pr,75078,CIDADE GAÚCHA,3321,3680
pr,75086,ARIRANHA DO IVAÍ,688,1065
pr,75094,CLEVELÂNDIA,4099,5621
pr,75108,ARAPUÃ,1143,1400
pr,75116,MANGUEIRINHA,4081,6052
pr,75124,BELA VISTA DA CAROBA,993,1501
pr,75132,COLOMBO,66854,47980
pr,75140,BOA VENTURA DE SÃO ROQUE,1375,2409
pr,75159,COLORADO,6917,7208
pr,75167,BOM JESUS DO SUL,1093,1665
pr,75175,CONGONHINHAS,1857,2940
pr,75183,CAMPINA DO SIMÃO,1022,1548
pr,75191,CONSELHEIRO MAIRINCK,1302,1014
pr,75205,CAMPO MAGRO,8564,5920
pr,75213,CONTENDA,5627,3703
pr,75221,CARAMBEÍ,8325,3412
pr,75230,CORBÉLIA,7073,3874
pr,75248,CORONEL DOMINGOS SOARES,1488,2168
pr,75256,CORNÉLIO PROCÓPIO,18168,10106
pr,75264,CRUZMALTINA,1201,922
pr,75272,CORONEL VIVIDA,7036,6729
pr,75280,CORUMBATAÍ DO SUL,1226,1302
pr,75299,CRUZEIRO DO OESTE,6458,5832
pr,75302,ESPERANÇA NOVA,746,737
pr,75310,CRUZEIRO DO SUL,1277,2034
pr,75329,ESPIGÃO ALTO DO IGUAÇU,1657,1497
pr,75337,CRUZ MACHADO,6870,4175
pr,75345,FERNANDES PINHEIRO,2280,2024
pr,75353,CURITIBA,737254,284563
pr,75361,FOZ DO JORDÃO,959,1944
pr,75370,CURIÚVA,4541,3232
pr,75388,GOIOXIM,1447,2514
pr,75396,DIAMANTE DO NORTE,1714,1588
pr,75400,DIAMANTE D OESTE,1235,1650
pr,75418,DOIS VIZINHOS,10031,12917
pr,75426,GUAMIRANGA,2948,2346
pr,75434,DOUTOR CAMARGO,2413,1624
pr,75442,IMBAÚ,3113,2905
pr,75450,ENÉAS MARQUES,1650,2654
pr,75469,MANFRINÓPOLIS,733,1480
pr,75477,ENGENHEIRO BELTRÃO,4903,3620
pr,75485,MARQUINHO,1343,1527
pr,75493,FAXINAL,6208,2959
pr,75507,PEROBAL,2155,1938
pr,75515,FÊNIX,1648,1346
pr,75523,PONTAL DO PARANÁ,7225,4700
pr,75531,FLORAÍ,1963,1745
pr,75540,PORTO BARREIRO,1053,1362
pr,75558,FLORESTA,2684,1616
pr,75566,PRADO FERREIRA,994,1533
pr,75574,FLORESTÓPOLIS,2978,4500
pr,75582,QUARTO CENTENÁRIO,1354,1679
pr,75590,FLÓRIDA,800,1037
pr,75604,RESERVA DO IGUAÇU,1383,2495
pr,75612,FORMOSA DO OESTE,2832,2093
pr,75620,RIO BRANCO DO IVAÍ,1164,1182
pr,75639,FOZ DO IGUAÇU,81904,58358
pr,75647,SERRANÓPOLIS DO IGUAÇU,2105,1433
pr,75655,FRANCISCO BELTRÃO,22452,25501
pr,75663,TAMARANA,3779,2438
pr,75671,GENERAL CARNEIRO,2737,4433
pr,75698,GOIOERÊ,9182,7572
pr,75710,GUAÍRA,9829,7293
pr,75736,GUAIRAÇÁ,2608,1290
pr,75744,ROSÁRIO DO IVAÍ,1913,1552
pr,75752,GUAPIRAMA,1489,1125
pr,75760,NOVA TEBAS,1860,2286
pr,75779,GUAPOREMA,780,687
pr,75787,SULINA,942,1356
pr,75795,GUARACI,2072,1369
pr,75809,LUIZIANA,2320,2288
pr,75817,GUARANIAÇU,5521,3207
pr,75833,GUARAPUAVA,48726,45652
pr,75850,GUARAQUEÇABA,2084,2468
pr,75876,GUARATUBA,11510,6596
pr,75892,IBAITI,10464,5769
pr,75914,IBIPORÃ,20811,8919
pr,75930,ICARAÍMA,2842,2447
pr,75957,IGUARAÇU,1532,1248
pr,75973,IMBITUVA,12711,4854
pr,75990,INÁCIO MARTINS,2502,3780
pr,76015,INAJÁ,828,1110
pr,76031,IPIRANGA,5707,2979
pr,76058,IPORÃ,5218,3796
pr,76074,IRATI,22637,12138
pr,76090,IRETAMA,2813,3219
pr,76112,ITAGUAJÉ,1298,1440
pr,76139,ITAMBARACÁ,2245,1652
pr,76155,ITAMBÉ,2318,1648
pr,76171,ITAPEJARA D OESTE,2912,4107
pr,76198,ITAÚNA DO SUL,900,1311
pr,76210,IVAÍ,5462,2759
pr,76236,IVAIPORÃ,10276,8070
pr,76252,IVATUBA,904,863
pr,76279,JABOTI,1858,1127
pr,76295,JACAREZINHO,10896,12185
pr,76317,JAGUAPITÃ,4850,2607
pr,76333,JAGUARIAÍVA,12149,7279
pr,76350,JANDAIA DO SUL,8889,4250
pr,76376,JANIÓPOLIS,1787,2333
pr,76392,JAPIRA,1451,1548
pr,76414,JAPURÁ,3804,1903
pr,76430,JARDIM ALEGRE,4057,2905
pr,76457,JARDIM OLINDA,372,653
pr,76473,JATAIZINHO,4781,2641
pr,76490,JOAQUIM TÁVORA,3578,2923
pr,76511,JUNDIAÍ DO SUL,764,1170
pr,76538,JUSSARA,2378,1926
pr,76554,KALORÉ,1792,1214
pr,76570,LAPA,18902,9698
pr,76597,LARANJEIRAS DO SUL,8676,8897
pr,76619,LEÓPOLIS,1201,1462
pr,76635,LOANDA,6901,4971
pr,76651,LOBATO,1361,1613
pr,76678,LONDRINA,219839,63311
pr,76694,LUPIONÓPOLIS,1358,1687
pr,76716,MALLET,4378,3837
pr,76732,MAMBORÊ,5449,3142
pr,76759,MANDAGUAÇU,6442,6221
pr,76775,MANDAGUARI,12645,8035
pr,76791,MANDIRITUBA,7117,6639
pr,76813,MANOEL RIBAS,5309,2516
pr,76830,MARECHAL CÂNDIDO RONDON,18543,11207
pr,76856,MARIA HELENA,1716,1986
pr,76872,MARIALVA,13338,7886
pr,76899,MARILUZ,2834,3358
pr,76910,MARINGÁ,137480,70875
pr,76937,MARIÓPOLIS,2072,2119
pr,76953,MARMELEIRO,3535,5086
pr,76970,MARUMBI,1697,1442
pr,76996,MATELÂNDIA,7370,2369
pr,77011,MEDIANEIRA,14802,10842
pr,77038,MIRADOR,633,916
pr,77054,MIRASELVA,776,758
pr,77070,MOREIRA SALES,4324,3156
pr,77097,MORRETES,6203,4377
pr,77119,MUNHOZ DE MELO,1409,1187
pr,77135,NOSSA SENHORA DAS GRAÇAS,1042,1465
pr,77151,NOVA ALIANÇA DO IVAÍ,542,599
pr,77178,NOVA AMÉRICA DA COLINA,1122,1235
pr,77194,NOVA CANTU,2022,2403
pr,77216,NOVA ESPERANÇA,9209,6797
pr,77232,NOVA FÁTIMA,2463,2084
pr,77259,NOVA LONDRINA,3612,3555
pr,77275,ORTIGUEIRA,4672,7430
pr,77291,OURIZONA,1006,1414
pr,77313,PAIÇANDU,9271,12143
pr,77330,PALMAS,10241,10523
pr,77356,PALMEIRA,14228,6390
pr,77372,PALMITAL,3226,5001
pr,77399,PALOTINA,11040,6608
pr,77410,PARAÍSO DO NORTE,3208,4143
pr,77437,PARANACITY,2845,2981
pr,77453,PARANAGUÁ,54139,25982
pr,77470,PARANAPOEMA,671,1002
pr,77496,PARANAVAÍ,29811,17382
pr,77518,PATO BRANCO,24391,19180
pr,77534,PAULA FREITAS,2082,1457
pr,77550,PAULO FRONTIN,2606,1893
pr,77577,PEABIRU,4449,3461
pr,77593,PÉROLA D OESTE,2114,2236
pr,77615,PIÊN,4891,2605
pr,77631,PINHALÃO,2631,1552
pr,77658,PINHÃO,6582,10420
pr,77674,PIRAÍ DO SUL,9488,4970
pr,77690,PIRAQUARA,23997,21908
pr,77712,PITANGA,9213,9954
pr,77739,PLANALTINA DO PARANÁ,1087,1491
pr,77755,PLANALTO,3308,5019
pr,77771,PONTA GROSSA,119934,64553
pr,77798,PORECATU,3595,4556
pr,77810,PORTO AMAZONAS,2077,712
pr,77836,PORTO RICO,688,1159
pr,77852,PORTO VITÓRIA,1412,1137
pr,77879,PRESIDENTE CASTELO BRANCO,1173,1946
pr,77895,PRIMEIRO DE MAIO,3971,2730
pr,77917,PRUDENTÓPOLIS,20503,9124
pr,77933,QUATIGUÁ,3141,1816
pr,77950,QUATRO BARRAS,7975,3478
pr,77976,QUERÊNCIA DO NORTE,2540,3781
pr,77992,QUINTA DO SOL,1620,1747
pr,78018,QUITANDINHA,6940,3579
pr,78034,RANCHO ALEGRE,1443,1035
pr,78050,REALEZA,4950,5484
pr,78077,REBOUÇAS,5070,4395
pr,78093,RENASCENÇA,1785,2405
pr,78115,RESERVA,8804,6178
pr,78131,RIBEIRÃO CLARO,3766,3253
pr,78158,RIBEIRÃO DO PINHAL,3247,4622
pr,78174,RIO AZUL,5424,3378
pr,78190,RIO BOM,1368,876
pr,78212,RIO BRANCO DO SUL,8852,10611
pr,78239,RIO NEGRO,13889,4637
pr,78255,ROLÂNDIA,26275,10080
pr,78271,RONCADOR,3001,3330
pr,78298,RONDON,3806,2040
pr,78310,SABÁUDIA,3147,1180
pr,78336,SALGADO FILHO,1446,1436
pr,78352,SALTO DO ITARARÉ,1597,1641
pr,78379,SALTO DO LONTRA,2653,5605
pr,78395,SANTA AMÉLIA,1171,1174
pr,78417,SANTA CECÍLIA DO PAVÃO,1437,917
pr,78433,SANTA CRUZ DE MONTE CASTELO,2160,3101
pr,78450,SANTA FÉ,3599,2993
pr,78476,SANTA INÊS,694,646
pr,78492,SANTA ISABEL DO IVAÍ,2865,2499
pr,78514,SANTA IZABEL DO OESTE,3152,3776
pr,78530,SANTA MARIANA,3531,3863
pr,78557,SANTANA DO ITARARÉ,1694,1669
pr,78573,SANTO ANTÔNIO DO SUDOESTE,4991,6302
pr,78590,SANTO ANTÔNIO DA PLATINA,13665,10788
pr,78611,SANTO ANTONIO DO CAIUÁ,825,1069
pr,78638,SANTO ANTÔNIO DO PARAÍSO,1039,623
pr,78654,SANTO INÁCIO,1746,1727
pr,78670,SÃO CARLOS DO IVAÍ,2547,1345
pr,78697,SÃO JERÔNIMO DA SERRA,2819,3341
pr,78719,SÃO JOÃO,3174,3607
pr,78735,SÃO JOÃO DO CAIUÁ,1503,2089
pr,78751,SÃO JOÃO DO IVAÍ,3485,3633
pr,78778,SÃO JOÃO DO TRIUNFO,3758,5004
pr,78794,SÃO JORGE DO IVAÍ,2235,1467
pr,78816,SÃO JORGE D OESTE,2979,3136
pr,78832,SÃO JOSÉ DA BOA VISTA,2514,1035
pr,78859,SÃO JOSÉ DOS PINHAIS,93417,53446
pr,78875,SÃO MATEUS DO SUL,14619,11063
pr,78891,SÃO MIGUEL DO IGUAÇU,7678,8553
pr,78913,SÃO PEDRO DO IVAÍ,2832,2902
pr,78930,SÃO PEDRO DO PARANÁ,1054,779
pr,78956,SÃO SEBASTIÃO DA AMOREIRA,2465,2884
pr,78972,SÃO TOMÉ,2545,1191
pr,78999,SAPOPEMA,1818,2101
pr,79014,SENGÉS,6497,3689
pr,79030,SERTANEJA,2300,1527
pr,79057,SERTANÓPOLIS,6835,3195
pr,79073,SIQUEIRA CAMPOS,6511,5254
pr,79090,TAMBOARA,1878,1316
pr,79111,TAPEJARA,4045,4988
pr,79138,TEIXEIRA SOARES,3156,2810
pr,79154,TELÊMACO BORBA,22517,15393
pr,79170,TERRA BOA,6928,2977
pr,79197,TERRA RICA,5484,3750
pr,79219,TERRA ROXA,5841,4216
pr,79235,TIBAGI,5739,5015
pr,79251,TIJUCAS DO SUL,4554,4331
pr,79278,TOLEDO,45471,28916
pr,79294,TOMAZINA,3006,2064
pr,79316,TUNEIRAS DO OESTE,2548,2792
pr,79332,UBIRATÃ,7931,5570
pr,79359,UMUARAMA,36482,21589
pr,79375,UNIÃO DA VITÓRIA,19925,11497
pr,79391,UNIFLOR,721,1052
pr,79413,URAÍ,3672,3036
pr,79430,WENCESLAU BRAZ,8152,3009
pr,79456,VERÊ,2288,3359
pr,79472,VITORINO,2306,1639
pr,79499,XAMBRÊ,1801,2247
pr,79510,ALTÔNIA,6855,4945
pr,79537,ASSIS CHATEAUBRIAND,11461,8436
pr,79553,QUEDAS DO IGUAÇU,10361,6810
pr,79570,CÉU AZUL,4524,2248
pr,79596,GRANDES RIOS,2238,1553
pr,79618,INDIANÓPOLIS,1775,1046
pr,79634,MATINHOS,11277,7443
pr,79650,NOVA AURORA,4247,3431
pr,79677,NOVA OLÍMPIA,1907,1799
pr,79693,PÉROLA,3035,3592
pr,79715,SANTA HELENA,7064,8759
pr,79731,TAPIRA,1717,2013
pr,79758,MARILENA,1664,2748
pr,79774,FRANCISCO ALVES,2028,1996
pr,79790,NOVA SANTA ROSA,3861,1539
pr,79812,BOA VISTA DA APARECIDA,2179,2727
pr,79839,BRAGANEY,1937,1746
pr,79855,CAFELÂNDIA,5253,3670
pr,79871,TRÊS BARRAS DO PARANÁ,3771,3212
pr,79898,VERA CRUZ DO OESTE,3278,2134
pr,79910,PRANCHITA,2084,1624
pr,79936,TUPÃSSI,3189,2067
pr,79952,NOVA PRATA DO IGUAÇU,2340,4217
pr,79979,JESUÍTAS,3225,2542
pr,79995,SÃO JORGE DO PATROCÍNIO,1901,2122
pr,84514,CANTAGALO,3170,3492
pr,84530,TURVO,3482,5140
pr,84557,ALTAMIRA DO PARANÁ,1210,1370
pr,84573,FIGUEIRA,2376,2431
pr,84590,LUNARDELLI,1868,1371
pr,84611,SARANDI,20475,27611
pr,84638,JURANDA,3167,1654
pr,84654,DOURADINA,2266,2519
pr,84670,SANTA TEREZINHA DE ITAIPU,8508,4648
pr,84697,MISSAL,3298,3716
pr,84719,SÃO JOSÉ DAS PALMEIRAS,1262,1419
rj,58009,QUISSAMÃ,4590,6883
rj,58017,ANGRA DOS REIS,40997,41014
rj,58025,QUATIS,3680,3489
rj,58033,ARARUAMA,32739,25817
rj,58041,BELFORD ROXO,54756,162708
rj,58050,BARRA DO PIRAÍ,23062,26653
rj,58068,CARDOSO MOREIRA,3365,3939
rj,58076,BARRA MANSA,43203,53489
rj,58084,VARRE-SAI,3089,2221
rj,58092,BOM JARDIM,8334,5693
rj,58106,GUAPIMIRIM,11251,13561
rj,58114,BOM JESUS DO ITABAPOANA,10108,9113
rj,58122,QUEIMADOS,20460,52555
rj,58130,CABO FRIO,50268,38884
rj,58149,JAPERI,12936,33872
rj,58157,CACHOEIRAS DE MACACU,12452,16863
rj,58165,COMENDADOR LEVY GASPARIAN,1723,3754
rj,58173,CAMBUCI,3366,4558
rj,58181,APERIBÉ,3114,3152
rj,58190,CAMPOS DOS GOYTACAZES,107652,129689
rj,58203,RIO DAS OSTRAS,25894,24513
rj,58211,CANTAGALO,6543,4625
rj,58220,AREAL,3498,3208
rj,58238,CARMO,4116,5767
rj,58246,PINHEIRAL,4446,7709
rj,58254,CASIMIRO DE ABREU,10315,8409
rj,58262,IGUABA GRANDE,7547,6122
rj,58270,CONCEIÇÃO DE MACABU,4958,5926
rj,58289,SÃO FRANCISCO DE ITABAPOANA,12179,9270
rj,58297,CORDEIRO,5937,4932
rj,58300,CARAPEBUS,3170,4391
rj,58319,DUAS BARRAS,3607,2672
rj,58327,PORTO REAL,5603,5377
rj,58335,DUQUE DE CAXIAS,130097,290254
rj,58343,SÃO JOSÉ DE UBÁ,2433,2629
rj,58351,ENGENHEIRO PAULO DE FRONTIN,3788,3358
rj,58360,TANGUÁ,4480,11858
rj,58378,ITABORAÍ,31252,82860
rj,58386,MACUCO,2212,2454
rj,58394,ITAGUAÍ,23230,36297
rj,58408,ARMAÇÃO DOS BÚZIOS,8502,7248
rj,58416,ITAOCARA,7237,5877
rj,58424,SEROPÉDICA,13698,23507
rj,58432,ITAPERUNA,26931,22321
rj,58440,ITATIAIA,8390,7988
rj,58459,LAJE DO MURIAÉ,1611,2916
rj,58467,MESQUITA,32605,58242
rj,58475,MACAÉ,41302,55213
rj,58491,MAGÉ,39962,76202
rj,58513,MANGARATIBA,10870,10002
rj,58530,MARICÁ,26741,37354
rj,58556,MENDES,5126,5213
rj,58572,MIGUEL PEREIRA,8267,6973
rj,58599,MIRACEMA,5746,8562
rj,58610,NATIVIDADE,4368,3793
rj,58637,NILÓPOLIS,35693,56628
rj,58653,NITERÓI,149084,122285
rj,58670,NOVA FRIBURGO,59551,37825
rj,58696,NOVA IGUAÇU,139012,245579
rj,58718,PARACAMBI,10810,12657
rj,58734,PARAÍBA DO SUL,11315,11027
rj,58750,PARATY,10715,6564
rj,58777,PETRÓPOLIS,103669,60779
rj,58793,PIRAÍ,6462,8843
rj,58815,PORCIÚNCULA,3838,5201
rj,58831,RESENDE,37825,25243
rj,58858,RIO BONITO,14492,16102
rj,58874,RIO CLARO,4345,5899
rj,58890,RIO DAS FLORES,2417,3162
rj,58912,SANTA MARIA MADALENA,3046,2238
rj,58939,SANTO ANTÔNIO DE PÁDUA,11351,10718
rj,58955,SÃO FIDÉLIS,11990,7486
rj,58971,SÃO GONÇALO,145466,309457
rj,58998,SÃO JOÃO DA BARRA,12940,10648
rj,59013,SÃO JOÃO DE MERITI,81749,158646
rj,59030,SÃO PEDRO DA ALDEIA,21883,16725
rj,59056,SÃO SEBASTIÃO DO ALTO,2068,2708
rj,59072,SAPUCAIA,5296,5944
rj,59099,SAQUAREMA,20565,18390
rj,59110,SILVA JARDIM,4784,6243
rj,59137,SUMIDOURO,5368,4169
rj,59153,TERESÓPOLIS,59235,25048
rj,59170,TRAJANO DE MORAES,2363,3299
rj,59196,TRÊS RIOS,15289,27823
rj,59218,VALENÇA,17916,21176
rj,59234,VASSOURAS,10464,9236
rj,59250,VOLTA REDONDA,71527,90170
rj,59277,ARRAIAL DO CABO,9211,7531
rj,59293,ITALVA,3961,3542
rj,59315,PATY DO ALFERES,6200,8879
rj,59331,SÃO JOSÉ DO VALE DO RIO PRETO,7444,3290
rj,60011,RIO DE JANEIRO,1577972,1626751
rn,16004,TENENTE LAURENTINO CRUZ,687,2753
rn,16012,ACARI,2377,4909
rn,16020,SERRA DO MEL,1732,4957
rn,16039,ASSÚ,6162,24993
rn,16047,CAIÇARA DO NORTE,973,2431
rn,16055,AFONSO BEZERRA,1377,5032
rn,16063,SÃO MIGUEL DO GOSTOSO,1396,3971
rn,16071,ÁGUA NOVA,172,1679
rn,16080,ITAJÁ,687,3968
rn,16098,ALEXANDRIA,984,6718
rn,16101,BODÓ,446,1563
rn,16110,ALMINO AFONSO,658,2905
rn,16128,TRIUNFO POTIGUAR,719,2096
rn,16136,ALTO DO RODRIGUES,1693,6643
rn,16144,FERNANDO PEDROZA,532,1764
rn,16152,ANGICOS,1656,5575
rn,16160,MAJOR SALES,254,1810
rn,16179,ANTÔNIO MARTINS,614,3749
rn,16187,VENHA-VER,314,1969
rn,16195,APODI,3400,18542
rn,16209,SERRINHA DOS PINTOS,664,2216
rn,16217,AREIA BRANCA,4528,9477
rn,16225,TIBAU,709,2120
rn,16233,AREZ,2133,5645
rn,16241,SANTA MARIA,754,2567
rn,16250,CAMPO GRANDE,1199,4798
rn,16268,RIO DO FOGO,1796,4956
rn,16276,BAÍA FORMOSA,1360,3496
rn,16284,PORTO DO MANGUE,775,2535
rn,16292,BARCELONA,1140,1827
rn,16306,JUNDIÁ,713,1962
rn,16314,BENTO FERNANDES,611,2872
rn,16330,BOM JESUS,1727,3678
rn,16357,BREJINHO,2052,4304
rn,16373,CAIÇARA DO RIO DO VENTO,653,1955
rn,16390,CAICÓ,9355,23701
rn,16411,CAMPO REDONDO,625,4980
rn,16438,CANGUARETAMA,3615,12502
rn,16454,CARAÚBAS,2302,10857
rn,16470,CARNAÚBA DOS DANTAS,1794,2558
rn,16497,CARNAUBAIS,1187,4986
rn,16519,CEARÁ-MIRIM,6819,29635
rn,16535,CERRO CORÁ,1777,3802
rn,16551,CORONEL EZEQUIEL,729,2716
rn,16578,CORONEL JOÃO PESSOA,325,2196
rn,16594,CRUZETA,1112,4267
rn,16616,CURRAIS NOVOS,8089,13635
rn,16632,DOUTOR SEVERIANO,525,3310
rn,16659,ENCANTO,414,2784
rn,16675,EQUADOR,998,2303
rn,16691,ESPÍRITO SANTO,1778,3444
rn,16713,EXTREMOZ,4764,10199
rn,16730,FELIPE GUERRA,544,4671
rn,16756,FLORÂNIA,1444,4393
rn,16772,FRANCISCO DANTAS,392,1589
rn,16799,GALINHOS,566,982
rn,16810,GOIANINHA,5248,8019
rn,16837,GOVERNADOR DIX-SEPT ROSADO,1305,6924
rn,16853,GROSSOS,1492,4266
rn,16870,GUAMARÉ,2066,6910
rn,16896,IELMO MARINHO,1586,5878
rn,16918,IPANGUAÇU,1636,7300
rn,16934,IPUEIRA,330,1104
rn,16950,ITAÚ,487,3119
rn,16977,JAÇANÃ,1613,2513
rn,16993,JANDAÍRA,983,3218
rn,17019,JANDUÍS,843,2476
rn,17035,BOA SAÚDE,1631,3437
rn,17051,JAPI,808,3145
rn,17078,JARDIM DE ANGICOS,318,1746
rn,17094,JARDIM DE PIRANHAS,1369,6931
rn,17116,JARDIM DO SERIDÓ,2125,5802
rn,17132,JOÃO CÂMARA,4382,13355
rn,17159,JOÃO DIAS,288,1478
rn,17175,JOSÉ DA PENHA,427,3326
rn,17191,JUCURUTU,2612,8126
rn,17213,MESSIAS TARGINO,940,2333
rn,17230,LAGOA D ANTA,671,3145
rn,17256,LAGOA DE PEDRAS,915,3838
rn,17272,LAGOA DE VELHOS,621,1731
rn,17299,LAGOA NOVA,2412,5783
rn,17310,LAGOA SALGADA,1466,4260
rn,17337,LAJES,1387,4767
rn,17353,LAJES PINTADAS,606,2795
rn,17370,LUCRÉCIA,264,2249
rn,17396,LUÍS GOMES,567,4743
rn,17418,MACAÍBA,9260,25719
rn,17434,MACAU,3522,12429
rn,17450,MARCELINO VIEIRA,541,4330
rn,17477,MARTINS,1595,3251
rn,17493,MAXARANGUAPE,1980,4377
rn,17515,FRUTUOSO GOMES,430,2341
rn,17531,MONTANHAS,1046,5188
rn,17558,MONTE ALEGRE,3325,8175
rn,17574,MONTE DAS GAMELEIRAS,379,1525
rn,17590,MOSSORÓ,38858,86311
rn,17612,NATAL,161154,222777
rn,17639,NÍSIA FLORESTA,4492,8603
rn,17655,NOVA CRUZ,5694,13433
rn,17671,OLHO D ÁGUA DO BORGES,445,2712
rn,17698,OURO BRANCO,748,2452
rn,17710,PARANÁ,230,2210
rn,17736,PARAÚ,543,2253
rn,17752,PARAZINHO,652,2772
rn,17779,PARELHAS,4693,7647
rn,17795,PARNAMIRIM,40194,43667
rn,17817,PASSA E FICA,1861,3922
rn,17833,PASSAGEM,862,1905
rn,17850,PATU,1360,5339
rn,17876,PAU DOS FERROS,3269,11614
rn,17892,PEDRA GRANDE,773,1858
rn,17914,PEDRA PRETA,414,1625
rn,17930,PEDRO AVELINO,990,3256
rn,17957,PEDRO VELHO,1864,6184
rn,17973,PENDÊNCIAS,1752,6192
rn,17990,PILÕES,230,2225
rn,18015,POÇO BRANCO,1552,5948
rn,18031,PORTALEGRE,1427,2801
rn,18058,SERRA CAIADA,859,4582
rn,18074,PUREZA,1152,3849
rn,18090,RAFAEL FERNANDES,389,2968
rn,18112,RIACHO DA CRUZ,489,1563
rn,18139,RIACHO DE SANTANA,263,2214
rn,18155,RIACHUELO,960,3876
rn,18171,RODOLFO FERNANDES,585,2768
rn,18198,RUY BARBOSA,936,1611
rn,18210,SÃO FRANCISCO DO OESTE,639,2154
rn,18236,SANTA CRUZ,4847,13655
rn,18252,SANTANA DO SERIDÓ,339,1454
rn,18279,SANTANA DO MATOS,2162,6406
rn,18295,SANTO ANTÔNIO,2049,10657
rn,18317,SÃO BENTO DO NORTE,489,1713
rn,18333,SÃO BENTO DO TRAIRÍ,702,2186
rn,18350,SÃO FERNANDO,678,1933
rn,18376,SÃO GONÇALO DO AMARANTE,13980,32094
rn,18392,SÃO JOÃO DO SABUGI,698,3562
rn,18414,SÃO JOSÉ DE MIPIBU,6069,14413
rn,18430,SÃO JOSÉ DO CAMPESTRE,1518,5671
rn,18457,SÃO JOSÉ DO SERIDÓ,876,2299
rn,18473,SÃO MIGUEL,1861,9598
rn,18490,SÃO PAULO DO POTENGI,3314,6487
rn,18511,SÃO PEDRO,1138,3239
rn,18538,SÃO RAFAEL,1130,3797
rn,18554,SÃO TOMÉ,1613,5025
rn,18570,SÃO VICENTE,859,2782
rn,18597,SENADOR ELÓI DE SOUZA,792,2979
rn,18619,SENADOR GEORGINO AVELINO,765,1933
rn,18635,SERRA DE SÃO BENTO,719,2960
rn,18651,SERRA NEGRA DO NORTE,1503,2941
rn,18678,SERRINHA,1120,3601
rn,18694,SEVERIANO MELO,866,4046
rn,18716,SÍTIO NOVO,618,2736
rn,18732,TABOLEIRO GRANDE,426,1463
rn,18759,TAIPU,1487,5650
rn,18775,TANGARÁ,2626,5386
rn,18791,TENENTE ANANIAS,1471,3981
rn,18813,TIBAU DO SUL,2858,4449
rn,18830,TIMBAÚBA DOS BATISTAS,462,1362
rn,18856,TOUROS,3614,12591
rn,18872,UMARIZAL,1230,5027
rn,18899,UPANEMA,2112,5757
rn,18910,VÁRZEA,920,2900
rn,18937,RAFAEL GODEIRO,569,1851
rn,18953,VERA CRUZ,2676,3879
rn,18970,VIÇOSA,198,927
rn,18996,VILA FLOR,367,1532
rn,30031,BARAÚNA,4160,9558
ro,00019,GUAJARÁ-MIRIM,10284,9305
ro,00035,PORTO VELHO,117510,110825
ro,00051,JI-PARANÁ,34162,25420
ro,00078,ARIQUEMES,27470,18287
ro,00094,CACOAL,27170,14585
ro,00116,PIMENTA BUENO,10790,6775
ro,00132,VILHENA,24055,14096
ro,00159,JARU,16716,9673
ro,00175,OURO PRETO DO OESTE,11711,8186
ro,00191,PRESIDENTE MÉDICI,5893,5217
ro,00213,COSTA MARQUES,2294,3689
ro,00230,COLORADO DO OESTE,5318,4438
ro,00256,ESPIGÃO DO OESTE,9309,6077
ro,00272,CEREJEIRAS,6419,2875
ro,00299,ROLIM DE MOURA,14148,11730
ro,00310,ALTA FLORESTA D OESTE,7022,5678
ro,00337,ALVORADA DO OESTE,3871,4582
ro,00353,SANTA LUZIA D OESTE,2546,2536
ro,00370,NOVA BRASILÂNDIA D OESTE,6159,4203
ro,00396,MACHADINHO D OESTE,8171,7776
ro,00418,SÃO MIGUEL DO GUAPORÉ,5983,4825
ro,00434,NOVA MAMORÉ,5748,6305
ro,00450,CABIXI,1836,1597
ro,00477,CANDEIAS DO JAMARI,4308,6804
ro,00493,ITAPUÃ DO OESTE,1648,2532
ro,00515,NOVO HORIZONTE DO OESTE,2399,3036
ro,00531,CASTANHEIRAS,793,1273
ro,00558,VALE DO PARAÍSO,2318,2299
ro,00566,URUPÁ,3273,3340
ro,00574,MIRANTE DA SERRA,3317,2900
ro,00582,SERINGUEIRAS,3120,3196
ro,00590,THEOBROMA,3119,2469
ro,00604,MINISTRO ANDREAZZA,2719,2417
ro,00612,GOVERNADOR JORGE TEIXEIRA,2592,2388
ro,00620,CACAULÂNDIA,1663,1343
ro,00639,ALTO PARAÍSO,4285,4418
ro,00647,RIO CRESPO,1056,968
ro,00655,CORUMBIARA,2165,2077
ro,00663,MONTE NEGRO,3997,3245
ro,00671,CAMPO NOVO DE RONDÔNIA,2778,3026
ro,00680,CUJUBIM,4209,3081
ro,00698,VALE DO ANARI,2329,2130
ro,00701,PARECIS,997,1227
ro,00710,SÃO FELIPE D OESTE,2111,1245
ro,00728,PRIMAVERA DE RONDÔNIA,1050,891
ro,00736,ALTO ALEGRE DOS PARECIS,3300,2730
ro,00744,NOVA UNIÃO,2007,1997
ro,00752,TEIXEIRÓPOLIS,1550,1375
ro,00779,BURITIS,9106,6912
ro,00787,PIMENTEIRAS DO OESTE,666,516
ro,00795,SÃO FRANCISCO DO GUAPORÉ,3378,4192
ro,00809,CHUPINGUAIA,1860,1506
rr,03000,CAROEBE,2010,2322
rr,03018,BOA VISTA,102792,53832
rr,03026,IRACEMA,1304,2419
rr,03034,CARACARAÍ,4085,4523
rr,03042,AMAJARI,2072,1911
rr,03050,ALTO ALEGRE,3174,3588
rr,03069,CANTÁ,3888,3707
rr,03077,BONFIM,3070,2492
rr,03085,RORAINÓPOLIS,4636,6584
rr,03093,MUCAJAÍ,3816,4333
rr,03107,UIRAMUTÃ,1206,2333
rr,03115,NORMANDIA,1638,3010
rr,03123,PACARAIMA,3204,2221
rr,03131,SÃO JOÃO DA BALIZA,1431,2012
rr,03158,SÃO LUIZ,1426,2138
rs,84735,ÁUREA,1538,1115
rs,84743,TRÊS ARROIOS,1260,915
rs,84751,NOVA ROMA DO SUL,1647,884
rs,84760,PROGRESSO,1804,2217
rs,84778,PIRAPÓ,786,950
rs,84786,JABOTICABA,1044,1384
rs,84794,SÃO JORGE,1230,829
rs,84808,ALTO ALEGRE,680,740
rs,84816,NOVA HARTZ,6705,4775
rs,84824,DOIS LAJEADOS,1514,815
rs,84832,SÃO DOMINGOS DO SUL,1244,856
rs,84840,TUNAS,1017,1803
rs,84859,SÃO JOÃO DA URTIGA,1835,1481
rs,84867,GUABIJU,734,347
rs,84875,QUINZE DE NOVEMBRO,1395,1289
rs,84883,DOUTOR MAURÍCIO CARDOSO,2040,1548
rs,84891,CAPELA DE SANTANA,2897,3456
rs,84905,JAQUIRANA,1221,1068
rs,84913,VANINI,847,635
rs,84921,BOQUEIRÃO DO LEÃO,1921,2806
rs,84930,FAGUNDES VARELA,1351,557
rs,84948,ÁGUA SANTA,1507,1031
rs,84956,SILVEIRA MARTINS,1039,725
rs,84964,IBIRAPUITÃ,1338,1322
rs,84972,IBARAMA,1476,1495
rs,84980,PANTANO GRANDE,2546,3762
rs,84999,IPÊ,3114,1139
rs,85006,TRINDADE DO SUL,1707,2068
rs,85014,AGUDO,5614,4808
rs,85022,ERNESTINA,1122,1020
rs,85030,AJURICABA,3046,1855
rs,85049,DEZESSEIS DE NOVEMBRO,848,1008
rs,85057,ALECRIM,2212,2599
rs,85065,BROCHIER,1344,1989
rs,85073,ALEGRETE,20072,22945
rs,85081,EREBANGO,1062,839
rs,85090,ALPESTRE,1981,2770
rs,85103,ENTRE-IJUÍS,2403,3495
rs,85111,ALVORADA,51390,52796
rs,85120,NOVA ESPERANÇA DO SUL,1935,1240
rs,85138,ANTA GORDA,2706,1350
rs,85146,PAVERAMA,1701,3014
rs,85154,ANTÔNIO PRADO,6642,2163
rs,85162,TERRA DE AREIA,3041,2584
rs,85170,ARATIBA,2627,2376
rs,85189,HARMONIA,1819,1420
rs,85197,ARROIO DO MEIO,7642,5569
rs,85200,CAMPOS BORGES,1195,1209
rs,85219,ARROIO DOS RATOS,3831,4090
rs,85227,CERRO GRANDE,605,1009
rs,85235,ARROIO DO TIGRE,3744,4577
rs,85243,IPIRANGA DO SUL,1009,520
rs,85251,ARROIO GRANDE,4942,6640
rs,85260,LAGOÃO,1252,2457
rs,85278,ARVOREZINHA,3232,3381
rs,85286,ESTAÇÃO,2894,1280
rs,85294,AUGUSTO PESTANA,2574,2486
rs,85308,ARROIO DO SAL,3010,1770
rs,85316,BAGÉ,37127,29740
rs,85324,SÃO JOSÉ DO HORTÊNCIO,1890,1044
rs,85332,BARÃO DE COTEGIPE,2776,1746
rs,85340,PINHAL,841,845
rs,85359,BARRACÃO,1631,1665
rs,85367,TRÊS CACHOEIRAS,3819,2938
rs,85375,BARRA DO RIBEIRO,3697,4057
rs,85383,SÃO VENDELINO,965,657
rs,85391,BARROS CASSAL,2947,3409
rs,85405,PROTÁSIO ALVES,1218,323
rs,85413,BENTO GONÇALVES,46159,20517
rs,85421,POUSO NOVO,618,629
rs,85430,BOA VISTA DO BURICÁ,2521,2127
rs,85448,EUGÊNIO DE CASTRO,864,966
rs,85456,BOM JESUS,3638,2768
rs,85464,CRISTAL,2034,2681
rs,85472,BOM RETIRO DO SUL,4235,3496
rs,85480,SÃO MIGUEL DAS MISSÕES,1723,2789
rs,85499,BOSSOROCA,1736,2267
rs,85502,GLORINHA,2970,1545
rs,85510,BRAGA,925,1296
rs,85529,SEGREDO,2158,2476
rs,85537,BUTIÁ,5996,6254
rs,85545,ALEGRIA,1294,1450
rs,85553,CAÇAPAVA DO SUL,9114,10925
rs,85561,SALDANHA MARINHO,1173,1046
rs,85570,CACEQUI,2639,4502
rs,85588,SÃO JOSÉ DO HERVAL,634,893
rs,85596,CACHOEIRA DO SUL,26863,23041
rs,85600,VISTA ALEGRE,781,1280
rs,85618,CACHOEIRINHA,40792,33742
rs,85626,IVORÁ,873,608
rs,85634,CACIQUE DOBLE,1957,1167
rs,85642,VILA MARIA,1804,1135
rs,85650,CAIBATÉ,1421,1734
rs,85669,TAQUARUÇU DO SUL,1088,997
rs,85677,CAIÇARA,1821,1639
rs,85685,IMBÉ,5893,6112
rs,85693,CAMAQUÃ,19048,19517
rs,85707,SEDE NOVA,1086,902
rs,85715,CAMBARÁ DO SUL,2542,1338
rs,85723,TUPANDI,2008,1139
rs,85731,CAMPINA DAS MISSÕES,2000,2224
rs,85740,RIOZINHO,1727,1303
rs,85758,CAMPINAS DO SUL,2740,1126
rs,85766,RELVADO,835,670
rs,85774,CAMPO BOM,23849,15990
rs,85782,IMIGRANTE,1265,849
rs,85790,CAMPO NOVO,1278,1898
rs,85804,CIDREIRA,4005,3296
rs,85812,CANDELÁRIA,10259,7903
rs,85820,MONTAURI,735,486
rs,85839,CÂNDIDO GODÓI,3045,1812
rs,85847,VISTA GAÚCHA,882,1125
rs,85855,CANELA,15928,6345
rs,85863,VISTA ALEGRE DO PRATA,788,350
rs,85871,CANGUÇU,19268,15213
rs,85880,CASEIROS,1221,830
rs,85898,CANOAS,91292,98801
rs,85901,ITACURUBI,829,1168
rs,85910,CARAZINHO,18683,18028
rs,85928,ENTRE RIOS DO SUL,1015,1059
rs,85936,CARLOS BARBOSA,11753,5729
rs,85944,CERRO GRANDE DO SUL,2822,2803
rs,85952,CASCA,3929,2133
rs,85960,CAMARGO,1139,699
rs,85979,CATUÍPE,3428,2793
rs,85987,PARAÍSO DO SUL,2462,2217
rs,85995,CAXIAS DO SUL,183173,75439
rs,86010,CERRO LARGO,3840,4372
rs,86029,FAXINALZINHO,909,822
rs,86037,CHAPADA,3247,3161
rs,86045,AMARAL FERRADOR,1781,1961
rs,86053,CHIAPETTA,1412,1342
rs,86061,VILA FLORES,1907,622
rs,86070,CIRÍACO,1574,1552
rs,86088,CERRO BRANCO,1462,1550
rs,86096,COLORADO,1598,849
rs,86100,ANDRÉ DA ROCHA,563,279
rs,86118,CONDOR,2371,2128
rs,86126,POÇO DAS ANTAS,778,813
rs,86134,CONSTANTINA,3172,3168
rs,86142,TRÊS PALMEIRAS,1359,1572
rs,86150,CORONEL BICACO,1820,2572
rs,86169,NOVA ALVORADA,1225,956
rs,86177,CRISSIUMAL,4372,4674
rs,86185,MORRO REDONDO,1961,2158
rs,86193,CRUZ ALTA,18077,17616
rs,86207,SANTA MARIA DO HERVAL,2600,1920
rs,86215,CRUZEIRO DO SUL,4191,3933
rs,86223,BARÃO,2205,1666
rs,86231,DAVID CANABARRO,1590,1530
rs,86240,ELDORADO DO SUL,8339,9893
rs,86258,DOIS IRMÃOS,10369,8165
rs,86274,DOM FELICIANO,3959,4216
rs,86282,ALTO FELIZ,1425,608
rs,86290,DOM PEDRITO,8858,12797
rs,86304,AMETISTA DO SUL,2086,2202
rs,86312,DONA FRANCISCA,1388,1050
rs,86320,ARAMBARÉ,1078,1227
rs,86339,ENCANTADO,8510,4847
rs,86347,BARÃO DO TRIUNFO,2203,1699
rs,86355,ENCRUZILHADA DO SUL,6514,7699
rs,86363,BARRA DO GUARITA,963,1018
rs,86371,ERECHIM,38227,21431
rs,86380,BARRA DO RIO AZUL,901,625
rs,86398,HERVAL,1252,2738
rs,86401,BARRA FUNDA,1147,785
rs,86410,ERVAL GRANDE,1579,1838
rs,86428,BOA VISTA DAS MISSÕES,721,677
rs,86436,ERVAL SECO,2237,2352
rs,86444,BOM PROGRESSO,767,796
rs,86452,ESMERALDA,1110,837
rs,86460,CAMPESTRE DA SERRA,1586,472
rs,86479,ESPUMOSO,5489,4514
rs,86487,CANDIOTA,2393,3401
rs,86495,ESTÂNCIA VELHA,15704,10315
rs,86509,CAPITÃO,817,1166
rs,86517,ESTEIO,23175,29314
rs,86525,CARLOS GOMES,662,606
rs,86533,ESTRELA,12110,7722
rs,86541,CENTENÁRIO,1119,1098
rs,86550,FARROUPILHA,29457,13033
rs,86568,CHARRUA,1068,847
rs,86576,FAXINAL DO SOTURNO,2593,1884
rs,86584,COLINAS,1090,752
rs,86592,FELIZ,5429,3138
rs,86606,COQUEIROS DO SUL,1067,837
rs,86614,FLORES DA CUNHA,15627,3277
rs,86622,CORONEL BARROS,1056,874
rs,86630,FONTOURA XAVIER,2336,3850
rs,86649,COXILHA,1016,917
rs,86657,FORMIGUEIRO,1993,2252
rs,86665,DERRUBADAS,1130,1009
rs,86673,FREDERICO WESTPHALEN,9806,8657
rs,86681,DOIS IRMÃOS DAS MISSÕES,643,807
rs,86690,GARIBALDI,14655,6003
rs,86703,ENGENHO VELHO,438,535
rs,86711,GAURAMA,2829,1521
rs,86720,GARRUCHOS,598,1361
rs,86738,GENERAL CÂMARA,2282,2861
rs,86746,GENTIL,824,458
rs,86754,SÃO VICENTE DO SUL,2378,2752
rs,86762,GRAMADO DOS LOUREIROS,486,931
rs,86770,GETÚLIO VARGAS,7122,3075
rs,86789,GRAMADO XAVIER,1110,1201
rs,86797,GIRUÁ,5373,5136
rs,86800,HULHA NEGRA,1488,2170
rs,86819,GRAMADO,17084,4882
rs,86827,INHACORÁ,701,855
rs,86835,GRAVATAÍ,77972,59800
rs,86843,ITAPUCA,665,752
rs,86851,GUAÍBA,26498,28835
rs,86860,LAJEADO DO BUGRE,644,836
rs,86878,GUAPORÉ,10153,4601
rs,86886,LAGOA DOS TRÊS CANTOS,759,505
rs,86894,GUARANI DAS MISSÕES,2608,2559
rs,86908,LINDOLFO COLLOR,1679,1865
rs,86916,HORIZONTINA,7264,4662
rs,86924,LINHA NOVA,713,413
rs,86932,CHARQUEADAS,9457,9691
rs,86940,MANOEL VIANA,1534,2629
rs,86959,HUMAITÁ,1818,1608
rs,86967,MAQUINÉ,1973,2637
rs,86975,IBIAÇÁ,2263,1010
rs,86983,MARATÁ,855,973
rs,86991,IBIRAIARAS,2897,1602
rs,87009,MARIANA PIMENTEL,1509,1029
rs,87017,IBIRUBÁ,7167,5725
rs,87025,MATO CASTELHANO,1249,622
rs,87033,IGREJINHA,11915,8508
rs,87041,MATO LEITÃO,1491,1354
rs,87050,IJUÍ,24286,25339
rs,87068,MINAS DO LEÃO,3054,1834
rs,87076,ILÓPOLIS,1557,1185
rs,87084,MONTE BELO DO SUL,1515,816
rs,87092,INDEPENDÊNCIA,2463,1993
rs,87106,MORMAÇO,1002,944
rs,87114,IRAÍ,2116,2701
rs,87122,MORRINHOS DO SUL,1290,1111
rs,87130,ITAQUI,8883,10810
rs,87149,MORRO REUTER,2968,1236
rs,87157,ITATIBA DO SUL,1117,1933
rs,87165,MULITERNO,656,728
rs,87173,IVOTI,7971,4890
rs,87181,NICOLAU VERGUEIRO,878,549
rs,87190,JACUTINGA,1503,926
rs,87203,NOVA BOA VISTA,855,776
rs,87211,JAGUARÃO,8618,7811
rs,87220,NOVA PÁDUA,1650,222
rs,87238,JAGUARI,3957,3545
rs,87246,NOVA SANTA RITA,5258,6588
rs,87254,JÚLIO DE CASTILHOS,5618,6283
rs,87262,NOVO BARREIRO,1337,1478
rs,87270,LAGOA VERMELHA,9458,6761
rs,87289,NOVO MACHADO,1723,1108
rs,87297,LAJEADO,24720,19632
rs,87300,NOVO TIRADENTES,673,709
rs,87319,LAVRAS DO SUL,2164,2410
rs,87327,PARECI NOVO,1385,963
rs,87335,LIBERATO SALZANO,1482,2045
rs,87343,PASSO DO SOBRADO,2095,2056
rs,87351,MACHADINHO,1909,1634
rs,87360,PICADA CAFÉ,2354,1194
rs,87378,MARAU,15438,7679
rs,87386,PINHAL GRANDE,1383,1522
rs,87394,MARCELINO RAMOS,1828,1648
rs,87408,PINHEIRINHO DO VALE,1202,1604
rs,87416,MARIANO MORO,747,843
rs,87424,PONTÃO,1349,1410
rs,87432,MATA,1354,1854
rs,87440,PONTE PRETA,878,554
rs,87459,MAXIMILIANO DE ALMEIDA,1980,1278
rs,87467,PORTO MAUÁ,949,868
rs,87475,MIRAGUAÍ,1308,1828
rs,87483,PORTO VERA CRUZ,595,688
rs,87491,MONTENEGRO,17054,18020
rs,87505,PRESIDENTE LUCENA,1225,703
rs,87513,MOSTARDAS,3073,3751
rs,87521,QUEVEDOS,699,993
rs,87530,MUÇUM,2071,1048
rs,87548,RIO DOS ÍNDIOS,808,1411
rs,87556,NÃO-ME-TOQUE,5961,4486
rs,87564,SAGRADA FAMÍLIA,793,888
rs,87572,NONOAI,3191,3639
rs,87580,SALVADOR DAS MISSÕES,1093,889
rs,87599,NOVA ARAÇÁ,2120,712
rs,87602,SANTA CLARA DO SUL,2259,1923
rs,87610,NOVA BASSANO,4474,1332
rs,87629,SANTA TEREZA,858,508
rs,87637,NOVA BRÉSCIA,1594,684
rs,87645,SANTO ANTÔNIO DO PALMA,849,671
rs,87653,NOVA PALMA,2371,1971
rs,87661,SANTO ANTÔNIO DO PLANALTO,921,632
rs,87670,NOVA PETRÓPOLIS,9524,3729
rs,87688,SANTO EXPEDITO DO SUL,975,817
rs,87696,NOVA PRATA,11343,3379
rs,87700,SÃO JOÃO DO POLÊSINE,1181,736
rs,87718,NOVO HAMBURGO,82351,57668
rs,87726,SÃO JOSÉ DOS AUSENTES,1159,987
rs,87734,OSÓRIO,13752,12389
rs,87742,SÃO JOSÉ DO INHACORÁ,902,867
rs,87750,PAIM FILHO,1515,1527
rs,87769,SÃO JOSÉ DAS MISSÕES,715,989
rs,87777,PALMEIRA DAS MISSÕES,9470,9915
rs,87785,SÃO MARTINHO DA SERRA,1350,872
rs,87793,PALMITINHO,1994,2899
rs,87807,SÃO PEDRO DA SERRA,1324,1004
rs,87815,PANAMBI,14188,10175
rs,87823,SÃO PEDRO DO BUTIÁ,1004,1047
rs,87831,PARAÍ,3635,1094
rs,87840,SÃO VALENTIM DO SUL,1028,608
rs,87858,PASSO FUNDO,60584,50019
rs,87866,SÃO VALÉRIO DO SUL,578,1020
rs,87874,PEDRO OSÓRIO,1920,3034
rs,87882,SENTINELA DO SUL,1445,1908
rs,87890,PEJUÇARA,1243,1378
rs,87904,SÉRIO,560,1074
rs,87912,PELOTAS,86663,104132
rs,87920,SERTÃO SANTANA,2288,1640
rs,87939,PINHEIRO MACHADO,3411,4597
rs,87947,SINIMBU,2822,3462
rs,87955,PIRATINI,4699,6904
rs,87963,TIRADENTES DO SUL,1888,2052
rs,87971,PLANALTO,3244,2741
rs,87980,TRAVESSEIRO,824,881
rs,87998,PORTÃO,9148,8969
rs,88005,TRÊS FORQUILHAS,954,1093
rs,88013,PORTO ALEGRE,440497,375606
rs,88021,TUPANCI DO SUL,592,477
rs,88030,PORTO LUCENA,1625,1779
rs,88048,UNIÃO DA SERRA,748,408
rs,88056,PORTO XAVIER,2635,3227
rs,88064,VALE DO SOL,3442,3534
rs,88072,PUTINGA,1842,977
rs,88080,VALE REAL,2156,1416
rs,88099,QUARAÍ,6336,6899
rs,88102,VILA NOVA DO SUL,1279,1343
rs,88110,REDENTORA,1907,2694
rs,88129,VITÓRIA DAS MISSÕES,1135,1443
rs,88137,RESTINGA SÊCA,6041,3941
rs,88145,XANGRI-LÁ,4724,2715
rs,88153,RIO GRANDE,39423,74925
rs,88161,BOA VISTA DO SUL,1182,807
rs,88170,RIO PARDO,9020,14242
rs,88188,DILERMANDO DE AGUIAR,1182,929
rs,88196,ROCA SALES,3691,2748
rs,88200,CAPIVARI DO SUL,1141,1411
rs,88218,RODEIO BONITO,2044,1950
rs,88226,NOVA CANDELÁRIA,986,1064
rs,88234,ROLANTE,8009,4505
rs,88242,FLORIANO PEIXOTO,799,684
rs,88250,RONDA ALTA,2856,3290
rs,88269,CHUVISCA,1824,1476
rs,88277,RONDINHA,2075,1917
rs,88285,ESPERANÇA DO SUL,1026,1186
rs,88293,ROQUE GONZALES,1930,2577
rs,88307,DOUTOR RICARDO,901,636
rs,88315,ROSÁRIO DO SUL,10755,11980
rs,88323,HERVEIRAS,570,1321
rs,88331,SALVADOR DO SUL,2689,1840
rs,88340,CARAÁ,2646,2179
rs,88358,SANANDUVA,6759,3573
rs,88366,FAZENDA VILANOVA,1170,1197
rs,88374,SANTA BÁRBARA DO SUL,3095,2651
rs,88382,ITAARA,1750,1171
rs,88390,SANTA CRUZ DO SUL,44319,32446
rs,88404,ESTRELA VELHA,1202,1234
rs,88412,SANTA MARIA,86998,64959
rs,88420,BENJAMIN CONSTANT DO SUL,477,943
rs,88439,SANTANA DA BOA VISTA,2342,2555
rs,88447,MAÇAMBARÁ,1099,1575
rs,88455,SANT ANA DO LIVRAMENTO,20198,30294
rs,88463,DOM PEDRO DE ALCÂNTARA,918,954
rs,88471,SANTA ROSA,23375,19709
rs,88480,UNISTALDA,917,881
rs,88498,SANTA VITÓRIA DO PALMAR,8380,8696
rs,88501,TURUÇU,1487,1073
rs,88510,SANTIAGO,14900,13762
rs,88528,CRISTAL DO SUL,786,1131
rs,88536,SANTO ÂNGELO,21305,24897
rs,88544,MUITOS CAPÕES,1278,393
rs,88552,SANTO ANTÔNIO DA PATRULHA,11723,12501
rs,88560,NOVA RAMADA,962,821
rs,88579,SANTO ANTÔNIO DAS MISSÕES,2588,3933
rs,88587,JARI,933,1441
rs,88595,SANTO AUGUSTO,3715,5159
rs,88609,UBIRETAMA,986,587
rs,88617,SANTO CRISTO,5539,4801
rs,88625,BARRA DO QUARAÍ,881,950
rs,88633,SÃO BORJA,13938,21290
rs,88641,CERRITO,1804,2529
rs,88650,SÃO FRANCISCO DE ASSIS,5189,6280
rs,88668,VALE VERDE,1171,1030
rs,88676,SÃO FRANCISCO DE PAULA,6705,5490
rs,88684,NOVO CABRAIS,1524,1311
rs,88692,SÃO GABRIEL,17859,15910
rs,88706,SETE DE SETEMBRO,617,822
rs,88714,SÃO JERÔNIMO,5964,6604
rs,88722,TABAÍ,1283,1606
rs,88730,SÃO JOSÉ DO NORTE,7476,9225
rs,88749,VILA LÂNGARO,1001,696
rs,88757,SÃO JOSÉ DO OURO,2989,1711
rs,88765,SENADOR SALGADO FILHO,1275,844
rs,88773,SÃO LEOPOLDO,60570,64778
rs,88781,VESPASIANO CORRÊA,1224,508
rs,88790,SÃO LOURENÇO DO SUL,13791,14420
rs,88803,MONTE ALEGRE DOS CAMPOS,1520,705
rs,88811,SÃO LUIZ GONZAGA,8012,11148
rs,88820,MARQUES DE SOUZA,1358,1440
rs,88838,SÃO MARCOS,10751,2735
rs,88846,CHUÍ,1318,1718
rs,88854,SÃO MARTINHO,2175,1848
rs,88862,ARARICÁ,1834,1574
rs,88870,SÃO NICOLAU,1238,1918
rs,88889,PASSA SETE,1352,1877
rs,88897,SÃO PAULO DAS MISSÕES,1833,2430
rs,88900,TOROPI,1153,954
rs,88919,SÃO PEDRO DO SUL,5892,4566
rs,88927,BALNEÁRIO PINHAL,3225,2393
rs,88935,SÃO SEBASTIÃO DO CAÍ,7939,6577
rs,88943,MAMPITUBA,1002,1189
rs,88951,SÃO SEPÉ,6234,8207
rs,88978,SÃO VALENTIM,1495,1073
rs,88986,ACEGUÁ,1695,1388
rs,88994,SAPIRANGA,25426,21466
rs,89001,ALMIRANTE TAMANDARÉ DO SUL,674,820
rs,89010,SAPUCAIA DO SUL,31488,48484
rs,89028,ARROIO DO PADRE,1526,638
rs,89036,SARANDI,7662,5673
rs,89044,BOA VISTA DO CADEADO,950,685
rs,89052,SEBERI,3439,3686
rs,89060,BOA VISTA DO INCRA,780,958
rs,89079,SELBACH,2065,1430
rs,89087,BOZANO,937,861
rs,89095,SERAFINA CORRÊA,6295,2880
rs,89109,CANUDOS DO VALE,466,1067
rs,89117,SERTÃO,2620,1680
rs,89125,CAPÃO BONITO DO SUL,684,687
rs,89133,SEVERIANO DE ALMEIDA,1533,1323
rs,89141,CAPÃO DO CIPÓ,846,1170
rs,89150,CAPÃO DA CANOA,14302,10135
rs,89168,COQUEIRO BAIXO,689,410
rs,89176,SOBRADINHO,5171,3415
rs,89184,CORONEL PILAR,819,405
rs,89192,SOLEDADE,8818,8370
rs,89206,CRUZALTENSE,1003,667
rs,89214,TAPEJARA,9437,3317
rs,89222,FORQUETINHA,845,1043
rs,89230,TAPERA,3283,3363
rs,89247,SANTA CECÍLIA DO SUL,822,542
rs,89249,ITATI,974,953
rs,89257,TAPES,4314,4950
rs,89265,JACUIZINHO,630,1010
rs,89273,TAQUARA,17996,13322
rs,89281,LAGOA BONITA DO SUL,863,1025
rs,89290,TAQUARI,7200,9414
rs,89303,MATO QUEIMADO,630,635
rs,89311,TENENTE PORTELA,3893,3932
rs,89320,NOVO XINGU,552,672
rs,89338,TORRES,11814,8698
rs,89346,PAULO BENTO,1009,697
rs,89354,TRAMANDAÍ,11438,11292
rs,89362,PINHAL DA SERRA,831,848
rs,89370,TRÊS COROAS,9031,5234
rs,89389,QUATRO IRMÃOS,671,620
rs,89397,TRÊS DE MAIO,9040,6406
rs,89400,ROLADOR,630,1109
rs,89419,TRÊS PASSOS,7295,7602
rs,89435,TRIUNFO,8087,7622
rs,89443,SANTA MARGARIDA DO SUL,1017,846
rs,89451,TUCUNDUVA,2404,1521
rs,89460,SÃO JOSÉ DO SUL,900,700
rs,89478,TUPANCIRETÃ,5951,6876
rs,89486,SÃO PEDRO DAS MISSÕES,586,747
rs,89494,TUPARENDI,3505,2379
rs,89508,TIO HUGO,1049,952
rs,89516,URUGUAIANA,33806,29132
rs,89524,WESTFALIA,933,1245
rs,89532,VACARIA,24692,9687
rs,89540,PINTO BANDEIRA,1279,506
rs,89559,VENÂNCIO AIRES,20906,21519
rs,89567,PEDRAS ALTAS,568,856
rs,89575,VERA CRUZ,7728,7725
rs,89591,VERANÓPOLIS,11503,2899
rs,89613,VIADUTOS,2095,1438
rs,89630,VIAMÃO,58641,65316
rs,89656,VICENTE DUTRA,1552,1576
rs,89672,PALMARES DO SUL,3480,3951
rs,89699,VICTOR GRAEFF,1284,902
rs,89710,TAVARES,1331,2096
rs,89737,CAPÃO DO LEÃO,5140,9094
rs,89753,SALTO DO JACUÍ,2948,3608
rs,89770,COTIPORÃ,1977,787
rs,98213,TEUTÔNIA,9680,9286
rs,98230,BOM PRINCÍPIO,5361,2581
rs,98256,PAROBÉ,14764,15031
rs,98272,FORTALEZA DOS VALOS,1695,1469
rs,98299,JÓIA,2079,3167
sc,80004,MONTE CARLO,3030,2197
sc,80012,ABELARDO LUZ,5194,4457
sc,80020,IPORÃ DO OESTE,3178,2612
sc,80039,AGROLÂNDIA,3778,2533
sc,80047,LINDÓIA DO SUL,1804,1280
sc,80055,AGRONÔMICA,2109,1155
sc,80063,APIÚNA,4051,2058
sc,80071,ÁGUA DOCE,2652,1564
sc,80080,DOUTOR PEDRINHO,1822,520
sc,80098,ÁGUAS DE CHAPECÓ,1456,2171
sc,80101,JOSÉ BOITEUX,1756,1312
sc,80110,ÁGUAS MORNAS,2826,1679
sc,80128,VITOR MEIRELES,1576,1685
sc,80136,ALFREDO WAGNER,3874,2489
sc,80144,UNIÃO DO OESTE,1109,989
sc,80152,ANCHIETA,1710,2322
sc,80160,URUPEMA,1047,682
sc,80179,ANGELINA,2076,2089
sc,80187,IRACEMINHA,1494,1465
sc,80195,ANITA GARIBALDI,2312,3034
sc,80209,TIMBÓ GRANDE,1988,2251
sc,80217,ANITÁPOLIS,1206,1110
sc,80225,ABDON BATISTA,1012,923
sc,80233,ANTÔNIO CARLOS,3999,1810
sc,80241,SANTA ROSA DO SUL,2692,2623
sc,80250,ARAQUARI,6174,6101
sc,80268,CELSO RAMOS,833,1092
sc,80276,ARARANGUÁ,20538,16630
sc,80284,SERRA ALTA,1065,1162
sc,80292,ARMAZÉM,3124,2052
sc,80306,COCAL DO SUL,6903,3436
sc,80314,ARROIO TRINTA,1693,815
sc,80322,NOVA ITABERABA,1512,1748
sc,80330,ASCURRA,3825,1149
sc,80349,SANTA TEREZINHA,3162,2217
sc,80357,ATALANTA,1589,803
sc,80365,MIRIM DOCE,1071,775
sc,80373,AURORA,2413,1578
sc,80381,CERRO NEGRO,946,1427
sc,80390,BALNEÁRIO CAMBORIÚ,48410,15400
sc,80403,PASSO DE TORRES,2136,1676
sc,80411,BARRA VELHA,8836,4697
sc,80420,BRAÇO DO TROMBUDO,1917,659
sc,80438,BENEDITO NOVO,5622,1140
sc,80446,SUL BRASIL,907,1050
sc,80454,BIGUAÇU,21567,12616
sc,80462,VARGEM,985,1073
sc,80470,BLUMENAU,145111,42869
sc,80489,ARABUTÃ,1766,1355
sc,80497,BOM RETIRO,2935,2267
sc,80500,ÁGUAS FRIAS,958,982
sc,80519,BOTUVERÁ,2273,1058
sc,80527,GUATAMBÚ,1777,2251
sc,80535,BRAÇO DO NORTE,13602,4878
sc,80543,PLANALTO ALEGRE,1012,1349
sc,80551,BRUSQUE,55110,12080
sc,80560,RIQUEZA,1376,1779
sc,80578,CAÇADOR,22078,16813
sc,80586,LAJEADO GRANDE,618,673
sc,80594,CAIBI,2027,1915
sc,80608,RIO RUFINO,972,806
sc,80616,CAMBORIÚ,18197,11298
sc,80624,PASSOS MAIA,1083,1446
sc,80632,CAMPO ALEGRE,5774,1672
sc,80640,SÃO JOÃO DO OESTE,2832,1500
sc,80659,CAMPO BELO DO SUL,2387,2371
sc,80667,CALMON,969,1307
sc,80675,CAMPO ERÊ,2371,3101
sc,80683,BALNEÁRIO BARRA DO SUL,3306,2562
sc,80691,CAMPOS NOVOS,12512,7000
sc,80705,PARAÍSO,1295,1584
sc,80713,CANELINHA,4817,2196
sc,80721,SANTA HELENA,840,1023
sc,80730,CANOINHAS,22218,9989
sc,80748,BELMONTE,906,952
sc,80756,CAPINZAL,8161,4668
sc,80764,NOVO HORIZONTE,966,999
sc,80772,CATANDUVAS,3385,2510
sc,80780,SÃO MIGUEL DA BOA VISTA,561,856
sc,80799,CAXAMBU DO SUL,1486,2027
sc,80802,ARVOREDO,861,935
sc,80810,CHAPECÓ,62113,48754
sc,80829,IPUAÇU,1265,2589
sc,80837,CONCÓRDIA,29087,15051
sc,80845,OURO VERDE,943,720
sc,80853,CORONEL FREITAS,3661,3145
sc,80861,IRATI,795,705
sc,80870,CORUPÁ,6529,2837
sc,80888,FORMOSA DO SUL,818,1021
sc,80896,CRICIÚMA,75063,35180
sc,80900,MACIEIRA,754,712
sc,80918,CUNHA PORÃ,4395,2706
sc,80926,PONTE ALTA DO NORTE,1140,863
sc,80934,CURITIBANOS,14268,8218
sc,80942,SÃO CRISTÓVÃO DO SUL,1649,854
sc,80950,DESCANSO,2938,2926
sc,80969,VARGEM BONITA,1758,1458
sc,80977,DIONÍSIO CERQUEIRA,4392,4185
sc,80985,BOMBINHAS,5279,2915
sc,80993,DONA EMMA,1359,1100
sc,81000,SANGÃO,3899,2454
sc,81019,ERVAL VELHO,2022,1065
sc,81027,CAPIVARI DE BAIXO,5989,7291
sc,81035,FAXINAL DOS GUEDES,2545,4443
sc,81043,CORDILHEIRA ALTA,1300,1761
sc,81051,FLORIANÓPOLIS,164824,85791
sc,81060,FORQUILHINHA,9690,5053
sc,81078,FRAIBURGO,13543,6456
sc,81086,MORRO GRANDE,1637,742
sc,81094,GALVÃO,1005,1269
sc,81108,CORONEL MARTINS,790,937
sc,81116,GOVERNADOR CELSO RAMOS,6753,2496
sc,81124,SÃO JOÃO DO ITAPERIÚ,1763,763
sc,81132,GAROPABA,7572,4306
sc,81140,JARDINÓPOLIS,685,536
sc,81159,GARUVA,5130,3100
sc,81167,ERMO,1368,866
sc,81175,GASPAR,24823,9313
sc,81183,SÃO PEDRO DE ALCÂNTARA,1931,975
sc,81191,GRÃO-PARÁ,2992,1737
sc,81205,SANTIAGO DO SUL,636,546
sc,81213,GRAVATAL,4907,2023
sc,81221,BELA VISTA DO TOLDO,2210,1811
sc,81230,GUABIRUBA,9454,2472
sc,81248,CAPÃO ALTO,1445,789
sc,81256,GUARACIABA,3829,3454
sc,81264,PAINEL,941,1018
sc,81272,GUARAMIRIM,13785,7838
sc,81280,BOCAINA DO SUL,1161,1271
sc,81299,GUARUJÁ DO SUL,1699,1509
sc,81302,ALTO BELA VISTA,924,620
sc,81310,HERVAL D OESTE,8616,4435
sc,81329,FREI ROGÉRIO,870,918
sc,81337,IBICARÉ,1626,820
sc,81345,TREVISO,2295,773
sc,81353,IBIRAMA,7401,3728
sc,81361,IOMERÊ,1436,857
sc,81370,IÇARA,16944,13463
sc,81388,BOM JESUS,783,1069
sc,81396,ILHOTA,5638,2472
sc,81400,IBIAM,866,636
sc,81418,IMARUÍ,3276,4115
sc,81426,ENTRE RIOS,613,1492
sc,81434,IMBITUBA,13253,11256
sc,81442,PAIAL,670,757
sc,81450,IMBUIA,1929,1937
sc,81469,BOM JESUS DO OESTE,705,868
sc,81477,INDAIAL,25350,7642
sc,81485,SÃO BERNARDINO,655,1269
sc,81493,IPIRA,1565,1502
sc,81507,SANTA TEREZINHA DO PROGRESSO,739,1205
sc,81515,IPUMIRIM,2500,2329
sc,81523,SALTINHO,962,1599
sc,81531,IRANI,2830,3129
sc,81540,JUPIÁ,672,912
sc,81558,IRINEÓPOLIS,3149,3146
sc,81566,PALMEIRA,1346,852
sc,81574,ITÁ,2349,2123
sc,81582,BANDEIRANTE,983,1250
sc,81590,ITAIÓPOLIS,7681,4752
sc,81604,FLOR DO SERTÃO,467,822
sc,81612,ITAJAÍ,73269,30682
sc,81620,CUNHATAÍ,696,741
sc,81639,ITAPEMA,18782,6736
sc,81647,PRINCESA,1012,1036
sc,81655,ITAPIRANGA,6248,3302
sc,81663,ITAPOÁ,4945,3315
sc,81671,ITUPORANGA,9661,4993
sc,81680,TIGRINHOS,548,985
sc,81698,JABORÁ,1763,1301
sc,81701,CHAPADÃO DO LAGEADO,1061,921
sc,81710,JACINTO MACHADO,4918,2398
sc,81728,BALNEÁRIO ARROIO DO SILVA,3481,3057
sc,81736,JAGUARUNA,5602,5233
sc,81744,BALNEÁRIO GAIVOTA,2590,2714
sc,81752,JARAGUÁ DO SUL,62397,27164
sc,81760,BARRA BONITA,726,769
sc,81779,JOAÇABA,12104,4839
sc,81787,BRUNÓPOLIS,1090,1092
sc,81795,JOINVILLE,200780,102125
sc,81809,LUZERNA,2938,1121
sc,81817,LACERDÓPOLIS,1102,573
sc,81825,ZORTÉA,1315,891
sc,81833,LAGES,55525,36959
sc,81850,LAGUNA,13495,12130
sc,81876,LAURENTINO,2928,1534
sc,81892,LAURO MÜLLER,7241,2428
sc,81914,LEBON RÉGIS,2631,3969
sc,81930,LEOBERTO LEAL,1229,1297
sc,81957,LONTRAS,4326,2165
sc,81973,LUIZ ALVES,5513,1565
sc,81990,MAFRA,24376,8949
sc,82015,MAJOR GERCINO,1406,888
sc,82031,MAJOR VIEIRA,2774,1882
sc,82058,MARAVILHA,7783,6449
sc,82066,MAREMA,780,954
sc,82074,MASSARANDUBA,7494,2660
sc,82090,MATOS COSTA,742,906
sc,82112,MELEIRO,3407,1400
sc,82139,MODELO,1343,1427
sc,82155,MONDAÍ,3084,3007
sc,82171,MONTE CASTELO,2908,2212
sc,82198,MORRO DA FUMAÇA,7125,3346
sc,82210,NAVEGANTES,20648,11036
sc,82236,NOVA ERECHIM,1911,1221
sc,82252,NOVA TRENTO,5761,2532
sc,82279,NOVA VENEZA,6397,3216
sc,82295,ORLEANS,11568,3116
sc,82317,OURO,3271,1634
sc,82333,PALHOÇA,48851,28441
sc,82350,PALMA SOLA,1645,2846
sc,82376,PALMITOS,5460,4689
sc,82392,PAPANDUVA,6103,5348
sc,82414,PAULO LOPES,2582,1871
sc,82430,PEDRAS GRANDES,2144,1052
sc,82457,PENHA,9383,4243
sc,82473,PERITIBA,1515,825
sc,82490,PETROLÂNDIA,2439,1837
sc,82511,BALNEÁRIO PIÇARRAS,6591,3299
sc,82538,PINHALZINHO,6014,5143
sc,82554,PINHEIRO PRETO,1373,772
sc,82570,PIRATUBA,2119,1465
sc,82597,POMERODE,14006,4006
sc,82619,PONTE ALTA,1773,1273
sc,82635,PONTE SERRADA,2893,3670
sc,82651,PORTO BELO,6201,2404
sc,82678,PORTO UNIÃO,11874,6841
sc,82694,POUSO REDONDO,5719,3038
sc,82716,PRAIA GRANDE,2710,1943
sc,82732,PRESIDENTE CASTELLO BRANCO,932,380
sc,82759,PRESIDENTE GETÚLIO,6229,3475
sc,82775,PRESIDENTE NEREU,1086,615
sc,82791,QUILOMBO,3428,3371
sc,82813,RANCHO QUEIMADO,1397,842
sc,82830,RIO DAS ANTAS,3184,1113
sc,82856,RIO DO CAMPO,2787,1439
sc,82872,RIO DO OESTE,2734,2012
sc,82899,RIO DOS CEDROS,5126,1629
sc,82910,RIO DO SUL,27964,10206
sc,82937,RIO FORTUNA,2603,1153
sc,82953,RIO NEGRINHO,18466,5666
sc,82970,RODEIO,5730,1524
sc,82996,ROMELÂNDIA,1357,1960
sc,83011,SALETE,2885,1898
sc,83038,SALTO VELOSO,1792,1135
sc,83054,SANTA CECÍLIA,6006,3138
sc,83070,SANTA ROSA DE LIMA,973,654
sc,83097,SANTO AMARO DA IMPERATRIZ,8526,4770
sc,83119,SÃO BENTO DO SUL,35555,12736
sc,83135,SÃO BONIFÁCIO,1549,673
sc,83151,SÃO CARLOS,3712,2830
sc,83178,SÃO DOMINGOS,2813,3023
sc,83194,SÃO FRANCISCO DO SUL,15987,9057
sc,83216,SÃO JOÃO BATISTA,11814,3561
sc,83232,SÃO JOÃO DO SUL,3349,1860
sc,83259,SÃO JOAQUIM,9314,5751
sc,83275,SÃO JOSÉ,76117,40401
sc,83291,SÃO JOSÉ DO CEDRO,5079,3718
sc,83313,SÃO JOSÉ DO CERRITO,2355,3300
sc,83330,SÃO LOURENÇO DO OESTE,7394,6843
sc,83356,SÃO LUDGERO,4602,2258
sc,83372,SÃO MARTINHO,1787,903
sc,83399,SÃO MIGUEL DO OESTE,12453,9744
sc,83410,SAUDADES,3470,2759
sc,83437,SCHROEDER,6434,3479
sc,83453,SEARA,6183,5007
sc,83470,SIDERÓPOLIS,6030,2635
sc,83496,SOMBRIO,9066,7263
sc,83518,TAIÓ,7456,3485
sc,83534,TANGARÁ,3673,1894
sc,83550,TIJUCAS,13893,5319
sc,83577,TIMBÓ,20182,4151
sc,83593,TRÊS BARRAS,6829,4069
sc,83615,TREZE DE MAIO,3458,1615
sc,83631,TREZE TÍLIAS,3039,981
sc,83658,TROMBUDO CENTRAL,2898,1382
sc,83674,TUBARÃO,37895,21278
sc,83682,TUNÁPOLIS,1926,1323
sc,83690,TURVO,5748,2421
sc,83712,URUBICI,3729,2171
sc,83739,URUSSANGA,9981,3317
sc,83755,VARGEÃO,949,1327
sc,83771,VIDAL RAMOS,2029,2131
sc,83798,VIDEIRA,19122,8439
sc,83810,WITMARSUM,1413,1159
sc,83836,XANXERÊ,12499,14142
sc,83852,XAVANTINA,1631,1475
sc,83879,XAXIM,8702,8091
sc,83895,BOM JARDIM DA SERRA,1425,1347
sc,83909,BALNEÁRIO RINCÃO,4012,3514
sc,83917,MARACAJÁ,2417,2242
sc,83925,PESCARIA BRAVA,2564,3153
sc,83933,TIMBÉ DO SUL,2158,1590
sc,83950,CORREIA PINTO,4833,4436
sc,83976,OTACÍLIO COSTA,6176,3517
se,31003,SANTANA DO SÃO FRANCISCO,929,3030
se,31011,AMPARO DE SÃO FRANCISCO,659,1122
se,31038,AQUIDABÃ,2823,8586
se,31054,ARACAJU,132497,174586
se,31070,ARAUÁ,2041,4523
se,31097,AREIA BRANCA,3740,5994
se,31119,BARRA DOS COQUEIROS,4754,8445
se,31135,BREJO GRANDE,1046,3201
se,31151,BOQUIM,4374,10625
se,31194,CAMPO DO BRITO,3178,7062
se,31216,CANHOBA,519,2595
se,31232,CANINDÉ DE SÃO FRANCISCO,2987,12922
se,31259,CAPELA,5228,11599
se,31275,CARIRA,2762,9401
se,31291,CARMÓPOLIS,3984,5624
se,31313,CEDRO DE SÃO JOÃO,1045,2583
se,31330,CRISTINÁPOLIS,1803,6804
se,31356,NOSSA SENHORA APARECIDA,2038,3436
se,31372,CUMBE,926,1823
se,31399,DIVINA PASTORA,575,2077
se,31410,ESTÂNCIA,7410,26231
se,31437,FEIRA NOVA,1086,2839
se,31453,FREI PAULO,4115,5003
se,31470,GENERAL MAYNARD,602,1199
se,31496,GARARU,1320,5383
se,31518,GRACCHO CARDOSO,747,3392
se,31534,ILHA DAS FLORES,1413,3362
se,31550,INDIAROBA,1549,6336
se,31577,ITABAIANA,19605,29937
se,31593,ITABAIANINHA,5579,15458
se,31615,ITABI,965,2293
se,31631,ITAPORANGA D AJUDA,5288,13024
se,31658,JAPARATUBA,2979,7095
se,31674,JAPOATÃ,1751,5916
se,31690,LAGARTO,13493,40130
se,31712,LARANJEIRAS,4939,10373
se,31739,MACAMBIRA,1528,3034
se,31755,MALHADA DOS BOIS,531,2126
se,31771,MALHADOR,2029,5139
se,31798,MARUIM,1791,7253
se,31810,MOITA BONITA,2838,3918
se,31836,MONTE ALEGRE DE SERGIPE,2138,5519
se,31852,MURIBECA,1267,3373
se,31879,NEÓPOLIS,2408,7695
se,31895,NOSSA SENHORA DA GLÓRIA,4641,14696
se,31917,NOSSA SENHORA DAS DORES,4776,9778
se,31933,NOSSA SENHORA DE LOURDES,744,3510
se,31950,NOSSA SENHORA DO SOCORRO,27104,48421
se,31976,PACATUBA,1472,6000
se,31992,PEDRA MOLE,964,1357
se,32018,PEDRINHAS,1556,3393
se,32034,PINHÃO,1101,2820
se,32050,PIRAMBU,1447,3833
se,32077,POÇO REDONDO,4135,9741
se,32093,POÇO VERDE,3733,9183
se,32115,PORTO DA FOLHA,3601,12102
se,32131,PROPRIÁ,5360,9848
se,32158,RIACHÃO DO DANTAS,2750,9247
se,32174,RIACHUELO,1383,4130
se,32190,RIBEIRÓPOLIS,4610,5919
se,32212,ROSÁRIO DO CATETE,1516,4544
se,32239,SALGADO,2599,8650
se,32255,SANTA LUZIA DO ITANHY,1449,5734
se,32298,SANTA ROSA DE LIMA,650,2082
se,32310,SANTO AMARO DAS BROTAS,1019,4756
se,32336,SÃO CRISTÓVÃO,11876,27933
se,32352,SÃO DOMINGOS,2197,3541
se,32379,SÃO FRANCISCO,651,1864
se,32395,SÃO MIGUEL DO ALEIXO,908,1574
se,32417,SIMÃO DIAS,7038,17758
se,32433,SIRIRI,1226,3418
se,32450,TELHA,1010,1381
se,32476,TOBIAS BARRETO,7270,20658
se,32492,TOMAR DO GERU,2168,4590
se,32514,UMBAÚBA,4421,7955
sp,61000,EUCLIDES DA CUNHA PAULISTA,1783,3389
sp,61018,ADAMANTINA,14477,5780
sp,61026,BOREBI,996,548
sp,61034,ADOLFO,1527,1132
sp,61042,TARUMÃ,4817,3533
sp,61050,AGUAÍ,11184,6342
sp,61069,MOTUCA,1357,1298
sp,61077,ÁGUAS DA PRATA,3158,1600
sp,61085,IARAS,1214,1374
sp,61093,ÁGUAS DE LINDÓIA,8211,2055
sp,61107,GUATAPARÁ,1997,1857
sp,61115,ÁGUAS DE SÃO PEDRO,2028,378
sp,61123,DIRCE REIS,646,568
sp,61131,AGUDOS,14898,5912
sp,61140,ESPÍRITO SANTO DO TURVO,1309,1273
sp,61158,ALFREDO MARCONDES,1683,1237
sp,61166,ROSANA,3936,6568
sp,61174,ALTAIR,1176,952
sp,61182,EMBAÚBA,1364,512
sp,61190,ALTINÓPOLIS,5854,3541
sp,61204,ILHA SOLTEIRA,8605,5888
sp,61212,ALTO ALEGRE,1941,848
sp,61220,ALUMÍNIO,6116,4673
sp,61239,ÁLVARES FLORENCE,1980,932
sp,61247,PEDRINHAS PAULISTA,1275,776
sp,61255,ÁLVARES MACHADO,7892,5735
sp,61263,ARAÇARIGUAMA,6426,3815
sp,61271,ÁLVARO DE CARVALHO,1045,1023
sp,61280,BERTIOGA,16482,10640
sp,61298,ALVINLÂNDIA,1039,948
sp,61301,SUZANÁPOLIS,1059,1135
sp,61310,AMERICANA,86888,44206
sp,61328,SANTO ANTÔNIO DO ARACANGUÁ,2763,2235
sp,61336,AMÉRICO BRASILIENSE,9089,10774
sp,61344,CANITAR,1640,1039
sp,61352,AMÉRICO DE CAMPOS,2765,1035
sp,61360,BARRA DO CHAPÉU,1115,2116
sp,61379,AMPARO,30343,9150
sp,61387,EMILIANÓPOLIS,918,1125
sp,61395,ANALÂNDIA,2160,554
sp,61409,NOVAIS,1645,846
sp,61417,ANDRADINA,19121,13134
sp,61425,NOVA CANAÃ PAULISTA,679,858
sp,61433,ANGATUBA,7438,5396
sp,61441,SALTINHO,4441,637
sp,61450,ANHEMBI,2798,814
sp,61468,UBARANA,1521,1700
sp,61476,ANHUMAS,1602,983
sp,61484,CAJATI,8899,6949
sp,61492,APARECIDA,14816,7649
sp,61506,CAMPINA DO MONTE ALEGRE,2067,1383
sp,61514,APARECIDA D OESTE,1655,1281
sp,61522,ASPÁSIA,862,564
sp,61530,APIAÍ,6415,7475
sp,61549,VARGEM,3738,1377
sp,61557,ARAÇATUBA,74423,33354
sp,61565,POTIM,5180,3689
sp,61573,ARAÇOIABA DA SERRA,11842,4516
sp,61581,ALAMBARI,1939,1179
sp,61590,ARAMINA,1677,1684
sp,61603,ITAOCA,789,1208
sp,61611,ARANDU,2513,1571
sp,61620,TUIUTI,3051,897
sp,61638,ARARAQUARA,72033,46070
sp,61646,ARAPEÍ,1004,727
sp,61654,ARARAS,56542,17029
sp,61662,ESTIVA GERBI,3982,2269
sp,61670,AREALVA,3248,1414
sp,61689,ENGENHEIRO COELHO,4796,4221
sp,61697,AREIAS,1201,1180
sp,61700,RIBEIRÃO GRANDE,2119,2951
sp,61719,AREIÓPOLIS,3686,2774
sp,61727,HORTOLÂNDIA,44870,58720
sp,61735,ARIRANHA,4539,985
sp,61743,HOLAMBRA,5923,2282
sp,61751,ARTUR NOGUEIRA,16801,7715
sp,61760,ELISIÁRIO,1535,611
sp,61778,ARUJÁ,29539,17863
sp,61786,BOM SUCESSO DE ITARARÉ,1215,1074
sp,61794,ASSIS,33500,16980
sp,61808,PONTALINDA,1369,1118
sp,61816,ATIBAIA,60757,15188
sp,61824,PARISI,1140,553
sp,61832,AURIFLAMA,4730,3843
sp,61840,TAQUARIVAÍ,2355,1051
sp,61859,AVAÍ,1875,1125
sp,61867,MARAPOAMA,1525,443
sp,61875,AVANHANDAVA,3289,2475
sp,61883,SÃO JOÃO DE IRACEMA,582,632
sp,61891,AVARÉ,35864,10521
sp,61905,SÃO LOURENÇO DA SERRA,5018,3025
sp,61913,BADY BASSITT,5827,3058
sp,61921,ZACARIAS,984,702
sp,61930,BALBINOS,745,280
sp,61948,ITAPIRAPUÃ PAULISTA,1110,1195
sp,61956,BÁLSAMO,4194,1261
sp,61964,MESÓPOLIS,752,497
sp,61972,BANANAL,3273,2908
sp,61980,NOVA CAMPINA,2407,2707
sp,61999,BARBOSA,2526,1505
sp,62006,ILHA COMPRIDA,3321,2185
sp,62014,BARÃO DE ANTONINA,1157,736
sp,62022,LOURDES,834,659
sp,62030,BARIRI,14197,3190
sp,62049,TORRE DE PEDRA,1309,409
sp,62057,BARRA BONITA,16775,5677
sp,62065,ARCO-ÍRIS,1051,524
sp,62073,BARRA DO TURVO,1718,2525
sp,62081,BREJO ALEGRE,826,981
sp,62090,BARRETOS,40026,21564
sp,62103,CANAS,1732,1163
sp,62111,BARRINHA,8803,7120
sp,62120,PRACINHA,585,521
sp,62138,BARUERI,95593,83265
sp,62146,PRATÂNIA,2123,1027
sp,62154,BASTOS,9649,3149
sp,62162,QUADRA,1526,626
sp,62170,BATATAIS,22284,10111
sp,62189,SANTA CRUZ DA ESPERANÇA,926,387
sp,62197,BAURU,119147,72881
sp,62200,SANTA SALETE,790,459
sp,62219,BEBEDOURO,29368,13244
sp,62227,VITÓRIA BRASIL,616,638
sp,62235,BENTO DE ABREU,1062,554
sp,62243,IPIGUÁ,1792,1019
sp,62251,BERNARDINO DE CAMPOS,4580,1685
sp,62260,TAQUARAL,1128,533
sp,62278,BILAC,3503,1097
sp,62286,FERNÃO,697,432
sp,62294,BIRIGUI,46968,15552
sp,62308,GAVIÃO PEIXOTO,1407,1497
sp,62316,BIRITIBA MIRIM,12321,4534
sp,62324,JUMIRIM,1390,400
sp,62332,BOA ESPERANÇA DO SUL,4324,3285
sp,62340,NANTES,750,1009
sp,62359,BOCAINA,5557,1107
sp,62367,NOVA CASTILHO,627,367
sp,62375,BOFETE,3325,1891
sp,62383,OUROESTE,2887,2650
sp,62391,BOITUVA,20925,7170
sp,62405,PAULISTÂNIA,917,301
sp,62413,BOM JESUS DOS PERDÕES,8434,2910
sp,62421,RIBEIRÃO DOS ÍNDIOS,789,766
sp,62430,BORÁ,498,308
sp,62448,TRABIJU,791,402
sp,62456,BORACÉIA,1561,1199
sp,62472,BORBOREMA,6493,1919
sp,62499,BOTUCATU,49864,19566
sp,62510,BRAGANÇA PAULISTA,72117,18003
sp,62553,BRAÚNA,2454,820
sp,62570,BRODOWSKI,8592,3207
sp,62596,BROTAS,10126,2573
sp,62618,BURI,7242,3560
sp,62634,BURITAMA,5384,3575
sp,62650,BURITIZAL,1889,746
sp,62677,CABRÁLIA PAULISTA,1489,1312
sp,62693,CABREÚVA,16055,8449
sp,62715,CAÇAPAVA,37666,13622
sp,62731,CACHOEIRA PAULISTA,10782,7150
sp,62758,CACONDE,5704,4667
sp,62774,CAFELÂNDIA,7070,2493
sp,62790,CAIABU,1268,1575
sp,62812,CAIEIRAS,27979,19748
sp,62839,CAIUÁ,1191,1660
sp,62855,CAJAMAR,21752,19547
sp,62871,CAJOBI,3855,2073
sp,62898,CAJURU,7969,5406
sp,62910,CAMPINAS,366419,227776
sp,62936,CAMPO LIMPO PAULISTA,25461,18439
sp,62952,CAMPOS DO JORDÃO,20178,6957
sp,62979,CAMPOS NOVOS PAULISTA,1684,1022
sp,62995,CANANÉIA,4211,2371
sp,63010,CÂNDIDO MOTA,13043,5232
sp,63037,CÂNDIDO RODRIGUES,1451,489
sp,63053,CAPÃO BONITO,17102,9050
sp,63070,CAPELA DO ALTO,6865,3051
sp,63096,CAPIVARI,21083,5865
sp,63118,CARAGUATATUBA,36820,18909
sp,63134,CARAPICUÍBA,103862,101741
sp,63150,CARDOSO,3957,3043
sp,63177,CASA BRANCA,10308,4118
sp,63193,CÁSSIA DOS COQUEIROS,1271,611
sp,63215,CASTILHO,4384,6154
sp,63231,CATANDUVA,49492,15365
sp,63258,CATIGUÁ,3503,1066
sp,63274,CEDRAL,3819,1367
sp,63290,CERQUEIRA CÉSAR,7563,2536
sp,63312,CERQUILHO,19286,4245
sp,63339,CESÁRIO LANGE,7190,1449
sp,63355,CHARQUEADA,7757,1827
sp,63371,CHAVANTES,4579,2587
sp,63398,CLEMENTINA,2707,1263
sp,63410,COLINA,6177,4279
sp,63436,COLÔMBIA,2042,1864
sp,63452,CONCHAL,12058,3536
sp,63479,CONCHAS,6796,2641
sp,63495,CORDEIRÓPOLIS,9775,3381
sp,63517,COROADOS,2259,936
sp,63533,CORONEL MACEDO,1619,1592
sp,63550,CORUMBATAÍ,1881,471
sp,63576,COSMÓPOLIS,18143,13736
sp,63592,COSMORAMA,3104,1662
sp,63614,COTIA,67143,46557
sp,63630,CRAVINHOS,14041,4233
sp,63657,CRISTAIS PAULISTA,3386,1736
sp,63673,CRUZÁLIA,1112,603
sp,63690,CRUZEIRO,31490,12583
sp,63711,CUBATÃO,31722,39480
sp,63738,CUNHA,6537,6990
sp,63754,DESCALVADO,15424,3241
sp,63770,DIADEMA,112729,131507
sp,63797,DIVINOLÂNDIA,5411,2170
sp,63819,DOBRADA,2692,1629
sp,63835,DOIS CÓRREGOS,11299,2567
sp,63851,DOLCINÓPOLIS,603,1104
sp,63878,DOURADO,4227,1195
sp,63894,DRACENA,18485,7421
sp,63916,DUARTINA,5063,2574
sp,63932,DUMONT,3766,1275
sp,63959,ECHAPORÃ,2347,1460
sp,63975,ELDORADO,3447,4058
sp,63991,ELIAS FAUSTO,5843,3790
sp,64017,EMBU DAS ARTES,66768,58376
sp,64033,EMBU-GUAÇU,20850,16135
sp,64050,ESTRELA D OESTE,3644,1639
sp,64076,ESTRELA DO NORTE,1059,851
sp,64092,FARTURA,6129,3188
sp,64114,FERNANDÓPOLIS,20758,16843
sp,64130,FERNANDO PRESTES,2561,1035
sp,64157,FERRAZ DE VASCONCELOS,43161,45162
sp,64173,FLORA RICA,632,628
sp,64190,FLOREAL,1285,778
sp,64211,FLÓRIDA PAULISTA,3978,2385
sp,64238,FLORÍNEA,1059,893
sp,64254,FRANCA,121297,58044
sp,64270,FRANCISCO MORATO,33098,48328
sp,64297,FRANCO DA ROCHA,34343,34314
sp,64319,GABRIEL MONTEIRO,1655,338
sp,64335,GÁLIA,2424,1474
sp,64351,GARÇA,18833,5846
sp,64378,GASTÃO VIDIGAL,1173,1185
sp,64394,GENERAL SALGADO,4533,1958
sp,64416,GETULINA,3696,1968
sp,64432,GLICÉRIO,1768,1280
sp,64459,GUAIÇARA,3969,2099
sp,64475,GUAIMBÊ,1735,1561
sp,64491,GUAÍRA,12676,8892
sp,64513,GUAPIAÇU,6933,3754
sp,64530,GUAPIARA,5206,5413
sp,64556,GUARÁ,5564,5749
sp,64572,GUARAÇAÍ,3082,1950
sp,64599,GUARACI,3056,2793
sp,64610,GUARANI D OESTE,625,677
sp,64637,GUARANTÃ,2535,1415
sp,64653,GUARARAPES,12238,5875
sp,64670,GUARAREMA,12245,5222
sp,64696,GUARATINGUETÁ,47558,19947
sp,64718,GUAREÍ,4380,2169
sp,64734,GUARIBA,13260,8139
sp,64750,GUARUJÁ,83706,81188
sp,64777,GUARULHOS,414153,242275
sp,64793,GUZOLÂNDIA,1274,1618
sp,64815,HERCULÂNDIA,2798,2344
sp,64831,IACANGA,4354,1479
sp,64858,IACRI,2782,1210
sp,64874,IBATÉ,12538,5599
sp,64890,IBIRÁ,4687,1617
sp,64912,IBIRAREMA,2633,1031
sp,64939,IBITINGA,21343,9629
sp,64955,IBIÚNA,32690,9643
sp,64971,ICÉM,2548,2161
sp,64998,IEPÊ,3138,1459
sp,65013,IGARAÇU DO TIETÊ,8642,4913
sp,65030,IGARAPAVA,7925,6790
sp,65056,IGARATÁ,4377,1575
sp,65072,IGUAPE,8091,6942
sp,65099,ILHABELA,11707,4495
sp,65110,INDAIATUBA,76102,37797
sp,65137,INDIANA,2083,1270
sp,65153,INDIAPORÃ,1163,1334
sp,65170,INÚBIA PAULISTA,1826,595
sp,65196,IPAUSSU,5906,2029
sp,65218,IPERÓ,7383,5746
sp,65234,IPEÚNA,3006,915
sp,65250,IPORANGA,774,1433
sp,65277,IPUÃ,4121,4120
sp,65293,IRACEMÁPOLIS,9146,3698
sp,65315,IRAPUÃ,2904,1227
sp,65331,IRAPURU,2502,1477
sp,65358,ITABERÁ,5781,4979
sp,65374,ITAÍ,7951,4589
sp,65390,ITAJOBI,7688,1640
sp,65412,ITAJU,1621,587
sp,65439,ITANHAÉM,30180,17720
sp,65455,ITAPECERICA DA SERRA,42345,39971
sp,65471,ITAPETININGA,58756,19342
sp,65498,ITAPEVA,36565,13784
sp,65510,ITAPEVI,46950,59093
sp,65536,ITAPIRA,30268,8294
sp,65552,ITÁPOLIS,16805,5250
sp,65579,ITAPORANGA,5740,2623
sp,65595,ITAPUÍ,4964,1757
sp,65617,ITAPURA,823,1742
sp,65633,ITAQUAQUECETUBA,74788,83679
sp,65650,ITARARÉ,19493,6698
sp,65676,ITARIRI,3594,2633
sp,65692,ITATIBA,46313,11193
sp,65714,ITATINGA,7720,2480
sp,65730,ITIRAPINA,4866,2311
sp,65757,ITIRAPUÃ,1898,1885
sp,65773,ITOBI,2494,2146
sp,65790,ITU,64888,22450
sp,65811,ITUPEVA,18344,9315
sp,65838,ITUVERAVA,12726,8433
sp,65854,JABORANDI,1963,1950
sp,65870,JABOTICABAL,29581,9184
sp,65897,JACAREÍ,86431,35760
sp,65919,JACI,2535,1417
sp,65935,JACUPIRANGA,5822,3347
sp,65951,JAGUARIÚNA,19741,6636
sp,65978,JALES,18540,9454
sp,65994,JAMBEIRO,2477,930
sp,66010,JANDIRA,29637,26760
sp,66036,JARDINÓPOLIS,13845,5801
sp,66052,JARINU,9350,4351
sp,66079,JAÚ,60440,14263
sp,66095,JERIQUARA,1085,1101
sp,66117,JOANÓPOLIS,5636,1323
sp,66133,JOÃO RAMALHO,1567,1155
sp,66150,JOSÉ BONIFÁCIO,13632,5799
sp,66176,JÚLIO MESQUITA,1381,1394
sp,66192,JUNDIAÍ,156327,63650
sp,66214,JUNQUEIRÓPOLIS,7191,3212
sp,66230,JUQUIÁ,6548,3779
sp,66257,JUQUITIBA,8933,6987
sp,66273,LAGOINHA,2682,1151
sp,66290,LARANJAL PAULISTA,12925,2615
sp,66311,LAVÍNIA,1594,1528
sp,66338,LAVRINHAS,2811,1656
sp,66354,LEME,39384,14819
sp,66370,LENÇÓIS PAULISTA,28332,7546
sp,66397,LIMEIRA,115053,43070
sp,66419,LINDÓIA,3263,821
sp,66435,LINS,32094,8262
sp,66451,LORENA,32582,14654
sp,66478,LOUVEIRA,16309,6883
sp,66494,LUCÉLIA,6741,3712
sp,66516,LUCIANÓPOLIS,873,575
sp,66532,LUÍS ANTÔNIO,3496,2715
sp,66559,LUIZIÂNIA,1940,1023
sp,66575,LUPÉRCIO,1578,1096
sp,66591,LUTÉCIA,1100,746
sp,66613,MACATUBA,7263,2655
sp,66630,MACAUBAL,3730,982
sp,66656,MACEDÔNIA,1265,1141
sp,66672,MAGDA,1257,908
sp,66699,MAIRINQUE,15766,10661
sp,66710,MAIRIPORÃ,29973,12339
sp,66737,MANDURI,3936,1397
sp,66753,MARABÁ PAULISTA,1093,1263
sp,66770,MARACAÍ,5179,3162
sp,66796,MARIÁPOLIS,1248,1121
sp,66818,MARÍLIA,93275,30623
sp,66834,MARINÓPOLIS,865,604
sp,66850,MARTINÓPOLIS,9706,4093
sp,66877,MATÃO,32801,15437
sp,66893,MAUÁ,125996,98132
sp,66915,MENDONÇA,1835,1395
sp,66931,MERIDIANO,1334,1402
sp,66958,MIGUELÓPOLIS,5934,6106
sp,66974,MINEIROS DO TIETÊ,5174,1711
sp,66990,MIRACATU,5559,5166
sp,67016,MIRA ESTRELA,887,1039
sp,67032,MIRANDÓPOLIS,9907,4555
sp,67059,MIRANTE DO PARANAPANEMA,4630,5322
sp,67075,MIRASSOL,20515,10322
sp,67091,MIRASSOLÂNDIA,1832,873
sp,67113,MOCOCA,27350,10886
sp,67130,MOGI DAS CRUZES,151288,70854
sp,67156,MOGI GUAÇU,56268,25936
sp,67172,MOGI MIRIM,39977,10094
sp,67199,MOMBUCA,1703,593
sp,67210,MONÇÕES,954,535
sp,67237,MONGAGUÁ,16027,10879
sp,67253,MONTE ALEGRE DO SUL,3506,931
sp,67270,MONTE ALTO,21453,5753
sp,67296,MONTE APRAZÍVEL,8687,3666
sp,67318,MONTE AZUL PAULISTA,7805,3522
sp,67334,MONTE CASTELO,1210,1419
sp,67350,MONTEIRO LOBATO,1765,959
sp,67377,MONTE MOR,13544,13948
sp,67393,MORRO AGUDO,9152,5987
sp,67415,MORUNGABA,6117,1688
sp,67431,MURUTINGA DO SUL,1537,1036
sp,67458,NARANDIBA,1545,1546
sp,67474,NATIVIDADE DA SERRA,2632,1752
sp,67490,NAZARÉ PAULISTA,7242,2380
sp,67512,NEVES PAULISTA,3652,2042
sp,67539,NHANDEARA,4714,1465
sp,67555,NIPOÃ,1973,882
sp,67571,NOVA ALIANÇA,2411,1484
sp,67598,NOVA EUROPA,2957,2712
sp,67610,NOVA GRANADA,6381,4808
sp,67636,NOVA GUATAPORANGA,650,813
sp,67652,NOVA INDEPENDÊNCIA,1192,1018
sp,67679,NOVA LUZITÂNIA,1157,1053
sp,67695,NOVA ODESSA,17843,14635
sp,67717,NOVO HORIZONTE,15850,5308
sp,67733,NUPORANGA,3091,1283
sp,67750,OCAUÇU,1493,1051
sp,67776,ÓLEO,1520,535
sp,67792,OLÍMPIA,19550,9326
sp,67814,ONDA VERDE,1624,1088
sp,67830,ORIENTE,2697,1312
sp,67857,ORINDIÚVA,2175,1242
sp,67873,ORLÂNDIA,16297,6802
sp,67890,OSASCO,244611,170585
sp,67911,OSCAR BRESSANE,1425,479
sp,67938,OSVALDO CRUZ,12535,4808
sp,67954,OURINHOS,38400,17918
sp,67970,OURO VERDE,2148,2459
sp,67997,PACAEMBU,4501,1994
sp,68012,PALESTINA,4142,2173
sp,68039,PALMARES PAULISTA,3966,1504
sp,68055,PALMEIRA D OESTE,3069,2739
sp,68071,PALMITAL,9265,3646
sp,68098,PANORAMA,4832,2980
sp,68110,PARAGUAÇU PAULISTA,13783,9127
sp,68136,PARAIBUNA,6549,3937
sp,68152,PARAÍSO,3007,875
sp,68179,PARANAPANEMA,5307,4721
sp,68195,PARANAPUÃ,1359,1061
sp,68217,PARAPUÃ,4093,2098
sp,68233,PARDINHO,2693,1045
sp,68250,PARIQUERA-AÇU,6719,3657
sp,68276,PATROCÍNIO PAULISTA,5912,2140
sp,68292,PAULICÉIA,2406,1551
sp,68314,PAULÍNIA,29718,18315
sp,68330,PAULO DE FARIA,3000,1887
sp,68357,PEDERNEIRAS,16471,7362
sp,68373,PEDRA BELA,2509,1239
sp,68390,PEDRANÓPOLIS,821,963
sp,68411,PEDREGULHO,4823,4690
sp,68438,PEDREIRA,18265,6341
sp,68454,PEDRO DE TOLEDO,2655,2319
sp,68470,PENÁPOLIS,22163,10831
sp,68497,PEREIRA BARRETO,8677,5645
sp,68519,PEREIRAS,3461,1321
sp,68535,PERUÍBE,22450,12777
sp,68551,PIACATU,2335,1099
sp,68578,PIEDADE,20912,9384
sp,68594,PILAR DO SUL,10918,5200
sp,68616,PINDAMONHANGABA,57565,23860
sp,68632,PINDORAMA,6319,2379
sp,68659,ESPÍRITO SANTO DO PINHAL,19085,5723
sp,68675,PINHALZINHO,5899,1751
sp,68691,PIQUEROBI,1019,1226
sp,68713,PIQUETE,6380,2000
sp,68730,PIRACAIA,12605,3132
sp,68756,PIRACICABA,161059,50128
sp,68772,PIRAJU,11714,4622
sp,68799,PIRAJUÍ,8275,2967
sp,68810,PIRANGI,4930,1168
sp,68837,PIRAPORA DO BOM JESUS,4227,3849
sp,68853,PIRAPOZINHO,8890,5961
sp,68870,PIRASSUNUNGA,32792,8391
sp,68896,PIRATININGA,4864,2074
sp,68918,PITANGUEIRAS,11952,6688
sp,68934,PLANALTO,1606,1375
sp,68950,PLATINA,1314,747
sp,68977,POÁ,36301,31159
sp,68993,POLONI,2482,904
sp,69019,POMPÉIA,9730,2635
sp,69035,PONGAÍ,1792,618
sp,69051,PONTAL,14339,5601
sp,69078,PONTES GESTAL,1237,597
sp,69094,POPULINA,1347,1535
sp,69116,PORANGABA,3323,1510
sp,69132,PORTO FELIZ,20969,8015
sp,69159,PORTO FERREIRA,23737,6722
sp,69175,POTIRENDABA,6740,2779
sp,69191,PRADÓPOLIS,6139,3790
sp,69213,PRAIA GRANDE,85226,51529
sp,69230,PRESIDENTE ALVES,1753,870
sp,69256,PRESIDENTE BERNARDES,4869,3283
sp,69272,PRESIDENTE EPITÁCIO,13400,9156
sp,69299,PRESIDENTE PRUDENTE,85771,36406
sp,69310,PRESIDENTE VENCESLAU,14859,6836
sp,69337,PROMISSÃO,11592,8331
sp,69353,QUATÁ,5587,1929
sp,69370,QUEIROZ,1440,738
sp,69396,QUELUZ,2848,2611
sp,69418,QUINTANA,2540,1327
sp,69434,RAFARD,4469,1521
sp,69450,RANCHARIA,11165,6424
sp,69477,REDENÇÃO DA SERRA,1887,889
sp,69493,REGENTE FEIJÓ,8073,3631
sp,69515,REGINÓPOLIS,2584,824
sp,69531,REGISTRO,19199,12149
sp,69558,RESTINGA,2251,2372
sp,69574,RIBEIRA,1014,1202
sp,69590,RIBEIRÃO BONITO,4460,2040
sp,69612,RIBEIRÃO BRANCO,5495,5006
sp,69639,RIBEIRÃO CORRENTE,1888,1030
sp,69655,RIBEIRÃO DO SUL,1475,1465
sp,69671,RIBEIRÃO PIRES,41003,25410
sp,69698,RIBEIRÃO PRETO,219751,94445
sp,69710,RIVERSUL,1677,1694
sp,69736,RIFAINA,1652,1100
sp,69752,RINCÃO,3365,2389
sp,69779,RINÓPOLIS,4034,1613
sp,69795,RIO CLARO,81098,26121
sp,69817,RIO DAS PEDRAS,13115,5366
sp,69833,RIO GRANDE DA SERRA,12385,12698
sp,69850,RIOLÂNDIA,3061,2121
sp,69876,ROSEIRA,3769,2125
sp,69892,RUBIÁCEA,1262,497
sp,69914,RUBINÉIA,1056,872
sp,69930,SABINO,1793,1547
sp,69957,SAGRES,943,657
sp,69973,SALES,2492,986
sp,69990,SALES OLIVEIRA,4489,1822
sp,70017,SALESÓPOLIS,7755,3348
sp,70033,SALMOURÃO,1856,946
sp,70050,SALTO,41727,22280
sp,70076,SALTO DE PIRAPORA,13588,7693
sp,70092,SALTO GRANDE,3121,1677
sp,70114,SANDOVALINA,1257,1246
sp,70130,SANTA ADÉLIA,6389,2128
sp,70157,SANTA ALBERTINA,2314,1288
sp,70173,SANTA BÁRBARA D OESTE,58853,45707
sp,70190,ÁGUAS DE SANTA BÁRBARA,2245,1181
sp,70211,SANTA BRANCA,6464,2332
sp,70238,SANTA CLARA D OESTE,975,603
sp,70254,SANTA CRUZ DA CONCEIÇÃO,2006,736
sp,70270,SANTA CRUZ DAS PALMEIRAS,12062,4889
sp,70297,SANTA CRUZ DO RIO PARDO,19455,5764
sp,70319,SANTA ERNESTINA,2607,1309
sp,70335,SANTA FÉ DO SUL,12291,5323
sp,70351,SANTA GERTRUDES,7936,4289
sp,70378,SANTA ISABEL,20412,9203
sp,70394,SANTA LÚCIA,2664,3149
sp,70416,SANTA MARIA DA SERRA,2294,963
sp,70432,SANTA MERCEDES,982,927
sp,70459,SANTANA DA PONTE PENSA,743,463
sp,70475,SANTANA DE PARNAÍBA,35909,21889
sp,70491,SANTA RITA D OESTE,1054,780
sp,70513,SANTA RITA DO PASSA QUATRO,12660,3144
sp,70530,SANTA ROSA DE VITERBO,9455,4306
sp,70556,SANTO ANASTÁCIO,7611,4503
sp,70572,SANTO ANDRÉ,265297,153500
sp,70599,SANTO ANTÔNIO DA ALEGRIA,2495,1826
sp,70610,SANTO ANTÔNIO DE POSSE,9039,3093
sp,70637,SANTO ANTÔNIO DO JARDIM,3078,1241
sp,70653,SANTO ANTÔNIO DO PINHAL,3435,1116
sp,70670,SANTO EXPEDITO,1127,917
sp,70696,SANTÓPOLIS DO AGUAPEÍ,1633,835
sp,70718,SANTOS,174554,76993
sp,70734,SÃO BENTO DO SAPUCAÍ,5146,1591
sp,70750,SÃO BERNARDO DO CAMPO,252572,199328
sp,70777,SÃO CAETANO DO SUL,79619,22081
sp,70793,SÃO CARLOS,89003,41975
sp,70815,SÃO FRANCISCO,1069,880
sp,70831,SÃO JOÃO DA BOA VISTA,37234,14011
sp,70858,SÃO JOÃO DAS DUAS PONTES,887,951
sp,70874,SÃO JOÃO DO PAU D ALHO,726,789
sp,70890,SÃO JOAQUIM DA BARRA,17963,9188
sp,70912,SÃO JOSÉ DA BELA VISTA,2885,1999
sp,70939,SÃO JOSÉ DO BARREIRO,1644,946
sp,70955,SÃO JOSÉ DO RIO PARDO,19849,10974
sp,70971,SÃO JOSÉ DO RIO PRETO,166950,69679
sp,70998,SÃO JOSÉ DOS CAMPOS,253864,113686
sp,71013,SÃO LUÍS DO PARAITINGA,5156,2355
sp,71030,SÃO MANUEL,17789,4931
sp,71056,SÃO MIGUEL ARCANJO,12135,5813
sp,71072,SÃO PAULO,4142529,2347250
sp,71099,SÃO PEDRO,14742,3404
sp,71110,SÃO PEDRO DO TURVO,2790,1477
sp,71137,SÃO ROQUE,30038,11945
sp,71153,SÃO SEBASTIÃO,24000,17030
sp,71170,SÃO SEBASTIÃO DA GRAMA,4335,2428
sp,71196,SÃO SIMÃO,6418,2061
sp,71218,SÃO VICENTE,101863,84698
sp,71234,SARAPUÍ,2916,2250
sp,71250,SARUTAIÁ,1231,1059
sp,71277,SEBASTIANÓPOLIS DO SUL,1772,529
sp,71293,SERRA AZUL,2937,2007
sp,71315,SERRANA,15349,7664
sp,71331,SERRA NEGRA,12755,3304
sp,71358,SERTÃOZINHO,47175,17318
sp,71374,SETE BARRAS,3566,3708
sp,71390,SEVERÍNIA,6737,2787
sp,71412,SILVEIRAS,2617,1339
sp,71439,SOCORRO,16924,4525
sp,71455,SOROCABA,226576,112872
sp,71471,SUD MENNUCCI,2674,2078
sp,71498,SUMARÉ,64557,63655
sp,71510,SUZANO,89380,63848
sp,71536,TABAPUÃ,4868,2088
sp,71552,TABATINGA,5678,2785
sp,71579,TABOÃO DA SERRA,82115,64559
sp,71595,TACIBA,2000,1904
sp,71617,TAGUAÍ,4422,2070
sp,71633,TAIAÇU,2175,1286
sp,71650,TAIÚVA,2641,832
sp,71676,TAMBAÚ,8754,4016
sp,71692,TANABI,10634,4372
sp,71714,TAPIRAÍ,2777,1530
sp,71730,TAPIRATIBA,4220,3479
sp,71757,TAQUARITINGA,18135,10836
sp,71773,TAQUARITUBA,8651,5414
sp,71790,TARABAI,1842,2247
sp,71811,TATUÍ,46952,12529
sp,71838,TAUBATÉ,120899,41712
sp,71854,TEJUPÁ,1682,1214
sp,71870,TEODORO SAMPAIO,6043,5804
sp,71897,TERRA ROXA,3434,1723
sp,71919,TIETÊ,17374,4069
sp,71935,TIMBURI,1301,522
sp,71951,TORRINHA,4116,1395
sp,71978,TREMEMBÉ,13554,4811
sp,71994,TRÊS FRONTEIRAS,2149,1475
sp,72010,TUPÃ,27128,9865
sp,72036,TUPI PAULISTA,5340,3080
sp,72052,TURIÚBA,904,361
sp,72079,TURMALINA,659,693
sp,72095,UBATUBA,30113,14308
sp,72117,UBIRAJARA,1887,844
sp,72133,UCHOA,4045,1952
sp,72150,UNIÃO PAULISTA,882,342
sp,72176,URÂNIA,2778,2375
sp,72192,URU,724,330
sp,72214,URUPÊS,5513,2349
sp,72230,VALENTIM GENTIL,4406,2504
sp,72257,VALINHOS,46460,17248
sp,72273,VALPARAÍSO,6691,4840
sp,72311,VARGEM GRANDE DO SUL,16419,6761
sp,72338,VÁRZEA PAULISTA,34384,28230
sp,72354,VERA CRUZ,4297,2171
sp,72370,VINHEDO,32607,9103
sp,72397,VIRADOURO,7019,3620
sp,72419,VISTA ALEGRE DO ALTO,2974,1012
sp,72435,VOTORANTIM,37489,26345
sp,72451,VOTUPORANGA,35674,15709
sp,72737,VARGEM GRANDE PAULISTA,15554,10059
to,73008,ABREULÂNDIA,460,938
to,73016,PIRAQUÊ,652,1010
to,73024,RIACHINHO,735,1753
to,73032,DARCINÓPOLIS,893,1746
to,73040,PALMEIRAS DO TOCANTINS,1192,1601
to,73059,MAURILÂNDIA DO TOCANTINS,408,1526
to,73067,CACHOEIRINHA,267,958
to,73075,ANGICO,715,1013
to,73083,PALMEIRANTE,734,1510
to,73091,CAMPOS LINDOS,1132,2511
to,73105,SÃO FÉLIX DO TOCANTINS,249,541
to,73113,LAGOA DO TOCANTINS,498,1417
to,73121,BOM JESUS DO TOCANTINS,752,1416
to,73130,SANTA MARIA DO TOCANTINS,655,926
to,73148,NOVO ALEGRE,435,764
to,73156,SANDOLÂNDIA,982,1197
to,73164,TAIPAS DO TOCANTINS,297,702
to,73172,NOVO JARDIM,478,768
to,73180,SÃO MIGUEL DO TOCANTINS,1175,4066
to,73199,TABOCÃO,1004,716
to,73202,ITAPIRATINS,714,1282
to,73210,CENTENÁRIO,458,783
to,73229,RECURSOLÂNDIA,565,1277
to,73237,TUPIRATINS,271,807
to,73245,BRASILÂNDIA DO TOCANTINS,495,723
to,73253,JUARINA,473,753
to,73261,PAU D ARCO,951,1245
to,73270,MATEIROS,480,656
to,73288,SÃO BENTO DO TOCANTINS,937,1913
to,73296,ESPERANTINA,1015,2819
to,73300,CARIRI DO TOCANTINS,704,1241
to,73318,ARAGUANÃ,783,1815
to,73326,CARMOLÂNDIA,520,948
to,73334,ARAGOMINAS,748,2027
to,73342,MURICILÂNDIA,416,1102
to,73350,SANTA FÉ DO ARAGUAIA,1557,1777
to,73369,JAÚ DO TOCANTINS,702,1223
to,73377,SUCUPIRA,485,566
to,73385,LAGOA DA CONFUSÃO,1725,2902
to,73393,SÃO SALVADOR DO TOCANTINS,277,1062
to,73407,LAJEADO,912,933
to,73415,RIO DOS BOIS,469,897
to,73423,CARRASCO BONITO,393,1676
to,73431,RIO DA CONCEIÇÃO,380,711
to,73440,PALMAS,64719,62971
to,73458,TUPIRAMA,428,651
to,73466,OLIVEIRA DE FÁTIMA,553,622
to,73474,CHAPADA DE AREIA,569,647
to,73482,CHAPADA DA NATIVIDADE,553,1237
to,73504,TALISMÃ,572,929
to,73512,AGUIARNÓPOLIS,807,1813
to,73520,LUZINÓPOLIS,499,1023
to,73539,SANTA TEREZINHA DO TOCANTINS,487,1007
to,73547,SANTA RITA DO TOCANTINS,521,668
to,73555,CRIXÁS DO TOCANTINS,401,553
to,73563,MONTE SANTO DO TOCANTINS,630,934
to,73571,PUGMIL,484,778
to,73580,BANDEIRANTES DO TOCANTINS,885,867
to,73598,IPUEIRAS,401,724
to,73601,LAVANDEIRA,381,594
to,73610,BARRA DO OURO,599,1625
to,92002,BERNARDO SAYÃO,1214,1019
to,92045,BURITI DO TOCANTINS,1413,2837
to,92070,ALMAS,1316,2053
to,92088,CASEARA,828,1612
to,92134,ALVORADA,2296,2503
to,92142,COMBINADO,1442,1095
to,92185,DIVINÓPOLIS DO TOCANTINS,1269,2416
to,92193,ANANÁS,1711,3146
to,92240,GOIANORTE,1000,1749
to,92304,MARIANÓPOLIS DO TOCANTINS,618,1351
to,92371,ARAGUACEMA,822,2291
to,92398,ARAGUAÇU,2456,1893
to,92401,NOVA ROSALÂNDIA,804,950
to,92410,ARAGUAÍNA,31966,46472
to,92436,ARAGUATINS,5283,8299
to,92452,ARAPOEMA,1092,2180
to,92479,ARRAIAS,1221,3988
to,92487,PEQUIZEIRO,903,1852
to,92509,PORTO ALEGRE DO TOCANTINS,470,907
to,92525,PRAIA NORTE,1012,2701
to,92533,AURORA DO TOCANTINS,711,1252
to,92541,SAMPAIO,645,1520
to,92576,AXIXÁ DO TOCANTINS,2227,3852
to,92584,SANTA ROSA DO TOCANTINS,942,1634
to,92592,BABAÇULÂNDIA,1069,3650
to,92606,SANTA TEREZA DO TOCANTINS,674,989
to,92681,SÃO VALÉRIO,711,1510
to,92738,BREJINHO DE NAZARÉ,1200,1790
to,93114,COLINAS DO TOCANTINS,8357,7548
to,93130,CONCEIÇÃO DO TOCANTINS,539,1302
to,93211,COUTO MAGALHÃES,936,1701
to,93238,CRISTALÂNDIA,1571,2186
to,93416,DIANÓPOLIS,3204,5161
to,93459,DOIS IRMÃOS DO TOCANTINS,1092,2090
to,93475,DUERÉ,867,1449
to,93556,FILADÉLFIA,1303,2988
to,93653,FORMOSO DO ARAGUAIA,3892,5002
to,93858,GURUPI,19184,21706
to,94056,ITACAJÁ,1496,2127
to,94099,ITAGUATINS,755,2513
to,94170,ITAPORÃ DO TOCANTINS,541,869
to,94617,MIRACEMA DO TOCANTINS,2947,6832
to,94633,MIRANORTE,3014,3864
to,94692,MONTE DO CARMO,1165,2098
to,94811,NATIVIDADE,2026,2111
to,94838,NAZARÉ,845,1835
to,94994,NOVO ACORDO,794,1569
to,95192,PARAÍSO DO TOCANTINS,13074,10480
to,95214,PARANÃ,896,3780
to,95257,PEDRO AFONSO,2401,3688
to,95273,PEIXE,1558,3329
to,95290,COLMÉIA,2192,2429
to,95338,GOIATINS,1386,3545
to,95370,PINDORAMA DO TOCANTINS,1045,1413
to,95478,PIUM,1946,1469
to,95516,PONTE ALTA DO BOM JESUS,805,1517
to,95532,PONTE ALTA DO TOCANTINS,1621,1828
to,95591,PORTO NACIONAL,8879,17046
to,95699,LIZARDA,276,1327
to,96032,SÃO SEBASTIÃO DO TOCANTINS,485,1694
to,96130,SÍTIO NOVO DO TOCANTINS,1242,3947
to,96156,TAGUATINGA,2184,4693
to,96199,TOCANTÍNIA,834,2555
to,96210,TOCANTINÓPOLIS,2310,8277
to,96270,GUARAÍ,5592,6202
to,96296,PRESIDENTE KENNEDY,674,1099
to,96431,XAMBIOÁ,2043,3730
to,96490,PALMEIRÓPOLIS,1752,1839
to,96598,SILVANÓPOLIS,1111,1750
to,96636,NOVA OLINDA,2027,3488
to,96652,WANDERLÂNDIA,1446,3257
to,96679,FIGUEIRÓPOLIS,1244,1805
to,96792,RIO SONO,870,1814
to,96830,FÁTIMA,1031,1026
to,96857,AUGUSTINÓPOLIS,2605,5621
to,96954,ALIANÇA DO TOCANTINS,1063,1872
to,96970,APARECIDA DO RIO NEGRO,989,1729
to,96997,BARROLÂNDIA,1120,2203
zz,29254,ABIDJÃ,14,33
zz,29262,ABU DHABI,136,20
zz,29289,AMÃ,75,125
zz,29297,ANCARA,13,2
zz,29319,ARTIGAS,137,91
zz,29327,ASSUNÇÃO,743,181
zz,29335,ATENAS,268,71
zz,29343,BANGKOK,44,8
zz,29351,BARCELONA,531,342
zz,29360,BEIRUTE,566,402
zz,29378,BELGRADO,13,8
zz,29386,BERLIM,733,571
zz,29394,BISSAU,19,19
zz,29408,BOGOTÁ,266,119
zz,29416,BOSTON,6532,1482
zz,29432,BRUXELAS,924,457
zz,29440,BUCARESTE,14,6
zz,29459,BUDAPESTE,58,15
zz,29467,BUENOS AIRES,1401,1018
zz,29475,CAIENA,948,793
zz,29483,CAIRO,27,22
zz,29491,CAMBERRA,214,52
zz,29505,CARACAS,462,190
zz,29513,CHICAGO,1168,193
zz,29530,CIDADE DO CABO,75,24
zz,29548,SINGAPURA,106,7
zz,29556,CIUDAD DEL ESTE,1535,426
zz,29564,CIUDAD GUAYANA,58,12
zz,29572,COCHABAMBA,88,26
zz,29580,CONCEPCIÓN,13,4
zz,29599,COPENHAGUE,209,158
zz,29602,CÓRDOBA,108,123
zz,29610,DACAR,24,11
zz,29645,DÍLI,27,7
zz,29653,DOHA,142,23
zz,29661,DUBLIN,188,57
zz,29670,ENCARNACIÓN,65,39
zz,29688,ESTOCOLMO,440,306
zz,29696,FRANKFURT,1247,522
zz,29700,GENEBRA,1429,602
zz,29718,GEORGETOWN,41,28
zz,29726,GUATEMALA-GUAT,53,24
zz,29742,HAMAMATSU,2423,263
zz,29777,HAVANA,13,85
zz,29785,HELSINQUE,155,69
zz,29793,HONG KONG,105,19
zz,29807,HOUSTON,1912,231
zz,29840,JACARTA,17,1
zz,29866,KINGSTON-JAMA,7,2
zz,29874,KINSHASA,8,10
zz,29882,KUAITE,11,6
zz,29890,KUALA LUMPUR,22,10
zz,29904,LA PAZ,128,38
zz,29912,LAGOS,14,5
zz,29947,LIMA,388,103
zz,29955,LISBOA,3435,1836
zz,29971,LONDRES,4415,1435
zz,29980,LOS ANGELES,1779,269
zz,29998,LUANDA,62,42
zz,30066,MADRI,1480,662
zz,30074,MANÁGUA,31,27
zz,30082,MANILA,11,19
zz,30090,MAPUTO,150,121
zz,30104,MEXICO,625,330
zz,30112,MIAMI,7225,646
zz,30120,MILÃO,2728,1299
zz,30139,MITSUKAIDO-JAPA,1251,131
zz,30147,MONTEVIDÉU,583,403
zz,30155,MONTREAL,1854,623
zz,30163,MOSCOU,21,14
zz,30180,MUNIQUE,1832,737
zz,30198,NAGÓIA,5587,630
zz,30201,NAIRÓBI,22,13
zz,30210,NOVA DELHI,14,5
zz,30228,NOVA YORK,7056,1380
zz,30236,OIZUMI-JAPA,3350,349
zz,30244,OSLO,232,136
zz,30252,OTTAWA,400,126
zz,30260,PANAMA,282,82
zz,30279,PARAMARIBO,410,234
zz,30287,PARIS,1782,1272
zz,30309,PEDRO JUAN CABALLERO,165,66
zz,30317,PEQUIM,43,25
zz,30325,PORT OF SPAIN,7,0
zz,30333,PORTO PRÍNCIPE,5,13
zz,30341,PORTO,2852,1371
zz,30350,PRAGA,55,26
zz,30368,PRAIA,10,24
zz,30376,PRETÓRIA,109,30
zz,30392,QUITO,224,71
zz,30406,RABAT,12,9
zz,30414,RAMALLAH,69,363
zz,30422,RIADE,15,12
zz,30449,ROMA,1524,819
zz,30457,AMSTERDÃ,1034,525
zz,30465,SALTO DEL GUAIRÁ,149,30
zz,30473,SANTA CRUZ DE LA SIERRA,781,179
zz,30481,SANTIAGO,919,254
zz,30490,SÃO DOMINGOS,96,93
zz,30503,SÃO FRANCISCO,2022,397
zz,30511,SÃO JOSÉ,195,52
zz,30520,SÃO SALVADOR,70,19
zz,30538,SEUL,21,2
zz,30554,SUZUKA-JAPA,1406,145
zz,30562,SYDNEY,1067,202
zz,30570,TAIPÉ,101,13
zz,30589,TAKAOKA-JAPA,140,33
zz,30597,TEERÃ,14,6
zz,30600,TEGUCIGALPA,70,44
zz,30619,TEL AVIV,187,16
zz,30627,TÓQUIO,3393,507
zz,30635,TORONTO,2473,581
zz,30643,TOYOHASHI-JAPA,992,117
zz,30708,TUNIS,21,3
zz,30724,UEDA-JAPA,786,90
zz,30740,VARSÓVIA,32,15
zz,30767,VIENA,400,228
zz,30783,WASHINGTON,3052,546
zz,30805,WELLINGTON,46,17
zz,30821,WINDHOEK,23,9
zz,30848,XANGAI,175,36
zz,30864,ZURIQUE,2855,1114
zz,30902,HARTFORD,555,124
zz,30961,FARO,202,122
zz,39004,MENDOZA,39,39
zz,39020,ZAGREB,17,2
zz,39063,VANCOUVER,735,137
zz,39080,ATLANTA,1937,228
zz,39160,LIUBLIANA,7,12
zz,39306,ISTAMBUL,28,5
zz,39322,NICOSIA,17,6
