uf,cd,nome,JOSÉ SERRA,LULA
ac,01007,BUJARI,1193,1431
ac,01015,CAPIXABA,1000,1138
ac,01023,PORTO ACRE,2281,2453
ac,01031,SANTA ROSA,99,308
ac,01040,MARECHAL THAUMATURGO,1292,766
ac,01058,BRASILEIA,3410,4579
ac,01066,PORTO WALTER,907,748
ac,01074,CRUZEIRO DO SUL,12165,9729
ac,01082,RODRIGUES ALVES,1490,992
ac,01090,MANCIO LIMA,2559,1855
ac,01104,JORDAO,421,591
ac,01112,EPITACIOLANDIA,1519,2755
ac,01120,ACRELANDIA,2080,2202
ac,01139,FEIJO,1565,5265
ac,01392,RIO BRANCO,43220,81434
ac,01457,SENA MADUREIRA,4637,5919
ac,01473,TARAUACA,3253,4671
ac,01490,XAPURI,2536,3192
ac,01511,PLACIDO DE CASTRO,2945,3251
ac,01538,SENADOR GUIOMARD,3111,5080
ac,01554,MANUEL URBANO,1167,807
ac,01570,ASSIS BRASIL,953,1197
al,27006,PARIPUEIRA,2529,1617
al,27014,AGUA BRANCA,3742,3560
al,27022,PARICONHA,2261,1714
al,27030,ANADIA,4111,2614
al,27049,ESTRELA DE ALAGOAS,4224,1145
al,27057,ARAPIRACA,48800,24500
al,27065,JEQUIA DA PRAIA,2264,744
al,27073,ATALAIA,12022,2939
al,27081,CAMPESTRE,1147,994
al,27090,BARRA DE SANTO ANTONIO,2569,1502
al,27111,BARRA DE SAO MIGUEL,1617,915
al,27138,BATALHA,2603,2893
al,27154,BELEM,1822,732
al,27170,BELO MONTE,982,886
al,27197,BOCA DA MATA,6351,4183
al,27219,BRANQUINHA,2189,1469
al,27235,CACIMBINHAS,3045,891
al,27251,CAJUEIRO,5427,2006
al,27278,CAMPO ALEGRE,5264,4800
al,27294,CAMPO GRANDE,2404,1391
al,27316,CANAPI,3893,2371
al,27332,CAPELA,5781,1643
al,27359,CARNEIROS,1703,1139
al,27375,CHA PRETA,2362,969
al,27391,COITE DO NOIA,3074,1456
al,27413,COLONIA LEOPOLDINA,3957,2840
al,27430,COQUEIRO SECO,1315,946
al,27456,CORURIPE,12664,6151
al,27472,DELMIRO GOUVEIA,5557,13520
al,27499,DOIS RIACHOS,3492,1116
al,27510,FEIRA GRANDE,4808,2950
al,27537,FELIZ DESERTO,1218,427
al,27553,FLEXEIRAS,3588,830
al,27570,GIRAU DO PONCIANO,7837,2996
al,27596,IBATEGUARA,3326,1420
al,27618,IGACI,6712,2410
al,27634,IGREJA NOVA,4604,3056
al,27650,INHAPI,2691,3731
al,27677,JACARE DOS HOMENS,1083,1597
al,27693,JACUIPE,1296,1437
al,27715,JAPARATINGA,1679,765
al,27731,JARAMATAIA,1538,786
al,27758,JOAQUIM GOMES,4466,2325
al,27774,JUNDIA,1248,654
al,27790,JUNQUEIRO,5448,3822
al,27812,LAGOA DA CANOA,3995,2741
al,27839,LIMOEIRO DE ANADIA,5761,2685
al,27855,MACEIO,127447,193110
al,27871,MAJOR ISIDORO,4989,1866
al,27898,MARAGOGI,4620,2802
al,27910,MARAVILHA,3849,612
al,27936,MARECHAL DEODORO,8944,4621
al,27952,MARIBONDO,4313,1884
al,27979,MAR VERMELHO,1365,548
al,27995,MATA GRANDE,6068,2960
al,28010,MATRIZ DE CAMARAGIBE,5254,3077
al,28037,MESSIAS,3658,1694
al,28053,MINADOR DO NEGRAO,1869,579
al,28070,MONTEIROPOLIS,1717,1165
al,28096,MURICI,6285,3396
al,28118,NOVO LINO,2937,1357
al,28134,OLHO D AGUA DAS FLORES,5113,2318
al,28150,OLHO D AGUA DO CASADO,1328,1944
al,28177,OLHO D AGUA GRANDE,1396,652
al,28193,OLIVENCA,3717,827
al,28215,OURO BRANCO,3499,638
al,28231,PALESTINA,1142,982
al,28258,PALMEIRA DOS INDIOS,16732,10089
al,28274,PAO DE ACUCAR,4991,4280
al,28290,PASSO DE CAMARAGIBE,3667,1416
al,28312,PAULO JACINTO,2318,945
al,28339,PENEDO,9073,10902
al,28355,PIACABUCU,3112,2698
al,28371,PILAR,9589,3962
al,28398,PINDOBA,1062,259
al,28410,PIRANHAS,4205,3186
al,28436,POCO DAS TRINCHEIRAS,3765,1202
al,28452,PORTO CALVO,6818,3090
al,28479,PORTO DE PEDRAS,2269,755
al,28495,PORTO REAL DO COLEGIO,5024,2225
al,28517,QUEBRANGULO,3477,1806
al,28533,RIO LARGO,14260,12645
al,28550,ROTEIRO,1724,651
al,28576,SANTA LUZIA DO NORTE,1869,1208
al,28592,SANTANA DO IPANEMA,11840,5121
al,28614,SANTANA DO MUNDAU,3355,980
al,28630,SAO BRAS,1601,1299
al,28657,SAO JOSE DA LAJE,5916,2364
al,28673,SAO JOSE DA TAPERA,6869,2741
al,28690,SAO LUIS DO QUITUNDE,6037,4803
al,28711,SAO MIGUEL DOS CAMPOS,9583,10038
al,28738,SAO MIGUEL DOS MILAGRES,1747,785
al,28754,SAO SEBASTIAO,8533,2918
al,28770,SATUBA,2567,2448
al,28797,TANQUE D ARCA,1949,659
al,28819,TAQUARANA,5247,1275
al,28835,TRAIPU,5888,2598
al,28851,UNIAO DOS PALMARES,11203,8783
al,28878,VICOSA,5923,4802
al,28894,CRAIBAS,4966,2853
al,28916,SENADOR RUI PALMEIRA,1802,1252
al,28932,SENADOR TEOTONIO VILELA,7942,4661
am,02003,APUI,1781,2015
am,02011,NOVO AYRAO,1319,1688
am,02020,GUAJARA,2098,1306
am,02038,ANORI,2051,1239
am,02046,CAREIRO DA VARZEA,2925,2826
am,02054,ATALAIA DO NORTE,910,781
am,02070,AUTAZES,3687,2725
am,02097,BARCELOS,1905,1299
am,02119,BARREIRINHA,3337,4007
am,02135,BENJAMIN CONSTANT,2565,5972
am,02151,BOCA DO ACRE,3888,3197
am,02178,BORBA,3220,3192
am,02194,CANUTAMA,1382,746
am,02216,CARAUARI,2736,3560
am,02232,CAREIRO,2571,3977
am,02259,COARI,3506,11398
am,02275,CODAJAS,2840,2498
am,02291,EIRUNEPE,2796,3307
am,02313,ENVIRA,1678,1165
am,02330,FONTE BOA,2480,1858
am,02356,HUMAITA,4384,6155
am,02372,SANTA ISABEL DO RIO NEGRO,1353,696
am,02399,IPIXUNA,1439,1102
am,02410,ITACOATIARA,8080,21670
am,02437,ITAPIRANGA,1216,1459
am,02453,JAPURA,612,330
am,02470,JURUA,1402,200
am,02496,JUTAI,2617,893
am,02518,LABREA,1810,5788
am,02534,MANACAPURU,9014,13167
am,02550,MANAUS,148937,511330
am,02577,MANICORE,6707,3372
am,02593,MARAA,834,820
am,02615,MAUES,2234,10406
am,02631,NHAMUNDA,3590,2040
am,02658,NOVA OLINDA DO NORTE,3217,2111
am,02674,NOVO ARIPUANA,2508,1393
am,02690,PARINTINS,12652,17165
am,02712,PAUINI,1820,1026
am,02739,SANTO ANTONIO DO ICA,3317,995
am,02755,SAO PAULO DE OLIVENCA,3540,2518
am,02771,SILVES,484,2609
am,02798,TAPAUA,2992,516
am,02810,TEFE,4214,10188
am,02836,SAO GABRIEL DA CACHOEIRA,2730,6318
am,02852,URUCARA,1336,3455
am,02879,URUCURITUBA,1170,3219
am,02895,ALVARAES,794,2286
am,02917,AMATURA,1390,552
am,02933,ANAMA,1334,900
am,02950,BERURI,2032,649
am,02976,BOA VISTA DE RAMOS,809,2528
am,02992,CAAPIRANGA,939,1179
am,98353,IRANDUBA,3518,6408
am,98370,ITAMARATI,872,420
am,98396,MANAQUIRI,1738,2182
am,98418,PRESIDENTE FIGUEIREDO,1680,5946
am,98434,RIO PRETO DA EVA,1841,2792
am,98450,SAO SEBASTIAO DO UATUMA,1374,835
am,98477,TABATINGA,6013,4353
am,98493,UARINI,1052,587
am,98515,TONANTINS,1905,720
ap,06009,PRACUUBA,415,557
ap,06017,AMAPA,962,2234
ap,06025,PORTO GRANDE,1162,2913
ap,06033,CALCOENE,1084,1813
ap,06041,ITAUBAL,395,1069
ap,06050,MACAPA,30933,109218
ap,06068,CUTIAS,583,929
ap,06076,MAZAGAO,1751,4186
ap,06084,AMAPARI,437,1041
ap,06092,OIAPOQUE,1609,3406
ap,06106,SERRA DO NAVIO,373,1144
ap,06114,FERREIRA GOMES,622,1315
ap,06122,VITORIA DO JARI,1179,2625
ap,06130,LARANJAL DO JARI,4253,8665
ap,06157,SANTANA,8462,29358
ap,06173,TARTARUGALZINHO,1503,1377
ba,30007,LUIS EDUARDO MAGALHAES,3789,6559
ba,30058,EUNAPOLIS,12431,17368
ba,30660,IUIU,1637,2445
ba,30678,JABORANDI,2633,1774
ba,30694,JUSSARI,1304,1529
ba,30716,AMERICA DOURADA,3419,3514
ba,30732,ARATACA,2090,1568
ba,30759,BARRO ALTO,3164,2659
ba,30775,BARROCAS,2560,3995
ba,30791,BURITIRAMA,3391,4455
ba,30813,CAPELA DO ALTO ALEGRE,3187,2388
ba,30830,CAPIM GROSSO,5902,5829
ba,30856,CANUDOS,3275,3452
ba,30872,DIAS D AVILA,3464,18620
ba,30899,FATIMA,4321,3639
ba,30910,FILADELFIA,3687,3387
ba,30937,GAVIAO,1259,1219
ba,30953,GUAJERU,2532,1171
ba,30970,HELIOPOLIS,3259,2956
ba,30996,JOAO DOURADO,4757,3585
ba,33014,ABAIRA,3294,1146
ba,33030,ABARE,3612,3261
ba,33057,ACAJUTIBA,2256,4266
ba,33065,ADUSTINA,4143,2316
ba,33073,AGUA FRIA,2570,3620
ba,33090,ERICO CARDOSO,3093,1457
ba,33111,AIQUARA,765,1547
ba,33138,ALAGOINHAS,16455,42588
ba,33154,ALCOBACA,2389,4770
ba,33170,ALMADINA,910,2218
ba,33197,AMARGOSA,5260,8731
ba,33219,AMELIA RODRIGUES,2980,8523
ba,33235,ANAGE,7691,4743
ba,33251,ANDARAI,1931,2997
ba,33260,ANDORINHA,1522,5252
ba,33278,ANGICAL,3861,3518
ba,33294,ANGUERA,1724,3403
ba,33316,ANTAS,3028,3095
ba,33332,ANTONIO CARDOSO,1644,4728
ba,33359,ANTONIO GONCALVES,2424,2579
ba,33375,APORA,3806,2446
ba,33383,ARACAS,1395,3079
ba,33391,ARACATU,4175,1889
ba,33405,APUAREMA,1899,1272
ba,33413,ARACI,9626,8743
ba,33430,ARAMARI,1532,3070
ba,33456,ARATUIPE,1875,1653
ba,33472,AURELINO LEAL,2354,2713
ba,33499,BAIANOPOLIS,3434,2362
ba,33510,BAIXA GRANDE,4362,4037
ba,33529,BANZAE,3260,2668
ba,33537,BARRA,8447,7971
ba,33553,BARRA DA ESTIVA,5781,3283
ba,33570,BARRA DO CHOCA,6226,5348
ba,33596,BARRA DO MENDES,2407,4437
ba,33618,BARRA DO ROCHA,846,1704
ba,33634,BARREIRAS,10751,37536
ba,33650,GOVERNADOR LOMANTO JUNIOR,1388,1839
ba,33677,BELMONTE,3482,3626
ba,33693,BELO CAMPO,3933,3114
ba,33715,BIRITINGA,3018,3444
ba,33731,BOA NOVA,3979,1978
ba,33758,BOA VISTA DO TUPIM,3207,4643
ba,33774,BOM JESUS DA LAPA,9315,11102
ba,33782,BOM JESUS DA SERRA,2483,1234
ba,33790,BONINAL,3664,2194
ba,33804,BONITO,2844,2012
ba,33812,BOQUIRA,4176,5450
ba,33839,BOTUPORA,1827,2571
ba,33855,BREJOES,2602,3094
ba,33871,BREJOLANDIA,2322,2166
ba,33898,BROTAS DE MACAUBAS,3042,2958
ba,33910,BRUMADO,10986,18202
ba,33936,BUERAREMA,3950,5045
ba,33952,CAATIBA,1848,1482
ba,33960,CABACEIRAS DO PARAGUACU,3922,2256
ba,33979,CACHOEIRA,3570,10444
ba,33995,CACULE,4938,4517
ba,34010,CAEM,1899,3681
ba,34029,CAETANOS,3123,843
ba,34037,CAETITE,9233,11183
ba,34053,CAFARNAUM,4352,2145
ba,34070,CAIRU,2226,2031
ba,34096,CALDEIRAO GRANDE,1689,2314
ba,34118,CAMACAN,4299,7311
ba,34134,CAMACARI,12778,71970
ba,34150,CAMAMU,5688,3942
ba,34177,CAMPO ALEGRE DE LOURDES,4289,6860
ba,34193,CAMPO FORMOSO,13635,12821
ba,34215,CANAPOLIS,2569,1943
ba,34231,CANARANA,5162,4579
ba,34258,CANAVIEIRAS,4840,7855
ba,34274,CANDEAL,1842,3193
ba,34290,CANDEIAS,3659,35291
ba,34312,CANDIBA,2884,3442
ba,34339,CANDIDO SALES,5761,4660
ba,34355,CANSANCAO,6971,6430
ba,34363,CARAIBAS,2404,1709
ba,34371,CARAVELAS,2534,5148
ba,34398,CARDEAL DA SILVA,822,2195
ba,34410,CARINHANHA,3653,6618
ba,34436,CASA NOVA,10105,14990
ba,34452,CASTRO ALVES,5789,6402
ba,34479,CATOLANDIA,657,1031
ba,34495,CATU,5232,20837
ba,34509,CATURAMA,2258,1699
ba,34517,CENTRAL,2759,5711
ba,34533,CHORROCHO,2385,2365
ba,34550,CICERO DANTAS,7739,7483
ba,34576,CIPO,3473,3290
ba,34592,COARACI,4672,5638
ba,34614,COCOS,4090,2243
ba,34630,CONCEICAO DA FEIRA,1626,6737
ba,34657,CONCEICAO DO ALMEIDA,2456,5860
ba,34673,CONCEICAO DO COITE,12300,15206
ba,34690,CONCEICAO DO JACUIPE,3908,9106
ba,34711,CONDE,2779,4222
ba,34738,CONDEUBA,5221,3588
ba,34754,CONTENDAS DO SINCORA,1291,752
ba,34770,CORACAO DE MARIA,4225,7003
ba,34797,CORDEIROS,2612,1009
ba,34819,CORIBE,2467,3853
ba,34835,CORONEL JOAO SA,3768,2598
ba,34851,CORRENTINA,6305,6301
ba,34878,COTEGIPE,2468,2731
ba,34894,CRAVOLANDIA,1590,1098
ba,34916,CRISOPOLIS,4084,3805
ba,34932,CRISTOPOLIS,4053,2222
ba,34959,CRUZ DAS ALMAS,5821,20013
ba,34975,CURACA,4362,7672
ba,34991,DARIO MEIRA,2310,1880
ba,35017,DOM BASILIO,4407,1359
ba,35033,DOM MACEDO COSTA,815,1459
ba,35050,ELISIO MEDRADO,1789,2428
ba,35076,ENCRUZILHADA,4586,3191
ba,35092,ENTRE RIOS,5689,9011
ba,35114,ESPLANADA,5199,7033
ba,35130,EUCLIDES DA CUNHA,12707,11760
ba,35149,FEIRA DA MATA,1442,1115
ba,35157,FEIRA DE SANTANA,61733,157090
ba,35173,FIRMINO ALVES,1105,956
ba,35190,FLORESTA AZUL,2934,1816
ba,35211,FORMOSA DO RIO PRETO,3477,3454
ba,35238,GANDU,5909,5100
ba,35254,GENTIO DO OURO,2579,2586
ba,35270,GLORIA,1975,4940
ba,35297,GONGOGI,1406,1291
ba,35319,GOVERNADOR MANGABEIRA,3360,5650
ba,35335,GUANAMBI,13868,17946
ba,35351,GUARATINGA,2423,5339
ba,35378,IACU,5511,5502
ba,35394,IBIASSUCE,3212,1669
ba,35416,IBICARAI,6244,5348
ba,35432,IBICOARA,2438,2350
ba,35459,IBICUI,2863,2845
ba,35475,IBIPEBA,1961,5991
ba,35491,SANTA RITA DE CASSIA,5804,5446
ba,35513,IBIPITANGA,4240,1410
ba,35530,IBIQUERA,557,1452
ba,35556,IBIRAPITANGA,2955,4128
ba,35572,IBIRAPUA,1561,1521
ba,35599,IBIRATAIA,3402,4294
ba,35610,IBITIARA,3729,2874
ba,35637,IBITITA,2322,6377
ba,35653,IBOTIRAMA,3948,6405
ba,35670,ICHU,1194,2586
ba,35696,IGAPORA,4133,3026
ba,35700,IGRAPIUNA,1766,1670
ba,35718,IGUAI,4241,4799
ba,35734,ILHEUS,18753,54631
ba,35750,INHAMBUPE,4352,8302
ba,35777,IPECAETA,4647,3114
ba,35793,IPIAU,6257,10399
ba,35815,IPIRA,8806,15719
ba,35831,IPUPIARA,2064,2524
ba,35858,IRAJUBA,1562,1509
ba,35874,IRAMAIA,2417,2300
ba,35890,IRAQUARA,4699,3792
ba,35912,IRARA,5804,6424
ba,35939,IRECE,8108,15976
ba,35947,ITABELA,3854,5259
ba,35955,ITABERABA,8640,17267
ba,35971,ITABUNA,44055,48145
ba,35998,ITACARE,2173,2499
ba,36013,ITAETE,3002,2088
ba,36030,ITAGI,1277,4793
ba,36056,ITAGIBA,1715,4388
ba,36072,ITAGIMIRIM,1790,1393
ba,36080,ITAGUACU DA BAHIA,1416,3650
ba,36099,ITAJU DO COLONIA,1190,1778
ba,36110,ITAJUIPE,4642,5288
ba,36137,ITAMARAJU,8877,17004
ba,36153,ITAMARI,1682,2268
ba,36170,ITAMBE,5758,3648
ba,36196,ITANAGRA,731,1538
ba,36218,ITANHEM,2907,5877
ba,36234,ITAPARICA,994,6407
ba,36250,ITAPE,1888,2751
ba,36277,ITAPEBI,2287,1587
ba,36293,ITAPETINGA,8617,18251
ba,36315,ITAPICURU,5820,4588
ba,36331,ITAPITANGA,1504,2132
ba,36358,ITAQUARA,2136,1609
ba,36374,ITARANTIM,2204,4496
ba,36382,ITATIM,4908,1173
ba,36390,ITIRUCU,3132,3388
ba,36412,ITIUBA,7086,8367
ba,36439,ITORORO,2983,5302
ba,36455,ITUACU,7108,1942
ba,36471,ITUBERA,4425,4314
ba,36498,JACARACI,3242,2725
ba,36510,JACOBINA,10528,23536
ba,36536,JAGUAQUARA,6932,10525
ba,36552,JAGUARARI,4514,9730
ba,36579,JAGUARIPE,2064,3350
ba,36595,JANDAIRA,1534,1530
ba,36617,JEQUIE,13267,45644
ba,36633,JEREMOABO,9650,5547
ba,36650,JIQUIRICA,3459,2180
ba,36676,JITAUNA,3239,2393
ba,36692,JUAZEIRO,21991,51748
ba,36706,JUCURUCU,1789,2166
ba,36714,JUSSARA,1706,4665
ba,36730,JUSSIAPE,2801,1480
ba,36757,LAFAIETE COUTINHO,774,1462
ba,36765,LAGOA REAL,3257,1833
ba,36773,LAJE,4252,5424
ba,36790,LAJEDAO,1005,1177
ba,36811,LAJEDINHO,885,935
ba,36820,LAJEDO DO TABOCAL,1734,1649
ba,36838,LAMARAO,1913,1384
ba,36854,LAURO DE FREITAS,6820,44053
ba,36870,LENCOIS,1213,1725
ba,36897,LICINIO DE ALMEIDA,2906,3122
ba,36919,LIVRAMENTO DE NOSSA SENHORA,9788,8250
ba,36935,MACAJUBA,3041,1506
ba,36951,MACARANI,3165,3044
ba,36978,MACAUBAS,9044,8879
ba,36994,MACURURE,2037,1483
ba,37010,MAIQUINIQUE,1353,2041
ba,37036,MAIRI,4626,3790
ba,37052,MALHADA,2030,3873
ba,37079,MALHADA DE PEDRAS,2177,1815
ba,37095,MANOEL VITORINO,3770,2032
ba,37117,MARACAS,5384,3695
ba,37133,MARAGOGIPE,8714,9608
ba,37150,MARAU,2875,2165
ba,37176,MARCIONILIO SOUZA,1468,2798
ba,37192,MASCOTE,2512,2724
ba,37214,MATA DE SAO JOAO,2993,12959
ba,37222,MATINA,3052,1567
ba,37230,MEDEIROS NETO,3195,6654
ba,37257,MIGUEL CALMON,4733,7828
ba,37273,MILAGRES,2251,2914
ba,37290,MIRANGABA,3721,2040
ba,37303,MIRANTE,3048,613
ba,37311,MONTE SANTO,11506,9164
ba,37338,MORPARA,1648,2488
ba,37354,MORRO DO CHAPEU,6794,7232
ba,37370,MORTUGABA,3068,2052
ba,37397,MUCUGE,3249,1173
ba,37419,MUCURI,4108,6587
ba,37427,MULUNGU DO MORRO,3154,1168
ba,37435,MUNDO NOVO,4208,4636
ba,37451,MUNIZ FERREIRA,1532,2770
ba,37460,MUQUEM DO SAO FRANCISCO,1606,1600
ba,37478,MURITIBA,3842,7617
ba,37494,MUTUIPE,4351,5488
ba,37516,NAZARE,4259,8660
ba,37532,NILO PECANHA,2321,1777
ba,37559,NOVA CANAA,2310,3527
ba,37567,NOVA FATIMA,1849,1997
ba,37575,NOVA ITARANA,1849,881
ba,37583,NOVA REDENCAO,1099,2416
ba,37591,NOVA SOURE,4594,6400
ba,37613,NOVA VICOSA,4067,6998
ba,37621,NOVO TRIUNFO,2671,1537
ba,37630,OLINDINA,5041,5754
ba,37656,OLIVEIRA DOS BREJINHOS,4352,5712
ba,37672,OURICANGAS,1446,2343
ba,37680,OUROLANDIA,3988,2665
ba,37699,PALMAS DE MONTE ALTO,3571,5716
ba,37710,PALMEIRAS,1880,1808
ba,37737,PARAMIRIM,4986,3933
ba,37753,PARATINGA,3343,9680
ba,37770,PARIPIRANGA,9231,3481
ba,37796,PAU BRASIL,2292,1903
ba,37818,PAULO AFONSO,9040,34251
ba,37834,PEDRAO,1114,2215
ba,37850,PEDRO ALEXANDRE,3355,1175
ba,37877,PIATA,7128,1728
ba,37893,PILAO ARCADO,2647,9877
ba,37915,PINDAI,5267,2026
ba,37931,PINDOBACU,5450,3498
ba,37940,PIRAI DO NORTE,2493,665
ba,37958,PIRIPA,1949,1929
ba,37974,PIRITIBA,3819,4314
ba,37990,PLANALTINO,2322,1003
ba,38016,PLANALTO,6973,3107
ba,38032,POCOES,9817,8134
ba,38059,POJUCA,3057,11766
ba,38067,PONTO NOVO,2136,3625
ba,38075,PORTO SEGURO,8865,21718
ba,38091,POTIRAGUA,1452,2197
ba,38113,PRADO,3897,4656
ba,38130,PRESIDENTE DUTRA,2041,4693
ba,38156,PRESIDENTE JANIO QUADROS,2343,2812
ba,38164,PRESIDENTE TANCREDO NEVES,5654,1375
ba,38172,QUEIMADAS,5318,5993
ba,38199,QUIJINGUE,6988,5893
ba,38210,REMANSO,4853,10106
ba,38237,RETIROLANDIA,1999,4737
ba,38253,RIACHAO DAS NEVES,4255,4928
ba,38270,RIACHAO DO JACUIPE,6823,9949
ba,38296,RIACHO DE SANTANA,7095,6103
ba,38318,RIBEIRA DO AMPARO,2721,3044
ba,38334,RIBEIRA DO POMBAL,9674,10205
ba,38342,RIBEIRAO DO LARGO,1553,2022
ba,38350,RIO DE CONTAS,4752,2451
ba,38377,RIO DO ANTONIO,3373,2734
ba,38393,RIO DO PIRES,4260,1081
ba,38415,RIO REAL,7056,6455
ba,38431,RODELAS,457,2720
ba,38458,RUY BARBOSA,4393,7224
ba,38474,SALINAS DA MARGARIDA,740,3524
ba,38490,SALVADOR,122025,1028006
ba,38512,SANTA BARBARA,3112,6767
ba,38539,SANTA BRIGIDA,4112,1826
ba,38555,SANTA CRUZ CABRALIA,2517,4176
ba,38571,SANTA CRUZ DA VITORIA,748,1334
ba,38598,SANTA INES,1934,2970
ba,38610,SANTALUZ,5843,9663
ba,38636,SANTA MARIA DA VITORIA,8767,7328
ba,38652,SANTANA,6171,5881
ba,38679,SANTANOPOLIS,2354,2528
ba,38695,SANTA TERESINHA,2505,1540
ba,38717,SANTO AMARO,4683,23347
ba,38733,SANTO ANTONIO DE JESUS,12466,23446
ba,38750,SANTO ESTEVAO,8500,8996
ba,38776,SAO DESIDERIO,3293,5096
ba,38792,SAO FELIX,1958,4697
ba,38806,SAO DOMINGOS,1694,3125
ba,38814,SAO FELIPE,5242,4735
ba,38822,SAO FELIX DO CORIBE,2721,2727
ba,38830,SAO FRANCISCO DO CONDE,1049,14853
ba,38857,SAO GONCALO DOS CAMPOS,3876,10079
ba,38865,SAO JOSE DO JACUIPE,2430,1870
ba,38873,SAO MIGUEL DAS MATAS,1632,2930
ba,38890,SAO SEBASTIAO DO PASSE,2649,17428
ba,38911,SAPEACU,3030,5548
ba,38938,SATIRO DIAS,2347,3927
ba,38946,SAUBARA,948,3937
ba,38954,SAUDE,2174,3663
ba,38970,SEABRA,7943,8866
ba,38997,SEBASTIAO LARANJEIRAS,2013,2068
ba,39012,SENHOR DO BONFIM,13903,16954
ba,39039,SENTO SE,10191,4258
ba,39047,SERRA DO RAMALHO,5160,6105
ba,39055,SERRA DOURADA,5051,2711
ba,39071,SERRA PRETA,4195,4745
ba,39098,SERRINHA,9285,22719
ba,39110,SERROLANDIA,2876,2410
ba,39136,SIMOES FILHO,6742,36940
ba,39144,SITIO DO MATO,2325,1879
ba,39152,SOUTO SOARES,4674,1788
ba,39179,TABOCAS DO BREJO VELHO,2930,2456
ba,39195,TANHACU,6621,3176
ba,39217,TANQUINHO,974,3132
ba,39233,TAPEROA,3249,3073
ba,39250,TAPIRAMUTA,2936,2401
ba,39276,TEODORO SAMPAIO,747,3331
ba,39292,TEOFILANDIA,4348,5923
ba,39314,TEOLANDIA,3627,1331
ba,39330,TERRA NOVA,805,5451
ba,39357,TREMEDAL,4646,2180
ba,39373,TUCANO,10049,9445
ba,39390,UAUA,6205,6074
ba,39411,UBAIRA,4621,3386
ba,39438,UBAITABA,3668,4049
ba,39454,UBATA,3302,5687
ba,39470,UIBAI,1822,5087
ba,39489,UMBURANAS,3752,1263
ba,39497,UNA,3145,5900
ba,39519,URANDI,4251,3238
ba,39535,URUCUCA,3446,5557
ba,39551,UTINGA,2039,4752
ba,39578,VALENCA,11141,17614
ba,39594,VALENTE,3858,7099
ba,39616,VARZEA DO POCO,1947,1949
ba,39624,VARZEDO,1972,2300
ba,39632,VERA CRUZ,2208,11210
ba,39640,VEREDA,1412,1624
ba,39659,VITORIA DA CONQUISTA,50976,62109
ba,39675,WAGNER,1656,2165
ba,39691,WENCESLAU GUIMARAES,3304,2725
ba,39713,XIQUE XIQUE,5052,13866
ba,39730,LAPAO,4503,7350
ba,39748,MADRE DE DEUS,847,7749
ba,39756,MAETINGA,1455,1256
ba,39772,MANSIDAO,2557,2538
ba,39799,NORDESTINA,1549,2787
ba,39810,PE DE SERRA,3685,2896
ba,39837,PINTADAS,2008,3058
ba,39845,QUIXABEIRA,1744,2327
ba,39853,RAFAEL JAMBEIRO,4208,4546
ba,39870,SANTA LUZIA,2250,1971
ba,39896,SAO GABRIEL,3068,6095
ba,39900,SITIO DO QUINTO,3644,1368
ba,39918,TANQUE NOVO,2958,3327
ba,39926,SAO JOSE DA VITORIA,966,1936
ba,39934,TEIXEIRA DE FREITAS,10679,32496
ba,39942,NOVO HORIZONTE,3518,809
ba,39950,VARZEA NOVA,2187,3240
ba,39969,NOVA IBIA,1657,1308
ba,39977,VARZEA DA ROCA,2551,2781
ba,39985,SOBRADINHO,3725,7071
ba,39993,WANDERLEY,3222,2157
ce,13005,JIJOCA DE JERICOACOARA,2655,2710
ce,13013,ABAIARA,2460,1548
ce,13021,MADALENA,1621,4616
ce,13030,ACARAU,7876,10954
ce,13048,PIRES FERREIRA,2304,2961
ce,13056,ACOPIARA,11886,12263
ce,13064,GRACA,3109,3375
ce,13072,AIUABA,3374,3092
ce,13080,TURURU,2257,4307
ce,13099,ALCANTARAS,1127,3344
ce,13102,QUITERIANOPOLIS,4132,5243
ce,13110,ALTANEIRA,1744,1390
ce,13129,BARREIRA,4016,4840
ce,13137,ALTO SANTO,2267,4500
ce,13145,ACARAPE,1386,4733
ce,13153,ANTONINA DO NORTE,1753,1536
ce,13161,CHOROZINHO,2111,7011
ce,13170,APUIARES,2002,4065
ce,13188,HORIZONTE,3215,12508
ce,13196,AQUIRAZ,5215,21296
ce,13200,ERERE,2211,886
ce,13218,ARACATI,6495,22555
ce,13226,EUZEBIO,2551,14803
ce,13234,ARACOIABA,4965,7617
ce,13242,GUAIUBA,2516,7477
ce,13250,ARARIPE,5831,3216
ce,13269,POTIRETAMA,1156,1730
ce,13277,ARATUBA,1882,3978
ce,13285,PINDORETAMA,2220,5779
ce,13293,ARNEIROZ,1740,1982
ce,13307,OCARA,4202,6606
ce,13315,ASSARE,4007,5572
ce,13323,TEJUSSUOCA,1586,4986
ce,13331,AURORA,6182,7051
ce,13340,IPAPORANGA,3550,2258
ce,13358,BAIXIO,889,2332
ce,13366,TARRAFAS,2745,1098
ce,13374,BARBALHA,6714,15668
ce,13382,BANABUIU,3155,3910
ce,13390,BARRO,2541,7341
ce,13404,BARROQUINHA,4690,2880
ce,13412,BATURITE,4310,11075
ce,13420,ARARENDA,2462,3045
ce,13439,BEBERIBE,5014,14793
ce,13447,SENADOR CATUNDA,1542,2729
ce,13455,BELA CRUZ,3686,7453
ce,13463,CHORO,1577,3933
ce,13471,BOA VIAGEM,8345,14507
ce,13480,ITAITINGA,2366,9782
ce,13498,BREJO SANTO,3051,15922
ce,13501,FORTIM,1540,4605
ce,13510,CAMOCIM,8353,15174
ce,13536,CAMPOS SALES,7148,4239
ce,13552,CANINDE,7265,19833
ce,13579,CAPISTRANO,2693,5141
ce,13595,CARIDADE,2673,4675
ce,13617,CARIRE,4296,5169
ce,13633,CARIRIACU,8118,3875
ce,13650,CARIUS,3799,5042
ce,13676,CARNAUBAL,2988,3697
ce,13692,CASCAVEL,9112,18018
ce,13714,CATARINA,2703,1851
ce,13730,CAUCAIA,15438,75682
ce,13757,CEDRO,6835,6380
ce,13773,CHAVAL,2000,4137
ce,13811,COREAU,3840,6011
ce,13838,CRATEUS,9594,22828
ce,13854,CRATO,16784,32866
ce,13870,FARIAS BRITO,5607,4732
ce,13897,FORTALEZA,118846,898733
ce,13919,FRECHEIRINHA,2749,3129
ce,13935,GENERAL SAMPAIO,1237,1881
ce,13951,GRANJA,10583,9354
ce,13978,GRANGEIRO,1856,895
ce,13994,GROAIRAS,1136,3299
ce,14010,GUARACIABA DO NORTE,7625,8176
ce,14036,GUARAMIRANGA,554,2187
ce,14052,HIDROLANDIA,2493,5822
ce,14060,IBARETAMA,2458,3545
ce,14079,IBIAPINA,5050,4752
ce,14095,ICO,15675,12343
ce,14117,IGUATU,12999,28088
ce,14133,INDEPENDENCIA,4804,7850
ce,14150,IPAUMIRIM,2201,3919
ce,14176,IPU,6829,10290
ce,14192,IPUEIRAS,7861,8778
ce,14214,IRACEMA,3423,3036
ce,14230,IRAUCUBA,2504,6352
ce,14257,ITAICABA,1041,2696
ce,14273,ITAPAGE,6234,13546
ce,14290,ITAPIPOCA,9145,30572
ce,14311,ITAPIUNA,2597,5953
ce,14338,ITATIRA,3359,3852
ce,14354,JAGUARETAMA,3263,5593
ce,14370,JAGUARIBARA,1413,3261
ce,14397,JAGUARIBE,6567,9611
ce,14419,JAGUARUANA,3386,11474
ce,14435,JARDIM,6216,6435
ce,14451,JATI,2365,1542
ce,14478,JUAZEIRO DO NORTE,37536,54432
ce,14494,JUCAS,6628,4220
ce,14516,LAVRAS DA MANGABEIRA,6416,7951
ce,14532,LIMOEIRO DO NORTE,5552,20725
ce,14559,MARANGUAPE,6757,35151
ce,14575,MARCO,3532,6735
ce,14591,MARTINOPOLE,2082,2287
ce,14613,MASSAPE,4944,9602
ce,14630,MAURITI,8924,9644
ce,14656,MERUOCA,1266,4557
ce,14672,MILAGRES,7435,6484
ce,14680,MIRAIMA,2327,3195
ce,14699,MISSAO VELHA,7784,7937
ce,14710,MOMBACA,11580,8361
ce,14737,MONSENHOR TABOSA,3116,4667
ce,14753,MORADA NOVA,8276,24910
ce,14770,MORAUJO,2234,1458
ce,14796,MORRINHOS,2090,5276
ce,14818,MUCAMBO,3896,2828
ce,14834,MULUNGU,1764,2568
ce,14850,NOVA OLINDA,3634,2789
ce,14877,NOVA RUSSAS,5062,8598
ce,14893,NOVO ORIENTE,7013,5555
ce,14915,OROS,5176,6198
ce,14931,PACAJUS,5299,14978
ce,14958,PACATUBA,3517,16960
ce,14974,PACOTI,1679,3959
ce,14990,PACUJA,1334,1688
ce,15016,PALHANO,2136,2517
ce,15032,PALMACIA,1031,4064
ce,15059,PARACURU,5347,7180
ce,15075,PARAMBU,5461,8262
ce,15091,PARAMOTI,2040,3474
ce,15113,PEDRA BRANCA,7075,9673
ce,15130,PENAFORTE,2211,1703
ce,15156,PENTECOSTE,4695,11635
ce,15172,PEREIRO,4069,3684
ce,15199,PIQUET CARNEIRO,3942,3262
ce,15210,PORANGA,3290,2544
ce,15237,PORTEIRAS,3018,5203
ce,15253,POTENGI,2329,1933
ce,15270,QUIXADA,11864,19178
ce,15296,QUIXERAMOBIM,9000,19202
ce,15318,QUIXERE,2862,5928
ce,15334,REDENCAO,3112,9676
ce,15350,RERIUTABA,3178,5382
ce,15377,RUSSAS,6262,20970
ce,15393,SABOEIRO,3904,3951
ce,15415,SANTANA DO ACARAU,4248,9308
ce,15431,SANTANA DO CARIRI,4078,3504
ce,15440,SALITRE,4508,1051
ce,15458,SANTA QUITERIA,4552,13588
ce,15474,SAO BENEDITO,10198,9485
ce,15490,SAO GONCALO DO AMARANTE,6574,11377
ce,15512,SAO JOAO DO JAGUARIBE,879,4149
ce,15539,SAO LUIS DO CURU,2137,4508
ce,15555,SENADOR POMPEU,4206,8589
ce,15571,SENADOR SA,1785,1121
ce,15598,SOBRAL,8740,62275
ce,15610,SOLONOPOLE,3770,4682
ce,15636,TABULEIRO DO NORTE,3845,11249
ce,15652,TAMBORIL,4689,7825
ce,15679,TAUA,8170,15891
ce,15695,TIANGUA,10574,14473
ce,15717,TRAIRI,7811,11488
ce,15733,UBAJARA,5889,6919
ce,15750,UMARI,1409,2343
ce,15776,URUBURETAMA,2802,7200
ce,15792,URUOCA,2807,2844
ce,15814,VARZEA ALEGRE,6808,10818
ce,15830,VICOSA DO CEARA,14553,8793
ce,15857,MARACANAU,8505,72148
ce,15873,AMONTADA,5730,8842
ce,15881,CROATA,5150,2514
ce,15890,CRUZ,5099,4834
ce,15911,FORQUILHA,1371,7486
ce,15920,IBICUITINGA,2033,4029
ce,15938,ICAPUI,2364,6466
ce,15954,ITAREMA,5518,5760
ce,15970,MILHA,2839,3935
ce,15989,DEP IRAPUAN PINHEIRO,1635,3037
ce,15997,PARAIPABA,4774,7446
ce,98531,QUIXELO,4713,4387
ce,98558,UMIRIM,2931,4741
ce,98574,VARJOTA,2290,4729
df,97012,BRASILIA,471485,777708
es,56006,SAO DOMINGOS,1931,2743
es,56014,AFONSO CLAUDIO,8375,7011
es,56022,AGUA DOCE DO NORTE,3204,3295
es,56030,ALEGRE,8427,7538
es,56049,IRUPI,3155,1586
es,56057,ALFREDO CHAVES,3905,3819
es,56065,ALTO RIO NOVO,2157,1538
es,56073,ANCHIETA,4435,6767
es,56081,VILA PAVAO,1821,2736
es,56090,APIACA,2028,1837
es,56103,MARECHAL FLORIANO,3947,4013
es,56111,ARACRUZ,12104,23270
es,56120,MARATAIZES,7322,6612
es,56138,ATILIO VIVACQUA,2348,3202
es,56146,BREJETUBA,2206,2265
es,56154,BAIXO GUANDU,6936,8676
es,56162,SAO ROQUE DO CANAA,2746,2924
es,56170,BARRA DE SAO FRANCISCO,9145,9392
es,56189,SOORETAMA,3561,5133
es,56197,BOA ESPERANCA,2914,4151
es,56200,PONTO BELO,1362,2204
es,56219,BOM JESUS DO NORTE,2526,2648
es,56227,VILA VALERIO,1871,4920
es,56235,CACHOEIRO DE ITAPEMIRIM,27800,55390
es,56251,CARIACICA,55808,93226
es,56278,CASTELO,7183,11199
es,56294,COLATINA,25750,31761
es,56308,GOVERNADOR LINDENBERG,1863,3389
es,56316,CONCEICAO DA BARRA,4580,6289
es,56332,CONCEICAO DO CASTELO,3458,2616
es,56359,DIVINO DE SAO LOURENCO,1479,827
es,56375,DOMINGOS MARTINS,9461,7052
es,56391,DORES DO RIO PRETO,1862,1367
es,56413,ECOPORANGA,5354,5853
es,56430,FUNDAO,2552,5054
es,56456,GUACUI,6045,6903
es,56472,GUARAPARI,21432,23899
es,56499,IBIRACU,1970,4657
es,56502,IBITIRAMA,2372,1511
es,56510,ICONHA,3157,4036
es,56537,ITAGUACU,3938,4287
es,56553,ITAPEMIRIM,6479,7692
es,56570,ITARANA,2670,3842
es,56596,IUNA,8358,4939
es,56618,JERONIMO MONTEIRO,2890,2460
es,56626,JOAO NEIVA,3003,6335
es,56634,LINHARES,26396,30430
es,56650,MANTENOPOLIS,4103,2283
es,56677,MIMOSO DO SUL,6714,6339
es,56693,MONTANHA,3093,4849
es,56715,MUCURICI,1168,1720
es,56731,MUNIZ FREIRE,4402,4660
es,56758,MUQUI,3755,4557
es,56774,NOVA VENECIA,7722,13340
es,56790,PANCAS,4176,5458
es,56812,PINHEIROS,3690,6499
es,56839,PIUMA,3720,3449
es,56855,PRESIDENTE KENNEDY,2529,1826
es,56871,RIO NOVO DO SUL,3272,3433
es,56898,SANTA LEOPOLDINA,3506,3100
es,56910,SANTA TERESA,7336,5420
es,56936,SAO GABRIEL DA PALHA,5186,8831
es,56952,SAO JOSE DO CALCADO,2902,2894
es,56979,SAO MATEUS,12284,27142
es,56995,SERRA,42435,106140
es,57010,VIANA,11476,19485
es,57037,VILA VELHA,68825,114509
es,57053,VITORIA,68570,107052
es,57070,MARILANDIA,2426,3859
es,57096,IBATIBA,6761,2913
es,57118,RIO BANANAL,3619,5478
es,57134,JAGUARE,3100,6785
es,57150,PEDRO CANARIO,3728,6678
es,57916,LARANJA DA TERRA,3956,2570
es,57932,SANTA MARIA DO JETIBA,6773,8393
es,57959,VARGEM ALTA,4207,4506
es,57975,VENDA NOVA DO IMIGRANTE,4638,4052
es,57991,AGUIA BRANCA,2136,2658
go,92010,ABADIANIA,3030,3057
go,92029,BONFINOPOLIS,1394,1971
go,92037,AGUA LIMPA,562,721
go,92053,ALEXANIA,6205,4506
go,92061,CAMPOS VERDES,1891,1546
go,92096,ALOANDIA,718,687
go,92100,CEZARINA,1740,2292
go,92118,ALTO PARAISO,1133,1479
go,92126,COLINAS DO SUL,967,641
go,92150,ALVORADA DO NORTE,1962,1562
go,92169,MORRO AGUDO DE GOIAS,786,717
go,92177,AMORINOPOLIS,1218,1333
go,92207,EDEALINA,1132,1310
go,92215,ANAPOLIS,73422,73336
go,92223,FAINA,1618,1942
go,92231,ANHANGUERA,233,333
go,92258,ANICUNS,4019,6172
go,92266,GOUVELANDIA,1092,1285
go,92274,APARECIDA DE GOIANIA,50405,87837
go,92282,ITAGUARI,1232,1437
go,92290,APORE,812,716
go,92312,ARACU,1253,1496
go,92320,MATRINCHA,1097,1330
go,92339,ARAGARCAS,2224,5218
go,92347,MIMOSO DE GOIAS,1118,707
go,92355,ARAGOIANIA,1501,2346
go,92363,MONTIVIDIU,2298,2562
go,92444,NOVO PLANALTO,932,951
go,92460,PALESTINA DE GOIAS,950,795
go,92495,ARUANA,1264,1215
go,92517,AURILANDIA,824,1710
go,92550,AVELINOPOLIS,900,790
go,92568,SANTA FE DE GOIAS,859,1358
go,92614,BALIZA,289,609
go,92622,SAO JOAO DA PARAUNA,514,657
go,92630,BARRO ALTO,1300,2141
go,92649,SAO LUIZ DO NORTE,985,1146
go,92657,BELA VISTA DE GOIAS,4785,5813
go,92665,SAO MIGUEL DO PASSA QUATRO,831,1184
go,92673,BOM JARDIM DE GOIAS,1747,2318
go,92690,BOM JESUS,4551,4475
go,92703,SENADOR CANEDO,8381,16246
go,92711,BRAZABRANTES,812,840
go,92720,SIMOLANDIA,1612,1571
go,92754,BRITANIA,1203,1689
go,92762,TERESINA DE GOIAS,597,649
go,92770,BURITI ALEGRE,2522,2613
go,92789,TROMBAS,866,1105
go,92797,CABECEIRAS,1438,2093
go,92800,TURVELANDIA,691,1138
go,92819,CACHOEIRA ALTA,1863,2301
go,92827,RIO QUENTE,667,929
go,92835,CACHOEIRA DE GOIAS,489,417
go,92851,CACU,2576,3207
go,92860,GUARINOS,940,613
go,92878,CAIAPONIA,2867,4198
go,92886,COCALZINHO DE GOIAS,3715,2939
go,92894,CALDAS NOVAS,9931,15516
go,92908,SANTO ANTONIO DE GOIAS,642,1497
go,92916,CAMPESTRE DE GOIAS,868,848
go,92924,CHAPADAO DO CEU,790,1203
go,92932,CAMPINORTE,2453,1680
go,92940,ALTO HORIZONTE,834,672
go,92959,CAMPO ALEGRE DE GOIAS,1292,1360
go,92967,CASTELANDIA,791,1334
go,92975,CAMPOS BELOS,2909,4587
go,92983,JESUPOLIS,603,831
go,92991,CARMO DO RIO VERDE,1815,2468
go,93009,APARECIDA DO RIO DOCE,694,843
go,93017,CATALAO,12597,25370
go,93025,CIDADE OCIDENTAL,5396,12918
go,93033,CATURAI,1203,1405
go,93041,PROFESSOR JAMIL,622,1374
go,93050,CAVALCANTE,1272,1332
go,93068,PEROLANDIA,348,1075
go,93076,CERES,5274,6163
go,93084,NOVA IGUACU DE GOIAS,808,518
go,93092,DIVINOPOLIS DE GOIAS,889,1512
go,93106,BURITI DE GOIAS,521,1162
go,93122,CALDAZINHA,744,1098
go,93149,GUARAITA,765,986
go,93157,CORREGO DO OURO,911,875
go,93165,INACIOLANDIA,1175,1766
go,93173,CORUMBA DE GOIAS,2976,1961
go,93181,MONTIVIDIU DO NORTE,1039,703
go,93190,CORUMBAIBA,1713,2182
go,93203,SANTO ANTONIO DA BARRA,1387,1036
go,93220,TEREZOPOLIS DE GOIAS,1363,1566
go,93246,UIRAPURU,852,731
go,93254,CRISTALINA,9448,6381
go,93262,BURITINOPOLIS,1104,559
go,93270,CRISTIANOPOLIS,856,1153
go,93289,VILA BOA,520,1071
go,93297,CRIXAS,2391,4326
go,93300,VALPARAISO,9084,21406
go,93319,CROMINIA,1152,1403
go,93327,NOVO GAMA,8404,14667
go,93335,CUMARI,724,1101
go,93343,AGUAS LINDAS,8646,14103
go,93351,DAMIANOPOLIS,1327,514
go,93360,ABADIA DE GOIAS,1147,1600
go,93378,DAMOLANDIA,851,1101
go,93386,AMARALINA,922,489
go,93394,DAVINOPOLIS,593,816
go,93408,BONOPOLIS,786,545
go,93424,PORTEIRAO,666,866
go,93432,DIORAMA,699,811
go,93440,SANTA RITA DO NOVO DESTINO,842,1086
go,93483,SAO PATRICIO,659,576
go,93491,EDEIA,2617,2489
go,93505,VILA PROPICIO,1071,1096
go,93513,ESTRELA DO NORTE,1014,944
go,93530,FAZENDA NOVA,1645,1918
go,93548,IPIRANGA DE GOIAS,753,810
go,93564,GAMELEIRA DE GOIAS,819,568
go,93572,FIRMINOPOLIS,2589,2848
go,93580,CAMPO LIMPO DE GOIAS,1620,1215
go,93599,FLORES DE GOIAS,1376,1382
go,93602,LAGOA SANTA,333,245
go,93610,FORMOSA,15458,23436
go,93637,FORMOSO,1395,1503
go,93670,GOIANAPOLIS,3332,2410
go,93696,GOIANDIRA,1067,2070
go,93718,GOIANESIA,9980,15404
go,93734,GOIANIA,242011,348357
go,93750,GOIANIRA,2970,6275
go,93777,GOIAS,5325,9188
go,93793,GOIATUBA,8135,8819
go,93815,GUAPO,3373,3485
go,93831,GUARANI DE GOIAS,1442,850
go,93874,HEITORAI,977,934
go,93890,HIDROLANDIA,3061,4311
go,93912,HIDROLINA,1217,1297
go,93939,IACIARA,2805,1739
go,93955,INHUMAS,10469,14572
go,93971,IPAMERI,5001,7271
go,93998,IPORA,7603,8551
go,94013,ISRAELANDIA,1003,777
go,94030,ITABERAI,6857,7367
go,94072,ITAGUARU,1411,2132
go,94110,ITAJA,1381,1435
go,94137,ITAPACI,4028,3309
go,94153,ITAPIRAPUA,1848,2374
go,94196,ITAPURANGA,5446,9200
go,94218,ITARUMA,1394,1152
go,94234,ITAUCU,2147,3000
go,94250,ITUMBIARA,21498,24234
go,94277,IVOLANDIA,883,803
go,94293,JANDAIA,1574,2478
go,94315,JARAGUA,7955,8946
go,94331,JATAI,11596,28136
go,94358,JAUPACI,604,1112
go,94374,JOVIANIA,1749,2092
go,94390,JUSSARA,4592,5511
go,94439,LEOPOLDO DE BULHOES,1975,2201
go,94455,LUZIANIA,26350,33246
go,94471,MAIRIPOTABA,720,758
go,94498,MAMBAI,1585,767
go,94510,MARA ROSA,3557,1862
go,94536,MARZAGAO,576,618
go,94552,PARANAIGUARA,2049,2589
go,94579,MAURILANDIA,1563,3079
go,94595,MINEIROS,7933,12286
go,94650,MOIPORA,780,508
go,94676,MONTE ALEGRE DE GOIAS,1602,1185
go,94714,MONTES CLAROS DE GOIAS,2002,1909
go,94730,MORRINHOS,8175,13288
go,94757,MOSSAMEDES,964,1907
go,94773,MOZARLANDIA,2898,3033
go,94790,MUTUNOPOLIS,1296,938
go,94854,NAZARIO,1790,2116
go,94870,NEROPOLIS,4448,6295
go,94897,NIQUELANDIA,7486,9696
go,94919,NOVA AMERICA,873,590
go,94935,NOVA AURORA,692,655
go,94951,NOVA ROMA,1043,610
go,94978,NOVA VENEZA,1661,2340
go,95010,NOVO BRASIL,925,1295
go,95036,ORIZONA,3059,4561
go,95052,OURO VERDE DE GOIAS,1283,1292
go,95079,OUVIDOR,1177,1831
go,95095,PADRE BERNARDO,3675,3678
go,95117,PALMEIRAS DE GOIAS,6472,4243
go,95133,PALMELO,610,820
go,95150,PALMINOPOLIS,1195,850
go,95176,PANAMA,858,875
go,95230,PARAUNA,1870,3429
go,95311,PETROLINA DE GOIAS,3084,2372
go,95354,PILAR DE GOIAS,1007,676
go,95397,PIRACANJUBA,4998,8454
go,95419,PIRANHAS,2215,3908
go,95435,PIRENOPOLIS,6946,5167
go,95451,PIRES DO RIO,6054,8375
go,95494,PONTALINA,4154,5328
go,95559,PORANGATU,7980,10526
go,95575,PORTELANDIA,805,1405
go,95613,POSSE,6350,5503
go,95630,QUIRINOPOLIS,7409,13430
go,95656,RIALMA,2907,2573
go,95672,RIANAPOLIS,1119,1293
go,95710,RIO VERDE,28346,29392
go,95737,RUBIATABA,5179,4456
go,95753,SANCLERLANDIA,1506,2891
go,95770,SANTA BARBARA DE GOIAS,1031,1620
go,95796,SANTA CRUZ DE GOIAS,655,1068
go,95818,SANTA HELENA DE GOIAS,9830,10182
go,95834,SANTA RITA DO ARAGUAIA,1305,1282
go,95850,SANTA ROSA DE GOIAS,849,1283
go,95877,SANTA TEREZA DE GOIAS,1175,1189
go,95893,SANTA TEREZINHA DE GOIAS,3048,2261
go,95915,SAO DOMINGOS,1817,2180
go,95931,SAO FRANCISCO DE GOIAS,1719,1452
go,95958,PLANALTINA,8903,19679
go,95974,SAO JOAO D ALIANCA,1265,1810
go,95990,SAO LUIS DE MONTES BELOS,7311,7290
go,96016,SAO MIGUEL DO ARAGUAIA,5422,4539
go,96059,SAO SIMAO,2761,4979
go,96075,SERRANOPOLIS,1101,2068
go,96091,SILVANIA,3993,5338
go,96113,SITIO D ABADIA,761,688
go,96172,TAQUARAL DE GOIAS,1156,904
go,96237,TRES RANCHOS,619,1108
go,96253,TRINDADE,16490,26213
go,96318,TURVANIA,1565,1580
go,96334,URUACU,8004,7499
go,96350,URUANA,3069,4642
go,96377,URUTAI,747,913
go,96393,VARJAO,1413,1135
go,96415,VIANOPOLIS,3255,2378
go,96458,ACREUNA,3219,5888
go,96474,MINACU,7271,8567
go,96512,MUNDO NOVO DE GOIAS,1531,1269
go,96539,NOVA CRIXAS,2524,1755
go,96555,NOVA GLORIA,1872,2577
go,96571,VICENTINOPOLIS,1253,2019
go,96610,AMERICANO DO BRASIL,1049,2120
go,96695,ARAGUAPAZ,1694,1776
go,96717,ARENOPOLIS,878,1341
go,96733,CACHOEIRA DOURADA,2353,2735
go,96750,DOVERLANDIA,1693,2372
go,96776,SANTO ANTONIO DO DESCOBERTO,8446,11581
go,96814,INDIARA,2015,3287
go,96873,CAMPINACU,1124,739
go,96890,SANTA ISABEL,1048,786
go,96911,ADELANDIA,736,773
go,96938,AGUA FRIA DE GOIAS,1145,832
ma,07005,AGUA DOCE,2967,1133
ma,07013,AFONSO CUNHA,860,1177
ma,07021,ALTO ALEGRE DO MARANHAO,2947,3140
ma,07030,ALCANTARA,1714,4998
ma,07048,ALTO ALEGRE DO PINDARE,4484,4099
ma,07056,ALDEIAS ALTAS,2129,3932
ma,07064,APICUM ACU,2649,753
ma,07072,ALTAMIRA DO MARANHAO,818,2439
ma,07080,AMAPA DO MARANHAO,1181,1017
ma,07099,ALTO PARNAIBA,2200,1167
ma,07102,ARAGUANA,1397,1700
ma,07110,AMARANTE DO MARANHAO,5677,4029
ma,07129,BACABEIRA,1458,3248
ma,07137,ANAJATUBA,801,6859
ma,07145,BACURITUBA,542,1116
ma,07153,ANAPURUS,2998,1786
ma,07161,BELAGUA,443,1822
ma,07170,ARAIOSES,10265,3408
ma,07188,BELA VISTA,1428,1949
ma,07196,ARARI,2745,7421
ma,07200,BERNARDO DO MEARIM,1344,1046
ma,07218,AXIXA,2251,1486
ma,07226,CACHOEIRA GRANDE,711,1470
ma,07234,BACABAL,11095,24158
ma,07242,DAVINOPOLIS,2270,2323
ma,07250,BACURI,3167,1776
ma,07269,BOM JESUS DAS SELVAS,3401,2461
ma,07277,BALSAS,11475,10663
ma,07285,BOM LUGAR,2461,2401
ma,07293,BARAO DE GRAJAU,3543,3119
ma,07307,BREJO DE AREIA,1332,1995
ma,07315,BARRA DO CORDA,18689,6959
ma,07323,BOA VISTA DO GURUPI,861,1211
ma,07331,BARREIRINHAS,5261,10232
ma,07340,BURITICUPU,6877,8593
ma,07358,BENEDITO LEITE,1224,975
ma,07366,BURITIRANA,3231,2110
ma,07374,BEQUIMAO,970,5688
ma,07382,CAMPESTRE DO MARANHAO,2226,2145
ma,07390,BREJO,8610,2307
ma,07404,CAPINZAL DO NORTE,1749,2325
ma,07412,BURITI,5241,3451
ma,07420,CENTRAL DO MARANHAO,280,1814
ma,07439,BURITI BRAVO,3660,3811
ma,07447,CENTRO DO GUILHERME,761,1393
ma,07455,CAJAPIO,909,2459
ma,07463,CENTRO NOVO DO MARANHAO,2188,1544
ma,07471,CAJARI,1496,3784
ma,07480,CIDELANDIA,2093,2475
ma,07498,CANDIDO MENDES,3936,1346
ma,07501,CONCEICAO DO LAGO ACU,2088,1499
ma,07510,CANTANHEDE,2178,2613
ma,07528,FEIRA NOVA DO MARANHAO,1451,1435
ma,07536,CAROLINA,4841,4626
ma,07544,FERNANDO FALCAO,1985,643
ma,07552,CARUTAPERA,3629,2585
ma,07560,FORMOSA DA SERRA NEGRA,3466,1170
ma,07579,CAXIAS,15830,31244
ma,07595,CEDRAL,986,1876
ma,07609,GOVERNADOR EDSON LOBAO,2216,1925
ma,07617,CHAPADINHA,8299,12358
ma,07625,GOVERNADOR LUIZ ROCHA,2206,1547
ma,07633,CODO,15043,17065
ma,07641,GOVERNADOR NEWTON BELLO,1650,1295
ma,07650,COELHO NETO,5956,10086
ma,07668,GOVERNADOR NUNES FREIRE,2987,2714
ma,07676,COLINAS,7483,3615
ma,07684,IGARAPE DO MEIO,1237,1797
ma,07692,COROATA,8927,12874
ma,07706,ITAIPAVA DO GRAJAU,2371,1157
ma,07714,CURURUPU,7028,4135
ma,07722,ITINGA DO MARANHAO,4823,3482
ma,07730,DOM PEDRO,5857,2951
ma,07749,JATOBA,1687,944
ma,07757,DUQUE BACELAR,1103,2550
ma,07765,JENIPAPO DOS VIEIRAS,3720,1109
ma,07773,ESPERANTINOPOLIS,3161,4403
ma,07781,JUNCO DO MARANHAO,1076,1137
ma,07790,FORTALEZA DOS NOGUEIRAS,1684,2825
ma,07803,LAGO DOS RODRIGUES,1838,2664
ma,07811,FORTUNA,3289,2975
ma,07820,LAGOA DO MATO,1625,1111
ma,07838,GODOFREDO VIANA,1613,713
ma,07846,LAGOA GRANDE DO MARANHAO,2027,1739
ma,07854,GONCALVES DIAS,3663,2222
ma,07862,LAJEADO NOVO,1328,1135
ma,07870,GOVERNADOR ARCHER,2306,1356
ma,07889,MARACACUME,3579,1692
ma,07897,GOVERNADOR EUGENIO BARROS,1920,3133
ma,07900,MARAJA DO SENA,1944,1312
ma,07919,GRACA ARANHA,1459,1496
ma,07927,MARANHAOZINHO,1294,1446
ma,07935,GRAJAU,8820,6647
ma,07943,MATOES DO NORTE,972,1457
ma,07951,GUIMARAES,1228,3220
ma,07960,MILAGRES DO MARANHAO,1387,789
ma,07978,HUMBERTO DE CAMPOS,2764,3912
ma,07986,NOVA COLINAS,594,1346
ma,07994,ICATU,4061,2599
ma,08001,NOVA OLINDA DO MARANHAO,2942,2488
ma,08010,IGARAPE GRANDE,2952,1777
ma,08028,OLINDA NOVA DO MARANHAO,1902,1057
ma,08036,IMPERATRIZ,49090,43951
ma,08044,PAULINO NEVES,1900,1810
ma,08052,SAO LUIS GONZAGA DO MARANHAO,3493,5292
ma,08060,PEDRO DO ROSARIO,1572,2713
ma,08079,ITAPECURU MIRIM,3932,12368
ma,08087,PERITORO,2841,3442
ma,08095,JOAO LISBOA,5484,4217
ma,08109,PORTO RICO DO MARANHAO,1770,794
ma,08117,JOSELANDIA,3565,2308
ma,08125,PRESIDENTE MEDICI,1161,1221
ma,08133,LAGO DA PEDRA,9199,6921
ma,08141,PRESIDENTE SARNEY,1165,2381
ma,08150,LAGO DO JUNCO,1440,2483
ma,08168,RAPOSA,2190,4535
ma,08176,LAGO VERDE,2025,3134
ma,08184,RIBAMAR FIQUENE,1812,1066
ma,08192,LIMA CAMPOS,3070,2445
ma,08206,SANTA FILOMENA DO MARANHAO,1185,1144
ma,08214,LORETO,1658,1975
ma,08222,SANTANA DO MARANHAO,1806,814
ma,08230,LUIS DOMINGUES DO MARANHAO,1743,629
ma,08249,SANTO AMARO DO MARANHAO,1188,1511
ma,08257,MAGALHAES DE ALMEIDA,3399,2100
ma,08265,SAO DOMINGOS DO AZEITAO,649,1942
ma,08273,MATA ROMA,3714,2102
ma,08281,SAO FRANCISCO DO BREJAO,1852,1262
ma,08290,MATINHA,3487,4022
ma,08303,SAO JOAO DO CARU,2222,1332
ma,08311,MATOES,3629,3552
ma,08320,SAO JOAO DO PARAISO,2672,1300
ma,08338,MIRADOR,3234,2870
ma,08346,SAO JOAO DO SOTER,2208,1939
ma,08354,MIRINZAL,1696,2331
ma,08362,SAO JOSE DOS BASILIOS,1819,1565
ma,08370,MONCAO,3882,3938
ma,08389,SAO PEDRO DA AGUA BRANCA,1672,2214
ma,08397,MONTES ALTOS,1968,2171
ma,08400,SAO PEDRO DOS CRENTES,1285,598
ma,08419,MORROS,1307,3117
ma,08427,SAO RAIMUNDO DA DOCA BEZERRA,1397,1023
ma,08435,NINA RODRIGUES,1349,2105
ma,08443,SAO ROBERTO,717,1214
ma,08451,NOVA IORQUE,1378,548
ma,08460,SATUBINHA,807,1433
ma,08478,OLHO D AGUA DAS CUNHAS,4308,3170
ma,08486,SENADOR ALEXANDRE COSTA,1719,1280
ma,08494,PACO DO LUMIAR,4760,19569
ma,08508,SENADOR LA ROQUE,4245,4006
ma,08516,PALMEIRANDIA,1072,4475
ma,08524,SERRANO DO MARANHAO,1670,1136
ma,08532,PARAIBANO,3717,3620
ma,08540,SUCUPIRA DO RIACHAO,1157,1087
ma,08559,PARNARAMA,4345,6053
ma,08567,TRIZIDELA DO VALE,2995,5093
ma,08575,PASSAGEM FRANCA,3766,1836
ma,08583,TUFILANDIA,1494,791
ma,08591,PASTOS BONS,2992,3058
ma,08605,TURILANDIA,1169,2814
ma,08613,PEDREIRAS,6325,10246
ma,08621,VILA NOVA DOS MARTIRIOS,1163,1171
ma,08630,PENALVA,3879,5731
ma,08656,PERI MIRIM,1021,3088
ma,08672,PINDARE MIRIM,4814,6147
ma,08699,PINHEIRO,7844,15164
ma,08710,PIO XII,3343,4995
ma,08737,PIRAPEMAS,2235,3125
ma,08753,POCAO DE PEDRAS,5083,3022
ma,08770,PORTO FRANCO,4354,3054
ma,08796,PRESIDENTE DUTRA,8440,6522
ma,08818,PRESIDENTE JUSCELINO,730,1758
ma,08834,PRESIDENTE VARGAS,1470,2177
ma,08850,PRIMEIRA CRUZ,1754,1730
ma,08877,RIACHAO,2736,4389
ma,08893,SAO JOSE DE RIBAMAR,6958,21895
ma,08915,ROSARIO,3653,9224
ma,08931,SAMBAIBA,856,1239
ma,08958,SANTA HELENA,3002,5860
ma,08974,SANTA LUZIA,9362,12776
ma,08990,SANTA QUITERIA DO MARANHAO,6010,3001
ma,09016,SANTA RITA,4345,3936
ma,09032,SANTO ANTONIO DOS LOPES,3422,2326
ma,09059,SAO BENEDITO DO RIO PRETO,2505,2951
ma,09075,SAO BENTO,6273,5103
ma,09091,SAO BERNARDO,6153,3059
ma,09113,SAO DOMINGOS DO MARANHAO,8941,4107
ma,09130,SAO FELIX DE BALSAS,1003,756
ma,09156,SAO FRANCISCO DO MARANHAO,3161,1201
ma,09172,SAO JOAO BATISTA,1501,5406
ma,09199,SAO JOAO DOS PATOS,4422,4730
ma,09210,SAO LUIS,60290,337483
ma,09237,SAO MATEUS DO MARANHAO,7413,5189
ma,09253,SAO RAIMUNDO DAS MANGABEIRAS,3217,2243
ma,09270,SAO VICENTE FERRER,2096,2560
ma,09296,SITIO NOVO,4214,1781
ma,09318,SUCUPIRA DO NORTE,1959,1779
ma,09334,TASSO FRAGOSO,1353,906
ma,09350,TIMBIRAS,3871,3515
ma,09377,TIMON,13344,38560
ma,09393,TUNTUM,8099,4672
ma,09415,TURIACU,5983,3560
ma,09431,TUTOIA,9333,4156
ma,09458,URBANO SANTOS,1954,5684
ma,09474,VARGEM GRANDE,5010,6039
ma,09490,VIANA,6276,8752
ma,09512,VITORIA DO MEARIM,4902,5115
ma,09539,VITORINO FREIRE,6447,5691
ma,09555,BOM JARDIM,6483,5104
ma,09571,SANTA INES,13977,16772
ma,09598,PAULO RAMOS,4692,2664
ma,09610,ACAILANDIA,17615,16659
ma,09636,ESTREITO,5795,3573
ma,09652,SANTA LUZIA DO PARUA,4409,3451
ma,09679,ARAME,4538,3760
ma,09695,MIRANDA DO NORTE,1064,4857
ma,09717,ZE DOCA,9257,4666
mg,40002,ALFREDO VASCONCELOS,1108,2092
mg,40010,ABADIA DOS DOURADOS,1949,1918
mg,40029,ARAPORA,1146,2633
mg,40037,ABAETE,6476,5476
mg,40045,BRASILANDIA DE MINAS,2441,3090
mg,40053,ABRE CAMPO,3251,3755
mg,40061,CAPITAO ANDRADE,887,1405
mg,40070,ACAIACA,869,1204
mg,40088,CARNEIRINHO,2086,2904
mg,40096,ACUCENA,1652,3598
mg,40100,CATUJI,1897,1916
mg,40118,AGUA BOA,3641,2300
mg,40126,DIVISA ALEGRE,1484,921
mg,40134,AGUA COMPRIDA,716,946
mg,40142,DIVISOPOLIS,2504,874
mg,40150,AGUANIL,806,1360
mg,40169,DURANDE,1774,1723
mg,40177,AGUAS FORMOSAS,2643,5335
mg,40185,ENTRE FOLHAS,1337,1999
mg,40193,AGUAS VERMELHAS,3334,1400
mg,40207,FERVEDOURO,1846,2581
mg,40215,AIMORES,6622,6846
mg,40223,FRANCISCOPOLIS,1594,571
mg,40231,AIURUOCA,1497,1844
mg,40240,ICARAI DE MINAS,2703,1433
mg,40258,ALAGOA,1067,561
mg,40266,IPABA,2326,5077
mg,40274,ALBERTINA,731,881
mg,40282,JAIBA,5937,4490
mg,40290,ALEM PARAIBA,4804,15099
mg,40304,JAMPRUCA,697,1579
mg,40312,ALFENAS,14225,22281
mg,40320,JUATUBA,1862,6250
mg,40339,ALMENARA,7532,7829
mg,40347,LAGOA GRANDE,1506,2265
mg,40355,ALPERCATA,1432,2601
mg,40363,LIMEIRA DO OESTE,937,2474
mg,40371,ALPINOPOLIS,3784,5694
mg,40380,LONTRA,2452,1190
mg,40398,ALTEROSA,4448,2985
mg,40401,MAMONAS,2783,645
mg,40410,ALTO RIO DOCE,3787,2870
mg,40428,MATA VERDE,2218,888
mg,40436,ALVARENGA,1154,1755
mg,40444,MATIAS CARDOSO,2162,885
mg,40452,ALVINOPOLIS,1641,7241
mg,40460,MONTEZUMA,2343,444
mg,40479,ALVORADA DE MINAS,517,980
mg,40487,NAQUE,842,2124
mg,40495,AMPARO DO SERRA,1084,1738
mg,40509,NOVO ORIENTE DE MINAS,1703,2450
mg,40517,ANDRADAS,8649,10139
mg,40525,PALMOPOLIS,1134,1629
mg,40533,CACHOEIRA DE PAJEU,2066,1785
mg,40541,PEDRAS DE MARIA DA CRUZ,1916,1445
mg,40550,ANDRELANDIA,3110,3807
mg,40568,PERIQUITO,1138,2464
mg,40576,ANTONIO CARLOS,1530,5282
mg,40584,PONTO DOS VOLANTES,1928,2020
mg,40592,ANTONIO DIAS,1509,3724
mg,40606,RIACHINHO,1155,2208
mg,40614,ANTONIO PRADO DE MINAS,342,861
mg,40622,ROSARIO DA LIMEIRA,1048,1864
mg,40630,ARACAI,313,1017
mg,40649,SANTA BARBARA DO LESTE,2126,2167
mg,40657,ARACITABA,546,710
mg,40665,SANTA RITA DE MINAS,1128,1741
mg,40673,ARACUAI,7669,7534
mg,40681,SANTANA DO PARAISO,2848,5268
mg,40690,ARAGUARI,24392,33972
mg,40703,SAO JOAO DA LAGOA,741,1495
mg,40711,ARANTINA,366,1474
mg,40720,SAO JOAO DO MANHUACU,2423,2356
mg,40738,ARAPONGA,1168,2351
mg,40746,SAO JOAO DO MANTENINHA,1266,1346
mg,40754,ARAPUA,1216,669
mg,40762,SAO JOAO DO PACUI,524,1229
mg,40770,ARAUJOS,1869,1822
mg,40789,SAO JOSE DA LAPA,1572,7396
mg,40797,ARAXA,19657,27445
mg,40800,SARZEDO,1566,5774
mg,40819,ARCEBURGO,2571,2168
mg,40827,SEM-PEIXE,555,1352
mg,40835,ARCOS,7002,12741
mg,40843,SENADOR AMARAL,1024,1892
mg,40851,AREADO,4293,3220
mg,40860,UBAPORANGA,2770,2930
mg,40878,ARGIRITA,418,1609
mg,40886,URUCUIA,1732,1489
mg,40894,ARINOS,3271,4111
mg,40908,VARGEM ALEGRE,1513,2017
mg,40916,ASTOLFO DUTRA,2785,4424
mg,40924,JOSENOPOLIS,698,1089
mg,40932,ATALEIA,2268,4653
mg,40940,JUVENILIA,1963,869
mg,40959,AUGUSTO DE LIMA,1031,1569
mg,40967,LEME DO PRADO,1042,932
mg,40975,BAEPENDI,4325,6208
mg,40983,LUISBURGO,2129,1056
mg,40991,BALDIM,1290,3151
mg,41009,LUISLANDIA,1442,1346
mg,41017,BAMBUI,6235,6380
mg,41025,MARIO CAMPOS,1106,3265
mg,41033,BANDEIRA,1386,849
mg,41041,MARTINS SOARES,1138,2029
mg,41050,BANDEIRA DO SUL,1555,1618
mg,41068,MIRAVANIA,1452,585
mg,41076,BARAO DE COCAIS,1786,11998
mg,41084,MONTE FORMOSO,787,1328
mg,41092,BARAO DE MONTE ALTO,1812,1797
mg,41106,NATALANDIA,524,1302
mg,41114,BARBACENA,16262,50620
mg,41122,NINHEIRA,2677,870
mg,41130,BARRA LONGA,1954,1941
mg,41149,NOVA BELEM,1001,1041
mg,41157,TRES MARIAS,5196,7804
mg,41165,NOVA PORTEIRINHA,1576,2026
mg,41173,BARROSO,4195,7331
mg,41181,NOVORIZONTE,1509,925
mg,41190,BELA VISTA DE MINAS,839,5091
mg,41203,OLHOS DAGUA,787,1233
mg,41211,BELMIRO BRAGA,719,1629
mg,41220,ORATORIOS,744,1669
mg,41238,BELO HORIZONTE,318741,989976
mg,41246,ORIZANIA,1315,2077
mg,41254,BELO ORIENTE,2905,7717
mg,41262,PADRE CARVALHO,902,1189
mg,41270,BELO VALE,1739,2962
mg,41289,PAI PEDRO,1708,927
mg,41297,BERILO,3712,1567
mg,41300,PATIS,1072,1106
mg,41319,BERTOPOLIS,650,1324
mg,41327,PEDRA BONITA,1992,1276
mg,41335,BETIM,34097,109884
mg,41343,PIEDADE DE CARATINGA,1448,1271
mg,41351,BIAS FORTES,741,1843
mg,41360,PINGO DAGUA,627,1463
mg,41378,BICAS,2026,6091
mg,41386,PINTOPOLIS,1680,1082
mg,41394,BIQUINHAS,831,782
mg,41408,PONTO CHIQUE,1093,691
mg,41416,BOA ESPERANCA,7814,11227
mg,41424,REDUTO,1032,1731
mg,41432,BOCAINA DE MINAS,1533,1305
mg,41440,SANTA BARBARA DO MONTE VERDE,653,1256
mg,41459,BOCAIUVA,5038,15163
mg,41467,SANTA CRUZ DE MINAS,1330,2884
mg,41475,BOM DESPACHO,8201,15210
mg,41483,SANTA CRUZ DE SALINAS,1412,823
mg,41491,BOM JARDIM DE MINAS,1534,2377
mg,41505,SANTA HELENA DE MINAS,1266,1425
mg,41513,BOM JESUS DA PENHA,1202,916
mg,41521,SANTO ANTONIO DO RETIRO,2504,379
mg,41530,BOM JESUS DO AMPARO,839,2159
mg,41548,SAO DOMINGOS DAS DORES,1050,1623
mg,41556,BOM JESUS DO GALHO,3814,4791
mg,41564,SAO FELIX DE MINAS,912,832
mg,41572,BOM REPOUSO,2003,3305
mg,41580,SAO GERALDO DO BAIXIO,604,930
mg,41599,BOM SUCESSO,4447,5261
mg,41602,SAO JOAO DAS MISSOES,1904,1396
mg,41610,BONFIM,1935,2581
mg,41629,SAO JOAQUIM DE BICAS,1880,6465
mg,41637,BONFINOPOLIS DE MINAS,682,2450
mg,41645,SAO JOSE DA BARRA,981,2407
mg,41653,BORDA DA MATA,3794,4820
mg,41661,ALTO CAPARAO,1553,991
mg,41670,BOTELHOS,3466,5070
mg,41688,ANGELANDIA,2169,953
mg,41696,BOTUMIRIM,1362,1340
mg,41700,ARICANDUVA,1353,862
mg,41718,BRASILIA DE MINAS,5949,7991
mg,41726,BERIZAL,1301,730
mg,41734,BRAS PIRES,1342,1235
mg,41742,BONITO DE MINAS,1473,1248
mg,41750,BRAUNAS,1015,1605
mg,41769,BUGRE,1190,1390
mg,41777,BRAZOPOLIS,4926,3766
mg,41785,CABECEIRA GRANDE,1424,1815
mg,41793,BRUMADINHO,3701,11357
mg,41807,CAMPO AZUL,1311,528
mg,41815,BUENO BRANDAO,3389,2459
mg,41823,CANTAGALO,1003,841
mg,41831,BUENOPOLIS,2424,2055
mg,41840,CATAS ALTAS,607,1938
mg,41858,BURITIS,4046,5394
mg,41866,CATUTI,1827,895
mg,41874,BURITIZEIRO,3894,6906
mg,41882,CHAPADA GAUCHA,1969,1366
mg,41890,CABO VERDE,3469,3427
mg,41904,CONEGO MARINHO,1937,1176
mg,41912,CACHOEIRA DA PRATA,516,2054
mg,41920,CONFINS,550,2786
mg,41939,CACHOEIRA DE MINAS,3185,3067
mg,41947,CORREGO FUNDO,848,2416
mg,41955,CACHOEIRA DOURADA,629,740
mg,41963,CRISOLITA,936,1528
mg,41971,CAETANOPOLIS,1008,3819
mg,41980,CUPARAQUE,1303,849
mg,41998,CAETE,4940,17277
mg,42005,CURRAL DE DENTRO,2314,781
mg,42013,CAIANA,970,1448
mg,42021,DELTA,536,2089
mg,42030,CAJURI,880,1723
mg,42048,DOM BOSCO,597,1469
mg,42056,CALDAS,4769,3302
mg,42064,FREI LAGONEGRO,1052,775
mg,42072,CAMACHO,1170,981
mg,42080,FRUTA DE LEITE,1748,898
mg,42099,CAMANDUCAIA,5649,4657
mg,42102,GAMELEIRAS,1993,655
mg,42110,CAMBUI,5232,7541
mg,42129,GLAUCILANDIA,542,1524
mg,42137,CAMBUQUIRA,3078,3766
mg,42145,GOIABEIRA,1006,796
mg,42153,CAMPANARIO,645,1130
mg,42161,GOIANA,628,1551
mg,42170,CAMPANHA,3400,4329
mg,42188,GUARACIAMA,834,2038
mg,42196,CAMPESTRE,6147,5084
mg,42200,IBIRACATU,1384,1207
mg,42218,CAMPINA VERDE,4319,5787
mg,42226,IMBE DE MINAS,1138,1903
mg,42234,CAMPO BELO,13341,13968
mg,42242,INDAIABIRA,2250,728
mg,42250,CAMPO DO MEIO,3071,3379
mg,42269,JAPONVAR,2375,1013
mg,42277,CAMPO FLORIDO,1430,1519
mg,42285,JENIPAPO DE MINAS,1558,705
mg,42293,CAMPOS ALTOS,3603,2621
mg,42307,JOSE GONCALVES DE MINAS,1413,501
mg,42315,CAMPOS GERAIS,5770,7764
mg,42323,JOSE RAYDAN,787,988
mg,42331,CANAA,1046,1746
mg,42340,SAO SEBASTIAO DA VARGEM ALEGRE,952,759
mg,42358,CANAPOLIS,1950,4217
mg,42366,SAO SEBASTIAO DO ANTA,878,1538
mg,42374,CANA VERDE,1642,1614
mg,42382,SERRANOPOLIS DE MINAS,1901,484
mg,42390,CANDEIAS,4826,3449
mg,42404,SETUBINHA,2661,958
mg,42412,CAPARAO,1304,922
mg,42420,TAPARUBA,1099,1105
mg,42439,CAPELA NOVA,1486,1445
mg,42447,UNIAO DE MINAS,813,1629
mg,42455,CAPELINHA,6971,6143
mg,42463,URUANA DE MINAS,512,1194
mg,42471,CAPETINGA,2251,1573
mg,42480,VARGEM GRANDE DO RIO PARDO,1777,418
mg,42498,CAPIM BRANCO,1257,3155
mg,42501,VARJAO DE MINAS,1596,1053
mg,42510,CAPINOPOLIS,3364,5110
mg,42528,VERDELANDIA,896,1624
mg,42536,CAPITAO ENEAS,2379,3886
mg,42544,VEREDINHA,1055,1416
mg,42552,CAPITOLIO,1569,3132
mg,42560,VERMELHO NOVO,1190,1638
mg,42579,CAPUTIRA,1749,2949
mg,42587,TOCOS DO MOJI,1403,1224
mg,42595,CARAI,2461,4230
mg,42617,CARANAIBA,1234,1007
mg,42633,CARANDAI,4698,8355
mg,42650,CARANGOLA,7487,9358
mg,42676,CARATINGA,16777,23184
mg,42692,CARBONITA,1254,3136
mg,42714,CAREACU,1527,1842
mg,42730,CARLOS CHAGAS,3599,6161
mg,42757,CARMESIA,331,879
mg,42773,CARMO DA CACHOEIRA,2255,3575
mg,42790,CARMO DA MATA,2898,3588
mg,42811,CARMO DE MINAS,2609,3457
mg,42838,CARMO DO CAJURU,3265,7324
mg,42854,CARMO DO PARANAIBA,7730,6888
mg,42870,CARMO DO RIO CLARO,3958,6418
mg,42897,CARMOPOLIS DE MINAS,3917,4365
mg,42919,CARRANCAS,1014,1250
mg,42935,CARVALHOPOLIS,867,1071
mg,42951,CARVALHOS,1429,1434
mg,42978,CASA GRANDE,591,937
mg,42994,CASCALHO RICO,906,832
mg,43010,CASSIA,4882,4334
mg,43036,CONCEICAO DA BARRA DE MINAS,1347,1041
mg,43052,CATAGUASES,8157,29823
mg,43079,CATAS ALTAS DA NORUEGA,783,1259
mg,43095,CAXAMBU,3795,8751
mg,43117,CEDRO DO ABAETE,519,279
mg,43133,CENTRAL DE MINAS,2122,1458
mg,43150,CENTRALINA,1749,3346
mg,43176,CHACARA,459,1178
mg,43192,CHALE,1578,1586
mg,43214,CHAPADA DO NORTE,2835,1933
mg,43230,CHIADOR,630,1247
mg,43257,CIPOTANEA,1734,1372
mg,43273,CLARAVAL,1584,936
mg,43290,CLARO DOS POCOES,1885,2362
mg,43311,CLAUDIO,5745,6991
mg,43338,COIMBRA,1734,2262
mg,43354,COLUNA,1783,1941
mg,43370,COMENDADOR GOMES,933,640
mg,43397,COMERCINHO,1897,2177
mg,43419,CONCEICAO DA APARECIDA,2285,2661
mg,43435,CONCEICAO DA PEDRA,753,952
mg,43451,CONCEICAO DAS ALAGOAS,3692,6294
mg,43478,CONCEICAO DE IPANEMA,1467,1280
mg,43494,CONCEICAO DO MATO DENTRO,2161,5800
mg,43516,CONCEICAO DO PARA,1129,1911
mg,43532,CONCEICAO DO RIO VERDE,2663,3931
mg,43559,CONCEICAO DOS OUROS,2594,2593
mg,43575,CONGONHAL,2677,2332
mg,43591,CONGONHAS,3683,21796
mg,43613,CONGONHAS DO NORTE,813,1301
mg,43630,CONQUISTA,1771,2047
mg,43656,CONSELHEIRO LAFAIETE,12092,48961
mg,43672,CONSELHEIRO PENA,4707,5999
mg,43699,CONSOLACAO,586,547
mg,43710,CONTAGEM,53340,243590
mg,43737,COQUEIRAL,1941,3036
mg,43753,CORACAO DE JESUS,4779,7144
mg,43770,CORDISBURGO,1510,2966
mg,43796,CORDISLANDIA,951,1099
mg,43818,CORINTO,3189,9393
mg,43834,COROACI,2683,2276
mg,43850,COROMANDEL,6769,7752
mg,43877,CORONEL FABRICIANO,11478,41803
mg,43893,CORONEL MURTA,2405,1901
mg,43915,CORONEL PACHECO,512,1498
mg,43931,CORONEL XAVIER CHAVES,731,1202
mg,43958,CORREGO DANTA,1020,1091
mg,43974,CORREGO DO BOM JESUS,1246,1392
mg,43990,CORREGO NOVO,854,1120
mg,44016,COUTO DE MAGALHAES DE MINAS,502,1653
mg,44032,CRISTAIS,1983,3128
mg,44059,CRISTALIA,1316,1097
mg,44075,CRISTIANO OTONI,1244,1761
mg,44091,CRISTINA,2837,2645
mg,44113,CRUCILANDIA,1450,1337
mg,44130,CRUZEIRO DA FORTALEZA,983,1229
mg,44156,CRUZILIA,3233,4481
mg,44172,CURVELO,10934,23201
mg,44199,DATAS,882,1685
mg,44210,DELFIM MOREIRA,2529,2053
mg,44237,DELFINOPOLIS,1530,1868
mg,44253,DESCOBERTO,941,1997
mg,44270,DESTERRO DE ENTRE RIOS,2276,1489
mg,44296,DESTERRO DO MELO,1124,1001
mg,44318,DIAMANTINA,6747,14053
mg,44334,DIOGO DE VASCONCELOS,881,1262
mg,44350,DIONISIO,943,4053
mg,44377,DIVINESIA,636,1472
mg,44393,DIVINO,3939,5173
mg,44415,DIVINO DAS LARANJEIRAS,1627,1267
mg,44431,DIVINOLANDIA DE MINAS,1105,1974
mg,44458,DIVINOPOLIS,24614,84720
mg,44474,DIVISA NOVA,919,2042
mg,44490,DOM CAVATI,1608,1511
mg,44512,DOM JOAQUIM,652,1637
mg,44539,DOM SILVERIO,823,2513
mg,44555,DOM VICOSO,1215,685
mg,44571,DONA EUSEBIA,1592,1851
mg,44598,DORES DE CAMPOS,1839,3385
mg,44610,DORES DE GUANHAES,762,1934
mg,44636,DORES DO INDAIA,4040,4076
mg,44652,DORES DO TURVO,971,1712
mg,44679,DORESOPOLIS,532,434
mg,44695,DOURADOQUARA,518,579
mg,44717,ELOI MENDES,5846,6582
mg,44733,ENGENHEIRO CALDAS,1772,2101
mg,44750,ENGENHEIRO NAVARRO,998,2596
mg,44776,ENTRE RIOS DE MINAS,3071,4742
mg,44792,ERVALIA,4006,5508
mg,44814,ESMERALDAS,5937,14663
mg,44830,ESPERA FELIZ,4358,6443
mg,44857,ESPINOSA,10627,3772
mg,44873,ESPIRITO SANTO DO DOURADO,1237,1558
mg,44890,ESTIVA,2794,2850
mg,44911,ESTRELA DALVA,296,1261
mg,44938,ESTRELA DO INDAIA,1087,1000
mg,44954,ESTRELA DO SUL,1915,1974
mg,44970,EUGENOPOLIS,2113,3782
mg,44997,EWBANK DA CAMARA,540,1806
mg,45012,EXTREMA,4512,6945
mg,45039,FAMA,523,966
mg,45055,FARIA LEMOS,758,1419
mg,45071,FELICIO DOS SANTOS,1596,809
mg,45098,SAO GONCALO DO RIO PRETO,568,1024
mg,45110,FELISBURGO,957,1803
mg,45136,FELIXLANDIA,2796,3995
mg,45152,FERNANDES TOURINHO,877,989
mg,45179,FERROS,2606,3320
mg,45195,FLORESTAL,709,2616
mg,45217,FORMIGA,15351,22234
mg,45233,FORMOSO,1097,1727
mg,45250,FORTALEZA DE MINAS,969,1438
mg,45276,FORTUNA DE MINAS,503,846
mg,45292,FRANCISCO BADARO,3214,1093
mg,45314,FRANCISCO DUMONT,907,1147
mg,45330,FRANCISCO SA,3712,7235
mg,45357,FREI GASPAR,810,1753
mg,45373,FREI INOCENCIO,1260,2858
mg,45390,FRONTEIRA,1978,2852
mg,45411,FRUTAL,11294,14103
mg,45438,FUNILANDIA,691,1344
mg,45454,GALILEIA,1596,2090
mg,45470,GONCALVES,1166,1044
mg,45497,GONZAGA,1633,993
mg,45519,GOUVEA,1342,4300
mg,45535,GOVERNADOR VALADARES,54764,68595
mg,45551,GRAO MOGOL,3451,2000
mg,45578,GRUPIARA,460,512
mg,45594,GUANHAES,6249,6721
mg,45616,GUAPE,2997,4045
mg,45632,GUARACIABA,2679,2545
mg,45659,GUARANESIA,3534,6498
mg,45675,GUARANI,1354,3861
mg,45691,GUARARA,508,1874
mg,45713,GUARDA-MOR,1299,1784
mg,45730,GUAXUPE,7429,19265
mg,45756,GUIDOVAL,1840,2746
mg,45772,GUIMARANIA,1418,2241
mg,45799,GUIRICEMA,1659,3687
mg,45810,GURINHATA,1883,2014
mg,45837,HELIODORA,1575,1712
mg,45853,IAPU,2222,2958
mg,45870,IBERTIOGA,1016,2120
mg,45896,IBIA,4622,6784
mg,45918,IBIAI,1610,1460
mg,45934,IBIRACI,2824,2926
mg,45950,IBIRITE,9535,44261
mg,45977,IBITIURA DE MINAS,1004,1124
mg,45993,IBITURUNA,865,766
mg,46019,IGARAPE,3750,9367
mg,46035,IGARATINGA,1254,2724
mg,46051,IGUATAMA,1692,3295
mg,46078,IJACI,1521,1809
mg,46094,ILICINEA,2153,3511
mg,46116,INCONFIDENTES,2072,2181
mg,46132,INDIANOPOLIS,952,1614
mg,46159,INGAI,688,811
mg,46175,INHAPIM,5390,7869
mg,46191,INHAUMA,803,2104
mg,46213,INIMUTABA,1229,1988
mg,46230,IPANEMA,4730,4492
mg,46256,IPATINGA,32904,82977
mg,46272,IPIACU,899,1423
mg,46299,IPUIUNA,2802,2776
mg,46310,IRAI DE MINAS,1588,1667
mg,46337,ITABIRA,10775,48411
mg,46353,ITABIRINHA,1973,2225
mg,46370,ITABIRITO,4488,19243
mg,46396,ITACAMBIRA,1174,953
mg,46418,ITACARAMBI,2180,4857
mg,46434,ITAGUARA,2788,3852
mg,46450,ITAIPE,2099,1961
mg,46477,ITAJUBA,14407,33845
mg,46493,ITAMARANDIBA,6895,6122
mg,46515,ITAMARATI DE MINAS,725,1723
mg,46531,ITAMBACURI,4796,5481
mg,46558,ITAMBE DO MATO DENTRO,502,789
mg,46574,ITAMOGI,2461,3585
mg,46590,ITAMONTE,3638,3434
mg,46612,ITANHANDU,3252,4643
mg,46639,ITANHOMI,2507,3537
mg,46655,ITAOBIM,4734,4977
mg,46671,ITAPAGIPE,3281,3192
mg,46698,ITAPECERICA,4879,8195
mg,46710,ITAPEVA,2344,1714
mg,46736,ITATIAIUCU,1285,3519
mg,46752,ITAUNA,9128,37367
mg,46779,ITAVERAVA,1729,2024
mg,46795,ITINGA,3082,2803
mg,46817,ITUETA,1691,1643
mg,46833,ITUIUTABA,17401,32297
mg,46850,ITUMIRIM,1899,1945
mg,46876,ITURAMA,4637,11607
mg,46892,ITUTINGA,1051,1343
mg,46914,JABOTICATUBAS,2704,5314
mg,46930,JACINTO,3426,1901
mg,46957,JACUI,2512,1544
mg,46973,JACUTINGA,4938,5761
mg,46990,JAGUARACU,401,1462
mg,47015,JANAUBA,11274,17391
mg,47031,JANUARIA,12000,15167
mg,47058,JAPARAIBA,880,1264
mg,47074,JECEABA,1036,2561
mg,47090,JEQUERI,2813,3524
mg,47112,JEQUITAI,1317,2573
mg,47139,JEQUITIBA,1490,1679
mg,47155,JEQUITINHONHA,3140,6792
mg,47171,JESUANIA,1005,1863
mg,47198,JOAIMA,1692,4222
mg,47210,JOANESIA,992,2048
mg,47236,JOAO MONLEVADE,8393,31936
mg,47252,JOAO PINHEIRO,9128,11750
mg,47279,JOAQUIM FELICIO,869,1107
mg,47295,JORDANIA,2228,1949
mg,47317,NOVA UNIAO,943,2195
mg,47333,JUIZ DE FORA,45011,225524
mg,47350,JURAMENTO,919,1510
mg,47376,JURUAIA,2465,1846
mg,47392,LADAINHA,3126,3012
mg,47414,LAGAMAR,2365,2160
mg,47430,LAGOA DA PRATA,9396,11896
mg,47457,LAGOA DOS PATOS,908,1179
mg,47473,LAGOA DOURADA,3346,3055
mg,47490,LAGOA FORMOSA,5487,3878
mg,47511,LAGOA SANTA,5707,15546
mg,47538,LAJINHA,4613,4711
mg,47554,LAMBARI,4825,5962
mg,47570,LAMIM,996,1154
mg,47597,LARANJAL,1471,2453
mg,47619,LASSANCE,1106,1890
mg,47635,LAVRAS,13853,31186
mg,47651,LEANDRO FERREIRA,628,1402
mg,47678,LEOPOLDINA,5817,22131
mg,47694,LIBERDADE,1404,2000
mg,47716,LIMA DUARTE,2622,6728
mg,47732,LUMINARIAS,1411,1482
mg,47759,LUZ,4376,4940
mg,47775,MACHACALIS,1019,2208
mg,47791,MACHADO,8177,11005
mg,47813,MADRE DE DEUS DE MINAS,987,1877
mg,47830,MALACACHETA,5271,3132
mg,47856,MANGA,4436,4171
mg,47872,MANHUACU,13825,20279
mg,47899,MANHUMIRIM,4666,6091
mg,47910,MANTENA,5118,7539
mg,47937,MARAVILHAS,1620,1913
mg,47953,MAR DE ESPANHA,2830,3522
mg,47970,MARIA DA FE,4469,3854
mg,47996,MARIANA,6142,20288
mg,48011,MARILAC,813,1296
mg,48038,MARIPA DE MINAS,755,1029
mg,48054,MARLIERIA,384,2133
mg,48070,MARMELOPOLIS,826,1131
mg,48097,MARTINHO CAMPOS,2828,3426
mg,48119,MATERLANDIA,869,1161
mg,48135,MATEUS LEME,3070,9013
mg,48151,MATIAS BARBOSA,1209,6312
mg,48178,MATIPO,3982,4221
mg,48194,MATO VERDE,5005,2274
mg,48216,MATOZINHOS,3751,14191
mg,48232,MATUTINA,1146,1012
mg,48259,MEDEIROS,968,724
mg,48275,MEDINA,4080,5511
mg,48291,MENDES PIMENTEL,1846,1490
mg,48313,MERCES,2183,3332
mg,48330,MESQUITA,1320,1995
mg,48356,MINAS NOVAS,6245,3881
mg,48372,MINDURI,492,1684
mg,48399,MIRABELA,2262,3402
mg,48410,MIRADOURO,1577,4010
mg,48437,MIRAI,2883,4189
mg,48453,MOEDA,948,1846
mg,48470,MOEMA,2172,1676
mg,48496,MONJOLOS,643,715
mg,48518,MONSENHOR PAULO,1252,2855
mg,48534,MONTALVANIA,4507,1935
mg,48550,MONTE ALEGRE DE MINAS,4562,4949
mg,48577,MONTE AZUL,8570,3905
mg,48593,MONTE BELO,4218,3150
mg,48615,MONTE CARMELO,7618,16364
mg,48631,MONTE SANTO DE MINAS,6569,4475
mg,48658,MONTES CLAROS,30476,116720
mg,48674,MONTE SIAO,5444,4408
mg,48690,MORADA NOVA DE MINAS,2520,1511
mg,48712,MORRO DA GARCA,890,698
mg,48739,MORRO DO PILAR,602,1424
mg,48755,MUNHOZ,1789,2003
mg,48771,MURIAE,17388,30097
mg,48798,MUTUM,6578,7240
mg,48810,MUZAMBINHO,6060,5389
mg,48836,NACIP RAYDAN,798,646
mg,48852,NANUQUE,9955,9785
mg,48879,NATERCIA,1686,1174
mg,48895,NAZARENO,1758,2448
mg,48917,NEPOMUCENO,6013,7535
mg,48933,NOVA ERA,1874,8327
mg,48950,NOVA LIMA,6346,31902
mg,48976,NOVA MODICA,1038,980
mg,48992,NOVA PONTE,2175,3088
mg,49018,NOVA RESENDE,4027,3462
mg,49034,NOVA SERRANA,9375,9513
mg,49050,NOVO CRUZEIRO,5496,4886
mg,49077,OLARIA,618,943
mg,49093,OLIMPIO NORONHA,563,994
mg,49115,OLIVEIRA,7779,14016
mg,49131,OLIVEIRA FORTES,426,936
mg,49158,ONCA DE PITANGUI,566,1236
mg,49174,OURO BRANCO,3219,14057
mg,49190,OURO FINO,8911,7832
mg,49212,OURO PRETO,9334,30267
mg,49239,OURO VERDE DE MINAS,1496,1912
mg,49255,PADRE PARAISO,3348,4406
mg,49271,PAINEIRAS,1478,1358
mg,49298,PAINS,1655,3176
mg,49310,PAIVA,270,767
mg,49336,PALMA,1053,2972
mg,49352,FRONTEIRA DOS VALES,1046,1479
mg,49379,PAPAGAIOS,2806,3843
mg,49395,PARACATU,13817,22807
mg,49417,PARA DE MINAS,10442,29930
mg,49433,PARAGUACU,4349,6658
mg,49450,PARAISOPOLIS,4095,6329
mg,49476,PARAOPEBA,3329,7874
mg,49492,PASSABEM,580,515
mg,49514,PASSA QUATRO,3309,5634
mg,49530,PASSA TEMPO,2108,2616
mg,49557,PASSA VINTE,409,950
mg,49573,PASSOS,15120,38712
mg,49590,PATOS DE MINAS,30397,37966
mg,49611,PATROCINIO,13679,24024
mg,49638,PATROCINIO DO MURIAE,1224,1732
mg,49654,PAULA CANDIDO,1240,3581
mg,49670,PAULISTAS,901,1421
mg,49697,PAVAO,1930,2389
mg,49719,PECANHA,4311,2701
mg,49735,PEDRA AZUL,5456,5564
mg,49751,PEDRA DO ANTA,898,1314
mg,49778,PEDRA DO INDAIA,1590,870
mg,49794,PEDRA DOURADA,334,726
mg,49816,PEDRALVA,3453,3220
mg,49832,PEDRINOPOLIS,922,1212
mg,49859,PEDRO LEOPOLDO,6707,23977
mg,49875,PEDRO TEIXEIRA,371,950
mg,49891,PEQUERI,523,1429
mg,49913,PEQUI,806,1649
mg,49930,PERDIGAO,1945,1672
mg,49956,PERDIZES,3460,2913
mg,49972,PERDOES,6204,4586
mg,49999,PESCADOR,700,1243
mg,50016,PIAU,862,1237
mg,50032,PIEDADE DE PONTE NOVA,884,1459
mg,50059,PIEDADE DO RIO GRANDE,1231,1539
mg,50075,PIEDADE DOS GERAIS,1436,1184
mg,50091,PIMENTA,2197,2080
mg,50113,PIRACEMA,1673,2364
mg,50130,PIRAJUBA,761,1038
mg,50156,PIRANGA,4329,3635
mg,50172,PIRANGUCU,1769,1289
mg,50199,PIRANGUINHO,1449,2866
mg,50210,PIRAPETINGA,2000,4194
mg,50237,PIRAPORA,6112,18065
mg,50253,PIRAUBA,2038,4088
mg,50270,PITANGUI,3599,9865
mg,50296,PIUMHI,6950,9299
mg,50318,PLANURA,2079,2640
mg,50334,POCO FUNDO,3654,5111
mg,50350,POCOS DE CALDAS,32950,41304
mg,50377,POCRANE,2968,2377
mg,50393,POMPEU,3525,9793
mg,50415,PONTE NOVA,7534,23236
mg,50431,PORTEIRINHA,11408,6573
mg,50458,PORTO FIRME,1705,3078
mg,50474,POTE,3716,2681
mg,50490,POUSO ALEGRE,20332,38495
mg,50512,POUSO ALTO,2216,1665
mg,50539,PRADOS,1990,2760
mg,50555,PRATA,5172,7515
mg,50571,PRATAPOLIS,3014,2632
mg,50598,PRATINHA,1009,699
mg,50610,PRESIDENTE BERNARDES,1619,1700
mg,50636,PRESIDENTE JUSCELINO,733,1406
mg,50652,PRESIDENTE KUBITSCHEK,1086,560
mg,50679,PRESIDENTE OLEGARIO,3947,5364
mg,50695,ALTO JEQUITIBA,2836,1546
mg,50717,PRUDENTE DE MORAIS,1330,3328
mg,50733,QUARTEL GERAL,1225,799
mg,50750,QUELUZITO,518,1065
mg,50776,RAPOSOS,1183,7855
mg,50792,RAUL SOARES,5236,7521
mg,50814,RECREIO,1634,4229
mg,50830,RESENDE COSTA,2818,3127
mg,50857,RESPLENDOR,4898,4067
mg,50873,RESSAQUINHA,1211,1801
mg,50890,RIACHO DOS MACHADOS,2963,1539
mg,50911,RIBEIRAO DAS NEVES,21908,77093
mg,50938,RIBEIRAO VERMELHO,477,1888
mg,50954,RIO ACIMA,897,3832
mg,50970,RIO CASCA,2431,5696
mg,50997,RIO DOCE,460,945
mg,51012,RIO DO PRADO,934,1494
mg,51039,RIO ESPERA,1949,1639
mg,51055,RIO MANSO,795,1785
mg,51071,RIO NOVO,2373,2840
mg,51098,RIO PARANAIBA,2449,3495
mg,51110,RIO PARDO DE MINAS,8382,2832
mg,51136,RIO PIRACICABA,1805,6466
mg,51152,RIO POMBA,3006,6666
mg,51179,RIO PRETO,912,2403
mg,51195,RIO VERMELHO,2668,2487
mg,51217,RITAPOLIS,1675,1666
mg,51233,ROCHEDO DE MINAS,380,914
mg,51250,RODEIRO,985,2144
mg,51276,ROMARIA,784,1290
mg,51292,RUBELITA,2202,2101
mg,51314,RUBIM,2501,1603
mg,51330,SABARA,10907,46426
mg,51357,SABINOPOLIS,2109,4614
mg,51373,SACRAMENTO,6943,5021
mg,51390,SALINAS,8035,9913
mg,51411,SALTO DA DIVISA,1011,1704
mg,51438,SANTA BARBARA,2543,11685
mg,51454,SANTA BARBARA DO TUGURIO,1329,1780
mg,51470,SANTA CRUZ DO ESCALVADO,1096,1540
mg,51497,SANTA EFIGENIA DE MINAS,1337,810
mg,51519,SANTA FE DE MINAS,757,791
mg,51535,SANTA JULIANA,2242,2414
mg,51551,SANTA LUZIA,19767,73247
mg,51578,SANTA MARGARIDA,3752,3670
mg,51594,SANTA MARIA DE ITABIRA,1844,3300
mg,51616,SANTA MARIA DO SALTO,1512,936
mg,51632,SANTA MARIA DO SUACUI,2704,3424
mg,51659,SANTANA DA VARGEM,1395,2969
mg,51675,SANTANA DE CATAGUASES,969,1253
mg,51691,SANTANA DE PIRAPAMA,1620,2557
mg,51713,SANTANA DO DESERTO,477,1600
mg,51730,SANTANA DO GARAMBEU,699,562
mg,51756,SANTANA DO JACARE,1206,1432
mg,51772,SANTANA DO MANHUACU,1883,2153
mg,51799,SANTANA DO RIACHO,902,1284
mg,51810,SANTANA DOS MONTES,1378,1093
mg,51837,SANTA RITA DE CALDAS,2454,2708
mg,51853,SANTA RITA DE JACUTINGA,1154,2108
mg,51870,SANTA RITA DO IBITIPOCA,884,1255
mg,51896,SANTA RITA DO ITUETO,1578,1575
mg,51918,SANTA RITA DO SAPUCAI,9510,8797
mg,51934,SANTA ROSA DA SERRA,1000,795
mg,51950,SANTA VITORIA,3667,5580
mg,51977,SANTO ANTONIO DO AMPARO,3741,4432
mg,51993,SANTO ANTONIO DO AVENTUREIRO,927,1356
mg,52019,SANTO ANTONIO DO GRAMA,964,1487
mg,52035,SANTO ANTONIO DO ITAMBE,452,1270
mg,52051,SANTO ANTONIO DO JACINTO,2701,2167
mg,52078,SANTO ANTONIO DO MONTE,6795,5221
mg,52094,SANTO ANTONIO DO RIO ABAIXO,270,672
mg,52116,SANTO HIPOLITO,631,1033
mg,52132,SANTOS DUMONT,6194,22344
mg,52159,SAO BENTO ABADE,1270,1082
mg,52175,SAO BRAS DO SUACUI,411,1735
mg,52191,SAO DOMINGOS DO PRATA,2542,7334
mg,52213,SAO FRANCISCO,10818,9304
mg,52230,SAO FRANCISCO DE PAULA,2013,1776
mg,52256,SAO FRANCISCO DE SALES,1056,1920
mg,52272,SAO FRANCISCO DO GLORIA,847,2022
mg,52299,SAO GERALDO,1233,2918
mg,52310,SAO GERALDO DA PIEDADE,586,1655
mg,52337,SAO GONCALO DO ABAETE,1379,1079
mg,52353,SAO GONCALO DO PARA,1549,3117
mg,52370,SAO GONCALO DO RIO ABAIXO,1082,3793
mg,52396,SAO GONCALO DO SAPUCAI,5292,7091
mg,52418,SAO GOTARDO,8076,6258
mg,52434,SAO JOAO BATISTA DO GLORIA,1206,2495
mg,52450,SAO JOAO DA MATA,798,1106
mg,52477,SAO JOAO DA PONTE,7003,3549
mg,52493,SAO JOAO DEL REI,14002,34381
mg,52515,SAO JOAO DO ORIENTE,1668,2776
mg,52531,SAO JOAO DO PARAISO,6246,2704
mg,52558,SAO JOAO EVANGELISTA,3420,3874
mg,52574,SAO JOAO NEPOMUCENO,2686,11779
mg,52590,SAO JOSE DA SAFIRA,962,904
mg,52612,SAO JOSE DA VARGINHA,538,1392
mg,52639,SAO JOSE DO ALEGRE,1132,1181
mg,52655,SAO JOSE DO DIVINO,900,938
mg,52671,SAO JOSE DO GOIABAL,498,2792
mg,52698,SAO JOSE DO JACURI,1173,1484
mg,52710,SAO JOSE DO MANTIMENTO,550,926
mg,52736,SAO LOURENCO,10243,11152
mg,52752,SAO MIGUEL DO ANTA,1730,1681
mg,52779,SAO PEDRO DA UNIAO,1712,1109
mg,52795,SAO PEDRO DOS FERROS,1508,3045
mg,52817,SAO PEDRO DO SUACUI,1324,1338
mg,52833,SAO ROMAO,1012,2019
mg,52850,SAO ROQUE DE MINAS,1961,1407
mg,52876,SAO SEBASTIAO DA BELA VISTA,1364,1315
mg,52892,SAO SEBASTIAO DO MARANHAO,2959,1263
mg,52914,SAO SEBASTIAO DO OESTE,1334,1857
mg,52930,SAO SEBASTIAO DO PARAISO,12280,18819
mg,52957,SAO SEBASTIAO DO RIO PRETO,304,626
mg,52973,SAO SEBASTIAO DO RIO VERDE,559,745
mg,52990,SAO TIAGO,3245,2762
mg,53015,SAO TOMAS DE AQUINO,2094,1573
mg,53031,SAO TOME DAS LETRAS,1437,1885
mg,53058,SAO VICENTE DE MINAS,968,2481
mg,53074,SAPUCAI MIRIM,1257,1572
mg,53090,SARDOA,1156,1151
mg,53112,SENADOR CORTES,442,844
mg,53139,SENADOR FIRMINO,1201,2973
mg,53155,SENADOR JOSE BENTO,653,612
mg,53171,SENADOR MODESTINO GONCALVES,1189,1307
mg,53198,SENHORA DE OLIVEIRA,1521,1580
mg,53210,SENHORA DO PORTO,989,808
mg,53236,SENHORA DOS REMEDIOS,2907,2185
mg,53252,SERICITA,2312,1657
mg,53279,SERITINGA,436,596
mg,53295,SERRA AZUL DE MINAS,609,1106
mg,53317,SERRA DA SAUDADE,242,366
mg,53333,SERRA DOS AIMORES,1474,2273
mg,53350,SERRA DO SALITRE,2229,2301
mg,53376,SERRANIA,1681,2169
mg,53392,SERRANOS,543,778
mg,53414,SERRO,4402,4060
mg,53430,SETE LAGOAS,22612,81091
mg,53457,SILVEIRANIA,344,1104
mg,53473,SILVIANOPOLIS,1732,1684
mg,53490,SIMAO PEREIRA,380,1314
mg,53511,SIMONESIA,4363,3984
mg,53538,SOBRALIA,1484,1697
mg,53554,SOLEDADE DE MINAS,1419,1779
mg,53570,TABULEIRO,1100,1512
mg,53597,TAIOBEIRAS,9250,4845
mg,53619,TAPIRA,1007,1244
mg,53635,TAPIRAI,608,634
mg,53651,TAQUARACU DE MINAS,1034,1325
mg,53678,TARUMIRIM,3541,4571
mg,53694,TEIXEIRAS,2187,4696
mg,53716,TEOFILO OTONI,18766,42541
mg,53732,TIMOTEO,6771,34599
mg,53759,TIRADENTES,1473,2307
mg,53775,TIROS,2293,1125
mg,53791,TOCANTINS,4751,4204
mg,53813,TOLEDO,1723,1109
mg,53830,TOMBOS,2172,2986
mg,53856,TRES CORACOES,13530,23089
mg,53872,TRES PONTAS,9096,19091
mg,53899,TUMIRITINGA,1255,1539
mg,53910,TUPACIGUARA,5985,7426
mg,53937,TURMALINA,2824,4302
mg,53953,TURVOLANDIA,1014,1125
mg,53970,UBA,11678,33356
mg,53996,UBAI,3393,1253
mg,54011,UBERABA,37298,113229
mg,54038,UBERLANDIA,78851,190754
mg,54054,UMBURATIBA,782,686
mg,54070,UNAI,12674,22590
mg,54097,URUCANIA,2419,2795
mg,54119,VARGEM BONITA,573,839
mg,54135,VARGINHA,20328,42644
mg,54151,VARZEA DA PALMA,5517,10115
mg,54178,VARZELANDIA,3561,3530
mg,54194,VAZANTE,2427,7740
mg,54216,WENCESLAU BRAZ,475,1266
mg,54232,VERISSIMO,709,1246
mg,54259,VESPASIANO,8132,30576
mg,54275,VICOSA,7477,28582
mg,54291,VIEIRAS,567,1778
mg,54313,MATHIAS LOBATO,723,1101
mg,54330,VIRGEM DA LAPA,3105,2429
mg,54356,VIRGINIA,2805,1919
mg,54372,VIRGINOPOLIS,1667,3348
mg,54399,VIRGOLANDIA,929,1729
mg,54410,VISCONDE DO RIO BRANCO,5110,14907
mg,54437,VOLTA GRANDE,654,1910
mg,54453,ITAU DE MINAS,2916,5154
ms,55000,NOVA ALVORADA DO SUL,2139,2561
ms,55018,ALCINOPOLIS,1105,760
ms,55026,LAGUNA CARAPA,1280,1308
ms,55034,JAPORA,779,1775
ms,55042,NOVO HORIZONTE DO SUL,1227,1563
ms,90034,AGUA CLARA,2477,2299
ms,90115,AMAMBAI,5907,7789
ms,90131,ANASTACIO,3933,7556
ms,90158,ANAURILANDIA,2522,1590
ms,90174,ANTONIO JOAO,1692,2391
ms,90190,APARECIDA DO TABUADO,4714,5029
ms,90212,AQUIDAUANA,7976,13609
ms,90298,BANDEIRANTES,1861,1701
ms,90379,BATAGUACU,4000,4071
ms,90395,BATAIPORA,2516,3154
ms,90417,BELA VISTA,4269,5989
ms,90433,BONITO,4499,4753
ms,90450,BRASILANDIA,2742,3018
ms,90492,CAMAPUA,4649,4282
ms,90514,CAMPO GRANDE,156606,200627
ms,90530,CARACOL,1045,1325
ms,90557,CAARAPO,5013,5389
ms,90573,CASSILANDIA,7086,4573
ms,90611,CORGUINHO,891,1074
ms,90638,CORUMBA,15285,29230
ms,90654,COXIM,8273,6854
ms,90735,DOURADOS,41751,49022
ms,90751,FATIMA DO SUL,6267,4352
ms,90794,GLORIA DE DOURADOS,2950,2665
ms,90816,GUIA LOPES DA LAGUNA,2564,3005
ms,90859,IGUATEMI,2872,3292
ms,90875,INOCENCIA,2154,1797
ms,90891,ITAPORA,4261,4398
ms,90930,IVINHEMA,6065,5534
ms,90972,JARAGUARI,1303,1054
ms,90999,JARDIM,5237,6920
ms,91014,JATEI,1212,997
ms,91030,LADARIO,1835,4561
ms,91073,MARACAJU,6352,7993
ms,91111,MIRANDA,4327,7025
ms,91138,NAVIRAI,8879,11585
ms,91154,NIOAQUE,2599,4129
ms,91235,NOVA ANDRADINA,9185,8807
ms,91251,PARANAIBA,10618,9743
ms,91278,PEDRO GOMES,2337,2070
ms,91316,PONTA PORA,13503,17922
ms,91375,PORTO MURTINHO,2305,2810
ms,91413,RIBAS DO RIO PARDO,3449,3631
ms,91430,RIO BRILHANTE,4711,6189
ms,91456,RIO NEGRO,1497,1553
ms,91472,RIO VERDE DE MATO GROSSO,4906,4058
ms,91499,ROCHEDO,1378,1163
ms,91570,SIDROLANDIA,4021,7865
ms,91596,TERENOS,2920,3074
ms,91650,TRES LAGOAS,15232,25978
ms,91693,ANGELICA,1856,2169
ms,91715,ARAL MOREIRA,1812,1965
ms,91731,ELDORADO,2749,2864
ms,91758,DEODAPOLIS,3673,2431
ms,91782,CHAPADAO DO SUL,2913,2906
ms,91790,MUNDO NOVO,3823,4208
ms,91804,DOIS IRMAOS DO BURITI,1505,2993
ms,91820,JUTY,1237,1465
ms,91847,PARANHOS,1701,2000
ms,91863,SANTA RITA DO PARDO,1401,1634
ms,91880,SONORA,2679,2524
ms,91901,VICENTINA,1864,1475
ms,98019,BODOQUENA,1677,2598
ms,98035,COSTA RICA,4829,3986
ms,98051,DOURADINA,1347,1510
ms,98078,ITAQUIRAI,3465,3796
ms,98094,SAO GABRIEL DO OESTE,4437,4624
ms,98116,SELVIRIA,1220,2015
ms,98132,SETE QUEDAS,2843,2881
ms,98159,TACURU,1393,2009
ms,98175,TAQUARUSSU,1038,912
ms,98590,CORONEL SAPUCAIA,2558,3512
mt,89788,COLNIZA,2453,3342
mt,89796,COLIDER,9193,4313
mt,89800,CURVELANDIA,1276,1028
mt,89818,NOVA BRASILANDIA,1493,760
mt,89826,NOVA SANTA HELENA,734,811
mt,89834,PARANATINGA,4003,2884
mt,89843,SANTO ANTONIO DO LESTE,530,468
mt,89850,SINOP,17859,19814
mt,89877,ALTA FLORESTA,11813,10172
mt,89893,ARAPUTANGA,3495,3206
mt,89915,JAURU,3662,1596
mt,89931,SAO JOSE DOS QUATRO MARCOS,4501,4910
mt,89958,RIO BRANCO,1127,1430
mt,89960,RONDOLANDIA,451,808
mt,89974,SALTO DO CEU,1177,983
mt,89990,PONTES E LACERDA,9808,5798
mt,90018,ACORIZAL,1187,1627
mt,90026,SAO JOSE DO POVO,1280,655
mt,90042,ALTO DA BOA VISTA,942,558
mt,90050,ALTO ARAGUAIA,3370,2570
mt,90069,QUERENCIA,1219,1804
mt,90077,ALTO GARCAS,2529,1945
mt,90085,CANABRAVA DO NORTE,1374,663
mt,90093,ALTO PARAGUAI,2158,1871
mt,90107,SANTA CARMEM,791,900
mt,90123,NOVA MARINGA,1037,807
mt,90140,NOVA GUARITA,801,1463
mt,90166,NOVA MARILANDIA,618,415
mt,90182,PORTO ESTRELA,972,972
mt,90204,GLORIA D OESTE,983,638
mt,90220,TABAPORA,1717,1320
mt,90239,ARAGUAINHA,236,456
mt,90247,SAO JOSE DO XINGU,1115,767
mt,90255,ARENAPOLIS,3323,1522
mt,90263,APIACAS,1677,1236
mt,90271,ARIPUANA,2101,3318
mt,90280,CONFRESA,3696,2888
mt,90301,LAMBARI D OESTE,1361,1041
mt,90310,BARAO DE MELGACO,1827,1356
mt,90328,SANTO AFONSO,986,540
mt,90336,BARRA DO BUGRES,5200,7972
mt,90344,PLANALTO DA SERRA,669,532
mt,90352,BARRA DO GARCAS,8650,17133
mt,90360,NOVA MONTE VERDE,1733,1674
mt,90387,NOVA BANDEIRANTE,1453,1621
mt,90409,SAO PEDRO DA CIPA,1121,986
mt,90425,COTRIGUACU,1404,2094
mt,90441,RIBEIRAOZINHO,553,518
mt,90468,BRASNORTE,2156,2359
mt,90476,CACERES,15018,22143
mt,90484,CAMPO NOVO DO PARECIS,3349,4974
mt,90506,CAMPO VERDE,4217,4989
mt,90522,CLAUDIA,2212,2254
mt,90549,CASTANHEIRA,1822,1643
mt,90565,JANGADA,1944,1470
mt,90581,JURUENA,957,1753
mt,90590,CHAPADA DOS GUIMARAES,3060,3357
mt,90603,LUCAS DO RIO VERDE,3879,6422
mt,90620,MATUPA,2952,2695
mt,90646,NOVA MUTUM,3343,3641
mt,90662,RIBEIRAO CASCALHEIRA,2101,1384
mt,90670,CUIABA,86342,169354
mt,90689,TAPURAH,1220,1231
mt,90697,DIAMANTINO,4490,4332
mt,90700,PONTAL DO ARAGUAIA,970,1619
mt,90719,DOM AQUINO,2445,1969
mt,90727,SAPEZAL,1626,1797
mt,90743,CAMPOS DE JULIO,943,703
mt,90760,CARLINDA,2926,2436
mt,90778,GENERAL CARNEIRO,876,1604
mt,90786,FELIZ NATAL,1551,1069
mt,90808,NOVO MUNDO,931,1420
mt,90824,GAUCHA DO NORTE,877,725
mt,90832,GUIRATINGA,4757,2251
mt,90840,UNIAO DO SUL,644,762
mt,90867,NOVA LACERDA,722,859
mt,90883,NOVA UBIRATA,750,1075
mt,90905,BOM JESUS DO ARAGUAIA,743,369
mt,90913,ITIQUIRA,2384,1855
mt,90921,SERRA NOVA DOURADA,219,191
mt,90948,NOVO SANTO ANTONIO,339,234
mt,90956,JACIARA,6377,5109
mt,90964,NOVA NAZARE,334,278
mt,90980,SANTA CRUZ DO XINGU,388,271
mt,91006,CONQUISTA D OESTE,694,485
mt,91022,VALE DE SAO DOMINGOS,979,593
mt,91049,SANTA RITA DO TRIVELATO,352,276
mt,91057,LUCIARA,643,519
mt,91065,BOA ESPERANCA DO NORTE,303,566
mt,91081,IPIRANGA DO NORTE,387,602
mt,91090,VILA BELA DA SANTISSIMA TRINDADE,2555,1568
mt,91103,ITANHANGA,728,698
mt,91170,NOBRES,4093,2730
mt,91197,NORTELANDIA,1932,1780
mt,91219,NOSSA SENHORA DO LIVRAMENTO,2931,2774
mt,91294,POCONE,5132,7363
mt,91332,PONTE BRANCA,539,600
mt,91359,PORTO DOS GAUCHOS,1463,1050
mt,91391,POXOREO,5532,3510
mt,91510,RONDONOPOLIS,34737,38157
mt,91537,ROSARIO OESTE,4369,3473
mt,91553,SANTO ANTONIO DO LEVERGER,3531,4772
mt,91618,TESOURO,866,614
mt,91634,TORIXOREU,1380,1125
mt,91677,VARZEA GRANDE,35486,67066
mt,91774,MIRASSOL D OESTE,7006,3647
mt,91812,PEDRA PRETA,3628,3753
mt,91839,SAO FELIX DO ARAGUAIA,2025,1855
mt,91855,TANGARA DA SERRA,14035,16740
mt,91898,JUSCIMEIRA,3454,2278
mt,91910,AGUA BOA,3387,3706
mt,91936,CANARANA,3148,3396
mt,91952,NOVA XAVANTINA,4220,4008
mt,91979,SANTA TEREZINHA,1073,991
mt,91995,SAO JOSE DO RIO CLARO,4038,1992
mt,98191,JUARA,7157,6107
mt,98310,JUINA,8968,7857
mt,98337,DENISE,1956,1459
mt,98612,ALTO TAQUARI,1450,852
mt,98639,ARAGUAIANA,518,741
mt,98655,CAMPINAPOLIS,2797,1893
mt,98671,COCALINHO,915,970
mt,98698,ITAUBA,1246,1254
mt,98710,MARCELANDIA,3734,2355
mt,98736,NOVA OLIMPIA,2987,4155
mt,98752,NOVA CANAA DO NORTE,2986,2197
mt,98779,NOVO SAO JOAQUIM,1997,1503
mt,98795,NOVO HORIZONTE DO NORTE,1156,984
mt,98817,PEIXOTO DE AZEVEDO,5939,4574
mt,98833,PARANAITA,2500,1831
mt,98850,PORTO ALEGRE DO NORTE,2260,1247
mt,98876,PORTO ESPERIDIAO,2208,1620
mt,98892,PRIMAVERA DO LESTE,7848,8844
mt,98914,RESERVA DO CABACAL,507,517
mt,98930,SORRISO,7506,10692
mt,98957,TERRA NOVA DO NORTE,2666,3218
mt,98973,VERA,1637,2422
mt,98990,VILA RICA,3946,2810
mt,99015,COMODORO,4028,2873
mt,99031,FIGUEIROPOLIS D OESTE,1263,587
mt,99058,GUARANTA DO NORTE,5739,5512
mt,99074,INDIAVAI,613,557
pa,04006,GOIANESIA DO PARA,3986,3624
pa,04014,ABAETETUBA,17559,32403
pa,04022,TAILANDIA,7729,6325
pa,04030,ACARA,8436,5767
pa,04049,BOM JESUS DO TOCANTINS,2327,2256
pa,04057,AFUA,2851,3756
pa,04065,SAO JOAO DE PIRABAS,4377,2108
pa,04073,ALENQUER,10595,8128
pa,04081,TUCUMA,4345,5752
pa,04090,ALMERIM,4485,6711
pa,04103,MAE DO RIO,7103,4432
pa,04111,ALTAMIRA,15526,14046
pa,04120,ELDORADO DO CARAJAS,3201,3707
pa,04138,ANAJAS,3468,700
pa,04146,SANTA LUZIA DO PARA,3464,3552
pa,04154,ANANINDEUA,55152,84526
pa,04162,PALESTINA DO PARA,1948,787
pa,04170,AUGUSTO CORREA,9319,3548
pa,04189,IPIXUNA DO PARA,3964,2391
pa,04197,AVEIRO,2047,2035
pa,04200,JACAREACANGA,2823,830
pa,04219,BAGRE,1861,1439
pa,04227,BRASIL NOVO,3809,2643
pa,04235,BAIAO,4548,4424
pa,04243,SANTA BARBARA DO PARA,3309,3333
pa,04251,BARCARENA,10237,16342
pa,04260,AGUA AZUL DO NORTE,2037,2145
pa,04278,BELEM,281527,401989
pa,04286,TRAIRAO,2380,1067
pa,04294,BENEVIDES,7647,8319
pa,04308,PAU D ARCO,1391,1629
pa,04316,BONITO,3812,1372
pa,04324,ULIANOPOLIS,2944,1898
pa,04332,BRAGANCA,21353,13065
pa,04340,AURORA DO PARA,3948,2391
pa,04359,BREVES,8387,9987
pa,04367,TERRA SANTA,2236,3007
pa,04375,BUJARU,3947,3660
pa,04383,NOVO PROGRESSO,2471,2959
pa,04391,CACHOEIRA DO ARARI,3486,2857
pa,04405,VITORIA DO XINGU,2672,1411
pa,04413,CAMETA,23338,14900
pa,04421,NOVO REPARTIMENTO,7401,5952
pa,04430,CAPANEMA,14367,11456
pa,04448,BREU BRANCO,7599,5055
pa,04456,CAPITAO POCO,11055,5602
pa,04464,SAO DOMINGOS DO ARAGUAIA,3736,3927
pa,04472,CASTANHAL,29931,26297
pa,04480,NOVA ESPERANCA DO PIRIA,2838,1421
pa,04499,CHAVES,2963,1255
pa,04502,ABEL FIGUEIREDO,1208,1789
pa,04510,COLARES,2504,2189
pa,04529,CUMARU DO NORTE,966,1005
pa,04537,CONCEICAO DO ARAGUAIA,7102,9523
pa,04545,TERRA ALTA,1964,2326
pa,04553,CURRALINHO,2644,2599
pa,04561,FLORESTA DO ARAGUAIA,2972,2494
pa,04570,CURUCA,6751,5465
pa,04588,BANNACH,1124,686
pa,04596,FARO,958,1780
pa,04600,NOVA IPIXUNA,2721,2318
pa,04618,GURUPA,2255,3754
pa,04626,PLACAS,2503,2158
pa,04634,IGARAPE ACU,7205,5711
pa,04642,MARITUBA,11437,16342
pa,04650,IGARAPE-MIRI,9679,9801
pa,04669,TRACUATEUA,6362,2848
pa,04677,INHANGAPI,2792,1642
pa,04685,QUATIPURU,2893,1128
pa,04693,IRITUIA,5782,6586
pa,04707,CANAA DOS CARAJAS,1908,2909
pa,04715,ITAITUBA,20003,12272
pa,04723,ANAPU,2954,1356
pa,04731,ITUPIRANGA,4467,7593
pa,04740,CURUA,2210,1609
pa,04758,JACUNDA,9890,6977
pa,04766,CACHOEIRA DO PIRIA,2850,1696
pa,04774,JURUTI,5712,5198
pa,04782,PICARRA,2068,1170
pa,04790,LIMOEIRO DO AJURU,4371,3594
pa,04804,BELTERRA,2308,4360
pa,04812,MAGALHAES BARATA,2429,1483
pa,04820,SAO JOAO DA PONTA,1675,814
pa,04839,MARABA,24044,38237
pa,04847,SAPUCAIA,1165,867
pa,04855,MARACANA,8169,3807
pa,04871,MARAPANIM,6336,4405
pa,04898,MELGACO,3670,1186
pa,04910,MOCAJUBA,5152,3923
pa,04936,MOJU,8244,9726
pa,04952,MONTE ALEGRE,9626,11646
pa,04979,MUANA,4225,4532
pa,04995,NOVA TIMBOTEUA,3090,3074
pa,05010,OBIDOS,6580,10910
pa,05037,OEIRAS DO PARA,4918,2756
pa,05053,ORIXIMINA,8614,11678
pa,05070,OUREM,3559,2777
pa,05096,PARAGOMINAS,13539,12135
pa,05118,PEIXE-BOI,2752,1373
pa,05134,PONTA DE PEDRAS,4545,2966
pa,05150,PORTEL,6188,4362
pa,05177,PORTO DE MOZ,3443,3107
pa,05193,PRAINHA,4511,4355
pa,05215,PRIMAVERA,3912,1277
pa,05231,SALINOPOLIS,6373,6034
pa,05258,SALVATERRA,3914,2559
pa,05274,SANTA CRUZ DO ARARI,1306,1395
pa,05290,SANTA IZABEL DO PARA,11209,8259
pa,05312,SANTA MARIA DO PARA,5973,3501
pa,05339,SANTANA DO ARAGUAIA,4328,2812
pa,05355,SANTAREM,29994,84662
pa,05371,SANTAREM NOVO,2238,1139
pa,05398,SANTO ANTONIO DO TAUA,6098,4350
pa,05410,SAO CAETANO DE ODIVELAS,4364,2547
pa,05436,SAO DOMINGOS DO CAPIM,6033,3175
pa,05452,SAO FELIX DO XINGU,4106,5581
pa,05479,SAO FRANCISCO DO PARA,3773,2482
pa,05495,SAO JOAO DO ARAGUAIA,2043,1832
pa,05517,SAO MIGUEL DO GUAMA,8968,6144
pa,05533,SAO SEBASTIAO DA BOA VISTA,3318,4295
pa,05550,SENADOR JOSE PORFIRIO,1710,1536
pa,05576,SOURE,3658,4860
pa,05592,TOME ACU,8800,7182
pa,05614,TUCURUI,16046,18145
pa,05630,VIGIA,8619,8129
pa,05657,VIZEU,8996,8378
pa,05673,REDENCAO,13972,14177
pa,05690,RIO MARIA,3154,4113
pa,05711,XINGUARA,6776,7309
pa,05738,RONDON DO PARA,6604,7914
pa,05754,URUARA,7455,5266
pa,05770,MEDICILANDIA,5555,3407
pa,05797,SAO GERALDO DO ARAGUAIA,5872,3502
pa,05819,CONCORDIA DO PARA,4663,3562
pa,05835,PARAUAPEBAS,11835,23563
pa,05851,CURIONOPOLIS,4414,3840
pa,05878,GARRAFAO DO NORTE,5307,2252
pa,05894,RUROPOLIS,4888,3405
pa,05916,PACAJA,5630,3526
pa,05932,BREJO GRANDE DO ARAGUAIA,1860,1367
pa,05959,OURILANDIA DO NORTE,2801,2775
pa,05975,DOM ELISEU,7271,5676
pa,05991,SANTA MARIA DAS BARREIRAS,1816,1361
pb,19003,RIACHAO DO POCO,1049,1226
pb,19011,AGUA BRANCA,2625,1300
pb,19020,SOBRADO,2006,1333
pb,19038,AGUIAR,1083,2290
pb,19046,SAO JOSE DOS RAMOS,957,1482
pb,19054,ALAGOA GRANDE,5243,8426
pb,19062,CAPIM,1356,861
pb,19070,ALAGOA NOVA,4394,4484
pb,19089,CUITE DE MAMANGUAPE,1225,1769
pb,19097,ALAGOINHA,2270,3825
pb,19100,CURRAL DE CIMA,1896,729
pb,19119,ALHANDRA,4311,4647
pb,19127,RIACHAO DO BACAMARTE,1168,1120
pb,19135,SAO JOAO DO RIO DO PEIXE,4597,4776
pb,19143,MATINHAS,1079,944
pb,19151,ARACAGI,2999,4866
pb,19160,LOGRADOURO,645,1278
pb,19178,ARARA,2454,2309
pb,19186,SERTAOZINHO,724,1358
pb,19194,ARARUNA,3353,4730
pb,19208,RIACHAO,958,744
pb,19216,AREIA,5200,6055
pb,19224,SAO DOMINGOS DO CARIRI,859,628
pb,19232,AREIAL,1533,1476
pb,19240,CARAUBAS,1352,819
pb,19259,AROEIRAS,6320,2620
pb,19267,SANTO ANDRE,1025,481
pb,19275,DAMIAO,845,1429
pb,19283,SOSSEGO,969,509
pb,19291,BAIA DA TRAICAO,1643,996
pb,19305,BARAUNAS,1044,720
pb,19313,BANANEIRAS,4080,6362
pb,19321,ASSUNCAO,1299,578
pb,19330,BARRA DE SANTA ROSA,3359,3415
pb,19348,ZABELE,780,372
pb,19356,BARRA DE SAO MIGUEL,1908,1061
pb,19364,CACIMBAS,2209,530
pb,19372,BAYEUX,12904,32859
pb,19380,CAJAZEIRINHAS,841,1286
pb,19399,BELEM,3480,4522
pb,19402,SAO BENTINHO,537,1319
pb,19410,BELEM DO BREJO DO CRUZ,2222,1129
pb,19429,SAO DOMINGOS DE POMBAL,1303,674
pb,19437,BOA VENTURA,1087,1699
pb,19445,SAO JOSE DE PRINCESA,890,829
pb,19453,BOM JESUS,280,1127
pb,19461,MARIZOPOLIS,1105,2096
pb,19470,BOM SUCESSO,1357,1674
pb,19488,MATO GROSSO,1253,238
pb,19496,BONITO DE SANTA FE,2368,2017
pb,19500,BERNARDINO BATISTA,398,924
pb,19518,BOQUEIRAO,4519,4322
pb,19526,POCO DE JOSE DE MOURA,776,1718
pb,19534,IGARACY,1290,1814
pb,19542,SAO JOSE DO BREJO CRUZ,401,609
pb,19550,BORBOREMA,887,1463
pb,19569,SANTA INES,1357,726
pb,19577,BREJO DO CRUZ,3686,2432
pb,19585,AMPARO,696,446
pb,19593,BREJO DOS SANTOS,2214,1398
pb,19607,CASSERENGUE,1763,1551
pb,19615,CAAPORA,3744,5336
pb,19623,GADO BRAVO,3239,877
pb,19631,CABACEIRAS,1276,1479
pb,19640,POCO DANTAS,866,775
pb,19658,CABEDELO,7325,13189
pb,19666,SANTAREM,615,937
pb,19674,CACHOEIRA DOS INDIOS,1587,2471
pb,19682,TENORIO,477,856
pb,19690,CACIMBA DE AREIA,1091,941
pb,19704,COXIXOLA,482,450
pb,19712,CACIMBA DE DENTRO,4548,3697
pb,19720,PARARI,593,461
pb,19739,CAICARA,1391,2519
pb,19747,PEDRO REGIS,1151,787
pb,19755,CAJAZEIRAS,7807,18296
pb,19763,ALCANTIL,1596,1010
pb,19771,CALDAS BRANDAO,1038,1838
pb,19780,BARRA DE SANTANA,3118,1116
pb,19798,CAMALAU,1448,1398
pb,19801,CATURITE,1547,878
pb,19810,CAMPINA GRANDE,75027,111243
pb,19828,RIACHO DE SANTO ANTONIO,680,382
pb,19836,CARRAPATEIRA,319,782
pb,19844,APARECIDA,1478,2113
pb,19852,CATINGUEIRA,1300,1432
pb,19860,SAO FRANCISCO,1051,1306
pb,19879,CATOLE DO ROCHA,7308,7571
pb,19887,VIEIROPOLIS,929,1919
pb,19895,CONCEICAO,3722,4843
pb,19909,AREIA DE BARAUNAS,812,377
pb,19917,CONDADO,1957,1884
pb,19925,ALGODAO DE JANDAIRA,576,739
pb,19933,CONDE,2596,4592
pb,19941,BOA VISTA,1965,1307
pb,19950,CONGO,1276,1208
pb,19968,MARCACAO,1428,773
pb,19976,COREMAS,3456,4149
pb,19984,MATUREIA,1793,1005
pb,19992,CRUZ DO ESPIRITO SANTO,2489,4750
pb,20001,SANTA CECILIA DE UMBUZEIRO,2553,628
pb,20010,CUBATI,2386,1190
pb,20036,CUITE,6089,3964
pb,20052,CUITEGI,1462,1648
pb,20079,CURRAL VELHO,987,430
pb,20095,DESTERRO,2921,1020
pb,20117,VISTA SERRANA,978,652
pb,20133,DIAMANTE,1622,1625
pb,20150,DONA INES,2186,3047
pb,20176,DUAS ESTRADAS,889,1357
pb,20192,EMAS,799,991
pb,20214,ESPERANCA,7578,7553
pb,20230,FAGUNDES,3496,2541
pb,20257,FREI MARTINHO,1002,771
pb,20273,GUARABIRA,8310,17742
pb,20290,GURINHEM,3180,3908
pb,20311,GURJAO,1130,757
pb,20338,IBIARA,2053,1153
pb,20354,IMACULADA,3063,1645
pb,20370,INGA,3442,5140
pb,20397,ITABAIANA,6334,6746
pb,20419,ITAPORANGA,4472,5665
pb,20435,ITAPOROROCA,4544,2196
pb,20451,ITATUBA,2347,2588
pb,20478,JACARAU,3493,3247
pb,20494,JERICO,1739,2136
pb,20516,JOAO PESSOA,71430,227112
pb,20532,JUAREZ TAVORA,1135,2547
pb,20559,JUAZEIRINHO,4106,3447
pb,20575,JUNCO DO SERIDO,2080,1050
pb,20591,JURIPIRANGA,1514,3724
pb,20613,JURU,2826,1503
pb,20630,LAGOA,999,1643
pb,20656,LAGOA DE DENTRO,1678,1836
pb,20672,LAGOA SECA,6033,5352
pb,20699,LASTRO,467,1618
pb,20710,LIVRAMENTO,2280,1047
pb,20737,LUCENA,1612,2572
pb,20753,MAE D AGUA,1285,934
pb,20770,MALTA,1539,1525
pb,20796,MAMANGUAPE,10487,7341
pb,20818,MANAIRA,1996,2603
pb,20834,MARI,3689,4938
pb,20850,MASSARANDUBA,3130,2857
pb,20877,MATARACA,1582,1574
pb,20893,MOGEIRO,3208,2883
pb,20915,MONTADAS,874,1255
pb,20931,MONTE HOREBE,865,1190
pb,20958,MONTEIRO,7757,6756
pb,20974,MULUNGU,2252,3035
pb,20990,NATUBA,2947,808
pb,21016,NAZAREZINHO,1297,2639
pb,21032,NOVA FLORESTA,3299,1298
pb,21059,NOVA OLINDA,1844,1159
pb,21075,NOVA PALMEIRA,1279,911
pb,21091,OLHO D AGUA,2863,1868
pb,21113,OLIVEDOS,1022,1016
pb,21130,OURO VELHO,858,994
pb,21156,PASSAGEM,781,520
pb,21172,PATOS,21343,22260
pb,21199,PAULISTA,4143,1911
pb,21210,PEDRA BRANCA,1422,794
pb,21237,PEDRA LAVRADA,2468,1618
pb,21253,PEDRAS DE FOGO,5936,6562
pb,21270,PIANCO,4405,3800
pb,21296,PICUI,5655,3256
pb,21318,PILAR,1753,3698
pb,21334,PILOES,735,2978
pb,21350,PILOEZINHOS,1284,1551
pb,21377,PIRPIRITUBA,2066,2587
pb,21393,PITIMBU,2803,2151
pb,21415,POCINHOS,4732,3617
pb,21431,POMBAL,6496,9533
pb,21458,PRATA,1279,782
pb,21474,PRINCESA ISABEL,4679,3713
pb,21490,PUXINANA,3372,2937
pb,21512,QUEIMADAS,10706,7243
pb,21539,QUIXABA,726,377
pb,21555,REMIGIO,3485,3983
pb,21571,RIACHO DOS CAVALOS,2967,1283
pb,21598,RIO TINTO,4909,5553
pb,21610,SALGADINHO,1127,427
pb,21636,SALGADO DE SAO FELIX,2438,2723
pb,21652,SANTA CRUZ,1152,2547
pb,21679,SANTA HELENA,951,2247
pb,21695,SANTA LUZIA,5643,2693
pb,21717,SANTANA DE MANGUEIRA,1890,969
pb,21733,SANTANA DOS GARROTES,2222,1782
pb,21750,SANTA RITA,15377,34290
pb,21776,SANTA TERESINHA,1755,1269
pb,21792,SAO BENTO,7761,6059
pb,21814,SAO JOAO DO CARIRI,1222,1225
pb,21830,SAO JOAO DO TIGRE,1237,909
pb,21857,SAO JOSE DA LAGOA TAPADA,2314,1904
pb,21873,SAO JOSE DE CAIANA,1597,1216
pb,21890,SAO JOSE DE ESPINHARAS,1690,1434
pb,21911,SAO JOSE DE PIRANHAS,3346,5201
pb,21938,SAO JOSE DO BONFIM,924,1259
pb,21954,SAO JOSE DO SABUGI,1880,636
pb,21970,SAO JOSE DOS CORDEIROS,1083,1066
pb,21997,SAO MAMEDE,2569,2182
pb,22012,SAO MIGUEL DE TAIPU,943,1616
pb,22039,SAO SEB. DE LAGOA DE ROCA,2659,2440
pb,22055,SAO SEBASTIAO DO UMBUZEIRO,644,1026
pb,22071,SAPE,8397,13072
pb,22098,SAO VICENTE DO SERIDO,3251,1161
pb,22110,SERRA BRANCA,3053,3029
pb,22136,SERRA DA RAIZ,996,823
pb,22152,SERRA GRANDE,823,730
pb,22179,SERRA REDONDA,1489,2278
pb,22195,SERRARIA,1841,1868
pb,22217,SOLANEA,7164,5932
pb,22233,SOLEDADE,3462,3105
pb,22250,SOUSA,10887,17576
pb,22276,SUME,3697,3753
pb,22292,CAMPO DE SANTANA,2404,2118
pb,22314,TAPEROA,4306,2543
pb,22330,TAVARES,3355,2264
pb,22357,TEIXEIRA,4114,2234
pb,22373,TRIUNFO,2500,1893
pb,22390,UIRAUNA,3546,4048
pb,22411,UMBUZEIRO,2942,1505
pb,22438,VARZEA,870,704
pe,23000,QUIXABA,1871,1691
pe,23019,AFOGADOS DA INGAZEIRA,6516,8192
pe,23027,LAGOA DO CARRO,3109,4316
pe,23035,AFRANIO,4780,3612
pe,23043,SANTA CRUZ DA BAIXA VERDE,3226,2799
pe,23051,AGRESTINA,5404,5628
pe,23060,XEXEU,3069,1881
pe,23078,AGUA PRETA,3883,7797
pe,23086,VERTENTE DO LERIO,2936,1399
pe,23094,AGUAS BELAS,9469,6596
pe,23108,SANTA CRUZ,2317,2631
pe,23116,ALAGOINHA,3358,3451
pe,23124,JUCATI,3197,1771
pe,23132,ALIANCA,6701,9970
pe,23140,DORMENTES,2595,4930
pe,23159,ALTINHO,6073,4515
pe,23167,CARNAUBEIRA DA PENHA,624,3277
pe,23175,AMARAJI,3039,6488
pe,23183,LAGOA GRANDE,1801,5896
pe,23191,ANGELIM,2664,2512
pe,23205,ARACOIABA,2196,5370
pe,23213,ARARIPINA,13989,12952
pe,23221,CASINHAS,3623,2585
pe,23230,ARCOVERDE,11270,16652
pe,23248,MANARI,4287,989
pe,23256,BARRA DE GUABIRABA,2863,2266
pe,23264,JATOBA,1238,4553
pe,23272,BARREIROS,8546,7897
pe,23280,TAMANDARE,2305,4487
pe,23299,BELEM DE MARIA,2937,2190
pe,23302,JAQUEIRA,2003,2827
pe,23310,BELEM DE SAO FRANCISCO,2937,4456
pe,23329,SANTA FILOMENA,2864,1977
pe,23337,BELO JARDIM,14389,18269
pe,23353,BETANIA,3845,1517
pe,23370,BEZERROS,15526,11336
pe,23396,BODOCO,8430,5808
pe,23418,BOM CONSELHO,11930,5764
pe,23434,BOM JARDIM,9978,7150
pe,23450,BONITO,8150,7654
pe,23477,BREJAO,2250,3035
pe,23493,BREJINHO,2684,1132
pe,23515,BREJO DA MADRE DE DEUS,10061,5237
pe,23531,BUENOS AIRES,2322,4035
pe,23558,BUIQUE,13844,5114
pe,23574,CABO,26652,56071
pe,23590,CABROBO,6552,4854
pe,23612,CACHOEIRINHA,5061,3661
pe,23639,CAETES,3786,5033
pe,23655,CALCADO,3098,1099
pe,23671,CALUMBI,1650,2045
pe,23698,CAMOCIM DE SAO FELIX,3213,4615
pe,23710,CAMUTANGA,1751,3068
pe,23736,CANHOTINHO,6235,3570
pe,23752,CAPOEIRAS,4244,4287
pe,23779,CARNAIBA,4796,4166
pe,23795,CARPINA,12205,18336
pe,23817,CARUARU,68724,48395
pe,23833,CATENDE,7327,7007
pe,23850,CEDRO,2400,2217
pe,23876,CHA DE ALEGRIA,3062,3412
pe,23892,CHA GRANDE,5336,3579
pe,23914,CONDADO,3762,6023
pe,23930,CORRENTES,3062,4121
pe,23957,CORTES,3004,3642
pe,23973,CUMARU,4984,3836
pe,23990,CUPIRA,6320,4081
pe,24015,CUSTODIA,6862,6576
pe,24031,ESCADA,10810,17618
pe,24058,EXU,5209,8656
pe,24074,FEIRA NOVA,6478,3400
pe,24090,FERREIROS,1171,4404
pe,24112,FLORES,4512,5259
pe,24139,FLORESTA,1938,9154
pe,24155,FREI MIGUELINHO,5513,1843
pe,24171,GAMELEIRA,2870,5668
pe,24198,GARANHUNS,15017,34985
pe,24210,GLORIA DO GOITA,6977,5155
pe,24236,GOIANA,15235,19017
pe,24252,GRANITO,1161,1639
pe,24279,GRAVATA,19790,11559
pe,24295,IATI,4906,2678
pe,24317,IBIMIRIM,6004,3658
pe,24333,IBIRAJUBA,2596,1291
pe,24350,IGARASSU,14546,24804
pe,24376,IGUARACI,2560,2709
pe,24392,INAJA,3448,1693
pe,24414,INGAZEIRA,1072,1384
pe,24430,IPOJUCA,11261,16888
pe,24457,IPUBI,5687,3321
pe,24473,ITACURUBA,525,1527
pe,24490,ITAIBA,5675,4086
pe,24511,ITAMARACA,3454,5116
pe,24538,ITAPETIM,4368,2542
pe,24554,ITAQUITINGA,1874,5014
pe,24570,JABOATAO,92671,168098
pe,24597,JATAUBA,4429,2656
pe,24619,JOAO ALFREDO,8524,4831
pe,24635,JOAQUIM NABUCO,2310,5248
pe,24651,JUPI,3475,2897
pe,24678,JUREMA,4292,1691
pe,24694,LAGOA DE ITAENGA,5992,5773
pe,24716,LAGOA DO OURO,3763,2408
pe,24732,LAGOA DOS GATOS,4249,2113
pe,24759,LAJEDO,9571,7425
pe,24775,LIMOEIRO,15433,13734
pe,24791,MACAPARANA,4884,6520
pe,24813,MACHADOS,2790,2508
pe,24830,MARAIAL,2642,3008
pe,24856,MIRANDIBA,2195,4059
pe,24872,MORENO,8984,16540
pe,24899,NAZARE DA MATA,6252,9704
pe,24910,OLINDA,73826,141926
pe,24937,OROBO,6334,3881
pe,24953,OROCO,2457,2914
pe,24970,OURICURI,14800,7752
pe,24996,PALMARES,9655,15835
pe,25011,PALMEIRINA,2749,1487
pe,25038,PANELAS,9046,2859
pe,25054,PARANATAMA,3110,2729
pe,25070,PARNAMIRIM,4924,3915
pe,25097,PASSIRA,8219,6326
pe,25119,PAUDALHO,11853,8944
pe,25135,PAULISTA,40076,86486
pe,25151,PEDRA,5974,4198
pe,25178,PESQUEIRA,10337,17383
pe,25194,PETROLANDIA,2681,10257
pe,25216,PETROLINA,23406,70283
pe,25232,POCAO,3240,2560
pe,25259,POMBOS,6718,5310
pe,25275,PRIMAVERA,2226,3366
pe,25291,QUIPAPA,4909,3818
pe,25313,RECIFE,289023,502252
pe,25330,RIACHO DAS ALMAS,6053,3826
pe,25356,RIBEIRAO,6952,10891
pe,25372,RIO FORMOSO,4346,5806
pe,25399,SAIRE,4325,3170
pe,25410,SALGADINHO,2212,1196
pe,25437,SALGUEIRO,9056,13162
pe,25453,SALOA,4453,2477
pe,25470,SANHARO,3525,5581
pe,25496,SANTA CRUZ DO CAPIBARIBE,14846,13129
pe,25518,SANTA MARIA DA BOA VISTA,3398,9781
pe,25534,SANTA MARIA DO CAMBUCA,4021,2021
pe,25550,SANTA TEREZINHA,2406,2316
pe,25577,SAO BENEDITO DO SUL,2261,1673
pe,25593,SAO BENTO DO UNA,9638,8953
pe,25615,SAO CAETANO,10557,6357
pe,25631,SAO JOAO,3821,4618
pe,25658,SAO JOAQUIM DO MONTE,5794,3580
pe,25674,SAO JOSE DA COROA GRANDE,3932,2317
pe,25690,SAO JOSE DO BELMONTE,6794,6105
pe,25712,SAO JOSE DO EGITO,6728,6906
pe,25739,SAO LOURENCO DA MATA,17084,27160
pe,25755,SAO VICENTE FERRER,3589,3705
pe,25771,SERRA TALHADA,14801,15834
pe,25798,SERRITA,4961,3306
pe,25810,SERTANIA,7056,7856
pe,25836,SIRINHAEM,5716,9628
pe,25852,MOREILANDIA,2188,2756
pe,25879,SOLIDAO,1476,1550
pe,25895,SURUBIM,13480,9814
pe,25917,TABIRA,4554,6948
pe,25933,TACAIMBO,3517,1960
pe,25950,TACARATU,3758,2775
pe,25976,ITAMBE,5435,8148
pe,25992,TAQUARITINGA DO NORTE,5177,4499
pe,26018,TEREZINHA,2326,1153
pe,26034,TERRA NOVA,2757,1871
pe,26050,TIMBAUBA,8747,17150
pe,26077,TORITAMA,6113,3675
pe,26093,TRACUNHAEM,2171,3957
pe,26115,TRINDADE,6184,3024
pe,26131,TRIUNFO,3417,4362
pe,26158,TUPANATINGA,6711,1693
pe,26174,TUPARETAMA,1656,3080
pe,26190,VENTUROSA,4305,2791
pe,26212,VERDEJANTE,2637,1967
pe,26239,VERTENTES,5250,2723
pe,26255,VICENCIA,3809,8937
pe,26271,VITORIA DE SANTO ANTAO,28646,27765
pe,26298,CAMARAGIBE,22577,46768
pe,26310,ABREU E LIMA,16787,34270
pe,26336,ITAPISSUMA,4109,5995
pe,30015,FERNANDO DE NORONHA,159,628
pi,10006,BRASILEIRA,2042,1648
pi,10014,AGRICOLANDIA,953,2084
pi,10022,ALEGRETE DO PIAUI,1296,1119
pi,10030,AGUA BRANCA,2776,4413
pi,10049,BAIXA GRANDE DO RIBEIRO,1865,929
pi,10057,ALTO LONGA,2955,3790
pi,10065,BOM PRINCIPIO DO PIAUI,1589,1347
pi,10073,ALTOS,5582,11560
pi,10081,BONFIM DO PIAUI,1782,803
pi,10090,AMARANTE,4318,3693
pi,10103,BURITI DOS MONTES,2048,1197
pi,10111,ANGICAL DO PIAUI,1265,2866
pi,10120,CABECEIRAS DO PIAUI,1506,2741
pi,10138,ANISIO DE ABREU,1648,1842
pi,10146,CALDEIRAO GRANDE DO PIAUI,1466,1377
pi,10154,ANTONIO ALMEIDA,797,881
pi,10162,CANAVIEIRA,1123,814
pi,10170,AROAZES,837,2078
pi,10189,COIVARAS,953,1412
pi,10197,ARRAIAL,1557,660
pi,10200,COLONIA DO GURGUEIA,1494,1107
pi,10219,AVELINO LOPES,2063,2944
pi,10227,COLONIA DO PIAUI,1326,2050
pi,10235,BARRAS,7194,10195
pi,10243,CORONEL JOSE DIAS,1069,1662
pi,10251,BARREIRAS DO PIAUI,700,844
pi,10260,FARTURA DO PIAUI,833,1517
pi,10278,BARRO DURO,1475,1923
pi,10286,JACOBINA DO PIAUI,1065,1604
pi,10294,BATALHA,4694,6495
pi,10308,JARDIM DO MULATO,1307,796
pi,10316,BENEDITINOS,3243,2075
pi,10324,LAGOA ALEGRE,1789,1450
pi,10332,BERTOLINIA,1532,1078
pi,10340,LAGOA DO BARRO DO PIAUI,947,1165
pi,10359,BOCAINA,1412,2337
pi,10367,MARCOLANDIA,2042,1239
pi,10375,BOM JESUS,4444,2974
pi,10383,PATOS DO PIAUI,1409,1716
pi,10391,BURITI DOS LOPES,4925,3552
pi,10405,PASSAGEM FRANCA DO PIAUI,1079,1053
pi,10413,CAMPINAS DO PIAUI,1252,1503
pi,10421,QUEIMADA NOVA,745,2915
pi,10430,CAMPO MAIOR,8070,14317
pi,10448,SANTA CRUZ DOS MILAGRES,509,1097
pi,10456,CANTO DO BURITI,4871,4436
pi,10464,SANTA ROSA DO PIAUI,1445,1232
pi,10472,CAPITAO DE CAMPOS,2894,2320
pi,10480,SANTANA DO PIAUI,1979,616
pi,10499,CARACOL,2457,1677
pi,10502,SAO BRAZ DO PIAUI,1133,1063
pi,10510,CASTELO DO PIAUI,4916,3456
pi,10529,SAO JOSE DO DIVINO,1243,1492
pi,10537,COCAL,6379,4261
pi,10545,SIGEFREDO PACHECO,2004,2062
pi,10553,CONCEICAO DO CANINDE,849,1677
pi,10561,SAO LOURENCO DO PIAUI,852,1875
pi,10570,CORRENTE,4711,4792
pi,10588,VARZEA BRANCA,1326,870
pi,10596,CRISTALANDIA DO PIAUI,1742,973
pi,10600,BARRA D ALCANTARA,472,1149
pi,10618,CRISTINO CASTRO,1750,2175
pi,10626,BELA VISTA DO PIAUI,618,1152
pi,10634,CURIMATA,2822,2073
pi,10642,BREJO DO PIAUI,1193,674
pi,10650,DEMERVAL LOBAO,2281,4049
pi,10669,BOA HORA,1221,1558
pi,10677,DOM EXPEDITO LOPES,1468,2334
pi,10685,DOM INOCENCIO,1879,2107
pi,10693,ELESBAO VELOSO,2932,4536
pi,10707,CAPITAO GERVASIO OLIVEIRA,780,1096
pi,10715,ELISEU MARTINS,1152,1193
pi,10723,CAMPO GRANDE DO PIAUI,1173,1349
pi,10731,ESPERANTINA,5050,10813
pi,10740,CAMPO LARGO DO PIAUI,1475,879
pi,10758,FLORES DO PIAUI,1756,789
pi,10766,CURRAIS,1523,652
pi,10774,FLORIANO,9828,14394
pi,10782,GEMINIANO,1140,1466
pi,10790,FRANCINOPOLIS,790,2052
pi,10804,GUARIBAS,1216,449
pi,10812,FRANCISCO AYRES,1832,783
pi,10820,ILHA GRANDE,1264,2806
pi,10839,FRANCISCO SANTOS,1252,2632
pi,10847,JUREMA,1250,1066
pi,10855,FRONTEIRAS,2426,2429
pi,10863,LAGOA DE SAO FRANCISCO,1513,1355
pi,10871,GILBUES,2047,2081
pi,10880,MORRO CABECA NO TEMPO,1011,840
pi,10898,GUADALUPE,1866,2632
pi,10901,NOVO SANTO ANTONIO,829,1205
pi,10910,HUGO NAPOLEAO,876,1278
pi,10928,NOSSA SENHORA DE NAZARE,793,1754
pi,10936,INHUMA,2442,4705
pi,10944,PAQUETA,588,1834
pi,10952,IPIRANGA DO PIAUI,1744,2606
pi,10960,NOVA SANTA RITA,858,1208
pi,10979,ISAIAS COELHO,1187,2453
pi,10987,SAO JOAO DO ARRAIAL,1503,1442
pi,10995,ITAINOPOLIS,2527,3374
pi,11010,ITAUEIRA,2377,2717
pi,11037,JAICOS,3490,3885
pi,11053,JERUMENHA,1210,1206
pi,11070,JOAQUIM PIRES,2822,2857
pi,11088,SAO JOAO DA CANABRAVA,1205,1261
pi,11096,JOSE DE FREITAS,7377,8253
pi,11118,LANDRI SALES,1506,1135
pi,11134,LUIS CORREIA,7278,5548
pi,11150,LUZILANDIA,6646,3844
pi,11177,MANOEL EMIDIO,1607,899
pi,11193,MARCOS PARENTE,1133,1244
pi,11215,MATIAS OLIMPIO,3189,1336
pi,11231,MIGUEL ALVES,4543,5817
pi,11258,MIGUEL LEAO,469,155
pi,11274,MONSENHOR GIL,1387,3984
pi,11290,MONSENHOR HIPOLITO,1717,2302
pi,11312,MONTE ALEGRE DO PIAUI,2712,1532
pi,11339,NAZARE DO PIAUI,1356,2355
pi,11355,NOSSA SENHORA DOS REMEDIOS,1748,1671
pi,11371,NOVO ORIENTE DO PIAUI,791,2425
pi,11398,OEIRAS,6416,10399
pi,11410,DOMINGOS MOURAO,778,1213
pi,11436,PADRE MARCOS,1640,1880
pi,11452,PAES LANDIM,898,1329
pi,11479,PALMEIRA DO PIAUI,1380,1096
pi,11495,PALMEIRAIS,3015,3098
pi,11517,PARNAGUA,1954,1643
pi,11533,PARNAIBA,18887,38135
pi,11550,PAULISTANA,2916,5179
pi,11576,PEDRO II,9062,8229
pi,11592,PICOS,11101,17704
pi,11614,PIMENTEIRAS,1662,3888
pi,11630,PIO IX,2393,5644
pi,11657,PIRACURUCA,6281,5940
pi,11673,PIRIPIRI,15283,10817
pi,11690,PORTO,2295,1627
pi,11711,PRATA DO PIAUI,958,901
pi,11738,REDENCAO DO GURGUEIA,2466,1100
pi,11754,REGENERACAO,3040,4485
pi,11770,RIBEIRO GONCALVES,1052,1576
pi,11797,RIO GRANDE DO PIAUI,1571,1769
pi,11819,SANTA CRUZ DO PIAUI,944,2272
pi,11835,SANTA FILOMENA,1532,691
pi,11851,SANTA LUZ,1555,873
pi,11878,SANTO ANTONIO DE LISBOA,1099,1992
pi,11894,SANTO INACIO DO PIAUI,1195,777
pi,11916,SAO FELIX DO PIAUI,329,1577
pi,11932,SAO FRANCISCO DO PIAUI,1068,2112
pi,11959,SAO GONCALO DO PIAUI,1101,1429
pi,11975,SAO JOAO DA SERRA,1547,1870
pi,11991,SAO JOAO DO PIAUI,3594,3913
pi,12009,SAO JOAO DA FRONTEIRA,1389,930
pi,12017,SAO JOSE DO PEIXE,934,992
pi,12025,SAO JOAO DA VARJOTA,1082,1188
pi,12033,SAO JOSE DO PIAUI,1727,1859
pi,12041,SEBASTIAO BARROS,1219,965
pi,12050,SAO JULIAO,1320,1877
pi,12068,SEBASTIAO LEAL,1051,747
pi,12076,SAO MIGUEL DO TAPUIO,5869,2876
pi,12084,ALVORADA DO GURGUEIA,845,999
pi,12092,SAO PEDRO DO PIAUI,3164,2879
pi,12106,ASSUNCAO DO PIAUI,2273,1088
pi,12114,SAO RAIMUNDO NONATO,5958,6674
pi,12122,BETANIA DO PIAUI,1778,1215
pi,12130,SIMOES,2840,2866
pi,12149,BOQUEIRAO DO PIAUI,1289,1214
pi,12157,SIMPLICIO MENDES,2242,3284
pi,12165,CARIDADE DO PIAUI,811,1180
pi,12173,SOCORRO DO PIAUI,1397,1118
pi,12181,CURRAL NOVO DO PIAUI,669,949
pi,12190,TERESINA,66938,269060
pi,12203,JULIO BORGES,713,1759
pi,12211,UNIAO,4608,12701
pi,12220,LAGOA DO SITIO,748,1582
pi,12238,URUCUI,3613,3390
pi,12246,MILTON BRANDAO,2129,917
pi,12254,VALENCA DO PIAUI,3780,5783
pi,12262,PAJEU DO PIAUI,843,673
pi,12270,VARZEA GRANDE,874,1433
pi,12289,PAVUSSU,940,1214
pi,12297,DIRCEU ARCOVERDE,1686,1238
pi,12300,RIACHO FRIO,922,1286
pi,12319,ALAGOINHA,2133,1951
pi,12327,ACAUA,1526,1616
pi,12335,BELEM DO PIAUI,442,1094
pi,12343,CAJAZEIRAS DO PIAUI,866,700
pi,12351,CAMPO ALEGRE DO FIDALGO,1379,964
pi,12360,COCAL DE TELHA,854,1452
pi,12378,FRANCISCO MACEDO,589,675
pi,12386,JOAO COSTA,485,1342
pi,12394,JATOBA DO PIAUI,1130,1671
pi,12408,JOCA MARQUES,1312,661
pi,12416,JUAZEIRO DO PIAUI,1554,1816
pi,12424,LAGOA DO PIAUI,671,1273
pi,12432,LAGOINHA DO PIAUI,831,651
pi,12440,MADEIRO,1867,1236
pi,12459,MORRO DO CHAPEU DO PIAUI,1263,1669
pi,12467,MASSAPE DO PIAUI,1408,1885
pi,12475,MURICI DOS PORTELAS,1824,1078
pi,12483,OLHO DAGUA DO PIAUI,769,661
pi,12491,PEDRO LAURENTINO,595,741
pi,12505,SAO FRANCISCO DE ASSIS DO PIAUI,644,1359
pi,12513,SUSSUAPARA,1014,2418
pi,12521,TANQUE DO PIAUI,584,673
pi,12530,TAMBORIL DO PIAUI,1264,329
pi,12548,VILA NOVA DO PIAUI,376,1260
pi,12556,VERA MENDES,837,842
pi,12564,WALL FERRAZ,1290,968
pi,12572,CAJUEIRO DA PRAIA,1291,1847
pi,12580,CURRALINHOS,651,1142
pi,12599,PORTO ALEGRE DO PIAUI,153,825
pi,12602,RIBEIRA DO PIAUI,934,1040
pi,12610,SAO GONCALO DO GURGUEIA,538,546
pi,12629,SAO LUIS DO PIAUI,822,685
pi,12637,FLORESTA DO PIAUI,1001,423
pi,12653,SANTO ANTONIO DOS MILAGRES,219,836
pi,12661,SAO MIGUEL DA BAIXA GRANDE,511,749
pi,12670,CARAUBAS DO PIAUI,1731,659
pi,12688,CAXINGO,992,1125
pi,12696,COCAL DOS ALVES,1781,789
pi,12700,SAO MIGUEL DO FIDALGO,588,878
pi,12718,PAU DARCO DO PIAUI,666,1277
pi,12734,AROEIRAS DO ITAIM,888,845
pr,74004,GODOY MOREIRA,1045,877
pr,74012,ABATIA,2364,1389
pr,74020,IBEMA,548,2159
pr,74039,ADRIANOPOLIS,1182,1654
pr,74047,LINDOESTE,750,2126
pr,74055,AGUDOS DO SUL,1724,2306
pr,74063,OURO VERDE DO OESTE,1531,1560
pr,74071,ALMIRANTE TAMANDARE,9069,22066
pr,74080,SANTA TEREZA DO OESTE,963,2167
pr,74098,ALTO PARANA,2593,3542
pr,74101,ANAHY,697,897
pr,74110,ALTO PIQUIRI,2922,2113
pr,74128,ANGULO,1038,592
pr,74136,ALVORADA DO SUL,2563,2213
pr,74144,BOA ESPERANCA DO IGUACU,546,1227
pr,74152,AMAPORA,975,1369
pr,74160,BOM SUCESSO DO SUL,752,1163
pr,74179,AMPERE,2026,5792
pr,74187,BRASILANDIA DO SUL,1125,800
pr,74195,ANDIRA,5267,6099
pr,74209,CAFEZAL DO SUL,1537,881
pr,74217,ANTONINA,4306,5629
pr,74225,CANDOI,1973,4541
pr,74233,ANTONIO OLINTO,1581,1943
pr,74241,CRUZEIRO DO IGUACU,502,1700
pr,74250,APUCARANA,32213,26241
pr,74268,DIAMANTE DO SUL,656,1059
pr,74276,ARAPONGAS,22810,25157
pr,74284,ENTRE RIOS DO OESTE,861,1363
pr,74292,ARAPOTI,5928,6247
pr,74306,FAROL,715,1088
pr,74314,ARARUNA,4104,3046
pr,74322,FAZENDA RIO GRANDE,6483,20296
pr,74330,MARILANDIA DO SUL,2886,1900
pr,74349,FLOR DA SERRA DO SUL,737,2060
pr,74357,ARAUCARIA,13311,38984
pr,74365,HONORIO SERPA,672,2324
pr,74373,ASSAI,5911,3045
pr,74381,IGUATU,631,671
pr,74390,ASTORGA,7988,5518
pr,74403,IRACEMA DO OESTE,703,891
pr,74411,ATALAIA,1148,952
pr,74420,NOVO ITACOLOMI,965,754
pr,74438,BALSA NOVA,1804,4023
pr,74446,ITAPERUCU,3300,7317
pr,74454,BANDEIRANTES,7458,9452
pr,74462,IVATE,2090,1518
pr,74470,BARBOSA FERRAZ,3358,2780
pr,74489,LIDIANOPOLIS,1192,1223
pr,74497,BARRACAO,1685,2586
pr,74500,MARIPA,1743,1954
pr,74519,BARRA DO JACARE,671,1099
pr,74527,MATO RICO,1075,992
pr,74535,BELA VISTA DO PARAISO,5157,3283
pr,74543,MAUA DA SERRA,2234,1268
pr,74551,BITURUNA,2436,5524
pr,74560,MERCEDES,1110,1791
pr,74578,BOA ESPERANCA,1367,1260
pr,74586,NOVA LARANJEIRAS,1427,3011
pr,74594,BOCAIUVA DO SUL,1825,2984
pr,74608,NOVA SANTA BARBARA,1075,900
pr,74616,BOM SUCESSO,1753,1429
pr,74624,PATO BRAGADO,1152,1543
pr,74632,BORRAZOPOLIS,2852,2194
pr,74640,PINHAL DE SAO BENTO,292,1053
pr,74659,CAFEARA,588,821
pr,74667,PITANGUEIRAS,882,622
pr,74675,CALIFORNIA,2230,1994
pr,74683,QUATRO PONTES,957,1397
pr,74691,CAMBARA,3309,8722
pr,74705,RAMILANDIA,945,898
pr,74713,CAMBE,19845,26726
pr,74721,RANCHO ALEGRE D OESTE,866,871
pr,74730,CAMBIRA,1875,2015
pr,74748,RIO BONITO DO IGUACU,1043,4046
pr,74756,CAMPINA DA LAGOA,3934,3598
pr,74764,SANTA LUCIA,523,1644
pr,74772,CAMPINA GRANDE DO SUL,6504,10506
pr,74780,CAMPO BONITO,553,1732
pr,74799,CAMPO DO TENENTE,1498,1638
pr,74802,SANTA MARIA DO OESTE,1762,3502
pr,74810,CAMPO LARGO,18801,31766
pr,74829,SANTA MONICA,729,913
pr,74837,CAMPO MOURAO,13672,24907
pr,74845,SAO MANOEL DO PARANA,691,531
pr,74853,CANDIDO DE ABREU,4124,4527
pr,74861,SAO PEDRO DO IGUACU,1416,2278
pr,74870,CAPANEMA,2976,6723
pr,74888,TUNAS DO PARANA,1079,775
pr,74896,CAPITAO LEONIDAS MARQUES,1689,5641
pr,74900,VENTANIA,1697,2054
pr,74918,CARLOPOLIS,4021,2484
pr,74926,VILA ALTA,635,1165
pr,74934,CASCAVEL,39444,79296
pr,74942,DOUTOR ULYSSES,1866,859
pr,74950,CASTRO,15737,15003
pr,74969,VIRMOND,844,1401
pr,74977,CATANDUVAS,1584,2842
pr,74985,LARANJAL,1070,1246
pr,74993,CENTENARIO DO SUL,2617,3089
pr,75000,ITAIPULANDIA,867,3119
pr,75019,CERRO AZUL,4080,3254
pr,75027,NOVA ESPERANCA DO SUDOESTE,1018,1854
pr,75035,CHOPINZINHO,3190,7120
pr,75043,PINHAIS,16623,38309
pr,75051,CIANORTE,14896,16840
pr,75060,SAUDADE DO IGUACU,783,1445
pr,75078,CIDADE GAUCHA,1852,3389
pr,75086,ARIRANHA DO IVAI,694,843
pr,75094,CLEVELANDIA,2750,6161
pr,75108,ARAPUA,1115,1130
pr,75116,MANGUEIRINHA,2441,5984
pr,75124,BELA VISTA DA CAROBA,759,1563
pr,75132,COLOMBO,22969,58172
pr,75140,BOA VENTURA DE SAO ROQUE,974,2300
pr,75159,COLORADO,4736,6743
pr,75167,BOM JESUS DO SUL,1030,1270
pr,75175,CONGONHINHAS,2259,1529
pr,75183,CAMPINA DO SIMAO,604,1296
pr,75191,CONSELHEIRO MAYRINCK,992,1033
pr,75205,CAMPO MAGRO,2414,5384
pr,75213,CONTENDA,2371,4757
pr,75221,CARAMBEI,3403,4683
pr,75230,CORBELIA,3728,4766
pr,75248,CORONEL DOMINGOS SOARES,829,1721
pr,75256,CORNELIO PROCOPIO,9064,16487
pr,75264,CRUZMALTINA,1040,949
pr,75272,CORONEL VIVIDA,4193,7663
pr,75280,CORUMBATAI DO SUL,1266,1162
pr,75299,CRUZEIRO DO OESTE,4937,5189
pr,75302,ESPERANCA NOVA,546,700
pr,75310,CRUZEIRO DO SUL,1066,1662
pr,75329,ESPIGAO ALTO DO IGUACU,774,1801
pr,75337,CRUZ MACHADO,3665,5243
pr,75345,FERNANDES PINHEIRO,1104,2031
pr,75353,CURITIBA,319312,585548
pr,75361,FOZ DO JORDAO,727,1672
pr,75370,CURIUVA,2813,2945
pr,75388,GOIOXIM,942,1973
pr,75396,DIAMANTE DO NORTE,1636,1388
pr,75400,DIAMANTE DO OESTE,842,1509
pr,75418,DOIS VIZINHOS,5332,11098
pr,75426,GUAMIRANGA,1452,2564
pr,75434,DOUTOR CAMARGO,2242,1385
pr,75442,IMBAU,1674,2144
pr,75450,ENEAS MARQUES,1162,2223
pr,75469,MANFRINOPOLIS,628,1247
pr,75477,ENGENHEIRO BELTRAO,4549,3094
pr,75485,MARQUINHO,1122,1358
pr,75493,FAXINAL,4108,3395
pr,75507,PEROBAL,1636,1240
pr,75515,FENIX,1256,1213
pr,75523,PONTAL DO PARANA,2674,4098
pr,75531,FLORAI,1932,1324
pr,75540,PORTO BARREIRO,515,1606
pr,75558,FLORESTA,1902,1247
pr,75566,PRADO FERREIRA,900,963
pr,75574,FLORESTOPOLIS,2873,3531
pr,75582,QUARTO CENTENARIO,1352,1067
pr,75590,FLORIDA,502,903
pr,75604,RESERVA DO IGUACU,897,2069
pr,75612,FORMOSA DO OESTE,2296,2271
pr,75620,RIO BRANCO DO IVAI,1036,626
pr,75639,FOZ DO IGUACU,26950,92000
pr,75647,SERRANOPOLIS DO IGUACU,1184,1745
pr,75655,FRANCISCO BELTRAO,11169,24967
pr,75663,TAMARANA,2759,1960
pr,75671,GENERAL CARNEIRO,2118,4325
pr,75698,GOIOERE,8188,6264
pr,75710,GUAIRA,4647,10016
pr,75736,GUAIRACA,1838,1171
pr,75744,ROSARIO DO IVAI,2235,953
pr,75752,GUAPIRAMA,1153,1109
pr,75760,NOVA TEBAS,1662,2373
pr,75779,GUAPOREMA,552,656
pr,75787,SULINA,732,1399
pr,75795,GUARACI,1582,975
pr,75809,LUISIANIA,1491,1833
pr,75817,GUARANIACU,2539,5618
pr,75833,GUARAPUAVA,20327,55298
pr,75850,GUARAQUECABA,2081,1319
pr,75876,GUARATUBA,5971,7428
pr,75892,IBAITI,6729,6039
pr,75914,IBIPORA,12591,10606
pr,75930,ICARAIMA,3124,1811
pr,75957,IGUARACU,1085,943
pr,75973,IMBITUVA,5150,7772
pr,75990,INACIO MARTINS,2226,2851
pr,76015,INAJA,583,1022
pr,76031,IPIRANGA,3882,2828
pr,76058,IPORA,4159,4027
pr,76074,IRATI,8614,19856
pr,76090,IRETAMA,2302,2977
pr,76112,ITAGUAGE,996,1362
pr,76139,ITAMBARACA,2034,1565
pr,76155,ITAMBE,1662,1563
pr,76171,ITAPEJARA DO OESTE,1735,3313
pr,76198,ITAUNA DO SUL,786,1034
pr,76210,IVAI,3395,2994
pr,76236,IVAIPORA,7198,8982
pr,76252,IVATUBA,812,707
pr,76279,JABOTI,1171,1287
pr,76295,JACAREZINHO,8065,11968
pr,76317,JAGUAPITA,3243,2500
pr,76333,JAGUARIAIVA,6026,8813
pr,76350,JANDAIA DO SUL,5121,5712
pr,76376,JANIOPOLIS,1851,1975
pr,76392,JAPIRA,1093,1394
pr,76414,JAPURA,3101,1609
pr,76430,JARDIM ALEGRE,3141,2524
pr,76457,JARDIM OLINDA,236,625
pr,76473,JATAIZINHO,3081,2682
pr,76490,JOAQUIM TAVORA,2557,2416
pr,76511,JUNDIAI DO SUL,555,1160
pr,76538,JUSSARA,1260,1998
pr,76554,KALORE,1657,1075
pr,76570,LAPA,7694,15648
pr,76597,LARANJEIRAS DO SUL,4154,9816
pr,76619,LEOPOLIS,940,1147
pr,76635,LOANDA,5054,4703
pr,76651,LOBATO,735,1579
pr,76678,LONDRINA,131760,106220
pr,76694,LUPIONOPOLIS,995,1243
pr,76716,MALLET,2043,5023
pr,76732,MAMBORE,3941,3631
pr,76759,MANDAGUACU,4582,4647
pr,76775,MANDAGUARI,9203,8322
pr,76791,MANDIRITUBA,2899,6421
pr,76813,MANOEL RIBAS,3103,3192
pr,76830,MARECHAL CANDIDO RONDON,7976,15015
pr,76856,MARIA HELENA,1755,1354
pr,76872,MARIALVA,8602,7285
pr,76899,MARILUZ,2186,2861
pr,76910,MARINGA,82238,75580
pr,76937,MARIOPOLIS,1255,2346
pr,76953,MARMELEIRO,1842,4532
pr,76970,MARUMBI,1361,1137
pr,76996,MATELANDIA,3140,4690
pr,77011,MEDIANEIRA,7713,12620
pr,77038,MIRADOR,470,626
pr,77054,MIRASELVA,808,510
pr,77070,MOREIRA SALLES,3826,2331
pr,77097,MORRETES,3659,4570
pr,77119,MUNHOZ DE MELLO,994,756
pr,77135,NOSSA SENHORA DAS GRACAS,868,1272
pr,77151,NOVA ALIANCA DO IVAI,399,404
pr,77178,NOVA AMERICA DA COLINA,1168,658
pr,77194,NOVA CANTU,1365,2529
pr,77216,NOVA ESPERANCA,6854,7215
pr,77232,NOVA FATIMA,2259,1662
pr,77259,NOVA LONDRINA,4089,2390
pr,77275,ORTIGUEIRA,5626,4782
pr,77291,OURIZONA,917,1134
pr,77313,PAICANDU,6583,8483
pr,77330,PALMAS,5950,9614
pr,77356,PALMEIRA,6684,9736
pr,77372,PALMITAL,3145,4135
pr,77399,PALOTINA,5797,8662
pr,77410,PARAISO DO NORTE,2580,2931
pr,77437,PARANACITY,1974,2676
pr,77453,PARANAGUA,21150,44568
pr,77470,PARANAPOEMA,424,886
pr,77496,PARANAVAI,22775,17010
pr,77518,PATO BRANCO,9642,21956
pr,77534,PAULA FREITAS,1169,1785
pr,77550,PAULO FRONTIN,1481,2160
pr,77577,PEABIRU,3274,3473
pr,77593,PEROLA D OESTE,1149,2875
pr,77615,PIEN,1832,3038
pr,77631,PINHALAO,1851,1441
pr,77658,PINHAO,4040,8541
pr,77674,PIRAI DO SUL,5676,6135
pr,77690,PIRAQUARA,7894,21525
pr,77712,PITANGA,7531,9386
pr,77739,PLANALTINA DO PARANA,702,1374
pr,77755,PLANALTO,1668,5632
pr,77771,PONTA GROSSA,67086,78146
pr,77798,PORECATU,4173,4084
pr,77810,PORTO AMAZONAS,887,1318
pr,77836,PORTO RICO,811,652
pr,77852,PORTO VITORIA,725,1349
pr,77879,PRESIDENTE CASTELO BRANCO,1069,1550
pr,77895,PRIMEIRO DE MAIO,3582,2024
pr,77917,PRUDENTOPOLIS,11194,13723
pr,77933,QUATIGUA,2375,1818
pr,77950,QUATRO BARRAS,3830,5304
pr,77976,QUERENCIA DO NORTE,2073,3054
pr,77992,QUINTA DO SOL,1354,1321
pr,78018,QUITANDINHA,3300,4021
pr,78034,RANCHO ALEGRE,1360,998
pr,78050,REALEZA,2583,5050
pr,78077,REBOUCAS,2749,4828
pr,78093,RENASCENCA,1371,2406
pr,78115,RESERVA,4153,7314
pr,78131,RIBEIRAO CLARO,3359,2827
pr,78158,RIBEIRAO DO PINHAL,3420,3318
pr,78174,RIO AZUL,2096,4943
pr,78190,RIO BOM,1032,930
pr,78212,RIO BRANCO DO SUL,5689,9061
pr,78239,RIO NEGRO,5913,9756
pr,78255,ROLANDIA,16157,11711
pr,78271,RONCADOR,2980,3441
pr,78298,RONDON,1929,2642
pr,78310,SABAUDIA,1590,1782
pr,78336,SALGADO FILHO,977,1700
pr,78352,SALTO DO ITARARE,1699,1231
pr,78379,SALTO DO LONTRA,2378,4065
pr,78395,SANTA AMELIA,1047,1244
pr,78417,SANTA CECILIA DO PAVAO,1053,928
pr,78433,SANTA CRUZ DO MONTE CASTELO,2268,1706
pr,78450,SANTA FE,3061,1994
pr,78476,SANTA INES,588,537
pr,78492,SANTA IZABEL DO IVAI,2691,1886
pr,78514,SANTA IZABEL DO OESTE,1870,3531
pr,78530,SANTA MARIANA,2875,3835
pr,78557,SANTA ANA DO ITARARE,1416,1374
pr,78573,SANTO ANTONIO DO SUDOESTE,3179,4748
pr,78590,SANTO ANTONIO DA PLATINA,9339,10527
pr,78611,SANTO ANTONIO DO CAIUA,700,951
pr,78638,SANTO ANTONIO DO PARAISO,692,672
pr,78654,SANTO INACIO,1157,1547
pr,78670,SAO CARLOS DO IVAI,1989,1029
pr,78697,SAO JERONIMO DA SERRA,2956,2368
pr,78719,SAO JOAO,1868,4160
pr,78735,SAO JOAO DO CAIUA,1549,1525
pr,78751,SAO JOAO DO IVAI,3544,3098
pr,78778,SAO JOAO DO TRIUNFO,1892,4647
pr,78794,SAO JORGE DO IVAI,1837,1562
pr,78816,SAO JORGE D OESTE,1356,3799
pr,78832,SAO JOSE DA BOA VISTA,1980,1280
pr,78859,SAO JOSE DOS PINHAIS,32317,67343
pr,78875,SAO MATEUS DO SUL,7299,12805
pr,78891,SAO MIGUEL DO IGUACU,4449,9329
pr,78913,SAO PEDRO DO IVAI,2495,2082
pr,78930,SAO PEDRO DO PARANA,909,526
pr,78956,SAO SEBASTIAO DA AMOREIRA,2000,2300
pr,78972,SAO TOME,1709,1042
pr,78999,SAPOPEMA,1131,2000
pr,79014,SENGES,3386,4718
pr,79030,SERTANEJA,1893,1581
pr,79057,SERTANOPOLIS,4764,3775
pr,79073,SIQUEIRA CAMPOS,3519,4982
pr,79090,TAMBOARA,1439,878
pr,79111,TAPEJARA,3451,2909
pr,79138,TEIXEIRA SOARES,1848,2521
pr,79154,TELEMACO BORBA,9609,20815
pr,79170,TERRA BOA,5165,2714
pr,79197,TERRA RICA,4257,2909
pr,79219,TERRA ROXA,4721,3971
pr,79235,TIBAGI,3665,4351
pr,79251,TIJUCAS DO SUL,2882,3110
pr,79278,TOLEDO,19750,32659
pr,79294,TOMAZINA,2939,1511
pr,79316,TUNEIRAS DO OESTE,2138,2053
pr,79332,UBIRATA,5715,5063
pr,79359,UMUARAMA,20448,27328
pr,79375,UNIAO DA VITORIA,9615,16925
pr,79391,UNIFLOR,511,989
pr,79413,URAI,3291,2960
pr,79430,WENCESLAU BRAZ,4947,4259
pr,79456,VERE,1608,3432
pr,79472,VITORINO,1062,1995
pr,79499,XAMBRE,1691,1878
pr,79510,ALTONIA,5717,3975
pr,79537,ASSIS CHATEAUBRIAND,8733,8891
pr,79553,QUEDAS DO IGUACU,3210,8484
pr,79570,CEU AZUL,1928,3762
pr,79596,GRANDES RIOS,2111,1380
pr,79618,INDIANOPOLIS,1222,1001
pr,79634,MATINHOS,5052,7075
pr,79650,NOVA AURORA,2799,3680
pr,79677,NOVA OLIMPIA,1338,1633
pr,79693,PEROLA,2615,2538
pr,79715,SANTA HELENA,4238,8422
pr,79731,TAPIRA,1487,1527
pr,79758,MARILENA,1854,1473
pr,79774,FRANCISCO ALVES,2045,1632
pr,79790,NOVA SANTA ROSA,2378,1836
pr,79812,BOA VISTA DA APARECIDA,1626,2069
pr,79839,BRAGANEY,1157,1902
pr,79855,CAFELANDIA,2338,3574
pr,79871,TRES BARRAS DO PARANA,2284,3372
pr,79898,VERA CRUZ DO OESTE,2651,1909
pr,79910,PRANCHITA,1148,2159
pr,79936,TUPASSI,2459,2125
pr,79952,NOVA PRATA DO IGUACU,1532,3777
pr,79979,JESUITAS,2420,2562
pr,79995,SAO JORGE DO PATROCINIO,1813,1577
pr,84514,CANTAGALO,1858,3929
pr,84530,TURVO,2113,4521
pr,84557,ALTAMIRA DO PARANA,1476,920
pr,84573,FIGUEIRA,1684,2459
pr,84590,LUNARDELLI,1585,1199
pr,84611,SARANDI,17346,16419
pr,84638,JURANDA,1834,2194
pr,84654,DOURADINA,1616,1725
pr,84670,SANTA TEREZINHA DE ITAIPU,2929,6931
pr,84697,MISSAL,1890,4168
pr,84719,SAO JOSE DAS PALMEIRAS,738,1257
rj,58009,QUISSAMA,1675,6610
rj,58017,ANGRA DOS REIS,26896,36737
rj,58025,QUATIS,1395,4568
rj,58033,ARARUAMA,15719,27661
rj,58041,BELFORD ROXO,27126,169544
rj,58050,BARRA DO PIRAI,10170,42212
rj,58068,CARDOSO MOREIRA,2890,4353
rj,58076,BARRA MANSA,20759,73698
rj,58084,VARRE E SAI,3005,1773
rj,58092,BOM JARDIM,5622,7700
rj,58106,GUAPIMIRIM,3745,16157
rj,58114,BOM JESUS DO ITABAPOANA,11234,8428
rj,58122,QUEIMADOS,8277,49828
rj,58130,CABO FRIO,17963,41915
rj,58149,JAPERI,5861,32930
rj,58157,CACHOEIRAS DE MACACU,7672,17043
rj,58165,COMENDADOR LEVY GASPARIAN,932,4268
rj,58173,CAMBUCI,4473,3525
rj,58181,APERIBE,2418,2880
rj,58190,CAMPOS,52391,162145
rj,58203,RIO DAS OSTRAS,5570,10644
rj,58211,CANTAGALO,5656,6577
rj,58220,AREAL,3186,3613
rj,58238,CARMO,3438,6167
rj,58246,PINHEIRAL,2233,7804
rj,58254,CASIMIRO DE ABREU,4801,8794
rj,58262,IGUABA GRANDE,3187,6596
rj,58270,CONCEICAO DE MACABU,3437,7196
rj,58289,SAO FRANCISCO DE ITABAPOANA,10905,8312
rj,58297,CORDEIRO,3218,6933
rj,58300,CARAPEBUS,1339,4340
rj,58319,DUAS BARRAS,2600,3244
rj,58327,PORTO REAL,1281,5127
rj,58335,DUQUE DE CAXIAS,55955,346150
rj,58343,SAO JOSE DE UBA,2486,1692
rj,58351,ENGENHEIRO PAULO DE FRONTIN,2078,6863
rj,58360,TANGUA,4137,9575
rj,58378,ITABORAI,18859,67633
rj,58386,MACUCO,993,3462
rj,58394,ITAGUAI,10800,37289
rj,58408,ARMACAO DE BUZIOS,3702,7137
rj,58416,ITAOCARA,7248,5401
rj,58424,SEROPEDICA,5048,24743
rj,58432,ITAPERUNA,20534,28225
rj,58440,ITATIAIA,3501,10711
rj,58459,LAJE DO MURIAE,2163,2416
rj,58467,MESQUITA,12783,75380
rj,58475,MACAE,16732,50000
rj,58491,MAGE,15255,86222
rj,58513,MANGARATIBA,3564,11967
rj,58530,MARICA,8900,29826
rj,58556,MENDES,2269,9096
rj,58572,MIGUEL PEREIRA,4775,8874
rj,58599,MIRACEMA,5810,8092
rj,58610,NATIVIDADE,3597,4671
rj,58637,NILOPOLIS,16539,98702
rj,58653,NITEROI,59451,244972
rj,58670,NOVA FRIBURGO,30383,68401
rj,58696,NOVA IGUACU,59570,294273
rj,58718,PARACAMBI,6156,17119
rj,58734,PARAIBA DO SUL,5228,17306
rj,58750,PARATI,6768,7061
rj,58777,PETROPOLIS,50540,119740
rj,58793,PIRAI,2881,11881
rj,58815,PORCIUNCULA,3667,4580
rj,58831,RESENDE,15455,38928
rj,58858,RIO BONITO,11312,17073
rj,58874,RIO CLARO,3239,6203
rj,58890,RIO DAS FLORES,1027,3234
rj,58912,SANTA MARIA MADALENA,1818,3982
rj,58939,SANTO ANTONIO DE PADUA,7009,13178
rj,58955,SAO FIDELIS,11490,9171
rj,58971,SAO GONCALO,70443,372724
rj,58998,SAO JOAO DA BARRA,6147,10673
rj,59013,SAO JOAO DE MERITI,35170,220042
rj,59030,SAO PEDRO DA ALDEIA,8989,22858
rj,59056,SAO SEBASTIAO DO ALTO,2478,2328
rj,59072,SAPUCAIA,4530,6161
rj,59099,SAQUAREMA,9994,18608
rj,59110,SILVA JARDIM,3682,5961
rj,59137,SUMIDOURO,5326,3320
rj,59153,TERESOPOLIS,34963,47069
rj,59170,TRAJANO DE MORAIS,2256,3552
rj,59196,TRES RIOS,8330,33418
rj,59218,VALENCA,8011,33068
rj,59234,VASSOURAS,6663,12200
rj,59250,VOLTA REDONDA,24099,130753
rj,59277,ARRAIAL DO CABO,3956,10905
rj,59293,ITALVA,3185,4135
rj,59315,PATI DO ALFERES,5582,7846
rj,59331,SAO JOSE DO VALE DO RIO PRETO,5650,3975
rj,60011,RIO DE JANEIRO,648222,2757957
rn,16004,TENENTE LAURENTINO CRUZ,1629,800
rn,16012,ACARI,2371,3580
rn,16020,SERRA DO MEL,1904,1769
rn,16039,ASSU,8085,14108
rn,16047,CAICARA DO NORTE,1758,917
rn,16055,AFONSO BEZERRA,3165,2462
rn,16063,SAO MIGUEL DE TOUROS,1553,1366
rn,16071,AGUA NOVA,913,514
rn,16080,ITAJA,1495,2067
rn,16098,ALEXANDRIA,3280,3763
rn,16101,BODO,819,628
rn,16110,ALMINO AFONSO,1965,1324
rn,16128,TRIUNFO POTIGUAR,1294,678
rn,16136,ALTO DO RODRIGUES,1853,3081
rn,16144,FERNANDO PEDROSA,749,756
rn,16152,ANGICOS,3159,3383
rn,16160,MAJOR SALES,964,665
rn,16179,ANTONIO MARTINS,1986,1779
rn,16187,VENHA VER,1239,445
rn,16195,APODI,7254,9896
rn,16209,SERRINHA DOS PINTOS,1429,953
rn,16217,AREIA BRANCA,4297,8725
rn,16225,TIBAU,555,1061
rn,16233,ARES,3028,3185
rn,16241,SANTA MARIA,1198,942
rn,16250,CAMPO GRANDE,2506,2372
rn,16268,RIO DO FOGO,2685,1931
rn,16276,BAIA FORMOSA,1705,1767
rn,16284,PORTO DO MANGUE,1168,851
rn,16292,BARCELONA,1445,821
rn,16306,JUNDIA,801,876
rn,16314,BENTO FERNANDES,1155,1490
rn,16330,BOM JESUS,2505,1763
rn,16357,BREJINHO,3252,1725
rn,16373,CAICARA DO RIO DO VENTO,936,1136
rn,16390,CAICO,8923,19516
rn,16411,CAMPO REDONDO,2638,1819
rn,16438,CANGUARETAMA,3104,8278
rn,16454,CARAUBAS,4374,5448
rn,16470,CARNAUBA DOS DANTAS,2219,1642
rn,16497,CARNAUBAIS,2155,2672
rn,16519,CEARA MIRIM,12521,13326
rn,16535,CERRO-CORA,3252,1551
rn,16551,CORONEL EZEQUIEL,1735,763
rn,16578,CORONEL JOAO PESSOA,1401,757
rn,16594,CRUZETA,1975,2587
rn,16616,CURRAIS NOVOS,9216,10461
rn,16632,DOUTOR SEVERIANO,2301,1008
rn,16659,ENCANTO,875,1504
rn,16675,EQUADOR,1455,1223
rn,16691,ESPIRITO SANTO,2118,1829
rn,16713,EXTREMOZ,4687,5089
rn,16730,FELIPE GUERRA,1719,2355
rn,16756,FLORANIA,2621,2686
rn,16772,FRANCISCO DANTAS,923,777
rn,16799,GALINHOS,500,600
rn,16810,GOIANINHA,4734,4967
rn,16837,GOVERNADOR DIX-SEPT ROSADO,2513,3601
rn,16853,GROSSOS,2203,2295
rn,16870,GUAMARE,2175,3537
rn,16896,IELMO MARINHO,2265,2111
rn,16918,IPANGUACU,2670,3640
rn,16934,IPUEIRA,495,770
rn,16950,ITAU,1405,1757
rn,16977,JACANA,2524,860
rn,16993,JANDAIRA,2073,1034
rn,17019,JANDUIS,1102,1754
rn,17035,BOA SAUDE,2101,1619
rn,17051,JAPI,2405,873
rn,17078,JARDIM DE ANGICOS,816,878
rn,17094,JARDIM DE PIRANHAS,2611,3701
rn,17116,JARDIM DO SERIDO,4056,2612
rn,17132,JOAO CAMARA,5054,8637
rn,17159,JOAO DIAS,966,713
rn,17175,JOSE DA PENHA,2286,977
rn,17191,JUCURUTU,4576,4827
rn,17213,MESSIAS TARGINO,753,1625
rn,17230,LAGOA D ANTA,1764,1076
rn,17256,LAGOA DE PEDRAS,2095,1235
rn,17272,LAGOA DE VELHOS,1006,618
rn,17299,LAGOA NOVA,3934,2579
rn,17310,LAGOA SALGADA,2030,2014
rn,17337,LAJES,2949,2626
rn,17353,LAJES PINTADAS,1202,1218
rn,17370,LUCRECIA,587,1363
rn,17396,LUIS GOMES,2807,1891
rn,17418,MACAIBA,12222,11311
rn,17434,MACAU,4410,8883
rn,17450,MARCELINO VIEIRA,1621,2640
rn,17477,MARTINS,1905,2003
rn,17493,MAXARANGUAPE,2428,2006
rn,17515,FRUTUOSO GOMES,1266,1215
rn,17531,MONTANHAS,1521,3207
rn,17558,MONTE ALEGRE,3890,3711
rn,17574,MONTE DAS GAMELEIRAS,503,787
rn,17590,MOSSORO,27363,71753
rn,17612,NATAL,97517,237478
rn,17639,NISIA FLORESTA,3066,4404
rn,17655,NOVA CRUZ,7277,7590
rn,17671,OLHO D AGUA DO BORGES,1286,1391
rn,17698,OURO BRANCO,1642,1248
rn,17710,PARANA,884,1244
rn,17736,PARAU,1317,936
rn,17752,PARAZINHO,1254,887
rn,17779,PARELHAS,5703,4407
rn,17795,PARNAMIRIM,16476,30574
rn,17817,PASSA E FICA,2802,983
rn,17833,PASSAGEM,766,892
rn,17850,PATU,3796,2498
rn,17876,PAU DOS FERROS,4968,6009
rn,17892,PEDRA GRANDE,1001,1045
rn,17914,PEDRA PRETA,1089,657
rn,17930,PEDRO AVELINO,2205,1781
rn,17957,PEDRO VELHO,2084,4135
rn,17973,PENDENCIAS,2200,3708
rn,17990,PILOES,657,1260
rn,18015,POCO BRANCO,2667,2881
rn,18031,PORTALEGRE,2494,1434
rn,18058,SERRA CAIADA,2495,1254
rn,18074,PUREZA,1836,1689
rn,18090,RAFAEL FERNANDES,1282,1140
rn,18112,RIACHO DA CRUZ,1074,650
rn,18139,RIACHO DE SANTANA,766,1351
rn,18155,RIACHUELO,1700,1654
rn,18171,RODOLFO FERNANDES,1134,1808
rn,18198,RUY BARBOSA,1601,502
rn,18210,SAO FRANCISCO DO OESTE,1210,773
rn,18236,SANTA CRUZ,7487,6984
rn,18252,SANTANA DO SERIDO,627,694
rn,18279,SANTANA DO MATOS,3673,2863
rn,18295,SANTO ANTONIO,2663,6219
rn,18317,SAO BENTO DO NORTE,789,953
rn,18333,SAO BENTO DO TRAIRI,1561,591
rn,18350,SAO FERNANDO,819,1268
rn,18376,SAO GONCALO DO AMARANTE,15625,17225
rn,18392,SAO JOAO DO SABUGI,1653,2011
rn,18414,SAO JOSE DE MIPIBU,5677,9187
rn,18430,SAO JOSE DE CAMPESTRE,2625,2917
rn,18457,SAO JOSE DO SERIDO,803,1407
rn,18473,SAO MIGUEL,4602,4352
rn,18490,SAO PAULO DO POTENGI,4300,2715
rn,18511,SAO PEDRO,1754,1829
rn,18538,SAO RAFAEL,1995,2340
rn,18554,SAO TOME,2876,2254
rn,18570,SAO VICENTE,2024,970
rn,18597,SENADOR ELOI DE SOUZA,1281,1107
rn,18619,SENADOR GEORGINO AVELINO,1034,999
rn,18635,SERRA DE SAO BENTO,1436,1280
rn,18651,SERRA NEGRA DO NORTE,1488,2429
rn,18678,SERRINHA,1087,2454
rn,18694,SEVERIANO MELO,1464,2154
rn,18716,SITIO NOVO,1371,846
rn,18732,TABOLEIRO GRANDE,720,642
rn,18759,TAIPU,2102,3420
rn,18775,TANGARA,3651,2098
rn,18791,TENENTE ANANIAS,2768,1586
rn,18813,TIBAU DO SUL,1537,2349
rn,18830,TIMBAUBA DOS BATISTAS,621,748
rn,18856,TOUROS,5659,4429
rn,18872,UMARIZAL,2607,3353
rn,18899,UPANEMA,2954,2911
rn,18910,VARZEA,1231,1487
rn,18937,RAFAEL GODEIRO,1203,713
rn,18953,VERA CRUZ,2601,2109
rn,18970,VICOSA,371,610
rn,18996,VILA FLOR,482,709
rn,30031,BARAUNA,4060,4078
ro,00019,GUAJARA MIRIM,5513,9618
ro,00035,PORTO VELHO,52543,104840
ro,00051,JI PARANA,23474,26082
ro,00078,ARIQUEMES,18613,14978
ro,00094,CACOAL,15104,17310
ro,00116,PIMENTA BUENO,7557,7308
ro,00132,VILHENA,10294,14856
ro,00159,JARU,11809,12075
ro,00175,OURO PRETO DO OESTE,8623,9220
ro,00191,PRESIDENTE MEDICI,5486,6013
ro,00213,COSTA MARQUES,1906,2018
ro,00230,COLORADO DO OESTE,4530,5478
ro,00256,ESPIGAO D OESTE,5388,6884
ro,00272,CEREJEIRAS,4755,4038
ro,00299,ROLIM DE MOURA,9845,11130
ro,00310,ALTA FLORESTA DO OESTE,5404,6557
ro,00337,ALVORADA DO OESTE,5151,3369
ro,00353,SANTA LUZIA DO OESTE,2479,2815
ro,00370,NOVA BRASILANDIA,5030,3528
ro,00396,MACHADINHO DO OESTE,4487,4820
ro,00418,SAO MIGUEL DO GUAPORE,3807,2940
ro,00434,NOVA MAMORE,2595,2277
ro,00450,CABIXI,1549,1764
ro,00477,CANDEIAS DO JAMARI,1563,2444
ro,00493,ITAPUA DO OESTE,1063,1082
ro,00515,NOVO HORIZONTE DO OESTE,2434,2945
ro,00531,CASTANHEIRAS,749,1035
ro,00558,VALE DO PARAISO,1673,2239
ro,00566,URUPA,2619,2798
ro,00574,MIRANTE DA SERRA,3144,2529
ro,00582,SERINGUEIRAS,1935,2226
ro,00590,THEOBROMA,1704,2266
ro,00604,MINISTRO ANDREAZZA,1622,2626
ro,00612,GOVERNADOR JORGE TEIXEIRA,2138,2412
ro,00620,CACAULANDIA,1355,1214
ro,00639,ALTO PARAISO,3038,2043
ro,00647,RIO CRESPO,794,654
ro,00655,CORUMBIARA,1554,2143
ro,00663,MONTE NEGRO,2464,2283
ro,00671,CAMPO NOVO DE RONDONIA,1853,1362
ro,00680,CUJUBIM,1502,1307
ro,00698,VALE DO ANARI,1283,1329
ro,00701,PARECIS,983,865
ro,00710,SAO FELIPE D OESTE,1714,1476
ro,00728,PRIMAVERA DE RONDONIA,1092,1154
ro,00736,ALTO ALEGRE DOS PARECIS,1668,2401
ro,00744,NOVA UNIAO,1273,1938
ro,00752,TEIXEIROPOLIS,1261,1388
ro,00779,BURITIS,4735,4723
ro,00787,PIMENTEIRAS DO OESTE,497,470
ro,00795,SAO FRANCISCO DO GUAPORE,2753,1757
ro,00809,CHUPINGUAIA,915,1237
rr,03000,CAROEBE,1423,1679
rr,03018,BOA VISTA,32999,70453
rr,03026,IRACEMA,1035,1769
rr,03034,CARACARAI,2747,3822
rr,03042,AMAJARI,984,1763
rr,03050,ALTO ALEGRE,2202,3520
rr,03069,CANTA,1662,3636
rr,03077,BONFIM,1609,1880
rr,03085,RORAINOPOLIS,2626,3624
rr,03093,MUCAJAI,2030,3880
rr,03107,UIRAMUTA,551,918
rr,03115,NORMANDIA,1142,1785
rr,03123,PACARAIMA,1377,1531
rr,03131,SAO JOAO DA BALIZA,1087,1817
rr,03158,SAO LUIZ DO ANAUA,1218,2010
rs,84735,AUREA,1016,1483
rs,84743,TRES ARROIOS,872,1390
rs,84751,NOVA ROMA DO SUL,1323,919
rs,84760,PROGRESSO,1823,1759
rs,84778,PIRAPO,898,872
rs,84786,JABOTICABA,1150,1365
rs,84794,SAO JORGE,950,947
rs,84808,ALTO ALEGRE,592,816
rs,84816,NOVA HARTZ,2767,6007
rs,84824,DOIS LAJEADOS,1011,1128
rs,84832,SAO DOMINGOS DO SUL,1100,913
rs,84840,TUNAS,1296,1261
rs,84859,SAO JOAO DA URTIGA,1504,1752
rs,84867,GUABIJU,588,513
rs,84875,QUINZE DE NOVEMBRO,1226,1258
rs,84883,DOUTOR MAURICIO CARDOSO,1735,2301
rs,84891,CAPELA DE SANTANA,2223,3112
rs,84905,JAQUIRANA,1393,1014
rs,84913,VANINI,643,547
rs,84921,BOQUEIRAO DO LEAO,1990,2381
rs,84930,FAGUNDES VARELA,939,811
rs,84948,AGUA SANTA,1325,1029
rs,84956,SILVEIRA MARTINS,868,953
rs,84964,IBIRAPUITA,1423,1053
rs,84972,IBARAMA,1033,1733
rs,84980,PANTANO GRANDE,2576,3534
rs,84999,IPE,2128,1553
rs,85006,TRINDADE DO SUL,1609,1629
rs,85014,AGUDO,4480,5334
rs,85022,ERNESTINA,983,1356
rs,85030,AJURICABA,1970,2929
rs,85049,DEZESSEIS DE NOVEMBRO,1009,838
rs,85057,ALECRIM,2265,2651
rs,85065,BROCHIER,1730,1327
rs,85073,ALEGRETE,20393,23896
rs,85081,EREBANGO,788,971
rs,85090,ALPESTRE,2093,3107
rs,85103,ENTRE IJUIS,1925,3862
rs,85111,ALVORADA,41852,50626
rs,85120,NOVA ESPERANCA DO SUL,1337,1192
rs,85138,ANTA GORDA,2208,1653
rs,85146,PAVERAMA,2289,1961
rs,85154,ANTONIO PRADO,3880,3895
rs,85162,TERRA DE AREIA,2858,1643
rs,85170,ARATIBA,2080,2598
rs,85189,HARMONIA,1314,1269
rs,85197,ARROIO DO MEIO,4666,6129
rs,85200,CAMPOS BORGES,856,1442
rs,85219,ARROIO DOS RATOS,3813,3463
rs,85227,CERRO GRANDE,608,1041
rs,85235,ARROIO DO TIGRE,3526,4170
rs,85243,IPIRANGA DO SUL,958,515
rs,85251,ARROIO GRANDE,5046,6180
rs,85260,LAGOAO,2243,893
rs,85278,ARVOREZINHA,2491,2966
rs,85286,ESTACAO,1933,2124
rs,85294,AUGUSTO PESTANA,2144,2734
rs,85308,ARROIO DO SAL,1537,1697
rs,85316,BAGE,24438,39656
rs,85324,SAO JOSE DO HORTENCIO,1155,1032
rs,85332,BARAO DE COTEGIPE,1875,2199
rs,85340,PINHAL,638,781
rs,85359,BARRACAO,1396,1751
rs,85367,TRES CACHOEIRAS,2964,2502
rs,85375,BARRA DO RIBEIRO,3645,3354
rs,85383,SAO VENDELINO,809,471
rs,85391,BARROS CASSAL,2702,2942
rs,85405,PROTASIO ALVES,972,548
rs,85413,BENTO GONCALVES,21400,31190
rs,85421,POUSO NOVO,625,685
rs,85430,BOA VISTA DO BURICA,1744,2378
rs,85448,EUGENIO DE CASTRO,946,1072
rs,85456,BOM JESUS,4089,2505
rs,85464,CRISTAL,2132,1760
rs,85472,BOM RETIRO DO SUL,2785,3628
rs,85480,SAO MIGUEL DAS MISSOES,1711,2466
rs,85499,BOSSOROCA,1609,2408
rs,85502,GLORINHA,2231,1266
rs,85510,BRAGA,1116,1138
rs,85529,SEGREDO,1934,2217
rs,85537,BUTIA,4959,6702
rs,85545,ALEGRIA,1454,1682
rs,85553,CACAPAVA DO SUL,10281,10360
rs,85561,SALDANHA MARINHO,1129,1018
rs,85570,CACEQUI,2954,4893
rs,85588,SAO JOSE DO HERVAL,667,724
rs,85596,CACHOEIRA DO SUL,18988,30167
rs,85600,VISTA ALEGRE,698,1259
rs,85618,CACHOEIRINHA,29023,37166
rs,85626,IVORA,732,878
rs,85634,CACIQUE DOBLE,1473,1298
rs,85642,VILA MARIA,1274,1472
rs,85650,CAIBATE,1040,1959
rs,85669,TAQUARUCU DO SUL,953,987
rs,85677,CAICARA,1633,1640
rs,85685,IMBE,3924,3719
rs,85693,CAMAQUA,17056,17446
rs,85707,SEDE NOVA,895,1031
rs,85715,CAMBARA DO SUL,2100,1459
rs,85723,TUPANDI,1420,751
rs,85731,CAMPINA DAS MISSOES,1735,2693
rs,85740,RIOZINHO,1234,1303
rs,85758,CAMPINAS DO SUL,1816,1800
rs,85766,RELVADO,1027,488
rs,85774,CAMPO BOM,12429,22152
rs,85782,IMIGRANTE,1010,1009
rs,85790,CAMPO NOVO,1509,2050
rs,85804,CIDREIRA,2450,2511
rs,85812,CANDELARIA,7738,8990
rs,85820,MONTAURI,394,769
rs,85839,CANDIDO GODOI,2482,2212
rs,85847,VISTA GAUCHA,891,867
rs,85855,CANELA,10008,8635
rs,85863,VISTA ALEGRE DO PRATA,574,598
rs,85871,CANGUCU,21087,10615
rs,85880,CASEIROS,1113,766
rs,85898,CANOAS,69557,108816
rs,85901,ITACURUBI,867,995
rs,85910,CARAZINHO,12932,19687
rs,85928,ENTRE RIOS DO SUL,755,1272
rs,85936,CARLOS BARBOSA,5943,7591
rs,85944,CERRO GRANDE DO SUL,2672,2257
rs,85952,CASCA,2381,2589
rs,85960,CAMARGO,807,882
rs,85979,CATUIPE,2772,3718
rs,85987,PARAISO DO SUL,2138,2214
rs,85995,CAXIAS DO SUL,103496,108994
rs,86010,CERRO LARGO,2268,5119
rs,86029,FAXINALZINHO,736,893
rs,86037,CHAPADA,3360,3013
rs,86045,AMARAL FERRADOR,1678,1551
rs,86053,CHIAPETA,1183,1361
rs,86061,VILA FLORES,1061,1133
rs,86070,CIRIACO,1384,1642
rs,86088,CERRO BRANCO,1084,1726
rs,86096,COLORADO,1354,1300
rs,86100,ANDRE DA ROCHA,509,314
rs,86118,CONDOR,1867,2204
rs,86126,POCO DAS ANTAS,810,624
rs,86134,CONSTANTINA,2706,2953
rs,86142,TRES PALMEIRAS,1140,1607
rs,86150,CORONEL BICACO,1757,2602
rs,86169,NOVA ALVORADA,923,863
rs,86177,CRISSIUMAL,3366,5782
rs,86185,MORRO REDONDO,2482,1479
rs,86193,CRUZ ALTA,14377,22314
rs,86207,SANTA MARIA DO HERVAL,1982,1912
rs,86215,CRUZEIRO DO SUL,2766,4050
rs,86223,BARAO,1999,1254
rs,86231,DAVID CANABARRO,1494,1388
rs,86240,ELDORADO DO SUL,6929,8033
rs,86258,DOIS IRMAOS,5770,7732
rs,86274,DOM FELICIANO,3632,3341
rs,86282,ALTO FELIZ,1136,680
rs,86290,DOM PEDRITO,9146,12317
rs,86304,AMETISTA DO SUL,2037,1721
rs,86312,DONA FRANCISCA,1144,1299
rs,86320,ARAMBARE,965,1399
rs,86339,ENCANTADO,5057,6533
rs,86347,BARAO DO TRIUNFO,2304,980
rs,86355,ENCRUZILHADA DO SUL,7633,5532
rs,86363,BARRA DO GUARITA,931,766
rs,86371,ERECHIM,16562,34150
rs,86380,BARRA DO RIO AZUL,611,945
rs,86398,HERVAL,2072,1965
rs,86401,BARRA FUNDA,526,1134
rs,86410,ERVAL GRANDE,1467,1906
rs,86428,BOA VISTA DAS MISSOES,599,815
rs,86436,ERVAL SECO,2048,2544
rs,86444,BOM PROGRESSO,692,933
rs,86452,ESMERALDA,1424,502
rs,86460,CAMPESTRE DA SERRA,1093,759
rs,86479,ESPUMOSO,4305,4675
rs,86487,CANDIOTA,1577,2859
rs,86495,ESTANCIA VELHA,8715,11947
rs,86509,CAPITAO,729,1074
rs,86517,ESTEIO,17947,32217
rs,86525,CARLOS GOMES,545,838
rs,86533,ESTRELA,7767,9245
rs,86541,CENTENARIO,857,1229
rs,86550,FARROUPILHA,17014,16987
rs,86568,CHARRUA,1108,918
rs,86576,FAXINAL DO SOTURNO,1795,2576
rs,86584,COLINAS,863,884
rs,86592,FELIZ,4299,2940
rs,86606,COQUEIROS DO SUL,966,981
rs,86614,FLORES DA CUNHA,7998,6368
rs,86622,CORONEL BARROS,906,923
rs,86630,FONTOURA XAVIER,2677,2674
rs,86649,COXILHA,868,1186
rs,86657,FORMIGUEIRO,2436,2082
rs,86665,DERRUBADAS,1116,952
rs,86673,FREDERICO WESTPHALEN,7014,8475
rs,86681,DOIS IRMAOS DAS MISSOES,526,830
rs,86690,GARIBALDI,7982,8435
rs,86703,ENGENHO VELHO,457,730
rs,86711,GAURAMA,1618,2668
rs,86720,GARRUCHOS,674,973
rs,86738,GENERAL CAMARA,2366,2924
rs,86746,GENTIL,621,644
rs,86754,SAO VICENTE DO SUL,2627,2248
rs,86762,GRAMADO DOS LOUREIROS,636,854
rs,86770,GETULIO VARGAS,5831,3964
rs,86789,GRAMADO XAVIER,1104,1063
rs,86797,GIRUA,5195,5238
rs,86800,HULHA NEGRA,1311,1927
rs,86819,GRAMADO,10745,7169
rs,86827,INHACORA,713,612
rs,86835,GRAVATAI,53627,64980
rs,86843,ITAPUCA,631,595
rs,86851,GUAIBA,24122,26977
rs,86860,LAJEADO DO BUGRE,495,866
rs,86878,GUAPORE,5079,6880
rs,86886,LAGOA DOS TRES CANTOS,659,492
rs,86894,GUARANI DAS MISSOES,1620,3752
rs,86908,LINDOLFO COLLOR,969,1791
rs,86916,HORIZONTINA,4186,7122
rs,86924,LINHA NOVA,583,409
rs,86932,CHARQUEADAS,6826,9392
rs,86940,MANOEL VIANA,1935,1967
rs,86959,HUMAITA,1280,2122
rs,86967,MAQUINE,2172,2048
rs,86975,IBIACA,1878,1329
rs,86983,MARATA,1121,712
rs,86991,IBIRAIARAS,2470,2035
rs,87009,MARIANA PIMENTEL,1627,801
rs,87017,IBIRUBA,5388,6250
rs,87025,MATO CASTELHANO,990,811
rs,87033,IGREJINHA,6749,9120
rs,87041,MATO LEITAO,812,1655
rs,87050,IJUI,15047,28677
rs,87068,MINAS DO LEAO,1949,2698
rs,87076,ILOPOLIS,1289,1066
rs,87084,MONTE BELO DO SUL,1222,1107
rs,87092,INDEPENDENCIA,1884,2429
rs,87106,MORMACO,905,732
rs,87114,IRAI,2232,2853
rs,87122,MORRINHOS DO SUL,1299,1023
rs,87130,ITAQUI,7136,12662
rs,87149,MORRO REUTER,1949,1475
rs,87157,ITATIBA DO SUL,1341,1870
rs,87165,MULITERNO,525,594
rs,87173,IVOTI,4630,5135
rs,87181,NICOLAU VERGUEIRO,794,518
rs,87190,JACUTINGA,1110,1212
rs,87203,NOVA BOA VISTA,677,883
rs,87211,JAGUARAO,6708,9824
rs,87220,NOVA PADUA,1181,625
rs,87238,JAGUARI,3489,4120
rs,87246,NOVA SANTA RITA,3545,4903
rs,87254,JULIO DE CASTILHOS,5707,5416
rs,87262,NOVO BARREIRO,1164,1458
rs,87270,LAGOA VERMELHA,7504,7110
rs,87289,NOVO MACHADO,1734,1359
rs,87297,LAJEADO,15497,21566
rs,87300,NOVO TIRADENTES,496,807
rs,87319,LAVRAS DO SUL,2623,2300
rs,87327,PARECI NOVO,1259,753
rs,87335,LIBERATO SALZANO,1629,2028
rs,87343,PASSO DO SOBRADO,1241,2374
rs,87351,MACHADINHO,1715,1663
rs,87360,PICADA CAFE,1672,1329
rs,87378,MARAU,7503,9392
rs,87386,PINHAL GRANDE,1148,1555
rs,87394,MARCELINO RAMOS,1455,2158
rs,87408,PINHEIRINHO DO VALE,1222,1145
rs,87416,MARIANO MORO,609,1004
rs,87424,PONTAO,1108,1586
rs,87432,MATA,1776,1401
rs,87440,PONTE PRETA,669,792
rs,87459,MAXIMILIANO DE ALMEIDA,1368,1883
rs,87467,PORTO MAUA,711,1038
rs,87475,MIRAGUAI,1321,1560
rs,87483,PORTO VERA CRUZ,727,774
rs,87491,MONTENEGRO,14076,16758
rs,87505,PRESIDENTE LUCENA,826,722
rs,87513,MOSTARDAS,3853,2188
rs,87521,QUEVEDOS,1006,526
rs,87530,MUCUM,1757,1546
rs,87548,RIO DOS INDIOS,1067,1372
rs,87556,NAO ME TOQUE,4087,5065
rs,87564,SAGRADA FAMILIA,541,991
rs,87572,NONOAI,2813,3433
rs,87580,SALVADOR DAS MISSOES,654,1193
rs,87599,NOVA ARACA,1112,1123
rs,87602,SANTA CLARA DO SUL,1607,1924
rs,87610,NOVA BASSANO,2351,2603
rs,87629,SANTA TEREZA,529,909
rs,87637,NOVA BRESCIA,1286,793
rs,87645,SANTO ANTONIO DO PALMA,677,862
rs,87653,NOVA PALMA,1696,2379
rs,87661,SANTO ANTONIO DO PLANALTO,747,852
rs,87670,NOVA PETROPOLIS,6985,4135
rs,87688,SANTO EXPEDITO DO SUL,1015,772
rs,87696,NOVA PRATA,5412,5610
rs,87700,SAO JOAO DO POLESINE,823,1062
rs,87718,NOVO HAMBURGO,54878,76373
rs,87726,SAO JOSE DOS AUSENTES,1196,528
rs,87734,OSORIO,10677,11781
rs,87742,SAO JOSE DO INHACORA,635,993
rs,87750,PAIM FILHO,1239,1618
rs,87769,SAO JOSE DAS MISSOES,760,1253
rs,87777,PALMEIRA DAS MISSOES,8202,9060
rs,87785,SAO MARTINHO DA SERRA,1344,862
rs,87793,PALMITINHO,1930,2222
rs,87807,SAO PEDRO DA SERRA,1113,868
rs,87815,PANAMBI,7537,11502
rs,87823,SAO PEDRO DO BUTIA,678,1251
rs,87831,PARAI,1841,1735
rs,87840,SAO VALENTIM DO SUL,709,924
rs,87858,PASSO FUNDO,34019,61031
rs,87866,SAO VALERIO DO SUL,482,805
rs,87874,PEDRO OSORIO,1710,3169
rs,87882,SENTINELA DO SUL,1827,1226
rs,87890,PEJUCARA,1231,1483
rs,87904,SERIO,869,910
rs,87912,PELOTAS,86466,94430
rs,87920,SERTAO SANTANA,2031,1022
rs,87939,PINHEIRO MACHADO,3542,4295
rs,87947,SINIMBU,1814,4137
rs,87955,PIRATINI,6132,4646
rs,87963,TIRADENTES DO SUL,1845,2518
rs,87971,PLANALTO,2815,3209
rs,87980,TRAVESSEIRO,892,855
rs,87998,PORTAO,6340,8005
rs,88005,TRES FORQUILHAS,1298,854
rs,88013,PORTO ALEGRE,362733,466014
rs,88021,TUPANCI DO SUL,593,535
rs,88030,PORTO LUCENA,1777,2004
rs,88048,UNIAO DA SERRA,572,722
rs,88056,PORTO XAVIER,3248,2793
rs,88064,VALE DO SOL,1897,4319
rs,88072,PUTINGA,1464,1413
rs,88080,VALE REAL,1555,1160
rs,88099,QUARAI,4770,8643
rs,88102,VILA NOVA DO SUL,1333,1317
rs,88110,REDENTORA,1987,1943
rs,88129,VITORIA DAS MISSOES,797,1802
rs,88137,RESTINGA SECA,4513,5191
rs,88145,XANGRI-LA,3078,2409
rs,88153,RIO GRANDE,36834,67462
rs,88161,BOA VISTA DO SUL,1024,932
rs,88170,RIO PARDO,7530,14681
rs,88188,DILERMANDO DE AGUIAR,1129,885
rs,88196,ROCA SALES,2514,3298
rs,88200,CAPIVARI DO SUL,1086,806
rs,88218,RODEIO BONITO,1481,1928
rs,88226,NOVA CANDELARIA,824,1129
rs,88234,ROLANTE,4960,4968
rs,88242,FLORIANO PEIXOTO,705,956
rs,88250,RONDA ALTA,2570,3320
rs,88269,CHUVISCA,2127,1088
rs,88277,RONDINHA,1869,2180
rs,88285,ESPERANCA DO SUL,1048,1262
rs,88293,ROQUE GONZALES,2118,2458
rs,88307,DOUTOR RICARDO,683,697
rs,88315,ROSARIO DO SUL,11155,11679
rs,88323,HERVEIRAS,390,1370
rs,88331,SALVADOR DO SUL,2327,1665
rs,88340,CARAA,2569,1446
rs,88358,SANANDUVA,6186,3225
rs,88366,FAZENDA VILANOVA,827,939
rs,88374,SANTA BARBARA DO SUL,2797,2959
rs,88382,ITAARA,1539,1246
rs,88390,SANTA CRUZ DO SUL,18505,47442
rs,88404,ESTRELA VELHA,1109,1138
rs,88412,SANTA MARIA,60834,77018
rs,88420,BENJAMIN CONSTANT DO SUL,483,865
rs,88439,SANTANA DA BOA VISTA,3045,1812
rs,88447,MACAMBARA,1164,1128
rs,88455,SANTANA DO LIVRAMENTO,20117,31237
rs,88463,DOM PEDRO DE ALCANTARA,891,1220
rs,88471,SANTA ROSA,14327,21165
rs,88480,UNISTALDA,1059,714
rs,88498,SANTA VITORIA DO PALMAR,5853,11876
rs,88501,TURUCU,1694,838
rs,88510,SANTIAGO,12793,14974
rs,88528,CRISTAL DO SUL,768,1058
rs,88536,SANTO ANGELO,13837,28916
rs,88544,MUITOS CAPOES,1163,457
rs,88552,SANTO ANTONIO DA PATRULHA,13016,8185
rs,88560,NOVA RAMADA,784,1029
rs,88579,SANTO ANTONIO DAS MISSOES,2462,3794
rs,88587,JARI,1298,733
rs,88595,SANTO AUGUSTO,3151,4996
rs,88609,UBIRETAMA,1003,731
rs,88617,SANTO CRISTO,4666,5557
rs,88625,BARRA DO QUARAI,695,1352
rs,88633,SAO BORJA,11533,22273
rs,88641,CERRITO,2174,2055
rs,88650,SAO FRANCISCO DE ASSIS,6109,5246
rs,88668,VALE VERDE,813,1020
rs,88676,SAO FRANCISCO DE PAULA,6584,4845
rs,88684,NOVO CABRAIS,1167,1386
rs,88692,SAO GABRIEL,13355,18212
rs,88706,SETE DE SETEMBRO,663,916
rs,88714,SAO JERONIMO,6018,5739
rs,88722,TABAI,1446,966
rs,88730,SAO JOSE DO NORTE,9029,5575
rs,88749,VILA LANGARO,790,906
rs,88757,SAO JOSE DO OURO,2473,1932
rs,88765,SENADOR SALGADO FILHO,1214,718
rs,88773,SAO LEOPOLDO,38091,72446
rs,88781,VESPASIANO CORREA,1107,579
rs,88790,SAO LOURENCO DO SUL,13185,13193
rs,88803,MONTE ALEGRE DOS CAMPOS,1313,763
rs,88811,SAO LUIS GONZAGA,7314,11586
rs,88820,MARQUES DE SOUZA,1302,1624
rs,88838,SAO MARCOS,6110,4986
rs,88846,CHUI,559,1762
rs,88854,SAO MARTINHO,1502,2259
rs,88862,ARARICA,950,1456
rs,88870,SAO NICOLAU,1451,1793
rs,88889,PASSA SETE,1293,1599
rs,88897,SAO PAULO DAS MISSOES,1590,2600
rs,88900,TOROPI,1292,805
rs,88919,SAO PEDRO DO SUL,5510,4849
rs,88927,BALNEARIO PINHAL,1997,1898
rs,88935,SAO SEBASTIAO DO CAI,6123,7321
rs,88943,MAMPITUBA,961,1004
rs,88951,SAO SEPE,6520,7346
rs,88978,SAO VALENTIM,1281,1524
rs,88986,ACEGUA,1569,994
rs,88994,SAPIRANGA,15757,24234
rs,89001,ALMIRANTE TAMANDARE DO SUL,668,817
rs,89010,SAPUCAIA DO SUL,22293,53715
rs,89028,ARROIO DO PADRE,1566,312
rs,89036,SARANDI,4868,6071
rs,89044,BOA VISTA DO CADEADO,683,566
rs,89052,SEBERI,3132,3429
rs,89060,BOA VISTA DO INCRA,732,738
rs,89079,SELBACH,1549,1521
rs,89087,BOZANO,725,868
rs,89095,SERAFINA CORREA,2835,3934
rs,89109,CANUDOS DO VALE,626,698
rs,89117,SERTAO,2466,2061
rs,89125,CAPAO BONITO DO SUL,836,554
rs,89133,SEVERIANO DE ALMEIDA,1065,1649
rs,89141,CAPAO DO CIPO,775,679
rs,89150,CAPAO DA CANOA,9303,7549
rs,89168,COQUEIRO BAIXO,675,333
rs,89176,SOBRADINHO,4403,3540
rs,89184,CORONEL PILAR,742,516
rs,89192,SOLEDADE,7077,8556
rs,89206,CRUZALTENSE,686,913
rs,89214,TAPEJARA,4485,4330
rs,89222,FORQUETINHA,923,809
rs,89230,TAPERA,2554,3526
rs,89247,SANTA CECILIA DO SUL,504,583
rs,89249,ITATI,1234,683
rs,89257,TAPES,4622,4863
rs,89265,JACUIZINHO,647,738
rs,89273,TAQUARA,15869,12958
rs,89281,LAGOA BONITA DO SUL,724,1027
rs,89290,TAQUARI,6972,8274
rs,89303,MATO QUEIMADO,436,892
rs,89311,TENENTE PORTELA,3753,3948
rs,89320,NOVO XINGU,497,696
rs,89338,TORRES,7671,9141
rs,89346,PAULO BENTO,529,934
rs,89354,TRAMANDAI,8210,9069
rs,89362,PINHAL DA SERRA,652,604
rs,89370,TRES COROAS,5336,6157
rs,89389,QUATRO IRMAOS,457,719
rs,89397,TRES DE MAIO,6769,7710
rs,89400,ROLADOR,744,973
rs,89419,TRES PASSOS,6003,8596
rs,89435,TRIUNFO,8034,6526
rs,89443,SANTA MARGARIDA DO SUL,1034,960
rs,89451,TUCUNDUVA,1895,2163
rs,89460,SAO JOSE DO SUL,700,677
rs,89478,TUPANCIRETA,5647,6005
rs,89486,SAO PEDRO DAS MISSOES,552,659
rs,89494,TUPARENDI,2156,3789
rs,89508,TIO HUGO,589,838
rs,89516,URUGUAIANA,31878,33717
rs,89524,WESTFALIA,782,1019
rs,89532,VACARIA,16844,13490
rs,89540,PINTO BANDEIRA,789,853
rs,89559,VENANCIO AIRES,10626,26374
rs,89567,PEDRAS ALTAS,714,631
rs,89575,VERA CRUZ,3318,9480
rs,89591,VERANOPOLIS,6433,5843
rs,89613,VIADUTOS,1360,2350
rs,89630,VIAMAO,50495,61251
rs,89656,VICENTE DUTRA,1442,1655
rs,89672,PALMARES DO SUL,3551,3268
rs,89699,VICTOR GRAEFF,1071,1088
rs,89710,TAVARES,2218,1147
rs,89737,CAPAO DO LEAO,5033,7726
rs,89753,SALTO DO JACUI,2560,3716
rs,89770,COTIPORA,1338,1346
rs,98213,TEUTONIA,5867,8099
rs,98230,BOM PRINCIPIO,3372,2553
rs,98256,PAROBE,8182,16112
rs,98272,FORTALEZA DOS VALOS,1157,1827
rs,98299,JOIA,2110,2201
sc,80004,MONTE CARLO,1741,2788
sc,80012,ABELARDO LUZ,2267,5306
sc,80020,IPORA DO OESTE,1126,3361
sc,80039,AGROLANDIA,2100,2262
sc,80047,LINDOIA DO SUL,511,2464
sc,80055,AGRONOMICA,1147,1302
sc,80063,APIUNA,1785,2932
sc,80071,AGUA DOCE,1424,2286
sc,80080,DOUTOR PEDRINHO,897,1105
sc,80098,AGUAS DE CHAPECO,743,2509
sc,80101,JOSE BOITEUX,1208,1310
sc,80110,AGUAS MORNAS,2190,1325
sc,80128,VITOR MEIRELES,1127,1887
sc,80136,ALFREDO WAGNER,3402,1725
sc,80144,UNIAO DO OESTE,607,1392
sc,80152,ANCHIETA,1040,2889
sc,80160,URUPEMA,725,786
sc,80179,ANGELINA,1879,1968
sc,80187,IRACEMINHA,885,1952
sc,80195,ANITA GARIBALDI,2555,2204
sc,80209,TIMBO GRANDE,1611,1231
sc,80217,ANITAPOLIS,973,992
sc,80225,ABDON BATISTA,787,967
sc,80233,ANTONIO CARLOS,2071,2063
sc,80241,SANTA ROSA DO SUL,1549,3006
sc,80250,ARAQUARI,2679,4662
sc,80268,CELSO RAMOS,584,890
sc,80276,ARARANGUA,9712,19787
sc,80284,SERRA ALTA,369,1502
sc,80292,ARMAZEM,1693,2268
sc,80306,COCAL DO SUL,1461,6405
sc,80314,ARROIO TRINTA,616,1610
sc,80322,NOVA ITABERABA,631,2066
sc,80330,ASCURRA,1420,2628
sc,80349,SANTA TEREZINHA,1359,3189
sc,80357,ATALANTA,931,1447
sc,80365,MIRIM DOCE,661,1003
sc,80373,AURORA,1267,2032
sc,80381,CERRO NEGRO,977,1068
sc,80390,BALNEARIO CAMBORIU,17980,23273
sc,80403,PASSO DE TORRES,1189,1576
sc,80411,BARRA VELHA,3783,3551
sc,80420,BRACO DO TROMBUDO,1284,809
sc,80438,BENEDITO NOVO,2692,3072
sc,80446,SUL BRASIL,377,1433
sc,80454,BIGUACU,10395,12558
sc,80462,VARGEM,944,909
sc,80470,BLUMENAU,69694,78352
sc,80489,ARABUTA,674,2085
sc,80497,BOM RETIRO,2485,1897
sc,80500,AGUAS FRIAS,373,1310
sc,80519,BOTUVERA,541,1947
sc,80527,GUATAMBU,729,2169
sc,80535,BRACO DO NORTE,5697,8502
sc,80543,PLANALTO ALEGRE,331,1276
sc,80551,BRUSQUE,14921,31235
sc,80560,RIQUEZA,591,2228
sc,80578,CACADOR,8398,24447
sc,80586,LAJEADO GRANDE,247,830
sc,80594,CAIBI,935,2876
sc,80608,RIO RUFINO,680,745
sc,80616,CAMBORIU,7287,10868
sc,80624,PASSOS MAIA,709,1433
sc,80632,CAMPO ALEGRE,3604,2947
sc,80640,SAO JOAO DO OESTE,706,3102
sc,80659,CAMPO BELO DO SUL,1951,2110
sc,80667,CALMON,572,979
sc,80675,CAMPO ERE,1595,3287
sc,80683,BALNEARIO DE BARRA DO SUL,1445,1890
sc,80691,CAMPOS NOVOS,6141,9323
sc,80705,PARAISO,835,1847
sc,80713,CANELINHA,1994,2931
sc,80721,SANTA HELENA,343,1176
sc,80730,CANOINHAS,10752,17155
sc,80748,BELMONTE,317,1234
sc,80756,CAPINZAL,2993,7961
sc,80764,NOVO HORIZONTE,682,1141
sc,80772,CATANDUVAS,1661,2790
sc,80780,SAO MIGUEL DA BOA VISTA,284,837
sc,80799,CAXAMBU DO SUL,788,2563
sc,80802,ARVOREDO,346,1202
sc,80810,CHAPECO,28546,44979
sc,80829,IPUACU,687,1914
sc,80837,CONCORDIA,9839,26560
sc,80845,OURO VERDE,539,941
sc,80853,CORONEL FREITAS,2175,3876
sc,80861,IRATI,490,818
sc,80870,CORUPA,2702,4879
sc,80888,FORMOSA DO SUL,331,1206
sc,80896,CRICIUMA,22372,71938
sc,80900,MACIEIRA,313,801
sc,80918,CUNHA PORA,2731,3526
sc,80926,PONTE ALTA DO NORTE,496,989
sc,80934,CURITIBANOS,7605,11597
sc,80942,SAO CRISTOVAO DO SUL,652,1381
sc,80950,DESCANSO,1338,4061
sc,80969,VARGEM BONITA,763,1859
sc,80977,DIONISIO CERQUEIRA,2895,4024
sc,80985,BOMBINHAS,2523,2257
sc,80993,DONA EMMA,785,1186
sc,81000,SANGAO,1714,2141
sc,81019,ERVAL VELHO,1211,1392
sc,81027,CAPIVARI DE BAIXO,1867,9137
sc,81035,FAXINAL DOS GUEDES,1559,3792
sc,81043,CORDILHEIRA ALTA,489,1485
sc,81051,FLORIANOPOLIS,71257,135204
sc,81060,FORQUILHINHA,2086,8463
sc,81078,FRAIBURGO,3432,13145
sc,81086,MORRO GRANDE,690,1221
sc,81094,GALVAO,574,1613
sc,81108,CORONEL MARTINS,569,873
sc,81116,GOVERNADOR CELSO RAMOS,4124,2933
sc,81124,SAO JOAO DO ITAPERIU,938,998
sc,81132,GAROPABA,3699,4022
sc,81140,JARDINOPOLIS,279,955
sc,81159,GARUVA,2622,3339
sc,81167,ERMO,458,1463
sc,81175,GASPAR,11391,13591
sc,81183,SAO PEDRO DE ALCANTARA,1329,1439
sc,81191,GRAO PARA,1723,2234
sc,81205,SANTIAGO DO SUL,267,730
sc,81213,GRAVATAL,2101,3174
sc,81221,BELA VISTA DO TOLDO,1294,1909
sc,81230,GUABIRUBA,2269,5461
sc,81248,CAPAO ALTO,976,965
sc,81256,GUARACIABA,1917,4274
sc,81264,PAINEL,835,892
sc,81272,GUARAMIRIM,4246,9556
sc,81280,BOCAINA DO SUL,1031,987
sc,81299,GUARUJA DO SUL,935,1726
sc,81302,ALTO BELA VISTA,236,1227
sc,81310,HERVAL DO OESTE,3251,7468
sc,81329,FREI ROGERIO,536,1035
sc,81337,IBICARE,626,1696
sc,81345,TREVISO,537,1781
sc,81353,IBIRAMA,4025,4862
sc,81361,IOMERE,659,1104
sc,81370,ICARA,5988,20423
sc,81388,BOM JESUS,229,1173
sc,81396,ILHOTA,2656,3560
sc,81400,IBIAM,338,978
sc,81418,IMARUI,3095,4179
sc,81426,ENTRE RIOS,515,938
sc,81434,IMBITUBA,4616,15144
sc,81442,PAIAL,413,905
sc,81450,IMBUIA,1775,1521
sc,81469,BOM JESUS DO OESTE,393,886
sc,81477,INDAIAL,10481,12569
sc,81485,SAO BERNARDINO,395,1183
sc,81493,IPIRA,682,2089
sc,81507,SANTA TEREZINHA DO PROGRESSO,567,1231
sc,81515,IPUMIRIM,1386,2979
sc,81523,SALTINHO,436,1695
sc,81531,IRANI,1063,3502
sc,81540,JUPIA,350,958
sc,81558,IRINEOPOLIS,1714,3365
sc,81566,PALMEIRA,712,933
sc,81574,ITA,763,2777
sc,81582,BANDEIRANTE,383,1626
sc,81590,ITAIOPOLIS,3938,6353
sc,81604,FLOR DO SERTAO,181,782
sc,81612,ITAJAI,30459,48363
sc,81620,CUNHATAI,471,726
sc,81639,ITAPEMA,6777,6990
sc,81647,PRINCESA,407,1107
sc,81655,ITAPIRANGA,1812,6552
sc,81663,ITAPOA,1841,2726
sc,81671,ITUPORANGA,5062,6896
sc,81680,TIGRINHOS,277,929
sc,81698,JABORA,864,1925
sc,81701,CHAPADAO DO LAGEADO,725,1094
sc,81710,JACINTO MACHADO,2083,4111
sc,81728,BALNEARIO ARROIO DO SILVA,1051,2486
sc,81736,JAGUARUNA,3476,4756
sc,81744,BALNEARIO GAIVOTA,1083,2256
sc,81752,JARAGUA DO SUL,19063,45006
sc,81760,BARRA BONITA,386,1074
sc,81779,JOACABA,5314,8855
sc,81787,BRUNOPOLIS,567,1198
sc,81795,JOINVILLE,77320,160000
sc,81809,LUZERNA,1193,2451
sc,81817,LACERDOPOLIS,445,934
sc,81825,ZORTEA,338,1282
sc,81833,LAGES,35689,43027
sc,81850,LAGUNA,9829,16487
sc,81876,LAURENTINO,1343,1765
sc,81892,LAURO MULLER,2068,6429
sc,81914,LEBON REGIS,1612,3880
sc,81930,LEOBERTO LEAL,1181,1235
sc,81957,LONTRAS,2114,2796
sc,81973,LUIS ALVES,2079,2797
sc,81990,MAFRA,10532,18118
sc,82015,MAJOR GERCINO,866,1054
sc,82031,MAJOR VIEIRA,954,3089
sc,82058,MARAVILHA,3296,7593
sc,82066,MAREMA,359,1215
sc,82074,MASSARANDUBA,2918,5145
sc,82090,MATOS COSTA,599,965
sc,82112,MELEIRO,1408,2737
sc,82139,MODELO,539,1787
sc,82155,MONDAI,1420,3686
sc,82171,MONTE CASTELO,1712,2598
sc,82198,MORRO DA FUMACA,2166,6207
sc,82210,NAVEGANTES,8000,11282
sc,82236,NOVA ERECHIM,663,1576
sc,82252,NOVA TRENTO,2440,3658
sc,82279,NOVA VENEZA,1790,5069
sc,82295,ORLEANS,4647,7005
sc,82317,OURO,1601,2928
sc,82333,PALHOCA,19194,29975
sc,82350,PALMA SOLA,969,3058
sc,82376,PALMITOS,3217,5976
sc,82392,PAPANDUVA,2527,6452
sc,82414,PAULO LOPES,1639,1731
sc,82430,PEDRAS GRANDES,856,1980
sc,82457,PENHA,4529,3840
sc,82473,PERITIBA,468,1685
sc,82490,PETROLANDIA,1911,2150
sc,82511,PICARRAS,2847,3336
sc,82538,PINHALZINHO,2268,5087
sc,82554,PINHEIRO PRETO,482,1187
sc,82570,PIRATUBA,974,1992
sc,82597,POMERODE,5803,8233
sc,82619,PONTE ALTA,1155,1670
sc,82635,PONTE SERRADA,1633,3812
sc,82651,PORTO BELO,2636,2651
sc,82678,PORTO UNIAO,5703,10789
sc,82694,POUSO REDONDO,2838,3716
sc,82716,PRAIA GRANDE,1429,2965
sc,82732,PRESIDENTE CASTELO BRANCO,256,1056
sc,82759,PRESIDENTE GETULIO,2737,4603
sc,82775,PRESIDENTE NEREU,651,832
sc,82791,QUILOMBO,1794,4137
sc,82813,RANCHO QUEIMADO,827,900
sc,82830,RIO DAS ANTAS,1175,2696
sc,82856,RIO DO CAMPO,1646,2158
sc,82872,RIO DO OESTE,1513,2613
sc,82899,RIO DOS CEDROS,2157,3818
sc,82910,RIO DO SUL,14951,14606
sc,82937,RIO FORTUNA,1178,1843
sc,82953,RIO NEGRINHO,6750,13586
sc,82970,RODEIO,2543,3853
sc,82996,ROMELANDIA,891,2408
sc,83011,SALETE,1742,2376
sc,83038,SALTO VELOSO,736,1552
sc,83054,SANTA CECILIA,2442,4780
sc,83070,SANTA ROSA DE LIMA,446,905
sc,83097,SANTO AMARO DA IMPERATRIZ,4821,5104
sc,83119,SAO BENTO DO SUL,12188,26202
sc,83135,SAO BONIFACIO,1450,569
sc,83151,SAO CARLOS,1679,3770
sc,83178,SAO DOMINGOS,1682,3672
sc,83194,SAO FRANCISCO DO SUL,6908,10869
sc,83216,SAO JOAO BATISTA,3645,5355
sc,83232,SAO JOAO DO SUL,1534,2938
sc,83259,SAO JOAQUIM,5400,7509
sc,83275,SAO JOSE,33363,59734
sc,83291,SAO JOSE DO CEDRO,2287,5435
sc,83313,SAO JOSE DO CERRITO,2472,2440
sc,83330,SAO LOURENCO DO OESTE,4176,6364
sc,83356,SAO LUDGERO,1743,3333
sc,83372,SAO MARTINHO,1166,1069
sc,83399,SAO MIGUEL DO OESTE,4343,12535
sc,83410,SAUDADES,2021,3053
sc,83437,SCHROEDER,1666,5472
sc,83453,SEARA,3207,6508
sc,83470,SIDEROPOLIS,1469,5910
sc,83496,SOMBRIO,3933,8474
sc,83518,TAIO,4337,5196
sc,83534,TANGARA,2111,2854
sc,83550,TIJUCAS,6063,8128
sc,83577,TIMBO,7927,10389
sc,83593,TRES BARRAS,2610,6337
sc,83615,TREZE DE MAIO,1245,2508
sc,83631,TREZE TILIAS,1767,936
sc,83658,TROMBUDO CENTRAL,1757,1841
sc,83674,TUBARAO,15675,35681
sc,83682,TUNAPOLIS,594,2250
sc,83690,TURVO,2405,4807
sc,83712,URUBICI,2935,2349
sc,83739,URUSSANGA,2779,9185
sc,83755,VARGEAO,566,1220
sc,83771,VIDAL RAMOS,1543,2004
sc,83798,VIDEIRA,6840,15295
sc,83810,WITMARSUM,847,1140
sc,83836,XANXERE,5321,15367
sc,83852,XAVANTINA,983,1976
sc,83879,XAXIM,2858,9865
sc,83895,BOM JARDIM DA SERRA,1295,1092
sc,83917,MARACAJA,961,2708
sc,83933,TIMBE DO SUL,1217,2072
sc,83950,CORREIA PINTO,2596,5559
sc,83976,OTACILIO COSTA,2507,5505
se,31003,SANTANA DO SAO FRANCISCO,1646,1286
se,31011,AMPARO DO SAO FRANCISCO,595,673
se,31038,AQUIDABA,4920,3784
se,31054,ARACAJU,70262,175352
se,31070,ARAUA,3225,2124
se,31097,AREIA BRANCA,3878,2600
se,31119,BARRA DOS COQUEIROS,2959,5831
se,31135,BREJO GRANDE,1414,1520
se,31151,BOQUIM,4738,7989
se,31194,CAMPO DO BRITO,4443,3686
se,31216,CANHOBA,798,1357
se,31232,CANINDE DO SAO FRANCISCO,2813,5861
se,31259,CAPELA,6499,4382
se,31275,CARIRA,6199,2724
se,31291,CARMOPOLIS,1312,3544
se,31313,CEDRO DE SAO JOAO,1416,1832
se,31330,CRISTINAPOLIS,2700,3672
se,31356,NOSSA SENHORA APARECIDA,2736,1340
se,31372,CUMBE,1291,1042
se,31399,DIVINA PASTORA,825,882
se,31410,ESTANCIA,8370,17164
se,31437,FEIRA NOVA,1815,832
se,31453,FREI PAULO,4529,1926
se,31470,GENERAL MAYNARD,549,896
se,31496,GARARU,3130,2741
se,31518,GRACCHO CARDOSO,1256,1868
se,31534,ILHA DAS FLORES,2430,1665
se,31550,INDIAROBA,2732,2418
se,31577,ITABAIANA,19346,18383
se,31593,ITABAIANINHA,9750,5281
se,31615,ITABI,1003,1496
se,31631,ITAPORANGA D AJUDA,5875,6851
se,31658,JAPARATUBA,3144,3592
se,31674,JAPOATA,3208,2842
se,31690,LAGARTO,18409,21569
se,31712,LARANJEIRAS,3552,7807
se,31739,MACAMBIRA,2306,1151
se,31755,MALHADA DOS BOIS,459,1268
se,31771,MALHADOR,3563,1987
se,31798,MARUIM,3067,4424
se,31810,MOITA BONITA,4141,1119
se,31836,MONTE ALEGRE DE SERGIPE,3529,2074
se,31852,MURIBECA,2324,1328
se,31879,NEOPOLIS,3449,4692
se,31895,NOSSA SENHORA DA GLORIA,6435,6242
se,31917,NOSSA SENHORA DAS DORES,5829,4491
se,31933,NOSSA SENHORA DE LOURDES,1251,1776
se,31950,NOSSA SENHORA DO SOCORRO,16155,26560
se,31976,PACATUBA,3148,2379
se,31992,PEDRA MOLE,363,699
se,32018,PEDRINHAS,2275,1824
se,32034,PINHAO,1940,1207
se,32050,PIRAMBU,1817,1924
se,32077,POCO REDONDO,3919,5769
se,32093,POCO VERDE,6040,4425
se,32115,PORTO DA FOLHA,5132,6139
se,32131,PROPRIA,4463,8520
se,32158,RIACHAO DO DANTAS,5011,4587
se,32174,RIACHUELO,1662,3226
se,32190,RIBEIROPOLIS,4562,3073
se,32212,ROSARIO DO CATETE,1623,2489
se,32239,SALGADO,3813,4474
se,32255,SANTA LUZIA DO ITANHY,2580,2080
se,32298,SANTA ROSA DE LIMA,1108,894
se,32310,SANTO AMARO DAS BROTAS,2370,2526
se,32336,SAO CRISTOVAO,8986,19055
se,32352,SAO DOMINGOS,2467,1705
se,32379,SAO FRANCISCO,991,695
se,32395,SAO MIGUEL DO ALEIXO,1215,370
se,32417,SIMAO DIAS,8707,9429
se,32433,SIRIRI,1676,1831
se,32450,TELHA,655,976
se,32476,TOBIAS BARRETO,11979,9235
se,32492,TOMAR DO GERU,3169,2518
se,32514,UMBAUBA,4977,3016
sp,61000,EUCLIDES DA CUNHA PAULISTA,2259,2753
sp,61018,ADAMANTINA,9946,8503
sp,61026,BOREBI,798,433
sp,61034,ADOLFO,877,1227
sp,61042,TARUMA,2383,3947
sp,61050,AGUAI,6288,8883
sp,61069,MOTUCA,913,1358
sp,61077,AGUAS DA PRATA,2015,2184
sp,61085,IARAS,778,651
sp,61093,AGUAS DE LINDOIA,4666,3443
sp,61107,GUATAPARA,1642,1318
sp,61115,AGUAS DE SAO PEDRO,1005,615
sp,61123,DIRCE REIS,555,510
sp,61131,AGUDOS,6953,10801
sp,61140,ESPIRITO SANTO DO TURVO,951,1050
sp,61158,ALFREDO MARCONDES,1294,1131
sp,61166,ROSANA,4338,7245
sp,61174,ALTAIR,956,908
sp,61182,EMBAUBA,596,1068
sp,61190,ALTINOPOLIS,3648,5388
sp,61204,ILHA SOLTEIRA,5830,7685
sp,61212,ALTO ALEGRE,1364,1239
sp,61220,ALUMINIO,3308,6649
sp,61239,ALVARES FLORENCE,1602,1205
sp,61247,PEDRINHAS PAULISTA,893,856
sp,61255,ALVARES MACHADO,4377,6304
sp,61263,ARACARIGUAMA,3367,3233
sp,61271,ALVARO DE CARVALHO,1068,766
sp,61280,BERTIOGA,8372,8160
sp,61298,ALVINLANDIA,861,777
sp,61301,SUZANOPOLIS,691,892
sp,61310,AMERICANA,42841,71506
sp,61328,SANTO ANTONIO DO ARACANGUA,1791,2191
sp,61336,AMERICO BRASILIENSE,4854,11001
sp,61344,CANITAR,922,1121
sp,61352,AMERICO DE CAMPOS,2002,1438
sp,61360,BARRA DO CHAPEU,1941,794
sp,61379,AMPARO,18874,15217
sp,61387,EMILIANOPOLIS,610,1147
sp,61395,ANALANDIA,1452,987
sp,61409,NOVAIS,1330,894
sp,61417,ANDRADINA,15084,14583
sp,61425,NOVA CANAA PAULISTA,786,547
sp,61433,ANGATUBA,4225,6274
sp,61441,SALTINHO,2288,1673
sp,61450,ANHEMBI,1313,1165
sp,61468,UBARANA,949,1582
sp,61476,ANHUMAS,632,1221
sp,61484,CAJATI,7523,5710
sp,61492,APARECIDA,8004,10192
sp,61506,CAMPINA DO MONTE ALEGRE,1325,1433
sp,61514,APARECIDA D OESTE,1682,1101
sp,61522,ASPASIA,666,552
sp,61530,APIAI,7677,5077
sp,61549,VARGEM,2012,1980
sp,61557,ARACATUBA,53510,40386
sp,61565,POTIM,2900,4345
sp,61573,ARACOIABA DA SERRA,6979,6074
sp,61581,ALAMBARI,1408,723
sp,61590,ARAMINA,948,1741
sp,61603,ITAOCA,940,764
sp,61611,ARANDU,1370,1375
sp,61620,TUIUTI,1638,1397
sp,61638,ARARAQUARA,44021,56668
sp,61646,ARAPEI,593,924
sp,61654,ARARAS,25504,35004
sp,61662,ESTIVA GERBI,1532,3545
sp,61670,AREALVA,2223,1689
sp,61689,ENGENHEIRO COELHO,2567,2541
sp,61697,AREIAS,1056,996
sp,61700,RIBEIRAO GRANDE,1425,2673
sp,61719,AREIOPOLIS,1959,3217
sp,61727,HORTOLANDIA,18169,48141
sp,61735,ARIRANHA,1304,3355
sp,61743,HOLAMBRA,2777,2917
sp,61751,ARTUR NOGUEIRA,6729,10925
sp,61760,ELISIARIO,877,716
sp,61778,ARUJA,15117,17945
sp,61786,BOM SUCESSO DE ITARARE,831,786
sp,61794,ASSIS,19105,27513
sp,61808,PONTALINDA,797,1163
sp,61816,ATIBAIA,34449,22839
sp,61824,PARISI,611,618
sp,61832,AURIFLAMA,3623,4561
sp,61840,TAQUARIVAI,1237,1064
sp,61859,AVAI,1125,1514
sp,61867,MARAPOAMA,790,668
sp,61875,AVANHANDAVA,2356,2484
sp,61883,SAO JOAO DE IRACEMA,397,677
sp,61891,AVARE,17840,20545
sp,61905,SAO LOURENCO DA SERRA,3407,2403
sp,61913,BADY BASSIT,3067,3162
sp,61921,ZACARIAS,534,778
sp,61930,BALBINOS,532,321
sp,61948,ITAPIRAPUA PAULISTA,1126,864
sp,61956,BALSAMO,2225,2270
sp,61964,MESOPOLIS,658,442
sp,61972,BANANAL,2299,3136
sp,61980,NOVA CAMPINA,2243,1518
sp,61999,BARBOSA,1618,1655
sp,62006,ILHA COMPRIDA,2435,1538
sp,62014,BARAO DE ANTONINA,886,642
sp,62022,LOURDES,805,492
sp,62030,BARIRI,7242,8564
sp,62049,TORRE DE PEDRA,692,676
sp,62057,BARRA BONITA,7400,13747
sp,62065,ARCO IRIS,873,777
sp,62073,BARRA DO TURVO,2213,1493
sp,62081,BREJO ALEGRE,548,883
sp,62090,BARRETOS,26712,28978
sp,62103,CANAS,1033,964
sp,62111,BARRINHA,4208,8484
sp,62120,PRACINHA,560,341
sp,62138,BARUERI,53371,77401
sp,62146,PRATANIA,1214,1005
sp,62154,BASTOS,7024,4718
sp,62162,QUADRA,846,827
sp,62170,BATATAIS,16648,12047
sp,62189,SANTA CRUZ DA ESPERANCA,616,515
sp,62197,BAURU,59783,104918
sp,62200,SANTA SALETE,535,529
sp,62219,BEBEDOURO,20757,18044
sp,62227,VITORIA BRASIL,557,628
sp,62235,BENTO DE ABREU,928,651
sp,62243,IPIGUA,1119,1157
sp,62251,BERNADINO DE CAMPOS,2483,3349
sp,62260,TAQUARAL,471,985
sp,62278,BILAC,2371,1392
sp,62286,FERNAO,451,456
sp,62294,BIRIGUI,25636,25203
sp,62308,GAVIAO PEIXOTO,971,1239
sp,62316,BIRITIBA MIRIM,7599,5618
sp,62324,JUMIRIM,802,462
sp,62332,BOA ESPERANCA DO SUL,2523,4201
sp,62340,NANTES,727,506
sp,62359,BOCAINA,2078,3351
sp,62367,NOVA CASTILHO,454,408
sp,62375,BOFETE,2054,1895
sp,62383,OUROESTE,1811,1872
sp,62391,BOITUVA,10835,8154
sp,62405,PAULISTANIA,665,407
sp,62413,BOM JESUS DOS PERDOES,4525,3098
sp,62421,RIBEIRAO DOS INDIOS,608,795
sp,62430,BORA,418,323
sp,62448,TRABIJU,388,560
sp,62456,BORACEIA,774,1680
sp,62472,BORBOREMA,2899,4205
sp,62499,BOTUCATU,24918,32877
sp,62510,BRAGANCA PAULISTA,33296,35926
sp,62553,BRAUNA,1643,893
sp,62570,BRODOWSKI,5019,4666
sp,62596,BROTAS,5041,5082
sp,62618,BURI,4448,3956
sp,62634,BURITAMA,4184,3508
sp,62650,BURITIZAL,1074,955
sp,62677,CABRALIA PAULISTA,782,1721
sp,62693,CABREUVA,7375,8833
sp,62715,CACAPAVA,19441,24877
sp,62731,CACHOEIRA PAULISTA,5233,10229
sp,62758,CACONDE,5807,3229
sp,62774,CAFELANDIA,4454,4214
sp,62790,CAIABU,1115,1266
sp,62812,CAIEIRAS,14420,21178
sp,62839,CAIUA,1182,1052
sp,62855,CAJAMAR,9659,18313
sp,62871,CAJOBI,2159,3112
sp,62898,CAJURU,5220,6164
sp,62910,CAMPINAS,200606,322046
sp,62936,CAMPO LIMPO PAULISTA,13014,23015
sp,62952,CAMPOS DO JORDAO,14441,9777
sp,62979,CAMPOS NOVOS PAULISTA,1372,940
sp,62995,CANANEIA,3543,2322
sp,63010,CANDIDO MOTA,7616,8669
sp,63037,CANDIDO RODRIGUES,633,997
sp,63053,CAPAO BONITO,10969,12925
sp,63070,CAPELA DO ALTO,4226,3252
sp,63096,CAPIVARI,11625,9572
sp,63118,CARAGUATATUBA,18962,20364
sp,63134,CARAPICUIBA,64454,110924
sp,63150,CARDOSO,2664,3632
sp,63177,CASA BRANCA,6468,6933
sp,63193,CASSIA DOS COQUEIROS,1242,833
sp,63215,CASTILHO,3233,5094
sp,63231,CATANDUVA,26987,29026
sp,63258,CATIGUA,1554,2701
sp,63274,CEDRAL,1839,2113
sp,63290,CERQUEIRA CESAR,4234,3989
sp,63312,CERQUILHO,8398,8646
sp,63339,CESARIO LANGE,4096,2862
sp,63355,CHARQUEADA,4249,3901
sp,63371,CHAVANTES,2482,4118
sp,63398,CLEMENTINA,1576,1562
sp,63410,COLINA,4485,4782
sp,63436,COLOMBIA,1598,1727
sp,63452,CONCHAL,7060,5350
sp,63479,CONCHAS,4392,3680
sp,63495,CORDEIROPOLIS,3522,6513
sp,63517,COROADOS,1319,1162
sp,63533,CORONEL MACEDO,1520,1706
sp,63550,CORUMBATAI,1257,906
sp,63576,COSMOPOLIS,8880,16565
sp,63592,COSMORAMA,2685,1751
sp,63614,COTIA,32385,43601
sp,63630,CRAVINHOS,8607,6729
sp,63657,CRISTAIS PAULISTA,2112,1482
sp,63673,CRUZALIA,849,931
sp,63690,CRUZEIRO,14514,26999
sp,63711,CUBATAO,20405,45746
sp,63738,CUNHA,6569,5288
sp,63754,DESCALVADO,7406,9234
sp,63770,DIADEMA,55485,148667
sp,63797,DIVINOLANDIA,4201,2525
sp,63819,DOBRADA,1526,2448
sp,63835,DOIS CORREGOS,5136,6761
sp,63851,DOLCINOPOLIS,772,609
sp,63878,DOURADO,1862,3036
sp,63894,DRACENA,13129,9987
sp,63916,DUARTINA,2477,4635
sp,63932,DUMONT,1639,1967
sp,63959,ECHAPORA,1703,1840
sp,63975,ELDORADO,4204,2573
sp,63991,ELIAS FAUSTO,3607,3621
sp,64017,EMBU,48910,56944
sp,64033,EMBU GUACU,15799,13344
sp,64050,ESTRELA D OESTE,2659,2308
sp,64076,ESTRELA DO NORTE,762,629
sp,64092,FARTURA,4211,4058
sp,64114,FERNANDOPOLIS,16877,16918
sp,64130,FERNANDO PRESTES,1165,1985
sp,64157,FERRAZ DE VASCONCELOS,25262,40364
sp,64173,FLORA RICA,536,763
sp,64190,FLOREAL,888,1075
sp,64211,FLORIDA PAULISTA,3544,2402
sp,64238,FLORINEA,724,1070
sp,64254,FRANCA,76983,74066
sp,64270,FRANCISCO MORATO,23181,32888
sp,64297,FRANCO DA ROCHA,20709,33561
sp,64319,GABRIEL MONTEIRO,882,777
sp,64335,GALIA,1806,1954
sp,64351,GARCA,12892,9295
sp,64378,GASTAO VIDIGAL,1081,1021
sp,64394,GENERAL SALGADO,3076,3123
sp,64416,GETULINA,2670,2919
sp,64432,GLICERIO,1465,1488
sp,64459,GUAICARA,1698,2859
sp,64475,GUAIMBE,1341,1312
sp,64491,GUAIRA,10293,9358
sp,64513,GUAPIACU,4084,4641
sp,64530,GUAPIARA,4518,4601
sp,64556,GUARA,4674,5531
sp,64572,GUARACAI,2364,2562
sp,64599,GUARACI,2377,2408
sp,64610,GUARANI D OESTE,483,686
sp,64637,GUARANTA,1774,1477
sp,64653,GUARARAPES,9273,6663
sp,64670,GUARAREMA,6769,5729
sp,64696,GUARATINGUETA,23720,36273
sp,64718,GUAREI,2726,2641
sp,64734,GUARIBA,6722,11190
sp,64750,GUARUJA,50472,89105
sp,64777,GUARULHOS,220472,257046
sp,64793,GUZOLANDIA,1321,1167
sp,64815,HERCULANDIA,2301,2064
sp,64831,IACANGA,2437,2419
sp,64858,IACRI,2059,1798
sp,64874,IBATE,4634,8290
sp,64890,IBIRA,3146,2234
sp,64912,IBIRAREMA,1909,1696
sp,64939,IBITINGA,11322,14280
sp,64955,IBIUNA,22936,9424
sp,64971,ICEM,1462,2724
sp,64998,IEPE,2217,1913
sp,65013,IGARACU DO TIETE,3914,8660
sp,65030,IGARAPAVA,5995,8309
sp,65056,IGARATA,3154,2183
sp,65072,IGUAPE,9601,5531
sp,65099,ILHABELA,6157,4010
sp,65110,INDAIATUBA,27493,53707
sp,65137,INDIANA,1526,1517
sp,65153,INDIAPORA,1235,929
sp,65170,INUBIA PAULISTA,1382,698
sp,65196,IPAUCU,2967,3753
sp,65218,IPERO,3436,5487
sp,65234,IPEUNA,1297,1129
sp,65250,IPORANGA,935,972
sp,65277,IPUA,2670,3671
sp,65293,IRACEMAPOLIS,4446,5109
sp,65315,IRAPUA,2213,1540
sp,65331,IRAPURU,2278,1782
sp,65358,ITABERA,4197,5253
sp,65374,ITAI,4628,6294
sp,65390,ITAJOBI,3929,4396
sp,65412,ITAJU,887,758
sp,65439,ITANHAEM,17239,18476
sp,65455,ITAPECERICA DA SERRA,31225,32158
sp,65471,ITAPETININGA,28106,35062
sp,65498,ITAPEVA,18931,22664
sp,65510,ITAPEVI,27708,46172
sp,65536,ITAPIRA,13928,22445
sp,65552,ITAPOLIS,8795,11261
sp,65579,ITAPORANGA,4822,3006
sp,65595,ITAPUI,1785,3438
sp,65617,ITAPURA,866,1186
sp,65633,ITAQUAQUECETUBA,39538,61208
sp,65650,ITARARE,12828,10604
sp,65676,ITARIRI,3424,1968
sp,65692,ITATIBA,20263,22957
sp,65714,ITATINGA,3440,4545
sp,65730,ITIRAPINA,2722,3118
sp,65757,ITIRAPUA,1507,1497
sp,65773,ITOBI,2130,1883
sp,65790,ITU,29554,42713
sp,65811,ITUPEVA,6509,8363
sp,65838,ITUVERAVA,9067,11357
sp,65854,JABORANDI,1312,2223
sp,65870,JABOTICABAL,18038,17606
sp,65897,JACAREI,42914,62124
sp,65919,JACI,1362,1099
sp,65935,JACUPIRANGA,4857,3455
sp,65951,JAGUARIUNA,6869,10103
sp,65978,JALES,12184,13172
sp,65994,JAMBEIRO,1670,1165
sp,66010,JANDIRA,22979,26009
sp,66036,JARDINOPOLIS,7956,8148
sp,66052,JARINU,5064,3375
sp,66079,JAU,27691,34900
sp,66095,JERIQUARA,910,953
sp,66117,JOANOPOLIS,3820,2018
sp,66133,JOAO RAMALHO,1285,932
sp,66150,JOSE BONIFACIO,7429,8064
sp,66176,JULIO MESQUITA,1095,1463
sp,66192,JUNDIAI,68857,124124
sp,66214,JUNQUEIROPOLIS,5184,4017
sp,66230,JUQUIA,6686,3386
sp,66257,JUQUITIBA,8722,4706
sp,66273,LAGOINHA,2326,1355
sp,66290,LARANJAL PAULISTA,7332,5476
sp,66311,LAVINIA,1341,1631
sp,66338,LAVRINHAS,1619,2179
sp,66354,LEME,16581,27264
sp,66370,LENCOIS PAULISTA,14197,15269
sp,66397,LIMEIRA,50587,84845
sp,66419,LINDOIA,2150,1230
sp,66435,LINS,20948,15125
sp,66451,LORENA,16949,26110
sp,66478,LOUVEIRA,7207,6959
sp,66494,LUCELIA,5148,5035
sp,66516,LUCIANOPOLIS,585,744
sp,66532,LUIS ANTONIO,1786,2372
sp,66559,LUISIANIA,1117,1279
sp,66575,LUPERCIO,1020,1283
sp,66591,LUTECIA,846,846
sp,66613,MACATUBA,3175,5553
sp,66630,MACAUBAL,2784,1555
sp,66656,MACEDONIA,1066,1179
sp,66672,MAGDA,907,1093
sp,66699,MAIRINQUE,8097,14617
sp,66710,MAIRIPORA,16876,13609
sp,66737,MANDURI,2601,2448
sp,66753,MARABA PAULISTA,1341,918
sp,66770,MARACAI,3334,4627
sp,66796,MARIAPOLIS,1224,843
sp,66818,MARILIA,45493,59272
sp,66834,MARINOPOLIS,781,691
sp,66850,MARTINOPOLIS,6904,4845
sp,66877,MATAO,13601,27450
sp,66893,MAUA,58115,137254
sp,66915,MENDONCA,866,1267
sp,66931,MERIDIANO,1140,1260
sp,66958,MIGUELOPOLIS,5655,4852
sp,66974,MINEIROS DO TIETE,2279,3956
sp,66990,MIRACATU,6466,3293
sp,67016,MIRA ESTRELA,787,909
sp,67032,MIRANDOPOLIS,6751,6650
sp,67059,MIRANTE DO PARANAPANEMA,4086,4449
sp,67075,MIRASSOL,11058,15158
sp,67091,MIRASSOLANDIA,1296,948
sp,67113,MOCOCA,15949,18945
sp,67130,MOGI DAS CRUZES,77680,98281
sp,67156,MOJI GUACU,24592,45778
sp,67172,MOJI MIRIM,19463,22968
sp,67199,MOMBUCA,972,912
sp,67210,MONCOES,646,527
sp,67237,MONGAGUA,8187,9123
sp,67253,MONTE ALEGRE DO SUL,2157,1726
sp,67270,MONTE ALTO,11235,13233
sp,67296,MONTE APRAZIVEL,5277,5524
sp,67318,MONTE AZUL PAULISTA,5635,5243
sp,67334,MONTE CASTELO,967,1319
sp,67350,MONTEIRO LOBATO,1167,1069
sp,67377,MONTE MOR,7844,11537
sp,67393,MORRO AGUDO,5393,7012
sp,67415,MORUNGABA,3596,2877
sp,67431,MURUTINGA DO SUL,1151,1164
sp,67458,NARANDIBA,1095,1218
sp,67474,NATIVIDADE DA SERRA,2002,2007
sp,67490,NAZARE PAULISTA,4509,2639
sp,67512,NEVES PAULISTA,2415,2841
sp,67539,NHANDEARA,3214,2658
sp,67555,NIPOA,1092,892
sp,67571,NOVA ALIANCA,1344,1612
sp,67598,NOVA EUROPA,1446,2929
sp,67610,NOVA GRANADA,4715,5028
sp,67636,NOVA GUATAPORANGA,756,597
sp,67652,NOVA INDEPENDENCIA,738,730
sp,67679,NOVA LUZITANIA,1062,745
sp,67695,NOVA ODESSA,7715,17613
sp,67717,NOVO HORIZONTE,6571,11254
sp,67733,NUPORANGA,1866,1792
sp,67750,OCAUCU,1232,1276
sp,67776,OLEO,880,853
sp,67792,OLIMPIA,12103,12725
sp,67814,ONDA VERDE,1033,1057
sp,67830,ORIENTE,1550,2046
sp,67857,ORINDIUVA,1272,1079
sp,67873,ORLANDIA,10637,9472
sp,67890,OSASCO,130650,239150
sp,67911,OSCAR BRESSANE,878,655
sp,67938,OSVALDO CRUZ,9741,6962
sp,67954,OURINHOS,21787,26762
sp,67970,OURO VERDE,1813,2195
sp,67997,PACAEMBU,3540,2500
sp,68012,PALESTINA,3295,1931
sp,68039,PALMARES PAULISTA,2094,2304
sp,68055,PALMEIRA D OESTE,2925,2787
sp,68071,PALMITAL,6192,5557
sp,68098,PANORAMA,3533,2782
sp,68110,PARAGUACU PAULISTA,9482,10453
sp,68136,PARAIBUNA,4727,4281
sp,68152,PARAISO,1463,1612
sp,68179,PARANAPANEMA,3615,4828
sp,68195,PARANAPUA,1308,814
sp,68217,PARAPUA,2818,2660
sp,68233,PARDINHO,1370,1433
sp,68250,PARIQUERA-ACU,5489,3805
sp,68276,PATROCINIO PAULISTA,3471,3122
sp,68292,PAULICEIA,1238,1363
sp,68314,PAULINIA,9148,23798
sp,68330,PAULO DE FARIA,2573,1919
sp,68357,PEDERNEIRAS,8534,10930
sp,68373,PEDRA BELA,1639,1231
sp,68390,PEDRANOPOLIS,830,806
sp,68411,PEDREGULHO,4392,4212
sp,68438,PEDREIRA,7987,12636
sp,68454,PEDRO DE TOLEDO,2305,1997
sp,68470,PENAPOLIS,12008,18113
sp,68497,PEREIRA BARRETO,6367,6800
sp,68519,PEREIRAS,1797,1939
sp,68535,PERUIBE,13710,11716
sp,68551,PIACATU,1531,1228
sp,68578,PIEDADE,16077,7794
sp,68594,PILAR DO SUL,6967,5173
sp,68616,PINDAMONHANGABA,28304,37964
sp,68632,PINDORAMA,3602,4383
sp,68659,ESPIRITO SANTO DO PINHAL,10317,12785
sp,68675,PINHALZINHO,3560,2446
sp,68691,PIQUEROBI,1018,1113
sp,68713,PIQUETE,3092,6183
sp,68730,PIRACAIA,7364,5269
sp,68756,PIRACICABA,87784,92562
sp,68772,PIRAJU,7121,8232
sp,68799,PIRAJUI,5329,4796
sp,68810,PIRANGI,2531,2684
sp,68837,PIRAPORA DO BOM JESUS,3160,2533
sp,68853,PIRAPOZINHO,5530,7323
sp,68870,PIRACUNUNGA,14986,20826
sp,68896,PIRATININGA,3073,3180
sp,68918,PITANGUEIRAS,6617,8868
sp,68934,PLANALTO,1290,888
sp,68950,PLATINA,972,783
sp,68977,POA,20400,32995
sp,68993,POLONI,1720,1155
sp,69019,POMPEIA,5643,5437
sp,69035,PONGAI,1259,1032
sp,69051,PONTAL,6134,9344
sp,69078,PONTES GESTAL,785,764
sp,69094,POPULINA,1208,1301
sp,69116,PORANGABA,1745,1773
sp,69132,PORTO FELIZ,12196,11821
sp,69159,PORTO FERREIRA,9884,16306
sp,69175,POTIRENDABA,3670,3904
sp,69191,PRADOPOLIS,2914,5200
sp,69213,PRAIA GRANDE,38734,50463
sp,69230,PRESIDENTE ALVES,1130,1230
sp,69256,PRESIDENTE BERNARDES,3569,4448
sp,69272,PRESIDENTE EPITACIO,9633,9467
sp,69299,PRESIDENTE PRUDENTE,49323,58118
sp,69310,PRESIDENTE VENCESLAU,11147,9059
sp,69337,PROMISSAO,6598,10901
sp,69353,QUATA,2871,3425
sp,69370,QUEIROZ,641,665
sp,69396,QUELUZ,1998,2940
sp,69418,QUINTANA,1587,1575
sp,69434,RAFARD,3043,3000
sp,69450,RANCHARIA,7862,7930
sp,69477,REDENCAO DA SERRA,1461,1196
sp,69493,REGENTE FEIJO,4277,5145
sp,69515,REGINOPOLIS,1748,1211
sp,69531,REGISTRO,15612,11877
sp,69558,RESTINGA,1151,1989
sp,69574,RIBEIRA,1024,743
sp,69590,RIBEIRAO BONITO,3077,3368
sp,69612,RIBEIRAO BRANCO,4983,3354
sp,69639,RIBEIRAO CORRENTE,984,1049
sp,69655,RIBEIRAO DO SUL,1117,1718
sp,69671,RIBEIRAO PIRES,22272,35557
sp,69698,RIBEIRAO PRETO,135606,136601
sp,69710,RIVERSUL,2221,1829
sp,69736,RIFAINA,1093,1127
sp,69752,RINCAO,2452,2800
sp,69779,RINOPOLIS,3452,1714
sp,69795,RIO CLARO,41991,49767
sp,69817,RIO DAS PEDRAS,6950,7807
sp,69833,RIO GRANDE DA SERRA,8571,13346
sp,69850,RIOLANDIA,2349,1606
sp,69876,ROSEIRA,2337,2308
sp,69892,RUBIACEA,797,471
sp,69914,RUBINEIA,623,931
sp,69930,SABINO,1146,1819
sp,69957,SAGRES,760,538
sp,69973,SALES,1431,1228
sp,69990,SALES OLIVEIRA,2884,2362
sp,70017,SALESOPOLIS,5786,3198
sp,70033,SALMORAO,1488,896
sp,70050,SALTO,16797,36011
sp,70076,SALTO DE PIRAPORA,6822,9906
sp,70092,SALTO GRANDE,1881,2259
sp,70114,SANDOVALINA,612,1141
sp,70130,SANTA ADELIA,2606,4993
sp,70157,SANTA ALBERTINA,1965,1097
sp,70173,SANTA BARBARA D OESTE,26043,60597
sp,70190,AGUAS DE SANTA BARBARA,1327,1462
sp,70211,SANTA BRANCA,3394,4313
sp,70238,SANTA CLARA D OESTE,847,570
sp,70254,SANTA CRUZ DA CONCEICAO,987,1216
sp,70270,SANTA CRUZ DAS PALMEIRAS,6040,8288
sp,70297,SANTA CRUZ DO RIO PARDO,12018,10447
sp,70319,SANTA ERNESTINA,933,2522
sp,70335,SANTA FE DO SUL,7748,7299
sp,70351,SANTA GERTRUDES,3208,6190
sp,70378,SANTA ISABEL,13554,11353
sp,70394,SANTA LUCIA,1237,3715
sp,70416,SANTA MARIA DA SERRA,1133,1319
sp,70432,SANTA MERCEDES,730,665
sp,70459,SANTANA DA PONTE PENSA,564,593
sp,70475,SANTANA DE PARNAIBA,16858,17312
sp,70491,SANTA RITA D OESTE,873,905
sp,70513,SANTA RITA DO PASSA QUATRO,6600,8312
sp,70530,SANTA ROSA DE VITERBO,4904,7633
sp,70556,SANTO ANASTACIO,5520,6001
sp,70572,SANTO ANDRE,137944,263186
sp,70599,SANTO ANTONIO DA ALEGRIA,1367,2056
sp,70610,SANTO ANTONIO DA POSSE,4677,5050
sp,70637,SANTO ANTONIO DO JARDIM,1885,2092
sp,70653,SANTO ANTONIO DO PINHAL,2341,1427
sp,70670,SANTO EXPEDITO,666,1111
sp,70696,SANTOPOLIS DO AGUAPEI,1098,919
sp,70718,SANTOS,106778,161048
sp,70734,SAO BENTO DO SAPUCAI,3715,2049
sp,70750,SAO BERNARDO DO CAMPO,121927,266400
sp,70777,SAO CAETANO DO SUL,41725,46858
sp,70793,SAO CARLOS,48068,58470
sp,70815,SAO FRANCISCO,817,969
sp,70831,SAO JOAO DA BOA VISTA,18711,25200
sp,70858,SAO JOAO DAS DUAS PONTES,911,834
sp,70874,SAO JOAO DO PAU D ALHO,748,609
sp,70890,SAO JOAQUIM DA BARRA,8721,14567
sp,70912,SAO JOSE DA BELA VISTA,1816,2028
sp,70939,SAO JOSE DO BARREIRO,1356,1197
sp,70955,SAO JOSE DO RIO PARDO,12579,14431
sp,70971,SAO JOSE DO RIO PRETO,94547,98767
sp,70998,SAO JOSE DOS CAMPOS,111924,176342
sp,71013,SAO LUIS DO PARAITINGA,4327,2917
sp,71030,SAO MANUEL,7494,12426
sp,71056,SAO MIGUEL ARCANJO,7577,7371
sp,71072,SAO PAULO,2930620,3057960
sp,71099,SAO PEDRO,8503,6273
sp,71110,SAO PEDRO DO TURVO,2258,1506
sp,71137,SAO ROQUE,18121,18681
sp,71153,SAO SEBASTIAO,13302,14560
sp,71170,SAO SEBASTIAO DA GRAMA,2979,2902
sp,71196,SAO SIMAO,3656,3993
sp,71218,SAO VICENTE,59028,100368
sp,71234,SARAPUI,2213,2048
sp,71250,SARUTAIA,860,1087
sp,71277,SEBASTIANOPOLIS DO SUL,955,730
sp,71293,SERRA AZUL,1832,2170
sp,71315,SERRANA,7980,9839
sp,71331,SERRA NEGRA,8343,5700
sp,71358,SERTAOZINHO,16293,33643
sp,71374,SETE BARRAS,3453,2677
sp,71390,SEVERINIA,3636,3666
sp,71412,SILVEIRAS,1810,1515
sp,71439,SOCORRO,10692,7303
sp,71455,SOROCABA,102411,166238
sp,71471,SUD MENUCCI,1873,2423
sp,71498,SUMARE,28964,64820
sp,71510,SUZANO,48139,68124
sp,71536,TABAPUA,2559,3494
sp,71552,TABATINGA,3075,4031
sp,71579,TABOAO DA SERRA,52926,65374
sp,71595,TACIBA,1376,1882
sp,71617,TAGUAI,2192,2079
sp,71633,TAIACU,1313,1526
sp,71650,TAIUVA,1404,1780
sp,71676,TAMBAU,5592,6377
sp,71692,TANABI,7071,6341
sp,71714,TAPIRAI,2396,1418
sp,71730,TAPIRATIBA,2156,4801
sp,71757,TAQUARITINGA,9066,18109
sp,71773,TAQUARITUBA,5285,6634
sp,71790,TARABAI,1304,2236
sp,71811,TATUI,25450,24592
sp,71838,TAUBATE,46496,84342
sp,71854,TEJUPA,1190,1417
sp,71870,TEODORO SAMPAIO,4982,4833
sp,71897,TERRA ROXA,1740,2835
sp,71919,TIETE,10595,6751
sp,71935,TIMBURI,723,888
sp,71951,TORRINHA,2021,2723
sp,71978,TREMEMBE,6976,8563
sp,71994,TRES FRONTEIRAS,1527,1479
sp,72010,TUPA,18633,15403
sp,72036,TUPI PAULISTA,4496,3610
sp,72052,TURIUBA,709,621
sp,72079,TURMALINA,697,657
sp,72095,UBATUBA,18306,14661
sp,72117,UBIRAJARA,1082,1133
sp,72133,UCHOA,2687,2601
sp,72150,UNIAO PAULISTA,592,357
sp,72176,URANIA,2453,2697
sp,72192,URU,511,352
sp,72214,URUPES,4252,2602
sp,72230,VALENTIM GENTIL,2602,2191
sp,72257,VALINHOS,19329,30486
sp,72273,VALPARAIZO,5235,4808
sp,72311,VARGEM GRANDE DO SUL,10567,8528
sp,72338,VARZEA PAULISTA,13443,36624
sp,72354,VERA CRUZ,2799,3545
sp,72370,VINHEDO,14062,15879
sp,72397,VIRADOURO,4161,4872
sp,72419,VISTA ALEGRE DO ALTO,967,1872
sp,72435,VOTORANTIM,14345,39234
sp,72451,VOTUPORANGA,22600,18652
sp,72737,VARGEM GRANDE PAULISTA,8745,10123
to,73008,ABREULANDIA,366,644
to,73016,PIRAQUE,629,609
to,73024,RIACHINHO,707,945
to,73032,DARCINOPOLIS,1024,1091
to,73040,PALMEIRAS DO TOCANTINS,1308,723
to,73059,MAURILANDIA DO TOCANTINS,959,489
to,73067,CACHOEIRINHA,507,405
to,73075,ANGICO,953,529
to,73083,PALMEIRANTE,998,564
to,73091,CAMPOS LINDOS,1382,686
to,73105,SAO FELIX DO TOCANTINS,376,185
to,73113,LAGOA DO TOCANTINS,516,557
to,73121,BOM JESUS DO TOCANTINS,546,598
to,73130,SANTA MARIA DO TOCANTINS,502,627
to,73148,NOVO ALEGRE,435,629
to,73156,SANDOLANDIA,927,535
to,73164,TAIPAS DO TOCANTINS,332,398
to,73172,NOVO JARDIM,399,592
to,73180,SAO MIGUEL DO TOCANTINS,1368,1579
to,73199,FORTALEZA DO TABOCAO,541,762
to,73202,ITAPIRATINS,858,284
to,73210,CENTENARIO,376,588
to,73229,RECURSOLANDIA,993,383
to,73237,TUPIRATINS,407,259
to,73245,BRASILANDIA DO TOCANTINS,546,495
to,73253,JUARINA,433,597
to,73261,PAU D ARCO,887,871
to,73270,MATEIROS,273,238
to,73288,SAO BENTO DO TOCANTINS,1003,591
to,73296,ESPERANTINA,1026,1957
to,73300,CARIRI DO TOCANTINS,670,987
to,73318,ARAGUANA,1024,993
to,73326,CARMOLANDIA,568,699
to,73334,ARAGOMINAS,1510,1052
to,73342,MURICILANDIA,769,694
to,73350,SANTA FE DO ARAGUAIA,1285,1369
to,73369,JAU DO TOCANTINS,941,720
to,73377,SUCUPIRA,487,349
to,73385,LAGOA DA CONFUSAO,810,1579
to,73393,SAO SALVADOR DO TOCANTINS,481,549
to,73407,LAGEADO,477,748
to,73415,RIO DOS BOIS,537,467
to,73423,CARRASCO BONITO,821,614
to,73431,RIO DA CONCEICAO,248,464
to,73440,PALMAS,24062,52408
to,73458,TUPIRAMA,414,265
to,73466,OLIVEIRA DE FATIMA,313,333
to,73474,CHAPADA DE AREIA,460,457
to,73482,CHAPADA DA NATIVIDADE,702,813
to,73504,TALISMA,423,692
to,73512,AGUIARNOPOLIS,1197,630
to,73520,LUZINOPOLIS,647,477
to,73539,SANTA TEREZINHA DO TOCANTINS,813,418
to,73547,SANTA RITA DO TOCANTINS,404,288
to,73555,CRIXAS DO TOCANTINS,449,430
to,73563,MONTE SANTO,670,607
to,73571,PUGMIL,462,530
to,73580,BANDEIRANTE DO TOCANTINS,697,695
to,73598,IPUEIRAS,434,303
to,73601,LAVANDEIRA,381,283
to,73610,BARRA DO OURO,1081,462
to,92002,BERNARDO SAYAO,1080,679
to,92045,BURITI DO TOCANTINS,1962,1640
to,92070,ALMAS,1491,1501
to,92088,CASEARA,717,904
to,92134,ALVORADA,1891,1842
to,92142,COMBINADO,1090,1008
to,92185,DIVINOPOLIS DO TOCANTINS,1164,1560
to,92193,ANANAS,2365,1896
to,92240,GOIANORTE,1494,719
to,92304,MARIANOPOLIS DO TOCANTINS,856,726
to,92371,ARAGUACEMA,1476,839
to,92398,ARAGUACU,2674,1561
to,92401,NOVA ROSALANDIA,835,691
to,92410,ARAGUAINA,21645,28449
to,92436,ARAGUATINS,6139,4075
to,92452,ARAPOEMA,1560,1737
to,92479,ARRAIAS,1439,2248
to,92487,PEQUIZEIRO,1062,1009
to,92509,PORTO ALEGRE DO TOCANTINS,486,649
to,92525,PRAIA NORTE,1290,1473
to,92533,AURORA DO TOCANTINS,783,842
to,92541,SAMPAIO,671,786
to,92576,AXIXA DO TOCANTINS,2823,2268
to,92584,SANTA ROSA DO TOCANTINS,920,943
to,92592,BABACULANDIA,2781,1154
to,92606,SANTA TEREZA DO TOCANTINS,475,661
to,92681,SAO VALERIO DA NATIVIDADE,957,1212
to,92738,BREJINHO DE NAZARE,1023,1327
to,93114,COLINAS DO TOCANTINS,5821,6407
to,93130,CONCEICAO DO TOCANTINS,761,695
to,93211,COUTO DE MAGALHAES,953,997
to,93238,CRISTALANDIA,1533,2264
to,93416,DIANOPOLIS,2292,3837
to,93459,DOIS IRMAOS DO TOCANTINS,1215,1470
to,93475,DUERE,763,1389
to,93556,FILADELFIA,2357,1170
to,93653,FORMOSO DO ARAGUAIA,4001,4382
to,93858,GURUPI,12016,19821
to,94056,ITACAJA,1809,857
to,94099,ITAGUATINS,1250,1633
to,94170,ITAPORA DO TOCANTINS,766,553
to,94617,MIRACEMA DO TOCANTINS,3896,5361
to,94633,MIRANORTE,3453,2883
to,94692,MONTE DO CARMO,1026,1420
to,94811,NATIVIDADE,2218,1722
to,94838,NAZARE,1569,943
to,94994,NOVO ACORDO,924,607
to,95192,PARAISO DO TOCANTINS,8805,9576
to,95214,PARANA,1501,927
to,95257,PEDRO AFONSO,1986,1957
to,95273,PEIXE,2021,1992
to,95290,COLMEIA,2472,1914
to,95338,GOIATINS,2544,1361
to,95370,PINDORAMA DO TOCANTINS,1307,685
to,95478,PIUM,1364,1206
to,95516,PONTE ALTA DO BOM JESUS,1406,587
to,95532,PONTE ALTA DO TOCANTINS,1648,1221
to,95591,PORTO NACIONAL,5441,14898
to,95699,LIZARDA,880,319
to,96032,SAO SEBASTIAO DO TOCANTINS,854,797
to,96130,SITIO NOVO DO TOCANTINS,1792,2587
to,96156,TAGUATINGA,3636,2155
to,96199,TOCANTINIA,1040,1231
to,96210,TOCANTINOPOLIS,3231,5923
to,96270,GUARAI,5034,4704
to,96296,PRESIDENTE KENNEDY,661,1140
to,96431,XAMBIOA,2707,2699
to,96490,PALMEIROPOLIS,2176,1040
to,96598,SILVANOPOLIS,1025,1318
to,96636,NOVA OLINDA,1990,2010
to,96652,WANDERLANDIA,2236,2047
to,96679,FIGUEIROPOLIS,1537,1425
to,96792,RIO SONO,875,1115
to,96830,FATIMA,1123,854
to,96857,AUGUSTINOPOLIS,2907,3151
to,96954,ALIANCA DO TOCANTINS,1238,1735
to,96970,APARECIDA DO RIO NEGRO,1094,648
to,96997,BARROLANDIA,1232,1588
zz,02828,TAIWAN,35,6
zz,11100,ALEMANHA,395,777
zz,11126,ARABIA SAUDITA,9,13
zz,11142,ARGENTINA,206,337
zz,11169,CHILE,364,377
zz,11185,COLOMBIA,46,82
zz,11207,COREIA,15,25
zz,11223,EQUADOR,47,25
zz,11240,ESPANHA,192,566
zz,11266,ESTADOS UNIDOS,5624,7203
zz,11282,FRANCA,271,719
zz,11304,GUIANA,21,28
zz,11320,GUIANA FRANCESA,423,371
zz,11347,ISRAEL,36,19
zz,11363,ITALIA,599,1621
zz,11380,JAPAO,158,99
zz,11401,LIBANO,87,114
zz,11428,MEXICO,76,63
zz,11444,PARAGUAI,323,339
zz,11460,PERU,94,77
zz,11487,POLONIA,27,29
zz,11509,PORTUGAL,1300,2264
zz,11525,SUICA,257,441
zz,11541,SURINAME,31,41
zz,11568,URUGUAI,255,425
zz,11584,VENEZUELA,121,60
zz,11800,BOLIVIA,354,412
zz,11827,GRECIA,46,84
zz,29009,PAISES BAIXOS,81,146
zz,29025,HONG KONG,50,28
zz,29033,IRLANDA,17,27
zz,29050,NOVA ZELANDIA,5,19
zz,29076,HONDURAS,15,15
zz,29114,MOCAMBIQUE,28,56
zz,29122,MARROCOS,5,17
zz,29165,KENIA,14,26
zz,29181,JORDANIA,26,70
zz,29211,INDONESIA,6,6
zz,29238,HUNGRIA,9,18
zz,98000,GUATEMALA,45,46
zz,98027,GUINE BISSAU,40,37
zz,98043,GANA,2,6
zz,98060,GABAO,0,13
zz,98086,EGITO,34,25
zz,98124,TUNISIA,5,12
zz,98205,TAILANDIA,11,15
zz,98221,SIRIA,14,31
zz,98248,SENEGAL,37,29
zz,98280,REPUBLICA DOMINICANA,43,52
zz,98329,PANAMA,56,55
zz,98345,NORUEGA,23,74
zz,98361,NIGERIA,4,9
zz,98388,NICARAGUA,34,35
zz,98426,FINLANDIA,26,38
zz,98442,FILIPINAS,21,34
zz,98469,EL SALVADOR,35,39
zz,98485,DINAMARCA,48,97
zz,98507,COSTA RICA,73,47
zz,98523,CINGAPURA,38,22
zz,98540,CHINA,64,60
zz,98566,CHECOSLOVAQUIA,6,14
zz,98582,COSTA DO MARFIM,20,15
zz,98604,CABO VERDE,9,23
zz,98647,ROMENIA,6,12
zz,98728,EMIRADOS ARABES,9,8
zz,98744,SUECIA,103,175
zz,98760,RUSSIA,19,29
zz,98787,AFRICA DO SUL,107,46
zz,98825,INDIA,11,10
zz,98841,INGLATERRA,404,1091
zz,98868,CUBA,18,184
zz,98906,CANADA,397,680
zz,98922,BELGICA,153,300
zz,98949,AUSTRIA,76,164
zz,98965,ANGOLA,25,46
zz,98981,AUSTRALIA,58,154
