uf,cd,vv_apurado,faltantes,share_lula_falt,share_flavio_falt
ac,01120,7791,0.0,0.19299,0.76280
ac,01570,5016,514.0,0.36967,0.59308
ac,01058,15387,0.0,0.26015,0.69279
ac,01007,8308,0.0,0.28223,0.66556
ac,01015,6298,0.0,0.26514,0.68003
ac,01074,49002,658.0,0.24875,0.68907
ac,01112,10810,477.8,0.23694,0.71761
ac,01139,17034,244.9,0.43540,0.51765
ac,01104,4299,0.0,0.50285,0.44578
ac,01554,6432,0.0,0.36514,0.60157
ac,01040,9078,0.0,0.37114,0.58578
ac,01090,10936,687.6,0.28480,0.67326
ac,01511,9568,0.0,0.25546,0.68872
ac,01023,11128,0.0,0.23458,0.71527
ac,01066,6296,0.0,0.49339,0.44489
ac,01392,202028,4904.2,0.27327,0.63712
ac,01082,9931,0.0,0.22534,0.73112
ac,01031,2742,0.0,0.50122,0.46163
ac,01457,23351,243.1,0.24587,0.70152
ac,01538,14556,0.0,0.24223,0.69460
ac,01473,19361,2287.7,0.37730,0.57623
ac,01490,9557,245.6,0.35064,0.61001
al,27030,9441,0.0,0.69189,0.27325
al,27057,98173,27208.8,0.46212,0.47961
al,27073,15886,8066.1,0.56266,0.39523
al,27090,2328,8333.9,0.52057,0.43789
al,27111,6002,391.7,0.44091,0.51068
al,27138,4724,5404.5,0.60753,0.35607
al,27170,2506,2067.6,0.67507,0.28983
al,27154,3187,422.0,0.66746,0.29011
al,27197,14070,0.0,0.55395,0.41013
al,27219,5947,242.3,0.65869,0.30607
al,27235,3580,2363.4,0.68274,0.28556
al,27251,8286,1903.6,0.63952,0.31914
al,27081,4242,0.0,0.64378,0.31402
al,27278,12640,6505.9,0.63715,0.32955
al,27294,6352,285.7,0.70681,0.25657
al,27316,10380,0.0,0.76989,0.19917
al,27332,8534,1001.6,0.56376,0.39635
al,27359,3086,2438.2,0.75150,0.20799
al,27375,5085,0.0,0.68214,0.27868
al,27391,2861,4030.6,0.72726,0.23374
al,27413,10822,0.0,0.49958,0.46857
al,27430,3397,937.2,0.53624,0.40796
al,27456,16401,13785.6,0.43870,0.51823
al,28894,10219,6375.7,0.69859,0.25786
al,27472,24690,5915.3,0.77222,0.18963
al,27499,3332,3051.7,0.67931,0.29151
al,27049,6628,2098.7,0.77243,0.19478
al,27510,9529,5056.4,0.72284,0.23851
al,27537,2766,0.0,0.60664,0.36396
al,27553,0,6000.6,0.45191,0.50371
al,27570,3149,18288.6,0.78047,0.18902
al,27596,7505,537.5,0.57609,0.38784
al,27618,10170,4114.5,0.72776,0.23127
al,27634,5229,7668.2,0.66586,0.29683
al,27650,2734,7196.1,0.79650,0.17542
al,27677,903,3197.2,0.73334,0.23658
al,27693,4709,0.0,0.65046,0.31529
al,27715,4221,2782.2,0.42393,0.54423
al,27731,3506,562.4,0.71870,0.25112
al,27065,6244,0.0,0.47822,0.47755
al,27758,10837,280.3,0.65393,0.31660
al,27774,3561,0.0,0.56250,0.39620
al,27790,8857,6227.6,0.56460,0.38377
al,27812,10101,2426.2,0.65004,0.31358
al,27839,13626,1496.4,0.69140,0.28079
al,27855,133797,376337.4,0.40358,0.53030
al,27871,7540,3892.5,0.62293,0.34929
al,27979,2595,273.2,0.66274,0.29117
al,27898,7889,10977.2,0.39460,0.56701
al,27910,905,5432.1,0.70925,0.25218
al,27936,21928,14067.1,0.41116,0.53528
al,27952,4754,3673.9,0.60447,0.35944
al,27995,12480,231.2,0.78536,0.19078
al,28010,0,13133.7,0.39500,0.56878
al,28037,4427,5996.5,0.55118,0.41517
al,28053,1537,2081.4,0.66249,0.29672
al,28070,4686,0.0,0.70208,0.24841
al,28096,15142,0.0,0.59116,0.37318
al,28118,0,7066.8,0.45201,0.50789
al,28134,5237,6463.2,0.58800,0.37413
al,28150,1089,4338.9,0.79547,0.17464
al,28177,2729,1049.8,0.72110,0.24473
al,28193,5869,2095.8,0.66169,0.29697
al,28215,1626,5813.4,0.70740,0.25118
al,28231,2994,532.7,0.72092,0.23085
al,28258,11485,29965.3,0.58702,0.36553
al,27022,5797,1254.1,0.86154,0.11031
al,27006,4299,5288.6,0.42090,0.52361
al,28290,9072,589.1,0.53178,0.43830
al,28312,5071,0.0,0.65817,0.29650
al,28339,13319,20161.5,0.57932,0.37029
al,28355,10030,288.1,0.62136,0.34124
al,28371,8382,14380.1,0.51177,0.44609
al,28398,2276,0.0,0.61771,0.35350
al,28410,4694,10153.2,0.78498,0.17789
al,28452,15271,845.4,0.42874,0.53752
al,28479,0,6426.0,0.48253,0.48029
al,28495,5023,8339.5,0.70182,0.26301
al,28436,4999,3160.2,0.76918,0.18912
al,28274,8349,5129.4,0.72291,0.23913
al,28517,7774,0.0,0.67962,0.28952
al,28533,39225,14728.9,0.48491,0.46325
al,28550,3670,537.6,0.56271,0.39914
al,28576,5078,0.0,0.57516,0.37890
al,28592,19764,5365.3,0.65477,0.29599
al,28614,6773,0.0,0.69797,0.26203
al,28770,12524,0.0,0.43630,0.50941
al,28916,3855,3098.7,0.75262,0.20968
al,28630,3585,1995.1,0.67264,0.29285
al,28657,10918,1672.7,0.56713,0.39197
al,28673,8065,8359.3,0.70847,0.23858
al,28690,12693,4130.8,0.48136,0.48627
al,28711,19456,13096.2,0.44962,0.50313
al,28738,0,6109.0,0.45905,0.49823
al,28754,9275,10827.9,0.68223,0.27784
al,28797,4216,0.0,0.74214,0.22658
al,28819,11408,0.0,0.71807,0.25129
al,28932,5800,16244.8,0.58750,0.36452
al,28835,13587,0.0,0.73856,0.22755
al,28851,17853,18373.5,0.57172,0.38762
al,28878,7462,8366.2,0.60207,0.35789
al,27014,6068,4722.5,0.85219,0.12094
ap,06017,5588,486.9,0.54812,0.38195
ap,06033,6869,0.0,0.51698,0.40836
ap,06068,5092,0.0,0.52268,0.41409
ap,06114,6117,0.0,0.46386,0.46454
ap,06041,7228,0.0,0.49708,0.43685
ap,06130,20022,535.7,0.52824,0.40402
ap,06050,195010,69270.8,0.43553,0.46842
ap,06076,17931,809.1,0.59001,0.34673
ap,06092,16941,0.0,0.57994,0.36003
ap,06084,6951,0.0,0.50347,0.43794
ap,06025,10327,1755.7,0.48816,0.43667
ap,06009,3265,0.0,0.49815,0.45306
ap,06157,53609,17729.0,0.40483,0.50336
ap,06106,2971,0.0,0.36021,0.57382
ap,06173,7676,1375.5,0.52810,0.42091
ap,06122,7608,297.8,0.61339,0.33747
am,02895,5074,4519.0,0.66017,0.28806
am,02917,2888,3124.6,0.66617,0.29230
am,02933,2978,3712.1,0.61223,0.34095
am,02038,7070,1520.2,0.53039,0.41573
am,02003,5548,2763.6,0.26190,0.69325
am,02054,6525,258.3,0.70523,0.25873
am,02070,13671,9365.7,0.53793,0.41052
am,02097,5399,2297.0,0.56110,0.38655
am,02119,1450,16696.6,0.85123,0.11668
am,02135,10129,9314.9,0.74035,0.21813
am,02950,6377,4958.1,0.60470,0.36282
am,02976,8457,1925.1,0.81867,0.14394
am,02151,13233,3901.7,0.37966,0.57644
am,02178,14430,4198.2,0.71498,0.24708
am,02992,6354,547.1,0.61169,0.34390
am,02194,6099,1665.7,0.49775,0.45121
am,02216,8680,5753.6,0.67646,0.26448
am,02232,14528,4942.0,0.55371,0.38039
am,02046,9663,4066.0,0.56622,0.38274
am,02259,24865,12181.3,0.59547,0.36443
am,02275,9078,3929.1,0.55748,0.39936
am,02291,14659,302.7,0.59547,0.34444
am,02313,7513,0.0,0.59701,0.31931
am,02330,6707,6348.6,0.71003,0.25554
am,02020,7718,1206.2,0.35582,0.59935
am,02356,19300,7749.9,0.41496,0.52853
am,02399,6154,2101.0,0.55498,0.39640
am,98353,27946,8780.3,0.49717,0.44017
am,02410,42756,14159.5,0.58189,0.36137
am,98370,5375,0.0,0.62781,0.33086
am,02437,7011,305.1,0.52179,0.43178
am,02453,3588,227.2,0.48715,0.44789
am,02470,4811,622.5,0.53293,0.40866
am,02496,10061,551.9,0.59228,0.36559
am,02518,6148,15809.9,0.55892,0.39613
am,02534,28209,34534.0,0.54597,0.40384
am,98396,8604,2820.2,0.62754,0.32525
am,02550,1173333,9346.9,0.37077,0.54325
am,02577,19547,6571.1,0.55081,0.40777
am,02593,6299,513.2,0.63436,0.33023
am,02615,17593,10689.4,0.80835,0.15962
am,02631,10637,1277.0,0.79067,0.17738
am,02658,9805,5353.6,0.66817,0.26029
am,02011,9497,0.0,0.47394,0.46343
am,02674,3939,5848.1,0.66753,0.29359
am,02690,51983,3795.7,0.78093,0.17460
am,02712,8377,0.0,0.57856,0.38434
am,98418,10142,10062.9,0.44657,0.48290
am,98434,12016,5082.6,0.48484,0.45388
am,02372,6042,219.0,0.66873,0.28636
am,02739,7559,6625.8,0.62859,0.32878
am,02771,6254,1126.7,0.73534,0.21831
am,02836,22554,1061.3,0.76182,0.20688
am,02755,11867,5389.3,0.74992,0.20558
am,98450,5061,548.8,0.48703,0.45657
am,98477,20137,9816.1,0.53660,0.41389
am,02798,7221,3315.8,0.45083,0.50348
am,02810,29068,9818.6,0.57781,0.37875
am,98515,8657,595.5,0.76650,0.20436
am,98493,6081,1569.4,0.60885,0.34883
am,02852,6214,2987.0,0.71032,0.25028
am,02879,10407,172.9,0.72700,0.23936
ba,33030,1108,10284.4,0.71165,0.25906
ba,33014,3590,1258.6,0.60604,0.34387
ba,33057,7146,1976.4,0.71321,0.23880
ba,33065,7285,2389.3,0.74447,0.21465
ba,33111,3155,0.0,0.70606,0.26007
ba,33138,77669,7312.2,0.65244,0.28411
ba,33154,714,13925.7,0.64484,0.31803
ba,33170,3733,0.0,0.75898,0.21568
ba,33197,10326,11055.2,0.61484,0.34444
ba,33219,12339,2654.1,0.74268,0.20265
ba,30716,9892,0.0,0.77269,0.19434
ba,33235,9711,4701.0,0.73208,0.22530
ba,33251,4524,2749.2,0.78552,0.18298
ba,33260,6870,3961.0,0.82997,0.13641
ba,33278,10114,0.0,0.70033,0.26084
ba,33294,5192,2874.7,0.75664,0.20412
ba,33316,6036,2110.9,0.63590,0.32047
ba,33332,1442,8195.2,0.79330,0.17210
ba,33359,5981,837.4,0.72964,0.23532
ba,33375,786,10362.5,0.72597,0.22637
ba,33405,2748,2082.5,0.63591,0.32125
ba,33391,6437,3569.2,0.73593,0.22856
ba,33413,11149,19923.1,0.75602,0.19827
ba,33430,7252,0.0,0.80806,0.15454
ba,30732,4728,0.0,0.65564,0.30867
ba,33456,6297,0.0,0.73813,0.21830
ba,33383,7855,0.0,0.78603,0.17640
ba,33472,6869,0.0,0.66895,0.28407
ba,33499,9359,314.7,0.62624,0.33054
ba,33510,10042,1404.1,0.68296,0.28063
ba,33529,7884,554.2,0.73423,0.22549
ba,33537,22655,5418.5,0.75943,0.20734
ba,33553,7798,9714.2,0.63911,0.31564
ba,33570,21975,0.0,0.70835,0.24154
ba,33596,8612,862.6,0.83141,0.12903
ba,33618,3123,0.0,0.61301,0.33388
ba,33634,56618,30532.7,0.46421,0.47478
ba,30759,7702,1375.4,0.72315,0.22440
ba,33650,4273,0.0,0.67573,0.27695
ba,30775,5989,5821.7,0.74941,0.20155
ba,33677,7819,3120.0,0.64293,0.31526
ba,33693,8255,3825.6,0.66187,0.29258
ba,33715,3316,6758.9,0.79551,0.16860
ba,33731,8054,958.0,0.79134,0.16742
ba,33758,7344,3072.8,0.65698,0.30664
ba,33774,18634,20056.9,0.70869,0.24830
ba,33782,0,6204.7,0.78682,0.18285
ba,33790,5977,2055.7,0.67640,0.29124
ba,33804,6397,3248.0,0.74676,0.20640
ba,33812,7881,4412.5,0.84179,0.13026
ba,33839,4258,2711.0,0.74342,0.21291
ba,33871,2683,3482.3,0.60214,0.35798
ba,33855,7086,1162.6,0.69198,0.26928
ba,33898,5554,1873.0,0.69687,0.25796
ba,33910,37066,5549.9,0.63274,0.31681
ba,33936,9278,0.0,0.41615,0.53359
ba,30791,6024,5866.7,0.71110,0.25132
ba,33952,4438,0.0,0.60346,0.34640
ba,33960,5257,5824.4,0.78052,0.17927
ba,33979,16011,4017.0,0.77131,0.18443
ba,33995,12098,2218.9,0.64415,0.30576
ba,34010,1076,5112.7,0.78712,0.17827
ba,34029,5570,2670.5,0.82443,0.14924
ba,34037,25896,7489.9,0.69096,0.25151
ba,34053,10123,1115.1,0.66167,0.29546
ba,34070,5462,5914.7,0.57785,0.36528
ba,34096,6680,1079.1,0.69814,0.26471
ba,34118,11970,1015.5,0.53730,0.41294
ba,34150,13165,4356.0,0.56981,0.37357
ba,34134,52992,104116.7,0.61180,0.31464
ba,34177,11893,6673.0,0.75521,0.21560
ba,34193,33463,11664.2,0.62944,0.32359
ba,34231,11110,4452.4,0.72568,0.23353
ba,34258,12939,4886.0,0.57983,0.37012
ba,34274,4511,1705.9,0.70800,0.25769
ba,34290,16972,32127.0,0.73637,0.20414
ba,34312,0,8846.0,0.70971,0.25960
ba,34355,6516,16387.9,0.78575,0.18288
ba,30856,8413,1994.4,0.78694,0.18400
ba,34215,4316,2610.4,0.74303,0.22328
ba,30813,6217,1335.4,0.68842,0.26133
ba,30830,11858,7508.5,0.59446,0.35672
ba,34371,9219,2410.2,0.63225,0.32730
ba,34363,2132,4661.5,0.67251,0.27535
ba,34398,3179,2551.2,0.82272,0.14415
ba,34410,4747,12882.9,0.57309,0.38128
ba,34436,28232,16867.0,0.70137,0.25843
ba,34452,5209,13145.0,0.74155,0.21570
ba,34479,0,3299.9,0.70557,0.25790
ba,34495,12814,18730.7,0.76507,0.18498
ba,34509,5540,0.0,0.78718,0.17503
ba,34517,8296,2434.3,0.75249,0.21144
ba,34533,2213,4943.8,0.78745,0.18303
ba,34576,5844,5428.6,0.64044,0.31853
ba,34592,11510,0.0,0.61239,0.34480
ba,34614,6073,6165.7,0.61802,0.34942
ba,34630,8345,5172.6,0.69303,0.25195
ba,34657,5557,5820.4,0.76869,0.19833
ba,34673,24147,20015.3,0.58872,0.37032
ba,34690,11997,9689.5,0.63910,0.29029
ba,34711,8602,5402.8,0.71851,0.24468
ba,34738,10503,243.4,0.65515,0.29488
ba,34754,2866,662.8,0.68557,0.27494
ba,34770,5020,12378.2,0.75089,0.20062
ba,34797,5154,0.0,0.57108,0.37321
ba,34819,6506,2469.0,0.66064,0.30247
ba,34835,7764,3778.9,0.70521,0.25783
ba,34851,9887,11720.0,0.60984,0.33436
ba,34878,8206,853.7,0.72315,0.24304
ba,34894,607,2842.8,0.73004,0.23330
ba,34932,8708,792.0,0.64999,0.31119
ba,34916,10060,2379.2,0.78297,0.18602
ba,34959,33786,5438.6,0.64055,0.31092
ba,34975,9929,12081.5,0.69512,0.25657
ba,34339,10341,5310.7,0.66426,0.29764
ba,34550,7612,12776.7,0.69767,0.26177
ba,30872,36188,2402.6,0.67492,0.25479
ba,35017,7268,1504.7,0.77029,0.19493
ba,35033,3737,0.0,0.61859,0.32671
ba,34991,6035,259.5,0.72389,0.24072
ba,35050,0,5371.9,0.65920,0.30236
ba,35076,5950,5640.4,0.68147,0.28556
ba,35092,17566,4616.4,0.71800,0.23413
ba,35114,10887,9130.1,0.69337,0.26276
ba,35130,15443,20327.6,0.76681,0.19615
ba,30058,56896,4697.9,0.46427,0.46910
ba,35149,1669,2464.4,0.57291,0.39187
ba,35157,91960,253777.7,0.55748,0.37102
ba,30910,7383,4610.2,0.71819,0.24760
ba,35173,3820,0.0,0.61197,0.35022
ba,35190,0,5462.3,0.69175,0.26724
ba,35211,12860,3187.8,0.57235,0.38343
ba,30899,8340,3847.8,0.77933,0.18211
ba,35238,9290,9024.3,0.56451,0.38656
ba,30937,0,3132.0,0.64145,0.30659
ba,35254,6067,1847.0,0.76004,0.21009
ba,35270,6197,3733.6,0.83756,0.13567
ba,35297,3559,0.0,0.72005,0.23946
ba,35319,10824,3253.6,0.72013,0.22549
ba,30953,2677,2084.0,0.80407,0.15920
ba,35335,41465,11587.8,0.55391,0.38950
ba,35351,7836,3545.5,0.62444,0.33673
ba,30970,5373,4566.4,0.77257,0.17438
ba,35378,8836,6340.5,0.73687,0.22889
ba,35394,4204,2567.8,0.62231,0.32976
ba,35416,12344,1209.5,0.58804,0.36392
ba,35432,6202,6226.9,0.57911,0.37295
ba,35459,5491,3020.0,0.63632,0.31891
ba,35475,9536,1467.4,0.78199,0.18280
ba,35513,5010,4830.1,0.64688,0.30481
ba,35530,3045,0.0,0.76954,0.19551
ba,35556,10483,0.0,0.67244,0.28528
ba,35572,5303,582.6,0.48111,0.48867
ba,35599,11230,0.0,0.59802,0.35162
ba,35610,0,9074.7,0.71221,0.24887
ba,35637,7925,5106.8,0.73374,0.22944
ba,35653,12792,3925.2,0.61447,0.34892
ba,35670,1543,3452.6,0.69529,0.25068
ba,35696,3333,6036.5,0.78286,0.18214
ba,35700,0,5736.6,0.67365,0.26734
ba,35718,10724,1615.9,0.59311,0.36543
ba,35734,85813,13312.0,0.56197,0.37102
ba,35750,7738,13292.7,0.70213,0.25327
ba,35777,4568,6868.4,0.78010,0.18595
ba,35793,20915,3056.6,0.59125,0.35231
ba,35815,27256,7885.6,0.71606,0.23703
ba,35831,4149,3075.0,0.62466,0.32914
ba,35858,0,3982.3,0.71386,0.25887
ba,35874,5379,1247.7,0.74418,0.22657
ba,35890,4529,10552.4,0.82397,0.14138
ba,35912,18235,1184.8,0.73651,0.21164
ba,35939,32279,8636.8,0.63254,0.31278
ba,35947,13797,1937.7,0.48871,0.46005
ba,35955,20490,17894.0,0.65495,0.28607
ba,35971,99310,10843.8,0.50090,0.43237
ba,35998,1929,12823.1,0.68832,0.27717
ba,36013,5345,2793.9,0.64725,0.32593
ba,36030,7387,218.0,0.65567,0.30662
ba,36056,9307,261.6,0.61232,0.33955
ba,36072,4629,0.0,0.60920,0.33541
ba,36080,3103,5512.3,0.79791,0.17745
ba,36099,4540,0.0,0.58663,0.38231
ba,36110,10739,1546.9,0.63927,0.31243
ba,36137,1258,30345.9,0.49381,0.46410
ba,36153,4428,0.0,0.62841,0.33157
ba,36170,12658,880.0,0.65934,0.29684
ba,36196,4668,0.0,0.74455,0.21537
ba,36218,8942,1403.1,0.57027,0.38489
ba,36234,1147,13132.8,0.73715,0.21831
ba,36277,5648,0.0,0.70467,0.26222
ba,36293,35616,1198.6,0.51923,0.43286
ba,36315,8683,9432.8,0.76242,0.20067
ba,36331,4525,0.0,0.67619,0.28619
ba,36250,6199,0.0,0.58671,0.37052
ba,36358,4290,523.9,0.66872,0.29565
ba,36374,10349,0.0,0.55949,0.40584
ba,36382,244,10655.2,0.63516,0.31784
ba,36390,6147,475.8,0.68934,0.27672
ba,36412,13841,7706.9,0.69329,0.27328
ba,36439,11146,884.9,0.59417,0.35932
ba,36455,10474,1431.7,0.61883,0.33610
ba,36471,10682,2490.7,0.56965,0.37921
ba,30660,3301,3493.6,0.71869,0.24690
ba,30678,4466,2955.2,0.65729,0.29522
ba,36498,5907,3101.1,0.75717,0.20397
ba,36510,28128,19485.5,0.64401,0.29729
ba,36536,20998,5049.7,0.60135,0.35307
ba,36552,18214,260.9,0.71790,0.23545
ba,36579,6133,5426.4,0.75963,0.19702
ba,36595,4780,2030.1,0.78352,0.18345
ba,36617,61432,30855.5,0.58194,0.35502
ba,36633,10571,12646.7,0.73558,0.23380
ba,36650,5129,3512.7,0.69391,0.25284
ba,36676,6999,2595.9,0.69813,0.26283
ba,30996,12039,3559.1,0.58490,0.37259
ba,36692,80318,54036.8,0.61231,0.33862
ba,36706,4320,1752.4,0.63601,0.32287
ba,36714,7259,3875.8,0.84139,0.13330
ba,30694,2871,590.7,0.62196,0.35067
ba,36730,4004,1045.9,0.69803,0.26459
ba,36757,2702,646.3,0.71447,0.24902
ba,36765,4114,4344.9,0.74465,0.21549
ba,36773,2916,13014.5,0.66779,0.29706
ba,36811,1873,830.8,0.74768,0.22143
ba,36820,4697,0.0,0.74568,0.20956
ba,36790,3074,0.0,0.53856,0.42796
ba,36838,4452,1818.8,0.83070,0.14112
ba,39730,12413,5817.3,0.73093,0.23348
ba,36854,19701,102467.4,0.51020,0.40033
ba,36870,2634,3322.9,0.77564,0.18908
ba,36897,0,7532.3,0.67801,0.28860
ba,36919,19041,9014.0,0.66426,0.29235
ba,30007,56699,5567.9,0.31707,0.62789
ba,36935,3602,3335.8,0.70775,0.26016
ba,36951,9001,0.0,0.56076,0.39866
ba,36978,20533,4284.7,0.68487,0.27168
ba,36994,644,4742.6,0.79743,0.16599
ba,39748,9750,3561.7,0.75084,0.19583
ba,39756,3930,834.2,0.70535,0.24928
ba,37010,5360,0.0,0.54075,0.42319
ba,37036,6328,3759.7,0.69912,0.25844
ba,37052,3362,7207.8,0.62216,0.34814
ba,37079,4087,2176.8,0.65007,0.31706
ba,37095,9024,1113.7,0.75668,0.19600
ba,39772,4965,2109.3,0.78100,0.18739
ba,37117,12160,3747.9,0.67243,0.27526
ba,37133,19476,7938.9,0.74639,0.21257
ba,37150,5048,6669.8,0.65167,0.30416
ba,37176,2575,3203.7,0.73958,0.22801
ba,37192,1792,4887.6,0.67670,0.29083
ba,37214,22981,8349.0,0.72233,0.22365
ba,37222,5242,2002.0,0.80750,0.16335
ba,37230,10307,3663.5,0.52912,0.43181
ba,37257,13734,1323.0,0.64155,0.31476
ba,37273,4874,1905.6,0.69096,0.27235
ba,37290,8004,1777.0,0.73636,0.22693
ba,37303,1124,5337.4,0.70351,0.26190
ba,37311,13707,19292.9,0.79818,0.17302
ba,37338,3842,1866.2,0.68259,0.29442
ba,37354,14268,5413.5,0.68604,0.26525
ba,37370,6531,456.5,0.56863,0.38484
ba,37397,4840,2974.2,0.63249,0.32614
ba,37419,19677,342.6,0.50454,0.44299
ba,37427,5176,3718.9,0.77596,0.16589
ba,37435,8933,2040.0,0.73658,0.22846
ba,37451,4752,1862.9,0.71591,0.23707
ba,37460,3281,4369.7,0.70574,0.26595
ba,37478,11417,5140.1,0.76280,0.19020
ba,37494,11997,1121.5,0.63840,0.30827
ba,37516,8256,8982.1,0.71034,0.23972
ba,37532,3193,4177.3,0.69164,0.26158
ba,39799,4949,3247.7,0.75203,0.21430
ba,37559,4102,5037.6,0.70942,0.25372
ba,37567,4457,1883.8,0.68207,0.26534
ba,39969,0,3885.2,0.57897,0.37881
ba,37575,3093,2242.6,0.67692,0.28840
ba,37583,3862,1040.7,0.81427,0.15959
ba,37591,5903,10173.1,0.81580,0.15087
ba,37613,15686,7581.0,0.45831,0.50170
ba,39942,1985,5055.1,0.66175,0.28243
ba,37621,3820,2383.5,0.74672,0.21458
ba,37630,11674,3242.4,0.78218,0.18100
ba,37656,9119,4241.9,0.73907,0.22917
ba,37672,3326,2072.1,0.77417,0.17228
ba,37680,2847,7963.3,0.53259,0.42372
ba,37699,9892,3664.2,0.75996,0.20970
ba,37710,4190,2053.3,0.79290,0.17392
ba,37737,9621,3449.9,0.72808,0.23250
ba,37753,8410,9774.5,0.75568,0.21482
ba,37770,15404,2873.7,0.73353,0.22770
ba,37796,0,5352.8,0.51808,0.44181
ba,37818,36993,27217.8,0.72789,0.22666
ba,37850,1962,6217.6,0.76353,0.18813
ba,37834,5042,0.0,0.80446,0.14450
ba,37877,11760,717.1,0.64920,0.28010
ba,37893,15816,6389.9,0.77574,0.19214
ba,37915,0,9773.3,0.72455,0.23585
ba,37931,11271,1620.5,0.66513,0.30458
ba,39837,5272,974.2,0.60798,0.35271
ba,37940,199,5452.6,0.65113,0.30235
ba,37958,6304,0.0,0.69881,0.25121
ba,37974,10755,0.0,0.68049,0.27644
ba,37990,4395,804.3,0.72372,0.24026
ba,38016,13567,1941.2,0.65335,0.30049
ba,38059,21477,0.0,0.74198,0.20995
ba,38067,4871,7197.6,0.70623,0.25250
ba,38075,61397,23396.4,0.48536,0.45170
ba,38091,5712,0.0,0.58824,0.37955
ba,38032,19542,8751.3,0.68640,0.26558
ba,38113,12915,6046.9,0.50025,0.46430
ba,38130,7438,2545.2,0.82981,0.14321
ba,38156,6663,760.1,0.75520,0.20462
ba,38164,0,15771.9,0.61941,0.32597
ba,39810,3842,6081.3,0.60559,0.34040
ba,38172,8104,7914.3,0.67435,0.28135
ba,38199,4098,12937.8,0.78247,0.18244
ba,39845,4824,1859.6,0.54548,0.41055
ba,39853,6194,7285.9,0.64966,0.31116
ba,38210,13734,11140.9,0.71798,0.24785
ba,38237,5252,5025.0,0.69544,0.25278
ba,38296,12323,5769.0,0.78918,0.17334
ba,38253,10643,4037.4,0.69055,0.27799
ba,38270,13966,8703.6,0.73465,0.20498
ba,38318,5616,4015.0,0.76886,0.19981
ba,38334,25546,9063.2,0.67380,0.27870
ba,38342,4137,2302.0,0.68117,0.28277
ba,38350,6946,2815.6,0.68236,0.27572
ba,38377,6534,2085.0,0.75504,0.21065
ba,38393,4740,2496.2,0.70130,0.26069
ba,38415,17130,5417.9,0.66378,0.28207
ba,38431,2697,3249.2,0.77344,0.19688
ba,38458,15780,1706.6,0.67254,0.28165
ba,38474,4803,6870.7,0.75742,0.19534
ba,38490,1325575,123894.5,0.65068,0.27215
ba,38539,5153,3602.0,0.77630,0.18370
ba,38512,1183,14761.4,0.74906,0.20834
ba,38555,13892,3707.1,0.54933,0.39639
ba,38571,3372,0.0,0.56880,0.37565
ba,38598,4475,1523.5,0.77283,0.19445
ba,39870,151,6773.5,0.60114,0.35655
ba,38636,11463,12466.1,0.66140,0.29289
ba,35491,14185,2757.8,0.70719,0.25721
ba,38695,6378,880.3,0.74054,0.22321
ba,38610,14030,11117.5,0.66229,0.28478
ba,38652,6459,9872.6,0.67717,0.29068
ba,38679,2796,4495.2,0.74266,0.21096
ba,38717,23671,12449.8,0.79540,0.15593
ba,38733,42329,17588.4,0.61757,0.31916
ba,38750,3155,27250.8,0.76855,0.19193
ba,38911,12391,0.0,0.71576,0.24025
ba,38946,0,9950.6,0.71321,0.23316
ba,38954,5726,835.8,0.71369,0.24627
ba,38970,16321,12346.7,0.75067,0.20187
ba,38997,4136,1611.7,0.68348,0.28079
ba,39012,25970,15778.7,0.61001,0.34342
ba,39039,19180,4513.5,0.62904,0.33353
ba,39047,4703,15555.4,0.67881,0.28380
ba,39055,5320,6270.4,0.60313,0.36625
ba,39071,9758,3157.4,0.78694,0.17990
ba,39098,20837,28903.9,0.70472,0.24344
ba,39110,0,8350.3,0.64663,0.30814
ba,39136,24771,43483.5,0.64714,0.27794
ba,39985,10144,5392.6,0.69357,0.25596
ba,39152,7545,3901.6,0.80568,0.15313
ba,38938,7963,2712.1,0.70997,0.24014
ba,38776,8410,14266.5,0.63015,0.32291
ba,38806,5446,1018.3,0.66712,0.27780
ba,38814,13011,906.1,0.67956,0.27615
ba,38830,18145,6160.6,0.80822,0.14876
ba,38792,7859,0.0,0.77594,0.17709
ba,38822,2712,7162.7,0.58281,0.37209
ba,39896,7603,6027.7,0.80420,0.16292
ba,38857,5855,17988.0,0.76572,0.18420
ba,39926,3732,0.0,0.57936,0.37423
ba,38865,4392,2371.4,0.67805,0.27780
ba,38873,5757,1613.7,0.71707,0.23909
ba,38890,15342,10577.7,0.81892,0.13862
ba,39144,3768,5010.2,0.68584,0.27891
ba,39900,3231,4743.3,0.73809,0.22650
ba,39179,3422,4827.3,0.71489,0.24661
ba,39195,3687,10796.8,0.70350,0.25156
ba,39918,2158,9486.6,0.73786,0.21673
ba,39217,2697,3547.4,0.71674,0.24471
ba,39233,0,10409.5,0.68767,0.26816
ba,39250,7008,934.1,0.71443,0.24637
ba,39934,27524,52889.3,0.41807,0.52988
ba,39276,5368,0.0,0.82634,0.13361
ba,39292,6743,7130.4,0.78230,0.18186
ba,39314,1869,6970.3,0.68773,0.27027
ba,39330,5105,2770.8,0.76264,0.18699
ba,39357,7876,3226.0,0.68306,0.27252
ba,39373,18221,13919.1,0.75258,0.20873
ba,39390,16865,620.1,0.80432,0.15707
ba,39438,9711,489.6,0.57807,0.37224
ba,39454,8712,0.0,0.59124,0.35205
ba,39411,11384,472.9,0.64348,0.31074
ba,39470,7211,2387.7,0.75552,0.20692
ba,39489,4865,3844.6,0.65397,0.31001
ba,39497,10791,1157.0,0.53506,0.40934
ba,39519,10210,505.2,0.74000,0.22773
ba,39535,12204,1111.4,0.59801,0.36251
ba,39551,5159,4670.4,0.69136,0.26744
ba,39594,15725,799.4,0.60050,0.33998
ba,39578,9734,40509.1,0.62119,0.31594
ba,39624,3608,3921.3,0.64925,0.30330
ba,39632,5171,22589.4,0.71484,0.23483
ba,39640,2071,2943.3,0.62550,0.33900
ba,39659,120481,86536.8,0.48919,0.43882
ba,39977,4755,3490.4,0.69452,0.26274
ba,39616,5605,0.0,0.68989,0.26653
ba,39950,8316,0.0,0.67762,0.27246
ba,39675,2824,2453.3,0.69924,0.26470
ba,39993,5059,3218.2,0.62771,0.34612
ba,39691,6955,5422.2,0.62848,0.32565
ba,39713,14173,12184.1,0.66463,0.28780
ba,33073,4947,5006.4,0.74596,0.20835
ba,33090,3964,2051.1,0.72962,0.22678
ce,13013,1698,3946.3,0.79154,0.17992
ce,13145,2821,7619.2,0.54462,0.41231
ce,13030,18463,19211.2,0.61327,0.34470
ce,13056,18311,11906.5,0.73793,0.22297
ce,13072,5367,3135.8,0.79817,0.16406
ce,13099,4811,2980.9,0.74706,0.19591
ce,13110,5413,0.0,0.81898,0.13583
ce,13137,8276,1473.5,0.72825,0.23134
ce,15873,13156,15013.6,0.70704,0.25714
ce,13153,5198,0.0,0.79023,0.16653
ce,13170,642,9559.3,0.69963,0.25132
ce,13196,23612,33235.8,0.56918,0.37419
ce,13218,33232,13108.8,0.62561,0.31894
ce,13234,10713,10103.0,0.66081,0.29900
ce,13420,4678,3104.0,0.71771,0.25003
ce,13250,10376,3031.0,0.81809,0.15060
ce,13277,6746,2879.2,0.69998,0.25603
ce,13293,3891,1319.3,0.73312,0.22290
ce,13315,10102,4156.9,0.76039,0.19188
ce,13331,11877,3288.4,0.72908,0.22609
ce,13358,4085,321.8,0.79093,0.17586
ce,13382,12727,0.0,0.74634,0.22084
ce,13374,27901,15069.1,0.66758,0.28069
ce,13129,0,16272.2,0.54914,0.40841
ce,13390,11970,482.6,0.80228,0.16121
ce,13404,0,11892.0,0.71020,0.23678
ce,13412,12266,10612.2,0.70190,0.25700
ce,13439,18114,19988.3,0.61749,0.32734
ce,13455,11210,5560.3,0.58608,0.35852
ce,13471,13965,18484.9,0.70816,0.22837
ce,13498,26265,3000.7,0.75176,0.21006
ce,13510,26490,12781.7,0.60370,0.33320
ce,13536,15513,258.6,0.79303,0.17171
ce,13552,5930,42203.0,0.73181,0.22692
ce,13579,11600,1602.6,0.72145,0.24061
ce,13595,13264,685.8,0.71610,0.23991
ce,13633,16504,3111.2,0.72528,0.22800
ce,13617,4704,6787.9,0.64033,0.31189
ce,13650,10091,2388.7,0.75864,0.20756
ce,13676,7601,3136.0,0.63159,0.31533
ce,13692,30983,17524.8,0.59387,0.34991
ce,13714,5891,1129.9,0.74212,0.22078
ce,13447,5700,1649.3,0.77543,0.19222
ce,13730,149524,54962.3,0.55694,0.37433
ce,13757,12877,2745.5,0.74407,0.21260
ce,13773,6748,1382.8,0.75193,0.21003
ce,13161,0,14905.6,0.65043,0.30636
ce,13463,6275,2881.9,0.73799,0.23050
ce,13811,14941,347.7,0.68979,0.26892
ce,13838,34401,13164.1,0.69954,0.26795
ce,13854,56818,22629.6,0.75822,0.19584
ce,15881,5547,5838.0,0.72427,0.22341
ce,15890,11129,7354.1,0.59211,0.35761
ce,15989,5177,794.1,0.76989,0.18204
ce,13200,3475,871.7,0.76969,0.19358
ce,13226,40982,7101.2,0.47402,0.45341
ce,13870,0,14505.9,0.78641,0.17979
ce,15911,5042,10639.3,0.56057,0.35273
ce,13897,1219059,274220.2,0.53086,0.39652
ce,13501,1021,12340.6,0.58705,0.35619
ce,13919,4539,6588.7,0.62105,0.32785
ce,13935,5098,1358.6,0.71715,0.24424
ce,13951,17550,15548.8,0.77269,0.18843
ce,13978,0,4745.2,0.78223,0.19032
ce,13064,367,7254.0,0.77798,0.18511
ce,13994,149,7220.1,0.59716,0.33124
ce,13242,10564,6815.8,0.69877,0.26446
ce,14010,14606,11277.1,0.64890,0.30025
ce,14036,5158,0.0,0.68790,0.26529
ce,14052,1886,10703.1,0.66902,0.28144
ce,13188,47171,3351.2,0.57615,0.35600
ce,14060,8342,2602.7,0.74553,0.22047
ce,14079,9281,5781.1,0.59486,0.33894
ce,15920,4306,6042.6,0.68729,0.28007
ce,15938,0,14810.6,0.62126,0.34438
ce,14095,24103,15097.3,0.69601,0.25658
ce,14117,48830,9012.6,0.75347,0.20241
ce,14133,13216,3708.4,0.69234,0.27478
ce,13340,5233,2699.7,0.72071,0.24970
ce,14150,6953,578.0,0.77301,0.19002
ce,14176,15278,11727.3,0.67870,0.27672
ce,14192,17144,5563.3,0.67866,0.27832
ce,14214,9039,210.3,0.74336,0.22552
ce,14230,7315,8636.7,0.70956,0.25240
ce,13480,31164,281.3,0.56409,0.37308
ce,14257,5670,245.2,0.63156,0.31514
ce,14273,18732,13544.9,0.56018,0.39825
ce,14290,45016,39513.3,0.66443,0.28625
ce,14311,8849,4018.5,0.67576,0.28687
ce,15954,4481,21776.4,0.58889,0.37025
ce,14338,4262,9776.6,0.73992,0.22663
ce,14354,9448,2878.0,0.74117,0.21388
ce,14370,5898,1561.0,0.73374,0.23089
ce,14397,17922,5022.2,0.72819,0.22304
ce,14419,13135,9261.4,0.62405,0.33019
ce,14435,14611,2041.8,0.75261,0.20615
ce,14451,4542,790.1,0.78712,0.18003
ce,13005,14490,2209.0,0.56149,0.37902
ce,14478,150369,11367.4,0.66667,0.26576
ce,14494,14873,150.3,0.71375,0.23907
ce,14516,14017,4638.8,0.76822,0.19533
ce,14532,14673,23445.9,0.65745,0.28074
ce,13021,4690,6609.5,0.70988,0.24403
ce,15857,112801,37470.8,0.53845,0.39484
ce,14559,64029,5482.3,0.59703,0.35143
ce,14575,18710,0.0,0.50835,0.45399
ce,14591,4776,4055.0,0.74950,0.21174
ce,14613,19622,6132.5,0.64238,0.30717
ce,14630,16381,12786.9,0.70336,0.26440
ce,14656,7031,3488.6,0.67186,0.25877
ce,14672,13672,3813.5,0.80968,0.15190
ce,15970,6789,2402.2,0.75530,0.20540
ce,14680,8193,1502.0,0.77189,0.19095
ce,14699,8141,15671.0,0.74584,0.21595
ce,14710,19646,4664.8,0.74335,0.22318
ce,14737,11114,241.6,0.72420,0.24452
ce,14753,25068,20083.4,0.60097,0.33858
ce,14770,4828,1516.7,0.68687,0.26968
ce,14796,9848,5253.3,0.47400,0.48895
ce,14818,7259,2028.8,0.68645,0.25570
ce,14834,7095,654.9,0.68930,0.28177
ce,14850,9956,267.8,0.74541,0.21703
ce,14877,14510,4570.2,0.65814,0.30019
ce,14893,12965,4016.0,0.74423,0.22529
ce,13307,6201,15288.8,0.67549,0.28020
ce,14915,9015,4539.7,0.72304,0.23869
ce,14931,32438,12623.7,0.55192,0.38120
ce,14958,37008,10192.7,0.56231,0.37820
ce,14974,8498,0.0,0.71522,0.24226
ce,14990,631,4569.3,0.76619,0.17578
ce,15016,6837,1213.1,0.58313,0.36079
ce,15032,7629,264.5,0.67366,0.28561
ce,15059,26629,0.0,0.62445,0.32695
ce,15997,20270,2300.0,0.56429,0.38635
ce,15075,15386,3904.2,0.62942,0.33440
ce,15091,7938,277.4,0.72074,0.24357
ce,15113,21240,4295.2,0.79012,0.17282
ce,15130,0,7003.7,0.73764,0.21527
ce,15156,11883,14505.0,0.67702,0.28195
ce,15172,9307,1836.9,0.76511,0.19238
ce,13285,3720,13406.7,0.64667,0.30995
ce,15199,6061,3260.9,0.74887,0.22548
ce,13048,0,6776.5,0.70206,0.24126
ce,15210,6582,1212.8,0.79289,0.18009
ce,15237,8402,2904.4,0.80782,0.16484
ce,15253,4416,2050.4,0.82871,0.14420
ce,13269,3988,943.3,0.74075,0.23154
ce,13102,9163,4032.3,0.74807,0.20973
ce,15270,26997,22592.6,0.61518,0.34665
ce,98531,2871,9549.8,0.77536,0.19745
ce,15296,8978,39450.4,0.74940,0.20651
ce,15318,0,15266.7,0.67505,0.28125
ce,15334,4621,14658.1,0.65584,0.29178
ce,15350,10250,2427.9,0.73055,0.21400
ce,15377,36090,11391.6,0.62563,0.31212
ce,15393,7552,2178.9,0.77305,0.19862
ce,15440,7129,4630.4,0.73964,0.23069
ce,15458,16458,10171.7,0.72831,0.21318
ce,15415,15047,5596.0,0.71134,0.24507
ce,15431,6788,4254.4,0.82310,0.14355
ce,15555,12422,3653.4,0.66121,0.29840
ce,15571,0,5599.7,0.66753,0.27708
ce,15598,56095,65171.4,0.55977,0.36262
ce,15610,6714,4596.3,0.71232,0.23414
ce,15474,18871,9228.9,0.60488,0.34160
ce,15490,34759,5870.3,0.56141,0.37830
ce,15512,0,4280.0,0.73913,0.21299
ce,15539,7866,2003.6,0.67120,0.28887
ce,15636,14985,5375.0,0.73919,0.21648
ce,15652,13856,2509.4,0.74679,0.22227
ce,13366,4843,653.5,0.79794,0.17060
ce,15679,32816,3008.8,0.64027,0.31845
ce,13323,8876,3955.6,0.68962,0.26509
ce,15695,18679,29762.7,0.54430,0.40500
ce,15717,23728,17021.8,0.64684,0.30866
ce,13080,9161,3533.5,0.65114,0.30934
ce,15733,694,20263.2,0.59582,0.33286
ce,15750,4900,273.7,0.72826,0.23472
ce,98558,6984,5708.2,0.70425,0.25799
ce,15776,13229,1589.7,0.67245,0.28914
ce,15792,3404,5798.8,0.71292,0.25959
ce,98574,472,12701.2,0.58289,0.29897
ce,15830,17209,19781.3,0.64925,0.30692
ce,15814,20742,4568.6,0.74770,0.21173
df,97012,1762818,10251.4,0.38123,0.51295
es,56014,17917,549.3,0.33511,0.59540
es,56030,17078,0.0,0.43159,0.50690
es,56057,9603,0.0,0.25642,0.67545
es,56065,4821,0.0,0.50541,0.43258
es,56073,19472,0.0,0.36460,0.56924
es,56090,4686,0.0,0.44435,0.50043
es,56111,55209,0.0,0.37857,0.54787
es,56138,7313,0.0,0.39430,0.55657
es,56154,18410,0.0,0.37425,0.56584
es,56170,23862,773.7,0.40544,0.53866
es,56197,8621,0.0,0.47672,0.46861
es,56219,6388,0.0,0.42377,0.51125
es,56146,7705,0.0,0.37319,0.56682
es,56235,105465,0.0,0.27340,0.65708
es,56251,204448,0.0,0.39809,0.51858
es,56278,22879,0.0,0.22009,0.71382
es,56294,68118,0.0,0.30666,0.61106
es,56316,13892,3579.1,0.56895,0.37964
es,56332,7261,0.0,0.25093,0.67768
es,56359,3768,0.0,0.34972,0.59652
es,56375,22567,0.0,0.24169,0.68146
es,56391,4684,0.0,0.37939,0.55882
es,56413,13731,0.0,0.51323,0.43280
es,56430,11025,0.0,0.44401,0.49440
es,56308,6695,0.0,0.42292,0.50532
es,56472,67593,6425.2,0.31578,0.60775
es,56456,16038,0.0,0.37695,0.55699
es,57096,15002,0.0,0.27455,0.66891
es,56499,7247,0.0,0.36903,0.56080
es,56502,5857,0.0,0.29682,0.64743
es,56510,8732,0.0,0.30796,0.62168
es,56049,8219,0.0,0.25103,0.70035
es,56537,8399,0.0,0.38854,0.54688
es,56553,28273,0.0,0.29189,0.65692
es,56570,7008,0.0,0.29306,0.63311
es,56596,15478,0.0,0.27707,0.66536
es,57134,18269,0.0,0.53477,0.41650
es,56618,7447,0.0,0.40548,0.51838
es,56626,9582,0.0,0.35869,0.57340
es,57916,7547,0.0,0.31799,0.62419
es,56634,87971,0.0,0.34123,0.59113
es,56650,7410,0.0,0.39973,0.55356
es,56120,26350,0.0,0.29653,0.65015
es,56103,10818,0.0,0.29803,0.62022
es,57070,8478,0.0,0.31494,0.62454
es,56677,14756,0.0,0.45710,0.48116
es,56693,11112,0.0,0.50677,0.44633
es,56715,3606,248.1,0.56295,0.38563
es,56731,10807,0.0,0.38543,0.54813
es,56758,8486,0.0,0.41437,0.51792
es,56774,30349,0.0,0.42567,0.51005
es,56790,11123,0.0,0.41433,0.53473
es,57150,12897,0.0,0.54134,0.40511
es,56812,14104,0.0,0.55951,0.38415
es,56839,13446,0.0,0.35665,0.57973
es,56200,4776,0.0,0.57964,0.37239
es,56855,10041,0.0,0.31445,0.63955
es,57118,11444,0.0,0.38209,0.55795
es,56871,6965,0.0,0.24605,0.69845
es,56898,7593,0.0,0.40842,0.51326
es,57932,24483,0.0,0.22701,0.69930
es,56910,14629,0.0,0.29237,0.62869
es,56995,265365,3518.8,0.42076,0.49188
es,56189,14592,0.0,0.43153,0.50686
es,56006,6498,0.0,0.43867,0.50504
es,56936,19855,0.0,0.37152,0.56615
es,56952,7223,0.0,0.48996,0.45574
es,56979,64567,2484.6,0.47330,0.46460
es,56162,7357,0.0,0.34488,0.59299
es,57959,12328,0.0,0.25797,0.68781
es,57975,14743,0.0,0.20995,0.72109
es,57010,42055,0.0,0.40005,0.52113
es,56081,6340,0.0,0.46617,0.47157
es,56227,10138,0.0,0.46465,0.47497
es,57037,270064,0.0,0.35549,0.55476
es,57053,209071,203.7,0.41584,0.49439
es,56022,8169,0.0,0.47700,0.47235
es,57991,6950,0.0,0.50550,0.43944
zz,29254,0,54.4,0.47096,0.40542
zz,29262,1355,0.0,0.35538,0.52479
zz,99198,0,6.8,0.19209,0.10229
zz,29270,0,17.5,0.53484,0.42284
zz,99325,0,3.4,0.19206,0.12549
zz,30457,6274,0.0,0.72464,0.18167
zz,29289,783,0.0,0.67433,0.19971
zz,29297,0,35.8,0.67513,0.28526
zz,29300,0,72.0,0.20756,0.12022
zz,29319,367,0.0,0.31501,0.58152
zz,29327,1061,0.0,0.22865,0.69722
zz,39241,0,14.1,0.15157,0.15835
zz,29335,494,0.0,0.42084,0.45869
zz,39080,4903,0.0,0.24545,0.67069
zz,99171,0,37.5,0.15585,0.17610
zz,39128,0,9.4,0.13677,0.20326
zz,99350,0,18.8,0.21537,0.09400
zz,29343,99,0.0,0.40944,0.47889
zz,29351,5043,0.0,0.71534,0.20877
zz,99473,0,52.4,0.25018,0.62789
zz,29360,3883,0.0,0.61489,0.32408
zz,29378,48,0.0,0.60681,0.22800
zz,38881,0,11.5,0.20381,0.11971
zz,29386,8019,0.0,0.79924,0.12606
zz,29394,0,49.0,0.49947,0.49641
zz,29408,0,658.1,0.50969,0.39937
zz,29416,0,18585.3,0.22981,0.70376
zz,39209,58,0.0,0.40013,0.30979
zz,39187,0,1.0,0.11500,0.19801
zz,29424,0,33.0,0.24868,0.09388
zz,29432,4975,0.0,0.51726,0.38424
zz,29440,62,0.0,0.52845,0.29148
zz,29459,464,0.0,0.73862,0.19103
zz,29467,5309,0.0,0.65680,0.27340
zz,29475,1084,0.0,0.42989,0.49098
zz,29483,64,0.0,0.60122,0.33245
zz,29491,2593,0.0,0.55663,0.32096
zz,30651,92,0.0,0.26566,0.65908
zz,29505,53,227.2,0.24382,0.09449
zz,99384,0,36.8,0.23033,0.06013
zz,29513,0,3397.6,0.52807,0.36959
zz,29521,0,19.5,0.18996,0.13660
zz,29530,160,0.0,0.53074,0.35543
zz,29556,2503,0.0,0.06585,0.91046
zz,29564,0,49.8,0.24728,0.07446
zz,99210,0,0.2,0.43654,0.00000
zz,29572,185,0.0,0.35044,0.58693
zz,30929,0,15.4,0.19038,0.12003
zz,38903,0,9.4,0.24532,0.13116
zz,29580,0,42.3,0.00000,0.98126
zz,29599,1476,0.0,0.76341,0.14763
zz,38920,0,9.6,0.22897,0.11103
zz,29602,367,0.0,0.49420,0.42729
zz,29610,79,0.0,0.46868,0.44692
zz,29629,0,0.8,0.42514,0.46048
zz,29637,108,0.0,0.26308,0.08555
zz,38962,0,8.0,0.71821,0.26569
zz,29653,357,0.0,0.33511,0.58444
zz,29661,8299,0.0,0.72692,0.19031
zz,29645,0,63.6,0.27656,0.60951
zz,99503,677,0.0,0.46688,0.32912
zz,29670,141,0.0,0.08971,0.87689
zz,29688,2540,0.0,0.68199,0.20584
zz,30961,2670,0.0,0.45350,0.45257
zz,29696,5495,0.0,0.66284,0.23929
zz,30669,0,10.7,0.19034,0.10675
zz,29700,5063,0.0,0.45797,0.43380
zz,29718,53,0.0,0.07268,0.82798
zz,98000,0,143.5,0.23659,0.64018
zz,29742,6475,0.0,0.13263,0.73789
zz,29750,0,31.5,0.60481,0.28768
zz,29769,0,6.1,0.27667,0.05245
zz,30902,1895,0.0,0.30981,0.60362
zz,29777,0,32.0,0.86342,0.08553
zz,29785,693,0.0,0.62080,0.25260
zz,29793,244,0.0,0.31611,0.53580
zz,29807,126,2563.9,0.31944,0.57471
zz,29815,0,8.2,0.32475,0.00594
zz,38989,0,11.5,0.18043,0.13787
zz,29823,0,12.8,0.19995,0.10385
zz,29831,0,15.2,0.30788,0.02477
zz,39306,127,0.0,0.56147,0.36635
zz,29840,31,0.0,0.27775,0.65367
zz,29173,0,14.5,0.00000,0.99172
zz,29858,0,66.0,0.16446,0.14739
zz,99430,0,12.5,0.48493,0.48921
zz,29874,0,13.5,0.12392,0.82701
zz,29882,73,0.0,0.23361,0.64937
zz,29890,82,0.0,0.43586,0.48024
zz,29904,224,0.0,0.33514,0.57147
zz,29912,0,32.8,0.59189,0.29766
zz,29939,0,12.2,0.27856,0.02549
zz,99341,0,6.8,0.28348,0.05935
zz,29947,0,828.0,0.36254,0.51455
zz,29955,27936,0.0,0.54159,0.37249
zz,39160,98,0.0,0.63225,0.25369
zz,29963,0,9.2,0.25714,0.03614
zz,29971,14472,0.0,0.55913,0.36420
zz,29980,0,6418.2,0.47313,0.44152
zz,29998,264,0.0,0.50007,0.43766
zz,99287,0,10.3,0.74656,0.17776
zz,30066,6554,0.0,0.53938,0.36284
zz,39263,0,4.7,0.13677,0.20326
zz,30082,62,0.0,0.29494,0.60120
zz,30074,0,80.2,0.43493,0.44318
zz,30090,214,0.0,0.39010,0.54077
zz,99511,868,0.0,0.50812,0.29890
zz,39102,0,41.9,0.24703,0.67496
zz,39004,112,0.0,0.36740,0.56321
zz,30104,0,1391.8,0.43624,0.46521
zz,30112,0,15678.8,0.19635,0.73623
zz,30120,7163,0.0,0.50798,0.39911
zz,30147,1263,0.0,0.54604,0.35678
zz,30155,933,5754.9,0.59831,0.29897
zz,30163,0,95.4,0.46828,0.43161
zz,30171,0,12.0,0.73871,0.20057
zz,30180,5288,0.0,0.63151,0.24939
zz,30198,15406,0.0,0.13066,0.74842
zz,30201,46,0.0,0.46412,0.48999
zz,99180,0,25.7,0.33186,0.61897
zz,39322,57,0.0,0.51815,0.33045
zz,30210,50,0.0,0.63260,0.32532
zz,30228,0,15333.3,0.44840,0.46876
zz,99490,0,19789.5,0.42807,0.34893
zz,30244,884,0.0,0.66179,0.22297
zz,30252,1361,0.0,0.53220,0.33049
zz,30260,658,0.0,0.33713,0.54400
zz,30279,540,0.0,0.23228,0.69238
zz,30287,10341,0.0,0.77534,0.16042
zz,30295,0,70.0,0.21600,0.09422
zz,30309,295,0.0,0.23215,0.69946
zz,30317,134,0.0,0.59323,0.31821
zz,30325,0,25.5,0.44277,0.51596
zz,30341,19728,0.0,0.53464,0.37505
zz,30333,0,5.1,0.30385,0.60530
zz,30350,397,0.0,0.63588,0.24636
zz,30368,70,0.0,0.56521,0.37172
zz,30376,259,0.0,0.24114,0.66354
zz,99155,0,8.3,0.92746,0.05407
zz,99236,0,8.0,0.18172,0.12719
zz,99295,0,0.8,0.23754,0.55878
zz,30392,0,378.1,0.28501,0.62740
zz,30406,42,0.0,0.63944,0.21266
zz,30414,1157,0.0,0.85679,0.08775
zz,30422,83,0.0,0.44576,0.42556
zz,30430,0,28.4,0.45889,0.32800
zz,99244,0,30.1,0.23427,0.07882
zz,30449,4432,0.0,0.57838,0.32645
zz,99147,0,0.8,0.24581,0.18638
zz,30465,525,0.0,0.00539,0.98823
zz,30473,1428,0.0,0.14061,0.81279
zz,99279,0,0.8,0.43399,0.32042
zz,30481,1971,0.0,0.46186,0.42516
zz,30988,0,8.2,0.20578,0.11468
zz,30538,216,0.0,0.59589,0.30413
zz,29548,348,0.0,0.47322,0.33301
zz,99333,0,6.8,0.23573,0.05942
zz,30562,5536,0.0,0.54593,0.33142
zz,30490,188,0.0,0.30544,0.59249
zz,30503,0,5337.0,0.54533,0.36080
zz,30511,0,399.4,0.37493,0.50438
zz,30520,0,82.7,0.32245,0.56293
zz,39225,0,34.7,0.21278,0.09150
zz,30546,0,55.8,0.63137,0.25564
zz,30570,218,0.0,0.37141,0.49752
zz,99317,190,0.0,0.72450,0.17354
zz,99104,0,157.7,0.21360,0.10426
zz,30597,0,19.6,0.40813,0.54476
zz,30600,0,68.2,0.38912,0.55411
zz,30619,704,0.0,0.36738,0.53402
zz,99139,0,10.1,0.20888,0.11858
zz,30635,479,11760.6,0.48599,0.41919
zz,30686,0,39.7,0.22923,0.10073
zz,30708,0,19.4,0.59172,0.40828
zz,30627,12400,0.0,0.18773,0.67965
zz,39284,0,3.9,0.24131,0.06308
zz,39063,0,6812.7,0.53672,0.36169
zz,30740,282,0.0,0.62119,0.27206
zz,30767,1471,0.0,0.63742,0.24231
zz,30783,0,6460.0,0.47734,0.42859
zz,30805,332,0.0,0.68480,0.22206
zz,30821,0,20.3,0.08165,0.85405
zz,30848,181,0.0,0.50780,0.34299
zz,99376,0,3.4,0.19064,0.11404
zz,39020,48,0.0,0.53866,0.33663
zz,30864,5790,0.0,0.49984,0.39363
go,93360,11337,0.0,0.30391,0.51714
go,92010,9441,0.0,0.23726,0.61526
go,96458,12162,0.0,0.31484,0.58957
go,96911,0,2306.0,0.17223,0.69402
go,92053,16699,0.0,0.24188,0.60099
go,92096,0,1703.6,0.33418,0.52391
go,92940,0,4620.8,0.28728,0.57826
go,92118,5466,0.0,0.51039,0.35094
go,92150,4956,0.0,0.40901,0.44938
go,93386,2126,0.0,0.42064,0.43310
go,96610,4328,0.0,0.36371,0.47540
go,92177,2954,0.0,0.33409,0.53459
go,92231,1054,0.0,0.38502,0.46147
go,92258,11714,0.0,0.29406,0.54336
go,92215,215471,0.0,0.21826,0.63089
go,92274,236089,23117.7,0.31062,0.51022
go,93009,2421,0.0,0.35886,0.52417
go,92290,2449,0.0,0.29961,0.54268
go,92339,10350,0.0,0.34817,0.54835
go,92355,7769,0.0,0.33482,0.49960
go,96695,4520,0.0,0.36098,0.49919
go,92312,3362,0.0,0.38261,0.45704
go,96717,2745,0.0,0.37548,0.50288
go,92495,5025,0.0,0.35313,0.49041
go,92517,0,2447.4,0.43698,0.43396
go,92550,0,3615.7,0.27652,0.57945
go,92614,2418,0.0,0.46315,0.42250
go,92630,1386,6123.1,0.30945,0.54948
go,92657,17872,0.0,0.28439,0.51864
go,92673,5714,0.0,0.40621,0.49012
go,92690,13011,0.0,0.33499,0.55681
go,92029,6086,0.0,0.34788,0.48670
go,93408,0,2796.9,0.42348,0.44382
go,92711,2890,0.0,0.33894,0.50160
go,92754,0,3912.8,0.28969,0.56830
go,92770,5974,0.0,0.33941,0.53329
go,93106,2665,0.0,0.23044,0.60717
go,93262,2079,410.3,0.42357,0.42592
go,92797,5578,0.0,0.39367,0.48041
go,92819,5474,0.0,0.33766,0.53071
go,92835,0,1526.8,0.34496,0.50420
go,96733,5321,0.0,0.40799,0.47801
go,92878,9784,0.0,0.31692,0.56686
go,92894,39698,9788.7,0.26602,0.59390
go,93122,3183,0.0,0.31268,0.48649
go,92916,2957,0.0,0.35616,0.49360
go,96873,2428,259.1,0.38142,0.48815
go,92932,6218,679.4,0.25153,0.60941
go,92959,4502,0.0,0.36631,0.51020
go,93580,5170,0.0,0.25174,0.58374
go,92975,6773,3767.1,0.49095,0.35909
go,92061,0,3387.7,0.52553,0.34283
go,92991,0,5519.6,0.29058,0.58131
go,92967,2851,0.0,0.39904,0.51648
go,93017,56341,0.0,0.36327,0.49297
go,93033,4037,0.0,0.40476,0.45098
go,93050,4801,574.5,0.68973,0.18138
go,92851,8000,0.0,0.25750,0.63585
go,93076,12932,234.7,0.26779,0.59634
go,92100,5735,0.0,0.31623,0.53272
go,92924,7158,0.0,0.23017,0.68054
go,93025,34789,3114.5,0.37666,0.47455
go,92886,12822,0.0,0.31442,0.53480
go,92126,0,2765.6,0.52647,0.32895
go,93190,0,5349.1,0.32275,0.53331
go,93173,5856,0.0,0.31217,0.52869
go,93254,23208,6086.9,0.22737,0.66574
go,93270,2983,0.0,0.23085,0.60856
go,93297,8445,548.6,0.41978,0.42832
go,93319,323,2835.4,0.31946,0.52705
go,93335,1926,0.0,0.48660,0.38944
go,93157,2450,0.0,0.18905,0.66814
go,93351,2916,0.0,0.34992,0.49879
go,93378,2826,0.0,0.32722,0.46853
go,93394,2880,0.0,0.45339,0.40843
go,93432,1618,292.3,0.28296,0.56660
go,93092,2742,788.3,0.49491,0.35957
go,96750,4426,0.0,0.32216,0.53065
go,92207,2849,251.2,0.26629,0.60419
go,93491,7127,0.0,0.29071,0.58148
go,93513,2393,0.0,0.36787,0.47094
go,92223,4809,0.0,0.43401,0.42947
go,93530,4287,0.0,0.32728,0.53556
go,93572,6873,0.0,0.23791,0.61996
go,93599,4648,1340.9,0.43384,0.41547
go,93610,56637,2132.7,0.31672,0.52427
go,93637,2408,925.0,0.42830,0.45197
go,93564,2910,0.0,0.31654,0.52560
go,93696,3627,0.0,0.43798,0.41918
go,93750,34122,242.0,0.33693,0.49265
go,93670,8349,0.0,0.20123,0.66939
go,93718,42801,1350.5,0.29253,0.55282
go,93793,21192,0.0,0.24428,0.61445
go,93777,13869,0.0,0.45865,0.40710
go,93734,783730,7785.8,0.28175,0.54745
go,92266,0,3142.3,0.47797,0.38769
go,93815,10914,0.0,0.35637,0.45601
go,93831,3807,0.0,0.45648,0.29688
go,93149,2205,0.0,0.36659,0.49929
go,92860,1908,198.1,0.47516,0.38400
go,93874,3176,0.0,0.35441,0.52048
go,93912,139,2691.5,0.40705,0.45977
go,93890,15128,2544.3,0.27469,0.45530
go,93939,4518,1879.7,0.42058,0.38181
go,93165,0,3651.9,0.46683,0.39737
go,96814,3603,5937.3,0.36591,0.50879
go,93955,30644,0.0,0.30976,0.50098
go,93971,15004,0.0,0.33665,0.52326
go,93548,0,2495.7,0.30809,0.55863
go,93998,19506,296.2,0.28300,0.57244
go,94013,2180,0.0,0.36716,0.48480
go,94030,24136,332.8,0.33443,0.52429
go,92282,3815,274.7,0.37671,0.46272
go,94072,3463,774.7,0.42558,0.45070
go,94110,2790,0.0,0.27703,0.56982
go,94137,11395,0.0,0.37240,0.50811
go,94153,669,4521.2,0.37360,0.49952
go,94196,17051,0.0,0.34876,0.50786
go,94218,3396,0.0,0.34270,0.53506
go,94234,6113,0.0,0.34050,0.51584
go,94250,54976,0.0,0.28757,0.57550
go,94277,507,1676.4,0.38002,0.47919
go,94293,4726,0.0,0.30600,0.56888
go,94315,25426,0.0,0.20096,0.62929
go,94331,54913,0.0,0.26261,0.62285
go,94358,2325,0.0,0.37650,0.47096
go,92983,0,2048.1,0.26486,0.60853
go,94374,4522,0.0,0.33464,0.54616
go,94390,9443,1675.8,0.28991,0.57055
go,93602,1249,0.0,0.29187,0.57074
go,94439,5262,260.8,0.33487,0.51795
go,94455,73447,29769.6,0.30109,0.52649
go,94471,2662,0.0,0.30969,0.52009
go,94498,4962,0.0,0.29751,0.60653
go,94510,6696,0.0,0.34987,0.49654
go,94536,0,2259.5,0.35948,0.50004
go,92320,1175,1764.4,0.37443,0.47675
go,94579,5750,0.0,0.43534,0.45889
go,92347,2581,0.0,0.37225,0.46463
go,96474,16026,0.0,0.35933,0.51917
go,94595,37346,576.1,0.27476,0.60172
go,94650,125,1729.3,0.29307,0.55892
go,94676,1561,2392.1,0.57158,0.27983
go,94714,5369,0.0,0.30338,0.57002
go,92363,7559,0.0,0.23096,0.68831
go,93181,1668,1099.1,0.36596,0.50849
go,94730,27641,255.1,0.28327,0.56108
go,92169,2453,0.0,0.27294,0.57501
go,94757,0,3632.7,0.46695,0.39754
go,94773,8369,200.4,0.32498,0.52315
go,96512,3854,0.0,0.37162,0.51793
go,94790,2620,228.9,0.29401,0.54226
go,94854,5848,0.0,0.29658,0.57103
go,94870,18587,0.0,0.30853,0.52609
go,94897,19748,276.4,0.33161,0.47918
go,94919,2204,0.0,0.30936,0.51144
go,94935,1809,0.0,0.42411,0.43050
go,96539,6936,0.0,0.39783,0.47772
go,96555,665,4737.4,0.35597,0.50622
go,93084,2042,0.0,0.35869,0.51094
go,94951,2117,0.0,0.52277,0.28616
go,94978,0,6503.6,0.31877,0.53281
go,95010,2747,0.0,0.33743,0.53373
go,93327,38377,6381.4,0.37555,0.48909
go,92444,3050,0.0,0.35650,0.51246
go,95036,9333,0.0,0.26349,0.54618
go,95052,2962,0.0,0.26409,0.55863
go,95079,7771,0.0,0.38628,0.47645
go,95095,12042,3073.3,0.33430,0.51611
go,92460,2661,0.0,0.30027,0.57782
go,95117,17529,0.0,0.27762,0.60602
go,95133,1762,0.0,0.33511,0.51395
go,95150,3393,0.0,0.23149,0.62258
go,95176,2270,0.0,0.36207,0.48512
go,94552,5317,0.0,0.42125,0.44469
go,95230,6854,0.0,0.27407,0.61309
go,93068,2278,0.0,0.31835,0.54045
go,95311,5852,0.0,0.27354,0.58140
go,95354,2670,0.0,0.42064,0.44551
go,95397,13789,0.0,0.32601,0.50690
go,95419,6945,0.0,0.31787,0.54603
go,95435,15379,231.0,0.33327,0.52002
go,95451,16043,0.0,0.25930,0.61116
go,95958,42221,6861.9,0.39342,0.46788
go,95494,11093,0.0,0.30575,0.55105
go,95559,22946,0.0,0.33975,0.54853
go,93424,2779,0.0,0.36527,0.50928
go,95575,2541,0.0,0.33841,0.54201
go,95613,19415,0.0,0.37205,0.49118
go,93041,2740,0.0,0.40007,0.44365
go,95630,26197,0.0,0.31465,0.56208
go,95656,7188,0.0,0.25995,0.61817
go,95672,0,3049.5,0.22464,0.63151
go,92827,0,3281.5,0.28678,0.56040
go,95710,116789,264.2,0.26778,0.63557
go,95737,11576,0.0,0.23054,0.61044
go,95753,5609,0.0,0.32832,0.54487
go,95770,4415,0.0,0.31368,0.52782
go,95796,2640,0.0,0.32706,0.52559
go,92568,3066,0.0,0.33234,0.51619
go,95818,22887,0.0,0.33234,0.54546
go,96890,1682,1222.7,0.31322,0.56053
go,95834,3190,0.0,0.35186,0.52457
go,93440,2313,0.0,0.38128,0.47647
go,95850,2809,0.0,0.35134,0.48897
go,95877,2643,0.0,0.40329,0.48192
go,95893,136,6643.3,0.42513,0.44661
go,93203,3203,0.0,0.41103,0.47452
go,92908,6069,0.0,0.33273,0.52147
go,96776,34823,0.0,0.36175,0.49811
go,92703,58644,13450.3,0.33732,0.48848
go,96075,4728,0.0,0.35546,0.52602
go,96091,12457,276.1,0.27464,0.57381
go,92720,4053,0.0,0.44350,0.41522
go,95915,5042,0.0,0.48077,0.32513
go,95931,3996,0.0,0.26969,0.57163
go,95974,541,5029.0,0.41064,0.44135
go,92622,1588,0.0,0.27562,0.57753
go,92649,2416,1295.9,0.41431,0.43456
go,95990,0,18577.1,0.18624,0.67731
go,96016,13242,0.0,0.28509,0.59966
go,92665,3393,0.0,0.31735,0.50617
go,93483,0,1909.5,0.22201,0.63308
go,96059,9487,0.0,0.43856,0.45741
go,96113,2019,230.2,0.42543,0.40728
go,96172,3396,0.0,0.30418,0.55065
go,92762,1986,205.5,0.52215,0.33290
go,93220,280,4860.1,0.32572,0.52467
go,96253,64796,7600.9,0.31265,0.49266
go,92789,904,1276.9,0.37871,0.48378
go,96237,2822,0.0,0.42195,0.42480
go,92800,3237,0.0,0.43307,0.46236
go,96318,3517,0.0,0.27468,0.59796
go,93246,0,2338.5,0.43413,0.43214
go,96350,8336,0.0,0.33287,0.53045
go,96334,21684,568.8,0.32779,0.54364
go,96377,2948,0.0,0.37496,0.45653
go,93300,76603,0.0,0.36137,0.48860
go,96393,3299,0.0,0.26272,0.55656
go,96415,8710,0.0,0.22653,0.62610
go,96571,5541,0.0,0.35188,0.53703
go,93289,2809,0.0,0.49876,0.34086
go,93505,2551,2130.0,0.34216,0.45083
go,96938,3094,611.1,0.27568,0.54232
go,92037,1962,0.0,0.31993,0.54157
go,93343,64719,30364.2,0.38519,0.47206
ma,07013,4733,1158.2,0.80946,0.16468
ma,07030,13376,593.3,0.75315,0.20687
ma,07056,13093,250.9,0.75619,0.20521
ma,07072,4011,253.3,0.67342,0.29042
ma,07021,2932,11403.6,0.71929,0.24851
ma,07048,11631,3381.1,0.73305,0.22770
ma,07099,5523,627.8,0.58070,0.37469
ma,07080,3753,445.0,0.67179,0.28675
ma,07110,16223,5710.4,0.51820,0.44717
ma,07137,11566,4563.2,0.74685,0.20996
ma,07153,8902,2274.7,0.71863,0.24589
ma,07064,9130,1419.1,0.65056,0.30206
ma,07102,6057,0.0,0.72998,0.23132
ma,07170,16416,8084.2,0.77425,0.18688
ma,09679,13704,2587.8,0.63481,0.33902
ma,07196,17268,495.1,0.70346,0.24806
ma,07218,6170,3205.8,0.71148,0.24360
ma,09610,54348,7178.9,0.39040,0.55747
ma,07234,37326,19811.9,0.58944,0.36658
ma,07129,11998,720.8,0.71655,0.23205
ma,07250,10127,416.6,0.77222,0.19254
ma,07145,2956,980.0,0.80524,0.15892
ma,07277,51666,3796.0,0.38548,0.55350
ma,07315,23837,26197.2,0.59712,0.36704
ma,07331,11772,30414.9,0.71780,0.24422
ma,07293,7976,4407.6,0.76038,0.18801
ma,07188,3265,4527.8,0.71311,0.25397
ma,07161,5176,1142.5,0.84668,0.13128
ma,07358,3632,0.0,0.70198,0.26382
ma,07374,11908,2146.8,0.75341,0.20455
ma,07200,4046,0.0,0.67625,0.28552
ma,07323,5057,0.0,0.65973,0.30151
ma,09555,17603,2556.7,0.68837,0.27193
ma,07269,12858,2047.3,0.55720,0.40679
ma,07285,8667,440.8,0.69685,0.27946
ma,07390,16727,3272.5,0.71260,0.25203
ma,07307,6014,0.0,0.64072,0.32578
ma,07412,9984,7109.4,0.78722,0.17752
ma,07439,12902,0.0,0.76981,0.19620
ma,07340,17038,15185.9,0.56799,0.38882
ma,07366,5114,3302.2,0.52621,0.42678
ma,07226,4997,1799.3,0.72712,0.23699
ma,07455,7282,0.0,0.82245,0.14509
ma,07471,4347,7521.6,0.80928,0.16021
ma,07382,2970,4925.7,0.58958,0.37721
ma,07510,8955,1804.8,0.75048,0.21584
ma,07404,6758,0.0,0.67101,0.28587
ma,07536,13985,0.0,0.54839,0.39636
ma,07552,8093,6036.4,0.63353,0.31820
ma,07579,44844,42104.2,0.66526,0.27235
ma,07595,5403,1813.1,0.73539,0.21770
ma,07420,5010,467.2,0.82523,0.14090
ma,07447,6502,0.0,0.70957,0.25249
ma,07463,9025,284.0,0.67986,0.27469
ma,07617,11658,35568.2,0.73295,0.23004
ma,07480,3426,4818.1,0.58979,0.35835
ma,07633,48097,11556.6,0.69668,0.25620
ma,07650,22194,2658.0,0.77259,0.19008
ma,07676,3834,18485.3,0.73218,0.23183
ma,07501,7054,1985.5,0.68375,0.27805
ma,07692,18577,14473.1,0.68475,0.27707
ma,07714,18635,825.8,0.77020,0.19313
ma,07498,9793,2676.4,0.67817,0.27730
ma,07242,7525,2172.2,0.54600,0.39501
ma,07730,12385,1662.5,0.59260,0.36591
ma,07757,6153,1632.2,0.81399,0.15343
ma,07773,10038,1195.9,0.67825,0.28469
ma,09636,17732,793.3,0.46007,0.47804
ma,07528,4011,1034.5,0.55498,0.38854
ma,07544,7742,0.0,0.69214,0.28400
ma,07560,11027,295.2,0.49859,0.44910
ma,07790,6179,2351.0,0.61951,0.34434
ma,07811,8091,1593.8,0.74059,0.22281
ma,07838,5234,827.0,0.61200,0.34284
ma,07854,5290,4896.1,0.70724,0.26321
ma,07870,4158,1943.8,0.73563,0.22839
ma,07609,4664,7783.6,0.54242,0.39955
ma,07897,7998,210.4,0.72636,0.24310
ma,07625,4236,593.0,0.63872,0.32499
ma,07641,5712,277.1,0.70794,0.25847
ma,07668,12203,1340.4,0.59582,0.36415
ma,07935,33509,7721.0,0.57167,0.38635
ma,07919,4997,0.0,0.72036,0.25094
ma,07951,7082,0.0,0.79142,0.17040
ma,07978,14385,3384.2,0.75199,0.20416
ma,07994,18008,655.1,0.76382,0.19902
ma,07684,8283,0.0,0.75929,0.20596
ma,08010,6833,0.0,0.58769,0.37728
ma,08036,145478,8723.5,0.38880,0.53325
ma,07706,7592,721.5,0.67558,0.29427
ma,08079,22574,13841.3,0.69038,0.25256
ma,07722,11538,2285.1,0.43879,0.51859
ma,07749,4632,689.9,0.73458,0.23535
ma,07765,9358,924.4,0.71248,0.25886
ma,08117,9597,0.0,0.70176,0.26308
ma,08095,13854,3591.9,0.52192,0.41455
ma,07781,3365,400.8,0.71356,0.25140
ma,08133,19091,7665.7,0.52916,0.43819
ma,08150,2138,4744.5,0.69639,0.27865
ma,07803,3691,3158.5,0.68928,0.27983
ma,08176,8401,1039.6,0.76938,0.20277
ma,07820,4658,1611.2,0.77697,0.19689
ma,07846,1445,6158.0,0.68105,0.28658
ma,07862,5411,0.0,0.49830,0.45686
ma,08192,5473,3063.2,0.59897,0.35949
ma,08214,6672,0.0,0.67933,0.28110
ma,08230,4573,0.0,0.59705,0.35216
ma,08257,8879,547.3,0.70656,0.24429
ma,07889,11199,0.0,0.59450,0.36287
ma,07900,4725,303.8,0.63986,0.32719
ma,07927,4662,1567.0,0.68999,0.27031
ma,08273,4736,7757.4,0.69356,0.26792
ma,08290,9608,6097.0,0.67076,0.28715
ma,08311,19291,837.3,0.77797,0.19393
ma,07943,4136,1433.5,0.74600,0.21775
ma,07960,4698,541.3,0.76772,0.19857
ma,08338,11504,1401.4,0.72240,0.24652
ma,09695,12879,183.0,0.67329,0.28061
ma,08354,3911,5154.3,0.76642,0.19502
ma,08397,5335,492.5,0.54787,0.39818
ma,08370,10417,5313.2,0.73594,0.23086
ma,08419,9660,3876.8,0.70747,0.25584
ma,08435,6083,1881.8,0.72377,0.23905
ma,07986,3509,0.0,0.64281,0.30748
ma,08451,3192,0.0,0.73321,0.23765
ma,08001,7712,2292.4,0.69836,0.25832
ma,08478,7867,3238.0,0.70249,0.25310
ma,08028,1251,7519.3,0.75930,0.19742
ma,08516,5292,6805.3,0.80676,0.16482
ma,08532,9331,1334.6,0.75685,0.21584
ma,08559,9211,10053.8,0.77008,0.18865
ma,08575,9821,1014.0,0.71252,0.24717
ma,08591,10013,1447.3,0.70219,0.26254
ma,08044,7943,4153.6,0.77190,0.18892
ma,09598,10637,1821.0,0.63710,0.33256
ma,08494,31587,43207.0,0.55054,0.36688
ma,08613,21928,457.4,0.59391,0.35903
ma,08060,11406,1814.9,0.77575,0.19024
ma,08630,17692,918.6,0.81419,0.15141
ma,08656,0,7761.7,0.73412,0.22681
ma,08087,9016,3034.8,0.73829,0.22597
ma,08672,13683,5539.0,0.69439,0.26343
ma,08699,32340,14191.7,0.67953,0.26491
ma,08710,8310,6188.5,0.67350,0.28875
ma,08737,8417,731.7,0.75461,0.21016
ma,08770,14588,271.8,0.52663,0.41873
ma,08109,2737,2625.3,0.72148,0.22810
ma,08753,10942,262.6,0.67908,0.29131
ma,08796,20979,5342.9,0.58769,0.36856
ma,08818,5066,2597.3,0.73255,0.22291
ma,08125,3303,1160.2,0.71966,0.23523
ma,08141,9553,1737.4,0.76814,0.18329
ma,08834,4675,3369.2,0.78844,0.17313
ma,08850,306,9752.2,0.77286,0.19009
ma,08168,6140,13575.5,0.60367,0.34006
ma,08877,11988,783.8,0.62303,0.33766
ma,08184,4909,0.0,0.58231,0.36803
ma,08915,13445,11901.2,0.69193,0.24740
ma,08931,3946,291.3,0.59220,0.37419
ma,08206,3551,1274.4,0.71040,0.26066
ma,08958,15840,1710.1,0.69286,0.26078
ma,09571,19388,30549.5,0.57665,0.37200
ma,08974,28618,5107.1,0.67165,0.29016
ma,09652,11741,1195.1,0.62371,0.33108
ma,08990,12264,3788.1,0.74773,0.21670
ma,09016,12753,8008.9,0.75440,0.20721
ma,08222,3472,2681.4,0.72923,0.23760
ma,08249,2186,8232.1,0.73733,0.21669
ma,09032,9852,2319.5,0.63783,0.32257
ma,08460,4998,857.7,0.68063,0.27532
ma,08486,6200,0.0,0.71042,0.26150
ma,08508,0,8577.4,0.61132,0.34841
ma,08524,5736,1067.6,0.84178,0.13257
ma,09318,6140,561.6,0.69669,0.27470
ma,08540,2907,545.8,0.78294,0.18231
ma,09059,10371,2432.8,0.78012,0.18924
ma,09075,14969,5965.9,0.72639,0.23486
ma,09091,13838,2440.9,0.72280,0.24034
ma,08265,4859,568.2,0.67480,0.28608
ma,09113,15338,6673.6,0.57399,0.38797
ma,08281,4029,2339.5,0.52489,0.43394
ma,09156,4948,1997.4,0.79010,0.17647
ma,09130,3138,0.0,0.65496,0.30915
ma,08893,16605,89918.1,0.54690,0.37667
ma,08362,5029,0.0,0.77625,0.19325
ma,09172,14362,253.0,0.80862,0.16142
ma,08303,7211,0.0,0.66437,0.30030
ma,08320,7073,0.0,0.52771,0.42314
ma,08346,10607,0.0,0.81609,0.15576
ma,09199,14516,253.3,0.70077,0.25248
ma,09210,569541,50019.3,0.54259,0.37260
ma,08052,4831,7664.7,0.77409,0.19968
ma,09237,17583,4516.3,0.68505,0.27958
ma,08389,6982,0.0,0.53888,0.42575
ma,08400,3537,265.2,0.30437,0.65857
ma,09253,10197,1919.2,0.58596,0.37342
ma,08427,3443,451.3,0.70170,0.25875
ma,08443,3442,0.0,0.72354,0.24567
ma,09270,5293,6377.8,0.75087,0.21129
ma,09296,10370,1260.0,0.57333,0.37802
ma,09334,5398,0.0,0.52771,0.42166
ma,09350,5181,9609.7,0.76905,0.19301
ma,09377,54845,46482.5,0.66006,0.28504
ma,08567,11951,1491.8,0.58282,0.36821
ma,08583,4082,250.6,0.72589,0.24425
ma,09393,19555,2052.7,0.63715,0.32722
ma,09415,15981,5953.6,0.74956,0.21322
ma,08605,9572,1658.9,0.70508,0.24884
ma,09431,16651,16218.2,0.70223,0.24752
ma,09458,13209,6216.0,0.77829,0.19362
ma,09474,14605,10183.1,0.70658,0.25227
ma,09490,23614,6535.8,0.64578,0.30923
ma,08621,5364,1104.3,0.54855,0.40622
ma,09539,13507,4169.4,0.66869,0.29340
ma,09512,18174,656.1,0.67020,0.29433
ma,09717,16416,8491.3,0.67254,0.29049
ma,07005,1888,6708.7,0.75998,0.20707
mt,90018,5923,0.0,0.47134,0.48031
mt,89877,31324,1157.8,0.23396,0.72058
mt,90050,8503,0.0,0.29746,0.63490
mt,90042,3165,0.0,0.19937,0.75554
mt,90077,6593,0.0,0.30873,0.64470
mt,90093,4574,0.0,0.52536,0.42897
mt,98612,5825,0.0,0.26358,0.68116
mt,90263,4671,0.0,0.28471,0.67790
mt,98639,2364,0.0,0.39135,0.53373
mt,90239,936,0.0,0.47476,0.48187
mt,89893,8722,0.0,0.22976,0.72190
mt,90255,6052,0.0,0.34658,0.59817
mt,90271,11483,0.0,0.18789,0.76814
mt,90336,15491,1379.2,0.41670,0.52834
mt,90352,35119,0.0,0.33424,0.59878
mt,90310,5060,392.5,0.55531,0.39644
mt,73709,2655,523.1,0.26691,0.67688
mt,90905,4053,0.0,0.29594,0.64840
mt,90468,8966,0.0,0.22738,0.73786
mt,98655,7574,511.5,0.50340,0.46510
mt,90484,15588,7991.3,0.20260,0.75043
mt,90506,25416,276.8,0.24086,0.70192
mt,90743,4857,0.0,0.22159,0.73629
mt,90085,2956,0.0,0.24538,0.71082
mt,91936,13356,0.0,0.17133,0.79062
mt,90760,2541,3526.2,0.35393,0.59362
mt,90549,4407,0.0,0.26696,0.68942
mt,90590,13475,0.0,0.44117,0.50497
mt,90522,6392,329.0,0.18966,0.77258
mt,98671,3690,0.0,0.33225,0.60900
mt,89788,11543,2399.2,0.19258,0.76794
mt,89796,17912,0.0,0.15336,0.80040
mt,99015,9576,529.4,0.25350,0.70389
mt,90280,14880,4706.5,0.22320,0.73160
mt,91006,2378,0.0,0.21754,0.74198
mt,90425,5798,0.0,0.23324,0.72363
mt,90670,361334,308.9,0.34073,0.57699
mt,89800,3473,0.0,0.31103,0.64394
mt,90476,25386,20838.9,0.41194,0.52850
mt,98337,0,4474.8,0.37321,0.57367
mt,90697,12285,0.0,0.30083,0.65585
mt,90719,4840,0.0,0.34173,0.60383
mt,90786,5303,0.0,0.26986,0.69568
mt,99031,2249,0.0,0.17927,0.77859
mt,90824,4942,0.0,0.28181,0.68325
mt,90778,2540,777.5,0.41501,0.53507
mt,90204,2078,0.0,0.26875,0.69317
mt,99058,16113,1066.5,0.15294,0.81229
mt,90832,6170,0.0,0.38475,0.55373
mt,99074,1612,0.0,0.34290,0.61318
mt,91081,4703,0.0,0.20695,0.74813
mt,91103,4083,0.0,0.14451,0.82924
mt,98698,3198,0.0,0.23185,0.72370
mt,90913,6739,0.0,0.31405,0.62713
mt,90956,15510,0.0,0.26158,0.68385
mt,90565,5914,0.0,0.50624,0.44687
mt,89915,5125,0.0,0.22766,0.73324
mt,98191,18722,0.0,0.19597,0.76171
mt,90581,5457,0.0,0.22733,0.73346
mt,91898,6976,0.0,0.34819,0.60916
mt,98310,24270,0.0,0.24202,0.71340
mt,90301,3205,0.0,0.39263,0.55263
mt,90603,41398,0.0,0.20756,0.74247
mt,91057,1845,0.0,0.38514,0.56941
mt,98710,6711,0.0,0.17873,0.79459
mt,90620,10257,1258.5,0.18355,0.77584
mt,91774,14777,0.0,0.25583,0.69471
mt,91170,9639,0.0,0.27090,0.68494
mt,91197,3704,0.0,0.44193,0.49443
mt,91219,9823,1020.5,0.60081,0.35125
mt,90387,7382,0.0,0.14554,0.82285
mt,89818,2608,299.7,0.42122,0.51407
mt,98752,7533,0.0,0.20001,0.75849
mt,90140,0,2970.5,0.29023,0.67775
mt,90867,3355,0.0,0.29638,0.65486
mt,90166,2243,0.0,0.32757,0.62365
mt,90123,3257,0.0,0.21879,0.75004
mt,90360,4588,0.0,0.22111,0.73321
mt,90646,29224,0.0,0.19382,0.75387
mt,90964,2316,0.0,0.38926,0.56470
mt,98736,9754,0.0,0.44217,0.50505
mt,89826,2515,0.0,0.22085,0.73892
mt,90883,5537,0.0,0.22254,0.73450
mt,91952,10032,1696.2,0.24648,0.70355
mt,98795,2546,0.0,0.25382,0.69200
mt,90808,4465,0.0,0.22695,0.74153
mt,90948,1402,0.0,0.29126,0.65400
mt,98779,4030,0.0,0.25091,0.70484
mt,89834,12327,0.0,0.24738,0.71100
mt,98833,6510,557.5,0.23338,0.72533
mt,91812,10632,0.0,0.35565,0.58848
mt,98817,11562,5804.0,0.34496,0.60948
mt,90344,2280,0.0,0.42075,0.52424
mt,91294,17983,822.3,0.55711,0.39911
mt,90700,3125,1093.7,0.33471,0.59574
mt,91332,1484,0.0,0.50301,0.44140
mt,89990,19111,5994.2,0.18464,0.76735
mt,98850,5877,0.0,0.30912,0.64975
mt,91359,3344,0.0,0.19583,0.76393
mt,98876,826,4928.1,0.41425,0.55103
mt,90182,2578,0.0,0.55391,0.40790
mt,91391,10426,0.0,0.39571,0.54868
mt,98892,43218,0.0,0.18973,0.75848
mt,90069,13985,0.0,0.21008,0.74856
mt,98914,1415,0.0,0.35720,0.57852
mt,90662,5651,0.0,0.26132,0.69880
mt,90441,1926,0.0,0.38573,0.54456
mt,89958,2936,0.0,0.35625,0.58652
mt,89960,2233,0.0,0.36593,0.59062
mt,91510,132076,583.3,0.28645,0.64835
mt,91537,8812,1062.9,0.42639,0.53161
mt,89974,698,1620.6,0.27963,0.67506
mt,90107,3376,0.0,0.16905,0.78605
mt,90980,1610,0.0,0.23457,0.72386
mt,91049,1981,0.0,0.24210,0.69642
mt,91979,3788,0.0,0.45628,0.49451
mt,90328,2011,0.0,0.33645,0.60894
mt,89843,1967,0.0,0.30384,0.64572
mt,91553,13068,262.8,0.47202,0.47480
mt,90727,14652,0.0,0.23772,0.71653
mt,90921,1156,0.0,0.23816,0.71946
mt,89850,96146,0.0,0.18270,0.76641
mt,98930,58458,0.0,0.20242,0.75235
mt,91839,5769,0.0,0.32575,0.62923
mt,90026,2292,0.0,0.37441,0.57132
mt,91995,8596,0.0,0.19378,0.76993
mt,90247,3586,0.0,0.33128,0.62978
mt,89931,9870,0.0,0.26486,0.69632
mt,90409,3049,0.0,0.39300,0.56649
mt,90220,5796,0.0,0.18030,0.77824
mt,91855,52755,0.0,0.22311,0.72102
mt,90689,7485,0.0,0.17565,0.78788
mt,98957,4458,2406.5,0.26917,0.68815
mt,91618,2035,0.0,0.44304,0.48863
mt,91634,2909,0.0,0.38102,0.55969
mt,90840,2640,0.0,0.24953,0.71845
mt,91022,2088,0.0,0.18632,0.78063
mt,98973,5997,0.0,0.21990,0.73444
mt,91090,6647,1507.4,0.35120,0.60642
mt,98990,10024,0.0,0.22482,0.73517
mt,91677,150497,1227.9,0.36331,0.56562
mt,91910,15741,0.0,0.16130,0.79184
ms,55018,2836,0.0,0.40287,0.52584
ms,90115,18422,0.0,0.37576,0.58164
ms,90131,12954,0.0,0.39078,0.55719
ms,90158,4628,0.0,0.42429,0.51278
ms,91693,6114,0.0,0.40492,0.52836
ms,90174,5822,0.0,0.36432,0.59113
ms,90190,13571,0.0,0.33556,0.59962
ms,90212,25127,0.0,0.43791,0.50902
ms,91715,6235,0.0,0.39936,0.57138
ms,90298,4889,0.0,0.36260,0.57347
ms,90379,13716,0.0,0.36888,0.56660
ms,90395,3028,3025.1,0.37733,0.56880
ms,90417,11683,0.0,0.36225,0.59669
ms,98019,4794,0.0,0.40307,0.53841
ms,90433,13861,0.0,0.31702,0.62531
ms,90450,6304,0.0,0.32290,0.61976
ms,90557,14311,2160.0,0.27427,0.68182
ms,90492,8003,0.0,0.34628,0.60336
ms,90514,493688,0.0,0.32381,0.58676
ms,90530,3579,0.0,0.35492,0.61003
ms,90573,10701,0.0,0.27983,0.64733
ms,91782,16972,0.0,0.22611,0.71982
ms,90611,3249,0.0,0.39185,0.54440
ms,98590,9579,0.0,0.43876,0.52949
ms,90638,49468,171.2,0.44775,0.49506
ms,98035,15565,0.0,0.29998,0.64129
ms,90654,18767,0.0,0.37997,0.56721
ms,91758,7882,0.0,0.38542,0.55933
ms,91804,6346,0.0,0.55860,0.39782
ms,98051,4020,0.0,0.33189,0.62656
ms,90735,128832,0.0,0.31427,0.61685
ms,91731,5906,203.2,0.31801,0.63108
ms,55069,2088,0.0,0.37833,0.55305
ms,90751,12776,0.0,0.38847,0.55109
ms,90794,6011,0.0,0.38547,0.56197
ms,90816,5604,0.0,0.37392,0.57881
ms,90859,7358,0.0,0.33182,0.62247
ms,90875,4491,0.0,0.33470,0.60477
ms,90891,11289,0.0,0.29727,0.65590
ms,98078,9844,0.0,0.45283,0.49719
ms,90930,15141,0.0,0.31249,0.62673
ms,55034,4126,757.7,0.61834,0.35250
ms,90972,4387,0.0,0.42028,0.51387
ms,90999,13151,0.0,0.31735,0.63235
ms,91014,3302,0.0,0.40347,0.54881
ms,91820,4216,0.0,0.43953,0.52537
ms,91030,9915,0.0,0.43980,0.50486
ms,55026,3949,248.9,0.30207,0.65656
ms,91073,22363,173.9,0.24000,0.71576
ms,91111,13841,245.0,0.52923,0.43083
ms,91790,10570,0.0,0.32492,0.62786
ms,91138,26830,0.0,0.29710,0.64552
ms,91154,7813,0.0,0.41378,0.54871
ms,55000,10372,0.0,0.38243,0.56444
ms,91235,22197,2664.9,0.33441,0.60141
ms,55042,2763,0.0,0.42400,0.52194
ms,91251,22386,0.0,0.35909,0.57174
ms,91847,5726,197.2,0.50841,0.46130
ms,55050,3087,0.0,0.22205,0.72825
ms,91278,4462,0.0,0.39935,0.56211
ms,91316,50133,0.0,0.31589,0.62620
ms,91375,5406,199.7,0.41287,0.54717
ms,91413,10934,0.0,0.36414,0.57634
ms,91430,19195,0.0,0.33437,0.61779
ms,91456,3144,0.0,0.38676,0.55995
ms,91472,10162,0.0,0.35440,0.59876
ms,91499,3578,0.0,0.34996,0.58249
ms,91863,3534,0.0,0.35716,0.57258
ms,98116,4966,0.0,0.47501,0.46747
ms,98132,5544,0.0,0.30590,0.65833
ms,91570,24783,0.0,0.38361,0.56084
ms,91880,8401,0.0,0.36246,0.59087
ms,98094,16940,0.0,0.24423,0.69907
ms,98159,4490,0.0,0.56968,0.38868
ms,98175,2895,0.0,0.47271,0.49227
ms,91596,10407,0.0,0.41830,0.51780
ms,91650,62576,0.0,0.34136,0.58612
ms,91901,4674,0.0,0.48599,0.45195
ms,90034,8695,0.0,0.33329,0.61304
mg,40010,0,4380.3,0.42974,0.50239
mg,40037,13365,0.0,0.36865,0.55763
mg,40053,8920,0.0,0.51925,0.42003
mg,40070,2515,0.0,0.61077,0.32308
mg,40150,0,3176.2,0.43021,0.49568
mg,40215,10906,2784.8,0.39501,0.55550
mg,40231,3525,0.0,0.44907,0.47430
mg,40258,1965,0.0,0.27282,0.64734
mg,40274,0,2705.5,0.23065,0.69616
mg,40312,43409,230.3,0.34438,0.58290
mg,40002,0,4864.8,0.49513,0.41418
mg,40339,20971,415.1,0.65101,0.30047
mg,40355,4500,0.0,0.47942,0.47025
mg,40371,12001,0.0,0.37063,0.54469
mg,40398,9286,0.0,0.38321,0.55366
mg,41661,0,3749.9,0.21185,0.73194
mg,50695,4950,546.0,0.30287,0.64400
mg,40410,6727,0.0,0.61146,0.32053
mg,40436,3462,0.0,0.48188,0.47006
mg,40452,9202,0.0,0.59655,0.33726
mg,40479,3109,0.0,0.63085,0.29858
mg,40290,19269,164.8,0.49763,0.43051
mg,40495,3360,0.0,0.67045,0.26762
mg,40517,21463,0.0,0.28039,0.62978
mg,40550,6748,0.0,0.47423,0.44646
mg,41688,0,4527.4,0.45819,0.46996
mg,40576,6362,897.8,0.55659,0.35863
mg,40592,5044,1366.5,0.46967,0.46633
mg,40614,1493,0.0,0.49441,0.43641
mg,40657,0,2186.9,0.54229,0.37382
mg,40690,66984,0.0,0.31302,0.60041
mg,40711,2095,0.0,0.57924,0.34334
mg,40738,4914,0.0,0.65474,0.28337
mg,40029,5303,0.0,0.39662,0.51784
mg,40754,2548,0.0,0.28195,0.65105
mg,40797,54259,5700.8,0.35715,0.52794
mg,40630,2103,0.0,0.48386,0.42795
mg,40673,17226,1671.6,0.58870,0.36178
mg,40770,387,5019.6,0.32304,0.59978
mg,40819,5668,0.0,0.34883,0.56794
mg,40835,22376,2423.0,0.34182,0.56119
mg,40851,8584,0.0,0.33554,0.57910
mg,40878,2360,0.0,0.59591,0.34979
mg,41700,3564,0.0,0.57770,0.34923
mg,40894,9033,887.0,0.51511,0.42384
mg,40916,8265,0.0,0.44455,0.49099
mg,40932,3653,3682.9,0.57798,0.37205
mg,40959,758,2267.9,0.50302,0.42329
mg,40096,5073,0.0,0.53522,0.41462
mg,40975,9452,2183.1,0.31782,0.60261
mg,40991,0,5312.8,0.44592,0.46317
mg,41017,12729,591.0,0.44351,0.46690
mg,41033,2982,0.0,0.72371,0.23266
mg,41050,0,3941.2,0.31683,0.60181
mg,41114,21064,53043.4,0.47632,0.42986
mg,41130,3865,0.0,0.64173,0.30098
mg,41173,0,13183.1,0.51011,0.40365
mg,41076,16557,1155.2,0.45415,0.43505
mg,41092,0,4200.3,0.56022,0.38442
mg,41190,6240,0.0,0.56016,0.36748
mg,41211,2104,394.8,0.58002,0.35555
mg,41238,1427579,3231.9,0.41368,0.48318
mg,41254,5981,8166.3,0.42252,0.51366
mg,41270,6455,0.0,0.50088,0.41983
mg,41297,3974,1685.6,0.66582,0.27386
mg,41726,0,3192.9,0.59599,0.32201
mg,41319,0,2769.4,0.62251,0.33191
mg,41335,224396,7672.4,0.41075,0.48882
mg,41351,0,2835.4,0.61629,0.30687
mg,41378,8451,0.0,0.46738,0.45759
mg,41394,0,2029.4,0.44784,0.47793
mg,41416,23115,0.0,0.39256,0.53400
mg,41432,3196,0.0,0.43995,0.47381
mg,41459,25724,951.9,0.62293,0.31025
mg,41475,28155,241.4,0.26795,0.63854
mg,41491,0,4683.0,0.50449,0.41161
mg,41513,2807,0.0,0.30605,0.60219
mg,41530,2529,1148.4,0.52895,0.37573
mg,41556,954,8707.8,0.45964,0.48868
mg,41572,0,8198.1,0.40024,0.52252
mg,41599,7317,3041.2,0.47149,0.44770
mg,41610,5211,0.0,0.45164,0.43376
mg,41637,3538,0.0,0.49371,0.42543
mg,41742,3920,1925.8,0.73652,0.20023
mg,41653,9062,979.2,0.32628,0.57955
mg,41670,9179,0.0,0.47086,0.45267
mg,41696,1499,2426.2,0.68637,0.25291
mg,40045,0,9231.6,0.49359,0.44582
mg,41718,16573,2280.8,0.63993,0.30435
mg,41777,0,8831.6,0.35238,0.54665
mg,41750,2809,0.0,0.52383,0.42001
mg,41793,26032,276.7,0.40350,0.49230
mg,41734,3108,0.0,0.52420,0.40828
mg,41815,0,6242.3,0.25777,0.65918
mg,41831,5168,0.0,0.53563,0.38361
mg,41769,402,2777.6,0.41393,0.52349
mg,41858,14217,658.3,0.37227,0.56829
mg,41874,13998,113.6,0.49130,0.44293
mg,41785,0,4220.1,0.42093,0.51067
mg,41890,7113,0.0,0.44585,0.48346
mg,41912,0,2703.2,0.44765,0.45537
mg,41939,7611,0.0,0.31155,0.58647
mg,40533,4694,0.0,0.62235,0.32946
mg,41955,1968,0.0,0.54791,0.37668
mg,41971,6728,0.0,0.36590,0.54316
mg,41998,21895,2597.8,0.44619,0.41992
mg,42013,2946,418.6,0.47966,0.45252
mg,42030,0,3675.9,0.61294,0.32854
mg,42056,7944,0.0,0.33256,0.58383
mg,42072,2393,0.0,0.49494,0.44721
mg,42099,13118,0.0,0.34835,0.58317
mg,42137,6996,0.0,0.42385,0.49367
mg,42110,10767,5012.7,0.34348,0.55312
mg,42170,7394,1619.4,0.29816,0.62470
mg,42153,323,2018.4,0.58193,0.36117
mg,42196,0,12238.6,0.29053,0.61606
mg,42218,10603,0.0,0.39835,0.53855
mg,41807,0,2977.2,0.68477,0.25572
mg,42234,27488,0.0,0.35394,0.56830
mg,42250,5873,1721.9,0.51812,0.42271
mg,42277,0,4885.7,0.45790,0.48135
mg,42293,6672,0.0,0.33407,0.58728
mg,42315,13252,1209.5,0.39024,0.53394
mg,42374,3795,0.0,0.43460,0.49876
mg,42331,3476,0.0,0.64347,0.28646
mg,42390,8329,0.0,0.40712,0.51663
mg,41823,2530,0.0,0.61647,0.31567
mg,42358,6262,0.0,0.52237,0.41491
mg,42412,2026,1504.9,0.33150,0.60419
mg,42439,3467,0.0,0.55414,0.36082
mg,42455,20761,1156.8,0.44622,0.48054
mg,42471,3907,0.0,0.39912,0.52177
mg,42498,6433,0.0,0.36965,0.53338
mg,42510,8641,0.0,0.46223,0.46949
mg,40061,315,2786.8,0.41221,0.52544
mg,42536,8542,673.8,0.62624,0.31292
mg,42552,0,6040.9,0.31721,0.61058
mg,42579,0,5803.5,0.50889,0.42970
mg,42617,0,2636.8,0.48932,0.42035
mg,42633,10808,4840.3,0.44680,0.47565
mg,42650,17355,0.0,0.46795,0.45800
mg,42676,41927,3143.9,0.40789,0.52559
mg,42595,0,9354.6,0.66821,0.27318
mg,42692,5558,0.0,0.52004,0.39981
mg,42714,0,4095.4,0.37579,0.54239
mg,42730,10349,243.1,0.54712,0.39769
mg,42773,6492,0.0,0.49907,0.42385
mg,42790,7159,0.0,0.50522,0.40869
mg,42811,7203,0.0,0.39624,0.53235
mg,42838,14645,0.0,0.36032,0.53736
mg,42854,16171,0.0,0.28080,0.65470
mg,42870,10328,1454.7,0.34300,0.56763
mg,42757,1465,404.8,0.53467,0.38891
mg,42897,11207,0.0,0.39594,0.51554
mg,40088,4498,1445.6,0.42879,0.51531
mg,42919,0,2604.1,0.46022,0.45233
mg,42951,2980,0.0,0.44202,0.48256
mg,42935,2542,0.0,0.36223,0.57510
mg,42978,0,2487.4,0.36917,0.52806
mg,42994,2823,0.0,0.36196,0.57106
mg,43052,37068,551.5,0.54623,0.38039
mg,41840,3212,531.5,0.47014,0.39507
mg,43079,0,3080.6,0.57645,0.34616
mg,40100,0,5673.6,0.65548,0.28678
mg,41866,0,3265.1,0.62820,0.30017
mg,43095,11949,0.0,0.45267,0.46061
mg,43117,990,0.0,0.41478,0.51013
mg,43133,4246,0.0,0.43329,0.51705
mg,43150,5728,0.0,0.55065,0.38397
mg,43192,4161,0.0,0.46247,0.49047
mg,43214,2853,2668.1,0.75035,0.19225
mg,41882,3812,2983.6,0.56930,0.37076
mg,43230,2465,0.0,0.43682,0.48575
mg,43176,3326,0.0,0.48004,0.43802
mg,43257,3649,0.0,0.55110,0.36899
mg,43273,3318,609.9,0.24491,0.68474
mg,43290,5319,216.8,0.51388,0.41365
mg,43311,14835,2463.7,0.27399,0.63188
mg,43338,0,5090.7,0.54369,0.37664
mg,43354,0,4483.7,0.56744,0.37036
mg,43370,2182,0.0,0.36347,0.57838
mg,43397,3607,925.5,0.71442,0.24301
mg,43419,6160,0.0,0.39268,0.52636
mg,43036,0,2879.8,0.48087,0.43479
mg,43451,14881,0.0,0.46949,0.47763
mg,43435,0,2104.4,0.39210,0.49570
mg,43478,702,2688.9,0.49835,0.45438
mg,43494,11270,1908.2,0.56624,0.34930
mg,43516,0,4149.2,0.27451,0.64649
mg,43532,7308,0.0,0.51139,0.42211
mg,43559,7186,0.0,0.31092,0.60329
mg,41920,5546,0.0,0.36192,0.54575
mg,43575,0,7626.0,0.29337,0.61881
mg,43591,27923,4458.1,0.44729,0.44598
mg,43613,0,2773.5,0.65048,0.28886
mg,43630,4237,0.0,0.43811,0.49266
mg,43656,68922,4401.8,0.46310,0.41973
mg,43672,9957,1520.7,0.37108,0.57007
mg,43699,1448,0.0,0.36380,0.54573
mg,43710,307352,48845.3,0.39012,0.50559
mg,43737,5653,0.0,0.39535,0.51904
mg,43753,11183,4049.1,0.67015,0.27174
mg,43770,0,5157.4,0.47329,0.45147
mg,43796,2016,173.3,0.48043,0.45598
mg,43818,12455,703.0,0.51490,0.40905
mg,43834,5668,0.0,0.52609,0.41975
mg,43850,18159,0.0,0.31990,0.60191
mg,43877,42135,15590.3,0.35814,0.56777
mg,43893,0,5118.3,0.66895,0.27702
mg,43915,2355,0.0,0.49145,0.43361
mg,43931,2383,0.0,0.53025,0.38184
mg,44016,0,2606.3,0.67008,0.25529
mg,44032,1822,4474.4,0.40392,0.52513
mg,44075,3390,0.0,0.41310,0.49726
mg,44091,5808,0.0,0.34644,0.56333
mg,44059,3500,0.0,0.65706,0.28737
mg,41963,1920,1216.1,0.63303,0.31748
mg,44113,4026,0.0,0.38528,0.52198
mg,44130,0,3444.2,0.34816,0.57939
mg,44156,9305,0.0,0.48432,0.43438
mg,41980,0,2578.6,0.31616,0.62588
mg,42005,0,4698.0,0.51157,0.42273
mg,44172,42385,1277.0,0.43460,0.47770
mg,43010,9279,0.0,0.40675,0.50862
mg,43958,2293,0.0,0.40299,0.53270
mg,43974,2950,240.4,0.36487,0.54945
mg,41947,4186,0.0,0.30319,0.56626
mg,43990,2772,0.0,0.56730,0.38432
mg,41904,2881,1637.9,0.72905,0.20056
mg,44199,0,3586.7,0.65895,0.26990
mg,44210,4491,333.6,0.36278,0.55448
mg,44237,4509,0.0,0.37778,0.55124
mg,42021,5480,0.0,0.50287,0.42957
mg,44253,3430,0.0,0.49302,0.41525
mg,44270,0,4756.7,0.31398,0.59145
mg,44296,0,3349.6,0.45002,0.45882
mg,44318,21681,5977.4,0.59099,0.32037
mg,44334,0,2874.2,0.66650,0.26600
mg,44350,4589,0.0,0.53274,0.41056
mg,44393,10179,983.0,0.51748,0.43114
mg,44415,1708,1686.4,0.43991,0.50106
mg,44431,0,3857.0,0.50824,0.42629
mg,44377,3819,0.0,0.59439,0.33755
mg,44458,132399,0.0,0.37335,0.53957
mg,40126,0,3595.4,0.54344,0.38258
mg,44474,0,3899.6,0.42842,0.49893
mg,40142,0,4919.4,0.57284,0.36815
mg,42048,2835,0.0,0.36888,0.57265
mg,44490,3313,0.0,0.41051,0.53062
mg,44512,0,2987.7,0.56772,0.36435
mg,44539,3196,0.0,0.58029,0.34422
mg,44555,0,2549.4,0.37933,0.53680
mg,44571,4632,0.0,0.46666,0.47003
mg,44598,0,6453.8,0.40790,0.49634
mg,44610,0,3545.7,0.54677,0.39224
mg,44636,7222,0.0,0.34030,0.58854
mg,44652,3868,0.0,0.54114,0.39259
mg,44679,482,858.8,0.36362,0.56533
mg,44695,1621,0.0,0.47021,0.44412
mg,40169,3681,1152.1,0.48667,0.45950
mg,44717,0,15222.9,0.32238,0.59588
mg,44733,5675,0.0,0.44973,0.50140
mg,44750,0,4289.6,0.63933,0.29618
mg,40185,0,4237.1,0.43637,0.50924
mg,44776,6503,2942.6,0.45315,0.44054
mg,44792,12007,0.0,0.56730,0.35269
mg,44814,40645,0.0,0.46303,0.44329
mg,44830,10939,2315.6,0.45691,0.47240
mg,44857,16746,1300.4,0.58523,0.36011
mg,44873,0,4259.7,0.40479,0.51304
mg,44890,7377,0.0,0.34705,0.56285
mg,44911,779,1330.7,0.53554,0.39713
mg,44938,1932,0.0,0.42166,0.51184
mg,44954,4443,0.0,0.49930,0.44206
mg,44970,6716,0.0,0.42806,0.51600
mg,44997,3370,0.0,0.58096,0.36342
mg,45012,30512,0.0,0.35440,0.54027
mg,45039,2348,0.0,0.38792,0.54882
mg,45055,2529,0.0,0.54364,0.39382
mg,45110,3867,0.0,0.63157,0.30732
mg,45136,0,8790.3,0.49921,0.41797
mg,45071,3101,0.0,0.56291,0.34461
mg,45152,1891,0.0,0.42512,0.51673
mg,45179,5223,397.8,0.59575,0.34072
mg,40207,6555,0.0,0.49987,0.44756
mg,45195,3355,1879.9,0.41279,0.47529
mg,45217,39787,0.0,0.31449,0.57669
mg,45233,4674,0.0,0.50810,0.42808
mg,45250,2227,0.0,0.35838,0.55138
mg,45276,0,2506.6,0.53099,0.39180
mg,45292,3840,447.1,0.61657,0.31640
mg,45314,3177,0.0,0.54263,0.39114
mg,45330,13541,451.2,0.65184,0.29159
mg,40223,3243,0.0,0.61065,0.33871
mg,45357,741,3273.6,0.59238,0.35794
mg,45373,5113,0.0,0.51082,0.43457
mg,42064,2560,0.0,0.57434,0.34849
mg,45390,0,7943.1,0.45679,0.48111
mg,49352,2505,528.8,0.68829,0.25046
mg,42080,2799,169.7,0.70130,0.23395
mg,45411,29532,674.0,0.36119,0.57437
mg,45438,0,4048.6,0.37936,0.52464
mg,45454,3748,0.0,0.44752,0.50302
mg,42102,0,3498.3,0.58927,0.34994
mg,42129,0,3214.8,0.62348,0.30846
mg,42145,0,2318.1,0.34865,0.58886
mg,42161,3295,0.0,0.46477,0.45390
mg,45497,0,2748.9,0.51562,0.40845
mg,45470,2925,0.0,0.30006,0.60050
mg,45519,0,7455.0,0.59964,0.32616
mg,45535,132851,9373.7,0.34354,0.59448
mg,45578,1375,0.0,0.40152,0.52897
mg,45551,7269,474.1,0.65800,0.29197
mg,45594,15904,0.0,0.47636,0.44145
mg,45616,5548,2218.1,0.28651,0.62151
mg,45632,5151,578.4,0.60941,0.30999
mg,42188,0,4129.4,0.72423,0.21272
mg,45675,4943,0.0,0.57967,0.35418
mg,45659,10761,0.0,0.50301,0.41537
mg,45691,2768,0.0,0.46807,0.45503
mg,45713,3662,858.9,0.37035,0.56630
mg,45730,27848,0.0,0.42389,0.49076
mg,45756,0,5238.8,0.52018,0.40767
mg,45772,5095,0.0,0.34910,0.56440
mg,45799,2887,2815.6,0.54490,0.39049
mg,45810,0,3585.9,0.40296,0.53386
mg,45837,3888,232.9,0.43944,0.45009
mg,45853,5500,399.0,0.41496,0.53195
mg,45870,0,3662.7,0.61523,0.31211
mg,45918,0,4447.3,0.66177,0.27847
mg,42200,0,3754.3,0.67786,0.26664
mg,45934,6937,0.0,0.36221,0.57422
mg,45950,58471,34896.1,0.42347,0.46886
mg,45977,2723,0.0,0.22093,0.71435
mg,45993,1927,0.0,0.42798,0.49171
mg,45896,12030,0.0,0.39444,0.53675
mg,40240,6250,249.0,0.65008,0.31028
mg,46019,25495,0.0,0.39197,0.49901
mg,46035,6329,0.0,0.33412,0.59082
mg,46051,4438,0.0,0.46168,0.47254
mg,46078,0,4514.2,0.41256,0.47292
mg,46094,0,7529.1,0.42943,0.50403
mg,42226,712,3984.1,0.50526,0.44045
mg,46116,4853,0.0,0.36385,0.56249
mg,42242,3544,765.0,0.47838,0.47017
mg,46132,3930,0.0,0.45396,0.47752
mg,46159,2183,0.0,0.48282,0.43796
mg,46175,11703,2784.7,0.40081,0.55064
mg,46191,4256,0.0,0.42348,0.49522
mg,46213,4329,265.5,0.49403,0.42499
mg,40266,6581,3323.0,0.41993,0.51315
mg,46230,4619,6524.1,0.43849,0.50622
mg,46256,115046,13732.3,0.31222,0.61345
mg,46272,0,2785.0,0.52649,0.41125
mg,46299,5876,0.0,0.34546,0.58036
mg,46310,5241,0.0,0.35697,0.58489
mg,46337,29324,38327.9,0.45936,0.43454
mg,46353,6786,0.0,0.45291,0.49525
mg,46370,31605,986.9,0.41348,0.45280
mg,46396,3151,361.0,0.69990,0.24103
mg,46418,8339,1007.6,0.62921,0.31878
mg,46434,0,8168.2,0.37494,0.51496
mg,46450,0,5795.4,0.58465,0.34691
mg,46477,48092,3845.3,0.30603,0.60559
mg,46493,13890,4767.5,0.47264,0.41807
mg,46515,2920,0.0,0.53051,0.39990
mg,46531,9846,1979.1,0.60569,0.34214
mg,46558,986,1055.0,0.56750,0.34250
mg,46574,6452,0.0,0.38925,0.53879
mg,46590,9079,0.0,0.32027,0.59966
mg,46612,9491,0.0,0.37510,0.52188
mg,46639,4978,1699.3,0.48471,0.45745
mg,46655,10129,1011.5,0.53244,0.41907
mg,46671,7660,0.0,0.36769,0.55297
mg,46698,13414,0.0,0.43542,0.48390
mg,46710,6610,0.0,0.30060,0.62858
mg,46736,3302,5697.8,0.30765,0.60722
mg,46779,4192,220.8,0.51689,0.40602
mg,54453,8859,0.0,0.33542,0.56022
mg,46752,52844,0.0,0.27498,0.63028
mg,46795,4917,2839.2,0.70351,0.26075
mg,46817,3401,433.7,0.30953,0.64340
mg,46833,45992,9265.9,0.46118,0.45109
mg,46850,4375,0.0,0.45370,0.44757
mg,46876,21294,0.0,0.44351,0.49588
mg,46892,2647,0.0,0.50330,0.41897
mg,46914,9061,2768.5,0.44102,0.45652
mg,46930,5940,0.0,0.60896,0.34916
mg,46973,0,14237.4,0.20741,0.71129
mg,46957,4596,0.0,0.22824,0.68057
mg,46990,2474,0.0,0.40137,0.54125
mg,40304,2961,0.0,0.61233,0.34359
mg,47015,39360,1671.6,0.49063,0.44570
mg,47031,31090,4062.0,0.69120,0.25393
mg,47058,0,2926.1,0.38184,0.50737
mg,42269,3213,2905.9,0.67539,0.26768
mg,40282,5043,15024.0,0.48979,0.45790
mg,47074,4491,0.0,0.48159,0.40986
mg,42285,2775,844.8,0.63730,0.29784
mg,47090,3768,3179.6,0.60936,0.33357
mg,47112,0,4178.6,0.61950,0.31550
mg,47139,2875,1535.4,0.41464,0.49505
mg,47155,11169,516.7,0.70740,0.24992
mg,47171,3259,0.0,0.37974,0.53010
mg,47210,3429,0.0,0.48304,0.45540
mg,47279,2439,0.0,0.49527,0.43228
mg,47198,4230,2821.1,0.66804,0.28685
mg,47295,4721,421.6,0.55891,0.39080
mg,40924,2212,0.0,0.64468,0.30743
mg,42307,0,2474.6,0.61806,0.30541
mg,42323,598,2029.8,0.57167,0.36651
mg,47236,44190,0.0,0.43052,0.48026
mg,47252,25540,2075.1,0.36555,0.56788
mg,40320,8241,9831.7,0.42541,0.47198
mg,47333,282791,23252.6,0.49513,0.41564
mg,47350,0,3627.4,0.59759,0.33160
mg,47376,7213,0.0,0.28911,0.62099
mg,40940,3154,630.7,0.57846,0.36506
mg,47392,4480,3094.8,0.63808,0.30684
mg,47414,0,4732.7,0.37623,0.55294
mg,47430,21602,5708.7,0.31284,0.60277
mg,47457,2601,0.0,0.53389,0.40256
mg,47473,0,8215.6,0.39852,0.51221
mg,47490,0,12409.2,0.36712,0.55131
mg,40347,0,5678.5,0.47886,0.45825
mg,47511,41528,0.0,0.32880,0.57357
mg,47538,10253,2281.3,0.40710,0.54317
mg,47554,9840,2712.3,0.31956,0.60355
mg,47570,2577,0.0,0.62079,0.30041
mg,47597,4494,0.0,0.43898,0.51066
mg,47619,182,4325.2,0.55716,0.37566
mg,47635,20651,32747.2,0.41278,0.49105
mg,47651,0,2532.8,0.34553,0.57674
mg,40967,0,2825.9,0.63353,0.29608
mg,47678,29048,0.0,0.52569,0.39772
mg,47694,3265,0.0,0.53214,0.38692
mg,47716,8937,1413.7,0.60008,0.32191
mg,40363,5082,0.0,0.46577,0.48077
mg,40380,0,5836.4,0.64239,0.29522
mg,40983,0,4422.0,0.31552,0.60358
mg,41009,385,4608.2,0.72365,0.22685
mg,47732,3366,0.0,0.47872,0.43715
mg,47759,10115,0.0,0.36042,0.56593
mg,47775,0,4054.9,0.55295,0.39012
mg,47791,21763,0.0,0.33013,0.59941
mg,47813,0,3508.8,0.51425,0.39743
mg,47830,9127,965.9,0.56628,0.38135
mg,40401,415,4589.5,0.61559,0.32473
mg,47856,9321,1718.9,0.59460,0.36417
mg,47872,17568,27972.1,0.37255,0.55852
mg,47899,12067,0.0,0.45333,0.48361
mg,47910,14316,0.0,0.35788,0.58761
mg,47953,7793,203.7,0.43156,0.49328
mg,47937,0,5069.1,0.34893,0.56748
mg,47970,0,9603.4,0.28597,0.61593
mg,47996,21749,15516.3,0.57002,0.32520
mg,48011,0,3090.3,0.56801,0.36689
mg,48038,2365,0.0,0.42208,0.50681
mg,48054,1139,2154.7,0.43436,0.48866
mg,48070,0,2366.5,0.37801,0.52299
mg,48097,8082,0.0,0.30148,0.62048
mg,41041,5024,1007.3,0.47214,0.47345
mg,40428,5554,0.0,0.51486,0.43014
mg,48119,2660,0.0,0.68417,0.25757
mg,48135,14340,5832.1,0.38414,0.50610
mg,54313,2374,0.0,0.53851,0.42028
mg,48151,8960,0.0,0.49272,0.43189
mg,40444,1810,3377.9,0.63267,0.31598
mg,48178,0,11608.6,0.47590,0.46550
mg,48194,0,8361.7,0.54586,0.39460
mg,48216,21866,0.0,0.41572,0.47338
mg,48232,2464,0.0,0.37973,0.54914
mg,48259,0,2502.9,0.30653,0.61624
mg,48275,10503,805.1,0.61760,0.34116
mg,48291,0,3346.5,0.46843,0.45846
mg,48313,6057,0.0,0.56415,0.35496
mg,48330,3520,0.0,0.46398,0.47506
mg,48356,6702,7687.0,0.69128,0.26079
mg,48372,2358,0.0,0.45026,0.48130
mg,48399,5466,3007.9,0.62290,0.31228
mg,48410,0,6236.4,0.50252,0.43661
mg,41068,1431,1199.1,0.66473,0.27690
mg,48437,0,7812.8,0.40081,0.52920
mg,48453,0,4282.0,0.40484,0.50362
mg,48470,5196,0.0,0.36512,0.54907
mg,48496,1606,0.0,0.55527,0.37722
mg,48518,4500,530.5,0.42637,0.50746
mg,48534,8350,675.4,0.61575,0.33337
mg,48550,10678,0.0,0.44224,0.49049
mg,48577,13114,495.0,0.56952,0.38195
mg,48593,0,7959.5,0.41267,0.50720
mg,48615,25904,397.8,0.42154,0.50021
mg,41084,2857,0.0,0.66825,0.26697
mg,48631,11371,0.0,0.37141,0.54581
mg,48674,14135,0.0,0.19330,0.74760
mg,48658,151992,70591.7,0.41016,0.50767
mg,40460,4245,0.0,0.60161,0.33833
mg,48690,0,5116.2,0.37860,0.55762
mg,48712,306,1672.3,0.59480,0.33738
mg,48739,0,2751.5,0.60246,0.32878
mg,48755,0,4572.7,0.37530,0.55891
mg,48771,58136,1736.8,0.42045,0.51338
mg,48798,13923,1943.2,0.40864,0.53958
mg,48810,13154,0.0,0.38353,0.54363
mg,41025,8848,315.3,0.39214,0.50851
mg,48836,1783,0.0,0.57824,0.36221
mg,48852,18560,1021.4,0.45750,0.49492
mg,40487,0,3865.1,0.48359,0.45602
mg,41106,2660,0.0,0.51140,0.42285
mg,48879,2898,157.6,0.31110,0.57872
mg,48895,0,4838.0,0.55803,0.35864
mg,48917,14506,0.0,0.40550,0.50447
mg,41122,4362,1356.3,0.58720,0.32964
mg,41149,2559,0.0,0.47602,0.46916
mg,48933,10513,0.0,0.53331,0.38304
mg,48950,51212,9201.4,0.42486,0.45992
mg,48976,2360,237.4,0.53474,0.40112
mg,48992,9642,0.0,0.38494,0.55242
mg,41165,4820,0.0,0.56083,0.38083
mg,49018,10188,0.0,0.32302,0.60137
mg,49034,47522,6273.2,0.21909,0.71113
mg,47317,4091,0.0,0.48190,0.41731
mg,49050,13197,1747.5,0.66265,0.29559
mg,40509,914,4479.9,0.65075,0.29294
mg,41181,2392,1151.5,0.53761,0.40007
mg,49077,1713,0.0,0.55228,0.36633
mg,41203,0,3738.2,0.65056,0.28367
mg,49115,24378,0.0,0.41823,0.49021
mg,49131,2035,0.0,0.61498,0.31227
mg,49093,2029,0.0,0.49551,0.42013
mg,49158,2601,0.0,0.31579,0.60164
mg,41220,3253,0.0,0.67041,0.26771
mg,41246,1374,3858.7,0.47800,0.46115
mg,49174,0,23214.5,0.43578,0.46635
mg,49190,17906,0.0,0.26921,0.64144
mg,49212,14041,33096.1,0.60245,0.30345
mg,49239,0,4913.1,0.51744,0.42808
mg,41262,2798,271.1,0.61014,0.32973
mg,49255,8012,1155.0,0.52577,0.42011
mg,41289,0,3833.5,0.66486,0.27690
mg,49271,2995,0.0,0.50743,0.41761
mg,49298,3500,1727.7,0.36081,0.56194
mg,49310,1419,0.0,0.56659,0.34470
mg,49336,3858,0.0,0.55976,0.38572
mg,40525,4055,0.0,0.64970,0.29229
mg,49379,0,9395.8,0.41924,0.51163
mg,49395,48522,1561.7,0.32575,0.59814
mg,49433,398,11078.7,0.37280,0.55174
mg,49450,11920,0.0,0.34515,0.55276
mg,49476,15151,0.0,0.39032,0.52629
mg,49417,49754,160.9,0.27351,0.62134
mg,49514,0,10022.2,0.43754,0.47035
mg,49530,5382,0.0,0.47161,0.43842
mg,49557,1945,0.0,0.43544,0.47437
mg,49492,1386,0.0,0.52817,0.38514
mg,49573,59479,0.0,0.38917,0.51371
mg,41300,3442,353.7,0.72007,0.22732
mg,49590,86616,0.0,0.28530,0.62872
mg,49611,50492,185.4,0.30579,0.61025
mg,49638,4023,0.0,0.48833,0.45037
mg,49654,627,5013.1,0.63578,0.29778
mg,49670,0,2763.4,0.70326,0.23053
mg,49697,4148,0.0,0.60917,0.35496
mg,49735,11710,0.0,0.54758,0.39971
mg,41327,0,4922.6,0.38178,0.55562
mg,49751,2628,0.0,0.62027,0.31674
mg,49778,0,2954.8,0.33654,0.57808
mg,49794,2100,0.0,0.50698,0.42002
mg,49816,0,6897.2,0.33925,0.56632
mg,40541,0,5324.6,0.67330,0.27571
mg,49832,2580,0.0,0.39136,0.53397
mg,49859,36766,0.0,0.38071,0.51067
mg,49875,1996,0.0,0.63300,0.28084
mg,49891,2552,0.0,0.49583,0.43363
mg,49913,3214,0.0,0.39766,0.50791
mg,49930,0,6672.2,0.17140,0.75021
mg,49956,10161,0.0,0.32302,0.60116
mg,49972,12727,0.0,0.36792,0.54334
mg,40568,2187,2273.1,0.43615,0.51018
mg,49999,0,2249.6,0.56270,0.37608
mg,49719,7699,458.4,0.55505,0.37165
mg,50016,2275,269.5,0.54930,0.37920
mg,41343,5686,0.0,0.38554,0.56314
mg,50032,0,2766.4,0.59326,0.34765
mg,50059,0,2844.5,0.49243,0.42315
mg,50075,229,3189.8,0.41229,0.51248
mg,50091,0,5455.4,0.35686,0.56463
mg,41360,0,3036.1,0.54107,0.39491
mg,41386,4353,0.0,0.63766,0.29414
mg,50113,4736,0.0,0.47388,0.42436
mg,50130,3563,0.0,0.43278,0.51221
mg,50156,8228,559.0,0.55741,0.35160
mg,50199,0,5574.5,0.37329,0.53311
mg,50172,0,3659.8,0.30207,0.60442
mg,50210,7238,0.0,0.48364,0.45942
mg,50237,26109,3273.1,0.39958,0.52311
mg,50253,1973,5332.4,0.51239,0.42588
mg,50270,16412,0.0,0.28436,0.63249
mg,50296,14642,3933.3,0.30189,0.62863
mg,50318,0,6166.3,0.41026,0.52422
mg,50377,475,4504.6,0.45243,0.49411
mg,50393,14072,2846.9,0.46149,0.46076
mg,50415,31359,1608.6,0.58929,0.32976
mg,41408,2583,0.0,0.69834,0.25390
mg,40584,3260,2865.5,0.59512,0.34603
mg,50431,17534,6004.7,0.55813,0.39127
mg,50458,0,6533.5,0.56935,0.36542
mg,50474,0,7916.7,0.50873,0.43579
mg,50490,50770,31301.4,0.34902,0.55760
mg,50512,3041,1261.6,0.35963,0.55880
mg,50334,6482,3256.2,0.40500,0.52113
mg,50350,69669,15938.2,0.36206,0.53781
mg,50539,5648,0.0,0.51972,0.39056
mg,50555,15759,0.0,0.40231,0.50103
mg,50598,2476,0.0,0.27734,0.63734
mg,50571,5373,0.0,0.40122,0.52062
mg,50610,2673,1169.8,0.59749,0.32919
mg,50636,0,2554.5,0.57388,0.35670
mg,50652,0,2291.8,0.73727,0.20128
mg,50679,11578,0.0,0.38348,0.53260
mg,50717,0,6684.0,0.40820,0.49492
mg,50733,2751,0.0,0.48843,0.43786
mg,50750,2153,0.0,0.45993,0.43873
mg,50776,4309,5896.9,0.51653,0.35984
mg,50792,13034,0.0,0.53292,0.40383
mg,50814,0,5879.3,0.54124,0.40004
mg,41424,0,4321.4,0.43682,0.49908
mg,50830,7309,0.0,0.43719,0.45341
mg,50857,8793,0.0,0.32653,0.62750
mg,50873,0,3576.2,0.52302,0.37634
mg,40606,4370,0.0,0.52873,0.38457
mg,50890,940,5037.1,0.65013,0.28865
mg,50911,148040,14294.8,0.43746,0.46663
mg,50938,2619,0.0,0.50470,0.40787
mg,50954,3592,2909.3,0.46167,0.43207
mg,50970,7212,0.0,0.58475,0.34374
mg,51012,1988,971.5,0.70421,0.25133
mg,50997,1956,0.0,0.58902,0.34690
mg,51039,3883,0.0,0.52003,0.39674
mg,51055,3764,0.0,0.45549,0.44327
mg,51071,5120,0.0,0.50394,0.42457
mg,51098,0,7669.6,0.43035,0.50236
mg,51110,14984,1263.7,0.54726,0.39499
mg,51136,8708,0.0,0.52074,0.39135
mg,51152,9867,298.9,0.50438,0.42416
mg,51179,3862,190.3,0.55903,0.37506
mg,51195,5637,0.0,0.60123,0.32924
mg,51217,3520,0.0,0.53329,0.37459
mg,51233,1275,807.4,0.41209,0.51413
mg,51250,0,5275.5,0.42797,0.50503
mg,51276,2688,0.0,0.53495,0.40076
mg,40622,0,3965.9,0.51436,0.40186
mg,51292,4620,0.0,0.72596,0.22481
mg,51314,4814,0.0,0.65003,0.29274
mg,51330,57409,13918.8,0.44351,0.45577
mg,51357,7596,0.0,0.63789,0.29984
mg,51373,15413,0.0,0.34602,0.56671
mg,51390,21960,1295.2,0.55350,0.38452
mg,51411,2708,630.6,0.58742,0.36256
mg,51438,16694,791.3,0.52860,0.36361
mg,40649,0,5051.1,0.40979,0.52357
mg,41440,2669,0.0,0.53011,0.40412
mg,51454,3202,0.0,0.63442,0.29896
mg,41467,2597,2354.4,0.37411,0.52847
mg,41483,1810,1267.8,0.71372,0.22104
mg,51470,3666,0.0,0.63202,0.31536
mg,51497,0,2293.4,0.56099,0.37190
mg,51519,2376,0.0,0.66073,0.28140
mg,41505,0,3474.3,0.64001,0.30049
mg,51535,0,9180.8,0.39496,0.54081
mg,51551,117749,6975.2,0.41596,0.47763
mg,51578,0,9928.7,0.40311,0.53952
mg,51594,810,5188.6,0.59050,0.33260
mg,51616,2885,0.0,0.54380,0.40152
mg,51632,7200,0.0,0.57563,0.37002
mg,51837,5333,0.0,0.28962,0.62799
mg,51870,0,2526.8,0.61271,0.29962
mg,51853,3384,0.0,0.52146,0.41200
mg,40665,0,4306.3,0.39321,0.53725
mg,51896,2287,1470.7,0.34917,0.60153
mg,51918,23280,0.0,0.26752,0.61752
mg,51934,2408,0.0,0.43213,0.50802
mg,51950,12626,0.0,0.49155,0.44189
mg,51659,4624,0.0,0.42422,0.48834
mg,51675,1634,1044.5,0.44075,0.49139
mg,51691,4874,503.6,0.46581,0.44641
mg,51713,1939,795.1,0.55544,0.37468
mg,51730,1714,0.0,0.60381,0.32877
mg,51756,0,2854.2,0.44585,0.47535
mg,51772,0,5650.0,0.50503,0.43827
mg,40681,0,18826.1,0.32723,0.59889
mg,51799,0,4425.7,0.52965,0.39404
mg,51810,0,2948.1,0.50784,0.40798
mg,51977,0,10554.1,0.57530,0.35422
mg,51993,188,2735.0,0.47579,0.44549
mg,52019,2812,0.0,0.61813,0.31344
mg,52035,0,2133.5,0.66438,0.26076
mg,52051,4157,1748.3,0.53054,0.42546
mg,52078,15804,291.6,0.22492,0.71218
mg,41521,2702,2102.7,0.61478,0.32081
mg,52094,1527,0.0,0.54507,0.37863
mg,52116,1717,340.8,0.61211,0.31004
mg,52132,25787,1428.6,0.55305,0.36490
mg,53074,4370,0.0,0.36650,0.54858
mg,53090,0,2987.8,0.48647,0.44311
mg,40800,14646,5589.8,0.34417,0.54925
mg,40827,0,2679.8,0.61135,0.32107
mg,40843,0,4617.7,0.33096,0.59591
mg,53112,1918,0.0,0.52606,0.39801
mg,53139,5181,0.0,0.58793,0.33141
mg,53155,1878,0.0,0.33913,0.59109
mg,53171,654,2490.5,0.59820,0.33190
mg,53198,0,4174.4,0.62644,0.30358
mg,53210,2108,0.0,0.54466,0.37983
mg,53236,0,6417.4,0.56419,0.36006
mg,53252,0,5386.0,0.37259,0.57789
mg,53279,1509,0.0,0.49026,0.44052
mg,53295,2076,0.0,0.62532,0.29670
mg,53317,963,0.0,0.37464,0.54236
mg,53350,0,6794.6,0.35245,0.58118
mg,53333,4410,0.0,0.56951,0.37820
mg,53376,4562,0.0,0.43986,0.48592
mg,53392,1565,0.0,0.49648,0.42716
mg,42382,3080,0.0,0.62720,0.32005
mg,53414,10144,398.2,0.64876,0.28495
mg,53430,96606,31561.0,0.34455,0.54960
mg,42404,0,5522.2,0.69418,0.25055
mg,53457,2393,0.0,0.56554,0.35246
mg,53473,0,3642.8,0.34903,0.56660
mg,53511,9893,2167.3,0.44050,0.49238
mg,53490,2202,293.6,0.48093,0.44892
mg,53538,2705,320.7,0.46383,0.47712
mg,53554,3715,0.0,0.40306,0.51791
mg,52159,3002,0.0,0.41710,0.48036
mg,52175,2687,0.0,0.52096,0.38555
mg,41548,1876,2508.8,0.38597,0.54773
mg,52191,9291,817.4,0.53069,0.39143
mg,52213,22618,6255.9,0.60160,0.34087
mg,52230,4588,0.0,0.53068,0.38743
mg,52256,3575,0.0,0.51525,0.42583
mg,52272,3229,0.0,0.55904,0.38595
mg,41564,1805,810.3,0.43968,0.50762
mg,52299,0,5589.7,0.57175,0.36193
mg,52310,0,2201.1,0.56103,0.36171
mg,41580,447,2065.7,0.46432,0.47564
mg,52337,4016,76.8,0.42398,0.51111
mg,52353,6841,0.0,0.35305,0.55339
mg,52370,0,9577.3,0.49513,0.41073
mg,45098,0,2028.8,0.67353,0.24677
mg,52396,11049,2125.5,0.39880,0.51611
mg,52418,21321,0.0,0.27755,0.65727
mg,41629,17181,742.7,0.45342,0.45522
mg,41645,5028,0.0,0.38987,0.52669
mg,40789,14976,521.3,0.38307,0.52131
mg,52590,2859,0.0,0.54478,0.40170
mg,52612,0,2909.1,0.40679,0.50594
mg,52639,0,2805.7,0.31731,0.58345
mg,52655,2363,0.0,0.41514,0.53273
mg,52671,3456,0.0,0.59685,0.33717
mg,52698,0,3517.4,0.60196,0.33441
mg,52710,2272,0.0,0.52362,0.42452
mg,52434,4871,0.0,0.33338,0.59163
mg,40703,0,3769.3,0.63890,0.29239
mg,52450,2367,0.0,0.30125,0.62516
mg,52477,11017,4279.1,0.72746,0.22780
mg,41602,2035,5119.4,0.63662,0.32196
mg,52493,40191,12106.9,0.41654,0.49150
mg,40720,0,7582.2,0.39085,0.55692
mg,40746,4097,0.0,0.44542,0.50053
mg,52515,0,4854.4,0.46668,0.48250
mg,40762,0,2881.8,0.66213,0.26719
mg,52531,11753,899.1,0.46229,0.46867
mg,52558,8687,0.0,0.62199,0.31399
mg,52574,14884,0.0,0.44096,0.46630
mg,52736,25221,0.0,0.32119,0.59712
mg,52752,4704,0.0,0.60082,0.32838
mg,52779,3163,0.0,0.35177,0.57702
mg,52817,0,3229.5,0.55190,0.38931
mg,52795,4377,0.0,0.64605,0.28735
mg,52833,4389,210.5,0.59599,0.35697
mg,52850,4063,288.1,0.20907,0.72531
mg,52876,0,4920.9,0.38437,0.53573
mg,42340,0,2436.2,0.46772,0.45553
mg,42366,0,3697.4,0.40160,0.54018
mg,52892,5399,0.0,0.55941,0.38485
mg,52914,5106,811.0,0.42044,0.51279
mg,52930,35867,0.0,0.35513,0.53104
mg,52957,762,603.6,0.46758,0.45251
mg,52973,1686,0.0,0.31740,0.58859
mg,53031,0,4030.6,0.58945,0.33312
mg,52990,1560,5400.0,0.47782,0.40907
mg,53015,4281,0.0,0.38873,0.50823
mg,53058,4002,0.0,0.47000,0.45834
mg,53570,2983,0.0,0.52520,0.40421
mg,53597,15039,5032.9,0.35036,0.59129
mg,42420,0,3021.6,0.50486,0.43889
mg,53619,202,4032.3,0.20089,0.72341
mg,53635,1515,0.0,0.45054,0.47518
mg,53651,1643,2532.7,0.37836,0.53206
mg,53678,7005,526.5,0.45808,0.49520
mg,53694,7596,0.0,0.56633,0.35865
mg,53716,56288,17105.4,0.46241,0.47908
mg,53732,38504,5171.4,0.36115,0.56750
mg,53759,737,4938.3,0.42691,0.48924
mg,53775,0,4168.5,0.26667,0.67155
mg,53791,4412,5505.8,0.43783,0.48877
mg,42587,3292,0.0,0.44044,0.45499
mg,53813,5476,0.0,0.30848,0.62043
mg,53830,5233,0.0,0.48248,0.46985
mg,53856,20145,19272.9,0.33240,0.57321
mg,41157,17115,0.0,0.41582,0.50434
mg,53872,33388,0.0,0.43626,0.46208
mg,53899,869,2891.2,0.46700,0.48105
mg,53910,15260,0.0,0.46761,0.47357
mg,53937,11514,804.5,0.59743,0.33957
mg,53953,0,3704.5,0.37669,0.53442
mg,40860,6125,1761.8,0.37691,0.56990
mg,53996,5778,1012.7,0.69643,0.25839
mg,54011,176560,1698.0,0.38673,0.51118
mg,54038,358175,51840.2,0.39975,0.50454
mg,53970,29507,23206.9,0.44025,0.48376
mg,54054,1863,0.0,0.60672,0.34184
mg,54070,29761,17833.5,0.29526,0.62713
mg,42447,2375,0.0,0.50111,0.45062
mg,42463,2380,227.0,0.42959,0.50386
mg,40886,4637,909.6,0.51557,0.41443
mg,54097,4832,1279.6,0.56828,0.37319
mg,40908,3990,0.0,0.47986,0.47898
mg,54119,0,1880.9,0.31923,0.61490
mg,42480,2894,233.9,0.42502,0.49493
mg,54135,76210,0.0,0.33501,0.56365
mg,42501,4993,0.0,0.40894,0.51463
mg,54178,0,11122.6,0.65716,0.29153
mg,54194,12262,0.0,0.41390,0.49663
mg,42528,4313,625.2,0.65308,0.30223
mg,42544,225,3502.4,0.63333,0.29948
mg,42560,3657,0.0,0.48948,0.44341
mg,54232,2307,0.0,0.48077,0.44913
mg,54259,61923,4551.3,0.41401,0.48955
mg,54291,0,3287.1,0.49084,0.44340
mg,54330,0,6332.4,0.63404,0.30632
mg,54372,5534,0.0,0.54170,0.35302
mg,54399,3094,0.0,0.63832,0.29921
mg,54356,4651,1059.1,0.44535,0.47134
mg,54410,17655,5265.0,0.49955,0.43202
mg,54275,24374,20978.2,0.57252,0.33273
mg,54437,2995,0.0,0.55258,0.38563
mg,54151,11888,7212.3,0.41741,0.50950
mg,54216,1492,575.3,0.37607,0.53375
mg,40118,5292,2328.9,0.54450,0.40363
mg,40134,2023,0.0,0.36046,0.58488
mg,40177,0,9566.6,0.49502,0.44122
mg,40193,3457,3909.8,0.63923,0.30615
pr,74012,4306,0.0,0.34245,0.60348
pr,74039,4037,175.6,0.52813,0.41342
pr,74055,6937,0.0,0.29126,0.64870
pr,74071,56841,0.0,0.34551,0.54891
pr,84557,2568,0.0,0.45457,0.47416
pr,74098,7643,0.0,0.35733,0.57820
pr,74926,2280,0.0,0.35612,0.58204
pr,74110,5428,0.0,0.43756,0.50231
pr,79510,10958,0.0,0.26428,0.66675
pr,74136,5652,0.0,0.33611,0.61668
pr,74152,3044,0.0,0.42908,0.50634
pr,74179,11739,0.0,0.46401,0.47164
pr,74101,2290,0.0,0.41273,0.51072
pr,74195,11876,0.0,0.35401,0.58155
pr,74217,11262,0.0,0.31218,0.62257
pr,74233,5226,0.0,0.36488,0.54265
pr,74250,70474,0.0,0.23992,0.66791
pr,74276,64346,0.0,0.19928,0.72001
pr,74292,13753,0.0,0.25328,0.68306
pr,75108,2651,0.0,0.45601,0.47988
pr,74314,8230,267.0,0.32447,0.60329
pr,74357,84807,0.0,0.36419,0.52557
pr,75086,1958,0.0,0.47899,0.45726
pr,74373,8981,0.0,0.24460,0.68801
pr,79537,21045,0.0,0.28364,0.65339
pr,74390,15201,0.0,0.22867,0.71630
pr,74411,2779,0.0,0.32896,0.60695
pr,74438,9478,0.0,0.29777,0.61848
pr,74454,18078,0.0,0.25036,0.69514
pr,74470,6377,0.0,0.38347,0.54639
pr,74519,2154,0.0,0.40423,0.52661
pr,74497,5951,0.0,0.38674,0.55343
pr,75124,2407,0.0,0.49812,0.44447
pr,74535,8904,0.0,0.31013,0.62709
pr,74551,9686,258.6,0.43683,0.50362
pr,74578,3123,0.0,0.22806,0.72122
pr,74144,1896,0.0,0.50587,0.42578
pr,75140,4051,0.0,0.48366,0.44144
pr,79812,5429,0.0,0.40521,0.53161
pr,74594,7279,0.0,0.32348,0.59030
pr,75167,2990,0.0,0.47833,0.46840
pr,74616,4049,0.0,0.45185,0.47426
pr,74160,2514,0.0,0.27305,0.67104
pr,74632,5004,0.0,0.34239,0.59952
pr,79839,3376,0.0,0.36987,0.57030
pr,74187,2580,0.0,0.45640,0.48519
pr,74659,1763,0.0,0.48188,0.46234
pr,79855,10639,0.0,0.25836,0.67023
pr,74209,3195,0.0,0.32014,0.61411
pr,74675,5369,0.0,0.27232,0.65329
pr,74691,12553,0.0,0.32873,0.60161
pr,74730,4984,0.0,0.28006,0.65507
pr,74713,56980,0.0,0.25717,0.64603
pr,74756,9247,0.0,0.34042,0.59115
pr,75183,2791,0.0,0.50112,0.42284
pr,74772,26649,0.0,0.30985,0.59739
pr,74780,2812,0.0,0.41911,0.51779
pr,74799,5070,0.0,0.29275,0.62716
pr,74810,73035,0.0,0.28418,0.61472
pr,75205,16370,0.0,0.33668,0.55611
pr,74837,54281,0.0,0.30741,0.60437
pr,74225,9410,0.0,0.43636,0.49731
pr,84514,6600,0.0,0.47018,0.46947
pr,74870,11831,0.0,0.38408,0.54471
pr,74896,9013,0.0,0.37257,0.56861
pr,75221,13670,0.0,0.23009,0.67667
pr,74918,8838,0.0,0.31231,0.62291
pr,74934,188488,0.0,0.27091,0.64307
pr,74950,42298,0.0,0.27274,0.63778
pr,74977,5310,0.0,0.34549,0.59258
pr,74993,6289,0.0,0.49993,0.44771
pr,75019,9700,241.7,0.46773,0.46650
pr,75035,13029,0.0,0.34724,0.58923
pr,75051,44411,0.0,0.23051,0.68898
pr,75078,6429,175.9,0.38109,0.55976
pr,75094,9792,0.0,0.39902,0.55403
pr,75132,123040,0.0,0.32291,0.56900
pr,75159,13343,0.0,0.37013,0.56050
pr,75175,4760,0.0,0.49993,0.44387
pr,75191,0,2476.4,0.40359,0.52144
pr,75213,10651,0.0,0.31722,0.59552
pr,75230,11081,0.0,0.25426,0.67939
pr,75256,25953,0.0,0.29938,0.61767
pr,75248,3934,0.0,0.49293,0.45610
pr,75272,13946,0.0,0.38087,0.55645
pr,75280,2505,241.2,0.44663,0.47196
pr,75337,10654,0.0,0.30489,0.59386
pr,74241,2840,0.0,0.44215,0.49446
pr,75299,11790,363.7,0.32394,0.61283
pr,75310,2913,0.0,0.49725,0.44178
pr,75264,2101,0.0,0.33219,0.59547
pr,75353,1093434,0.0,0.30371,0.57502
pr,75370,7559,0.0,0.35249,0.58236
pr,74853,8704,0.0,0.36986,0.56209
pr,79570,6985,0.0,0.19300,0.75216
pr,75400,2955,0.0,0.51050,0.43508
pr,75396,0,3224.3,0.35679,0.58462
pr,74268,2572,0.0,0.40890,0.54540
pr,75418,26747,0.0,0.37967,0.55758
pr,84654,5465,0.0,0.28769,0.65056
pr,75434,4038,0.0,0.28392,0.65144
pr,74942,3889,0.0,0.46123,0.47522
pr,75477,7632,0.0,0.32610,0.60881
pr,74284,3085,0.0,0.19455,0.74861
pr,75450,4418,0.0,0.45910,0.47294
pr,75302,1565,0.0,0.25979,0.68001
pr,75329,3333,0.0,0.34687,0.60162
pr,74306,2172,0.0,0.41020,0.53084
pr,75493,9400,0.0,0.24544,0.68875
pr,74322,67552,1158.3,0.31925,0.57361
pr,75345,3679,597.5,0.38023,0.54381
pr,84573,4271,308.2,0.48936,0.45069
pr,74349,3408,0.0,0.42710,0.51108
pr,75531,3533,0.0,0.33692,0.60117
pr,75558,6214,0.0,0.29004,0.63859
pr,75574,7398,0.0,0.45813,0.47445
pr,75590,1933,0.0,0.40640,0.52135
pr,75612,4559,0.0,0.28467,0.65138
pr,75639,160136,0.0,0.31391,0.61026
pr,75361,3209,0.0,0.54068,0.40485
pr,79774,4442,0.0,0.30379,0.64619
pr,75655,54033,0.0,0.36810,0.55345
pr,75515,2613,313.0,0.42487,0.50276
pr,75671,6255,235.9,0.43885,0.50249
pr,74004,2150,0.0,0.52537,0.41452
pr,75698,16178,0.0,0.30477,0.63588
pr,75388,4085,0.0,0.52070,0.41967
pr,79596,3598,0.0,0.28968,0.64388
pr,75736,4006,0.0,0.33650,0.60322
pr,75426,5374,0.0,0.29717,0.63553
pr,75752,2983,0.0,0.38038,0.54912
pr,75779,0,1548.8,0.34617,0.59376
pr,75795,3283,0.0,0.31683,0.62086
pr,75817,8373,0.0,0.29205,0.64896
pr,75833,103362,0.0,0.36958,0.54940
pr,75850,5218,0.0,0.39490,0.54028
pr,75876,23373,0.0,0.27950,0.63963
pr,75710,17829,0.0,0.26987,0.67503
pr,74365,3423,0.0,0.49265,0.45593
pr,75892,15729,0.0,0.32255,0.61026
pr,74020,3847,0.0,0.42368,0.50940
pr,75914,28952,0.0,0.26639,0.64512
pr,75930,5314,0.0,0.29719,0.65360
pr,75957,3157,0.0,0.30351,0.62836
pr,74381,1716,0.0,0.44360,0.50316
pr,75442,6698,0.0,0.42982,0.50789
pr,75973,18528,0.0,0.27982,0.63840
pr,76015,1951,0.0,0.51653,0.42354
pr,79618,2869,0.0,0.31720,0.61588
pr,75990,6556,0.0,0.43701,0.48573
pr,76031,8302,750.4,0.23204,0.67421
pr,76058,8889,0.0,0.30006,0.63966
pr,74403,1885,0.0,0.42574,0.51908
pr,76074,35440,0.0,0.30147,0.59786
pr,76090,5710,0.0,0.43927,0.49164
pr,76112,2752,0.0,0.44175,0.50191
pr,75000,8068,0.0,0.31875,0.62736
pr,76139,3820,0.0,0.32037,0.62272
pr,76155,4121,0.0,0.32790,0.59703
pr,76171,7251,0.0,0.40886,0.53051
pr,74446,10399,7054.3,0.52472,0.40424
pr,76198,2046,0.0,0.53684,0.39749
pr,76236,18529,221.0,0.35060,0.56844
pr,76252,2283,0.0,0.30316,0.61195
pr,74462,4226,0.0,0.38877,0.54437
pr,76210,8614,0.0,0.28972,0.63726
pr,76279,3505,0.0,0.33004,0.59873
pr,76295,21765,0.0,0.42449,0.50802
pr,76317,7873,0.0,0.29013,0.64087
pr,76333,19374,0.0,0.27119,0.66342
pr,76350,12751,0.0,0.23793,0.67900
pr,76376,3668,0.0,0.42135,0.52343
pr,76392,2932,0.0,0.40041,0.53225
pr,76414,5861,0.0,0.24531,0.68457
pr,76430,2115,4989.1,0.46238,0.48533
pr,76457,1113,0.0,0.57072,0.35670
pr,76473,7052,0.0,0.32363,0.60034
pr,79979,5810,0.0,0.31963,0.61795
pr,76490,6808,0.0,0.31110,0.61815
pr,76511,2120,0.0,0.49309,0.44689
pr,84638,4962,0.0,0.29069,0.65430
pr,76538,4174,0.0,0.33723,0.58863
pr,76554,3256,0.0,0.34905,0.58843
pr,76570,27960,0.0,0.32473,0.58068
pr,74985,3590,0.0,0.55697,0.39803
pr,76597,17450,404.8,0.43896,0.49531
pr,76619,2779,0.0,0.42663,0.50870
pr,74489,2784,0.0,0.30816,0.63285
pr,74047,3929,0.0,0.47937,0.45750
pr,76635,12262,0.0,0.29566,0.64635
pr,76651,2960,0.0,0.40239,0.52782
pr,76678,299327,0.0,0.24182,0.65169
pr,75809,4500,0.0,0.42023,0.51776
pr,84590,3179,0.0,0.38264,0.55095
pr,76694,3104,0.0,0.46912,0.47380
pr,76716,8236,0.0,0.26166,0.64356
pr,76732,8240,0.0,0.25492,0.69148
pr,76775,20576,0.0,0.26466,0.65311
pr,76759,14709,0.0,0.31275,0.61116
pr,76791,15158,0.0,0.33953,0.57798
pr,75469,2489,0.0,0.55874,0.38483
pr,75116,10479,0.0,0.43317,0.50915
pr,76813,8629,0.0,0.26493,0.67568
pr,76830,32596,0.0,0.20195,0.73673
pr,76856,262,3166.2,0.38541,0.55285
pr,76872,23136,0.0,0.24815,0.67287
pr,79758,4483,0.0,0.47837,0.46085
pr,76899,5721,0.0,0.42615,0.51641
pr,74330,5193,142.7,0.27115,0.65265
pr,76910,232142,0.0,0.26785,0.63137
pr,74500,4304,0.0,0.14155,0.80784
pr,76937,4289,0.0,0.32148,0.62194
pr,76953,9225,0.0,0.39970,0.53144
pr,75485,2970,0.0,0.46272,0.48100
pr,76970,3202,0.0,0.40799,0.52428
pr,76996,10900,0.0,0.19433,0.75275
pr,79634,23989,0.0,0.35449,0.55605
pr,74527,2480,0.0,0.50176,0.43179
pr,74543,5845,0.0,0.32853,0.60863
pr,77011,29271,0.0,0.25852,0.67886
pr,74560,4193,0.0,0.12367,0.82150
pr,77038,1562,0.0,0.53216,0.40621
pr,77054,1530,0.0,0.37934,0.56591
pr,84697,7949,0.0,0.26114,0.68050
pr,77070,7094,0.0,0.35712,0.59530
pr,77097,10835,0.0,0.35067,0.57460
pr,77119,2769,0.0,0.35499,0.58585
pr,77135,2431,0.0,0.49176,0.43712
pr,77151,1210,0.0,0.40573,0.52292
pr,77178,2739,0.0,0.38761,0.55028
pr,79650,7844,0.0,0.29422,0.65108
pr,77194,4692,0.0,0.48984,0.45141
pr,77216,14948,0.0,0.29951,0.62722
pr,75027,4219,0.0,0.47567,0.46030
pr,77232,4516,0.0,0.38243,0.55019
pr,74586,6577,0.0,0.49486,0.45928
pr,77259,7124,0.0,0.36902,0.56424
pr,79677,2277,1401.1,0.30265,0.64451
pr,79952,7089,0.0,0.44110,0.50839
pr,74608,2854,0.0,0.43876,0.48848
pr,79790,5978,0.0,0.11395,0.83999
pr,75760,4681,0.0,0.53344,0.39029
pr,74420,2374,0.0,0.30109,0.61449
pr,77275,14239,0.0,0.47543,0.46351
pr,77291,2288,0.0,0.44645,0.48785
pr,74063,4261,0.0,0.30154,0.63218
pr,77313,22712,0.0,0.34561,0.55895
pr,77330,22002,711.0,0.44089,0.49964
pr,77356,21070,0.0,0.23251,0.67554
pr,77372,8284,0.0,0.44736,0.49318
pr,77399,19844,0.0,0.20804,0.72879
pr,77437,5509,0.0,0.44972,0.48824
pr,77453,83241,0.0,0.30382,0.61219
pr,77470,1706,0.0,0.50640,0.42402
pr,77496,47741,235.6,0.26747,0.65838
pr,77410,7207,0.0,0.37985,0.56213
pr,74624,3735,0.0,0.16278,0.77886
pr,77518,50984,0.0,0.30158,0.61536
pr,77534,3714,0.0,0.29171,0.63235
pr,77550,4556,0.0,0.28228,0.62468
pr,77577,7594,0.0,0.35121,0.57618
pr,75507,0,4375.8,0.26962,0.65977
pr,75043,76420,0.0,0.31256,0.57430
pr,74640,2068,0.0,0.58753,0.34992
pr,77631,4574,0.0,0.35344,0.57735
pr,77658,17075,0.0,0.50524,0.42595
pr,77690,54409,0.0,0.35800,0.53655
pr,77674,14048,0.0,0.29420,0.61486
pr,77712,19522,0.0,0.40024,0.51671
pr,74667,2041,0.0,0.29207,0.63970
pr,77615,9064,0.0,0.18859,0.73305
pr,77739,2728,0.0,0.44738,0.49123
pr,77755,8155,0.0,0.42718,0.51962
pr,77771,198330,0.0,0.28313,0.59423
pr,75523,17792,0.0,0.36222,0.55797
pr,77798,7141,0.0,0.43468,0.49448
pr,77810,2897,0.0,0.28295,0.61847
pr,75540,2407,0.0,0.41026,0.52764
pr,77836,2343,0.0,0.29563,0.65026
pr,77852,2543,0.0,0.33393,0.57984
pr,75566,2527,0.0,0.39152,0.53929
pr,79910,3860,0.0,0.31396,0.63037
pr,77879,2945,0.0,0.45090,0.47836
pr,77895,3854,2515.6,0.26446,0.67930
pr,77917,30583,0.0,0.20341,0.71587
pr,79693,6995,0.0,0.30943,0.62517
pr,77593,4354,0.0,0.32910,0.61881
pr,75582,2766,0.0,0.35444,0.59164
pr,77933,5030,0.0,0.28980,0.65193
pr,77950,13918,0.0,0.26107,0.64281
pr,74683,3544,0.0,0.10026,0.83974
pr,79553,17476,0.0,0.35156,0.59469
pr,77976,6146,0.0,0.45868,0.49073
pr,77992,3355,0.0,0.41206,0.52765
pr,78018,11347,0.0,0.24620,0.68484
pr,74705,2860,0.0,0.45020,0.49291
pr,78034,2492,0.0,0.32601,0.61393
pr,74721,1860,0.0,0.36352,0.58409
pr,78050,11309,0.0,0.34794,0.59765
pr,78077,9504,0.0,0.34217,0.57353
pr,78093,4200,0.0,0.41382,0.53246
pr,78115,14120,516.7,0.34906,0.58781
pr,75604,4006,0.0,0.49594,0.44253
pr,78131,7091,0.0,0.35651,0.57873
pr,78158,7133,0.0,0.47407,0.45632
pr,78174,7656,1555.7,0.21383,0.69435
pr,78190,2337,0.0,0.36069,0.55801
pr,74748,7812,450.9,0.58721,0.36291
pr,75620,2571,0.0,0.39981,0.53458
pr,78212,21206,0.0,0.42030,0.50861
pr,78239,18548,0.0,0.20086,0.70981
pr,78255,36749,0.0,0.23620,0.68351
pr,78271,6813,0.0,0.43960,0.49377
pr,78298,5433,0.0,0.30971,0.63447
pr,75744,3743,0.0,0.36289,0.56020
pr,78310,5281,0.0,0.21332,0.71554
pr,78336,2964,0.0,0.39502,0.53477
pr,78352,3457,0.0,0.43169,0.49776
pr,78379,8735,0.0,0.50064,0.43927
pr,78395,2339,0.0,0.38154,0.57323
pr,78417,2491,0.0,0.40213,0.52969
pr,78433,5250,0.0,0.36088,0.59028
pr,78450,6973,0.0,0.32638,0.61832
pr,79715,16629,0.0,0.31454,0.63429
pr,78476,1409,0.0,0.47462,0.46421
pr,78492,5320,0.0,0.29746,0.64741
pr,78514,6881,0.0,0.39256,0.55574
pr,74764,0,2540.3,0.36511,0.56630
pr,74802,6099,0.0,0.47655,0.46679
pr,78530,6908,0.0,0.41875,0.51667
pr,74829,2051,0.0,0.46701,0.47849
pr,74080,8040,0.0,0.32579,0.59992
pr,84670,14915,0.0,0.24612,0.69824
pr,78557,3470,0.0,0.40767,0.52716
pr,78590,23440,0.0,0.30051,0.62608
pr,78611,1876,0.0,0.51785,0.42408
pr,78638,1706,0.0,0.42582,0.50371
pr,78573,12388,0.0,0.41428,0.53703
pr,78654,3642,0.0,0.41945,0.52010
pr,78999,4051,0.0,0.42213,0.51015
pr,84611,52143,0.0,0.34173,0.56106
pr,75060,3934,0.0,0.46604,0.47001
pr,79014,10255,0.0,0.29442,0.63871
pr,75647,3651,0.0,0.21341,0.73685
pr,79030,3794,0.0,0.33493,0.60139
pr,79057,10168,0.0,0.22623,0.71381
pr,79073,12058,0.0,0.36843,0.54036
pr,75787,2314,0.0,0.41467,0.51614
pr,78670,4037,0.0,0.30687,0.64562
pr,78697,6034,0.0,0.49174,0.44659
pr,78816,6555,0.0,0.37437,0.57214
pr,78794,3926,0.0,0.27485,0.67326
pr,79995,4040,0.0,0.33048,0.61790
pr,78832,3642,0.0,0.28841,0.63572
pr,84719,2676,0.0,0.44547,0.48722
pr,78859,173708,0.0,0.28188,0.60813
pr,78719,7289,0.0,0.34544,0.59627
pr,78735,3638,0.0,0.50994,0.43330
pr,78751,6790,0.0,0.41976,0.50674
pr,78778,9017,0.0,0.40512,0.49549
pr,74845,1629,0.0,0.31052,0.62292
pr,78875,26279,0.0,0.34230,0.55822
pr,78891,17194,0.0,0.30500,0.64427
pr,74861,3846,0.0,0.35293,0.59383
pr,78913,5278,0.0,0.35086,0.58056
pr,78930,2084,0.0,0.26291,0.68227
pr,78956,4904,0.0,0.43977,0.49065
pr,78972,3592,0.0,0.29601,0.63103
pr,75663,6067,495.2,0.32953,0.59768
pr,79090,3100,0.0,0.31521,0.62081
pr,79111,8635,0.0,0.32142,0.62262
pr,79731,1553,1928.3,0.36689,0.58004
pr,79138,6174,0.0,0.31298,0.60141
pr,79154,39198,0.0,0.31463,0.59256
pr,79170,9959,0.0,0.26835,0.66033
pr,79197,8707,0.0,0.30151,0.63605
pr,79219,10473,0.0,0.26170,0.68832
pr,79235,10704,0.0,0.38602,0.53069
pr,79251,0,10306.5,0.34820,0.56666
pr,79278,84860,796.2,0.25956,0.66268
pr,79294,5099,0.0,0.35353,0.57239
pr,79871,7187,0.0,0.35137,0.59921
pr,74888,4116,0.0,0.38190,0.55362
pr,79316,5153,0.0,0.30984,0.63298
pr,79936,5029,0.0,0.21910,0.73071
pr,84530,9069,204.8,0.46004,0.46514
pr,79332,14789,0.0,0.28677,0.65336
pr,79359,63490,0.0,0.23695,0.69013
pr,79391,1738,0.0,0.43838,0.50723
pr,79375,29991,0.0,0.30134,0.60406
pr,79413,6506,0.0,0.33961,0.58926
pr,74900,5849,0.0,0.41986,0.51379
pr,79898,5149,0.0,0.31842,0.62947
pr,79456,5653,0.0,0.43392,0.51686
pr,74969,2841,0.0,0.36393,0.56677
pr,79472,4839,0.0,0.31073,0.62600
pr,79430,10663,0.0,0.29451,0.63116
pr,79499,4038,0.0,0.34976,0.59270
pr,74128,2241,0.0,0.26513,0.66221
pb,19038,3716,0.0,0.76337,0.20027
pb,19054,16683,268.4,0.70042,0.25876
pb,19070,12188,0.0,0.70900,0.23166
pb,19097,9324,0.0,0.76109,0.19740
pb,19763,4031,0.0,0.55728,0.37831
pb,19925,2365,0.0,0.79806,0.16975
pb,19119,12992,2820.6,0.55165,0.40155
pb,19585,2173,0.0,0.81065,0.15736
pb,19844,5629,0.0,0.70959,0.25076
pb,19178,6784,0.0,0.71202,0.23578
pb,19194,10462,0.0,0.66709,0.29080
pb,19151,10791,0.0,0.76399,0.19618
pb,19216,14285,0.0,0.74303,0.20923
pb,19909,1813,0.0,0.73376,0.21755
pb,19232,5042,0.0,0.66853,0.27163
pb,19259,12451,0.0,0.73770,0.21581
pb,19321,3142,0.0,0.68692,0.27422
pb,19313,14286,0.0,0.70529,0.24513
pb,19305,3644,0.0,0.74304,0.20616
pb,19330,8896,0.0,0.75934,0.20343
pb,19780,6035,0.0,0.68716,0.26454
pb,19356,4648,282.0,0.66074,0.29593
pb,19372,58887,273.7,0.47214,0.46271
pb,19291,6141,273.4,0.76191,0.20350
pb,19399,7271,2480.2,0.65080,0.30460
pb,19410,4963,0.0,0.68605,0.27281
pb,19500,2099,236.9,0.77313,0.19029
pb,19437,3703,0.0,0.76687,0.18937
pb,19941,4815,262.0,0.63495,0.31215
pb,19453,2499,0.0,0.81032,0.14795
pb,19470,3778,0.0,0.81956,0.14696
pb,19496,6046,0.0,0.71097,0.25324
pb,19518,12652,0.0,0.63308,0.31690
pb,19550,3696,0.0,0.71242,0.24370
pb,19577,8400,0.0,0.64220,0.30978
pb,19593,4774,0.0,0.69385,0.27088
pb,19615,13269,0.0,0.63238,0.32109
pb,19631,4223,0.0,0.62080,0.32069
pb,19658,39708,751.9,0.47277,0.45484
pb,19674,6043,0.0,0.80118,0.15507
pb,19690,3377,0.0,0.75521,0.20909
pb,19712,10179,0.0,0.68910,0.26742
pb,19364,4536,0.0,0.79215,0.17079
pb,19739,4780,0.0,0.64218,0.31071
pb,19755,37693,0.0,0.74926,0.19983
pb,19380,2853,0.0,0.74748,0.22086
pb,19771,4103,181.0,0.69958,0.26213
pb,19798,3824,1071.9,0.83136,0.14112
pb,19810,245436,0.0,0.48401,0.44399
pb,19062,4660,487.7,0.67315,0.28087
pb,19240,3435,246.9,0.72553,0.23304
pb,19836,1623,246.3,0.77535,0.18221
pb,19607,4637,0.0,0.75663,0.19863
pb,19852,3905,0.0,0.69500,0.26462
pb,19879,17870,0.0,0.70456,0.25331
pb,19801,4414,0.0,0.70694,0.23573
pb,19895,11309,0.0,0.73095,0.23270
pb,19917,4114,208.6,0.76012,0.20237
pb,19933,15386,4918.0,0.57576,0.37305
pb,19950,3496,810.5,0.75460,0.20480
pb,19976,9425,0.0,0.68539,0.27594
pb,19704,1608,0.0,0.73507,0.21848
pb,19992,12513,165.1,0.66132,0.30037
pb,20010,4994,273.4,0.68588,0.26692
pb,20052,4501,0.0,0.70603,0.25020
pb,20036,13008,0.0,0.76043,0.19810
pb,19089,5608,0.0,0.72962,0.23234
pb,19100,4614,0.0,0.72455,0.22410
pb,20079,1738,0.0,0.69476,0.23775
pb,19275,3557,0.0,0.77200,0.18164
pb,20095,5829,0.0,0.73094,0.23461
pb,20133,4247,0.0,0.76447,0.19388
pb,20150,7017,0.0,0.78553,0.17850
pb,20176,2922,0.0,0.67853,0.27632
pb,20192,2710,0.0,0.68547,0.26433
pb,20214,20033,0.0,0.62358,0.31624
pb,20230,7913,0.0,0.74615,0.20865
pb,20257,2303,0.0,0.66591,0.27547
pb,19623,6253,0.0,0.75973,0.19504
pb,20273,34315,0.0,0.57626,0.35949
pb,20290,8325,203.9,0.70486,0.25484
pb,20311,2579,0.0,0.78094,0.17904
pb,20338,4165,0.0,0.77237,0.18633
pb,19534,4301,0.0,0.71480,0.22898
pb,20354,6721,0.0,0.79477,0.17335
pb,20370,11904,0.0,0.65239,0.30951
pb,20397,15302,0.0,0.58885,0.36281
pb,20419,13143,0.0,0.70398,0.24383
pb,20435,9019,2189.2,0.68544,0.26663
pb,20451,6820,257.7,0.67828,0.28666
pb,20478,10171,271.9,0.61435,0.32988
pb,20494,5061,0.0,0.74608,0.22145
pb,19666,1877,0.0,0.77271,0.17954
pb,20516,466038,5047.2,0.46503,0.45669
pb,20532,5831,281.3,0.70585,0.25689
pb,20559,10630,0.0,0.70063,0.26566
pb,20575,4621,0.0,0.68838,0.25260
pb,20591,7472,0.0,0.66032,0.29848
pb,20613,5998,0.0,0.79483,0.17238
pb,20630,3540,0.0,0.78024,0.17616
pb,20656,2831,2764.9,0.68721,0.26717
pb,20672,16882,296.7,0.58306,0.36308
pb,20699,3466,0.0,0.75567,0.20803
pb,20710,4396,0.0,0.71075,0.24495
pb,19160,3737,0.0,0.61327,0.33769
pb,20737,9873,0.0,0.61479,0.33431
pb,20770,3979,0.0,0.78841,0.17414
pb,20796,26085,0.0,0.59081,0.35105
pb,20818,5513,1180.8,0.81540,0.14874
pb,19968,5764,248.5,0.76593,0.20109
pb,20834,14497,0.0,0.66910,0.28536
pb,19461,4385,543.6,0.63886,0.30571
pb,20850,9256,0.0,0.66594,0.28684
pb,20877,6330,0.0,0.64014,0.31570
pb,19143,3538,0.0,0.73548,0.22388
pb,19488,2101,0.0,0.80115,0.16552
pb,19984,4368,0.0,0.77800,0.18701
pb,20893,8556,257.9,0.64714,0.31453
pb,20915,4149,0.0,0.65874,0.28699
pb,20931,3152,0.0,0.76216,0.18542
pb,20958,20656,252.2,0.73095,0.22417
pb,20974,7206,0.0,0.70046,0.24989
pb,20753,3079,0.0,0.74877,0.20864
pb,20990,3341,1669.4,0.69121,0.25749
pb,21016,5532,0.0,0.77626,0.18926
pb,21032,6222,0.0,0.70055,0.24263
pb,21059,3942,0.0,0.77422,0.18756
pb,21075,3069,0.0,0.77045,0.17516
pb,21091,5282,0.0,0.72138,0.23337
pb,21113,3169,0.0,0.66657,0.27484
pb,21130,2527,0.0,0.75492,0.20993
pb,19720,1925,0.0,0.73420,0.22942
pb,21156,2177,0.0,0.69819,0.25540
pb,21172,52322,0.0,0.60189,0.33679
pb,21199,8275,256.8,0.65671,0.29492
pb,21210,3004,0.0,0.67619,0.26781
pb,21237,4792,0.0,0.73081,0.21562
pb,21253,18403,942.0,0.62516,0.33090
pb,19747,3934,0.0,0.63772,0.30867
pb,21270,9527,0.0,0.68339,0.26831
pb,21296,11719,0.0,0.66964,0.27791
pb,21318,8480,0.0,0.64165,0.31038
pb,21334,5343,0.0,0.71990,0.23545
pb,21350,4256,242.1,0.73018,0.22232
pb,21377,6388,0.0,0.68316,0.25671
pb,21393,3383,6655.3,0.63882,0.31526
pb,21415,11818,0.0,0.61095,0.33418
pb,21431,19581,266.3,0.62224,0.32732
pb,19640,2815,257.9,0.81584,0.14701
pb,19526,3495,0.0,0.78038,0.17755
pb,21458,3278,0.0,0.68253,0.28146
pb,21474,12110,266.7,0.77097,0.18479
pb,21490,10086,0.0,0.61731,0.31901
pb,21512,28356,0.0,0.67257,0.27846
pb,21539,1958,0.0,0.65074,0.30491
pb,21555,11510,0.0,0.72625,0.22766
pb,19828,2270,0.0,0.61674,0.34208
pb,21571,6748,0.0,0.76045,0.20710
pb,19208,2637,0.0,0.73187,0.23049
pb,19127,3809,0.0,0.68158,0.27405
pb,19003,2764,1089.1,0.64122,0.31232
pb,21598,14091,842.7,0.63458,0.31975
pb,21610,2526,0.0,0.67597,0.26791
pb,21636,7779,0.0,0.68523,0.27071
pb,20001,4976,830.4,0.67626,0.27434
pb,21652,4503,0.0,0.78606,0.18123
pb,21679,4325,255.2,0.81259,0.14842
pb,19569,2878,0.0,0.83477,0.13532
pb,21695,9759,0.0,0.63984,0.30298
pb,21750,78732,1885.0,0.53078,0.40763
pb,21776,4394,0.0,0.68243,0.26996
pb,21717,3333,0.0,0.81712,0.14456
pb,21733,4592,0.0,0.71733,0.23174
pb,19267,2322,0.0,0.73264,0.22467
pb,22071,29004,0.0,0.63058,0.32271
pb,22110,8418,0.0,0.68086,0.27436
pb,22136,2424,0.0,0.64973,0.29560
pb,22152,2338,0.0,0.78565,0.16711
pb,22179,5151,0.0,0.70744,0.24525
pb,22195,3329,0.0,0.69739,0.24906
pb,19186,3974,0.0,0.69816,0.25015
pb,19020,5704,510.4,0.64675,0.30799
pb,22233,8455,746.9,0.66073,0.29023
pb,22217,16689,0.0,0.66155,0.28557
pb,19283,2990,0.0,0.77996,0.17797
pb,22250,35512,3066.3,0.64106,0.29987
pb,22276,10955,0.0,0.74141,0.22162
pb,19402,2816,0.0,0.78098,0.18009
pb,21792,23247,0.0,0.48653,0.44604
pb,19429,2448,0.0,0.70208,0.25577
pb,19224,2355,0.0,0.65690,0.28680
pb,19860,3287,0.0,0.70675,0.24520
pb,21857,5157,265.6,0.76987,0.19784
pb,21873,3899,0.0,0.74833,0.21043
pb,21890,3564,0.0,0.73987,0.22359
pb,21911,11425,413.9,0.78008,0.17682
pb,19445,2376,0.0,0.81439,0.14974
pb,21938,3505,0.0,0.67699,0.27981
pb,19542,2015,0.0,0.64508,0.30108
pb,21954,3632,0.0,0.67582,0.27785
pb,21970,2936,0.0,0.76831,0.20054
pb,19046,4387,0.0,0.70122,0.25782
pb,21814,3717,0.0,0.75910,0.20402
pb,19135,11402,0.0,0.76517,0.19297
pb,21830,1862,1151.4,0.76005,0.20750
pb,21997,5348,0.0,0.65471,0.29542
pb,22012,4786,266.6,0.54623,0.41239
pb,22039,6839,0.0,0.64793,0.29213
pb,22055,2517,0.0,0.80862,0.15518
pb,22098,7063,0.0,0.74277,0.20837
pb,22292,6023,0.0,0.68752,0.27083
pb,22314,8220,0.0,0.73886,0.22327
pb,22330,8490,0.0,0.82883,0.14294
pb,22357,5702,3293.7,0.76082,0.20517
pb,19682,2593,0.0,0.72626,0.23642
pb,22373,5910,0.0,0.81240,0.14712
pb,22390,6183,4021.6,0.75918,0.19775
pb,22411,5028,960.0,0.71812,0.23939
pb,19887,3904,326.4,0.75062,0.21127
pb,20117,2573,0.0,0.71035,0.23857
pb,22438,2371,0.0,0.76218,0.19304
pb,19348,2002,0.0,0.79447,0.16598
pb,19011,6282,0.0,0.77969,0.17526
pa,04014,64739,37783.2,0.69210,0.26294
pa,04502,4404,0.0,0.50409,0.46222
pa,04030,23222,15742.3,0.64279,0.31521
pa,04057,21727,501.2,0.62879,0.31895
pa,04073,22992,12571.7,0.45806,0.49895
pa,04090,13766,3445.1,0.63581,0.32761
pa,04111,59174,5817.9,0.30915,0.63892
pa,04138,16570,462.0,0.48596,0.44430
pa,04154,283649,0.0,0.44977,0.46165
pa,04723,8368,9955.5,0.29512,0.67558
pa,04170,24145,5725.1,0.65622,0.28786
pa,04340,13948,0.0,0.64261,0.32037
pa,04197,8550,267.4,0.51311,0.45383
pa,04219,11054,1597.5,0.73009,0.24179
pa,04235,17976,3890.8,0.67880,0.28802
pa,04588,2322,0.0,0.31301,0.64855
pa,04251,69020,11260.8,0.58466,0.34358
pa,04804,12969,831.4,0.43195,0.51954
pa,04278,822277,4081.4,0.47971,0.43762
pa,04294,37404,2060.2,0.50219,0.43649
pa,04049,8684,614.9,0.46725,0.49158
pa,04316,7858,2192.0,0.63415,0.31777
pa,04332,48494,24193.8,0.53430,0.39307
pa,04227,10586,2382.0,0.26184,0.70447
pa,05932,4409,780.6,0.49315,0.47449
pa,04448,23053,279.2,0.50843,0.44983
pa,04359,47319,11773.7,0.60190,0.35530
pa,04375,10102,8079.6,0.63686,0.32180
pa,04391,13999,604.1,0.75765,0.21333
pa,04766,9797,1423.9,0.63847,0.32426
pa,04413,40401,48801.2,0.72750,0.23991
pa,04707,33555,19088.7,0.31775,0.62209
pa,04430,32410,10690.3,0.52662,0.41229
pa,04456,27106,7224.9,0.56038,0.39473
pa,04472,103611,12027.9,0.41769,0.50596
pa,04499,10555,244.2,0.63329,0.32351
pa,04510,6400,3615.1,0.69753,0.25069
pa,04537,23084,891.5,0.37025,0.57577
pa,05819,8761,10492.9,0.55953,0.40857
pa,04529,5434,502.9,0.28785,0.68711
pa,05851,10480,2073.1,0.39843,0.55747
pa,04553,10555,10517.7,0.75003,0.22405
pa,04740,7941,1365.9,0.70410,0.25592
pa,04570,24731,3103.7,0.69307,0.26625
pa,05975,21733,1632.0,0.43534,0.52366
pa,04120,13131,2422.8,0.44383,0.51543
pa,04596,5280,0.0,0.73593,0.23631
pa,04561,10417,0.0,0.39279,0.56883
pa,05878,4993,11935.4,0.63834,0.31238
pa,04006,13899,2302.5,0.48647,0.47145
pa,04618,12883,7040.8,0.66910,0.30045
pa,04634,21236,3836.2,0.66027,0.29658
pa,04650,34439,9794.4,0.60122,0.35260
pa,04677,6526,1183.5,0.55723,0.38954
pa,04189,13698,4653.0,0.58577,0.37733
pa,04693,6824,14428.4,0.65450,0.29375
pa,04715,58919,2382.5,0.26809,0.68801
pa,04731,20962,3537.6,0.51009,0.44868
pa,04200,9708,0.0,0.47595,0.50182
pa,04758,20997,2452.7,0.46172,0.49218
pa,04774,15987,14514.6,0.56010,0.39861
pa,04790,11976,6814.2,0.71500,0.25203
pa,04812,6958,0.0,0.64219,0.31421
pa,04839,136678,3677.8,0.39957,0.54587
pa,04855,17917,4308.7,0.63755,0.32099
pa,04871,13824,6290.5,0.63864,0.31565
pa,04642,71446,281.0,0.49498,0.42613
pa,05770,11702,4086.7,0.24902,0.70746
pa,04898,13920,741.1,0.61690,0.35242
pa,04910,16200,7149.0,0.68069,0.27770
pa,04936,39915,5419.1,0.64629,0.30748
pa,04863,16922,1583.6,0.31692,0.64043
pa,04952,28012,13870.9,0.45413,0.50507
pa,04979,17838,5871.9,0.72905,0.23708
pa,04103,19167,785.7,0.48285,0.47255
pa,04480,6343,5513.8,0.46869,0.49375
pa,04600,4751,4017.4,0.47834,0.47273
pa,04995,6526,2743.6,0.64321,0.31143
pa,04383,17589,0.0,0.13314,0.84176
pa,04421,19636,15326.0,0.35058,0.61067
pa,05037,17610,2971.7,0.76228,0.20871
pa,05053,34899,2836.9,0.48681,0.46989
pa,05959,18663,237.3,0.32328,0.63280
pa,05070,9227,3823.0,0.68190,0.27452
pa,05916,11215,11231.0,0.30464,0.65537
pa,04162,4049,388.3,0.50719,0.46216
pa,05096,56619,1866.6,0.35711,0.59525
pa,05835,128399,23245.9,0.33727,0.59318
pa,04308,3006,3375.4,0.37682,0.58426
pa,05118,5765,1786.1,0.61770,0.33745
pa,04782,3244,4145.4,0.41816,0.54817
pa,04626,11501,0.0,0.25420,0.71269
pa,05134,16622,1023.8,0.72466,0.23566
pa,05150,26531,3956.0,0.60432,0.36233
pa,05177,15855,2211.3,0.55043,0.41408
pa,05193,18196,2919.1,0.50023,0.47570
pa,05215,8023,291.9,0.68139,0.27006
pa,04685,7496,0.0,0.68978,0.26405
pa,05673,48072,526.8,0.24338,0.71295
pa,05690,8505,1817.6,0.35314,0.60050
pa,05738,18323,1921.8,0.37723,0.58724
pa,05894,13359,2105.8,0.27164,0.68808
pa,05231,18688,11233.9,0.57900,0.36360
pa,05258,14504,1171.0,0.67785,0.27730
pa,04243,9276,5209.3,0.53407,0.40645
pa,05274,4785,0.0,0.66829,0.30691
pa,05290,4703,35666.5,0.53901,0.40228
pa,04146,9259,4731.9,0.65442,0.30867
pa,05991,9505,213.5,0.29280,0.66980
pa,05312,2556,14976.1,0.49147,0.46027
pa,05339,18135,0.0,0.29185,0.67429
pa,05355,189878,8668.2,0.39374,0.54464
pa,05371,4509,1026.6,0.69880,0.26598
pa,05398,4282,16968.8,0.54547,0.39957
pa,04847,0,4090.4,0.45516,0.50880
pa,05550,6030,5240.9,0.36258,0.60094
pa,05576,11282,6173.9,0.71595,0.24286
pa,05410,8211,4427.3,0.66734,0.27441
pa,04464,10306,1462.1,0.50194,0.46290
pa,05436,15804,3967.7,0.69093,0.26495
pa,05479,11100,1935.3,0.56118,0.39374
pa,05452,24597,7600.4,0.23189,0.72882
pa,05797,8369,6916.8,0.36986,0.59300
pa,04820,4887,0.0,0.63362,0.31393
pa,04065,6620,7268.0,0.65609,0.29848
pa,05495,4735,5030.7,0.52101,0.44552
pa,05517,17932,15851.0,0.55320,0.38668
pa,05533,11711,7490.3,0.72580,0.23917
pa,04022,40813,1059.7,0.40079,0.54772
pa,04545,7123,2330.0,0.59477,0.36079
pa,04367,11645,261.0,0.48308,0.46406
pa,05592,36848,2505.6,0.51429,0.43670
pa,04669,4749,15364.9,0.67853,0.27968
pa,04286,7046,1870.6,0.24331,0.71805
pa,04081,20314,0.0,0.25501,0.69631
pa,05614,52540,1325.5,0.49531,0.44721
pa,04324,7430,8204.8,0.42574,0.53790
pa,05754,19669,4750.7,0.19606,0.76999
pa,05630,8481,21545.1,0.59732,0.34301
pa,05657,27417,5903.5,0.74912,0.22014
pa,04405,11690,978.0,0.41569,0.54188
pa,05711,22472,4483.0,0.29055,0.66199
pa,04260,7698,435.1,0.31279,0.64493
pa,05010,22324,9293.6,0.62884,0.32549
pe,26310,51527,12980.9,0.55516,0.38785
pe,23019,21066,2037.5,0.72399,0.23584
pe,23035,9164,3620.0,0.65261,0.29357
pe,23051,5497,10978.3,0.72235,0.23417
pe,23116,9634,0.0,0.83157,0.13174
pe,23132,17559,3873.7,0.67390,0.28053
pe,23159,9557,4170.8,0.71872,0.23607
pe,23175,11221,1903.5,0.65994,0.30050
pe,23191,3338,3746.5,0.73011,0.23102
pe,23213,21311,24184.5,0.69901,0.24938
pe,23205,10180,3277.9,0.66855,0.27705
pe,23230,35314,5321.3,0.69314,0.25670
pe,23256,7232,890.5,0.60693,0.35586
pe,23272,22106,0.0,0.62936,0.32762
pe,23337,23565,23818.6,0.63403,0.30596
pe,23299,7325,0.0,0.69633,0.25745
pe,23310,10931,832.8,0.78789,0.16576
pe,23353,5197,2400.1,0.83697,0.12748
pe,23370,17592,21395.3,0.68117,0.27065
pe,23396,12798,8545.5,0.82388,0.13275
pe,23418,16588,9224.5,0.76519,0.19267
pe,23434,20408,2888.6,0.72819,0.23071
pe,23450,1322,21461.5,0.65893,0.30117
pe,23493,4087,1637.1,0.78255,0.17377
pe,23515,13134,13540.0,0.61612,0.33159
pe,23477,6937,707.5,0.75002,0.20816
pe,23531,6851,2372.4,0.73287,0.23170
pe,23558,13664,15261.9,0.81346,0.14897
pe,23574,111265,23014.0,0.66275,0.27845
pe,23590,13148,7280.0,0.76774,0.18403
pe,23612,11531,1145.5,0.69979,0.25343
pe,23639,3698,10021.4,0.86696,0.10848
pe,23671,3703,2144.8,0.82202,0.14345
pe,23655,3902,2280.0,0.80113,0.15359
pe,26298,76144,26312.8,0.53928,0.39443
pe,23698,9879,2253.7,0.67495,0.27902
pe,23710,5202,287.3,0.66236,0.29230
pe,23736,10285,2761.8,0.70433,0.26590
pe,23752,9107,2858.7,0.82638,0.13352
pe,23167,1693,8164.4,0.87882,0.09401
pe,23779,8403,4171.0,0.81447,0.15000
pe,23795,25628,23214.1,0.52049,0.42328
pe,23817,99809,108363.6,0.53749,0.39754
pe,23221,8743,294.8,0.75886,0.19539
pe,23833,13014,6254.5,0.69266,0.26461
pe,23850,6296,1042.9,0.78928,0.15719
pe,23876,9061,0.0,0.67944,0.28427
pe,23892,6780,8166.9,0.63607,0.31751
pe,23914,8914,6514.3,0.67439,0.28195
pe,23930,8276,1551.3,0.77966,0.18028
pe,23957,8367,0.0,0.69091,0.25837
pe,23973,10479,917.8,0.72599,0.23499
pe,23990,0,15070.5,0.60910,0.34592
pe,24015,13750,7815.6,0.81063,0.14457
pe,23140,6125,6678.1,0.68762,0.25306
pe,24031,33602,4077.7,0.66619,0.27938
pe,24058,5794,15878.0,0.80647,0.15159
pe,24074,13177,932.3,0.62252,0.32780
pe,30015,2354,0.0,0.48747,0.43446
pe,24090,7791,0.0,0.67895,0.27369
pe,24112,9694,2369.5,0.81487,0.14735
pe,24139,12366,6374.5,0.81074,0.14955
pe,24155,10090,606.4,0.65755,0.29691
pe,24171,10314,517.9,0.65747,0.29747
pe,24198,44978,32891.6,0.67893,0.26660
pe,24210,17986,0.0,0.70997,0.24631
pe,24236,50344,3615.7,0.61056,0.33943
pe,24252,3954,1625.4,0.78110,0.17174
pe,24279,14817,37137.4,0.59763,0.34108
pe,24295,3679,7044.1,0.81999,0.15301
pe,24317,13020,3027.6,0.84149,0.12582
pe,24333,5225,0.0,0.75830,0.20333
pe,24350,45300,25079.0,0.61516,0.32571
pe,24376,6898,0.0,0.80174,0.16170
pe,24511,8790,5666.1,0.68755,0.26710
pe,24392,5629,6416.6,0.87015,0.10800
pe,24414,1911,1469.4,0.81715,0.15212
pe,24430,54052,14898.4,0.67885,0.26829
pe,24457,8541,8790.6,0.74186,0.20195
pe,24473,3688,0.0,0.82126,0.14387
pe,25976,16048,2481.3,0.67210,0.28376
pe,24538,7284,1866.0,0.77555,0.18569
pe,26336,6907,10402.9,0.69063,0.26038
pe,24554,2045,8554.3,0.63973,0.31077
pe,24490,8643,6993.8,0.77320,0.17605
pe,24570,289558,82060.0,0.53675,0.39701
pe,23302,0,6165.4,0.66878,0.28765
pe,24597,8247,3412.5,0.74268,0.21487
pe,23264,4702,3750.2,0.80232,0.15222
pe,24635,5423,5093.2,0.67548,0.28187
pe,24619,15050,3355.7,0.72448,0.22388
pe,23124,5232,2697.4,0.80663,0.15833
pe,24651,9389,1053.7,0.78191,0.16726
pe,24678,8364,809.6,0.75428,0.20510
pe,24694,12301,2152.3,0.65393,0.29542
pe,23027,6896,5786.8,0.65856,0.29330
pe,24716,5401,3248.4,0.79307,0.16699
pe,24732,731,8045.7,0.73867,0.22547
pe,23183,10785,4988.3,0.73141,0.21151
pe,24759,11798,13008.4,0.65518,0.29112
pe,24775,35753,629.3,0.68399,0.26751
pe,24791,14061,672.4,0.61370,0.33129
pe,24813,8524,0.0,0.72618,0.23045
pe,23248,3475,6712.6,0.84584,0.11983
pe,24830,1187,4992.8,0.66017,0.30181
pe,24856,6126,2455.7,0.77447,0.19156
pe,25852,6630,839.6,0.83247,0.12907
pe,24872,36161,1183.7,0.62395,0.32010
pe,24899,16963,2821.6,0.61990,0.33133
pe,24910,237690,5530.7,0.57208,0.36679
pe,24937,12411,1669.6,0.76024,0.19278
pe,24953,6080,4084.0,0.74071,0.20591
pe,24970,11788,26063.1,0.79123,0.16744
pe,24996,26459,4416.9,0.67494,0.27723
pe,25011,4316,0.0,0.77476,0.18133
pe,25038,15124,0.0,0.73404,0.21972
pe,25054,7846,1400.6,0.79400,0.16023
pe,25070,8522,5934.0,0.85040,0.11971
pe,25097,12766,7335.3,0.70343,0.25688
pe,25119,26132,10014.1,0.57945,0.36807
pe,25135,181200,8262.7,0.56045,0.37367
pe,25151,12450,1769.7,0.78009,0.18645
pe,25178,30381,7808.6,0.77262,0.18561
pe,25216,144330,50142.8,0.59266,0.33560
pe,25194,10961,8137.5,0.75644,0.20297
pe,25259,5168,11425.6,0.60989,0.34552
pe,25232,5770,1620.6,0.79212,0.16613
pe,25275,8486,0.0,0.67894,0.27536
pe,25291,10770,0.0,0.77115,0.18936
pe,23000,4419,601.7,0.84669,0.12445
pe,25313,894717,90078.1,0.54956,0.38627
pe,25330,7795,9658.4,0.67806,0.27538
pe,25356,20797,279.8,0.67336,0.28340
pe,25372,10592,2060.9,0.69534,0.26464
pe,25399,8952,0.0,0.64559,0.30094
pe,25410,5255,0.0,0.72322,0.23291
pe,25437,24702,9272.8,0.73544,0.21430
pe,25453,8922,265.0,0.82662,0.13673
pe,25470,3582,9114.8,0.73305,0.22418
pe,23108,4140,6310.1,0.81565,0.14629
pe,23043,1206,6734.7,0.79226,0.16539
pe,25496,50038,4867.8,0.40111,0.52650
pe,23329,3725,5777.7,0.77384,0.17609
pe,25518,12219,12427.3,0.75858,0.19845
pe,25534,8082,794.1,0.66079,0.29364
pe,25550,6073,0.0,0.77076,0.18282
pe,25771,27811,22374.3,0.69075,0.25226
pe,25798,7768,4415.3,0.81652,0.14336
pe,25810,17977,2093.2,0.80587,0.15661
pe,25836,9982,11404.8,0.63897,0.31102
pe,25879,0,4179.0,0.81790,0.15207
pe,25895,24257,14728.1,0.61281,0.33508
pe,25577,5555,0.0,0.74013,0.21738
pe,25593,18625,9216.6,0.69735,0.25589
pe,25615,19204,5345.8,0.72336,0.22811
pe,25658,11973,1557.9,0.69963,0.25717
pe,25674,6373,6081.1,0.56977,0.38793
pe,25690,18691,1895.9,0.81381,0.14977
pe,25712,17754,787.0,0.74535,0.21156
pe,25631,5581,8220.0,0.80627,0.15060
pe,25739,46463,20075.4,0.60428,0.33561
pe,25755,8974,2023.2,0.70038,0.25677
pe,25917,15784,875.7,0.75006,0.20676
pe,25933,7507,987.3,0.69554,0.25005
pe,25950,8433,5472.0,0.81415,0.14899
pe,23280,4761,10683.3,0.60537,0.35096
pe,25992,17803,323.6,0.50731,0.44617
pe,26018,2636,2350.2,0.79049,0.17278
pe,26034,4394,2704.0,0.86710,0.09614
pe,26050,30075,2093.8,0.63445,0.30945
pe,26077,17043,12111.7,0.49154,0.45704
pe,26093,4568,4890.9,0.68384,0.27339
pe,26115,10614,7608.6,0.65782,0.29093
pe,26131,6873,2797.3,0.77458,0.17046
pe,26158,8258,3924.7,0.76934,0.19021
pe,26174,6009,305.0,0.81752,0.15152
pe,26190,9648,1791.3,0.75610,0.19911
pe,26212,5923,548.6,0.82719,0.13156
pe,23086,2166,4493.4,0.74431,0.21222
pe,26239,8369,5552.7,0.62573,0.32827
pe,26255,15503,1042.4,0.64056,0.30968
pe,26271,46652,37458.3,0.54071,0.39934
pe,23060,5939,2191.1,0.67588,0.27633
pe,23078,12972,1845.8,0.72911,0.23420
pe,23094,8178,16058.3,0.74704,0.21085
pi,12327,3261,2130.4,0.79290,0.15812
pi,10014,3839,476.1,0.77059,0.18966
pi,12319,4787,230.2,0.69633,0.25793
pi,10022,3511,0.0,0.72140,0.24170
pi,10057,8681,2067.4,0.77371,0.18573
pi,10073,23079,7407.9,0.73903,0.20792
pi,12084,3693,0.0,0.73933,0.22327
pi,10090,10675,1633.6,0.80169,0.16753
pi,10111,5233,0.0,0.76341,0.19787
pi,10154,2423,0.0,0.64000,0.32606
pi,10138,4706,1131.5,0.81378,0.15814
pi,10170,4310,0.0,0.79134,0.17781
pi,12734,3781,0.0,0.76769,0.19192
pi,10197,3526,0.0,0.79239,0.16591
pi,12106,4766,334.8,0.80824,0.15370
pi,10219,6976,220.5,0.69664,0.25123
pi,10049,8838,473.6,0.55499,0.39203
pi,10600,2699,0.0,0.79101,0.18052
pi,10235,21222,8943.6,0.69202,0.25895
pi,10251,2465,61.9,0.70816,0.24061
pi,10278,5014,0.0,0.68243,0.27739
pi,10294,9205,7284.5,0.66933,0.28599
pi,10626,2215,708.5,0.75861,0.16325
pi,12335,2849,0.0,0.75841,0.19709
pi,10316,5703,1878.9,0.78740,0.16814
pi,10332,3738,235.1,0.67852,0.27012
pi,12122,3642,1167.8,0.81010,0.14107
pi,10669,3971,1379.6,0.73724,0.21597
pi,10359,4654,0.0,0.74674,0.20776
pi,10375,12610,3469.6,0.55975,0.39156
pi,10065,5471,0.0,0.71289,0.25172
pi,10081,4000,0.0,0.85949,0.11097
pi,12149,3171,1433.8,0.77467,0.18244
pi,10006,4707,1747.5,0.76366,0.19772
pi,10642,3035,0.0,0.84229,0.13995
pi,10391,13954,226.5,0.69927,0.25741
pi,10103,4291,1562.4,0.80148,0.16202
pi,10120,5737,1702.3,0.79732,0.15624
pi,12343,2795,0.0,0.80415,0.16053
pi,12572,5037,1150.4,0.72141,0.24237
pi,10146,4309,0.0,0.76106,0.18695
pi,10413,2121,1885.5,0.83592,0.14098
pi,12351,2611,1209.5,0.78597,0.18206
pi,10723,4236,0.0,0.80799,0.14803
pi,10740,4500,0.0,0.74020,0.22379
pi,10430,26556,2533.9,0.70300,0.24610
pi,10162,2630,0.0,0.75360,0.21636
pi,10456,12002,0.0,0.72884,0.23266
pi,10472,7956,0.0,0.76306,0.18437
pi,10707,3137,204.4,0.83051,0.13623
pi,10499,6067,513.0,0.78899,0.17782
pi,12670,2870,1296.8,0.68736,0.26791
pi,12165,4087,0.0,0.79193,0.15824
pi,10510,11021,1273.2,0.68624,0.26812
pi,12688,4720,0.0,0.75929,0.19595
pi,10537,13047,5549.6,0.65799,0.29964
pi,12360,2846,528.9,0.80087,0.15953
pi,12696,4341,0.0,0.81618,0.14519
pi,10189,4603,260.7,0.74315,0.21122
pi,10200,4055,226.6,0.73822,0.22673
pi,10227,3902,705.3,0.80956,0.16407
pi,10553,3828,147.0,0.74763,0.20252
pi,10243,4526,0.0,0.82851,0.13579
pi,10570,13510,2516.6,0.67417,0.27736
pi,10596,3880,772.0,0.75348,0.20548
pi,10618,6553,276.6,0.71569,0.24761
pi,10634,7351,0.0,0.68701,0.26878
pi,10766,2626,2615.2,0.73122,0.23308
pi,12181,4271,249.0,0.83636,0.13197
pi,12580,4398,0.0,0.80101,0.16524
pi,10650,10493,904.3,0.72233,0.23340
pi,12297,4572,810.5,0.82946,0.14353
pi,10677,5533,0.0,0.75169,0.20932
pi,10685,2551,3699.7,0.82184,0.14494
pi,11410,1814,1507.4,0.79477,0.17172
pi,10693,9526,621.8,0.78606,0.17484
pi,10715,2945,0.0,0.75177,0.20993
pi,10731,24442,177.6,0.68273,0.27961
pi,10260,3093,755.4,0.86011,0.11630
pi,10758,3139,0.0,0.76980,0.19759
pi,12637,1734,203.5,0.79995,0.16194
pi,10774,29315,5926.2,0.67373,0.26975
pi,10790,3522,0.0,0.82898,0.14097
pi,10812,3860,0.0,0.77114,0.17981
pi,12378,2085,241.6,0.75516,0.19422
pi,10839,5640,0.0,0.77053,0.18100
pi,10855,7532,0.0,0.73793,0.22150
pi,10782,4252,1156.2,0.78122,0.18078
pi,10871,5818,866.0,0.72016,0.23723
pi,10898,6143,0.0,0.72497,0.23012
pi,10804,3360,0.0,0.85902,0.11900
pi,10910,3486,0.0,0.73808,0.22194
pi,10820,7512,0.0,0.75327,0.20471
pi,10936,8611,1486.6,0.77157,0.18347
pi,10952,5435,732.5,0.80845,0.15425
pi,10979,4378,740.5,0.84658,0.12296
pi,10995,7116,414.8,0.77451,0.19464
pi,11010,6847,0.0,0.73235,0.23153
pi,10286,4474,0.0,0.74551,0.19570
pi,11037,10272,0.0,0.75733,0.20059
pi,10308,3710,0.0,0.73377,0.22540
pi,12394,3437,2337.1,0.77788,0.18790
pi,11053,3265,460.5,0.73927,0.22954
pi,11070,7626,1320.3,0.70051,0.26817
pi,12408,4448,0.0,0.75373,0.21534
pi,11096,20218,9140.1,0.79625,0.16081
pi,12386,2208,830.6,0.76858,0.19196
pi,12416,4486,0.0,0.73288,0.21286
pi,10847,2686,1352.3,0.79463,0.17279
pi,12203,2496,1278.7,0.79784,0.15454
pi,10324,4793,2389.8,0.78340,0.17214
pi,10863,4500,0.0,0.74990,0.20613
pi,10340,2730,1025.9,0.78786,0.17716
pi,12424,2688,1774.1,0.71617,0.23538
pi,12220,3416,495.2,0.78490,0.18189
pi,12432,2466,0.0,0.75947,0.20441
pi,11118,3303,423.4,0.75788,0.21060
pi,11134,16733,4656.7,0.70061,0.24959
pi,11150,14086,1364.3,0.71195,0.25322
pi,12440,4229,790.2,0.76606,0.20287
pi,11177,3933,0.0,0.77589,0.18695
pi,10367,0,7146.6,0.68264,0.26899
pi,11193,3380,0.0,0.66403,0.29693
pi,12467,4375,250.9,0.81800,0.13309
pi,11215,6812,0.0,0.72353,0.24257
pi,11231,16167,4235.1,0.78140,0.18080
pi,11258,1562,0.0,0.62634,0.32972
pi,12246,2779,2149.6,0.61406,0.34867
pi,11274,8067,578.5,0.75644,0.20120
pi,11290,5893,237.3,0.79759,0.16806
pi,11312,5887,1271.2,0.75981,0.20041
pi,10880,2476,760.1,0.75883,0.20216
pi,12459,4247,263.5,0.76906,0.20076
pi,12475,3698,1064.8,0.73008,0.21891
pi,11339,5196,0.0,0.83810,0.12946
pi,12726,9537,0.0,0.75387,0.20716
pi,10928,4571,575.5,0.81398,0.14898
pi,11355,4363,2591.8,0.72287,0.23920
pi,10960,3419,0.0,0.83075,0.13175
pi,11371,3364,634.0,0.81901,0.14600
pi,10901,3877,0.0,0.80229,0.15707
pi,11398,19622,4728.7,0.72839,0.23572
pi,12483,2177,0.0,0.75928,0.19926
pi,11436,3596,1246.2,0.77720,0.18693
pi,11452,3121,250.3,0.67985,0.27817
pi,12262,2303,246.2,0.76356,0.20034
pi,11479,3953,0.0,0.65171,0.29519
pi,11495,8707,1869.2,0.79832,0.17169
pi,10944,3595,0.0,0.78255,0.18355
pi,11517,5183,574.7,0.76689,0.19797
pi,11533,34510,61660.8,0.63208,0.30875
pi,10405,2732,249.1,0.71075,0.25907
pi,10383,4294,0.0,0.80523,0.15562
pi,12718,3129,1382.4,0.75855,0.19251
pi,11550,8459,5299.4,0.73737,0.21006
pi,12289,0,2929.4,0.80450,0.16352
pi,11576,24089,1784.9,0.69870,0.25515
pi,12491,2651,0.0,0.67256,0.29366
pi,11592,37846,7191.0,0.66947,0.27998
pi,11614,6843,313.4,0.76264,0.20138
pi,11630,10385,1737.0,0.78737,0.17343
pi,11657,19183,827.7,0.69044,0.25994
pi,11673,34480,3986.3,0.67460,0.27521
pi,11690,5441,2132.8,0.70795,0.26006
pi,12599,1647,0.0,0.70020,0.25634
pi,11711,2907,0.0,0.80511,0.16410
pi,10421,5192,186.0,0.75021,0.19782
pi,11738,5127,331.4,0.65620,0.30222
pi,11754,10666,209.7,0.81318,0.15651
pi,12300,3085,445.7,0.81422,0.15460
pi,12602,2043,950.0,0.78823,0.17769
pi,11770,4174,256.6,0.66798,0.28311
pi,11797,4224,0.0,0.79789,0.17512
pi,11819,4985,0.0,0.80103,0.16937
pi,10448,2436,702.7,0.75411,0.20044
pi,11835,4097,232.3,0.65465,0.29865
pi,11851,3902,387.2,0.66250,0.30172
pi,10464,3709,0.0,0.72665,0.23836
pi,10480,3216,275.9,0.79492,0.16854
pi,11878,4945,288.3,0.73209,0.23354
pi,12653,1568,0.0,0.77812,0.19261
pi,11894,3011,0.0,0.79387,0.18167
pi,12041,3673,0.0,0.71427,0.24365
pi,12068,3239,392.9,0.57524,0.39634
pi,10545,6503,1242.2,0.76548,0.19033
pi,12157,7887,509.7,0.76419,0.18890
pi,12130,9700,0.0,0.77731,0.18338
pi,12173,1752,1620.2,0.74344,0.20775
pi,12513,5624,0.0,0.77546,0.18351
pi,10502,3353,0.0,0.85143,0.11626
pi,12505,3610,252.1,0.66241,0.25351
pi,11932,4252,204.5,0.67596,0.28842
pi,11916,3163,0.0,0.69892,0.24874
pi,12610,1602,540.4,0.70042,0.25480
pi,11959,4183,0.0,0.69731,0.25585
pi,10529,3374,752.8,0.74811,0.19275
pi,12017,2213,239.3,0.77896,0.19173
pi,12033,4663,0.0,0.80454,0.17032
pi,11088,3611,0.0,0.81890,0.14836
pi,12009,4157,0.0,0.73343,0.22299
pi,11975,4643,844.8,0.74102,0.21238
pi,12025,3088,225.4,0.80329,0.17124
pi,10987,6043,0.0,0.67686,0.30340
pi,11991,8968,2917.6,0.74609,0.21240
pi,12050,4631,0.0,0.70697,0.25466
pi,10561,2717,1217.6,0.82226,0.13564
pi,12629,0,3049.3,0.77427,0.18380
pi,12661,0,2198.2,0.70436,0.26057
pi,12700,2211,99.2,0.82060,0.15713
pi,12076,11180,0.0,0.78963,0.17505
pi,12092,7529,1596.4,0.72488,0.23511
pi,12114,18302,4278.8,0.75950,0.20192
pi,12530,1650,698.5,0.75257,0.20347
pi,12521,0,2136.7,0.74712,0.20241
pi,12190,452387,32374.1,0.60765,0.31816
pi,12211,9645,21549.7,0.69713,0.25657
pi,12238,13325,1921.4,0.58996,0.35926
pi,12254,11718,2179.2,0.72899,0.22811
pi,12556,2145,661.5,0.79674,0.16190
pi,12548,0,2542.7,0.72768,0.22070
pi,10588,2395,1406.9,0.82707,0.14206
pi,12270,3017,0.0,0.75102,0.20689
pi,12564,2822,862.8,0.75110,0.21411
pi,10030,12754,0.0,0.66577,0.29652
rj,58017,78501,22780.1,0.30736,0.62945
rj,58181,7972,0.0,0.33883,0.60781
rj,58033,38583,43962.5,0.28478,0.64962
rj,58220,7843,0.0,0.34194,0.57743
rj,58408,27336,0.0,0.29997,0.63308
rj,59277,26435,0.0,0.32656,0.60439
rj,58050,50184,247.4,0.43635,0.48567
rj,58076,99984,0.0,0.39879,0.52325
rj,58041,222352,30309.4,0.36202,0.57371
rj,58092,16798,0.0,0.35165,0.56860
rj,58114,21498,297.0,0.38275,0.55518
rj,58130,97347,35863.7,0.31171,0.61966
rj,58157,31752,3070.7,0.34454,0.59393
rj,58173,7181,2439.6,0.43367,0.51448
rj,58190,210695,61372.4,0.34644,0.57825
rj,58211,11611,0.0,0.39978,0.53211
rj,58300,10589,0.0,0.37016,0.57418
rj,58068,9689,0.0,0.32168,0.61849
rj,58238,11260,0.0,0.44723,0.47870
rj,58254,26758,0.0,0.28320,0.65716
rj,58165,0,6511.7,0.51966,0.41149
rj,58270,12353,503.3,0.46534,0.46469
rj,58297,13491,0.0,0.39658,0.53152
rj,58319,7810,0.0,0.41935,0.50147
rj,58335,410725,81913.7,0.37139,0.55958
rj,58351,3559,5281.6,0.42965,0.49592
rj,58106,22097,11816.7,0.33696,0.59384
rj,58262,23873,0.0,0.28418,0.64920
rj,58378,116591,14234.8,0.37915,0.54949
rj,58394,60026,15212.9,0.32692,0.59852
rj,59293,8847,0.0,0.28449,0.66404
rj,58416,14929,0.0,0.29238,0.64981
rj,58432,56272,0.0,0.30265,0.63783
rj,58440,10280,10061.2,0.36185,0.56085
rj,58149,56740,0.0,0.39020,0.54494
rj,58459,5354,0.0,0.52977,0.41461
rj,58475,83280,55630.1,0.40801,0.51409
rj,58386,5811,0.0,0.43646,0.49921
rj,58491,137779,9938.9,0.35401,0.57591
rj,58513,32940,0.0,0.32231,0.61877
rj,58530,20666,118206.4,0.44715,0.48273
rj,58556,11313,0.0,0.44031,0.48638
rj,58467,74258,27031.1,0.35555,0.57915
rj,58572,18462,0.0,0.36379,0.56641
rj,58599,16273,0.0,0.48593,0.45294
rj,58610,9217,0.0,0.42095,0.50408
rj,58637,95504,516.5,0.36880,0.56408
rj,58653,318492,247.4,0.48349,0.43706
rj,58670,81397,31248.1,0.35325,0.55303
rj,58696,347459,105013.3,0.33579,0.59507
rj,58718,25163,0.0,0.38535,0.54471
rj,58750,25096,922.3,0.33188,0.60494
rj,58734,25397,0.0,0.39296,0.52813
rj,59315,18460,0.0,0.31138,0.62162
rj,58777,171154,269.8,0.33590,0.55897
rj,58246,12685,1555.7,0.46995,0.45390
rj,58793,14883,2675.4,0.42900,0.49756
rj,58815,9854,0.0,0.48082,0.45377
rj,58327,14278,0.0,0.35913,0.56868
rj,58025,8192,238.3,0.42827,0.50391
rj,58122,68236,14881.4,0.37019,0.55356
rj,58009,14478,0.0,0.42508,0.51266
rj,58831,63477,9347.1,0.30842,0.60227
rj,58858,34304,528.5,0.30952,0.62089
rj,58874,11438,0.0,0.45318,0.47410
rj,58890,6622,0.0,0.56928,0.37280
rj,58203,76379,3384.9,0.31985,0.60520
rj,60011,1836026,1622783.8,0.45527,0.46300
rj,58912,6161,514.7,0.43112,0.49379
rj,58939,24056,669.8,0.33791,0.60279
rj,59072,6888,5158.8,0.39585,0.54531
rj,59099,60766,7745.8,0.29850,0.63990
rj,58424,21637,23273.1,0.34620,0.58652
rj,59110,13912,376.5,0.31315,0.62471
rj,59137,11360,0.0,0.28944,0.65445
rj,58955,22731,93.0,0.31713,0.62470
rj,58289,19296,9120.7,0.27902,0.67145
rj,58971,311141,161458.2,0.39904,0.52852
rj,58343,3528,2308.2,0.31740,0.62880
rj,59331,12440,0.0,0.17972,0.74880
rj,58998,19577,13311.3,0.33291,0.59006
rj,59013,245560,16208.9,0.36735,0.56469
rj,59030,55007,1347.3,0.25549,0.68063
rj,59056,5192,494.0,0.38820,0.55952
rj,58360,20342,0.0,0.36901,0.56762
rj,59153,81286,16092.6,0.28900,0.62464
rj,59170,5871,1264.0,0.43344,0.50586
rj,59196,46199,239.3,0.45420,0.45966
rj,59218,39883,0.0,0.51367,0.40627
rj,58084,6736,0.0,0.30583,0.63218
rj,59234,21877,268.7,0.42456,0.49831
rj,59250,164958,0.0,0.42092,0.50038
rn,16012,7120,0.0,0.60563,0.33512
rn,16055,3307,4846.0,0.66491,0.28566
rn,16098,8758,335.1,0.78385,0.18371
rn,16110,4169,0.0,0.76722,0.19586
rn,16136,9181,0.0,0.74628,0.20261
rn,16152,4121,4021.4,0.63661,0.31791
rn,16179,4751,0.0,0.79014,0.17903
rn,16195,19650,5127.9,0.70012,0.23835
rn,16217,15259,1312.2,0.61814,0.32156
rn,16233,7286,1498.7,0.62050,0.33726
rn,16039,10260,25204.7,0.67408,0.27634
rn,30031,7657,10033.0,0.63655,0.31784
rn,16292,3709,0.0,0.56111,0.39498
rn,16276,5651,0.0,0.58132,0.36927
rn,16314,1764,2281.4,0.69130,0.26336
rn,17035,6177,0.0,0.58024,0.37033
rn,16101,2805,0.0,0.72739,0.23409
rn,16330,7162,0.0,0.59726,0.35662
rn,16357,7529,0.0,0.62738,0.32337
rn,16390,34818,1471.4,0.58867,0.35183
rn,16047,4216,0.0,0.60004,0.35110
rn,16373,3381,0.0,0.65262,0.30056
rn,16250,6898,0.0,0.65715,0.29969
rn,16411,6692,0.0,0.76560,0.20081
rn,16438,19158,0.0,0.69601,0.26156
rn,16454,10145,4756.1,0.71457,0.23389
rn,16497,5065,1726.9,0.69763,0.24994
rn,16470,4933,0.0,0.49140,0.41937
rn,16519,37294,10058.0,0.66622,0.28385
rn,16535,7136,0.0,0.71452,0.23727
rn,16551,3832,0.0,0.68544,0.26576
rn,16578,3158,0.0,0.75950,0.19567
rn,16594,5398,0.0,0.68315,0.26747
rn,16616,25175,0.0,0.59195,0.35071
rn,16632,4472,573.5,0.79483,0.15895
rn,16659,4029,0.0,0.77997,0.18690
rn,16675,3763,0.0,0.63928,0.31001
rn,16691,5192,897.2,0.53803,0.42710
rn,16713,13627,17522.2,0.48547,0.44975
rn,16730,4918,894.5,0.76146,0.19825
rn,16144,2717,0.0,0.63886,0.31931
rn,16756,6588,0.0,0.68594,0.26320
rn,16772,2350,0.0,0.74535,0.21107
rn,17515,3416,0.0,0.77055,0.19202
rn,16799,1752,484.4,0.47233,0.47717
rn,16810,14549,2890.4,0.58434,0.36746
rn,16837,9450,0.0,0.72428,0.22922
rn,16853,6233,1513.3,0.61180,0.33425
rn,16870,11307,268.9,0.63353,0.30602
rn,16896,6661,2833.5,0.63782,0.31325
rn,16918,8400,1629.8,0.74200,0.22370
rn,16934,1790,0.0,0.71526,0.23695
rn,16080,5520,261.9,0.66125,0.29864
rn,16950,4101,0.0,0.71159,0.24196
rn,16993,4488,628.8,0.65254,0.30543
rn,17019,3594,0.0,0.75434,0.21764
rn,17051,3305,1244.7,0.76620,0.20010
rn,17078,1801,813.5,0.67643,0.26620
rn,17094,9178,0.0,0.76774,0.19041
rn,17116,8145,0.0,0.61800,0.32032
rn,16977,4992,0.0,0.69502,0.26051
rn,17175,4079,0.0,0.80399,0.16523
rn,17132,15105,7075.7,0.67631,0.27630
rn,17159,2270,0.0,0.73484,0.22428
rn,17191,12385,0.0,0.68909,0.26812
rn,16306,2907,824.4,0.60060,0.34584
rn,17230,4908,0.0,0.71745,0.24709
rn,17256,5736,280.8,0.68650,0.26491
rn,17272,2636,0.0,0.61023,0.34025
rn,17299,9613,0.0,0.67534,0.27865
rn,17310,6368,843.2,0.64699,0.30959
rn,17337,6772,528.2,0.68572,0.26359
rn,17353,4172,0.0,0.64080,0.31781
rn,17370,2926,0.0,0.76186,0.19827
rn,17396,5348,0.0,0.81573,0.15934
rn,17434,16971,0.0,0.73599,0.21283
rn,17418,26770,15938.5,0.57278,0.37187
rn,16160,1956,543.1,0.76594,0.19429
rn,17450,5661,0.0,0.80483,0.16825
rn,17477,5706,266.8,0.71260,0.24540
rn,17493,3267,4761.7,0.57351,0.37430
rn,17213,3833,0.0,0.67252,0.28981
rn,17531,7303,0.0,0.70895,0.25071
rn,17558,9879,3591.8,0.56020,0.39312
rn,17574,2464,0.0,0.61523,0.33948
rn,17590,125055,25905.6,0.56484,0.36585
rn,17612,347380,91530.1,0.48475,0.44599
rn,17655,21272,0.0,0.61929,0.33933
rn,17639,12014,6572.5,0.54309,0.40961
rn,17671,3611,0.0,0.72967,0.22692
rn,17698,3568,0.0,0.67704,0.27506
rn,17710,3242,0.0,0.81539,0.15526
rn,17752,4352,0.0,0.64853,0.31451
rn,17736,3439,0.0,0.66687,0.28634
rn,17779,13645,0.0,0.53756,0.37994
rn,17795,107423,9551.3,0.42016,0.50941
rn,17817,5447,2245.7,0.58145,0.36933
rn,17833,3640,0.0,0.56717,0.38343
rn,17850,3019,4855.9,0.69378,0.26355
rn,17876,14375,2476.1,0.69199,0.26365
rn,17892,3276,0.0,0.68490,0.26803
rn,17914,2634,0.0,0.63235,0.32184
rn,17930,4734,0.0,0.67160,0.28262
rn,17957,9249,0.0,0.68069,0.27933
rn,17973,8244,0.0,0.74011,0.21788
rn,17990,2812,0.0,0.81098,0.16140
rn,18031,3561,1741.7,0.62879,0.31840
rn,16284,3380,615.4,0.72689,0.22318
rn,18015,9133,0.0,0.75702,0.20221
rn,18074,6676,0.0,0.69954,0.26120
rn,18090,3631,291.0,0.76520,0.20041
rn,18937,2937,0.0,0.55520,0.40837
rn,18112,809,1473.2,0.73785,0.22435
rn,18139,2087,884.6,0.78440,0.18014
rn,18155,0,5751.8,0.64762,0.30804
rn,16268,3240,5517.5,0.50718,0.44724
rn,18171,3731,0.0,0.69209,0.26390
rn,18198,2682,607.1,0.49026,0.46665
rn,18236,21722,0.0,0.63886,0.31477
rn,16241,4001,0.0,0.63007,0.32467
rn,18279,7846,758.5,0.73311,0.22438
rn,18252,2111,0.0,0.58425,0.33122
rn,18295,11982,2646.5,0.67694,0.28237
rn,18597,4526,0.0,0.67269,0.29059
rn,18619,2870,0.0,0.59992,0.35111
rn,18058,6434,582.9,0.65477,0.31035
rn,18635,4807,0.0,0.64416,0.31404
rn,16020,8454,2482.5,0.57250,0.36972
rn,18651,4549,320.4,0.58493,0.37513
rn,18678,5441,0.0,0.64641,0.30452
rn,16209,3390,0.0,0.76329,0.20264
rn,18694,5434,0.0,0.73808,0.21793
rn,18317,2732,501.9,0.68542,0.26492
rn,18333,3339,0.0,0.68195,0.27123
rn,18350,3058,0.0,0.66070,0.28773
rn,18210,3146,0.0,0.71225,0.23373
rn,18376,58956,2994.9,0.53523,0.40176
rn,18414,22163,5264.1,0.56794,0.38061
rn,18430,8136,0.0,0.64645,0.31773
rn,18457,3680,0.0,0.68308,0.25507
rn,18392,3215,1100.7,0.68842,0.26054
rn,18473,11575,2621.0,0.72804,0.22576
rn,16063,3067,4542.2,0.58202,0.36871
rn,18490,5010,6445.3,0.51964,0.43362
rn,18511,5106,0.0,0.65509,0.30055
rn,18538,5836,0.0,0.66556,0.28581
rn,18554,7170,0.0,0.52466,0.44193
rn,18570,4284,0.0,0.66583,0.28572
rn,18716,4034,0.0,0.73598,0.22338
rn,18732,2171,0.0,0.69468,0.26015
rn,18759,8394,0.0,0.72674,0.22624
rn,18775,9141,0.0,0.60281,0.34864
rn,18791,5627,1028.5,0.67003,0.30009
rn,16004,4116,284.7,0.65737,0.29204
rn,16225,6166,540.9,0.58419,0.36460
rn,18813,7483,3135.5,0.57256,0.38663
rn,18830,2277,0.0,0.63501,0.32126
rn,18856,4221,18400.9,0.64211,0.31194
rn,16128,3453,0.0,0.63252,0.32625
rn,18872,6993,0.0,0.74755,0.21318
rn,18899,7671,1941.3,0.56095,0.39022
rn,16187,2327,551.8,0.76926,0.18887
rn,18953,6858,1906.0,0.61349,0.33773
rn,18996,2548,0.0,0.67501,0.28483
rn,18970,1488,0.0,0.71443,0.24058
rn,18910,4531,0.0,0.60205,0.35721
rn,16071,2401,0.0,0.78116,0.17066
rs,88986,2928,0.0,0.31694,0.61288
rs,85014,0,10717.8,0.32923,0.58976
rs,85030,4825,0.0,0.25087,0.67727
rs,85057,4531,0.0,0.38989,0.53061
rs,85073,39265,0.0,0.44006,0.47547
rs,85545,2557,0.0,0.38940,0.55149
rs,89001,1636,0.0,0.28491,0.62822
rs,85090,4750,0.0,0.38617,0.55934
rs,84808,1503,0.0,0.32410,0.56918
rs,86282,2329,0.0,0.16712,0.72080
rs,85111,97888,0.0,0.43368,0.47174
rs,86045,3439,0.0,0.38733,0.54002
rs,86304,5049,0.0,0.33066,0.62460
rs,86100,1107,0.0,0.21562,0.70769
rs,85138,3935,0.0,0.11464,0.81866
rs,85154,8870,0.0,0.13990,0.79059
rs,86320,2669,0.0,0.38071,0.54187
rs,88862,5121,0.0,0.26727,0.66637
rs,85170,5033,0.0,0.32987,0.60238
rs,85197,14381,0.0,0.23634,0.66706
rs,89028,2394,0.0,0.07952,0.85105
rs,85308,7047,0.0,0.30385,0.60038
rs,85235,7992,0.0,0.29214,0.63725
rs,85219,3180,4336.6,0.46234,0.44939
rs,85251,10769,0.0,0.50195,0.41781
rs,85278,6672,0.0,0.23602,0.70676
rs,85294,4838,0.0,0.22485,0.71491
rs,85316,60578,252.2,0.45610,0.45998
rs,88927,7314,0.0,0.41158,0.50883
rs,86363,1962,0.0,0.45092,0.50107
rs,88625,2377,0.0,0.46365,0.46762
rs,85375,7351,0.0,0.37809,0.53262
rs,86380,1509,0.0,0.35242,0.56654
rs,86401,2284,0.0,0.30703,0.60220
rs,85359,3195,0.0,0.38955,0.55317
rs,85391,6079,0.0,0.37628,0.55375
rs,86223,4268,0.0,0.19512,0.71074
rs,85332,4346,0.0,0.29244,0.64277
rs,86347,3594,0.0,0.24496,0.65893
rs,88420,1612,0.0,0.51619,0.44136
rs,85413,65883,6850.6,0.19725,0.72779
rs,86428,1634,0.0,0.40904,0.53360
rs,85430,4714,0.0,0.24240,0.67355
rs,89044,1610,0.0,0.23299,0.70199
rs,89060,1812,0.0,0.30382,0.63445
rs,88161,2059,0.0,0.16854,0.74945
rs,85456,6167,0.0,0.37945,0.55173
rs,98230,8977,0.0,0.15238,0.76400
rs,86444,2055,0.0,0.43984,0.50799
rs,85472,7770,0.0,0.27397,0.64456
rs,84921,0,4398.7,0.36242,0.56057
rs,85499,3626,0.0,0.48261,0.45882
rs,89087,2176,0.0,0.25104,0.69102
rs,85510,2120,0.0,0.50107,0.44374
rs,85065,3176,0.0,0.27627,0.59509
rs,85537,10680,0.0,0.48324,0.44023
rs,85570,5850,224.5,0.45498,0.48407
rs,85596,43197,1250.3,0.33181,0.57690
rs,85618,75416,0.0,0.34715,0.54836
rs,85634,3084,0.0,0.31864,0.62680
rs,85650,3135,0.0,0.42627,0.51203
rs,85677,3462,0.0,0.30410,0.63175
rs,85693,35020,2172.4,0.31804,0.59661
rs,85960,2162,0.0,0.27418,0.66881
rs,85715,3910,0.0,0.24950,0.68285
rs,86460,2272,0.0,0.12188,0.81699
rs,85731,4058,0.0,0.33139,0.58941
rs,85758,0,3870.4,0.19621,0.73884
rs,85774,40761,0.0,0.26126,0.65517
rs,85790,3014,0.0,0.42654,0.52768
rs,85200,2433,0.0,0.33254,0.56807
rs,85812,16987,0.0,0.29798,0.62125
rs,86487,5533,459.7,0.57158,0.35817
rs,85855,25338,0.0,0.25838,0.65407
rs,85871,27944,4623.9,0.30021,0.60610
rs,85898,185524,0.0,0.38145,0.51289
rs,89109,1625,0.0,0.41617,0.49302
rs,84891,6268,0.0,0.36377,0.55237
rs,86509,2295,0.0,0.26859,0.64071
rs,88200,2902,0.0,0.30645,0.61178
rs,89125,1666,0.0,0.38719,0.54053
rs,89150,33170,287.7,0.28471,0.63157
rs,89141,0,2423.5,0.45178,0.48386
rs,89737,13749,0.0,0.46142,0.43666
rs,85910,35111,0.0,0.30738,0.61949
rs,88340,4827,0.0,0.36116,0.54425
rs,85936,19828,0.0,0.18874,0.70667
rs,86525,1141,0.0,0.38486,0.54996
rs,85952,6131,0.0,0.19428,0.73360
rs,85880,2411,0.0,0.29911,0.63241
rs,85979,3098,2944.5,0.33818,0.59171
rs,85995,266168,0.0,0.26875,0.62693
rs,85553,17618,430.8,0.51038,0.39083
rs,86541,2250,0.0,0.34035,0.59402
rs,88641,3799,0.0,0.47767,0.43402
rs,86088,0,2706.3,0.30858,0.61493
rs,85227,1849,0.0,0.48317,0.44392
rs,85944,0,5704.5,0.37762,0.54568
rs,86010,8100,0.0,0.39531,0.52332
rs,86037,6271,0.0,0.27777,0.63764
rs,86932,4322,14538.2,0.46281,0.44467
rs,86568,2005,0.0,0.39261,0.56101
rs,86053,2876,0.0,0.34191,0.60034
rs,88269,1714,1873.9,0.21183,0.70186
rs,88846,3164,0.0,0.54126,0.36792
rs,85804,8343,0.0,0.43606,0.47948
rs,86070,2874,0.0,0.32228,0.61554
rs,86584,1914,0.0,0.23254,0.64615
rs,86096,2374,0.0,0.20750,0.73488
rs,86118,4720,0.0,0.26754,0.66779
rs,86134,6333,0.0,0.34026,0.59843
rs,89168,1065,0.0,0.12793,0.80047
rs,86606,2012,0.0,0.24330,0.66725
rs,86622,2236,0.0,0.25129,0.66420
rs,86150,4326,0.0,0.43605,0.51710
rs,89184,1304,0.0,0.14979,0.77979
rs,89770,2813,0.0,0.14566,0.76212
rs,86649,2310,0.0,0.32399,0.61253
rs,86177,8136,0.0,0.31946,0.60290
rs,85464,4826,0.0,0.38160,0.54111
rs,88528,2140,0.0,0.44094,0.49816
rs,86193,33826,0.0,0.37838,0.54959
rs,89206,1595,0.0,0.22099,0.71042
rs,86215,7334,0.0,0.27385,0.64457
rs,85839,4750,0.0,0.21346,0.71667
rs,86231,3312,0.0,0.28484,0.64361
rs,86665,2072,0.0,0.36200,0.55022
rs,85049,1919,0.0,0.45903,0.46984
rs,88188,1715,712.5,0.35527,0.56027
rs,86258,20309,0.0,0.25232,0.65622
rs,86681,1604,0.0,0.42324,0.52309
rs,84824,2465,0.0,0.15440,0.76466
rs,86274,7329,400.8,0.38134,0.54303
rs,86290,20335,0.0,0.42293,0.50499
rs,88463,2184,0.0,0.28432,0.61507
rs,86312,2384,0.0,0.34917,0.57677
rs,84883,3109,0.0,0.26962,0.67319
rs,88307,1612,0.0,0.20218,0.71978
rs,86240,19560,0.0,0.41955,0.48997
rs,86339,13492,0.0,0.23717,0.68539
rs,86355,12809,615.1,0.46980,0.45248
rs,86703,922,0.0,0.44987,0.49570
rs,85928,2014,0.0,0.39348,0.55295
rs,85103,5789,0.0,0.35964,0.56854
rs,85081,2015,0.0,0.32774,0.61734
rs,86371,62472,0.0,0.25343,0.66602
rs,85022,2351,0.0,0.34258,0.59356
rs,86410,3451,0.0,0.43110,0.51227
rs,86436,4336,0.0,0.43834,0.50420
rs,86452,1277,874.2,0.35847,0.58164
rs,88285,2634,0.0,0.45757,0.48707
rs,86479,9864,0.0,0.32205,0.61484
rs,85286,3958,0.0,0.24005,0.67845
rs,86517,48145,0.0,0.42367,0.47807
rs,86533,19659,0.0,0.21974,0.69042
rs,88404,2309,0.0,0.32367,0.58656
rs,86495,29144,0.0,0.23298,0.67931
rs,85448,1993,0.0,0.31829,0.62479
rs,84930,1994,0.0,0.13127,0.79526
rs,86550,45359,0.0,0.20456,0.70937
rs,86576,4339,0.0,0.31397,0.60628
rs,86029,1849,0.0,0.31398,0.63761
rs,88366,2971,0.0,0.32891,0.58894
rs,86592,9010,0.0,0.23518,0.66388
rs,86614,20491,0.0,0.12423,0.79512
rs,88242,1417,0.0,0.34420,0.59321
rs,86630,6062,0.0,0.45494,0.47694
rs,86657,4222,0.0,0.42152,0.49617
rs,89222,2153,0.0,0.22444,0.71707
rs,98272,3074,0.0,0.32071,0.61177
rs,86673,19421,0.0,0.28678,0.64576
rs,86690,21902,0.0,0.18424,0.73489
rs,86720,1802,0.0,0.52065,0.41851
rs,86711,4304,0.0,0.23414,0.69896
rs,86738,3777,869.4,0.41768,0.49658
rs,86746,0,1358.7,0.17428,0.75084
rs,86770,9948,0.0,0.21860,0.70377
rs,86797,10128,0.0,0.27665,0.66266
rs,85502,5102,0.0,0.24699,0.66972
rs,86819,26265,0.0,0.19433,0.72706
rs,86762,2043,0.0,0.50150,0.44950
rs,86789,0,2434.1,0.41348,0.51227
rs,86835,140623,0.0,0.33569,0.55944
rs,84867,1118,0.0,0.16176,0.77221
rs,86878,15400,0.0,0.17224,0.75070
rs,86894,4726,0.0,0.34118,0.58550
rs,86851,54938,0.0,0.42065,0.47643
rs,85189,3473,0.0,0.19865,0.70455
rs,86398,3754,0.0,0.57819,0.34141
rs,88323,2015,0.0,0.45115,0.48264
rs,86916,11901,0.0,0.22573,0.70354
rs,86800,3651,0.0,0.51679,0.41547
rs,86959,3324,0.0,0.33180,0.60693
rs,84972,2813,0.0,0.33164,0.57433
rs,86975,3263,0.0,0.24349,0.67584
rs,86991,4392,0.0,0.19596,0.73248
rs,84964,2657,0.0,0.35125,0.59372
rs,87017,13472,0.0,0.22309,0.70362
rs,87033,21857,0.0,0.25171,0.67214
rs,87050,49943,0.0,0.33827,0.59226
rs,87076,2887,0.0,0.16273,0.77664
rs,85685,17026,0.0,0.34530,0.56467
rs,85782,2198,0.0,0.24681,0.63360
rs,87092,4470,0.0,0.28380,0.64032
rs,86827,1572,0.0,0.39819,0.54705
rs,85243,1743,0.0,0.13202,0.81360
rs,84999,4456,0.0,0.15694,0.77120
rs,87114,4419,0.0,0.42137,0.52918
rs,88382,3540,0.0,0.36587,0.55968
rs,85901,2050,0.0,0.42622,0.50239
rs,86843,1389,0.0,0.27608,0.67193
rs,87130,18057,0.0,0.38158,0.54983
rs,89249,2771,0.0,0.33232,0.59803
rs,87157,2626,0.0,0.51991,0.44104
rs,85626,1356,0.0,0.38150,0.49539
rs,87173,14393,0.0,0.22075,0.67496
rs,84786,2623,0.0,0.40314,0.54182
rs,89265,1663,0.0,0.43192,0.50133
rs,87190,2433,0.0,0.27020,0.65790
rs,87238,6646,0.0,0.33133,0.58772
rs,87211,14179,0.0,0.46640,0.43742
rs,84905,135,2591.9,0.36905,0.55959
rs,88587,2131,0.0,0.42569,0.49309
rs,98299,4923,0.0,0.46423,0.48877
rs,87254,11341,0.0,0.43828,0.48818
rs,89281,1787,0.0,0.39628,0.53290
rs,86886,1456,0.0,0.17410,0.74187
rs,87270,15373,0.0,0.31701,0.61603
rs,85260,3806,0.0,0.49733,0.42221
rs,87297,50058,0.0,0.26603,0.64210
rs,86860,1544,0.0,0.47466,0.47901
rs,87319,4019,0.0,0.50987,0.41337
rs,87335,3261,0.0,0.44958,0.49506
rs,86908,3812,0.0,0.31928,0.59839
rs,86924,1215,0.0,0.23788,0.66870
rs,87351,3879,0.0,0.31900,0.62345
rs,88943,2575,0.0,0.39993,0.51449
rs,86940,4195,0.0,0.44064,0.49625
rs,86967,4632,0.0,0.42267,0.50781
rs,86983,2037,0.0,0.19285,0.70275
rs,87378,25800,0.0,0.21912,0.70345
rs,87394,2160,940.7,0.33270,0.60500
rs,87009,2711,0.0,0.30527,0.60975
rs,87416,1729,0.0,0.37913,0.54592
rs,88820,2784,0.0,0.25750,0.67722
rs,87432,2961,0.0,0.36870,0.55599
rs,87025,2471,0.0,0.19512,0.74068
rs,87041,3364,0.0,0.25393,0.64508
rs,89303,1314,0.0,0.37279,0.54340
rs,87459,3020,0.0,0.25319,0.68677
rs,88447,2428,388.8,0.38004,0.53680
rs,87068,4765,0.0,0.42955,0.48059
rs,87475,3525,0.0,0.47241,0.46682
rs,85820,1232,0.0,0.14972,0.78077
rs,88803,2483,0.0,0.27465,0.65925
rs,87084,2498,0.0,0.10283,0.83013
rs,87491,35296,0.0,0.32781,0.57017
rs,87106,1603,583.9,0.32153,0.61472
rs,87122,2626,0.0,0.23910,0.66724
rs,86185,3971,0.0,0.32165,0.57381
rs,87149,4560,0.0,0.16645,0.74444
rs,87513,6559,0.0,0.33195,0.59226
rs,88544,2139,0.0,0.21502,0.72671
rs,87165,1728,0.0,0.39035,0.53772
rs,87530,3138,0.0,0.20116,0.71452
rs,87181,1846,0.0,0.26422,0.67697
rs,87572,7257,0.0,0.40028,0.54968
rs,86169,2278,0.0,0.17742,0.76475
rs,87599,3334,0.0,0.15059,0.78159
rs,87610,6010,0.0,0.10569,0.83750
rs,87203,1736,0.0,0.22914,0.65090
rs,87637,2299,0.0,0.15237,0.77249
rs,88226,229,2113.5,0.22972,0.69422
rs,85120,3303,0.0,0.35306,0.56169
rs,84816,11877,0.0,0.31364,0.60125
rs,87653,4049,0.0,0.32599,0.57940
rs,87670,14836,0.0,0.18229,0.70785
rs,87696,15402,0.0,0.16682,0.74948
rs,87220,2018,0.0,0.04785,0.89422
rs,88560,1678,0.0,0.28208,0.63941
rs,84751,2650,0.0,0.14646,0.78426
rs,87246,15362,0.0,0.38263,0.53180
rs,87262,3061,0.0,0.41527,0.53709
rs,88684,2967,0.0,0.31145,0.61765
rs,87718,127712,4460.9,0.27624,0.63749
rs,87289,2478,0.0,0.26204,0.68587
rs,87300,1574,0.0,0.41992,0.50141
rs,89320,1281,0.0,0.39501,0.52062
rs,87556,10988,0.0,0.21591,0.72298
rs,87734,27730,0.0,0.39933,0.50334
rs,87750,2929,0.0,0.38845,0.57090
rs,89672,7665,0.0,0.36979,0.55412
rs,87777,18843,0.0,0.37933,0.56556
rs,87793,4738,0.0,0.42370,0.49888
rs,87815,25809,0.0,0.21163,0.71732
rs,84980,6282,0.0,0.48088,0.43936
rs,87831,5040,0.0,0.15736,0.76336
rs,85987,4290,0.0,0.27053,0.64890
rs,87327,2802,0.0,0.16915,0.73883
rs,98256,31076,0.0,0.29728,0.62726
rs,88889,2921,0.0,0.33855,0.58623
rs,87343,4339,0.0,0.33213,0.60270
rs,87858,115825,0.0,0.34832,0.56483
rs,89346,1904,0.0,0.23335,0.68256
rs,85146,4848,0.0,0.31397,0.61303
rs,89567,1437,0.0,0.54532,0.38540
rs,87874,4878,0.0,0.54958,0.36984
rs,87890,2467,0.0,0.30036,0.64183
rs,87912,183906,0.0,0.47095,0.42096
rs,87360,0,3709.8,0.20128,0.69116
rs,85340,2092,0.0,0.31940,0.59156
rs,89362,107,1971.9,0.33319,0.58406
rs,87386,2717,0.0,0.40463,0.51594
rs,87408,3050,0.0,0.37785,0.55300
rs,87939,6312,144.4,0.55100,0.35238
rs,89540,2010,0.0,0.09743,0.83171
rs,84778,1618,0.0,0.48219,0.44074
rs,87955,9266,1034.2,0.51396,0.40544
rs,87971,5892,0.0,0.34840,0.59979
rs,87440,1568,0.0,0.22136,0.68905
rs,87424,2798,0.0,0.39135,0.54976
rs,88013,776503,267.9,0.48558,0.41863
rs,88030,2947,0.0,0.37238,0.56033
rs,87467,1792,0.0,0.26798,0.67748
rs,87483,1400,0.0,0.37295,0.56601
rs,88056,6296,0.0,0.39576,0.55439
rs,87998,19777,0.0,0.31424,0.59472
rs,85421,1302,0.0,0.33432,0.60657
rs,86126,1653,0.0,0.20444,0.68616
rs,87505,2265,0.0,0.14890,0.75603
rs,84760,4039,0.0,0.34670,0.58166
rs,85405,1570,0.0,0.10712,0.82119
rs,88072,2828,0.0,0.13902,0.79477
rs,88099,12754,0.0,0.42764,0.50071
rs,89389,1376,0.0,0.27583,0.65908
rs,87521,0,1864.8,0.42995,0.49845
rs,84875,3183,0.0,0.20563,0.71325
rs,88110,3455,1682.0,0.50088,0.44658
rs,85766,1658,0.0,0.20452,0.71939
rs,88137,9363,0.0,0.35177,0.58036
rs,87548,2138,0.0,0.47682,0.47024
rs,88153,103284,0.0,0.56111,0.34673
rs,88170,20634,0.0,0.48647,0.43438
rs,85740,3544,0.0,0.32009,0.58832
rs,88196,6079,0.0,0.25238,0.66389
rs,88218,4323,0.0,0.37521,0.56527
rs,89400,1867,0.0,0.43337,0.49829
rs,88234,13333,0.0,0.26608,0.64995
rs,88250,6027,0.0,0.43410,0.51226
rs,88277,3681,0.0,0.34728,0.59804
rs,88293,4295,0.0,0.39145,0.54503
rs,88315,21835,0.0,0.45238,0.48192
rs,87564,1757,0.0,0.43345,0.49459
rs,85561,2104,0.0,0.27048,0.66352
rs,89753,6064,0.0,0.42503,0.50769
rs,87580,2262,0.0,0.28195,0.64744
rs,88331,4607,0.0,0.18554,0.70749
rs,88358,10597,0.0,0.23970,0.70935
rs,88455,48688,0.0,0.49019,0.41533
rs,88374,5354,0.0,0.29216,0.64941
rs,89247,1580,0.0,0.20725,0.71820
rs,87602,4685,0.0,0.20225,0.70264
rs,88390,81458,0.0,0.30664,0.59321
rs,89443,1730,398.8,0.39877,0.52102
rs,88412,137653,14355.7,0.41647,0.49657
rs,86207,2098,2412.0,0.23137,0.66086
rs,88471,46180,0.0,0.25253,0.66952
rs,87629,1408,0.0,0.19749,0.73599
rs,88498,15616,0.0,0.50818,0.40054
rs,88439,4553,0.0,0.42688,0.49214
rs,88510,26358,1447.3,0.34339,0.57690
rs,88552,25036,0.0,0.33520,0.57727
rs,88579,6124,0.0,0.50462,0.43054
rs,87645,1690,0.0,0.34264,0.57263
rs,87661,1859,0.0,0.19901,0.71940
rs,88595,8888,0.0,0.38308,0.55452
rs,88617,10571,0.0,0.32714,0.58885
rs,87688,1762,0.0,0.29899,0.64353
rs,88536,43375,0.0,0.37088,0.55233
rs,88994,48600,0.0,0.30147,0.62860
rs,89010,73308,0.0,0.43375,0.46966
rs,89036,10632,3515.4,0.26032,0.67518
rs,89052,7530,0.0,0.33619,0.60205
rs,85707,2038,0.0,0.37661,0.55115
rs,85529,4462,0.0,0.34310,0.58126
rs,89079,3566,0.0,0.21433,0.71309
rs,88765,2257,0.0,0.20186,0.73436
rs,87882,3169,0.0,0.38366,0.52682
rs,89095,10359,0.0,0.19261,0.73844
rs,89117,4154,0.0,0.26907,0.66937
rs,87920,4167,0.0,0.23631,0.67557
rs,88706,1427,0.0,0.38521,0.53990
rs,89133,2791,0.0,0.29227,0.61993
rs,84956,1665,0.0,0.32542,0.59925
rs,87947,5519,0.0,0.32769,0.57252
rs,89176,8229,0.0,0.30812,0.60566
rs,89192,16931,0.0,0.37242,0.56430
rs,88633,33363,0.0,0.46322,0.47596
rs,84832,2057,0.0,0.26926,0.65328
rs,88650,10403,0.0,0.42912,0.50606
rs,88676,12062,0.0,0.38343,0.54322
rs,88692,30209,594.5,0.42295,0.50201
rs,88714,9659,2128.6,0.45798,0.44648
rs,84794,2085,0.0,0.13318,0.79659
rs,87769,1869,0.0,0.48411,0.46584
rs,85588,1558,0.0,0.41935,0.51334
rs,85324,3166,0.0,0.14432,0.77986
rs,87742,1880,0.0,0.25517,0.64075
rs,88730,15110,0.0,0.42773,0.46131
rs,88757,4666,0.0,0.23346,0.70210
rs,89460,1711,0.0,0.18050,0.69978
rs,87726,2281,217.6,0.27439,0.66829
rs,84859,3339,0.0,0.26287,0.67740
rs,87700,2012,0.0,0.28316,0.64039
rs,88773,119523,0.0,0.38245,0.52890
rs,88790,26394,0.0,0.33831,0.58353
rs,88811,19071,0.0,0.40182,0.53157
rs,88838,13501,0.0,0.16666,0.74696
rs,88854,3946,0.0,0.26127,0.67600
rs,87785,2342,0.0,0.30165,0.62618
rs,85480,4504,0.0,0.43476,0.51770
rs,88870,2651,548.1,0.49993,0.44143
rs,88897,4186,0.0,0.35023,0.57591
rs,87807,2693,0.0,0.17342,0.72783
rs,89486,1252,0.0,0.43028,0.52740
rs,87823,2132,0.0,0.29175,0.63563
rs,88919,9413,0.0,0.35855,0.55299
rs,88935,13623,0.0,0.28854,0.62336
rs,88951,12651,0.0,0.46213,0.45916
rs,88978,2459,0.0,0.29219,0.65769
rs,87840,1761,0.0,0.15809,0.77170
rs,87866,1243,567.5,0.45880,0.50103
rs,85383,2008,0.0,0.20532,0.68999
rs,86754,5000,0.0,0.41917,0.49962
rs,87904,1632,0.0,0.32828,0.56962
rs,88722,3194,0.0,0.37658,0.56396
rs,89214,14363,0.0,0.17693,0.75185
rs,89230,6362,0.0,0.32341,0.61446
rs,89257,8672,0.0,0.41621,0.51630
rs,89273,31468,0.0,0.27229,0.65656
rs,89290,14938,0.0,0.35622,0.56969
rs,85669,2328,0.0,0.38527,0.55813
rs,89710,3297,0.0,0.39223,0.51874
rs,89311,8401,0.0,0.43363,0.49813
rs,85162,5912,0.0,0.30752,0.61068
rs,98213,20455,0.0,0.26639,0.62663
rs,89508,2219,0.0,0.31328,0.60867
rs,87963,3537,0.0,0.43761,0.51093
rs,88900,2130,0.0,0.30112,0.62412
rs,89338,24446,0.0,0.32103,0.58523
rs,89354,26991,0.0,0.36905,0.54090
rs,87980,1676,0.0,0.32961,0.58699
rs,85006,4522,0.0,0.42150,0.52126
rs,89435,16294,0.0,0.32920,0.58532
rs,84743,2054,0.0,0.23828,0.68759
rs,85367,6780,0.0,0.20404,0.72815
rs,89370,14053,0.0,0.24999,0.66496
rs,89397,15148,0.0,0.25043,0.67628
rs,88005,2562,0.0,0.35716,0.57110
rs,86142,3176,0.0,0.46147,0.48616
rs,89419,14624,0.0,0.36275,0.56127
rs,89451,3926,0.0,0.24422,0.69664
rs,84840,2635,0.0,0.49629,0.45129
rs,88021,1097,0.0,0.27552,0.66054
rs,89478,11865,0.0,0.39374,0.54620
rs,85723,3640,0.0,0.13322,0.78173
rs,89494,5811,0.0,0.19849,0.73162
rs,88501,2706,0.0,0.24098,0.67545
rs,88609,1594,0.0,0.20762,0.70653
rs,88480,1981,0.0,0.38182,0.55994
rs,88048,1241,0.0,0.14593,0.77510
rs,89516,58463,250.9,0.31998,0.60073
rs,89532,35139,266.0,0.24542,0.68383
rs,88064,6280,0.0,0.31811,0.59236
rs,88080,4006,0.0,0.24912,0.65434
rs,88668,2415,0.0,0.36195,0.55536
rs,84913,1608,0.0,0.24334,0.68488
rs,89559,37840,3164.1,0.27845,0.62881
rs,89575,8866,7181.6,0.31170,0.60298
rs,89591,15045,0.0,0.14910,0.76929
rs,88781,2003,0.0,0.09102,0.84156
rs,89613,3285,0.0,0.23422,0.70445
rs,89630,116299,0.0,0.46291,0.43954
rs,89656,2923,0.0,0.33321,0.61888
rs,89699,2075,0.0,0.24121,0.68751
rs,86061,2888,0.0,0.14234,0.77982
rs,88749,0,1841.2,0.19365,0.73860
rs,85642,3020,0.0,0.23469,0.71154
rs,88102,2744,0.0,0.47850,0.44819
rs,85600,0,2235.8,0.46007,0.47964
rs,85863,1338,0.0,0.14250,0.74589
rs,85847,2094,0.0,0.36883,0.54931
rs,88129,2658,0.0,0.42440,0.51791
rs,89524,2270,0.0,0.19620,0.69388
rs,88145,11454,0.0,0.25325,0.67066
rs,84948,0,2824.0,0.23871,0.68753
rs,84735,2692,0.0,0.26679,0.66428
ro,00310,14011,0.0,0.25155,0.70037
ro,00736,6888,0.0,0.27375,0.67554
ro,00639,9226,0.0,0.18982,0.76822
ro,00337,8481,0.0,0.31323,0.63099
ro,00078,54592,0.0,0.18204,0.76269
ro,00779,17478,0.0,0.16474,0.78911
ro,00450,3870,0.0,0.27607,0.67671
ro,00620,3033,0.0,0.19813,0.74869
ro,00094,42811,11128.8,0.22779,0.69812
ro,00671,5825,0.0,0.21748,0.72511
ro,00477,15196,0.0,0.32241,0.61130
ro,00531,2654,0.0,0.33376,0.60623
ro,00272,10235,0.0,0.17445,0.77642
ro,00809,5394,0.0,0.26630,0.68965
ro,00230,9864,0.0,0.22623,0.71490
ro,00655,4495,0.0,0.29470,0.64895
ro,00213,6905,0.0,0.32337,0.63351
ro,00680,5170,3218.5,0.17874,0.77796
ro,00256,18023,0.0,0.19607,0.74622
ro,00612,5202,430.0,0.23640,0.70300
ro,00019,21449,0.0,0.35787,0.58877
ro,00493,5336,0.0,0.29726,0.63294
ro,00159,30964,0.0,0.20043,0.74157
ro,00051,73842,242.8,0.22519,0.71317
ro,00396,18214,0.0,0.23961,0.70859
ro,00604,4812,0.0,0.30012,0.64741
ro,00574,6495,0.0,0.32455,0.62042
ro,00663,7684,0.0,0.21367,0.73261
ro,00370,10820,0.0,0.23848,0.70568
ro,00434,14990,0.0,0.18381,0.78209
ro,00744,4274,0.0,0.37697,0.57309
ro,00515,5715,0.0,0.30481,0.63586
ro,00175,21352,0.0,0.24170,0.69953
ro,00701,2902,0.0,0.32565,0.61138
ro,00116,20790,0.0,0.21690,0.72582
ro,00787,1736,0.0,0.28240,0.66640
ro,00035,286236,89.5,0.31728,0.59384
ro,00191,11823,0.0,0.23516,0.70370
ro,00728,2436,0.0,0.21967,0.72143
ro,00647,2629,0.0,0.20120,0.75007
ro,00299,30524,0.0,0.22945,0.70463
ro,00353,5175,0.0,0.30081,0.63887
ro,00582,7732,0.0,0.28905,0.66159
ro,00710,3509,0.0,0.27655,0.65990
ro,00795,9937,0.0,0.22575,0.72011
ro,00418,13436,0.0,0.27482,0.66553
ro,00752,3105,0.0,0.32322,0.63314
ro,00590,5911,0.0,0.27334,0.67280
ro,00566,7142,0.0,0.28414,0.66612
ro,00698,641,4380.2,0.23431,0.70916
ro,00558,4323,0.0,0.30558,0.64442
ro,00132,53255,0.0,0.19408,0.74367
rr,03050,10560,532.8,0.22450,0.72853
rr,03042,6343,0.0,0.21344,0.74203
rr,03018,194623,522.8,0.19140,0.73464
rr,03077,9892,0.0,0.30029,0.66865
rr,03069,14361,0.0,0.25309,0.70000
rr,03034,11859,310.2,0.24540,0.70628
rr,03000,6473,0.0,0.17714,0.77970
rr,03026,5983,0.0,0.23122,0.71812
rr,03093,11734,0.0,0.17645,0.78141
rr,03115,7986,243.9,0.40975,0.56011
rr,03123,7447,491.2,0.35674,0.60949
rr,03085,16195,2358.1,0.22233,0.72788
rr,03131,4729,0.0,0.26432,0.68241
rr,03158,4983,0.0,0.25084,0.70208
rr,03107,6491,1291.7,0.67411,0.31205
sc,80225,555,1689.3,0.28909,0.62513
sc,80012,9346,0.0,0.34391,0.60204
sc,80039,6777,0.0,0.15338,0.79476
sc,80055,3925,0.0,0.12146,0.82200
sc,80136,6835,0.0,0.18468,0.75279
sc,81302,1443,0.0,0.26630,0.63634
sc,80152,4041,0.0,0.35924,0.57430
sc,80179,4227,0.0,0.30684,0.60534
sc,80195,5356,0.0,0.39805,0.53326
sc,80217,2739,0.0,0.26446,0.65413
sc,80233,6532,1326.2,0.13676,0.77907
sc,80063,6763,0.0,0.19587,0.73565
sc,80489,3284,0.0,0.24885,0.67134
sc,80250,7844,13511.9,0.27529,0.65698
sc,80276,42370,306.1,0.24618,0.67298
sc,80292,5999,0.0,0.20158,0.73515
sc,80314,2559,0.0,0.17875,0.73972
sc,80802,2203,0.0,0.32591,0.58275
sc,80330,5218,0.0,0.13123,0.80521
sc,80357,2498,0.0,0.13858,0.79319
sc,80373,3259,1512.0,0.12684,0.80588
sc,81728,9859,0.0,0.32049,0.61087
sc,80683,8571,0.0,0.24642,0.69115
sc,80390,82943,1060.5,0.21039,0.70980
sc,81744,9630,0.0,0.29297,0.63296
sc,82511,17208,0.0,0.22612,0.70425
sc,83909,0,10248.7,0.29124,0.64438
sc,81582,2396,0.0,0.38361,0.53978
sc,81760,1520,0.0,0.35939,0.55648
sc,80411,17245,5129.8,0.21246,0.72529
sc,81221,4241,0.0,0.25159,0.66962
sc,80748,1978,0.0,0.30626,0.61957
sc,80438,6763,0.0,0.11855,0.81134
sc,80454,44237,0.0,0.28222,0.62665
sc,80470,210793,0.0,0.20843,0.68843
sc,81280,0,2618.8,0.31693,0.60718
sc,83895,2957,0.0,0.34298,0.59381
sc,81388,2131,0.0,0.39181,0.55332
sc,81469,1593,0.0,0.26083,0.66406
sc,80497,5172,0.0,0.27043,0.66005
sc,80985,7424,7380.6,0.21499,0.70262
sc,80519,4046,0.0,0.15610,0.78213
sc,80535,20835,0.0,0.15391,0.76916
sc,80420,2787,0.0,0.13949,0.79342
sc,81787,2328,0.0,0.35110,0.59401
sc,80551,82198,0.0,0.18152,0.74548
sc,80594,4304,0.0,0.22013,0.72614
sc,80667,2355,0.0,0.56288,0.38048
sc,80616,20371,25651.8,0.23236,0.68988
sc,80632,6270,1741.8,0.14657,0.79083
sc,80659,1135,3219.4,0.40947,0.52831
sc,80675,5818,0.0,0.45387,0.49376
sc,80691,19700,565.0,0.26281,0.67540
sc,80713,7965,0.0,0.19449,0.74830
sc,80730,31445,1079.5,0.24510,0.67085
sc,80756,13517,0.0,0.28997,0.63594
sc,81027,14455,0.0,0.28350,0.63761
sc,81248,2384,110.3,0.27702,0.61808
sc,80772,6726,0.0,0.28723,0.64522
sc,80799,3619,0.0,0.42707,0.51795
sc,80578,38567,846.0,0.31475,0.60212
sc,80268,2208,0.0,0.34755,0.57698
sc,80381,1949,647.0,0.47379,0.47047
sc,81701,2333,0.0,0.22083,0.70557
sc,80810,130696,0.0,0.30037,0.61788
sc,80306,11372,0.0,0.19337,0.71450
sc,80837,46872,676.3,0.23342,0.68491
sc,81043,3499,0.0,0.27356,0.66176
sc,80853,6576,0.0,0.31559,0.63148
sc,81108,1631,0.0,0.37428,0.55946
sc,83950,9225,446.5,0.35351,0.58163
sc,80870,9789,209.3,0.16894,0.75766
sc,80896,112751,5850.4,0.23376,0.67261
sc,80918,7445,0.0,0.12317,0.81681
sc,81620,1611,0.0,0.23578,0.66929
sc,80934,22867,0.0,0.29564,0.63235
sc,80950,5972,0.0,0.28262,0.63257
sc,80977,8829,0.0,0.37032,0.57634
sc,80993,2763,0.0,0.19895,0.70800
sc,80080,2483,0.0,0.13578,0.78611
sc,81426,2520,0.0,0.56555,0.38404
sc,81167,2322,0.0,0.18377,0.75304
sc,81019,3118,0.0,0.22168,0.70990
sc,81035,7058,0.0,0.41525,0.52126
sc,81604,1439,0.0,0.37996,0.53328
sc,81051,326832,0.0,0.40824,0.48641
sc,80888,2080,0.0,0.40815,0.52536
sc,81060,14630,3497.2,0.22064,0.71174
sc,81078,20255,0.0,0.26884,0.66028
sc,81329,1860,0.0,0.29056,0.63122
sc,81094,2232,0.0,0.33172,0.61184
sc,81132,12206,6543.6,0.32433,0.59063
sc,81159,9616,0.0,0.21004,0.72395
sc,81175,40509,0.0,0.20617,0.71241
sc,81116,7208,6338.2,0.17715,0.74966
sc,81213,7846,0.0,0.18633,0.74029
sc,81191,4771,0.0,0.15796,0.77058
sc,81230,9621,4795.8,0.16264,0.76505
sc,81256,7509,0.0,0.30178,0.61550
sc,81272,26572,0.0,0.19580,0.72936
sc,81299,3127,0.0,0.31055,0.61753
sc,80527,5133,0.0,0.44209,0.49191
sc,81310,13098,0.0,0.27078,0.65536
sc,81400,1627,0.0,0.27289,0.66666
sc,81337,2460,0.0,0.20153,0.74446
sc,81353,11154,540.6,0.17866,0.73286
sc,81396,9698,0.0,0.17661,0.75601
sc,81418,7689,0.0,0.38789,0.54817
sc,81434,30883,0.0,0.34594,0.56883
sc,81450,4408,0.0,0.16927,0.76332
sc,81477,39596,0.0,0.17607,0.73533
sc,81361,2433,0.0,0.18384,0.73420
sc,81493,3234,0.0,0.31865,0.60853
sc,80020,6326,0.0,0.22400,0.67603
sc,80829,4416,0.0,0.55623,0.39374
sc,81515,4624,0.0,0.35935,0.56069
sc,80187,3160,0.0,0.22142,0.71001
sc,81531,6211,0.0,0.29572,0.62357
sc,80861,1627,0.0,0.40121,0.53746
sc,81558,4556,2021.8,0.25745,0.66595
sc,81590,13178,0.0,0.17251,0.76914
sc,81612,135294,8828.9,0.23080,0.68502
sc,81639,29692,16187.4,0.18692,0.74838
sc,81655,9706,0.0,0.20644,0.69942
sc,81663,15764,0.0,0.25729,0.66842
sc,81671,16368,0.0,0.15044,0.78579
sc,81574,4798,0.0,0.34938,0.54660
sc,81370,34389,0.0,0.21020,0.71379
sc,81698,3268,0.0,0.21242,0.70900
sc,81710,7421,0.0,0.17999,0.75180
sc,81736,12997,0.0,0.22492,0.70901
sc,81752,108628,0.0,0.18870,0.72690
sc,81140,1450,0.0,0.29960,0.61820
sc,81779,17548,0.0,0.22144,0.69996
sc,81795,339528,13213.5,0.20693,0.69724
sc,80101,3468,159.0,0.30145,0.63601
sc,81540,1862,0.0,0.34841,0.58048
sc,81817,1690,0.0,0.19186,0.73228
sc,81833,82442,13066.0,0.26849,0.65488
sc,81850,27698,0.0,0.34254,0.57502
sc,80586,1338,0.0,0.28896,0.65088
sc,81876,5163,0.0,0.16855,0.76342
sc,81892,9642,0.0,0.27412,0.64058
sc,81914,6322,285.9,0.45513,0.48137
sc,81930,2726,0.0,0.21169,0.69992
sc,80047,2979,0.0,0.27092,0.65075
sc,81957,7470,0.0,0.17273,0.76093
sc,81973,8476,271.6,0.13774,0.79749
sc,81809,4172,0.0,0.15888,0.76165
sc,80900,0,1917.0,0.39347,0.54561
sc,81990,33223,0.0,0.19326,0.72321
sc,82015,2516,0.0,0.21917,0.70962
sc,82031,4748,0.0,0.28217,0.62887
sc,83917,4291,1019.8,0.24931,0.67067
sc,82058,16709,0.0,0.22340,0.69524
sc,82066,1827,0.0,0.27480,0.66122
sc,82074,10965,0.0,0.12955,0.79752
sc,82090,1823,0.0,0.44196,0.49719
sc,82112,5026,0.0,0.14753,0.79255
sc,80365,1903,0.0,0.22134,0.72141
sc,82139,2964,0.0,0.28535,0.62037
sc,82155,5685,530.4,0.31785,0.59038
sc,80004,5233,0.0,0.40622,0.52948
sc,82171,5314,236.9,0.31363,0.62026
sc,82198,11390,0.0,0.15353,0.78212
sc,81086,2308,0.0,0.15534,0.77734
sc,82210,48409,1399.1,0.25442,0.66012
sc,82236,3321,0.0,0.31279,0.61156
sc,80322,3351,0.0,0.38842,0.54456
sc,82252,9204,0.0,0.16831,0.76290
sc,82279,10238,0.0,0.17413,0.76318
sc,80764,2116,0.0,0.34057,0.60565
sc,82295,15323,0.0,0.15275,0.78313
sc,83976,10362,0.0,0.26719,0.66027
sc,82317,4595,0.0,0.21734,0.71157
sc,80845,1668,0.0,0.29171,0.65591
sc,81442,1631,0.0,0.42781,0.49725
sc,81264,1601,465.0,0.34026,0.57322
sc,82333,88641,30446.3,0.28082,0.61770
sc,82350,4354,0.0,0.41105,0.51665
sc,81566,2631,0.0,0.28058,0.64298
sc,82376,9850,0.0,0.21913,0.71263
sc,82392,11560,0.0,0.30908,0.62805
sc,80705,2853,0.0,0.39148,0.53218
sc,80403,6690,295.4,0.28900,0.63309
sc,80624,2681,0.0,0.44334,0.49429
sc,82414,6030,0.0,0.26846,0.66608
sc,82430,3320,0.0,0.17056,0.75492
sc,82457,15791,4027.5,0.21771,0.69858
sc,82473,2485,0.0,0.19654,0.72779
sc,83925,7136,0.0,0.31553,0.60161
sc,82490,4747,0.0,0.15678,0.78552
sc,82538,12740,0.0,0.29894,0.61332
sc,82554,2370,0.0,0.27680,0.64347
sc,82570,4304,0.0,0.25470,0.66873
sc,80543,2392,0.0,0.43115,0.49560
sc,82597,21207,0.0,0.15779,0.75231
sc,82619,3188,0.0,0.33812,0.60823
sc,80926,1916,0.0,0.35883,0.58225
sc,82635,6184,0.0,0.39794,0.54828
sc,82651,15029,0.0,0.20096,0.72646
sc,82678,19051,0.0,0.25694,0.65672
sc,82694,9791,0.0,0.16829,0.77597
sc,82716,5377,0.0,0.30351,0.61347
sc,82732,1448,0.0,0.15137,0.79090
sc,82759,11192,260.1,0.16021,0.77473
sc,82775,1804,0.0,0.21337,0.71840
sc,81647,2146,0.0,0.27886,0.63949
sc,82791,6488,0.0,0.36667,0.57254
sc,82813,3078,0.0,0.20503,0.71390
sc,82830,4384,0.0,0.23586,0.70352
sc,82856,4578,0.0,0.17434,0.76196
sc,82872,5019,0.0,0.19693,0.72307
sc,82910,40307,0.0,0.18742,0.72901
sc,82899,7458,0.0,0.15658,0.76997
sc,82937,3889,0.0,0.10087,0.81832
sc,82953,23839,297.3,0.19087,0.73268
sc,80608,1998,0.0,0.29601,0.62739
sc,80560,3306,0.0,0.32762,0.60033
sc,82970,7845,0.0,0.15896,0.76392
sc,82996,2743,602.6,0.34020,0.58668
sc,83011,5184,0.0,0.18541,0.74179
sc,81523,2577,0.0,0.49803,0.43765
sc,83038,2770,0.0,0.24142,0.68922
sc,81000,7197,0.0,0.16012,0.78974
sc,83054,8757,57.5,0.32622,0.62083
sc,80721,1847,0.0,0.33606,0.57560
sc,83070,1712,0.0,0.23691,0.66790
sc,80241,0,6217.4,0.22096,0.70918
sc,80349,5270,0.0,0.20323,0.73819
sc,81507,1920,0.0,0.45948,0.46413
sc,81205,1229,0.0,0.38915,0.54250
sc,83097,16733,0.0,0.24316,0.66370
sc,83410,6507,0.0,0.27556,0.63444
sc,83437,11792,0.0,0.18405,0.74121
sc,83453,10710,353.1,0.34103,0.56898
sc,80284,2411,0.0,0.27067,0.66584
sc,83470,8960,0.0,0.25787,0.65026
sc,83496,17938,0.0,0.22884,0.69404
sc,80446,2071,0.0,0.37965,0.54524
sc,83119,49565,274.8,0.17489,0.73491
sc,81485,2079,0.0,0.42390,0.51026
sc,83135,2389,0.0,0.13580,0.78470
sc,83151,6767,0.0,0.29435,0.62779
sc,80942,2633,0.0,0.34154,0.59914
sc,83178,5879,0.0,0.33552,0.61489
sc,83194,30562,542.4,0.26255,0.65951
sc,83259,13501,765.1,0.28287,0.62882
sc,83275,152032,0.0,0.30888,0.58864
sc,83291,9010,0.0,0.21890,0.71405
sc,83313,4578,1792.8,0.43687,0.49930
sc,83216,16469,1777.0,0.16823,0.76347
sc,81124,3525,0.0,0.13815,0.80963
sc,80640,4379,0.0,0.16649,0.73436
sc,83232,0,6057.1,0.21425,0.69515
sc,83330,14874,0.0,0.28908,0.63858
sc,83356,8336,0.0,0.15689,0.76622
sc,83372,2808,0.0,0.12839,0.79564
sc,80780,1416,0.0,0.40598,0.50527
sc,83399,24896,0.0,0.26035,0.64380
sc,81183,4012,0.0,0.21739,0.69957
sc,83518,11552,0.0,0.13861,0.80371
sc,83534,5275,0.0,0.21195,0.71961
sc,81680,1660,0.0,0.36668,0.56276
sc,83550,27890,0.0,0.21816,0.70603
sc,83933,144,3391.4,0.21136,0.72032
sc,83577,28673,0.0,0.15112,0.75986
sc,80209,0,4368.2,0.39165,0.51308
sc,81345,3170,0.0,0.27208,0.62283
sc,83615,5523,0.0,0.12355,0.81554
sc,83631,5331,0.0,0.16030,0.76886
sc,83658,4515,0.0,0.16259,0.77828
sc,83593,11154,0.0,0.29992,0.61591
sc,83674,64294,0.0,0.21087,0.70656
sc,83682,3494,0.0,0.17240,0.73082
sc,83690,8442,308.5,0.14009,0.80081
sc,80144,2026,0.0,0.29370,0.63573
sc,83712,6615,0.0,0.20614,0.72525
sc,80160,655,1361.9,0.31004,0.59951
sc,83739,12597,0.0,0.18299,0.73003
sc,80462,1816,277.2,0.39482,0.53201
sc,80969,3211,0.0,0.32895,0.60090
sc,83755,2358,0.0,0.36510,0.56249
sc,83771,4444,0.0,0.18774,0.74686
sc,83798,29988,0.0,0.22348,0.70678
sc,80128,3377,203.7,0.22999,0.70362
sc,83810,2883,0.0,0.19738,0.72303
sc,83836,28261,0.0,0.30936,0.61658
sc,83852,2826,0.0,0.34232,0.59703
sc,83879,18465,0.0,0.26876,0.66834
sc,81825,2647,0.0,0.33142,0.59888
sc,80071,4308,0.0,0.21743,0.72650
sc,80098,3750,0.0,0.43303,0.51084
sc,80500,2205,0.0,0.33369,0.57761
sc,80110,4844,600.4,0.20091,0.70327
se,31011,2463,0.0,0.65419,0.28631
se,31038,13116,616.6,0.69979,0.24546
se,31054,330523,5484.5,0.54014,0.37353
se,31070,7028,531.1,0.73769,0.21375
se,31097,12151,0.0,0.66697,0.27440
se,31119,24997,0.0,0.58123,0.34710
se,31151,16174,717.0,0.66369,0.28039
se,31135,4349,1675.8,0.73212,0.22684
se,31194,9131,2979.4,0.68719,0.25759
se,31216,3329,499.1,0.72990,0.21970
se,31232,10498,7570.1,0.70622,0.24282
se,31259,19461,277.5,0.65500,0.28616
se,31275,9970,3282.6,0.67303,0.27061
se,31291,8233,800.0,0.64030,0.30567
se,31313,2553,1723.3,0.65305,0.29831
se,31330,10849,0.0,0.73512,0.21832
se,31372,3311,318.5,0.57026,0.36311
se,31399,2169,1343.3,0.72320,0.22628
se,31410,35618,3295.3,0.68846,0.24737
se,31437,5233,0.0,0.71498,0.24092
se,31453,5488,5142.0,0.56244,0.38386
se,31496,1898,5556.8,0.76709,0.19148
se,31470,2663,0.0,0.69411,0.23937
se,31518,5284,0.0,0.74994,0.20739
se,31534,5839,0.0,0.73345,0.22751
se,31550,8865,1331.8,0.76382,0.18720
se,31577,61342,0.0,0.55772,0.36895
se,31593,16312,9762.7,0.56672,0.38256
se,31615,3712,0.0,0.66510,0.27847
se,31631,21500,1049.3,0.66353,0.27015
se,31658,10960,238.5,0.70933,0.23375
se,31674,8902,0.0,0.71896,0.23817
se,31690,65914,0.0,0.65328,0.28305
se,31712,17156,0.0,0.65095,0.29014
se,31739,5403,0.0,0.66709,0.28225
se,31755,3298,0.0,0.72329,0.23083
se,31771,8214,0.0,0.68824,0.26058
se,31798,9980,0.0,0.74209,0.20700
se,31810,7526,0.0,0.59745,0.33801
se,31836,1098,8620.3,0.65676,0.29844
se,31852,5397,539.9,0.66601,0.27894
se,31879,10494,555.3,0.71066,0.24751
se,31356,5968,0.0,0.60723,0.34876
se,31895,23518,1317.3,0.70021,0.23987
se,31917,16592,314.3,0.61071,0.33036
se,31933,0,4977.8,0.74146,0.21623
se,31950,95474,3688.9,0.55040,0.36786
se,31976,6535,2596.0,0.76646,0.17969
se,31992,2667,0.0,0.65880,0.28999
se,32018,5031,1093.0,0.67911,0.27546
se,32034,4107,303.7,0.70631,0.24036
se,32050,6323,0.0,0.68413,0.25216
se,32115,17327,2710.5,0.72002,0.22502
se,32077,7130,10474.6,0.71056,0.24428
se,32093,10946,4088.3,0.71486,0.22332
se,32131,15684,195.0,0.59712,0.35451
se,32174,6219,0.0,0.70726,0.24328
se,32158,14177,0.0,0.76946,0.18305
se,32190,11316,0.0,0.62557,0.31973
se,32212,6777,0.0,0.71690,0.22827
se,32239,12283,2026.3,0.71016,0.23272
se,32255,6200,2738.3,0.73577,0.21528
se,32298,3678,0.0,0.67828,0.26612
se,31003,4824,0.0,0.68324,0.27394
se,32310,7471,0.0,0.79047,0.16520
se,32417,28739,0.0,0.68003,0.25848
se,32433,5066,303.8,0.70697,0.23948
se,32336,49236,0.0,0.61175,0.31649
se,32352,6259,0.0,0.62648,0.33274
se,32379,3078,0.0,0.68892,0.26110
se,32395,2871,288.0,0.69060,0.25667
se,32450,2973,0.0,0.63598,0.32195
se,32476,30610,3755.7,0.62059,0.32283
se,32492,4850,3168.8,0.66595,0.28459
se,32514,14838,467.8,0.63985,0.30362
sp,61018,18871,0.0,0.20914,0.72196
sp,61034,2972,0.0,0.29197,0.65762
sp,61050,16794,0.0,0.33171,0.58564
sp,61131,20997,0.0,0.27348,0.65462
sp,61581,2164,1664.2,0.26268,0.66927
sp,61158,3021,0.0,0.32261,0.62902
sp,61174,2282,0.0,0.35550,0.59159
sp,61190,9239,0.0,0.37909,0.53295
sp,61212,2776,0.0,0.25150,0.69652
sp,61220,0,10520.6,0.38823,0.50339
sp,61298,1998,0.0,0.39940,0.54767
sp,61310,136589,0.0,0.27643,0.63590
sp,61379,39192,220.0,0.26012,0.65299
sp,61336,20313,0.0,0.47287,0.44770
sp,61352,3759,0.0,0.29503,0.64550
sp,61395,3135,0.0,0.26059,0.66304
sp,61417,30946,277.1,0.31032,0.62072
sp,61433,12383,205.8,0.36501,0.55395
sp,61450,3624,0.0,0.31844,0.62472
sp,61476,0,2490.1,0.33448,0.60343
sp,61492,21218,0.0,0.31895,0.58475
sp,61514,2862,0.0,0.40398,0.54605
sp,61530,13196,0.0,0.39334,0.53391
sp,61590,3388,0.0,0.42120,0.51478
sp,61611,4125,0.0,0.30849,0.63283
sp,61646,1871,0.0,0.43181,0.50494
sp,61638,125322,0.0,0.44797,0.45855
sp,61654,72880,0.0,0.26053,0.64585
sp,61263,0,12930.1,0.35048,0.56392
sp,61557,107988,0.0,0.26549,0.65344
sp,61573,0,20034.9,0.27159,0.64322
sp,62065,1661,0.0,0.27460,0.65956
sp,61670,4514,0.0,0.27401,0.66663
sp,61697,2640,0.0,0.53052,0.39651
sp,61719,6205,0.0,0.38178,0.54828
sp,61735,4809,0.0,0.29621,0.64512
sp,61751,25736,4056.6,0.29907,0.62718
sp,61778,53816,0.0,0.35914,0.53218
sp,61522,1456,0.0,0.35095,0.59217
sp,61794,50714,528.3,0.31081,0.61125
sp,61816,81033,8843.7,0.28566,0.60443
sp,61832,8290,0.0,0.27489,0.67634
sp,61875,5476,0.0,0.40037,0.53614
sp,61891,46242,0.0,0.29221,0.61986
sp,61859,2977,0.0,0.42812,0.51100
sp,61913,12575,0.0,0.25749,0.66248
sp,61930,998,0.0,0.35484,0.58673
sp,61972,6192,0.0,0.47407,0.45795
sp,61999,3614,0.0,0.36222,0.58345
sp,62030,16662,0.0,0.24058,0.68115
sp,62057,21335,0.0,0.27775,0.63767
sp,61360,3331,0.0,0.38119,0.53849
sp,62073,4133,0.0,0.44252,0.50758
sp,62090,62118,0.0,0.31800,0.59868
sp,62111,0,17759.3,0.43064,0.49410
sp,62138,94044,125453.1,0.41306,0.48252
sp,62014,2038,0.0,0.40023,0.53305
sp,62154,12158,0.0,0.22173,0.71481
sp,62170,31876,0.0,0.35157,0.55087
sp,62197,196492,0.0,0.33070,0.57121
sp,62219,41502,0.0,0.25778,0.66134
sp,62235,1554,0.0,0.33927,0.60649
sp,62251,5689,0.0,0.30725,0.62215
sp,61280,30654,6541.2,0.37264,0.54428
sp,62278,4738,0.0,0.25698,0.69057
sp,62294,62175,0.0,0.23093,0.70268
sp,62316,0,17688.0,0.32378,0.57496
sp,62332,6971,0.0,0.46091,0.47227
sp,62359,6320,0.0,0.24773,0.67725
sp,62375,6111,0.0,0.33162,0.60333
sp,62391,21831,12547.7,0.30646,0.61111
sp,62413,0,13578.5,0.30435,0.60986
sp,61786,2451,0.0,0.44379,0.49192
sp,62456,2919,0.0,0.32558,0.60615
sp,62472,0,7689.0,0.24082,0.69053
sp,61026,1796,0.0,0.33407,0.59866
sp,62430,822,0.0,0.31796,0.62193
sp,62499,80153,0.0,0.34907,0.54201
sp,62510,98819,0.0,0.27301,0.62485
sp,62553,3275,0.0,0.25891,0.69777
sp,62081,2026,0.0,0.45324,0.49668
sp,62570,13499,0.0,0.24916,0.67301
sp,62596,12644,0.0,0.24468,0.67775
sp,62618,10255,635.4,0.30969,0.64173
sp,62634,9544,0.0,0.30175,0.64406
sp,62650,3152,0.0,0.24782,0.69926
sp,61956,5581,0.0,0.25158,0.66918
sp,62693,0,27099.4,0.30513,0.61265
sp,62677,2681,0.0,0.37498,0.55224
sp,62731,17892,0.0,0.34701,0.56505
sp,62758,9591,0.0,0.36387,0.56249
sp,62774,8821,0.0,0.31437,0.61138
sp,62790,2538,0.0,0.40622,0.52973
sp,62812,52291,0.0,0.40892,0.48818
sp,62839,2630,0.0,0.48387,0.46054
sp,62855,19054,32610.3,0.40287,0.49165
sp,61484,16085,0.0,0.27035,0.66800
sp,62871,5994,0.0,0.31307,0.62972
sp,62898,13430,0.0,0.39349,0.53334
sp,61506,3648,0.0,0.32259,0.60820
sp,62910,350261,285402.6,0.38689,0.51443
sp,62936,43755,0.0,0.35663,0.53818
sp,62952,27390,0.0,0.29708,0.59302
sp,62979,2843,0.0,0.30090,0.65371
sp,62995,6961,359.3,0.37155,0.55732
sp,62103,3063,0.0,0.33765,0.57798
sp,61344,3128,0.0,0.39596,0.53843
sp,63070,0,10629.0,0.24606,0.67396
sp,63096,28322,271.4,0.26531,0.65181
sp,63053,25486,0.0,0.32070,0.59886
sp,63118,77696,0.0,0.35027,0.55944
sp,63134,88005,113576.8,0.46707,0.42994
sp,63150,6526,0.0,0.39867,0.54940
sp,63177,13693,0.0,0.27868,0.63694
sp,63215,11224,0.0,0.48101,0.46026
sp,63231,62839,0.0,0.25533,0.66867
sp,63258,4320,0.0,0.28286,0.66309
sp,62715,54696,0.0,0.29381,0.60673
sp,63274,6497,0.0,0.23718,0.68333
sp,63290,10281,0.0,0.30385,0.60712
sp,63312,26625,0.0,0.22298,0.69371
sp,63339,9767,0.0,0.23976,0.69682
sp,63355,9855,0.0,0.25069,0.68411
sp,63371,6518,0.0,0.32666,0.60004
sp,63398,4098,0.0,0.29378,0.65231
sp,63410,10306,0.0,0.33214,0.49584
sp,63436,4143,0.0,0.41031,0.53055
sp,63452,0,15870.7,0.19950,0.74009
sp,63479,8667,0.0,0.24781,0.67826
sp,63495,15031,0.0,0.26684,0.65058
sp,63517,3102,0.0,0.25661,0.69060
sp,63533,2905,0.0,0.52518,0.42451
sp,63550,2525,0.0,0.22527,0.69197
sp,63592,5352,0.0,0.32632,0.62639
sp,63576,32819,0.0,0.37095,0.55124
sp,63614,116425,24976.2,0.42681,0.45547
sp,63630,13277,5741.0,0.28341,0.62052
sp,63657,5362,0.0,0.33462,0.58399
sp,63690,38850,2997.7,0.33024,0.56274
sp,63673,1572,0.0,0.29452,0.64120
sp,63711,46666,21425.5,0.46812,0.43961
sp,63738,13318,0.0,0.36316,0.57106
sp,63193,1946,0.0,0.38908,0.54156
sp,63010,17085,0.0,0.25301,0.68041
sp,63037,2063,0.0,0.26109,0.67894
sp,63754,17124,0.0,0.24485,0.66081
sp,63770,235348,4113.3,0.52441,0.37463
sp,61123,1301,0.0,0.40043,0.52808
sp,63797,7042,0.0,0.25019,0.68270
sp,63819,4936,0.0,0.46315,0.46685
sp,63835,13198,0.0,0.27808,0.65700
sp,63851,1806,0.0,0.52654,0.42105
sp,63878,4939,0.0,0.33120,0.58930
sp,63894,24428,0.0,0.22530,0.70925
sp,63916,7118,0.0,0.33367,0.59266
sp,63932,5357,232.3,0.27900,0.64430
sp,63959,3700,0.0,0.30015,0.64554
sp,63975,7375,0.0,0.40434,0.54379
sp,63991,5231,5164.9,0.25898,0.67097
sp,61760,2085,0.0,0.25533,0.67911
sp,61182,1910,0.0,0.34208,0.60630
sp,64017,149919,401.3,0.49069,0.40698
sp,64033,37288,0.0,0.42187,0.46426
sp,61387,1969,0.0,0.40653,0.55196
sp,61689,0,11046.4,0.28494,0.64601
sp,68659,22143,0.0,0.29907,0.59389
sp,61140,2509,0.0,0.38769,0.54977
sp,61662,6970,238.5,0.27489,0.65622
sp,64050,5284,0.0,0.25801,0.67517
sp,64076,1851,0.0,0.46549,0.46756
sp,61000,4368,0.0,0.57882,0.37311
sp,64092,9119,0.0,0.37058,0.54751
sp,64130,3712,0.0,0.26984,0.66425
sp,64114,36645,0.0,0.30545,0.62188
sp,62286,1257,0.0,0.27262,0.66378
sp,64157,96271,0.0,0.48522,0.41209
sp,64173,1014,0.0,0.43405,0.52170
sp,64190,1941,0.0,0.36846,0.57069
sp,64238,2006,0.0,0.43032,0.50234
sp,64211,0,5398.4,0.30632,0.63843
sp,64254,180447,0.0,0.30048,0.60113
sp,64270,88167,0.0,0.52263,0.38428
sp,64297,73611,0.0,0.47186,0.42957
sp,64319,2082,0.0,0.22667,0.71475
sp,64351,22876,271.0,0.27583,0.64577
sp,64378,2202,0.0,0.48252,0.45674
sp,62308,3064,0.0,0.47466,0.45028
sp,64394,5760,0.0,0.29773,0.64585
sp,64416,4697,0.0,0.36363,0.57186
sp,64432,2942,0.0,0.33395,0.61250
sp,64475,3178,0.0,0.39626,0.53849
sp,64459,5722,0.0,0.32447,0.60783
sp,64530,9027,799.6,0.48694,0.45716
sp,64513,11648,0.0,0.29861,0.62889
sp,64599,6050,0.0,0.43431,0.50395
sp,64610,1308,0.0,0.45381,0.48034
sp,64637,3438,0.0,0.31491,0.62325
sp,64653,16901,0.0,0.27304,0.65881
sp,64670,0,19662.6,0.29279,0.62310
sp,64696,69219,0.0,0.30066,0.59931
sp,64572,4437,0.0,0.29433,0.64743
sp,64718,0,6414.0,0.27025,0.65739
sp,64734,20979,358.8,0.38118,0.53532
sp,64750,151059,21516.2,0.38243,0.51996
sp,64777,637130,76534.2,0.40051,0.49307
sp,64556,10724,0.0,0.41842,0.51414
sp,61107,4008,0.0,0.43943,0.49061
sp,64491,19924,0.0,0.29506,0.63093
sp,64793,2532,0.0,0.43206,0.50763
sp,64335,3355,0.0,0.42935,0.50249
sp,64815,4947,0.0,0.30502,0.64632
sp,61743,9430,266.9,0.24151,0.67274
sp,61727,125800,0.0,0.38075,0.52620
sp,64831,6235,0.0,0.26632,0.66975
sp,64858,3389,0.0,0.26561,0.68381
sp,61085,2929,0.0,0.45533,0.48296
sp,64874,18686,0.0,0.37257,0.54632
sp,64912,3783,0.0,0.24994,0.69382
sp,64890,7081,0.0,0.25648,0.68719
sp,64939,30660,0.0,0.28343,0.64584
sp,64955,43907,556.2,0.27569,0.63244
sp,64971,4556,0.0,0.40040,0.53545
sp,64998,4576,0.0,0.32859,0.61228
sp,65030,14138,0.0,0.40663,0.50991
sp,65056,6945,0.0,0.29924,0.60947
sp,65013,12897,0.0,0.33478,0.59167
sp,65072,15736,0.0,0.37594,0.56351
sp,62006,8448,0.0,0.38918,0.53743
sp,61204,13435,0.0,0.37549,0.54191
sp,65099,21030,1402.9,0.36994,0.53834
sp,65110,148473,0.0,0.29237,0.60291
sp,65137,3142,0.0,0.29511,0.64588
sp,65153,2360,0.0,0.42046,0.51903
sp,65170,2412,0.0,0.21313,0.73325
sp,65196,7555,0.0,0.29069,0.62680
sp,65218,1907,13599.5,0.38841,0.52742
sp,65234,4268,0.0,0.23623,0.69980
sp,62243,3549,0.0,0.24668,0.69210
sp,65250,2386,0.0,0.51327,0.41900
sp,65277,621,8111.2,0.47827,0.46502
sp,65293,14007,0.0,0.25932,0.66917
sp,65331,3253,0.0,0.33161,0.60987
sp,65315,3739,253.1,0.23475,0.72719
sp,65358,1270,9170.6,0.45651,0.48913
sp,65390,9467,0.0,0.21026,0.73610
sp,65412,2329,0.0,0.30839,0.62835
sp,65439,57629,0.0,0.40197,0.50858
sp,61603,2197,0.0,0.48948,0.45869
sp,65455,53012,38052.7,0.48190,0.41608
sp,65471,66980,17557.3,0.26398,0.65351
sp,65498,46687,2492.8,0.31232,0.61548
sp,65510,118448,512.9,0.47261,0.41864
sp,65536,39488,0.0,0.25885,0.65507
sp,61948,0,2426.1,0.48750,0.45067
sp,65579,7948,0.0,0.33441,0.60610
sp,65617,2530,0.0,0.61999,0.31108
sp,65595,7125,0.0,0.32131,0.60433
sp,65633,115609,64886.0,0.45704,0.43990
sp,65650,23033,969.9,0.29763,0.62488
sp,65676,0,6672.1,0.31029,0.61708
sp,65692,65048,0.0,0.27820,0.61987
sp,65714,9923,51.0,0.31934,0.59885
sp,65374,5009,7332.4,0.41664,0.51776
sp,65730,7342,0.0,0.34818,0.57985
sp,65757,3639,0.0,0.45406,0.48067
sp,65773,4447,0.0,0.35009,0.57731
sp,65790,76068,16379.7,0.28208,0.61583
sp,65811,35534,0.0,0.29914,0.60441
sp,65838,19855,0.0,0.33362,0.59648
sp,65552,21513,0.0,0.24105,0.69306
sp,65854,3789,0.0,0.39212,0.54278
sp,65870,37446,0.0,0.29730,0.61199
sp,65897,129852,216.3,0.32214,0.58251
sp,65919,0,4343.2,0.31720,0.60235
sp,65935,8924,0.0,0.26468,0.66473
sp,65951,33993,0.0,0.27892,0.62232
sp,65978,26958,0.0,0.26206,0.67155
sp,65994,3766,0.0,0.31015,0.60316
sp,66010,56217,0.0,0.43619,0.45447
sp,66036,21180,0.0,0.28806,0.62927
sp,66052,19000,0.0,0.30346,0.60635
sp,66079,75344,0.0,0.23453,0.68887
sp,66095,2549,0.0,0.42493,0.49963
sp,66117,7188,0.0,0.25867,0.66303
sp,66150,20273,0.0,0.27089,0.65241
sp,66133,2438,0.0,0.38046,0.56294
sp,62324,1841,0.0,0.26541,0.65878
sp,66192,248370,3399.6,0.30445,0.57908
sp,66214,10173,0.0,0.26574,0.66516
sp,66257,13169,3675.2,0.41164,0.49722
sp,66230,9212,1274.6,0.33224,0.60321
sp,66176,2611,0.0,0.45951,0.48286
sp,66273,4054,0.0,0.34073,0.55831
sp,66290,15167,0.0,0.21152,0.71822
sp,66338,2481,2210.4,0.40928,0.49489
sp,66311,2839,0.0,0.38424,0.55395
sp,66354,53762,0.0,0.29243,0.63549
sp,66370,37997,0.0,0.21003,0.70999
sp,66397,171450,0.0,0.22786,0.69304
sp,66419,4486,0.0,0.23864,0.69462
sp,66435,38363,0.0,0.24179,0.68023
sp,66451,46998,0.0,0.30669,0.60108
sp,62022,1430,0.0,0.30722,0.61758
sp,66478,29371,300.9,0.29713,0.61077
sp,66516,1580,0.0,0.40576,0.54107
sp,66494,9502,0.0,0.29281,0.63837
sp,66559,2897,0.0,0.36131,0.58751
sp,66575,2398,0.0,0.40733,0.53437
sp,66591,1804,0.0,0.40388,0.54684
sp,66532,7170,0.0,0.38063,0.53602
sp,66613,9492,0.0,0.26547,0.66215
sp,66630,4052,558.8,0.24667,0.68957
sp,66656,2923,0.0,0.31558,0.62155
sp,66672,2117,0.0,0.36185,0.58062
sp,66699,21844,6170.9,0.36027,0.53181
sp,66710,48131,0.0,0.33419,0.57445
sp,66737,5234,0.0,0.31032,0.59637
sp,66753,0,2292.4,0.50656,0.43472
sp,66770,8027,0.0,0.30439,0.63390
sp,61867,2202,0.0,0.18663,0.75473
sp,66834,1377,0.0,0.39101,0.54890
sp,66796,2208,0.0,0.35496,0.57492
sp,66850,13175,0.0,0.31924,0.61444
sp,66818,119688,5941.6,0.25679,0.66569
sp,66877,47318,0.0,0.32294,0.59993
sp,66893,183962,39892.7,0.45740,0.43160
sp,66915,3891,0.0,0.33310,0.61460
sp,66931,2839,0.0,0.34177,0.58487
sp,61964,1391,0.0,0.36519,0.57936
sp,66958,11147,0.0,0.40260,0.54469
sp,66974,6313,0.0,0.24704,0.68064
sp,67016,2125,0.0,0.36630,0.57917
sp,66990,10630,0.0,0.34112,0.60151
sp,67032,12534,0.0,0.25675,0.67622
sp,67059,8848,0.0,0.51096,0.44006
sp,67075,32754,0.0,0.27108,0.64740
sp,67091,3061,0.0,0.30498,0.62943
sp,67113,29098,5518.9,0.28611,0.62998
sp,67130,91346,151440.2,0.36190,0.52373
sp,67156,86271,286.1,0.25075,0.66434
sp,67172,50976,0.0,0.24753,0.66567
sp,67199,2344,0.0,0.24380,0.68460
sp,67237,32905,0.0,0.43079,0.47760
sp,67253,4530,238.6,0.26069,0.65394
sp,67270,26336,0.0,0.24384,0.66414
sp,67296,12474,0.0,0.30502,0.62186
sp,67318,10609,0.0,0.26315,0.66350
sp,67334,2521,0.0,0.39950,0.55367
sp,67377,34526,0.0,0.38046,0.52932
sp,67350,2930,0.0,0.39206,0.53382
sp,67210,1649,0.0,0.32926,0.59349
sp,67393,14917,0.0,0.35174,0.57799
sp,67415,8141,0.0,0.25521,0.66754
sp,61069,2499,0.0,0.43280,0.49928
sp,67431,2452,0.0,0.31189,0.64036
sp,62340,1629,0.0,0.41988,0.51833
sp,67458,1454,1986.5,0.43635,0.49263
sp,67474,4176,0.0,0.31778,0.60582
sp,67490,0,10248.1,0.30115,0.60955
sp,67512,5275,0.0,0.32536,0.60337
sp,67539,5666,0.0,0.24820,0.68912
sp,67555,2882,0.0,0.33666,0.59930
sp,67571,3978,0.0,0.28476,0.65016
sp,61980,4416,795.3,0.36810,0.57033
sp,61425,1579,0.0,0.40492,0.52223
sp,62367,1046,0.0,0.29660,0.63893
sp,67598,5293,0.0,0.45400,0.46717
sp,67610,10658,0.0,0.37978,0.55666
sp,67636,1451,0.0,0.42583,0.52975
sp,67652,2509,0.0,0.38112,0.56439
sp,67679,2001,0.0,0.44810,0.48082
sp,67695,37161,0.0,0.31078,0.59811
sp,61409,2917,0.0,0.32486,0.62161
sp,67717,20772,0.0,0.25097,0.68839
sp,67733,4437,0.0,0.29553,0.63266
sp,67750,2516,0.0,0.36688,0.57348
sp,67792,30932,0.0,0.27912,0.64132
sp,67814,3222,0.0,0.35334,0.57171
sp,67830,0,4037.6,0.32481,0.60786
sp,67857,3709,0.0,0.39488,0.53119
sp,67873,21715,178.2,0.31902,0.59509
sp,67890,335736,87669.5,0.42998,0.45686
sp,67911,1815,0.0,0.24537,0.69334
sp,67938,16475,0.0,0.23484,0.70100
sp,67954,50646,4869.2,0.31132,0.60548
sp,67970,4355,0.0,0.41985,0.53156
sp,62383,5848,0.0,0.33961,0.60229
sp,67997,5490,0.0,0.28847,0.65089
sp,68012,6520,0.0,0.33331,0.60435
sp,68039,5711,0.0,0.38379,0.54829
sp,68055,5386,0.0,0.32855,0.60804
sp,68071,11950,0.0,0.27987,0.65476
sp,68098,7429,0.0,0.33568,0.61376
sp,68110,21446,0.0,0.34743,0.58873
sp,68136,10542,0.0,0.39883,0.52663
sp,68179,10399,0.0,0.34366,0.60168
sp,68195,2656,0.0,0.35216,0.59709
sp,68217,5574,0.0,0.29031,0.65197
sp,68152,3494,0.0,0.27276,0.65840
sp,68233,4297,0.0,0.30045,0.62295
sp,68250,10588,0.0,0.26780,0.66708
sp,61824,2211,0.0,0.30512,0.63757
sp,68276,7814,0.0,0.31640,0.59376
sp,68292,0,4339.8,0.30797,0.63657
sp,62405,1436,0.0,0.30158,0.63028
sp,68330,4229,0.0,0.43482,0.50417
sp,68314,68911,847.3,0.33811,0.56286
sp,68357,24780,0.0,0.25706,0.67037
sp,68373,3598,0.0,0.32324,0.59616
sp,68390,1980,0.0,0.35881,0.58259
sp,68411,9003,0.0,0.45156,0.49049
sp,68438,25126,0.0,0.22890,0.69573
sp,61247,2106,0.0,0.26226,0.66627
sp,68454,0,5078.6,0.37902,0.53925
sp,68470,32736,0.0,0.28480,0.64637
sp,68497,13200,0.0,0.36616,0.56822
sp,68519,4704,0.0,0.31824,0.60909
sp,68535,40994,0.0,0.37810,0.53544
sp,68551,3376,0.0,0.31449,0.63661
sp,68578,29541,0.0,0.30346,0.60754
sp,68594,16075,0.0,0.27835,0.65100
sp,68616,88927,0.0,0.30926,0.58969
sp,68632,8034,0.0,0.27342,0.65871
sp,68675,8301,0.0,0.27198,0.65450
sp,68691,871,1331.2,0.42074,0.52408
sp,68713,7158,0.0,0.30025,0.60651
sp,68730,16222,0.0,0.26236,0.64342
sp,68756,226955,0.0,0.27581,0.63366
sp,68772,15474,0.0,0.33086,0.57811
sp,68799,10702,0.0,0.29727,0.62945
sp,68810,5924,0.0,0.23729,0.69620
sp,68837,8538,1672.4,0.45454,0.45714
sp,68853,14536,0.0,0.33345,0.58928
sp,68870,40523,0.0,0.25548,0.65242
sp,68896,7613,0.0,0.25202,0.66507
sp,68918,18574,0.0,0.37904,0.54984
sp,68934,2904,0.0,0.40190,0.55154
sp,68950,2032,0.0,0.27584,0.66925
sp,68993,3423,0.0,0.31507,0.62768
sp,69019,12240,0.0,0.21308,0.72356
sp,69035,2211,0.0,0.24742,0.70047
sp,69051,17270,4153.3,0.37937,0.53989
sp,61808,2368,0.0,0.42759,0.52019
sp,69078,1742,0.0,0.34553,0.60011
sp,69094,2726,0.0,0.48254,0.46510
sp,69116,0,5255.3,0.33762,0.58626
sp,69132,30934,0.0,0.26143,0.65660
sp,69159,28861,0.0,0.25334,0.65397
sp,61565,9854,0.0,0.34076,0.56967
sp,69175,10363,0.0,0.28964,0.64767
sp,68977,68475,0.0,0.42805,0.46273
sp,62120,1091,0.0,0.38002,0.57045
sp,69191,3561,7203.5,0.34086,0.57786
sp,69213,158974,23638.1,0.36877,0.53678
sp,62146,3386,0.0,0.34572,0.59167
sp,69230,2463,0.0,0.34426,0.58183
sp,69256,7293,0.0,0.32746,0.61689
sp,69272,20956,0.0,0.36686,0.57052
sp,69299,123575,0.0,0.27444,0.65072
sp,69310,19137,0.0,0.26375,0.66997
sp,69337,18221,0.0,0.33657,0.59594
sp,62162,2802,0.0,0.32444,0.59809
sp,69353,7450,0.0,0.29399,0.64251
sp,69370,2352,0.0,0.36871,0.58681
sp,69396,5250,0.0,0.45391,0.46624
sp,69418,3862,0.0,0.30092,0.64390
sp,69434,5760,0.0,0.24204,0.68243
sp,69450,16648,0.0,0.35132,0.57045
sp,69477,3110,0.0,0.36678,0.54754
sp,69493,11831,0.0,0.30957,0.62527
sp,69515,3504,0.0,0.23932,0.69385
sp,69531,32700,0.0,0.32943,0.59316
sp,69558,4942,0.0,0.39781,0.53392
sp,69574,2127,0.0,0.50708,0.43924
sp,69590,5900,0.0,0.38355,0.54196
sp,69612,9711,756.5,0.41381,0.53906
sp,69639,3141,0.0,0.38582,0.55656
sp,69655,3057,0.0,0.40264,0.54538
sp,62421,1397,0.0,0.44620,0.49921
sp,61700,4832,0.0,0.45570,0.45653
sp,69671,59896,4544.2,0.40879,0.47581
sp,69698,306069,33166.9,0.34322,0.55085
sp,69736,3675,0.0,0.36497,0.57827
sp,69752,5088,0.0,0.45769,0.47947
sp,69779,5190,0.0,0.25125,0.69307
sp,69795,112088,0.0,0.27908,0.63393
sp,69817,18955,0.0,0.27249,0.65092
sp,69833,10707,13858.3,0.48854,0.40409
sp,69850,5267,0.0,0.44346,0.51632
sp,69710,3410,0.0,0.39611,0.53987
sp,61166,0,9216.3,0.47910,0.45556
sp,69876,6530,0.0,0.30971,0.60027
sp,69914,2844,0.0,0.31549,0.62586
sp,69892,1737,0.0,0.30244,0.63225
sp,69930,2980,0.0,0.35213,0.59588
sp,69957,1476,0.0,0.41543,0.50898
sp,69973,2003,2024.1,0.22035,0.72497
sp,69990,6435,0.0,0.27907,0.63417
sp,70017,0,10835.1,0.31119,0.57547
sp,70033,2766,0.0,0.34011,0.61404
sp,61441,5673,0.0,0.14214,0.79144
sp,70050,66930,4923.0,0.31579,0.57891
sp,70076,0,23072.4,0.34497,0.56911
sp,70092,4825,0.0,0.32943,0.59855
sp,70114,2861,487.6,0.54628,0.39995
sp,70130,7849,0.0,0.30689,0.61479
sp,70157,3922,0.0,0.31360,0.63587
sp,70211,8715,0.0,0.31512,0.59745
sp,70173,107173,0.0,0.27773,0.63387
sp,70238,1787,0.0,0.35123,0.59900
sp,70254,3078,0.0,0.23257,0.69656
sp,62189,1681,0.0,0.35438,0.57688
sp,70270,15255,0.0,0.31079,0.60367
sp,70297,24781,0.0,0.22294,0.70800
sp,70319,3856,0.0,0.37229,0.55896
sp,70335,18547,0.0,0.25555,0.67688
sp,70351,14640,0.0,0.27271,0.65209
sp,70378,31266,0.0,0.32296,0.58613
sp,70394,4557,0.0,0.48622,0.43097
sp,70416,3022,0.0,0.28880,0.65570
sp,70432,1939,0.0,0.39066,0.55290
sp,70491,1884,0.0,0.36298,0.57136
sp,70513,14362,0.0,0.24137,0.67403
sp,70530,12941,0.0,0.35927,0.54613
sp,62200,1488,0.0,0.25141,0.69224
sp,70459,1371,0.0,0.33133,0.60314
sp,70475,63395,19256.3,0.33600,0.54278
sp,70556,10669,0.0,0.33644,0.60100
sp,70572,411285,1768.9,0.41203,0.47212
sp,70599,4255,0.0,0.37119,0.55864
sp,70610,12465,0.0,0.27019,0.66086
sp,61328,5585,0.0,0.34953,0.59168
sp,70637,3779,0.0,0.28597,0.63185
sp,70653,4678,0.0,0.32432,0.58009
sp,70670,0,1999.4,0.40027,0.54392
sp,70718,211429,42125.6,0.38462,0.50341
sp,70696,2570,0.0,0.33303,0.61106
sp,71234,3610,1922.8,0.35433,0.57605
sp,71250,2261,0.0,0.47409,0.47112
sp,71277,2307,0.0,0.27610,0.64921
sp,71293,5429,0.0,0.43733,0.49404
sp,71331,16406,0.0,0.26818,0.65221
sp,71315,24988,0.0,0.37869,0.53529
sp,71358,70053,0.0,0.35591,0.55294
sp,71374,7228,0.0,0.33367,0.61154
sp,71390,9179,0.0,0.34018,0.60014
sp,71412,4091,0.0,0.37489,0.53162
sp,71439,23447,0.0,0.20460,0.71104
sp,71455,394371,0.0,0.32860,0.56537
sp,71471,4389,0.0,0.41969,0.53456
sp,71498,141505,5266.8,0.36012,0.55605
sp,71510,168745,519.5,0.40276,0.49204
sp,61301,2195,0.0,0.44917,0.49457
sp,70734,6820,0.0,0.30241,0.59998
sp,70750,384441,76553.5,0.46086,0.42355
sp,70777,99479,18002.7,0.33767,0.53736
sp,70793,140442,0.0,0.41098,0.49458
sp,70815,1894,0.0,0.37632,0.56031
sp,70890,26089,0.0,0.38029,0.53621
sp,70912,4643,0.0,0.44045,0.50225
sp,70939,2683,0.0,0.48013,0.45041
sp,70955,28069,0.0,0.28774,0.61960
sp,70971,184411,69866.6,0.27431,0.63302
sp,70998,414742,4849.8,0.32550,0.57312
sp,70831,49875,0.0,0.28554,0.62088
sp,70858,1739,0.0,0.47687,0.46360
sp,61883,1321,0.0,0.47698,0.45741
sp,70874,1470,0.0,0.45657,0.48018
sp,61905,0,8434.2,0.40125,0.49343
sp,71013,7622,0.0,0.40383,0.51316
sp,71030,21394,0.0,0.30701,0.61418
sp,71056,16640,1109.7,0.31630,0.60779
sp,71072,6058169,495022.6,0.46639,0.42111
sp,71099,20341,0.0,0.24498,0.68526
sp,71110,4282,0.0,0.34496,0.60682
sp,71137,28819,15274.8,0.36095,0.52889
sp,71153,46376,3887.4,0.41616,0.50049
sp,71170,5996,0.0,0.31316,0.60293
sp,71196,8099,0.0,0.33478,0.56594
sp,71218,129732,48416.1,0.39728,0.50363
sp,71536,6668,0.0,0.25858,0.68598
sp,71552,7948,0.0,0.33346,0.60857
sp,71579,159727,342.0,0.49633,0.39149
sp,71595,3973,0.0,0.42295,0.51876
sp,71617,7117,0.0,0.32424,0.61195
sp,71633,3386,0.0,0.38960,0.55314
sp,71650,3352,0.0,0.26159,0.66800
sp,71676,11648,0.0,0.35874,0.54341
sp,71692,14984,0.0,0.28916,0.63833
sp,71730,6914,0.0,0.39624,0.52103
sp,71714,4396,0.0,0.33820,0.58549
sp,62260,1775,0.0,0.34103,0.60343
sp,71757,27535,0.0,0.31578,0.60058
sp,71773,13186,251.2,0.35171,0.58025
sp,61840,0,3754.0,0.37040,0.54956
sp,71790,3936,0.0,0.45128,0.48440
sp,61042,8775,0.0,0.32016,0.61667
sp,71811,56067,6077.6,0.26621,0.65054
sp,71838,174354,0.0,0.28730,0.60151
sp,71854,2586,0.0,0.43935,0.50902
sp,71870,11979,0.0,0.48041,0.47228
sp,71897,4794,0.0,0.34421,0.58514
sp,71919,22002,0.0,0.24644,0.66529
sp,71935,1788,0.0,0.37857,0.54706
sp,62049,1883,0.0,0.26112,0.67177
sp,71951,5020,0.0,0.22548,0.71147
sp,62448,1243,0.0,0.46005,0.45770
sp,71978,22451,0.0,0.29640,0.60350
sp,71994,3797,0.0,0.33253,0.60642
sp,61620,4114,0.0,0.25385,0.67676
sp,72036,8046,0.0,0.28478,0.64634
sp,72010,34365,0.0,0.24017,0.68559
sp,72052,1244,0.0,0.28710,0.65760
sp,72079,1419,0.0,0.45281,0.47693
sp,61468,3279,0.0,0.38430,0.55618
sp,72095,56014,0.0,0.33001,0.59496
sp,72117,2883,0.0,0.35083,0.59982
sp,72133,6041,0.0,0.32081,0.60128
sp,72150,1293,0.0,0.36217,0.58726
sp,72192,1176,0.0,0.26298,0.67071
sp,72214,7958,0.0,0.24106,0.70552
sp,72176,5286,0.0,0.30311,0.64334
sp,72230,7811,0.0,0.30143,0.63522
sp,72257,67747,5519.2,0.29285,0.60087
sp,72273,10783,0.0,0.31970,0.62646
sp,61549,4794,0.0,0.27166,0.64508
sp,72311,21897,0.0,0.27469,0.63611
sp,72737,31472,0.0,0.36958,0.51968
sp,72354,5826,0.0,0.30822,0.62733
sp,72370,20593,29275.0,0.26319,0.62458
sp,72397,10191,0.0,0.26635,0.66791
sp,72419,4417,0.0,0.31927,0.61800
sp,62227,1357,0.0,0.35844,0.59031
sp,72435,67184,0.0,0.32761,0.57302
sp,72451,50979,850.5,0.26764,0.66023
sp,72338,62454,0.0,0.34090,0.56198
sp,61921,1860,0.0,0.32223,0.62716
sp,61077,4499,0.0,0.30434,0.61274
sp,61093,0,10281.1,0.22605,0.69600
sp,70190,3807,0.0,0.27603,0.65695
sp,61115,3215,0.0,0.28121,0.63583
sp,61239,2739,0.0,0.28578,0.66381
sp,61255,13595,0.0,0.32562,0.60628
sp,61271,1891,0.0,0.40611,0.53263
sp,67776,1839,0.0,0.29179,0.62868
to,73008,1972,0.0,0.46443,0.49600
to,73512,3048,0.0,0.54013,0.40581
to,96954,3292,0.0,0.43769,0.50534
to,92070,4300,0.0,0.57216,0.36822
to,92134,5975,0.0,0.36215,0.58388
to,92193,6118,0.0,0.53679,0.41462
to,73075,2212,0.0,0.48971,0.45017
to,96970,3870,0.0,0.45158,0.49825
to,73334,3519,0.0,0.53409,0.42351
to,92371,3909,0.0,0.53854,0.41363
to,73318,2837,0.0,0.43832,0.51952
to,92436,16965,0.0,0.51260,0.42590
to,92398,5052,0.0,0.23382,0.71085
to,92410,92820,6648.9,0.35459,0.57458
to,92452,3461,0.0,0.47343,0.47759
to,92479,5905,0.0,0.65516,0.29266
to,96857,10464,0.0,0.52741,0.42278
to,92533,2435,0.0,0.54024,0.40040
to,92576,7187,0.0,0.54261,0.42238
to,92592,5394,0.0,0.59492,0.36262
to,73580,2329,0.0,0.38770,0.56453
to,73610,3116,0.0,0.55606,0.40439
to,96997,3930,0.0,0.43643,0.51054
to,92002,2892,0.0,0.39415,0.55466
to,73121,2997,0.0,0.46033,0.49373
to,73245,1597,0.0,0.48128,0.47030
to,92738,3122,229.1,0.46159,0.48041
to,92045,5314,0.0,0.52248,0.43241
to,73067,1618,0.0,0.55627,0.38277
to,73091,5494,0.0,0.51456,0.42678
to,73300,2950,0.0,0.41349,0.53252
to,73326,1899,0.0,0.50857,0.43249
to,73423,2676,0.0,0.57665,0.39059
to,92088,3136,0.0,0.49346,0.45992
to,73210,1528,0.0,0.55533,0.39622
to,73482,2356,0.0,0.65505,0.29817
to,73474,1963,0.0,0.39508,0.54794
to,93114,19520,0.0,0.35173,0.59538
to,95290,4963,245.0,0.33763,0.61528
to,92142,3125,0.0,0.43007,0.50537
to,93130,2568,0.0,0.63693,0.30766
to,93211,3728,0.0,0.53581,0.43068
to,93238,4398,0.0,0.43880,0.50840
to,73555,1422,0.0,0.45929,0.48784
to,73032,3703,0.0,0.52436,0.42722
to,93416,10009,0.0,0.54066,0.39167
to,92185,4465,0.0,0.48883,0.46321
to,93459,3933,0.0,0.52456,0.41979
to,93475,2865,0.0,0.49221,0.44158
to,73296,4057,950.0,0.63981,0.32085
to,96679,3610,0.0,0.39004,0.55157
to,93556,4833,0.0,0.54095,0.41196
to,93653,10805,0.0,0.37266,0.58255
to,96830,2619,0.0,0.39184,0.56031
to,92240,3640,0.0,0.43232,0.51036
to,95338,6988,0.0,0.64186,0.31568
to,96270,14075,0.0,0.38290,0.55652
to,93858,47419,0.0,0.32582,0.60574
to,73598,1557,0.0,0.62135,0.33373
to,94056,4451,0.0,0.56436,0.39282
to,94099,3743,0.0,0.58599,0.37033
to,73202,2749,0.0,0.52587,0.41088
to,94170,2174,0.0,0.46471,0.48752
to,73369,2343,0.0,0.46474,0.49388
to,73253,1808,0.0,0.47960,0.47198
to,73385,8077,0.0,0.40049,0.55438
to,73113,2651,0.0,0.55717,0.39126
to,73407,2773,0.0,0.43379,0.50980
to,73601,1577,0.0,0.52510,0.40416
to,95699,2244,0.0,0.62344,0.33090
to,73520,2093,0.0,0.52747,0.41882
to,92304,2925,0.0,0.44767,0.50579
to,73270,1523,0.0,0.58894,0.36896
to,73059,2778,0.0,0.65054,0.29896
to,94617,11154,0.0,0.52112,0.41371
to,94633,7878,0.0,0.40534,0.54014
to,94692,3920,0.0,0.51596,0.41958
to,73563,1989,0.0,0.35029,0.60065
to,73342,2292,0.0,0.54502,0.41092
to,94811,5088,0.0,0.50497,0.42622
to,94838,3339,0.0,0.63005,0.30474
to,96636,6456,0.0,0.47098,0.48229
to,92401,2333,0.0,0.39337,0.55106
to,94994,3017,219.2,0.46393,0.48780
to,73148,1532,0.0,0.53236,0.40633
to,73172,1745,0.0,0.58815,0.36077
to,73466,1346,0.0,0.47912,0.47236
to,73440,177665,286.6,0.33429,0.58286
to,73083,3419,0.0,0.55373,0.39780
to,73040,3319,0.0,0.53940,0.41312
to,96490,4792,0.0,0.36530,0.57623
to,95214,6059,0.0,0.68299,0.26624
to,95192,25347,2855.8,0.26094,0.68012
to,73261,2807,0.0,0.45847,0.49503
to,95257,8443,0.0,0.40928,0.53592
to,95273,5533,0.0,0.57327,0.37349
to,92487,3528,0.0,0.49614,0.46327
to,95370,2876,0.0,0.51109,0.44367
to,73016,1906,0.0,0.49452,0.44545
to,95478,4564,0.0,0.40690,0.54646
to,95516,2798,0.0,0.57323,0.37061
to,95532,4326,0.0,0.43082,0.51330
to,92509,1977,0.0,0.58934,0.34649
to,95591,37077,248.2,0.43529,0.49654
to,92525,4451,0.0,0.60817,0.34639
to,96296,2243,0.0,0.45757,0.48694
to,73571,1870,0.0,0.38904,0.55921
to,73229,2428,0.0,0.63495,0.32986
to,73024,2856,0.0,0.52856,0.43179
to,73431,1519,0.0,0.57149,0.36820
to,73415,2075,0.0,0.53314,0.41699
to,96792,3375,247.2,0.48205,0.47579
to,92541,2989,0.0,0.61857,0.34430
to,73156,2672,0.0,0.38799,0.56033
to,73350,4363,0.0,0.48904,0.46653
to,73130,2036,0.0,0.45507,0.49899
to,73547,1636,0.0,0.41038,0.52819
to,92584,3224,113.7,0.58990,0.36438
to,92606,2492,0.0,0.41253,0.52544
to,73539,1639,0.0,0.54443,0.38625
to,96598,3886,0.0,0.49687,0.44854
to,73377,1412,0.0,0.43541,0.50338
to,73288,4229,0.0,0.59234,0.35420
to,73105,1497,0.0,0.59556,0.34078
to,73180,8168,0.0,0.54323,0.39949
to,73393,1883,0.0,0.60452,0.33197
to,96032,2624,0.0,0.63638,0.32116
to,92681,3058,0.0,0.60351,0.34489
to,96130,6504,0.0,0.60682,0.34250
to,73199,2382,0.0,0.45939,0.48131
to,96156,8347,0.0,0.54041,0.40479
to,73164,1405,0.0,0.64604,0.29932
to,73504,1869,0.0,0.43173,0.52014
to,96210,12882,0.0,0.60924,0.34124
to,96199,4563,0.0,0.66911,0.29860
to,73458,1449,0.0,0.51103,0.43822
to,73237,1392,0.0,0.56225,0.38403
to,96652,5716,0.0,0.51519,0.43809
to,96431,6861,0.0,0.43068,0.52494
