uf,cd,nome,ibge,ts,st,te,est,vv,tv,vb,vn,hg,v_CLARIANA BARAO,v_EDMILSON COSTA,v_ESCRITOR AUGUSTO CURY,v_FLAVIO BOLSONARO,v_HERTZ DIAS,v_LULA,v_RENAN SANTOS,v_RONALDO CAIADO,v_RUI COSTA PIMENTA,v_SAMARA,v_VETERINÁRIO WILSON GRASSI,v_ZEMA
ac,01120,ACRELÂNDIA,1200013,45,45,10207,10207,7791,8055,56,208,19:04:33,2,0,114,5940,1,1508,85,136,0,2,0,3
ac,01570,ASSIS BRASIL,1200054,28,26,7294,6616,5016,5207,17,174,19:00:03,1,5,108,2953,2,1857,32,45,2,2,1,8
ac,01058,BRASILÉIA,1200104,74,74,19978,19978,15387,15907,135,385,19:17:09,2,6,295,10709,1,3965,200,192,0,2,0,15
ac,01007,BUJARI,1200138,41,41,11152,11152,8308,8657,98,251,19:20:51,3,3,165,5531,3,2394,68,133,2,3,0,3
ac,01015,CAPIXABA,1200179,34,34,8170,8170,6298,6513,56,159,18:56:31,1,2,108,4227,0,1732,77,134,0,1,0,16
ac,01074,CRUZEIRO DO SUL,1200203,256,252,63851,63005,49002,50796,565,1229,19:29:32,11,14,1349,33727,8,12234,913,694,2,17,7,26
ac,01112,EPITACIOLÂNDIA,1200252,54,52,14599,13981,10810,11208,95,303,19:25:16,6,2,196,7815,1,2524,128,120,1,9,0,8
ac,01139,FEIJÓ,1200302,88,87,24197,23854,17034,17880,133,713,19:29:32,6,3,381,9001,1,7248,157,211,2,10,0,14
ac,01104,JORDÃO,1200328,24,24,5999,5999,4299,4514,15,200,19:08:54,1,0,152,1935,0,2147,15,43,0,0,1,5
ac,01554,MANOEL URBANO,1200344,31,31,8602,8602,6432,6717,49,236,19:16:08,3,3,76,3823,1,2415,59,51,0,1,0,0
ac,01040,MARECHAL THAUMATURGO,1200351,47,47,11897,11897,9078,9352,48,226,18:17:46,2,2,189,5369,0,3365,43,102,2,1,0,3
ac,01090,MÂNCIO LIMA,1200336,57,54,14657,13790,10936,11321,92,293,18:59:43,1,2,251,7396,0,3093,119,70,1,2,1,0
ac,01511,PLÁCIDO DE CASTRO,1200385,54,54,12291,12291,9568,9931,64,299,18:49:53,2,1,213,6580,2,2473,120,166,0,5,1,5
ac,01023,PORTO ACRE,1200807,60,60,14284,14284,11128,11609,124,357,19:12:39,0,6,228,7926,0,2658,113,169,0,5,1,22
ac,01066,PORTO WALTER,1200393,34,34,8032,8032,6296,6520,49,175,19:07:40,1,1,194,2780,0,3208,48,62,1,1,0,0
ac,01392,RIO BRANCO,1200401,908,888,270174,263771,202028,210523,3046,5449,19:29:32,106,70,7565,128690,44,55211,4713,5033,21,201,23,351
ac,01082,RODRIGUES ALVES,1200427,55,55,12185,12185,9931,10218,69,218,19:14:14,4,1,184,7154,1,2355,77,148,2,1,0,4
ac,01031,SANTA ROSA DO PURUS,1200435,16,16,3927,3927,2742,2884,12,130,18:48:39,1,1,55,1258,0,1384,17,24,0,0,0,2
ac,01457,SENA MADUREIRA,1200500,120,119,30864,30546,23351,24366,254,761,18:59:43,2,5,541,16408,3,5735,348,278,1,15,0,15
ac,01538,SENADOR GUIOMARD,1200450,81,81,18638,18638,14556,15166,180,430,19:02:57,11,2,404,10111,0,3536,195,268,1,18,0,10
ac,01473,TARAUACÁ,1200609,110,100,29970,26803,19361,20328,206,761,19:20:50,35,5,365,11279,0,7196,190,233,0,10,1,47
ac,01490,XAPURI,1200708,53,52,12774,12454,9557,10020,104,359,19:01:07,4,4,136,5891,1,3293,125,96,0,5,0,2
al,27030,ANADIA,2700201,46,46,13090,13090,9441,10144,165,538,19:07:08,3,1,207,2600,3,6524,63,34,0,3,0,3
al,27057,ARAPIRACA,2700300,446,357,158990,124488,98173,103351,1671,3507,19:30:16,40,14,3144,47170,26,45267,1700,677,5,66,7,57
al,27073,ATALAIA,2700409,113,79,32403,21491,15886,17024,312,826,19:23:32,4,1,318,6355,5,8868,196,127,0,9,1,2
al,27090,BARRA DE SANTO ANTÔNIO,2700508,41,9,14944,3263,2328,2479,44,107,19:29:36,1,1,67,1039,0,1179,29,12,0,0,0,0
al,27111,BARRA DE SÃO MIGUEL,2700607,27,25,8063,7569,6002,6356,118,236,19:04:34,4,0,148,3023,1,2686,73,57,0,3,2,5
al,27138,BATALHA,2700706,36,17,13574,6331,4724,5032,52,256,19:32:21,2,1,93,1730,2,2837,37,21,0,0,0,1
al,27170,BELO MONTE,2700904,16,9,6030,3304,2506,2652,35,111,19:20:55,0,0,55,701,0,1718,14,17,0,0,0,1
al,27154,BELÉM,2700805,20,18,5054,4463,3187,3445,63,195,19:16:10,1,0,79,906,0,2153,28,13,0,2,0,5
al,27197,BOCA DA MATA,2701001,59,59,19738,19738,14070,14998,270,658,19:23:21,5,3,253,5779,0,7804,146,62,0,6,2,10
al,27219,BRANQUINHA,2701100,26,25,9119,8762,5947,6430,102,381,19:32:21,0,2,81,1798,0,3957,77,27,0,1,0,4
al,27235,CACIMBINHAS,2701209,24,15,8774,5285,3580,3853,42,231,19:20:53,0,0,39,1019,0,2483,26,12,0,0,0,1
al,27251,CAJUEIRO,2701308,42,34,14474,11770,8286,8932,120,526,19:14:15,3,1,155,2560,3,5383,115,57,0,3,0,6
al,27081,CAMPESTRE,2701357,17,17,6077,6077,4242,4586,87,257,20:05:01,1,1,111,1276,0,2798,44,9,1,1,0,0
al,27278,CAMPO ALEGRE,2701407,78,50,27042,17853,12640,13429,188,601,19:29:35,0,2,222,4108,1,8107,151,39,0,5,2,3
al,27294,CAMPO GRANDE,2701506,26,25,9154,8760,6352,6830,119,359,19:29:51,0,0,148,1648,1,4443,75,33,0,1,1,2
al,27316,CANAPI,2701605,53,53,14793,14793,10380,11069,122,567,19:20:53,0,0,219,2051,2,8006,73,16,1,10,1,1
al,27332,CAPELA,2701704,46,41,12900,11545,8534,9185,144,507,19:13:17,6,0,158,3346,3,4856,100,56,0,2,1,6
al,27359,CARNEIROS,2701803,23,13,7751,4330,3086,3312,36,190,20:03:59,0,1,60,620,1,2354,34,14,1,1,0,0
al,27375,CHÃ PRETA,2701902,23,23,6923,6923,5085,5483,56,342,19:01:36,0,1,119,1422,1,3457,67,14,0,1,0,3
al,27391,COITÉ DO NÓIA,2702009,30,13,9481,3936,2861,3072,42,169,19:07:08,0,0,66,632,0,2120,34,8,0,1,0,0
al,27413,COLÔNIA LEOPOLDINA,2702108,55,55,15416,15416,10822,11624,207,595,18:49:56,17,2,170,5068,2,5409,97,47,1,3,0,6
al,27430,COQUEIRO SECO,2702207,17,14,5554,4353,3397,3629,69,163,19:32:20,1,0,107,1428,2,1765,55,36,0,1,1,1
al,27456,CORURIPE,2702306,122,69,41885,22757,16401,17620,385,834,20:01:57,4,5,378,8505,4,7205,186,95,0,8,4,7
al,28894,CRAÍBAS,2702355,59,37,21887,13478,10219,10858,166,473,19:29:34,2,2,295,2659,2,7096,118,37,3,1,2,2
al,27472,DELMIRO GOUVEIA,2702405,151,128,41407,33404,24690,26014,318,1006,19:23:21,5,3,424,4595,4,19133,406,98,2,8,4,8
al,27499,DOIS RIACHOS,2702504,27,15,9497,4957,3332,3574,32,210,19:20:53,0,0,46,978,2,2253,35,16,0,1,0,1
al,27049,ESTRELA DE ALAGOAS,2702553,41,32,13040,9904,6628,7213,103,482,19:16:54,0,0,104,1260,2,5158,67,30,0,3,2,2
al,27510,FEIRA GRANDE,2702603,53,35,19459,12713,9529,10246,164,553,19:32:21,1,1,229,2196,2,6969,85,39,0,3,1,3
al,27537,FELIZ DESERTO,2702702,11,11,3975,3975,2766,3004,59,179,19:22:09,1,0,50,1030,0,1653,25,6,0,0,0,1
al,27553,FLEXEIRAS,2702801,26,0,8538,0,0,0,0,0,20:14:06,0,0,0,0,0,0,0,0,0,0,0,0
al,27570,GIRAU DO PONCIANO,2702900,76,13,28504,4187,3149,3339,63,127,19:29:34,0,0,44,494,0,2566,36,9,0,0,0,0
al,27596,IBATEGUARA,2703007,33,31,11536,10765,7505,8162,173,484,19:16:54,20,1,122,2866,2,4382,67,38,0,5,0,2
al,27618,IGACI,2703106,82,58,20525,14613,10170,10918,168,580,19:29:35,1,2,231,2349,1,7379,131,64,0,5,3,4
al,27634,IGREJA NOVA,2703205,55,24,17729,7188,5229,5630,126,275,19:20:55,2,0,110,1598,0,3428,59,28,0,0,2,2
al,27650,INHAPI,2703304,43,13,14561,4009,2734,2966,54,178,19:13:17,0,0,45,391,1,2267,20,9,0,0,0,1
al,27677,JACARÉ DOS HOMENS,2703403,14,3,5258,1158,903,930,3,24,18:59:05,1,0,13,211,0,669,7,2,0,0,0,0
al,27693,JACUÍPE,2703502,17,17,6044,6044,4709,4980,75,196,19:22:32,1,0,97,1434,1,3113,48,12,0,3,0,0
al,27715,JAPARATINGA,2703601,27,17,9190,5539,4221,4499,70,208,20:01:57,1,0,62,2244,1,1843,42,23,0,1,1,3
al,27731,JARAMATAIA,2703700,16,14,5223,4501,3506,3721,34,181,19:22:09,0,0,62,849,1,2557,19,18,0,0,0,0
al,27065,JEQUIÁ DA PRAIA,2703759,24,24,8245,8245,6244,6618,92,282,19:13:17,1,0,175,2915,1,3053,66,30,0,3,0,0
al,27758,JOAQUIM GOMES,2703809,53,52,15470,15080,10837,11713,138,738,20:04:50,4,2,154,3398,1,7124,99,49,0,6,0,0
al,27774,JUNDIÁ,2703908,14,14,4851,4851,3561,3815,36,218,19:20:54,0,1,63,1399,1,2027,37,29,0,4,0,0
al,27790,JUNQUEIRO,2704005,63,39,20177,11847,8857,9479,162,460,19:25:17,4,7,274,3488,0,4882,129,52,0,17,0,4
al,27812,LAGOA DA CANOA,2704104,46,37,17008,13714,10101,10828,179,548,19:29:35,3,0,188,3201,6,6529,124,41,0,6,0,3
al,27839,LIMOEIRO DE ANADIA,2704203,64,58,20414,18394,13626,14597,185,786,19:29:36,1,0,220,3834,1,9412,108,40,0,3,1,6
al,27855,MACEIÓ,2704302,1661,476,646463,169553,133797,140746,2491,4458,19:31:12,70,18,3677,70983,37,53975,2707,1889,20,182,33,206
al,27871,MAJOR ISIDORO,2704401,46,32,15675,10338,7540,8091,106,445,19:29:35,0,0,108,2666,2,4679,53,24,0,1,2,5
al,27979,MAR VERMELHO,2704906,11,10,3653,3305,2595,2783,37,151,19:24:38,0,0,49,731,1,1751,32,27,2,2,0,0
al,27898,MARAGOGI,2704500,69,30,26019,10880,7889,8375,161,325,19:20:55,0,3,168,4422,0,3162,100,27,0,4,0,3
al,27910,MARAVILHA,2704609,26,4,8963,1280,905,972,20,47,19:00:38,0,0,26,236,1,628,9,4,0,0,1,0
al,27936,MARECHAL DEODORO,2704708,142,91,47095,28690,21928,23424,471,1025,20:04:49,5,4,569,11755,5,9008,321,228,0,16,4,13
al,27952,MARIBONDO,2704807,37,23,11142,6285,4754,5135,68,313,18:33:15,1,2,79,1718,2,2863,52,30,1,1,0,5
al,27995,MATA GRANDE,2705002,63,62,18418,18083,12480,13380,169,731,19:29:35,0,1,156,2280,2,9892,106,37,0,4,0,2
al,28010,MATRIZ DE CAMARAGIBE,2705101,53,0,18656,0,0,0,0,0,20:14:04,0,0,0,0,0,0,0,0,0,0,0,0
al,28037,MESSIAS,2705200,39,17,14073,5977,4427,4788,89,272,19:22:33,5,0,64,1799,1,2487,43,25,0,2,0,1
al,28053,MINADOR DO NEGRÃO,2705309,18,8,5111,2171,1537,1683,23,123,19:29:35,0,2,29,469,0,1015,11,10,0,0,0,1
al,28070,MONTEIRÓPOLIS,2705408,19,19,6417,6417,4686,5028,67,275,19:29:35,1,0,136,1141,2,3332,44,24,1,2,0,3
al,28096,MURICI,2705507,63,63,20644,20644,15142,16611,433,1036,19:29:52,2,6,229,5628,3,8996,193,74,0,4,0,7
al,28118,NOVO LINO,2705606,30,0,10016,0,0,0,0,0,20:14:05,0,0,0,0,0,0,0,0,0,0,0,0
al,28134,OLHO D'ÁGUA DAS FLORES,2705705,47,21,16240,7269,5237,5574,67,270,19:29:36,0,0,105,1972,1,3071,49,33,0,4,0,2
al,28150,OLHO D'ÁGUA DO CASADO,2705804,21,4,7631,1531,1089,1160,17,54,19:31:12,1,0,19,160,0,889,16,4,0,0,0,0
al,28177,OLHO D'ÁGUA GRANDE,2705903,15,11,5133,3707,2729,2887,31,127,19:25:18,0,0,57,669,0,1959,35,9,0,0,0,0
al,28193,OLIVENÇA,2706000,38,30,10337,7617,5869,6281,64,348,19:14:34,0,1,135,1749,0,3868,78,30,1,4,0,3
al,28215,OURO BRANCO,2706109,27,6,10029,2192,1626,1714,16,72,19:31:12,1,0,55,412,0,1129,21,7,0,1,0,0
al,28231,PALESTINA,2706208,14,12,4992,4238,2994,3164,47,123,19:24:39,0,0,86,643,3,2227,19,15,0,1,0,0
al,28258,PALMEIRA DOS ÍNDIOS,2706307,170,53,54544,15113,11485,12187,210,492,19:31:51,6,5,251,4219,3,6700,187,98,2,6,1,7
al,27022,PARICONHA,2706422,29,24,9772,8034,5797,6086,45,244,19:22:33,0,0,63,527,3,5115,71,16,0,1,0,1
al,27006,PARIPUEIRA,2706448,33,15,12721,5704,4299,4535,86,150,19:22:09,3,4,113,2265,1,1776,87,43,0,4,2,1
al,28290,PASSO DE CAMARAGIBE,2706505,38,36,12513,11750,9072,9656,187,397,19:22:09,2,0,157,4001,0,4807,60,39,1,4,1,0
al,28312,PAULO JACINTO,2706604,26,26,6620,6620,5071,5466,93,302,18:50:12,0,2,125,1472,3,3368,57,40,0,2,0,2
al,28339,PENEDO,2706703,138,59,44742,17799,13319,14032,240,473,19:17:09,0,0,412,4946,3,7682,172,91,0,10,0,3
al,28355,PIAÇABUÇU,2706802,44,43,13930,13541,10030,10650,162,458,19:29:36,2,2,219,3409,3,6242,94,54,0,1,2,2
al,28371,PILAR,2706901,84,33,29494,10861,8382,8889,153,354,19:07:07,2,3,163,3777,2,4288,85,52,0,3,1,6
al,28398,PINDOBA,2707008,8,8,2895,2895,2276,2407,14,117,19:29:36,0,0,29,827,0,1393,16,10,0,1,0,0
al,28410,PIRANHAS,2707107,56,19,20101,6355,4694,4929,27,208,19:29:36,6,0,97,766,0,3741,76,5,0,1,1,1
al,28452,PORTO CALVO,2707305,69,66,21598,20465,15271,16309,288,750,19:31:12,5,2,267,8216,4,6564,115,79,1,11,6,1
al,28479,PORTO DE PEDRAS,2707404,23,0,8457,0,0,0,0,0,20:14:05,0,0,0,0,0,0,0,0,0,0,0,0
al,28495,PORTO REAL DO COLÉGIO,2707503,53,20,17563,6602,5023,5309,98,188,19:29:36,0,0,88,1369,0,3463,71,28,0,3,0,1
al,28436,POÇO DAS TRINCHEIRAS,2707206,34,22,11257,6897,4999,5396,93,304,20:04:50,4,0,134,932,0,3846,49,29,0,4,0,1
al,28274,PÃO DE AÇÚCAR,2706406,64,42,18843,11672,8349,8853,118,386,19:29:36,0,0,151,1928,0,6106,104,55,0,1,0,4
al,28517,QUEBRANGULO,2707602,37,37,10425,10425,7774,8276,84,418,19:20:54,2,0,89,2236,0,5305,87,48,0,2,3,2
al,28533,RIO LARGO,2707701,205,154,68061,49481,39225,41757,980,1552,19:30:16,15,2,950,18179,6,19019,665,324,1,36,4,24
al,28550,ROTEIRO,2707800,17,15,5776,5038,3670,3909,59,180,19:08:19,0,1,60,1408,0,2137,42,18,0,2,0,2
al,28576,SANTA LUZIA DO NORTE,2707909,18,18,6471,6471,5078,5375,80,217,19:20:54,0,0,140,1928,2,2912,59,30,0,5,0,2
al,28592,SANTANA DO IPANEMA,2708006,115,93,33109,26040,19764,20997,300,933,19:20:54,6,2,573,5900,4,12859,300,95,0,9,3,13
al,28614,SANTANA DO MUNDAÚ,2708105,28,28,9415,9415,6773,7203,109,321,19:29:36,1,0,148,1753,1,4749,79,37,0,2,1,2
al,28770,SATUBA,2708907,41,41,15433,15433,12524,13147,228,395,19:29:35,5,2,308,6429,5,5435,219,101,1,10,2,7
al,28916,SENADOR RUI PALMEIRA,2708956,30,17,9681,5367,3855,4093,38,200,19:16:54,1,0,74,819,2,2903,40,15,0,0,0,1
al,28630,SÃO BRÁS,2708204,23,14,7353,4724,3585,3777,78,114,19:29:35,1,0,78,1012,1,2426,43,18,0,2,2,2
al,28657,SÃO JOSÉ DA LAJE,2708303,50,44,17824,15456,10918,11786,248,620,19:22:09,7,4,217,4222,8,6246,125,72,0,9,3,5
al,28673,SÃO JOSÉ DA TAPERA,2708402,64,32,23495,11537,8065,8608,116,427,19:29:34,1,3,257,1971,4,5654,107,62,0,3,0,3
al,28690,SÃO LUÍS DO QUITUNDE,2708501,71,56,23573,17785,12693,13693,268,732,19:15:23,1,1,214,6186,4,6094,125,59,0,6,0,3
al,28711,SÃO MIGUEL DOS CAMPOS,2708600,137,91,43051,25731,19456,20749,387,906,19:25:18,7,3,442,9847,1,8696,272,163,0,15,1,9
al,28738,SÃO MIGUEL DOS MILAGRES,2708709,22,0,8255,0,0,0,0,0,20:14:04,0,0,0,0,0,0,0,0,0,0,0,0
al,28754,SÃO SEBASTIÃO,2708808,74,35,27082,12495,9275,9888,163,450,19:31:12,0,2,206,2590,0,6291,135,42,0,5,0,4
al,28797,TANQUE D'ARCA,2709004,19,19,6000,6000,4216,4541,60,265,19:13:27,1,0,81,982,1,3097,33,17,0,2,0,2
al,28819,TAQUARANA,2709103,54,54,15528,15528,11408,12301,179,714,19:25:18,2,1,162,2862,6,8217,106,42,1,6,0,3
al,28932,TEOTÔNIO VILELA,2709152,89,24,31106,8184,5800,6191,95,296,19:20:54,0,3,170,2106,0,3400,65,46,1,2,3,4
al,28835,TRAIPU,2709202,72,72,19176,19176,13587,14722,169,966,19:17:10,7,1,198,3046,0,10086,149,83,1,6,0,10
al,28851,UNIÃO DOS PALMARES,2709301,140,76,48373,23839,17853,18988,264,871,19:23:21,6,6,319,6941,2,10185,241,122,1,18,2,10
al,28878,VIÇOSA,2709400,60,29,20902,9854,7462,7929,110,357,19:20:54,1,1,133,2665,0,4502,96,48,0,8,2,6
al,27014,ÁGUA BRANCA,2700102,46,26,16513,9286,6068,6528,78,382,19:29:34,0,1,73,633,2,5277,56,21,0,0,2,3
ap,06017,AMAPÁ,1600105,27,25,7523,6920,5588,5724,50,86,19:20:52,2,1,232,2140,0,3036,96,74,2,2,0,3
ap,06033,CALÇOENE,1600204,30,30,8907,8907,6869,7009,51,89,19:20:52,0,0,306,2832,0,3476,132,115,0,2,1,5
ap,06068,CUTIAS,1600212,23,23,6300,6300,5092,5191,34,65,19:29:32,0,2,190,2125,0,2645,55,71,0,4,0,0
ap,06114,FERREIRA GOMES,1600238,26,26,7861,7861,6117,6260,40,103,19:07:37,0,0,230,2889,4,2788,120,76,0,4,0,6
ap,06041,ITAUBAL,1600253,31,31,8881,8881,7228,7354,45,81,19:07:36,1,0,265,3107,0,3646,86,115,1,2,1,4
ap,06130,LARANJAL DO JARI,1600279,106,104,28170,27436,20022,20567,173,372,19:29:32,5,2,607,8155,2,10475,473,277,1,17,0,8
ap,06050,MACAPÁ,1600303,1027,795,321597,237303,195010,200056,2109,2937,20:01:56,120,26,8793,91335,79,84970,5054,4110,23,291,26,183
ap,06076,MAZAGÃO,1600402,90,87,22212,21253,17931,18252,82,239,19:16:07,5,0,589,6189,2,10612,299,224,2,7,0,2
ap,06092,OIAPOQUE,1600501,91,91,24220,24220,16941,17516,204,371,19:11:04,7,2,457,6109,1,9792,313,236,6,8,2,8
ap,06084,PEDRA BRANCA DO AMAPARI,1600154,31,31,9909,9909,6951,7119,58,110,19:30:43,3,3,237,3026,2,3492,86,92,0,3,1,6
ap,06025,PORTO GRANDE,1600535,45,39,15533,13276,10327,10601,73,201,19:26:01,3,1,410,4522,3,4984,243,144,0,10,0,7
ap,06009,PRACUÚBA,1600550,16,16,4022,4022,3265,3313,13,35,19:16:08,2,3,108,1469,0,1612,32,35,0,1,0,3
ap,06157,SANTANA,1600600,274,211,85900,64552,53609,54964,498,857,20:01:56,29,4,2463,27004,5,21656,1586,776,5,47,6,28
ap,06106,SERRA DO NAVIO,1600055,12,12,4111,4111,2971,3040,21,48,19:13:43,1,0,116,1693,2,1054,55,46,0,1,0,3
ap,06173,TARTARUGALZINHO,1600709,44,39,11437,9699,7676,7877,53,148,19:31:49,3,1,177,3219,0,4050,135,86,1,3,0,1
ap,06122,VITÓRIA DO JARI,1600808,41,40,10405,10013,7608,7769,36,125,18:57:30,2,0,168,2567,0,4645,138,78,1,6,1,2
am,02895,ALVARÃES,1300029,34,18,12444,6582,5074,5146,10,62,19:28:51,0,0,168,1422,0,3380,68,35,0,0,0,1
am,02917,AMATURÁ,1300060,23,12,7522,3613,2888,2957,12,57,19:20:54,0,0,46,885,1,1899,23,33,0,0,0,1
am,02933,ANAMÃ,1300086,25,11,9177,4085,2978,3036,16,42,19:25:18,0,0,61,910,1,1963,18,24,0,0,0,1
am,02038,ANORI,1300102,31,26,11109,9143,7070,7208,45,93,19:29:35,2,0,196,2884,0,3803,100,80,0,2,0,3
am,02003,APUÍ,1300144,32,22,11540,7703,5548,5641,27,66,20:01:58,0,0,141,3979,0,1305,62,57,0,0,0,4
am,02054,ATALAIA DO NORTE,1300201,32,31,9508,9146,6525,6670,24,121,19:20:53,0,0,64,1731,1,4571,54,102,0,2,0,0
am,02070,AUTAZES,1300300,103,58,32340,19192,13671,14077,101,305,19:29:35,0,1,418,5730,0,7214,193,108,0,3,0,4
am,02097,BARCELOS,1300409,36,26,12648,8873,5399,5554,18,137,19:12:56,1,0,164,2133,2,2977,69,51,0,1,1,0
am,02119,BARREIRINHA,1300508,68,7,22727,1816,1450,1472,5,17,19:12:40,0,0,16,120,0,1300,7,7,0,0,0,0
am,02135,BENJAMIN CONSTANT,1300607,76,41,24218,12616,10129,10350,56,165,19:20:54,2,0,242,2292,0,7410,103,73,0,2,1,4
am,02950,BERURI,1300631,44,27,15139,8517,6377,6480,24,79,19:29:36,0,1,71,2225,1,3959,47,72,0,1,0,0
am,02976,BOA VISTA DO RAMOS,1300680,43,35,13666,11132,8457,8590,26,107,19:30:17,1,1,167,1151,1,6990,83,60,0,1,0,2
am,02151,BOCA DO ACRE,1300706,68,54,23223,17935,13233,13659,109,317,20:05:02,5,0,249,7748,1,4919,126,181,0,2,0,2
am,02178,BORBA,1300805,76,62,24462,18949,14430,14750,67,253,20:05:02,4,2,329,3535,0,10350,117,90,0,0,0,3
am,02992,CAAPIRANGA,1300839,26,24,9486,8734,6354,6509,34,121,20:04:49,1,2,179,2134,1,3946,46,42,0,1,0,2
am,02194,CANUTAMA,1300904,34,28,10740,8436,6099,6272,34,139,19:20:54,2,0,165,2728,0,3035,54,109,0,3,0,3
am,02216,CARAUARI,1301001,76,51,20927,12585,8680,8954,56,218,19:32:21,2,1,248,2339,0,5818,126,144,0,1,1,0
am,02232,CAREIRO,1301100,97,75,27452,20484,14528,14984,103,353,19:20:53,0,7,498,5533,1,8012,227,224,1,10,4,11
am,02046,CAREIRO DA VÁRZEA,1301159,63,46,18436,12976,9663,9871,68,140,19:24:40,4,2,225,3686,1,5511,77,148,0,6,0,3
am,02259,COARI,1301209,161,111,51479,34552,24865,25367,113,389,20:05:02,8,2,507,8924,1,14973,245,190,0,7,2,6
am,02275,CODAJÁS,1301308,54,39,17092,11929,9078,9255,34,143,19:31:04,1,0,220,3549,1,5114,118,68,2,3,1,1
am,02291,EIRUNEPÉ,1301407,65,64,22838,22376,14659,15299,179,461,19:30:35,2,5,512,5219,2,8520,103,291,0,0,1,4
am,02313,ENVIRA,1301506,35,35,10870,10870,7513,7840,53,274,19:25:18,2,1,437,2465,0,4354,86,159,0,1,1,7
am,02330,FONTE BOA,1301605,54,31,17120,8795,6707,6848,22,119,19:30:17,0,1,123,1655,1,4837,38,52,0,0,0,0
am,02020,GUAJARÁ,1301654,38,34,12171,10526,7718,7983,60,205,19:25:18,1,2,191,4670,0,2725,53,72,0,3,1,0
am,02356,HUMAITÁ,1301704,106,80,34907,24906,19300,19719,118,301,19:29:36,0,2,576,10398,3,7817,252,222,1,16,1,12
am,02399,IPIXUNA,1301803,36,28,11575,8629,6154,6372,74,144,19:31:51,0,0,102,2602,0,3290,42,117,0,0,0,1
am,98353,IRANDUBA,1301852,205,146,45948,34963,27946,28676,270,460,19:22:33,18,2,932,12315,3,13875,409,349,1,23,2,17
am,02410,ITACOATIARA,1301902,248,188,76067,57143,42756,43730,352,622,20:03:59,13,2,1364,15457,6,24885,550,438,0,20,3,18
am,98370,ITAMARATI,1301951,25,25,7343,7343,5375,5529,27,127,19:24:40,0,1,101,1863,0,3274,42,93,0,0,0,1
am,02437,ITAPIRANGA,1302009,30,29,9689,9285,7011,7139,37,91,19:24:40,0,1,174,3026,0,3653,93,54,0,5,1,4
am,02453,JAPURÁ,1302108,17,16,5709,5369,3588,3656,20,48,19:05:34,1,0,136,1711,0,1674,18,46,0,1,0,1
am,02470,JURUÁ,1302207,28,26,7620,6747,4811,4990,34,145,19:29:36,1,0,151,1991,0,2555,38,71,0,2,0,2
am,02496,JUTAÍ,1302306,43,41,15903,15076,10061,10370,42,267,19:32:20,2,0,200,3915,0,5774,68,100,0,1,1,0
am,02518,LÁBREA,1302405,91,33,29351,8218,6148,6259,32,79,19:22:09,0,2,117,2534,0,3345,59,90,0,1,0,0
am,02534,MANACAPURU,1302504,234,117,81115,36469,28209,28882,193,480,19:24:40,10,5,715,11264,0,15535,323,336,1,11,3,6
am,98396,MANAQUIRI,1302553,46,35,15304,11526,8604,8840,46,190,19:25:39,5,0,238,2758,1,5436,69,91,1,4,0,1
am,02550,MANAUS,1302603,4013,3983,1477265,1465590,1173333,1213655,18296,22026,20:01:57,737,163,53269,637395,393,435046,24991,17939,143,1536,240,1481
am,02577,MANICORÉ,1302702,107,83,33789,25288,19547,19919,100,272,19:25:39,3,1,407,8096,2,10659,208,155,2,5,0,9
am,02593,MARAÃ,1302801,32,30,9995,9242,6299,6447,29,119,19:30:35,1,1,117,2103,0,3988,33,50,1,3,0,2
am,02615,MAUÉS,1302900,113,74,38063,23677,17593,17927,66,268,19:29:36,0,2,278,2685,0,14345,182,98,0,3,0,0
am,02631,NHAMUNDÁ,1303007,52,47,15833,14136,10637,10821,40,144,19:30:35,1,1,166,1849,0,8460,78,77,0,2,0,3
am,02658,NOVA OLINDA DO NORTE,1303106,64,42,19945,12901,9805,10054,68,181,19:09:13,1,1,549,2625,1,6406,134,84,1,1,1,1
am,02011,NOVO AIRÃO,1303205,39,39,13332,13332,9497,9758,64,197,19:29:52,2,2,357,4377,1,4507,143,101,0,3,1,3
am,02674,NOVO ARIPUANÃ,1303304,39,18,13283,5346,3939,4025,19,67,19:16:10,0,0,69,1207,0,2593,19,49,0,2,0,0
am,02690,PARINTINS,1303403,235,222,73020,68051,51983,52880,324,573,19:30:35,3,3,1127,9033,4,40671,743,371,0,16,1,11
am,02712,PAUINI,1303502,33,33,11565,11565,8377,8565,28,160,19:20:54,2,0,174,3345,0,4710,51,92,0,1,0,2
am,98418,PRESIDENTE FIGUEIREDO,1303536,90,50,28343,14227,10142,10437,104,191,19:20:54,6,0,456,4960,2,4445,173,87,1,5,3,4
am,98434,RIO PRETO DA EVA,1303569,73,55,23243,16334,12016,12336,119,201,19:14:51,5,2,386,5430,1,5846,174,145,0,16,1,10
am,02372,SANTA ISABEL DO RIO NEGRO,1303601,31,30,9379,9051,6042,6285,25,218,19:15:06,0,0,126,1728,0,4062,53,71,0,2,0,0
am,02739,SANTO ANTÔNIO DO IÇÁ,1303700,51,28,18469,9842,7559,7740,34,147,19:30:35,1,0,178,2560,1,4663,73,77,0,4,0,2
am,02771,SILVES,1304005,33,29,9656,8182,6254,6363,32,77,19:11:43,2,1,168,1353,0,4599,64,58,0,4,0,5
am,02836,SÃO GABRIEL DA CACHOEIRA,1303809,103,99,32420,30963,22554,22848,81,213,18:57:34,3,1,277,4616,2,17249,246,145,0,10,0,5
am,02755,SÃO PAULO DE OLIVENÇA,1303908,62,44,21421,14731,11867,12092,41,184,20:04:49,1,0,294,2473,0,8863,80,152,0,2,1,1
am,98450,SÃO SEBASTIÃO DO UATUMÃ,1303957,23,21,7748,6990,5061,5220,53,106,19:09:13,1,1,142,2266,0,2526,62,59,0,4,0,0
am,98477,TABATINGA,1304062,121,84,40230,27046,20137,20704,214,353,19:29:52,4,8,409,8589,1,10570,284,255,1,3,2,11
am,02798,TAPAUÁ,1304104,41,29,14621,10020,7221,7370,30,119,19:16:10,0,0,167,3619,0,3276,59,99,0,0,0,1
am,02810,TEFÉ,1304203,145,112,49827,37246,29068,29598,150,380,20:05:02,5,4,657,11039,1,16775,302,273,0,5,1,6
am,98515,TONANTINS,1304237,35,33,11653,10903,8657,8815,36,122,20:05:02,0,0,114,1729,0,6709,48,56,0,0,0,1
am,98493,UARINI,1304260,32,27,9798,7788,6081,6213,25,107,19:20:54,0,1,128,2129,1,3725,33,62,1,0,0,1
am,02852,URUCARÁ,1304302,38,27,12648,8542,6214,6357,46,97,19:20:54,0,0,118,1562,1,4435,56,39,1,1,0,1
am,02879,URUCURITUBA,1304401,49,48,14200,13968,10407,10596,57,132,19:29:35,0,0,168,2477,1,7579,99,80,0,1,0,2
ba,33030,ABARÉ,2900207,45,6,14734,1433,1108,1167,17,42,19:22:48,1,2,14,276,0,810,2,3,0,0,0,0
ba,33014,ABAÍRA,2900108,29,22,6761,5006,3590,3915,73,252,19:29:46,1,3,62,1244,0,2169,57,51,0,0,0,3
ba,33057,ACAJUTIBA,2900306,39,31,12019,9415,7146,7599,124,329,19:23:44,3,0,125,1714,0,5088,115,99,0,0,0,2
ba,33065,ADUSTINA,2900355,45,36,12402,9339,7285,7718,90,343,19:21:05,1,1,158,1530,2,5466,74,48,1,1,1,2
ba,33111,AIQUARA,2900603,14,14,4318,4318,3155,3286,43,88,19:15:06,0,0,52,753,0,2315,15,17,0,1,0,2
ba,33138,ALAGOINHAS,2900702,366,340,114417,104572,77669,82938,1938,3331,19:32:26,35,12,2100,22023,33,50742,1311,1252,6,66,6,83
ba,33154,ALCOBAÇA,2900801,57,4,19171,935,714,738,6,18,19:21:03,0,0,7,178,0,520,4,4,0,0,0,1
ba,33170,ALMADINA,2900900,15,15,4923,4923,3733,3844,26,85,19:00:49,1,1,25,719,2,2943,18,22,0,0,0,2
ba,33197,AMARGOSA,2901007,84,45,28384,13708,10326,11055,206,523,19:26:24,3,1,172,3552,5,6363,126,101,1,2,0,0
ba,33219,AMÉLIA RODRIGUES,2901106,64,53,19625,16151,12339,13094,280,475,19:32:26,0,2,271,2450,1,9228,176,188,0,11,3,9
ba,30716,AMÉRICA DOURADA,2901155,42,42,12503,12503,9892,10243,134,217,19:21:07,1,4,160,1902,1,7668,70,83,0,1,0,2
ba,33235,ANAGÉ,2901205,68,49,18704,12603,9711,10132,101,320,19:25:20,1,1,179,2093,0,7222,113,94,0,3,0,5
ba,33251,ANDARAÍ,2901304,37,24,9794,6092,4524,4750,53,173,19:11:53,0,0,67,806,1,3570,44,33,0,3,0,0
ba,33260,ANDORINHA,2901353,44,29,13508,8568,6870,7126,69,187,19:17:21,0,0,140,862,0,5769,59,38,0,1,0,1
ba,33278,ANGICAL,2901403,49,49,12831,12831,10114,10421,78,229,19:21:04,2,1,155,2640,2,7073,95,139,0,2,1,4
ba,33294,ANGUERA,2901502,36,26,10304,6632,5192,5464,89,183,19:15:05,3,0,80,1028,1,3956,40,84,0,0,0,0
ba,33316,ANTAS,2901601,33,25,10594,7849,6036,6313,65,212,19:30:26,1,0,148,1980,0,3799,67,38,0,2,0,1
ba,33332,ANTÔNIO CARDOSO,2901700,38,6,12130,1815,1442,1526,29,55,19:03:58,0,0,20,298,0,1097,8,19,0,0,0,0
ba,33359,ANTÔNIO GONÇALVES,2901809,35,32,8672,7607,5981,6222,70,171,19:23:13,4,2,71,1299,1,4483,55,59,0,4,0,3
ba,33375,APORÁ,2901908,45,4,14198,1001,786,831,9,36,19:29:46,0,0,11,137,0,612,6,18,0,1,0,1
ba,33405,APUAREMA,2901957,18,11,6358,3617,2748,2882,26,108,19:21:03,0,0,86,870,0,1741,24,24,0,0,0,3
ba,33391,ARACATU,2902005,43,30,12568,8085,6437,6711,101,173,19:22:47,0,0,114,1397,1,4795,51,73,1,2,0,3
ba,33413,ARACI,2902104,131,48,40272,14450,11149,11648,149,350,19:32:04,1,1,301,2185,1,8436,119,99,0,3,0,3
ba,33430,ARAMARI,2902203,35,35,9785,9785,7252,7691,132,307,19:29:48,1,2,115,1026,0,6003,44,56,0,2,0,3
ba,30732,ARATACA,2902252,24,24,6559,6559,4728,4935,41,166,19:13:38,2,0,72,1388,0,3188,45,30,0,1,1,1
ba,33456,ARATUÍPE,2902302,28,28,8424,8424,6297,6657,135,225,19:29:46,1,2,111,1325,2,4711,45,97,0,1,0,2
ba,33383,ARAÇÁS,2902054,30,30,10800,10800,7855,8266,127,284,19:21:03,1,3,109,1239,1,6357,84,55,1,1,1,3
ba,33472,AURELINO LEAL,2902401,34,34,9612,9612,6869,7219,95,255,19:08:46,2,3,179,1927,4,4612,61,73,0,4,2,2
ba,33499,BAIANÓPOLIS,2902500,45,44,12451,12046,9359,9811,146,306,19:25:19,0,4,202,3217,1,5723,64,140,0,0,0,8
ba,33510,BAIXA GRANDE,2902609,56,50,15480,13581,10042,10714,200,472,19:21:05,2,2,135,2721,0,6981,93,98,0,5,0,5
ba,33529,BANZAÊ,2902658,42,40,10902,10186,7884,8194,95,215,19:30:51,1,0,148,1705,0,5868,77,78,1,3,1,2
ba,33537,BARRA,2902708,139,114,37117,29953,22655,23520,218,647,19:29:48,2,0,337,4660,2,17256,198,183,4,3,1,9
ba,33553,BARRA DA ESTIVA,2902807,67,34,21065,9380,7798,8295,180,317,19:29:48,0,0,193,2562,1,4874,111,48,0,3,0,6
ba,33570,BARRA DO CHOÇA,2902906,110,110,28911,28911,21975,23288,369,944,19:17:21,3,2,590,5298,6,15560,264,226,2,7,0,17
ba,33596,BARRA DO MENDES,2903003,57,54,12115,11012,8612,9002,99,291,19:10:30,1,0,208,1053,2,7204,88,53,0,2,0,1
ba,33618,BARRA DO ROCHA,2903102,14,14,4427,4427,3123,3250,33,94,18:57:41,1,0,67,983,1,1994,28,44,0,0,0,5
ba,33634,BARREIRAS,2903201,325,215,109227,70960,56618,58507,755,1134,19:32:26,8,3,1386,27090,13,26061,1097,878,3,29,2,48
ba,30759,BARRO ALTO,2903235,41,35,11523,9777,7702,8024,105,217,19:21:03,0,1,254,1736,0,5550,79,69,0,3,0,10
ba,33650,BARRO PRETO,2903300,21,21,5763,5763,4273,4531,72,186,19:21:03,0,0,96,1109,0,2978,42,41,0,4,0,3
ba,30775,BARROCAS,2903276,52,26,14895,7553,5989,6276,94,193,19:24:46,0,0,156,1213,6,4465,88,57,0,2,0,2
ba,33677,BELMONTE,2903409,55,40,14778,10563,7819,8204,118,267,20:02:10,1,1,122,2405,1,5086,99,86,3,4,1,10
ba,33693,BELO CAMPO,2903508,58,41,15726,10746,8255,8659,139,265,19:29:47,3,2,154,2465,4,5391,137,92,1,3,0,3
ba,33715,BIRITINGA,2903607,43,15,13259,4364,3316,3520,51,153,19:29:48,0,0,50,498,0,2707,23,38,0,0,0,0
ba,33731,BOA NOVA,2903706,48,44,13066,11677,8054,8544,125,365,19:22:48,0,1,150,1296,2,6405,111,75,1,7,2,4
ba,33758,BOA VISTA DO TUPIM,2903805,51,38,14089,9933,7344,7824,83,397,19:21:04,0,2,94,2291,3,4794,51,100,0,4,3,2
ba,33774,BOM JESUS DA LAPA,2903904,160,83,48946,23573,18634,19415,285,496,19:29:45,4,2,366,4626,3,13206,236,175,0,6,0,10
ba,33782,BOM JESUS DA SERRA,2903953,32,0,9372,0,0,0,0,0,20:14:08,0,0,0,0,0,0,0,0,0,0,0,0
ba,33790,BONINAL,2904001,45,34,10945,8144,5977,6357,118,262,19:32:04,0,0,83,1701,0,4096,46,41,2,4,0,4
ba,33804,BONITO,2904050,42,29,12270,8138,6397,6739,111,231,19:14:08,1,1,165,1276,1,4805,71,75,0,1,0,1
ba,33812,BOQUIRA,2904100,69,45,16616,10652,7881,8254,73,300,19:29:45,1,0,101,1005,0,6652,78,42,0,0,0,2
ba,33839,BOTUPORÃ,2904209,35,23,9465,5783,4258,4521,61,202,19:30:25,3,2,74,920,0,3132,78,47,0,1,0,1
ba,33871,BREJOLÂNDIA,2904407,31,14,8415,3662,2683,2812,57,72,19:21:04,0,0,34,1115,1,1475,29,28,0,1,0,0
ba,33855,BREJÕES,2904308,37,32,10919,9380,7086,7507,150,271,19:16:54,0,2,105,1826,1,4999,62,84,0,3,0,4
ba,33898,BROTAS DE MACAÚBAS,2904506,38,28,9505,7108,5554,5848,72,222,19:30:27,2,3,97,1420,1,3866,106,53,0,3,0,3
ba,33910,BRUMADO,2904605,173,153,53467,46504,37066,38984,607,1311,19:32:26,7,3,871,11726,6,23462,576,378,6,10,2,19
ba,33936,BUERAREMA,2904704,42,42,13021,13021,9278,9889,143,468,19:15:30,5,4,141,4796,0,4039,118,153,2,8,1,11
ba,30791,BURITIRAMA,2904753,53,28,15728,7968,6024,6287,39,224,19:22:23,2,0,93,1511,2,4308,53,51,0,2,1,1
ba,33952,CAATIBA,2904803,23,23,5851,5851,4438,4650,45,167,18:44:48,0,0,103,1522,0,2687,53,67,0,3,0,3
ba,33960,CABACEIRAS DO PARAGUAÇU,2904852,46,22,14433,6847,5257,5491,81,153,19:21:04,0,0,87,922,0,4143,28,73,0,1,0,3
ba,33979,CACHOEIRA,2904902,85,71,26041,20818,16011,16794,269,514,19:29:48,1,5,281,2900,5,12411,177,210,0,8,1,12
ba,33995,CACULÉ,2905008,61,53,18021,15228,12098,12773,210,465,19:32:05,1,4,266,3723,3,7780,182,123,0,4,0,12
ba,34010,CAEM,2905107,28,5,8150,1417,1076,1115,4,35,19:23:44,0,0,5,113,0,944,4,10,0,0,0,0
ba,34029,CAETANOS,2905156,34,24,11192,7565,5570,5763,53,140,19:29:47,0,0,85,761,0,4665,25,32,0,0,0,2
ba,34037,CAETITÉ,2905206,139,108,42181,32718,25896,27313,384,1033,19:31:17,3,2,763,6543,7,17814,418,314,1,9,0,22
ba,34053,CAFARNAUM,2905305,49,44,14513,13073,10123,10764,221,420,20:02:10,3,2,207,3003,1,6691,78,128,1,3,1,5
ba,34070,CAIRU,2905404,46,23,15480,7432,5462,5791,109,220,19:25:53,2,0,154,1993,2,3154,57,91,0,4,0,5
ba,34096,CALDEIRÃO GRANDE,2905503,34,30,10361,8920,6680,7028,84,264,19:24:47,1,1,81,1902,0,4547,67,76,0,1,0,4
ba,34118,CAMACAN,2905602,66,62,17301,15948,11970,12574,151,453,19:22:48,2,2,223,4947,3,6432,192,153,0,7,2,7
ba,34150,CAMAMU,2905800,79,60,24576,18466,13165,14047,227,655,19:25:53,3,2,380,4965,1,7446,100,257,0,3,1,7
ba,34134,CAMAÇARI,2905701,564,196,210762,71089,52992,56845,1401,2452,19:32:26,6,13,1748,16674,11,32424,1063,937,5,48,5,58
ba,34177,CAMPO ALEGRE DE LOURDES,2905909,84,57,23549,15085,11893,12243,67,283,20:02:10,0,1,188,2581,0,8955,108,53,1,1,1,4
ba,34193,CAMPO FORMOSO,2906006,208,155,57975,42990,33463,35557,645,1449,19:32:04,3,9,758,10918,9,20977,374,388,2,12,0,13
ba,34231,CANARANA,2906204,69,49,20021,14293,11110,11585,128,347,19:29:48,2,1,249,2599,0,8060,120,71,0,2,0,6
ba,34258,CANAVIEIRAS,2906303,90,66,25424,18455,12939,13629,190,500,19:30:26,5,1,296,4797,2,7498,158,162,0,9,1,10
ba,34274,CANDEAL,2906402,27,20,7799,5659,4511,4787,65,211,18:59:36,0,0,49,1160,1,3215,25,61,0,0,0,0
ba,34290,CANDEIAS,2906501,192,72,64825,22408,16972,17869,341,556,20:04:38,4,3,494,3502,2,12459,264,219,2,8,0,15
ba,34312,CANDIBA,2906600,36,0,11498,0,0,0,0,0,20:14:09,0,0,0,0,0,0,0,0,0,0,0,0
ba,34355,CANSANÇÃO,2906808,97,29,28890,8219,6516,6750,75,159,19:25:52,0,2,130,1162,0,5149,34,35,0,1,0,3
ba,30856,CANUDOS,2906824,51,42,13077,10571,8413,8740,60,267,19:21:06,1,2,105,1442,3,6736,78,39,0,4,0,3
ba,34215,CANÁPOLIS,2906105,31,21,8772,5466,4316,4490,46,128,19:23:44,1,0,52,918,0,3238,47,59,0,0,1,0
ba,30813,CAPELA DO ALTO ALEGRE,2906857,36,31,9756,8031,6217,6589,115,257,19:29:47,2,1,137,1559,2,4326,70,114,0,3,0,3
ba,30830,CAPIM GROSSO,2906873,75,48,24872,15229,11858,12512,217,437,19:30:26,0,1,292,4230,2,7053,153,117,2,2,2,4
ba,34371,CARAVELAS,2906907,49,40,16260,12890,9219,9678,108,351,19:30:28,2,3,149,2936,3,5916,109,88,2,5,0,6
ba,34363,CARAÍBAS,2906899,24,8,8699,2730,2132,2217,23,62,19:21:08,0,0,58,623,0,1393,38,18,0,0,0,2
ba,34398,CARDEAL DA SILVA,2907004,22,13,8041,4461,3179,3387,64,144,19:21:06,2,1,49,401,0,2695,10,18,0,1,0,2
ba,34410,CARINHANHA,2907103,75,22,22328,6012,4747,4993,43,203,19:32:25,1,1,93,1886,2,2636,73,49,0,1,1,4
ba,34436,CASA NOVA,2907202,185,118,57206,35811,28232,29495,291,972,19:21:06,1,6,708,7323,3,19746,314,121,0,6,0,4
ba,34452,CASTRO ALVES,2907301,80,24,22931,6508,5209,5443,60,174,19:32:05,1,2,90,1122,0,3858,42,91,0,0,0,3
ba,34479,CATOLÂNDIA,2907400,15,0,4177,0,0,0,0,0,20:14:08,0,0,0,0,0,0,0,0,0,0,0,0
ba,34495,CATU,2907509,127,54,41271,16765,12814,13795,393,588,19:11:26,3,3,283,2240,2,9972,163,134,2,6,0,6
ba,34509,CATURAMA,2907558,30,30,7298,7298,5540,5845,107,198,18:42:14,0,0,74,942,0,4386,66,67,1,0,1,3
ba,34517,CENTRAL,2907608,52,41,13497,10435,8296,8635,103,236,19:29:47,1,1,133,1682,3,6324,77,67,0,6,0,2
ba,34533,CHORROCHÓ,2907707,31,10,9081,2808,2213,2280,14,53,19:21:06,0,0,32,381,0,1775,8,17,0,0,0,0
ba,34576,CIPÓ,2907905,46,25,15277,7920,5844,6213,86,283,19:09:55,1,2,99,1789,0,3824,64,56,2,6,0,1
ba,34592,COARACI,2908002,61,61,15399,15399,11510,12073,167,396,19:21:04,2,3,196,3954,2,7053,126,167,1,3,0,3
ba,34614,COCOS,2908101,53,28,16368,8122,6073,6324,96,155,19:29:46,1,0,88,2108,0,3760,44,65,2,2,0,3
ba,34630,CONCEIÇÃO DA FEIRA,2908200,57,36,17483,10793,8345,9003,252,406,19:32:03,1,5,219,2150,2,5727,96,139,1,3,0,2
ba,34657,CONCEIÇÃO DO ALMEIDA,2908309,49,26,14213,6942,5557,5879,92,230,19:29:48,0,0,68,1082,0,4311,26,69,0,0,0,1
ba,34673,CONCEIÇÃO DO COITÉ,2908408,187,109,54576,29841,24147,25545,459,939,19:23:13,1,1,471,8939,2,14236,282,191,3,13,1,7
ba,34690,CONCEIÇÃO DO JACUÍPE,2908507,80,45,29454,16294,11997,12872,337,538,19:29:46,2,5,413,3525,4,7605,195,224,3,11,2,8
ba,34711,CONDE,2908606,59,38,19016,11680,8602,9064,116,346,19:30:27,0,2,130,2086,1,6226,73,75,0,5,1,3
ba,34738,CONDEÚBA,2908705,59,58,15144,14801,10503,11189,188,498,19:21:05,2,3,266,3032,2,6946,130,105,1,2,1,13
ba,34754,CONTENDAS DO SINCORÁ,2908804,15,12,4520,3671,2866,2979,47,66,19:21:40,3,0,57,787,0,1980,19,18,0,0,1,1
ba,34770,CORAÇÃO DE MARIA,2908903,67,21,22538,6503,5020,5369,101,248,19:21:40,0,2,128,983,1,3791,52,60,0,1,0,2
ba,34797,CORDEIROS,2909000,25,25,7148,7148,5154,5428,66,208,19:16:31,2,0,133,1972,1,2886,82,72,0,0,0,6
ba,34819,CORIBE,2909109,45,35,12810,9286,6506,6875,95,274,19:21:41,0,2,77,2024,0,4230,61,109,0,1,0,2
ba,34835,CORONEL JOÃO SÁ,2909208,48,35,15065,10133,7764,8151,112,275,19:24:47,0,0,155,2029,2,5443,76,57,0,2,0,0
ba,34851,CORRENTINA,2909307,94,48,28078,12848,9887,10310,121,302,19:25:53,0,1,171,3469,1,5817,131,292,2,1,0,2
ba,34878,COTEGIPE,2909406,42,39,11726,10621,8206,8388,73,109,19:21:40,0,0,98,2008,0,5902,67,125,1,4,0,1
ba,34894,CRAVOLÂNDIA,2909505,15,3,4632,815,607,630,9,14,18:17:33,0,0,8,193,0,397,7,2,0,0,0,0
ba,34932,CRISTÓPOLIS,2909703,45,42,12379,11347,8708,9128,130,290,19:24:46,0,0,114,2758,1,5630,75,119,1,5,0,5
ba,34916,CRISÓPOLIS,2909604,53,44,16673,13484,10060,10538,128,350,19:24:47,1,0,120,1835,1,7925,104,64,1,1,0,8
ba,34959,CRUZ DAS ALMAS,2909802,154,135,49209,42386,33786,35564,665,1113,19:22:49,11,3,675,10493,10,21676,417,459,2,15,3,22
ba,34975,CURAÇÁ,2909901,96,45,27548,12427,9929,10346,114,303,19:23:13,2,1,275,2599,0,6820,159,62,0,4,0,7
ba,34339,CÂNDIDO SALES,2906709,79,54,20878,13794,10341,10705,101,263,20:04:38,0,4,191,3055,1,6899,113,69,1,0,0,8
ba,34550,CÍCERO DANTAS,2907806,82,35,26260,9804,7612,8004,133,259,19:32:26,1,2,141,1986,1,5315,91,70,0,1,1,3
ba,30872,DIAS D'ÁVILA,2910057,169,160,53134,49826,36188,38785,904,1693,19:30:26,11,3,1161,9195,5,24444,727,583,2,23,4,30
ba,35017,DOM BASÍLIO,2910107,37,31,10634,8810,7268,7556,120,168,19:08:48,0,2,119,1411,0,5588,68,75,1,3,0,1
ba,35033,DOM MACEDO COSTA,2910206,16,16,4864,4864,3737,3974,63,174,19:30:28,0,0,74,1306,2,2216,41,96,0,1,1,0
ba,34991,DÁRIO MEIRA,2910008,30,29,8515,8164,6035,6273,56,182,20:02:10,1,0,94,1382,0,4452,61,39,0,2,0,4
ba,35050,ELÍSIO MEDRADO,2910305,24,0,7650,0,0,0,0,0,20:14:08,0,0,0,0,0,0,0,0,0,0,0,0
ba,35076,ENCRUZILHADA,2910404,55,32,15576,7996,5950,6219,59,210,19:30:26,2,2,87,1645,1,4124,46,40,0,0,0,3
ba,35092,ENTRE RIOS,2910503,105,84,31166,24680,17566,18863,407,890,19:21:05,5,2,424,4104,1,12629,195,175,4,15,2,10
ba,35114,ESPLANADA,2910602,84,45,26991,14680,10887,11497,197,413,19:25:53,0,1,231,2917,1,7495,116,112,0,5,4,5
ba,35130,EUCLIDES DA CUNHA,2910701,150,68,45601,19687,15443,16116,181,492,20:02:10,2,4,248,2959,2,11913,187,117,1,4,1,5
ba,30058,EUNÁPOLIS,2910727,267,249,83372,77013,56896,59840,985,1959,19:31:16,13,12,1813,26705,6,26376,1086,768,4,27,6,80
ba,35149,FEIRA DA MATA,2910776,16,7,5181,2092,1669,1711,18,24,19:21:04,1,0,28,623,0,982,10,25,0,0,0,0
ba,35157,FEIRA DE SANTANA,2910800,1218,352,435631,115870,91960,97133,1790,3383,20:04:38,16,11,2516,34202,29,51171,1488,2321,10,74,10,112
ba,30910,FILADÉLFIA,2910859,50,34,15281,9407,7383,7768,149,236,19:16:53,0,0,105,1739,2,5422,57,52,0,3,0,3
ba,35173,FIRMINO ALVES,2910909,19,19,5527,5527,3820,4017,44,153,18:43:18,0,2,83,1311,0,2361,20,42,0,0,0,1
ba,35190,FLORESTA AZUL,2911006,25,0,7825,0,0,0,0,0,20:14:11,0,0,0,0,0,0,0,0,0,0,0,0
ba,35211,FORMOSA DO RIO PRETO,2911105,72,58,20786,16657,12860,13380,134,386,19:30:51,2,3,240,5129,1,7158,128,192,1,3,0,3
ba,30899,FÁTIMA,2910750,48,33,15318,10482,8340,8718,118,260,20:02:10,4,1,117,1484,2,6546,128,52,1,0,0,5
ba,35238,GANDU,2911204,78,47,23509,11925,9290,9826,163,373,19:23:14,2,0,184,3586,1,5248,114,146,2,3,0,4
ba,30937,GAVIÃO,2911253,19,0,4375,0,0,0,0,0,20:14:09,0,0,0,0,0,0,0,0,0,0,0,0
ba,35254,GENTIO DO OURO,2911303,41,32,9718,7450,6067,6225,76,82,19:23:13,1,0,78,1295,0,4591,43,54,1,2,0,2
ba,35270,GLÓRIA,2911402,52,35,13025,8128,6197,6442,73,172,19:22:22,0,0,57,728,1,5321,51,37,0,1,0,1
ba,35297,GONGOGI,2911501,19,19,5380,5380,3559,3742,40,143,19:29:47,1,1,76,779,3,2633,28,38,0,0,0,0
ba,35319,GOVERNADOR MANGABEIRA,2911600,60,47,19120,14701,10824,11522,231,467,19:30:28,2,1,205,2497,1,7760,86,266,0,1,1,4
ba,30953,GUAJERU,2911659,21,13,6431,3616,2677,2783,24,82,19:21:41,1,0,67,370,0,2182,21,33,0,0,1,2
ba,35335,GUANAMBI,2911709,192,149,67489,52748,41465,43666,710,1491,19:30:28,4,13,1214,16267,12,22820,650,425,5,20,3,32
ba,35351,GUARATINGA,2911808,58,43,15720,10823,7836,8253,104,313,19:22:48,0,5,136,2626,1,4895,78,72,0,6,0,17
ba,30970,HELIÓPOLIS,2911857,39,21,12729,6881,5373,5551,53,125,19:24:46,0,0,106,914,1,4163,135,48,0,2,0,4
ba,35378,IAÇU,2911907,73,44,20513,11943,8836,9332,120,376,19:21:04,3,1,123,2013,0,6525,73,88,1,4,0,5
ba,35394,IBIASSUCÊ,2912004,31,21,8476,5262,4204,4414,59,151,19:07:48,0,3,99,1407,0,2594,50,49,0,0,0,2
ba,35416,IBICARAÍ,2912103,61,56,17862,16268,12344,12944,146,454,19:29:47,3,2,289,4484,4,7266,134,148,0,5,4,5
ba,35432,IBICOARA,2912202,46,23,15956,7962,6202,6642,144,296,19:30:28,0,1,172,2374,0,3525,73,51,2,3,0,1
ba,35459,IBICUÍ,2912301,39,25,11456,7391,5491,5792,80,221,19:32:26,1,3,133,1773,0,3455,60,56,2,2,3,3
ba,35475,IBIPEBA,2912400,53,48,13655,11834,9536,9896,112,248,19:24:45,0,2,191,1710,0,7475,102,53,0,0,0,3
ba,35513,IBIPITANGA,2912509,44,24,13075,6657,5010,5211,56,145,19:17:21,0,0,188,1577,1,3153,54,35,0,0,0,2
ba,35530,IBIQUERA,2912608,15,15,4187,4187,3045,3190,38,107,18:37:36,0,1,41,571,0,2387,13,31,0,0,0,1
ba,35556,IBIRAPITANGA,2912707,48,48,14359,14359,10483,10958,124,351,19:05:04,2,1,214,2928,2,7118,93,120,0,1,0,4
ba,35572,IBIRAPUÃ,2912806,28,26,7516,6772,5303,5525,63,159,19:21:08,0,0,67,2545,0,2606,46,33,1,0,0,5
ba,35599,IBIRATAIA,2912905,54,54,16014,16014,11230,11986,162,594,19:24:45,4,2,238,3886,1,6782,143,162,0,5,0,7
ba,35610,IBITIARA,2913002,46,0,12093,0,0,0,0,0,20:14:09,0,0,0,0,0,0,0,0,0,0,0,0
ba,35637,IBITITÁ,2913101,62,40,15648,9516,7925,8182,76,181,19:24:47,0,0,156,1875,0,5755,70,62,0,3,0,4
ba,35653,IBOTIRAMA,2913200,81,65,21431,16399,12792,13228,163,273,19:22:49,1,1,193,4516,2,7808,168,94,2,5,0,2
ba,35670,ICHU,2913309,18,5,6009,1856,1543,1605,18,44,19:22:48,0,0,45,409,0,1028,43,14,1,3,0,0
ba,35696,IGAPORÃ,2913408,36,13,12265,4363,3333,3501,57,111,19:25:20,0,1,62,635,0,2572,23,39,1,0,0,0
ba,35700,IGRAPIÚNA,2913457,33,0,9050,0,0,0,0,0,20:14:10,0,0,0,0,0,0,0,0,0,0,0,0
ba,35718,IGUAÍ,2913507,57,51,17709,15390,10724,11448,175,549,19:23:13,0,1,217,3938,0,6309,129,118,1,4,0,7
ba,35734,ILHÉUS,2913606,409,359,130310,112810,85813,90257,1611,2833,19:32:04,29,15,2274,31821,26,48251,1536,1628,17,89,13,114
ba,35750,INHAMBUPE,2913705,83,34,27722,10200,7738,8266,195,333,19:29:45,3,0,139,1994,0,5410,93,86,1,7,0,5
ba,35777,IPECAETÁ,2913804,48,21,15029,6003,4568,4794,50,176,19:29:47,1,1,43,767,1,3665,34,55,0,0,1,0
ba,35793,IPIAÚ,2913903,117,104,32735,28561,20915,22123,369,839,19:16:30,13,4,556,7391,5,12318,313,274,0,12,1,28
ba,35815,IPIRÁ,2914000,155,125,47871,37129,27256,29014,449,1309,20:02:10,2,8,508,6485,5,19478,316,433,1,13,2,5
ba,35831,IPUPIARA,2914109,28,17,8953,5142,4149,4348,83,116,19:30:51,1,0,118,1394,0,2536,57,40,0,0,0,3
ba,35858,IRAJUBA,2914208,21,0,5507,0,0,0,0,0,20:14:10,0,0,0,0,0,0,0,0,0,0,0,0
ba,35874,IRAMAIA,2914307,31,25,8556,6945,5379,5641,77,185,19:32:25,1,2,78,1141,2,4093,38,23,0,1,0,0
ba,35890,IRAQUARA,2914406,63,20,19044,5719,4529,4715,65,121,19:21:04,0,0,86,614,0,3756,34,33,1,2,0,3
ba,35912,IRARÁ,2914505,90,86,25619,24056,18235,19357,345,777,19:21:08,2,5,446,3808,5,13498,173,277,0,14,0,7
ba,35939,IRECÊ,2914604,163,132,51249,40431,32279,33943,488,1176,19:29:46,3,1,953,10155,4,20350,507,267,2,11,1,25
ba,35947,ITABELA,2914653,70,63,22120,19396,13797,14719,274,648,19:29:46,1,3,353,6480,0,6574,219,157,2,4,0,4
ba,35955,ITABERABA,2914703,151,87,48749,26023,20490,21679,330,859,19:25:53,5,1,501,5884,1,13378,335,346,2,8,2,27
ba,35971,ITABUNA,2914802,453,412,141524,127592,99310,103931,1699,2922,19:30:27,37,14,2571,42911,28,49793,1747,1981,19,90,12,107
ba,35998,ITACARÉ,2914901,59,11,19616,2565,1929,2043,26,88,18:59:12,0,0,28,438,0,1440,12,11,0,0,0,0
ba,36013,ITAETÉ,2915007,40,25,11361,7461,5345,5673,89,239,19:21:05,0,2,56,1788,1,3427,28,38,0,0,1,4
ba,36030,ITAGI,2915106,36,35,10639,10334,7387,7805,99,319,19:21:05,3,2,127,2181,1,4932,49,84,0,4,0,4
ba,36056,ITAGIBÁ,2915205,41,40,13131,12772,9307,9856,112,437,19:30:26,3,1,254,3151,0,5683,106,104,0,4,0,1
ba,36072,ITAGIMIRIM,2915304,22,22,6636,6636,4629,4863,51,183,19:21:04,0,3,162,1530,0,2829,60,38,0,4,0,3
ba,36080,ITAGUAÇU DA BAHIA,2915353,36,13,10842,3905,3103,3180,25,52,19:08:15,0,0,22,452,0,2590,26,10,0,1,0,2
ba,36099,ITAJU DO COLÔNIA,2915403,20,20,6225,6225,4540,4689,32,117,19:24:48,0,1,41,1560,0,2862,38,35,1,1,0,1
ba,36110,ITAJUÍPE,2915502,56,50,16067,14044,10739,11265,168,358,19:25:21,1,2,235,3267,2,6941,162,111,1,8,2,7
ba,36137,ITAMARAJU,2915601,152,7,45999,1831,1258,1350,20,72,19:07:19,0,0,19,450,0,761,10,16,0,0,0,2
ba,36153,ITAMARI,2915700,24,24,6100,6100,4428,4696,82,186,19:23:44,0,1,105,1437,0,2809,35,40,0,0,0,1
ba,36170,ITAMBÉ,2915809,65,60,17831,16672,12658,13195,167,370,19:24:46,0,3,243,3663,0,8442,167,137,1,2,0,0
ba,36196,ITANAGRA,2915908,20,20,6668,6668,4668,4904,71,165,19:30:25,0,1,60,930,2,3565,50,54,0,2,0,4
ba,36218,ITANHÉM,2916005,50,44,14916,12893,8942,9438,124,372,19:32:04,3,2,216,3454,0,5070,100,78,1,5,0,13
ba,36234,ITAPARICA,2916104,64,5,20044,1610,1147,1207,22,38,19:32:26,0,0,20,231,0,880,9,7,0,0,0,0
ba,36277,ITAPEBI,2916302,26,26,8383,8383,5648,5881,61,172,19:21:05,0,2,83,1380,1,4091,58,31,0,1,0,1
ba,36293,ITAPETINGA,2916401,159,155,48314,46741,35616,37473,715,1142,19:16:53,14,7,745,15289,5,18633,483,378,2,21,1,38
ba,36315,ITAPICURU,2916500,75,37,23461,11245,8683,9153,105,365,19:30:27,1,2,143,1693,3,6671,67,92,0,6,1,4
ba,36331,ITAPITANGA,2916609,21,21,5934,5934,4525,4706,40,141,19:24:47,2,1,63,1216,1,3139,50,48,0,2,1,2
ba,36250,ITAPÉ,2916203,28,28,8428,8428,6199,6552,87,266,19:23:44,1,2,113,2296,0,3650,74,57,0,3,0,3
ba,36358,ITAQUARA,2916708,21,19,6754,6019,4290,4543,63,190,19:17:20,0,2,69,1293,2,2850,28,44,0,1,1,0
ba,36374,ITARANTIM,2916807,47,47,13931,13931,10349,10864,164,351,19:25:20,1,1,178,4151,0,5837,80,88,0,8,0,5
ba,36382,ITATIM,2916856,40,1,12954,290,244,255,10,1,19:32:25,0,0,3,82,0,154,0,5,0,0,0,0
ba,36390,ITIRUÇU,2916906,33,31,8937,8295,6147,6563,104,312,19:32:25,1,1,89,1662,0,4298,60,35,0,0,0,1
ba,36412,ITIÚBA,2917003,97,65,27758,17830,13841,14436,199,396,19:30:27,0,3,236,3691,3,9699,107,96,0,5,0,1
ba,36439,ITORORÓ,2917102,56,52,16355,15152,11146,11718,157,415,19:29:46,3,1,264,3954,0,6658,165,92,0,3,1,5
ba,36455,ITUAÇU,2917201,57,51,15600,13724,10474,11174,228,472,19:22:49,1,2,269,3574,3,6421,106,86,2,2,0,8
ba,36471,ITUBERÁ,2917300,65,56,17839,14466,10682,11383,256,445,19:29:45,6,4,231,4015,4,6128,139,143,1,3,1,7
ba,30660,IUIU,2917334,28,15,8643,4199,3301,3427,56,70,19:16:54,0,0,66,830,1,2343,35,26,0,0,0,0
ba,30678,JABORANDI,2917359,34,22,10158,6113,4466,4691,81,144,19:29:46,0,2,65,1365,1,2855,41,131,1,0,0,5
ba,36498,JACARACI,2917409,39,28,11808,7743,5907,6173,68,198,19:21:06,1,0,118,1125,0,4536,74,49,0,1,0,3
ba,36510,JACOBINA,2917508,192,115,61665,36429,28128,29569,453,988,20:02:10,5,7,772,8402,5,18049,387,458,3,15,4,21
ba,36536,JAGUAQUARA,2917607,117,97,35855,28904,20998,22526,404,1124,19:24:48,5,3,473,7462,3,12554,241,228,2,9,3,15
ba,36552,JAGUARARI,2917706,89,88,23294,22965,18214,19155,324,617,19:29:46,1,3,344,4210,6,13187,275,164,6,7,1,10
ba,36579,JAGUARIPE,2917805,49,27,15393,8167,6133,6451,97,221,19:29:47,5,1,104,1093,0,4786,37,101,2,1,1,2
ba,36595,JANDAÍRA,2917904,33,25,9074,6369,4780,4973,42,151,18:54:48,0,0,73,768,1,3880,34,21,0,1,1,1
ba,36617,JEQUIÉ,2918001,359,249,119040,79240,61432,65089,1153,2504,20:02:10,8,6,1631,21808,19,35737,1055,1064,4,33,4,63
ba,36633,JEREMOABO,2918100,104,51,29071,13236,10571,10983,84,328,20:02:10,2,2,122,2515,3,7742,99,76,1,6,1,2
ba,36650,JIQUIRIÇÁ,2918209,38,22,11479,6813,5129,5464,125,210,19:29:45,0,1,176,1276,0,3553,54,64,1,0,1,3
ba,36676,JITAÚNA,2918308,45,32,12992,9477,6999,7382,81,302,19:32:04,2,0,136,1735,3,4993,59,61,0,3,1,6
ba,30996,JOÃO DOURADO,2918357,59,45,19862,15330,12039,12494,163,292,19:32:26,1,1,271,4535,1,6987,134,98,0,6,1,4
ba,36692,JUAZEIRO,2918407,495,315,165666,99036,80318,83283,1137,1828,20:04:08,16,9,1822,27200,21,49186,1311,655,4,35,8,51
ba,36706,JUCURUÇU,2918456,30,23,8448,6010,4320,4628,67,241,19:21:03,1,1,94,1368,1,2785,26,39,1,1,0,3
ba,36714,JUSSARA,2918506,50,36,14126,9209,7259,7550,62,229,20:02:09,2,0,76,895,0,6190,51,42,0,1,0,2
ba,30694,JUSSARI,2918555,16,14,4647,3854,2871,3022,28,123,19:24:47,0,0,23,880,0,1942,7,17,0,2,0,0
ba,36730,JUSSIAPE,2918605,27,22,6499,5153,4004,4220,73,143,19:25:53,0,0,55,1064,1,2807,32,42,0,0,0,3
ba,36757,LAFAIETE COUTINHO,2918704,15,12,4471,3608,2702,2901,37,162,19:08:15,0,3,29,707,0,1895,29,37,0,1,1,0
ba,36765,LAGOA REAL,2918753,36,19,10624,5167,4114,4339,48,177,19:03:58,0,0,81,917,0,3028,64,24,0,0,0,0
ba,36773,LAJE,2918803,62,12,20749,3798,2916,3091,51,124,19:11:52,0,2,52,848,0,1973,14,25,0,1,0,1
ba,36811,LAJEDINHO,2919009,11,8,3619,2507,1873,1955,20,62,19:23:44,0,0,27,358,0,1461,11,15,0,0,0,1
ba,36820,LAJEDO DO TABOCAL,2919058,25,25,6287,6287,4697,5025,102,226,19:08:46,1,1,130,927,0,3532,48,56,0,1,0,1
ba,36790,LAJEDÃO,2918902,16,16,4258,4258,3074,3201,26,101,18:50:04,0,1,52,1291,0,1682,20,25,0,0,0,3
ba,36838,LAMARÃO,2919108,28,20,8523,6051,4452,4708,68,188,19:25:54,0,1,58,541,0,3797,25,30,0,0,0,0
ba,39730,LAPÃO,2919157,86,63,22037,15005,12413,12908,162,333,19:25:54,3,2,241,2854,0,9111,98,100,1,0,0,3
ba,36854,LAURO DE FREITAS,2919207,413,68,163871,26426,19701,20527,278,548,19:29:47,6,1,659,8111,8,9777,591,478,3,23,3,41
ba,36870,LENÇÓIS,2919306,24,11,7895,3491,2634,2722,25,63,18:48:49,0,1,51,464,0,2078,22,15,0,0,0,3
ba,36897,LICÍNIO DE ALMEIDA,2919405,32,0,10121,0,0,0,0,0,20:14:07,0,0,0,0,0,0,0,0,0,0,0,0
ba,36919,LIVRAMENTO DE NOSSA SENHORA,2919504,114,80,34703,23553,19041,19939,332,566,19:29:47,3,3,431,5635,4,12566,265,114,2,4,2,12
ba,30007,LUÍS EDUARDO MAGALHÃES,2919553,241,220,81123,73869,56699,58391,676,1016,19:32:05,6,7,1413,35738,11,17840,1010,605,7,13,0,49
ba,36935,MACAJUBA,2919603,32,18,10033,5209,3602,3824,59,163,19:26:25,0,0,38,890,2,2610,17,41,0,2,2,0
ba,36951,MACARANI,2919702,42,42,12841,12841,9001,9670,154,515,19:29:46,0,1,182,3536,0,5105,89,83,0,1,2,2
ba,36978,MACAÚBAS,2919801,142,120,32963,27272,20533,21713,339,841,20:02:10,2,3,469,5692,2,13933,242,176,1,4,2,7
ba,36994,MACURURÉ,2919900,24,4,6566,785,644,668,2,22,19:16:54,0,0,8,58,0,573,1,4,0,0,0,0
ba,39748,MADRE DE DEUS,2919926,49,37,17110,12532,9750,10099,135,214,19:26:25,1,2,227,1863,0,7381,144,119,1,8,1,3
ba,39756,MAETINGA,2919959,20,17,6722,5545,3930,4147,44,173,19:21:06,1,0,91,963,0,2799,35,38,0,3,0,0
ba,37010,MAIQUINIQUE,2920007,23,23,7260,7260,5360,5685,91,234,19:22:22,0,1,96,2275,1,2889,44,46,0,5,1,2
ba,37036,MAIRI,2920106,49,30,13826,8673,6328,6762,120,314,19:25:21,1,1,130,1628,4,4426,43,87,2,2,0,4
ba,37052,MALHADA,2920205,45,15,13151,4183,3362,3445,37,46,19:09:25,0,1,44,1243,1,2030,24,19,0,0,0,0
ba,37079,MALHADA DE PEDRAS,2920304,26,16,7896,5152,4087,4264,73,104,19:25:52,3,0,56,1339,0,2625,31,32,0,0,0,1
ba,37095,MANOEL VITORINO,2920403,44,40,13181,11733,9024,9341,73,244,19:29:46,1,2,226,1705,0,6859,157,65,0,3,0,6
ba,39772,MANSIDÃO,2920452,37,28,10491,7363,4965,5104,20,119,19:23:14,0,0,34,856,0,3986,31,54,0,3,0,1
ba,37117,MARACÁS,2920502,74,58,21719,16602,12160,12966,268,538,19:26:24,2,3,342,3444,5,8053,161,136,2,2,2,8
ba,37133,MARAGOGIPE,2920601,122,91,34902,24795,19476,20438,321,641,19:22:22,0,0,264,4118,2,14577,156,337,0,14,0,8
ba,37150,MARAÚ,2920700,57,23,16481,7100,5048,5316,77,191,19:22:23,0,0,114,1628,1,3202,46,48,0,3,0,6
ba,37176,MARCIONÍLIO SOUZA,2920809,27,14,7767,3461,2575,2733,53,105,19:32:03,0,0,48,528,0,1962,14,20,0,1,0,2
ba,37192,MASCOTE,2920908,34,8,9177,2462,1792,1875,26,57,19:29:46,0,0,17,476,0,1259,21,18,0,0,0,1
ba,37214,MATA DE SÃO JOÃO,2921005,128,95,43098,31613,22981,24722,683,1058,19:32:04,5,1,551,5086,5,16662,296,351,4,10,2,8
ba,37222,MATINA,2921054,31,23,9556,6915,5242,5517,84,191,19:29:47,1,1,69,843,1,4247,46,31,1,0,0,2
ba,37230,MEDEIROS NETO,2921104,66,51,18663,13769,10307,10884,146,431,19:22:21,1,5,198,4439,2,5437,126,86,0,4,0,9
ba,37257,MIGUEL CALMON,2921203,77,71,19996,18239,13734,14605,183,688,19:23:14,2,3,259,4306,4,8815,125,214,0,3,1,2
ba,37273,MILAGRES,2921302,35,26,8823,6343,4874,5158,83,201,19:30:50,0,0,77,1297,0,3407,41,51,0,0,0,1
ba,37290,MIRANGABA,2921401,45,38,12693,10387,8004,8324,88,232,20:04:38,1,2,110,1757,1,5954,89,85,0,2,0,3
ba,37303,MIRANTE,2921450,30,6,8301,1444,1124,1164,12,28,17:55:45,0,1,26,348,0,733,7,8,1,0,0,0
ba,37311,MONTE SANTO,2921500,162,77,41809,17366,13707,14241,141,393,19:30:50,2,2,194,2353,4,10952,113,79,0,1,1,6
ba,37338,MORPARÁ,2921609,30,21,7604,5118,3842,4020,51,127,19:21:06,0,2,43,1094,1,2671,15,16,0,0,0,0
ba,37354,MORRO DO CHAPÉU,2921708,91,68,26151,18958,14268,15092,212,612,19:21:08,2,2,323,3836,2,9732,149,215,2,1,0,4
ba,37370,MORTUGABA,2921807,33,31,9597,8970,6531,6932,91,310,19:07:48,2,2,135,2523,1,3715,64,78,0,4,1,6
ba,37397,MUCUGÊ,2921906,34,22,9863,6109,4840,5140,82,218,19:29:47,0,0,89,1553,1,3099,52,35,0,4,1,6
ba,37419,MUCURI,2922003,98,96,27873,27396,19677,20611,301,633,19:25:53,7,4,451,8675,2,9964,336,193,0,9,4,32
ba,37427,MULUNGU DO MORRO,2922052,38,24,10988,6394,5176,5342,60,106,19:32:26,2,0,241,876,0,3952,70,30,0,1,0,4
ba,37435,MUNDO NOVO,2922102,56,47,14921,12147,8933,9483,128,422,19:17:21,0,1,93,2014,1,6624,72,120,1,1,0,6
ba,37451,MUNIZ FERREIRA,2922201,32,25,8206,5895,4752,5013,67,194,19:17:21,0,1,107,1092,0,3439,40,70,0,1,1,1
ba,37460,MUQUÉM DO SÃO FRANCISCO,2922250,31,15,9684,4153,3281,3360,28,51,19:31:17,0,0,39,869,1,2333,16,20,3,0,0,0
ba,37478,MURITIBA,2922300,73,52,23640,16301,11417,12233,262,554,18:54:47,1,3,206,2159,5,8751,116,166,1,4,1,4
ba,37494,MUTUÍPE,2922409,56,52,17909,16378,11997,12885,209,679,19:23:13,1,1,349,3753,3,7596,102,183,2,5,0,2
ba,37516,NAZARÉ,2922508,72,37,22055,10563,8256,8729,171,302,19:30:26,2,0,168,1956,2,5893,93,138,0,1,0,3
ba,37532,NILO PEÇANHA,2922607,30,15,10011,4337,3193,3411,70,148,19:21:03,3,0,66,778,0,2279,27,39,0,0,0,1
ba,39799,NORDESTINA,2922656,36,22,10580,6388,4949,5166,62,155,19:21:07,0,4,82,1001,0,3783,37,38,0,3,0,1
ba,37559,NOVA CANAÃ,2922706,43,20,12377,5555,4102,4309,47,160,19:21:04,4,1,79,1037,1,2893,50,36,0,1,0,0
ba,37567,NOVA FÁTIMA,2922730,29,22,7957,5593,4457,4683,64,162,19:30:51,3,0,159,1178,0,3033,33,47,0,2,1,1
ba,39969,NOVA IBIÁ,2922755,19,0,5509,0,0,0,0,0,20:14:11,0,0,0,0,0,0,0,0,0,0,0,0
ba,37575,NOVA ITARANA,2922805,23,15,6607,3830,3093,3217,42,82,19:00:13,0,0,37,929,0,2069,18,37,0,1,0,2
ba,37583,NOVA REDENÇÃO,2922854,21,17,6421,5058,3862,4011,33,116,19:24:46,1,1,43,552,0,3220,23,21,0,1,0,0
ba,37591,NOVA SOURE,2922904,70,28,21207,7787,5903,6147,54,190,19:21:08,0,2,75,792,2,4920,60,52,0,0,0,0
ba,37613,NOVA VIÇOSA,2923001,101,67,30989,20892,15686,16449,244,519,19:23:13,3,2,261,7919,3,7163,187,128,1,6,0,13
ba,39942,NOVO HORIZONTE,2923035,38,7,9200,2594,1985,2072,29,58,19:11:26,0,0,87,671,0,1176,35,15,0,0,1,0
ba,37621,NOVO TRIUNFO,2923050,25,16,8227,5066,3820,3959,23,116,19:07:18,1,2,55,805,0,2881,50,25,0,0,0,1
ba,37630,OLINDINA,2923100,69,57,19699,15417,11674,12164,157,333,19:25:53,0,1,176,2057,1,9177,131,126,0,3,0,2
ba,37656,OLIVEIRA DOS BREJINHOS,2923209,70,51,16618,11342,9119,9492,104,269,19:29:48,1,1,117,2118,2,6712,76,89,0,2,0,1
ba,37672,OURIÇANGAS,2923308,26,17,7224,4451,3326,3544,61,157,19:26:25,1,1,81,547,0,2599,29,63,0,3,0,2
ba,37680,OUROLÂNDIA,2923357,44,11,14353,3780,2847,2968,25,96,19:21:05,1,0,72,1221,0,1471,48,33,0,1,0,0
ba,37699,PALMAS DE MONTE ALTO,2923407,69,51,17255,12591,9892,10296,112,292,19:30:26,0,1,164,2104,0,7474,69,73,0,2,0,5
ba,37710,PALMEIRAS,2923506,24,17,7857,5273,4190,4375,47,138,19:21:06,0,0,83,693,1,3358,18,32,0,0,0,5
ba,37737,PARAMIRIM,2923605,61,46,16913,12449,9621,10152,201,330,19:29:47,1,1,215,2270,0,6981,78,67,0,1,0,7
ba,37753,PARATINGA,2923704,79,41,24228,11205,8410,8726,93,223,19:30:28,2,0,103,1836,0,6326,65,70,0,4,0,4
ba,37770,PARIPIRANGA,2923803,87,76,23527,19828,15404,16204,276,524,20:04:38,2,0,254,3481,1,11323,188,144,0,2,1,8
ba,37796,PAU BRASIL,2923902,26,0,7547,0,0,0,0,0,20:14:12,0,0,0,0,0,0,0,0,0,0,0,0
ba,37818,PAULO AFONSO,2924009,258,161,83620,48175,36993,38287,517,777,20:04:38,8,4,662,8372,7,26941,750,196,4,16,2,31
ba,37850,PEDRO ALEXANDRE,2924207,35,10,10164,2438,1962,2050,26,62,19:25:54,0,0,45,306,0,1560,26,24,0,0,0,1
ba,37834,PEDRÃO,2924108,21,21,6573,6573,5042,5279,88,149,19:22:21,1,0,150,668,1,4116,51,54,0,1,0,0
ba,37877,PIATÃ,2924306,76,71,17470,16466,11760,12671,212,699,19:30:27,0,2,379,3347,1,7562,267,183,0,7,1,11
ba,37893,PILÃO ARCADO,2924405,121,91,28531,20321,15816,16414,106,492,19:32:26,2,2,235,2976,5,12317,120,150,0,4,0,5
ba,37915,PINDAÍ,2924504,42,0,12750,0,0,0,0,0,20:14:09,0,0,0,0,0,0,0,0,0,0,0,0
ba,37931,PINDOBAÇU,2924603,57,51,16173,14140,11271,11773,183,319,19:26:24,0,1,138,3362,2,7591,88,85,0,0,0,4
ba,39837,PINTADAS,2924652,29,25,8931,7538,5272,5617,89,256,19:21:07,0,3,102,1813,0,3270,41,39,0,1,1,2
ba,37940,PIRAÍ DO NORTE,2924678,24,1,7100,250,199,208,4,5,19:24:46,0,0,11,56,0,128,2,2,0,0,0,0
ba,37958,PIRIPÁ,2924702,27,27,8923,8923,6304,6598,78,216,19:26:24,2,2,154,1595,0,4388,99,60,0,1,0,3
ba,37974,PIRITIBA,2924801,48,48,14292,14292,10755,11380,150,475,19:29:47,2,3,202,2946,1,7330,95,169,1,3,0,3
ba,37990,PLANALTINO,2924900,25,22,6975,5896,4395,4685,81,209,19:21:06,1,1,73,1092,1,3143,38,45,0,1,0,0
ba,38016,PLANALTO,2925006,77,67,20252,17717,13567,14375,249,559,19:21:07,2,3,240,4048,1,8906,196,145,0,5,1,20
ba,38059,POJUCA,2925204,88,88,29229,29229,21477,23259,696,1086,19:32:25,5,6,364,4413,1,16067,320,266,2,11,2,20
ba,38067,PONTO NOVO,2925253,44,20,15183,6128,4871,5112,79,162,19:29:47,0,0,90,1249,0,3437,36,50,1,4,0,4
ba,38075,PORTO SEGURO,2925303,323,236,116587,84418,61397,64267,1004,1866,19:30:51,13,2,1946,27767,23,29751,1140,608,5,60,2,80
ba,38091,POTIRAGUÁ,2925402,29,29,7860,7860,5712,5995,72,211,19:25:54,3,0,69,2126,0,3421,40,47,0,1,1,4
ba,38032,POÇÕES,2925105,126,91,37374,25814,19542,20412,276,594,19:21:41,1,5,412,5174,2,13415,276,231,0,9,1,16
ba,38113,PRADO,2925501,76,53,25814,17582,12915,13580,200,465,19:30:27,4,1,182,5994,6,6465,137,110,1,7,0,8
ba,38130,PRESIDENTE DUTRA,2925600,48,37,11979,8925,7438,7669,69,162,19:16:54,1,0,88,1007,1,6244,67,28,1,1,0,0
ba,38156,PRESIDENTE JÂNIO QUADROS,2925709,35,32,10674,9581,6663,6997,75,259,19:23:44,0,0,151,1286,0,5080,70,73,0,0,0,3
ba,38164,PRESIDENTE TANCREDO NEVES,2925758,65,0,21689,0,0,0,0,0,20:14:09,0,0,0,0,0,0,0,0,0,0,0,0
ba,39810,PÉ DE SERRA,2924058,43,21,12191,4720,3842,4043,41,160,19:29:45,0,0,91,1346,0,2308,42,51,0,2,0,2
ba,38172,QUEIMADAS,2925808,66,35,20515,10379,8104,8489,106,279,19:23:44,1,2,171,2275,1,5463,92,92,1,2,1,3
ba,38199,QUIJINGUE,2925907,69,18,21197,5099,4098,4259,49,112,19:30:28,0,1,65,640,0,3337,39,15,0,0,1,0
ba,39845,QUIXABEIRA,2925931,31,22,8784,6340,4824,5190,109,257,19:15:07,1,0,110,2054,0,2562,50,42,0,4,1,0
ba,39853,RAFAEL JAMBEIRO,2925956,63,31,19049,8753,6194,6635,81,360,19:22:49,0,1,125,2063,6,3885,27,83,0,1,0,3
ba,38210,REMANSO,2926004,108,57,32212,17785,13734,14253,136,383,19:32:25,2,1,204,3491,1,9772,147,105,1,2,0,8
ba,38237,RETIROLÂNDIA,2926103,44,24,12901,6593,5252,5501,76,173,19:26:24,1,0,146,1398,1,3568,69,62,0,3,0,4
ba,38296,RIACHO DE SANTANA,2926400,78,55,23737,16168,12323,12898,238,337,19:30:27,2,1,242,2089,0,9759,162,60,0,2,0,6
ba,38253,RIACHÃO DAS NEVES,2926202,72,56,19206,13924,10643,10986,105,238,19:11:26,1,2,174,2986,0,7310,93,74,0,2,0,1
ba,38270,RIACHÃO DO JACUÍPE,2926301,94,59,27708,17070,13966,14637,208,463,19:30:50,3,1,422,2881,2,10208,197,232,2,6,1,11
ba,38318,RIBEIRA DO AMPARO,2926509,44,26,12452,7261,5616,5929,88,225,19:25:20,1,0,49,1051,0,4422,42,44,1,3,0,3
ba,38334,RIBEIRA DO POMBAL,2926608,142,107,45064,33263,25546,26802,433,823,19:22:21,3,1,605,7161,1,17160,354,234,3,8,1,15
ba,38342,RIBEIRÃO DO LARGO,2926657,28,18,8797,5652,4137,4280,47,96,19:21:40,0,0,49,1116,0,2866,46,57,0,0,0,3
ba,38350,RIO DE CONTAS,2926707,44,32,12117,8622,6946,7332,110,276,19:25:54,2,1,129,1931,0,4722,93,55,2,2,1,8
ba,38377,RIO DO ANTÔNIO,2926806,40,32,10690,8104,6534,6791,76,181,18:48:50,0,1,127,1315,0,4997,51,38,0,1,0,4
ba,38393,RIO DO PIRES,2926905,38,25,11178,7322,4740,4993,56,197,19:24:48,2,0,114,1284,0,3267,47,25,1,0,0,0
ba,38415,RIO REAL,2927002,94,74,29286,22249,17130,18140,368,642,19:29:45,2,1,439,4787,5,11439,213,231,0,7,2,4
ba,38431,RODELAS,2927101,22,10,7602,3448,2697,2788,19,72,19:21:04,0,0,32,476,0,2158,21,10,0,0,0,0
ba,38458,RUY BARBOSA,2927200,81,75,23977,21637,15780,16934,318,836,19:21:05,5,3,278,4487,2,10546,139,297,4,7,1,11
ba,38474,SALINAS DA MARGARIDA,2927309,45,18,16000,6583,4803,5047,71,173,19:29:46,0,0,96,945,0,3637,52,65,0,1,0,7
ba,38490,SALVADOR,2927408,5124,4713,1955479,1788333,1325575,1429265,33509,70181,20:04:38,413,209,37022,360765,473,862516,26960,33429,227,1456,166,1939
ba,38539,SANTA BRÍGIDA,2927606,42,24,11939,7027,5153,5423,72,198,19:10:31,0,0,113,914,0,4021,70,28,0,1,1,5
ba,38512,SANTA BÁRBARA,2927507,61,6,20163,1496,1183,1245,25,37,19:11:53,0,0,26,185,0,953,1,18,0,0,0,0
ba,38555,SANTA CRUZ CABRÁLIA,2927705,82,65,25527,20150,13892,14570,220,458,19:21:41,3,3,382,5510,3,7608,205,154,2,14,0,8
ba,38571,SANTA CRUZ DA VITÓRIA,2927804,16,16,4922,4922,3372,3563,57,134,18:47:49,0,0,132,1253,0,1924,29,29,0,1,0,4
ba,38598,SANTA INÊS,2927903,30,21,8217,6130,4475,4708,87,146,19:29:46,0,0,65,849,0,3494,39,24,1,0,0,3
ba,39870,SANTA LUZIA,2928059,30,1,9034,197,151,156,2,3,18:20:32,0,0,0,48,0,95,4,4,0,0,0,0
ba,38636,SANTA MARIA DA VITÓRIA,2928109,113,60,30271,14501,11463,11954,157,334,19:30:28,2,0,167,3328,0,7596,129,234,0,2,0,5
ba,35491,SANTA RITA DE CÁSSIA,2928406,80,67,22965,19227,14185,14772,220,367,19:21:04,2,3,197,3678,2,10013,130,154,0,0,1,5
ba,38695,SANTA TEREZINHA,2928505,34,30,9441,8296,6378,6745,96,271,19:25:53,0,0,87,1379,1,4786,36,83,1,3,0,2
ba,38610,SANTALUZ,2928000,104,64,32102,17910,14030,14937,268,639,19:31:17,1,2,389,4028,3,9244,170,182,0,3,1,7
ba,38652,SANTANA,2928208,68,31,21022,8314,6459,6738,70,209,19:29:48,0,1,64,1858,1,4390,45,93,1,2,0,4
ba,38679,SANTANÓPOLIS,2928307,29,12,9599,3681,2796,2980,74,110,19:16:55,0,0,59,602,0,2063,16,55,0,1,0,0
ba,38717,SANTO AMARO,2928604,154,106,47773,31307,23671,25168,591,906,19:23:44,9,1,443,3623,7,18926,220,404,2,18,3,15
ba,38733,SANTO ANTÔNIO DE JESUS,2928703,237,170,77886,55023,42329,45198,785,2084,19:29:47,16,8,1339,13484,10,26149,708,561,3,21,1,29
ba,38750,SANTO ESTEVÃO,2928802,120,14,39754,4125,3155,3374,59,160,19:30:50,0,1,42,601,1,2438,24,47,0,0,0,1
ba,38911,SAPEAÇU,2929602,57,57,16207,16207,12391,13261,302,568,19:07:48,0,1,244,2995,1,8881,115,145,0,2,1,6
ba,38946,SAUBARA,2929750,38,0,13374,0,0,0,0,0,20:14:10,0,0,0,0,0,0,0,0,0,0,0,0
ba,38954,SAÚDE,2929800,32,29,9154,7988,5726,6118,86,306,19:21:05,0,1,98,1374,2,4122,54,71,0,1,0,3
ba,38970,SEABRA,2929909,121,73,35799,20381,16321,17154,244,589,19:26:25,2,2,413,3355,2,12170,220,141,2,5,0,9
ba,38997,SEBASTIÃO LARANJEIRAS,2930006,26,20,7218,5194,4136,4283,51,96,19:29:49,1,0,103,1152,2,2835,17,20,0,3,0,3
ba,39012,SENHOR DO BONFIM,2930105,174,114,53709,33410,25970,27451,452,1029,20:02:10,3,6,510,8916,7,15876,339,282,3,10,0,18
ba,39039,SENTO SÉ,2930204,103,87,30127,24388,19180,20029,296,553,19:29:48,4,2,351,6516,3,11946,185,153,1,9,2,8
ba,39047,SERRA DO RAMALHO,2930154,90,22,26065,6051,4703,4863,52,108,19:21:41,0,1,71,1397,3,3133,44,49,0,1,1,3
ba,39055,SERRA DOURADA,2930303,52,25,15281,7014,5320,5574,91,163,19:30:50,0,0,58,1921,0,3247,33,59,0,0,0,2
ba,39071,SERRA PRETA,2930402,60,48,17262,13042,9758,10224,150,316,19:22:49,1,0,143,1677,1,7767,61,104,0,2,0,2
ba,39098,SERRINHA,2930501,218,97,63689,26680,20837,22035,352,846,19:30:25,2,5,462,4989,5,14769,319,270,0,7,1,8
ba,39110,SERROLÂNDIA,2930600,37,0,11033,0,0,0,0,0,20:14:07,0,0,0,0,0,0,0,0,0,0,0,0
ba,39136,SIMÕES FILHO,2930709,260,99,90003,32664,24771,26292,571,950,19:24:47,3,0,927,6866,5,16033,518,391,3,13,2,10
ba,39985,SOBRADINHO,2930774,60,40,20427,13337,10144,10538,127,267,19:30:51,0,2,285,2576,0,7041,181,50,0,3,1,5
ba,39152,SOUTO SOARES,2930808,47,32,14232,9381,7545,7782,90,147,19:29:46,3,1,159,1165,1,6051,88,71,1,2,0,3
ba,38938,SÁTIRO DIAS,2929701,49,36,14469,10793,7963,8452,164,325,19:30:26,0,1,153,1894,4,5671,104,128,3,5,0,0
ba,38776,SÃO DESIDÉRIO,2928901,94,36,28595,10605,8410,8670,101,159,19:14:08,0,0,181,2654,1,5334,130,102,0,1,1,6
ba,38806,SÃO DOMINGOS,2928950,29,25,7986,6728,5446,5737,73,218,18:58:13,0,1,134,1508,2,3637,59,98,2,2,0,3
ba,38814,SÃO FELIPE,2929107,67,63,17802,16643,13011,13802,275,516,19:29:48,0,2,185,3651,0,8807,158,202,1,3,0,2
ba,38830,SÃO FRANCISCO DO CONDE,2929206,108,82,33764,25206,18145,19101,362,594,19:29:47,6,3,358,2594,6,14818,149,188,1,10,1,11
ba,38792,SÃO FÉLIX,2929008,38,38,10118,10118,7859,8288,151,278,19:29:46,2,2,124,1331,1,6190,62,134,4,5,0,4
ba,38822,SÃO FÉLIX DO CORIBE,2929057,40,12,12580,3455,2712,2837,47,78,19:13:13,0,0,48,981,0,1617,25,37,1,1,1,1
ba,39896,SÃO GABRIEL,2929255,68,43,16440,9170,7603,7898,82,213,19:29:45,1,2,123,1197,0,6154,57,66,0,2,0,1
ba,38857,SÃO GONÇALO DOS CAMPOS,2929305,93,28,30041,7377,5855,6212,134,223,19:15:06,1,0,133,962,0,4603,51,103,0,1,0,1
ba,39926,SÃO JOSÉ DA VITÓRIA,2929354,19,19,5258,5258,3732,3954,52,170,19:01:48,0,1,72,1258,0,2313,39,44,0,4,0,1
ba,38865,SÃO JOSÉ DO JACUÍPE,2929370,27,19,8830,5734,4392,4660,107,161,18:56:04,1,1,98,1272,1,2932,40,44,0,2,0,1
ba,38873,SÃO MIGUEL DAS MATAS,2929404,35,29,9030,7053,5757,6023,75,191,19:17:21,1,0,105,1285,0,4206,79,72,0,1,0,8
ba,38890,SÃO SEBASTIÃO DO PASSÉ,2929503,105,61,34046,20152,15342,16132,255,535,19:32:04,1,0,254,2040,2,12682,163,182,0,7,2,9
ba,39144,SÍTIO DO MATO,2930758,38,17,11257,4832,3768,3891,42,81,19:29:46,0,0,74,1062,0,2583,25,24,0,0,0,0
ba,39900,SÍTIO DO QUINTO,2930766,34,15,9929,4023,3231,3391,28,132,19:21:05,0,2,59,731,0,2386,32,19,1,1,0,0
ba,39179,TABOCAS DO BREJO VELHO,2930907,36,16,11241,4663,3422,3577,37,118,19:21:08,0,0,68,885,1,2403,17,46,0,1,0,1
ba,39195,TANHAÇU,2931004,57,17,17984,4578,3687,3845,43,115,19:29:46,0,0,91,867,1,2637,43,44,0,1,2,1
ba,39918,TANQUE NOVO,2931053,45,7,14688,2722,2158,2263,47,58,19:29:47,0,0,74,501,0,1525,42,16,0,0,0,0
ba,39217,TANQUINHO,2931103,28,13,7717,3333,2697,2802,24,81,19:25:20,1,1,40,631,0,1958,12,51,0,0,2,1
ba,39233,TAPEROÁ,2931202,45,0,14359,0,0,0,0,0,20:14:10,0,0,0,0,0,0,0,0,0,0,0,0
ba,39250,TAPIRAMUTÁ,2931301,37,33,11283,9956,7008,7613,104,501,19:25:54,0,1,113,1800,0,4924,48,115,1,2,0,4
ba,39934,TEIXEIRA DE FREITAS,2931350,303,118,105045,35955,27524,28758,425,809,19:30:26,0,3,632,14682,3,11412,449,287,1,9,2,44
ba,39276,TEODORO SAMPAIO,2931400,24,24,6868,6868,5368,5631,76,187,19:21:03,0,0,100,630,2,4544,36,51,1,2,0,2
ba,39292,TEOFILÂNDIA,2931509,62,31,18692,9085,6743,7118,107,268,19:29:45,0,2,130,1193,2,5306,59,42,1,2,0,6
ba,39314,TEOLÂNDIA,2931608,37,9,11256,2380,1869,1959,34,56,19:13:14,0,0,41,507,0,1279,10,31,0,1,0,0
ba,39330,TERRA NOVA,2931707,35,23,10480,6793,5105,5424,101,218,19:21:05,2,2,85,906,1,3958,54,91,0,2,0,4
ba,39357,TREMEDAL,2931806,51,39,15421,10940,7876,8286,71,339,19:29:46,0,1,203,2203,2,5299,79,85,0,0,0,4
ba,39373,TUCANO,2931905,133,80,41771,23681,18221,19155,262,672,19:29:46,3,1,334,3705,12,13808,255,93,1,3,1,5
ba,39390,UAUÁ,2932002,82,79,22079,21296,16865,17525,215,445,19:31:16,4,2,301,2554,2,13665,241,86,1,2,1,6
ba,39438,UBAITABA,2932200,43,41,14272,13587,9711,10156,118,327,19:31:17,3,2,217,3614,2,5624,93,140,1,6,3,6
ba,39454,UBATÃ,2932309,41,41,11980,11980,8712,9222,121,389,19:26:24,0,3,227,3051,2,5152,119,152,0,4,0,2
ba,39411,UBAÍRA,2932101,54,52,15896,15262,11384,12133,206,543,19:22:22,0,4,300,3517,2,7335,84,131,0,7,2,2
ba,39470,UIBAÍ,2932408,43,31,12012,9024,7211,7512,110,191,19:32:26,0,1,127,1392,4,5547,83,53,0,1,0,3
ba,39489,UMBURANAS,2932457,35,19,11651,6508,4865,5062,38,159,19:29:46,0,0,55,1454,2,3245,44,59,0,1,0,5
ba,39497,UNA,2932507,64,59,16864,15231,10791,11393,180,422,19:32:04,1,5,231,4414,1,5790,190,139,1,9,1,9
ba,39519,URANDI,2932606,43,41,13766,13117,10210,10558,124,224,19:29:46,1,3,178,2271,2,7593,92,61,0,3,0,6
ba,39535,URUÇUCA,2932705,62,58,18222,16701,12204,12840,145,491,19:21:41,1,1,209,4261,1,7472,128,121,1,5,0,4
ba,39551,UTINGA,2932804,42,24,13057,6853,5159,5387,55,173,19:21:06,1,0,91,1426,1,3523,45,70,0,1,0,1
ba,39594,VALENTE,2933000,73,69,20175,19199,15725,16616,258,633,19:21:41,1,2,498,5338,4,9452,201,200,2,11,1,15
ba,39578,VALENÇA,2932903,195,41,66657,12914,9734,10428,251,443,19:21:08,1,2,279,3019,1,6083,142,197,1,3,1,5
ba,39624,VARZEDO,2933174,30,15,9468,4537,3608,3796,48,140,19:23:13,0,1,79,1108,0,2327,26,64,0,0,0,3
ba,39632,VERA CRUZ,2933208,107,18,36715,6839,5171,5372,78,123,20:02:10,0,1,121,1190,3,3727,59,68,0,2,0,0
ba,39640,VEREDA,2933257,23,11,6714,2773,2071,2140,22,47,19:32:04,0,1,40,651,0,1348,18,8,1,1,1,2
ba,39659,VITÓRIA DA CONQUISTA,2933307,766,455,265595,154572,120481,127272,2411,4380,20:02:10,42,21,3687,52967,50,58830,2573,1985,18,119,8,181
ba,39977,VÁRZEA DA ROÇA,2933059,38,24,10928,6302,4755,5086,124,207,19:30:27,1,0,110,1236,2,3304,47,54,0,1,0,0
ba,39616,VÁRZEA DO POÇO,2933109,25,25,7284,7284,5605,5905,77,223,19:15:05,5,2,126,1426,1,3937,47,53,0,5,0,3
ba,39950,VÁRZEA NOVA,2933158,36,36,10874,10874,8316,8855,142,397,19:23:44,2,1,191,2228,2,5666,80,142,0,4,0,0
ba,39675,WAGNER,2933406,22,13,6804,3641,2824,2953,36,93,19:21:06,0,0,40,772,0,1962,26,22,1,0,0,1
ba,39993,WANDERLEY,2933455,36,22,10702,6541,5059,5214,52,103,19:22:22,0,1,67,1797,0,3121,26,46,0,1,0,0
ba,39691,WENCESLAU GUIMARÃES,2933505,54,31,16675,9370,6955,7311,118,238,19:25:20,1,1,148,2279,0,4364,66,89,0,4,1,2
ba,39713,XIQUE-XIQUE,2933604,124,71,35384,19027,14173,14883,199,511,19:24:47,0,4,261,4211,0,9277,193,210,3,2,2,10
ba,33073,ÁGUA FRIA,2900405,45,22,13416,6668,4947,5302,101,254,19:32:04,0,1,114,963,1,3766,37,58,1,5,0,1
ba,33090,ÉRICO CARDOSO,2900504,34,23,8440,5562,3964,4214,47,203,19:11:25,2,0,69,874,0,2903,41,70,0,1,1,3
ce,13013,ABAIARA,2300101,28,8,7775,2339,1698,1802,38,66,20:02:01,0,0,31,286,1,1361,18,1,0,0,0,0
ce,13145,ACARAPE,2300150,41,11,12546,3390,2821,2957,59,77,19:29:39,0,0,65,1218,0,1469,47,21,0,0,0,1
ce,13030,ACARAÚ,2300200,167,82,49197,24110,18463,19469,329,677,19:32:16,3,3,395,6470,3,11229,267,77,0,2,1,13
ce,13056,ACOPIARA,2300309,146,86,38571,23373,18311,19376,344,721,19:24:37,0,4,313,4110,6,13489,259,111,1,14,2,2
ce,13072,AIUABA,2300408,45,28,11440,7221,5367,5618,58,193,19:17:20,0,1,107,810,1,4337,70,38,0,2,0,1
ce,13099,ALCÂNTARAS,2300507,36,22,10265,6338,4811,5074,105,158,19:22:13,0,1,126,930,0,3644,62,46,0,0,1,1
ce,13110,ALTANEIRA,2300606,27,27,6949,6949,5413,5670,54,203,19:23:45,0,2,88,669,2,4500,128,21,0,0,1,2
ce,13137,ALTO SANTO,2300705,50,43,12108,10278,8276,8615,130,209,19:23:45,0,2,170,1889,1,6002,157,49,0,2,0,4
ce,15873,AMONTADA,2300754,130,60,36349,16976,13156,13738,192,390,20:04:01,1,2,193,3347,0,9350,193,62,0,4,1,3
ce,13153,ANTONINA DO NORTE,2300804,30,30,7089,7089,5198,5468,64,206,19:07:25,0,0,77,791,1,4169,138,19,0,2,0,1
ce,13170,APUIARÉS,2300903,48,3,12696,799,642,669,10,17,17:58:49,1,0,14,151,0,447,25,2,0,2,0,0
ce,13196,AQUIRAZ,2301000,229,97,69632,28922,23612,24860,429,819,19:24:38,3,5,686,8842,11,13414,427,190,0,10,2,22
ce,13218,ARACATI,2301109,206,146,57417,41175,33232,34958,787,939,19:25:44,10,8,1094,10590,8,20783,546,171,2,9,1,10
ce,13234,ARACOIABA,2301208,91,46,24943,12837,10713,11167,176,278,19:25:21,0,0,194,3256,1,7015,183,52,3,6,0,3
ce,13420,ARARENDÁ,2301257,37,23,9705,5834,4678,4866,55,133,19:07:43,0,0,67,1109,3,3403,52,33,0,1,0,10
ce,13250,ARARIPE,2301307,67,51,17494,13539,10376,10874,119,379,19:29:38,0,1,150,1539,2,8498,136,42,0,4,0,4
ce,13277,ARATUBA,2301406,40,29,12289,8613,6746,7103,142,215,19:11:21,1,0,138,1721,1,4739,93,50,0,3,0,0
ce,13293,ARNEIROZ,2301505,25,19,6939,5182,3891,4031,39,101,19:30:20,0,0,105,821,1,2884,55,21,0,2,0,2
ce,13315,ASSARÉ,2301604,72,53,18914,13400,10102,10628,182,344,19:23:45,1,2,277,1943,3,7628,182,58,1,5,0,2
ce,13331,AURORA,2301703,79,63,20292,15892,11877,12631,221,533,19:22:12,0,2,259,2718,0,8607,192,87,0,6,1,5
ce,13358,BAIXIO,2301802,23,21,5464,5065,4085,4240,36,119,19:12:43,1,0,51,659,1,3303,45,23,1,1,0,0
ce,13382,BANABUIÚ,2301851,56,56,15673,15673,12727,13185,139,319,20:02:01,0,0,177,2774,1,9529,155,84,0,3,0,4
ce,13374,BARBALHA,2301901,171,115,53415,34683,27901,29271,466,904,19:29:38,5,2,699,7883,7,18562,549,160,0,17,1,16
ce,13129,BARREIRA,2301950,63,0,19586,0,0,0,0,0,20:14:08,0,0,0,0,0,0,0,0,0,0,0,0
ce,13390,BARRO,2302008,59,57,17005,16346,11970,12666,162,534,19:25:21,1,1,192,1866,4,9648,173,76,1,5,0,3
ce,13404,BARROQUINHA,2302057,49,0,15207,0,0,0,0,0,20:14:08,0,0,0,0,0,0,0,0,0,0,0,0
ce,13412,BATURITÉ,2302107,97,54,28552,15308,12266,12883,231,386,19:31:53,2,0,222,3088,1,8669,206,72,0,1,0,5
ce,13439,BEBERIBE,2302206,166,81,46979,22334,18114,19209,384,711,20:02:01,2,0,519,5934,1,11157,330,147,1,8,3,12
ce,13455,BELA CRUZ,2302305,81,54,21553,14407,11210,11954,247,497,19:32:15,1,1,295,4121,3,6482,252,45,0,3,1,6
ce,13471,BOA VIAGEM,2302404,161,71,42595,18331,13965,14725,258,502,19:32:16,0,2,568,3319,2,9661,250,147,0,5,1,10
ce,13498,BREJO SANTO,2302503,136,125,36964,33174,26265,27548,369,914,19:32:16,6,2,446,5470,6,19774,431,105,0,12,1,12
ce,13510,CAMOCIM,2302602,177,121,50991,34395,26490,27848,505,853,20:02:01,4,2,881,8920,5,15959,581,114,2,10,1,11
ce,13536,CAMPOS SALES,2302701,77,76,20555,20218,15513,16215,185,517,19:29:38,1,0,277,2607,8,12319,228,67,0,2,1,3
ce,13552,CANINDÉ,2302800,222,33,60219,7419,5930,6194,56,208,19:24:38,2,0,132,1274,2,4385,107,23,0,3,0,2
ce,13579,CAPISTRANO,2302909,56,50,16205,14238,11600,12061,180,281,19:29:59,1,0,224,2774,2,8392,133,61,0,7,1,5
ce,13595,CARIDADE,2303006,66,63,17474,16615,13264,13932,208,460,19:25:45,3,1,323,3163,1,9476,216,80,0,1,0,0
ce,13633,CARIRIAÇU,2303204,97,80,24954,20996,16504,17312,195,613,19:20:56,4,3,427,3753,3,11956,249,87,2,10,4,6
ce,13617,CARIRÉ,2303105,58,22,15391,6300,4704,5039,108,227,19:28:54,1,2,104,1537,1,2942,77,31,0,3,0,6
ce,13650,CARIÚS,2303303,58,47,15846,12813,10091,10592,148,353,19:32:15,1,1,192,2038,0,7682,127,37,0,8,0,5
ce,13676,CARNAUBAL,2303402,53,39,14575,10318,7601,8197,124,472,19:07:43,1,2,187,2402,2,4785,146,70,0,4,0,2
ce,13692,CASCAVEL,2303501,216,142,60466,38621,30983,32845,693,1169,19:29:59,3,3,912,10842,12,18385,557,223,1,11,4,30
ce,13714,CATARINA,2303600,35,29,9892,8300,5891,6160,70,199,19:29:40,0,1,133,1303,1,4342,63,45,0,1,0,2
ce,13447,CATUNDA,2303659,32,25,9313,7223,5700,5912,77,135,19:12:43,1,1,66,1088,1,4444,65,34,0,0,0,0
ce,13730,CAUCAIA,2303709,783,575,249622,182528,149524,158069,3031,5514,19:31:53,42,21,4760,55950,33,83286,3677,1428,22,152,15,138
ce,13757,CEDRO,2303808,78,64,20348,16772,12877,13594,210,507,19:20:57,0,4,205,2720,3,9609,250,73,2,3,0,8
ce,13773,CHAVAL,2303907,47,39,10966,9101,6748,7130,147,235,19:23:23,0,1,136,1369,1,5114,93,31,0,0,0,3
ce,13161,CHOROZINHO,2303956,64,0,18301,0,0,0,0,0,20:14:09,0,0,0,0,0,0,0,0,0,0,0,0
ce,13463,CHORÓ,2303931,43,29,11642,7978,6275,6517,70,172,19:11:44,0,1,103,1439,0,4621,76,31,0,0,0,4
ce,13811,COREAÚ,2304004,83,81,19700,19252,14941,15852,319,592,20:04:52,1,0,265,4055,1,10321,213,80,1,2,0,2
ce,13838,CRATEÚS,2304103,212,156,60099,43466,34401,36269,460,1408,19:31:53,7,9,443,9240,5,24061,457,150,4,11,2,12
ce,13854,CRATO,2304202,327,237,95932,68607,56818,59184,780,1586,19:24:37,14,3,1099,11138,15,43052,1083,316,11,42,3,42
ce,15881,CROATÁ,2304236,57,30,15338,7473,5547,5899,128,224,19:23:45,2,1,143,1266,1,3979,105,43,0,3,0,4
ce,15890,CRUZ,2304251,84,53,23786,14322,11129,11866,224,513,20:04:52,1,2,324,3958,0,6604,189,42,0,1,1,7
ce,15989,DEPUTADO IRAPUAN PINHEIRO,2304269,29,26,7474,6480,5177,5454,99,178,19:25:44,1,0,116,951,0,3950,94,60,0,1,2,2
ce,13200,ERERÉ,2304277,21,17,5605,4481,3475,3619,35,109,19:00:12,1,0,71,622,0,2708,43,30,0,0,0,0
ce,13226,EUSÉBIO,2304285,184,158,59877,51034,40982,43013,841,1190,19:25:44,13,9,1492,18618,8,19367,972,424,6,24,4,45
ce,13870,FARIAS BRITO,2304301,65,0,17579,0,0,0,0,0,20:14:08,0,0,0,0,0,0,0,0,0,0,0,0
ce,15911,FORQUILHA,2304350,66,22,19740,6347,5042,5434,177,215,19:12:42,0,2,170,1886,1,2775,152,50,0,2,1,3
ce,13897,FORTALEZA,2304400,5335,4443,1795713,1465955,1219059,1275806,21328,35419,20:04:52,333,217,36640,483380,572,647174,31287,15595,209,1420,158,2074
ce,13501,FORTIM,2304459,54,4,17196,1314,1021,1062,23,18,19:20:56,1,0,43,382,0,543,48,4,0,0,0,0
ce,13919,FRECHEIRINHA,2304509,46,19,13849,5649,4539,4813,86,188,19:29:38,1,1,95,1594,0,2728,101,17,0,1,0,1
ce,13935,GENERAL SAMPAIO,2304608,30,23,8274,6533,5098,5281,65,118,19:17:20,1,0,86,1234,1,3663,67,41,1,1,0,3
ce,13951,GRANJA,2304707,159,88,44060,23362,17550,18789,412,827,19:25:45,1,3,286,3277,2,13575,323,78,0,2,2,1
ce,13978,GRANJEIRO,2304806,22,0,6328,0,0,0,0,0,20:14:09,0,0,0,0,0,0,0,0,0,0,0,0
ce,13064,GRAÇA,2304657,47,3,12854,619,367,428,10,51,18:44:26,0,0,9,63,0,281,4,10,0,0,0,0
ce,13994,GROAÍRAS,2304905,34,1,9842,199,149,172,11,12,19:28:54,0,0,1,59,0,86,2,0,0,1,0,0
ce,13242,GUAIÚBA,2304954,73,46,20884,12694,10564,11044,158,322,19:23:45,0,2,190,2731,6,7456,108,67,1,2,1,0
ce,14010,GUARACIABA DO NORTE,2305001,127,74,34685,19573,14606,15516,271,639,19:25:44,2,2,380,4453,4,9401,230,121,2,2,1,8
ce,14036,GUARAMIRANGA,2305100,24,24,6646,6646,5158,5447,98,191,19:24:39,0,0,92,1378,2,3543,100,36,0,3,0,4
ce,14052,HIDROLÂNDIA,2305209,59,9,16000,2397,1886,1977,23,68,18:27:08,0,0,52,599,1,1191,28,13,0,0,0,2
ce,13188,HORIZONTE,2305233,201,189,62776,58612,47171,50089,1229,1689,19:25:21,22,8,1696,16737,16,27212,1093,340,2,24,2,19
ce,14060,IBARETAMA,2305266,48,37,13532,10314,8342,8695,98,255,19:30:20,2,1,119,1755,1,6312,106,42,0,2,1,1
ce,14079,IBIAPINA,2305308,86,55,20158,12421,9281,10006,221,504,19:25:21,1,0,322,3320,2,5352,177,95,0,2,1,9
ce,15920,IBICUITINGA,2305332,48,20,12514,5207,4306,4483,72,105,20:04:52,0,0,84,1159,0,3000,40,20,0,2,0,1
ce,15938,ICAPUÍ,2305357,56,0,17718,0,0,0,0,0,20:14:08,0,0,0,0,0,0,0,0,0,0,0,0
ce,14095,ICÓ,2305407,185,114,51307,31547,24103,25252,348,801,19:20:57,2,5,545,6223,4,16699,434,170,1,8,5,7
ce,14117,IGUATU,2305506,261,220,71278,60172,48830,51070,766,1474,19:29:37,8,4,935,9824,14,36817,962,222,2,20,1,21
ce,14133,INDEPENDÊNCIA,2305605,98,74,21208,16561,13216,13779,150,413,20:05:04,1,4,165,3600,3,9178,118,142,1,1,0,3
ce,13340,IPAPORANGA,2305654,38,26,10349,6827,5233,5482,67,182,19:23:45,0,1,77,1319,0,3735,67,30,0,3,0,1
ce,14150,IPAUMIRIM,2305704,36,34,9459,8733,6953,7309,103,253,18:37:15,0,0,143,1250,0,5430,82,43,0,1,1,3
ce,14176,IPU,2305803,117,66,33130,18743,15278,15982,196,508,19:23:45,5,3,372,4334,2,10234,218,95,1,4,0,10
ce,14192,IPUEIRAS,2305902,134,104,30943,23362,17144,18252,306,802,20:02:01,0,4,324,4834,2,11561,279,126,3,6,3,2
ce,14214,IRACEMA,2306009,43,42,12096,11821,9039,9367,89,239,19:24:38,0,0,142,2053,3,6686,102,44,0,4,1,4
ce,14230,IRAUÇUBA,2306108,70,33,19467,8927,7315,7645,102,228,19:07:43,1,1,110,1918,1,5139,117,23,0,1,0,4
ce,13480,ITAITINGA,2306256,134,133,38235,37893,31164,32898,631,1103,19:22:35,5,9,1089,11646,2,17530,607,233,3,16,8,16
ce,14257,ITAIÇABA,2306207,26,25,7213,6914,5670,5933,110,153,19:25:21,1,1,161,1787,3,3588,85,32,0,1,1,10
ce,14273,ITAPAJÉ,2306306,140,82,39662,23018,18732,19591,303,556,19:29:38,4,1,327,7531,2,10432,275,141,2,4,0,13
ce,14290,ITAPIPOCA,2306405,361,182,103228,54974,45016,47026,723,1287,19:31:07,8,7,901,12975,6,29821,983,266,4,20,4,21
ce,14311,ITAPIÚNA,2306504,58,40,16385,11268,8849,9303,148,306,19:29:37,1,1,163,2549,1,5997,88,47,0,1,0,1
ce,15954,ITAREMA,2306553,116,21,34502,5888,4481,4709,77,151,19:22:13,0,0,79,1644,1,2688,49,15,0,3,0,2
ce,14338,ITATIRA,2306603,69,20,19602,5951,4262,4468,61,145,19:24:37,0,1,74,940,1,3147,62,34,0,2,1,0
ce,14354,JAGUARETAMA,2306702,58,45,15538,11910,9448,9871,144,279,19:25:44,0,1,238,2023,2,6968,153,52,0,5,0,6
ce,14370,JAGUARIBARA,2306801,31,25,8993,7111,5898,6141,68,175,19:29:39,3,0,116,1304,0,4354,79,35,0,4,0,3
ce,14397,JAGUARIBE,2306900,102,80,29394,22960,17922,18689,236,531,19:25:21,3,1,394,3958,2,13039,345,154,1,11,1,13
ce,14419,JAGUARUANA,2307007,109,62,28915,16958,13135,14225,548,542,19:23:45,2,4,336,4321,3,8212,183,63,1,6,0,4
ce,14435,JARDIM,2307106,87,77,22592,19822,14611,15473,225,637,20:04:52,1,3,339,3052,1,10954,155,94,0,6,3,3
ce,14451,JATI,2307205,27,24,7093,6042,4542,4819,76,201,19:23:45,1,0,75,754,0,3652,36,20,0,3,0,1
ce,13005,JIJOCA DE JERICOACOARA,2307254,72,62,21575,18721,14490,15179,223,466,19:22:35,0,2,464,5569,0,8048,316,82,0,6,0,3
ce,14478,JUAZEIRO DO NORTE,2307304,646,600,200346,186265,150369,156972,2386,4217,19:31:07,44,19,4683,39979,33,100187,4113,1003,14,137,17,140
ce,14494,JUCÁS,2307403,79,78,20189,19987,14873,15814,302,639,19:23:23,2,1,315,3543,6,10626,239,133,0,5,1,2
ce,14516,LAVRAS DA MANGABEIRA,2307502,90,69,24134,18133,14017,14689,188,484,19:29:37,0,2,202,2695,1,10834,213,55,2,8,1,4
ce,14532,LIMOEIRO DO NORTE,2307601,162,65,46944,18070,14673,15318,241,404,19:29:38,6,4,426,4148,6,9578,392,90,1,9,1,12
ce,13021,MADALENA,2307635,50,19,14764,6128,4690,4910,82,138,19:29:39,0,0,147,1201,2,3234,75,28,0,0,0,3
ce,15857,MARACANAÚ,2307650,559,420,179488,134732,112801,118167,2068,3298,20:02:01,25,10,3381,44551,32,60727,2770,1102,12,78,20,93
ce,14559,MARANGUAPE,2307700,293,272,83544,76955,64029,67175,1153,1993,20:02:01,7,2,1513,22486,10,38238,1150,545,0,33,2,43
ce,14575,MARCO,2307809,85,85,23434,23434,18710,19885,465,710,19:29:59,0,2,378,8386,3,9649,221,61,0,2,2,6
ce,14591,MARTINÓPOLE,2307908,35,20,10730,5803,4776,4992,66,150,19:22:35,1,0,102,995,0,3591,71,15,1,0,0,0
ce,14613,MASSAPÊ,2308005,115,88,31825,24247,19622,20953,593,738,19:24:38,8,2,469,6097,2,12586,311,128,2,11,1,5
ce,14630,MAURITI,2308104,140,80,36552,20528,16381,17201,214,606,19:28:54,3,1,215,4368,1,11500,211,72,0,1,1,8
ce,14656,MERUOCA,2308203,46,31,13277,8874,7031,7560,232,297,19:28:54,2,1,185,1917,1,4689,146,85,0,3,0,2
ce,14672,MILAGRES,2308302,91,73,22637,17700,13672,14332,187,473,19:29:38,1,0,228,2000,2,11132,242,51,0,5,2,9
ce,15970,MILHÃ,2308351,40,30,11291,8340,6789,7010,71,150,19:24:37,0,0,127,1391,1,5108,102,53,0,3,0,4
ce,14680,MIRAÍMA,2308377,45,38,12141,10260,8193,8489,95,201,19:25:21,0,1,134,1505,0,6382,108,57,0,2,0,4
ce,14699,MISSÃO VELHA,2308401,113,36,30981,10592,8141,8506,107,258,19:32:15,0,0,125,1757,3,6051,151,46,2,3,0,3
ce,14710,MOMBAÇA,2308500,119,99,32520,26280,19646,20743,248,849,19:25:44,0,2,358,4347,3,14615,209,104,0,2,0,6
ce,14737,MONSENHOR TABOSA,2308609,57,56,14947,14629,11114,11730,191,425,20:04:52,1,2,144,2757,3,8009,121,68,0,5,0,4
ce,14753,MORADA NOVA,2308708,199,112,56913,31598,25068,26586,550,968,19:30:38,0,4,830,8617,7,14906,425,241,3,20,1,14
ce,14770,MORAÚJO,2308807,33,26,8262,6287,4828,5099,110,161,19:30:00,1,1,97,1318,0,3316,60,30,1,1,1,2
ce,14796,MORRINHOS,2308906,68,45,19053,12425,9848,10375,224,303,19:16:37,0,2,164,4800,1,4684,169,22,1,1,1,3
ce,14818,MUCAMBO,2309003,45,34,12736,9954,7259,7808,184,365,19:29:39,2,2,243,1910,2,4921,118,56,0,2,0,3
ce,14834,MULUNGU,2309102,33,31,9751,8927,7095,7431,91,245,19:09:47,0,0,92,1991,0,4910,71,27,0,0,0,4
ce,14850,NOVA OLINDA,2309201,46,45,12790,12455,9956,10376,131,289,19:20:56,1,0,184,2128,1,7447,152,39,0,0,0,4
ce,14877,NOVA RUSSAS,2309300,99,74,24866,18910,14510,15325,272,543,19:24:37,3,1,273,4317,6,9574,220,100,1,6,3,6
ce,14893,NOVO ORIENTE,2309409,91,71,23218,17727,12965,13765,241,559,19:14:09,0,6,164,2944,5,9620,163,51,1,5,1,5
ce,13307,OCARA,2309458,98,30,25191,7269,6201,6466,94,171,19:25:44,0,0,148,1682,0,4239,98,26,0,5,0,3
ce,14915,ORÓS,2309508,68,46,17682,11760,9015,9400,112,273,19:32:16,0,3,153,2111,3,6517,138,78,0,4,0,8
ce,14931,PACAJUS,2309607,186,135,54458,39202,32438,34277,737,1102,20:04:52,11,4,1157,12370,5,17885,732,238,2,14,1,19
ce,14958,PACATUBA,2309706,185,146,57825,45338,37008,38892,683,1201,19:31:54,5,6,1065,14009,7,20801,745,316,3,20,7,24
ce,14974,PACOTI,2309805,48,48,10776,10776,8498,9015,151,366,19:20:55,0,2,161,2030,0,6128,113,57,1,1,2,3
ce,14990,PACUJÁ,2309904,22,3,6659,808,631,666,12,23,18:49:58,0,0,7,98,0,512,5,8,0,1,0,0
ce,15016,PALHANO,2310001,35,30,9841,8358,6837,7116,90,189,19:24:38,0,0,167,2523,2,3962,121,54,1,3,1,3
ce,15032,PALMÁCIA,2310100,40,39,9908,9576,7629,8069,123,317,19:20:54,1,0,136,2189,1,5129,112,51,0,6,1,3
ce,15059,PARACURU,2310209,115,115,33717,33717,26629,28122,512,981,19:32:16,3,8,620,8698,7,16637,446,182,1,14,0,13
ce,15997,PARAIPABA,2310258,93,85,27584,24773,20270,21195,292,633,19:20:56,5,1,548,7803,1,11468,335,93,1,11,0,4
ce,15075,PARAMBU,2310308,109,87,27269,21750,15386,16419,296,737,19:25:21,4,2,213,5209,1,9614,224,110,3,1,2,3
ce,15091,PARAMOTI,2310407,42,41,10188,9844,7938,8304,97,269,19:07:43,2,0,138,1873,0,5781,97,42,0,4,0,1
ce,15113,PEDRA BRANCA,2310506,138,114,34612,28790,21240,22426,295,891,19:32:15,5,4,410,3662,3,16747,307,96,1,2,0,3
ce,15130,PENAFORTE,2310605,30,0,8694,0,0,0,0,0,20:14:06,0,0,0,0,0,0,0,0,0,0,0,0
ce,15156,PENTECOSTE,2310704,105,48,32386,14584,11883,12269,158,228,19:29:39,1,0,249,3364,2,8015,185,55,0,6,0,6
ce,15172,PEREIRO,2310803,59,51,14487,12099,9307,9787,144,336,19:24:38,0,0,129,1730,0,7151,233,57,0,2,1,4
ce,13285,PINDORETAMA,2310852,67,14,21261,4618,3720,3912,60,132,19:22:12,0,0,92,1132,0,2407,71,15,0,2,0,1
ce,15199,PIQUET CARNEIRO,2310902,43,28,12098,7866,6061,6347,98,188,19:20:56,0,1,67,1395,0,4486,83,25,0,4,0,0
ce,13048,PIRES FERREIRA,2310951,32,0,8610,0,0,0,0,0,20:14:09,0,0,0,0,0,0,0,0,0,0,0,0
ce,15210,PORANGA,2311009,42,37,10071,8504,6582,6879,51,246,19:29:38,2,2,88,1117,1,5268,70,28,1,5,0,0
ce,15237,PORTEIRAS,2311108,58,42,14641,10880,8402,8759,93,264,19:31:07,1,1,82,1318,0,6870,112,16,0,0,0,2
ce,15253,POTENGI,2311207,33,23,8102,5533,4416,4631,53,162,19:12:59,0,0,46,573,0,3715,58,23,0,1,0,0
ce,13269,POTIRETAMA,2311231,22,17,5834,4718,3988,4091,40,63,19:23:23,0,0,76,954,0,2885,49,24,0,0,0,0
ce,13102,QUITERIANÓPOLIS,2311264,64,45,16987,11796,9163,9654,128,363,19:29:39,2,3,244,1885,1,6861,68,92,1,3,0,3
ce,15270,QUIXADÁ,2311306,217,128,61599,33535,26997,28365,494,874,19:32:16,2,4,440,9293,3,16676,376,180,2,5,5,11
ce,98531,QUIXELÔ,2311355,53,13,14956,3457,2871,3004,40,93,19:25:21,0,0,29,532,1,2266,31,11,0,1,0,0
ce,15296,QUIXERAMOBIM,2311405,218,42,60112,11144,8978,9330,123,229,19:30:20,0,0,175,1769,3,6818,146,64,0,2,0,1
ce,15318,QUIXERÉ,2311504,63,0,18875,0,0,0,0,0,20:14:10,0,0,0,0,0,0,0,0,0,0,0,0
ce,15334,REDENÇÃO,2311603,85,22,24248,5812,4621,4901,126,154,19:29:38,0,0,148,1325,2,3042,57,42,0,2,0,3
ce,15350,RERIUTABA,2311702,62,52,15853,12817,10250,10783,196,337,20:02:01,8,1,270,2166,1,7520,190,85,0,5,0,4
ce,15377,RUSSAS,2311801,200,156,58537,44493,36090,37845,656,1099,19:30:00,6,2,1145,11262,9,22549,808,272,1,16,4,16
ce,15393,SABOEIRO,2311900,50,38,12621,9795,7552,7927,99,276,19:25:44,1,1,94,1406,0,5910,107,33,0,0,0,0
ce,15440,SALITRE,2311959,52,34,14839,8996,7129,7406,66,211,19:29:39,1,0,81,1676,0,5289,50,25,0,1,3,3
ce,15458,SANTA QUITÉRIA,2312205,125,75,33618,20777,16458,17306,325,523,19:30:37,5,1,454,3515,5,11980,331,154,0,5,0,8
ce,15415,SANTANA DO ACARAÚ,2312007,107,76,25778,18790,15047,15825,327,451,19:30:00,4,3,358,3677,0,10712,201,74,0,8,1,9
ce,15431,SANTANA DO CARIRI,2312106,56,34,13899,8544,6788,7082,61,233,19:29:37,3,1,110,897,0,5642,85,43,0,6,0,1
ce,15555,SENADOR POMPEU,2312700,80,64,20302,15688,12422,13148,187,539,19:12:59,1,4,258,3718,0,8232,139,63,1,0,2,4
ce,15571,SENADOR SÁ,2312809,23,0,7038,0,0,0,0,0,20:14:09,0,0,0,0,0,0,0,0,0,0,0,0
ce,15598,SOBRAL,2312908,502,241,153073,70808,56095,60268,2052,2121,19:28:54,10,9,1837,20490,19,31432,1516,688,5,26,9,54
ce,15610,SOLONÓPOLE,2313005,50,32,14292,8484,6714,6971,67,190,19:20:57,1,3,251,1645,4,4640,113,53,0,4,0,0
ce,15474,SÃO BENEDITO,2312304,140,94,37548,25216,18871,20474,629,974,19:28:54,7,2,444,6619,5,11230,402,139,2,5,4,12
ce,15490,SÃO GONÇALO DO AMARANTE,2312403,170,148,51355,43935,34759,36739,748,1232,20:05:04,4,6,1178,13167,11,19484,620,245,3,13,2,26
ce,15512,SÃO JOÃO DO JAGUARIBE,2312502,24,0,5965,0,0,0,0,0,20:14:08,0,0,0,0,0,0,0,0,0,0,0,0
ce,15539,SÃO LUÍS DO CURU,2312601,41,34,12630,10066,7866,8283,148,269,19:25:43,4,2,156,2245,0,5306,101,44,2,2,2,2
ce,15636,TABULEIRO DO NORTE,2313104,96,71,26004,19139,14985,15639,277,377,19:25:21,1,1,332,3165,4,11131,283,58,0,6,0,4
ce,15652,TAMBORIL,2313203,89,77,21345,18072,13856,14643,201,586,20:05:04,0,2,177,3037,4,10424,133,69,1,2,1,6
ce,13366,TARRAFAS,2313252,29,26,7393,6514,4843,5135,103,189,20:02:01,0,0,78,773,1,3899,65,25,0,1,0,1
ce,15679,TAUÁ,2313302,186,169,47270,43300,32816,34722,557,1349,19:29:38,3,5,494,10441,4,21073,415,363,1,10,1,6
ce,13323,TEJUÇUOCA,2313351,61,40,15973,11049,8876,9314,126,312,19:29:39,0,1,238,2371,0,6091,114,57,0,2,0,2
ce,15695,TIANGUÁ,2313401,222,94,59588,22977,18679,19947,509,759,19:30:00,3,3,477,7671,5,10079,320,107,0,5,3,6
ce,15717,TRAIRI,2313500,183,111,49869,29038,23728,24786,366,692,19:30:20,5,2,528,7346,7,15337,338,145,0,10,4,6
ce,13080,TURURU,2313559,62,46,15653,11296,9161,9643,156,326,19:29:40,0,1,189,2882,1,5915,111,57,1,1,0,3
ce,15733,UBAJARA,2313609,95,3,27963,926,694,730,11,25,19:20:57,0,1,17,258,1,393,14,9,0,1,0,0
ce,15750,UMARI,2313708,26,25,6522,6177,4900,5092,43,149,19:29:39,0,0,80,1053,0,3698,51,17,0,0,0,1
ce,98558,UMIRIM,2313757,56,33,16067,8841,6984,7288,103,201,19:25:44,2,0,103,1750,1,4973,109,41,2,1,0,2
ce,15776,URUBURETAMA,2313807,65,58,18709,16702,13229,13914,243,442,19:31:54,1,1,241,3783,1,8950,180,61,0,3,0,8
ce,15792,URUOCA,2313906,41,17,11317,4186,3404,3554,41,109,19:24:38,0,0,50,868,0,2450,26,9,0,0,0,1
ce,98574,VARJOTA,2313955,59,2,15992,573,472,494,6,16,19:28:54,0,0,18,156,0,289,5,2,0,0,0,2
ce,15830,VIÇOSA DO CEARÁ,2314102,181,83,48288,22465,17209,18374,409,756,20:02:01,1,3,359,5402,5,11056,261,112,0,3,0,7
ce,15814,VÁRZEA ALEGRE,2314003,116,96,32554,26678,20742,21844,347,755,19:31:53,5,2,384,4383,4,15489,329,135,0,5,0,6
df,97012,BRASÍLIA,5300108,6969,6935,2258320,2245263,1762818,1820986,25208,32960,19:29:32,711,334,45711,904230,826,672045,46429,84648,380,2284,322,4898
es,56014,AFONSO CLÁUDIO,3200102,83,81,26254,25473,17917,18780,332,531,19:04:12,6,4,497,10657,5,6019,302,363,3,15,0,46
es,56030,ALEGRE,3200201,93,93,23554,23554,17078,17940,293,569,18:32:09,3,3,360,8645,5,7395,315,304,0,17,2,29
es,56057,ALFREDO CHAVES,3200300,49,49,12984,12984,9603,10050,186,261,18:56:33,3,1,274,6510,0,2428,139,224,0,3,2,19
es,56065,ALTO RIO NOVO,3200359,24,24,6545,6545,4821,5055,96,138,18:20:29,0,1,174,2039,1,2489,74,35,0,1,0,7
es,56073,ANCHIETA,3200409,94,94,24797,24797,19472,20320,351,497,19:24:39,4,1,521,11105,5,7084,441,250,1,9,2,49
es,56090,APIACÁ,3200508,25,25,6320,6320,4686,4906,72,148,18:31:51,1,0,85,2315,0,2122,82,71,0,0,0,10
es,56111,ARACRUZ,3200607,240,240,75118,75118,55209,57900,1135,1556,19:29:52,28,11,1790,30223,15,20915,1258,791,3,26,8,141
es,56138,ATÍLIO VIVÁCQUA,3200706,30,30,9255,9255,7313,7559,100,146,19:20:55,5,1,132,4111,1,2859,85,110,1,0,0,8
es,56154,BAIXO GUANDU,3200805,90,90,24892,24892,18410,19243,336,497,19:02:26,8,6,450,10475,7,6841,368,192,3,11,2,47
es,56170,BARRA DE SÃO FRANCISCO,3200904,115,111,34548,33463,23862,24794,344,588,19:12:57,10,3,533,12855,4,9664,434,281,0,15,2,61
es,56197,BOA ESPERANÇA,3201001,39,39,11266,11266,8621,8994,113,260,18:21:09,0,0,201,4047,2,4123,101,128,0,4,2,13
es,56219,BOM JESUS DO NORTE,3201100,33,33,8487,8487,6388,6731,99,244,17:54:29,2,0,170,3286,0,2703,114,102,1,3,0,7
es,56146,BREJETUBA,3201159,37,37,10987,10987,7705,8056,120,231,19:13:46,7,2,184,4344,0,2919,137,92,1,9,0,10
es,56235,CACHOEIRO DE ITAPEMIRIM,3201209,480,480,134177,134177,105465,109971,2218,2288,19:23:31,46,9,2512,69303,30,28830,2259,2149,11,86,12,218
es,56251,CARIACICA,3201308,842,842,274339,274339,204448,213804,4511,4845,19:29:33,98,44,6632,106008,66,81394,5701,3755,19,229,39,463
es,56278,CASTELO,3201407,138,138,30033,30033,22879,23863,407,577,18:38:42,11,5,510,16359,4,5019,422,460,0,13,8,68
es,56294,COLATINA,3201506,319,319,87109,87109,68118,71035,1287,1630,19:13:46,25,13,2039,41676,6,20830,1681,1640,8,36,11,153
es,56316,CONCEIÇÃO DA BARRA,3201605,77,62,25964,20645,13892,14651,258,501,19:20:54,3,2,354,5294,1,7909,191,103,0,14,1,20
es,56332,CONCEIÇÃO DO CASTELO,3201704,38,38,9986,9986,7261,7743,187,295,19:04:12,1,2,177,4899,3,1857,141,151,0,7,0,23
es,56359,DIVINO DE SÃO LOURENÇO,3201803,16,16,4889,4889,3768,3960,60,132,18:33:55,2,0,54,2246,0,1358,41,59,0,3,1,4
es,56375,DOMINGOS MARTINS,3201902,97,97,29145,29145,22567,23671,510,594,19:24:39,6,2,583,15389,3,5442,484,588,2,12,3,53
es,56391,DORES DO RIO PRETO,3202009,25,25,6285,6285,4684,4953,75,194,17:33:44,1,1,119,2630,0,1771,76,76,3,3,1,3
es,56413,ECOPORANGA,3202108,73,73,19065,19065,13731,14249,192,326,19:23:21,4,1,319,5927,2,7063,166,209,0,6,0,34
es,56430,FUNDÃO,3202207,51,51,14736,14736,11025,11542,196,321,18:44:23,2,1,276,5417,1,4938,201,166,1,8,1,13
es,56308,GOVERNADOR LINDENBERG,3202256,31,31,9107,9107,6695,7005,114,196,18:44:23,1,0,228,3438,1,2763,130,123,0,2,1,8
es,56472,GUARAPARI,3202405,313,288,101964,93113,67593,70879,1423,1863,19:31:04,33,11,1985,41040,15,21379,1688,1198,4,63,12,165
es,56456,GUAÇUÍ,3202306,73,73,22346,22346,16038,16843,315,490,18:47:42,1,3,438,8905,3,6083,288,253,0,14,1,49
es,57096,IBATIBA,3202454,69,69,19598,19598,15002,15766,259,505,18:49:57,8,2,332,9995,1,4166,259,177,0,2,2,58
es,56499,IBIRAÇU,3202504,38,38,9933,9933,7247,7627,148,232,18:44:22,3,5,257,4043,3,2695,138,83,0,2,1,17
es,56502,IBITIRAMA,3202553,28,28,7471,7471,5857,6145,97,191,18:38:42,5,0,139,3733,1,1829,62,76,0,4,0,8
es,56510,ICONHA,3202603,42,42,11401,11401,8732,9176,184,260,18:15:02,6,3,277,5485,1,2638,149,156,0,3,1,13
es,56049,IRUPI,3202652,40,40,11392,11392,8219,8659,167,273,19:05:18,3,0,139,5719,2,2128,104,109,0,3,1,11
es,56537,ITAGUAÇU,3202702,40,40,11742,11742,8399,8774,154,221,18:25:55,4,1,211,4628,0,3242,135,157,0,7,0,14
es,56553,ITAPEMIRIM,3202801,130,130,36630,36630,28273,29271,390,608,19:22:08,8,3,556,18531,7,8314,471,325,1,10,1,46
es,56570,ITARANA,3202900,32,32,9584,9584,7008,7362,109,245,18:16:09,1,1,221,4502,0,1999,127,136,0,7,1,13
es,56596,IÚNA,3203007,77,77,21285,21285,15478,16206,291,437,18:44:42,15,1,387,10234,3,4361,227,216,0,6,2,26
es,57134,JAGUARÉ,3203056,80,80,24297,24297,18269,19037,355,413,19:23:31,11,0,391,7603,5,9787,263,182,2,11,0,14
es,56618,JERÔNIMO MONTEIRO,3203106,35,35,10071,10071,7447,7877,140,290,18:00:35,7,2,237,3838,0,3034,85,230,0,2,0,12
es,56626,JOÃO NEIVA,3203130,48,48,12793,12793,9582,10056,177,297,18:32:10,2,0,260,5474,1,3454,173,185,1,6,1,25
es,57916,LARANJA DA TERRA,3203163,32,32,9495,9495,7547,7904,134,223,19:00:39,0,0,167,4748,0,2372,92,145,1,5,1,16
es,56634,LINHARES,3203205,379,379,122598,122598,87971,93119,2221,2927,19:17:17,39,17,2215,52025,15,30016,1928,1493,4,67,6,146
es,56650,MANTENÓPOLIS,3203304,35,35,10402,10402,7410,7733,116,207,18:44:23,1,1,146,4072,3,2994,115,60,0,0,1,17
es,56120,MARATAÍZES,3203320,116,116,33342,33342,26350,27300,395,555,19:05:18,7,3,577,17081,2,7868,498,249,0,17,3,45
es,56103,MARECHAL FLORIANO,3203346,51,51,14378,14378,10818,11387,264,305,18:55:35,2,3,349,6720,2,3207,268,224,3,11,2,27
es,57070,MARILÂNDIA,3203353,38,38,10864,10864,8478,8906,169,259,18:33:55,0,0,208,5309,1,2666,153,127,0,3,2,9
es,56677,MIMOSO DO SUL,3203403,71,71,19748,19748,14756,15702,346,600,19:02:45,9,0,297,7119,3,6736,241,317,1,10,2,21
es,56693,MONTANHA,3203502,51,51,15424,15424,11112,11634,171,351,19:05:09,1,3,219,4965,1,5650,152,97,0,1,0,23
es,56715,MUCURICI,3203601,20,19,5141,4810,3606,3768,45,117,19:20:54,0,0,82,1377,2,2053,33,56,1,0,0,2
es,56731,MUNIZ FREIRE,3203700,58,58,14757,14757,10807,11402,242,353,18:42:05,4,0,298,5925,1,4172,169,201,2,7,1,27
es,56758,MUQUI,3203809,38,38,11078,11078,8486,8912,168,258,18:20:08,6,5,190,4377,3,3552,144,192,1,7,3,6
es,56774,NOVA VENÉCIA,3203908,155,155,41191,41191,30349,31567,551,667,18:38:42,11,1,853,15483,0,12907,520,488,1,12,4,69
es,56790,PANCAS,3204005,53,53,15876,15876,11123,11563,157,283,19:02:45,7,1,220,5953,1,4617,161,140,0,7,0,16
es,57150,PEDRO CANÁRIO,3204054,63,63,18937,18937,12897,13508,197,414,20:01:58,5,1,365,5187,1,7033,193,86,0,8,4,14
es,56812,PINHEIROS,3204104,72,72,18818,18818,14104,14638,201,333,19:20:54,4,1,404,5400,2,7910,196,147,1,11,3,25
es,56839,PIÚMA,3204203,69,69,17326,17326,13446,14061,223,392,17:54:29,5,2,363,7769,3,4820,299,155,1,12,2,15
es,56200,PONTO BELO,3204252,24,24,6490,6490,4776,4985,53,156,18:47:42,2,2,114,1791,0,2777,43,42,0,0,0,5
es,56855,PRESIDENTE KENNEDY,3204302,51,51,13256,13256,10041,10449,152,256,19:08:55,7,2,185,6428,1,3170,104,124,3,8,1,8
es,57118,RIO BANANAL,3204351,54,54,15535,15535,11444,11994,250,300,18:44:42,1,0,280,6438,1,4332,158,213,1,1,0,19
es,56871,RIO NOVO DO SUL,3204401,34,34,8808,8808,6965,7274,157,152,18:54:38,0,4,146,4864,2,1727,111,99,1,4,0,7
es,56898,SANTA LEOPOLDINA,3204500,40,40,10108,10108,7593,7992,173,226,19:22:08,3,1,235,3859,0,3146,165,172,0,3,1,8
es,57932,SANTA MARIA DE JETIBÁ,3204559,94,94,31314,31314,24483,25523,497,543,19:26:02,3,1,767,17156,4,5506,538,456,1,14,4,33
es,56910,SANTA TERESA,3204609,64,64,20737,20737,14629,15389,302,458,18:38:42,5,0,466,9197,7,4255,312,335,0,9,3,40
es,56995,SERRA,3205002,1093,1080,361737,357003,265365,278140,5482,7293,19:30:16,141,59,9189,130528,102,111644,8149,4437,36,294,41,745
es,56189,SOORETAMA,3205010,67,67,20980,20980,14592,15359,317,450,19:10:45,6,4,432,7438,0,6248,270,174,1,13,1,5
es,56006,SÃO DOMINGOS DO NORTE,3204658,30,30,8443,8443,6498,6738,87,153,18:30:35,1,0,167,3271,0,2860,84,102,0,3,0,10
es,56936,SÃO GABRIEL DA PALHA,3204708,88,88,26249,26249,19855,20668,360,453,18:41:08,6,0,596,11256,2,7347,345,248,0,11,3,41
es,56952,SÃO JOSÉ DO CALÇADO,3204807,37,37,9759,9759,7223,7649,124,302,18:30:16,2,1,128,3292,0,3568,83,143,1,2,0,3
es,56979,SÃO MATEUS,3204906,295,284,92268,88849,64567,67414,1181,1666,19:20:54,21,5,1569,30013,13,30570,1356,858,1,38,4,119
es,56162,SÃO ROQUE DO CANAÃ,3204955,33,33,9890,9890,7357,7809,197,255,18:27:07,2,1,159,4394,1,2523,126,133,0,2,1,15
es,57959,VARGEM ALTA,3205036,54,54,16002,16002,12328,12821,206,287,18:54:39,2,1,241,8436,1,3249,163,207,1,6,0,21
es,57975,VENDA NOVA DO IMIGRANTE,3205069,61,61,20198,20198,14743,15486,349,394,18:32:09,6,2,399,10649,2,3095,283,229,2,16,3,57
es,57010,VIANA,3205101,172,172,54374,54374,42055,43912,853,1004,19:16:32,11,5,1414,21924,15,16824,1003,740,3,39,3,74
es,56081,VILA PAVÃO,3205150,28,28,7761,7761,6340,6574,94,140,18:33:16,1,0,196,2975,0,2976,83,95,1,1,0,12
es,56227,VILA VALÉRIO,3205176,44,44,12919,12919,10138,10536,143,255,18:55:35,5,0,281,4812,2,4691,180,139,0,1,0,27
es,57037,VILA VELHA,3205200,1119,1119,347987,347987,270064,281119,4988,6067,19:31:51,148,64,8988,149819,127,95998,8260,5226,58,319,56,1001
es,57053,VITÓRIA,3205309,799,798,267102,266842,209071,216514,3313,4130,19:32:20,105,44,6420,103368,110,86927,6197,4385,51,316,35,1113
es,56022,ÁGUA DOCE DO NORTE,3200169,46,46,11111,11111,8169,8575,133,273,18:33:54,3,0,159,3834,0,3930,119,102,0,6,0,16
es,57991,ÁGUIA BRANCA,3200136,32,32,8898,8898,6950,7156,88,118,18:27:07,0,0,193,3094,0,3478,80,95,1,1,0,8
zz,29254,ABIDJÃ,,1,0,91,0,0,0,0,0,20:14:08,0,0,0,0,0,0,0,0,0,0,0,0
zz,29262,ABU DHABI,,5,5,2988,2988,1355,1396,13,28,17:21:14,3,2,56,659,3,512,64,26,2,0,1,27
zz,99198,ABUJA,,1,1,3,3,0,0,0,0,17:39:54,0,0,0,0,0,0,0,0,0,0,0,0
zz,29270,ACCRA,,1,0,43,0,0,0,0,0,20:14:10,0,0,0,0,0,0,0,0,0,0,0,0
zz,99325,ADIS ABEBA,,1,1,3,3,0,0,0,0,17:31:43,0,0,0,0,0,0,0,0,0,0,0,0
zz,30457,AMSTERDÃ,,17,17,12752,12752,6274,6450,93,83,17:21:13,17,4,156,1081,15,4624,164,81,5,31,4,92
zz,29289,AMÃ,,2,2,1489,1489,783,833,19,31,17:21:14,8,4,8,59,3,675,2,13,1,4,0,6
zz,29297,ANCARA,,1,0,77,0,0,0,0,0,20:14:10,0,0,0,0,0,0,0,0,0,0,0,0
zz,29300,ARGEL,,1,0,48,0,0,0,0,0,20:14:07,0,0,0,0,0,0,0,0,0,0,0,0
zz,29319,ARTIGAS,,1,1,611,611,367,385,8,10,17:51:32,4,3,11,227,0,104,4,11,0,2,0,1
zz,29327,ASSUNÇÃO,,4,4,2205,2205,1061,1151,59,31,17:31:43,3,3,17,740,0,250,23,10,1,2,1,11
zz,39241,ASTANA,,1,1,13,13,0,0,0,0,17:26:35,0,0,0,0,0,0,0,0,0,0,0,0
zz,29335,ATENAS,,2,2,1211,1211,494,508,8,6,17:21:11,6,0,21,230,0,196,6,10,1,13,1,10
zz,39080,ATLANTA,,22,22,16301,16301,4903,5022,57,62,19:20:54,5,3,101,3276,4,1221,101,122,1,10,7,52
zz,99171,BAGDÁ,,1,1,10,10,0,0,0,0,17:32:43,0,0,0,0,0,0,0,0,0,0,0,0
zz,39128,BAKU,,1,1,5,5,0,0,0,0,17:27:44,0,0,0,0,0,0,0,0,0,0,0,0
zz,99350,BAMAKO,,1,1,5,5,0,0,0,0,17:47:44,0,0,0,0,0,0,0,0,0,0,0,0
zz,29343,BANGKOK,,1,1,310,310,99,102,3,0,17:21:12,0,0,3,51,0,40,3,0,0,1,0,1
zz,29351,BARCELONA,,22,22,17254,17254,5043,5185,75,67,17:21:14,5,1,113,995,7,3692,105,52,1,26,4,42
zz,99473,BAREIN,,1,0,69,0,0,0,0,0,20:14:07,0,0,0,0,0,0,0,0,0,0,0,0
zz,29360,BEIRUTE,,13,13,8919,8919,3883,4097,91,123,17:21:12,31,19,49,1138,5,2538,13,49,7,10,5,19
zz,29378,BELGRADO,,1,1,115,115,48,48,0,0,17:21:13,0,0,2,13,0,30,2,1,0,0,0,0
zz,38881,BELMOPAN,,1,1,13,13,0,0,0,0,18:12:02,0,0,0,0,0,0,0,0,0,0,0,0
zz,29386,BERLIM,,20,20,15066,15066,8019,8204,68,117,17:21:12,11,13,170,925,26,6504,164,74,5,45,9,73
zz,29394,BISSAU,,1,0,88,0,0,0,0,0,20:14:07,0,0,0,0,0,0,0,0,0,0,0,0
zz,29408,BOGOTÁ,,2,0,1499,0,0,0,0,0,20:14:07,0,0,0,0,0,0,0,0,0,0,0,0
zz,29416,BOSTON,,69,0,53358,0,0,0,0,0,20:14:07,0,0,0,0,0,0,0,0,0,0,0,0
zz,39209,BRATISLAVA,,1,1,129,129,58,61,2,1,17:21:14,0,0,5,13,0,35,3,2,0,0,0,0
zz,39187,BRAZZAVILLE,,1,1,2,2,0,0,0,0,17:43:13,0,0,0,0,0,0,0,0,0,0,0,0
zz,29424,BRIDGETOWN,,1,1,22,22,0,0,0,0,18:10:51,0,0,0,0,0,0,0,0,0,0,0,0
zz,29432,BRUXELAS,,14,14,10073,10073,4975,5091,63,53,17:21:12,11,1,184,1959,8,2516,121,98,3,13,6,55
zz,29440,BUCARESTE,,1,1,130,130,62,62,0,0,17:21:12,0,0,6,22,0,31,1,1,0,0,1,0
zz,29459,BUDAPESTE,,2,2,810,810,464,471,5,2,17:21:13,2,1,15,93,0,331,12,3,0,0,0,7
zz,29467,BUENOS AIRES,,15,15,11748,11748,5309,5435,74,52,19:22:44,3,4,118,1449,9,3507,130,54,1,9,3,22
zz,29475,CAIENA,,5,5,3117,3117,1084,1152,42,26,18:44:42,4,2,38,518,3,484,16,12,0,4,1,2
zz,29483,CAIRO,,1,1,203,203,64,69,2,3,17:21:13,0,0,3,12,0,46,0,2,1,0,0,0
zz,29491,CAMBERRA,,10,10,6243,6243,2593,2705,50,62,17:21:12,3,5,100,805,3,1478,95,32,1,14,1,56
zz,30651,CANTÃO,,1,1,419,419,92,99,2,5,17:21:13,0,0,1,35,0,48,6,1,1,0,0,0
zz,29505,CARACAS,,3,1,994,188,53,54,1,0,19:30:21,0,0,0,34,0,19,0,0,0,0,0,0
zz,99384,CASTRIES,,1,1,7,7,0,0,0,0,18:10:51,0,0,0,0,0,0,0,0,0,0,0,0
zz,29513,CHICAGO,,18,0,12452,0,0,0,0,0,20:14:07,0,0,0,0,0,0,0,0,0,0,0,0
zz,29521,CHUY,,1,1,27,27,0,0,0,0,17:53:52,0,0,0,0,0,0,0,0,0,0,0,0
zz,29530,CIDADE DO CABO,,1,1,355,355,160,170,3,7,17:21:13,0,0,4,58,0,90,1,5,0,0,0,2
zz,29556,CIUDAD DEL ESTE,,7,7,5094,5094,2503,2586,57,26,19:20:54,2,1,21,2239,1,202,24,10,0,0,0,3
zz,29564,CIUDAD GUAYANA,,1,0,72,0,0,0,0,0,20:14:08,0,0,0,0,0,0,0,0,0,0,0,0
zz,99210,COBIJA,,1,1,1,1,0,0,0,0,17:54:46,0,0,0,0,0,0,0,0,0,0,0,0
zz,29572,COCHABAMBA,,1,1,412,412,185,187,0,2,18:38:26,2,0,3,119,0,57,3,0,0,0,1,0
zz,30929,COLOMBO,,1,1,12,12,0,0,0,0,17:25:59,0,0,0,0,0,0,0,0,0,0,0,0
zz,38903,CONACRI,,1,1,5,5,0,0,0,0,17:49:24,0,0,0,0,0,0,0,0,0,0,0,0
zz,29580,CONCEPCIÓN,,1,0,78,0,0,0,0,0,20:14:09,0,0,0,0,0,0,0,0,0,0,0,0
zz,29599,COPENHAGUE,,4,4,2856,2856,1476,1522,23,23,17:21:12,1,0,41,195,5,1166,28,18,2,5,0,15
zz,38920,COTONOU,,1,1,8,8,0,0,0,0,17:37:37,0,0,0,0,0,0,0,0,0,0,0,0
zz,29602,CÓRDOBA,,2,2,918,918,367,376,5,4,17:52:42,2,1,4,159,0,182,4,7,0,2,1,5
zz,29610,DACAR,,1,1,132,132,79,80,1,0,17:21:12,2,0,1,24,0,51,0,1,0,0,0,0
zz,29629,DACCA,,1,1,1,1,0,0,0,0,17:24:51,0,0,0,0,0,0,0,0,0,0,0,0
zz,29637,DAMASCO,,1,1,775,775,108,118,1,9,17:21:14,1,0,1,7,0,97,0,2,0,0,0,0
zz,38962,DAR ES SALAAM,,1,0,34,0,0,0,0,0,20:14:10,0,0,0,0,0,0,0,0,0,0,0,0
zz,29653,DOHA,,1,1,758,758,357,364,4,3,17:21:13,1,1,10,173,0,147,15,4,0,0,0,6
zz,29661,DUBLIN,,28,28,16720,16720,8299,8417,47,71,17:21:13,8,2,225,1559,11,6025,312,56,5,26,2,68
zz,29645,DÍLI,,1,0,89,0,0,0,0,0,20:14:10,0,0,0,0,0,0,0,0,0,0,0,0
zz,99503,EDIMBURGO,,6,6,4447,4447,677,694,8,9,17:21:14,1,1,12,139,0,488,21,9,1,3,1,1
zz,29670,ENCARNACIÓN,,1,1,281,281,141,149,6,2,17:36:23,0,0,0,122,1,14,2,1,0,0,0,1
zz,29688,ESTOCOLMO,,7,7,4866,4866,2540,2607,31,36,17:21:12,5,4,84,505,3,1770,70,41,1,6,3,48
zz,30961,FARO,,11,11,8271,8271,2670,2761,50,41,17:21:13,5,2,108,1305,4,1097,90,33,0,13,2,11
zz,29696,FRANKFURT,,21,21,12961,12961,5495,5619,64,60,17:21:12,14,5,174,1320,6,3657,109,88,6,28,9,79
zz,30669,GABORONE,,1,1,10,10,0,0,0,0,17:35:31,0,0,0,0,0,0,0,0,0,0,0,0
zz,29700,GENEBRA,,15,15,11883,11883,5063,5237,97,77,17:21:12,6,6,198,2226,1,2298,122,109,2,19,7,69
zz,29718,GEORGETOWN,,1,1,178,178,53,53,0,0,18:44:42,0,0,1,43,0,7,1,0,0,0,0,1
zz,98000,GUATEMALA,,1,0,284,0,0,0,0,0,20:14:08,0,0,0,0,0,0,0,0,0,0,0,0
zz,29742,HAMAMATSU,,18,18,13729,13729,6475,6918,271,172,17:20:29,71,28,287,4698,15,884,279,99,10,32,20,52
zz,29750,HANÓI,,1,0,82,0,0,0,0,0,20:14:09,0,0,0,0,0,0,0,0,0,0,0,0
zz,29769,HARARE,,1,1,7,7,0,0,0,0,17:36:52,0,0,0,0,0,0,0,0,0,0,0,0
zz,30902,HARTFORD,,12,12,9181,9181,1895,1951,29,27,19:29:34,3,3,29,1207,1,557,30,45,2,4,0,14
zz,29777,HAVANA,,1,0,92,0,0,0,0,0,20:14:08,0,0,0,0,0,0,0,0,0,0,0,0
zz,29785,HELSINQUE,,2,2,1278,1278,693,718,14,11,17:21:13,2,3,14,155,3,475,22,10,0,1,0,8
zz,29793,HONG KONG,,1,1,668,668,244,264,10,10,17:21:13,1,0,10,105,0,99,12,11,1,0,0,5
zz,29807,HOUSTON,,23,1,16438,770,126,129,1,2,19:30:35,0,0,6,85,0,30,2,1,0,0,0,2
zz,29815,IAUNDÊ,,1,1,14,14,0,0,0,0,17:45:26,0,0,0,0,0,0,0,0,0,0,0,0
zz,38989,IEREVAN,,1,1,13,13,0,0,0,0,17:30:03,0,0,0,0,0,0,0,0,0,0,0,0
zz,29823,IQUITOS,,1,1,17,17,0,0,0,0,18:11:00,0,0,0,0,0,0,0,0,0,0,0,0
zz,29831,ISLAMABADE,,1,1,18,18,0,0,0,0,17:25:59,0,0,0,0,0,0,0,0,0,0,0,0
zz,39306,ISTAMBUL,,1,1,327,327,127,129,0,2,17:21:13,1,0,3,30,0,90,0,1,1,1,0,0
zz,29840,JACARTA,,1,1,172,172,31,31,0,0,17:21:12,0,0,2,19,1,8,1,0,0,0,0,0
zz,29173,KATMANDU,,1,0,32,0,0,0,0,0,20:14:09,0,0,0,0,0,0,0,0,0,0,0,0
zz,29858,KIEV,,1,0,65,0,0,0,0,0,20:14:08,0,0,0,0,0,0,0,0,0,0,0,0
zz,99430,KINGSTON-JAMAICA,,1,0,103,0,0,0,0,0,20:14:10,0,0,0,0,0,0,0,0,0,0,0,0
zz,29874,KINSHASA,,1,1,27,27,0,0,0,0,17:44:12,0,0,0,0,0,0,0,0,0,0,0,0
zz,29882,KUAITE,,1,1,138,138,73,77,1,3,17:21:14,0,0,5,12,0,54,0,2,0,0,0,0
zz,29890,KUALA LUMPUR,,1,1,170,170,82,83,0,1,17:21:12,0,0,3,27,0,44,7,0,0,0,0,1
zz,29904,LA PAZ,,1,1,418,418,224,251,16,11,18:44:23,0,3,2,106,0,98,6,7,0,1,0,1
zz,29912,LAGOS,,1,0,82,0,0,0,0,0,20:14:07,0,0,0,0,0,0,0,0,0,0,0,0
zz,29939,LIBREVILLE,,1,1,18,18,0,0,0,0,17:41:57,0,0,0,0,0,0,0,0,0,0,0,0
zz,99341,LILONGUE,,1,1,6,6,0,0,0,0,17:35:31,0,0,0,0,0,0,0,0,0,0,0,0
zz,29947,LIMA,,3,0,1616,0,0,0,0,0,20:14:09,0,0,0,0,0,0,0,0,0,0,0,0
zz,29955,LISBOA,,103,103,78607,78607,27936,28643,387,320,17:21:13,35,16,896,10548,27,14948,838,349,10,92,18,159
zz,39160,LIUBLIANA,,1,1,162,162,98,103,2,3,17:21:13,0,0,1,25,1,61,2,6,0,0,0,2
zz,29963,LOMÉ,,1,1,7,7,0,0,0,0,17:48:34,0,0,0,0,0,0,0,0,0,0,0,0
zz,29971,LONDRES,,48,48,37448,37448,14472,14797,161,164,17:21:12,15,6,334,5227,13,8152,357,171,10,42,14,131
zz,29980,LOS ANGELES,,25,0,18262,0,0,0,0,0,20:14:09,0,0,0,0,0,0,0,0,0,0,0,0
zz,29998,LUANDA,,1,1,716,716,264,270,2,4,17:21:14,0,0,3,101,0,147,6,4,0,0,0,3
zz,99287,LUSACA,,1,1,25,25,0,0,0,0,17:34:12,0,0,0,0,0,0,0,0,0,0,0,0
zz,30066,MADRI,,30,30,23464,23464,6554,6833,159,120,17:21:14,14,5,209,2343,4,3571,168,118,6,26,3,87
zz,39263,MALABO,,1,1,5,5,0,0,0,0,17:45:26,0,0,0,0,0,0,0,0,0,0,0,0
zz,30082,MANILA,,1,1,229,229,62,63,0,1,17:21:14,0,0,0,33,0,26,2,1,0,0,0,0
zz,30074,MANÁGUA,,1,0,134,0,0,0,0,0,20:14:06,0,0,0,0,0,0,0,0,0,0,0,0
zz,30090,MAPUTO,,1,1,557,557,214,228,2,12,17:21:14,0,0,5,113,0,89,1,1,0,0,0,5
zz,99511,MARSELHA,,4,4,2660,2660,868,875,4,3,17:21:14,1,0,13,104,3,715,19,1,0,5,1,6
zz,39102,MASCATE,,1,0,97,0,0,0,0,0,20:14:09,0,0,0,0,0,0,0,0,0,0,0,0
zz,39004,MENDOZA,,1,1,235,235,112,116,2,2,17:21:56,0,0,2,55,0,49,4,1,0,0,0,1
zz,30104,MEXICO,,6,0,3958,0,0,0,0,0,20:14:07,0,0,0,0,0,0,0,0,0,0,0,0
zz,30112,MIAMI,,51,0,40053,0,0,0,0,0,20:14:07,0,0,0,0,0,0,0,0,0,0,0,0
zz,30120,MILÃO,,37,37,24594,24594,7163,7455,157,135,17:21:12,21,14,235,2908,8,3593,171,117,3,32,10,51
zz,30147,MONTEVIDÉU,,4,4,2448,2448,1263,1343,47,33,18:11:00,7,0,38,465,2,686,24,19,0,8,2,12
zz,30155,MONTREAL,,15,2,10953,1528,933,959,12,14,19:20:53,0,0,29,243,3,595,29,14,1,5,0,14
zz,30163,MOSCOU,,1,0,252,0,0,0,0,0,20:14:11,0,0,0,0,0,0,0,0,0,0,0,0
zz,30171,MUMBAI,,1,0,55,0,0,0,0,0,20:14:07,0,0,0,0,0,0,0,0,0,0,0,0
zz,30180,MUNIQUE,,21,21,13374,13374,5288,5423,65,70,17:21:13,15,9,226,1287,9,3364,149,102,2,23,11,91
zz,30198,NAGÓIA,,58,58,44536,44536,15406,16317,528,383,17:21:14,90,50,696,11480,15,2022,521,258,14,67,38,155
zz,30201,NAIRÓBI,,1,1,112,112,46,47,1,0,17:21:14,0,0,1,17,0,26,1,1,0,0,0,0
zz,99180,NASSAU,,1,0,69,0,0,0,0,0,20:14:09,0,0,0,0,0,0,0,0,0,0,0,0
zz,39322,NICOSIA,,1,1,137,137,57,58,0,1,17:21:14,0,0,5,20,0,24,2,4,1,0,0,1
zz,30210,NOVA DELHI,,1,1,141,141,50,50,0,0,17:21:13,0,0,0,26,0,24,0,0,0,0,0,0
zz,30228,NOVA YORK,,53,0,38953,0,0,0,0,0,20:14:07,0,0,0,0,0,0,0,0,0,0,0,0
zz,99490,ORLANDO,,34,0,26386,0,0,0,0,0,20:14:10,0,0,0,0,0,0,0,0,0,0,0,0
zz,30244,OSLO,,3,3,2185,2185,884,909,9,16,17:21:14,1,3,34,198,0,592,18,17,0,3,1,17
zz,30252,OTTAWA,,4,4,2357,2357,1361,1434,30,43,19:29:34,3,1,54,395,0,794,48,26,6,7,0,27
zz,30260,PANAMA,,2,2,1399,1399,658,677,10,9,19:22:44,3,1,28,336,0,236,14,19,0,1,0,20
zz,30279,PARAMARIBO,,3,3,1430,1430,540,560,12,8,18:17:47,4,1,18,366,1,121,15,7,1,0,3,3
zz,30287,PARIS,,34,34,26957,26957,10341,10540,115,84,17:21:12,12,8,198,1654,10,8054,167,119,3,33,5,78
zz,30295,PASO LOS LIBRES,,1,0,41,0,0,0,0,0,20:14:10,0,0,0,0,0,0,0,0,0,0,0,0
zz,30309,PEDRO JUAN CABALLERO,,1,1,650,650,295,323,18,10,17:47:45,2,0,4,219,0,59,4,2,0,2,2,1
zz,30317,PEQUIM,,1,1,342,342,134,136,0,2,17:21:13,1,0,3,22,0,104,1,1,0,2,0,0
zz,30325,PORT OF SPAIN,,1,0,87,0,0,0,0,0,20:14:08,0,0,0,0,0,0,0,0,0,0,0,0
zz,30341,PORTO,,62,62,47496,47496,19728,20279,324,227,17:21:13,28,17,676,7559,22,10356,652,204,7,78,8,121
zz,30333,PORTO PRÍNCIPE,,1,0,33,0,0,0,0,0,20:14:07,0,0,0,0,0,0,0,0,0,0,0,0
zz,30350,PRAGA,,1,1,690,690,397,411,7,7,17:21:13,0,0,13,70,2,279,25,2,0,1,0,5
zz,30368,PRAIA,,1,1,146,146,70,74,3,1,17:21:13,0,0,7,20,0,39,2,2,0,0,0,0
zz,30376,PRETÓRIA,,1,1,657,657,259,265,3,3,17:21:14,1,0,6,172,0,62,5,9,0,2,0,2
zz,99155,PUERTO IGUAZÚ,,1,0,62,0,0,0,0,0,20:14:08,0,0,0,0,0,0,0,0,0,0,0,0
zz,99236,PUERTO QUIJARRO,,1,1,8,8,0,0,0,0,18:09:25,0,0,0,0,0,0,0,0,0,0,0,0
zz,99295,PYONGYANG,,1,1,1,1,0,0,0,0,17:21:56,0,0,0,0,0,0,0,0,0,0,0,0
zz,30392,QUITO,,2,0,993,0,0,0,0,0,20:14:08,0,0,0,0,0,0,0,0,0,0,0,0
zz,30406,RABAT,,1,1,117,117,42,47,3,2,17:21:12,2,0,1,6,0,30,0,3,0,0,0,0
zz,30414,RAMALLAH,,3,3,2135,2135,1157,1202,16,29,17:21:13,9,7,2,46,1,1078,6,2,1,1,2,2
zz,30422,RIADE,,1,1,311,311,83,84,0,1,17:21:12,0,0,0,22,0,52,6,1,0,0,0,2
zz,30430,RIO BRANCO,,1,0,58,0,0,0,0,0,20:14:08,0,0,0,0,0,0,0,0,0,0,0,0
zz,99244,RIVERA,,1,1,19,19,0,0,0,0,17:52:43,0,0,0,0,0,0,0,0,0,0,0,0
zz,30449,ROMA,,22,22,14153,14153,4432,4616,82,102,17:21:14,19,12,140,1478,5,2555,94,70,5,14,8,32
zz,99147,SAINT JOHNS,,1,1,1,1,0,0,0,0,18:10:51,0,0,0,0,0,0,0,0,0,0,0,0
zz,30465,SALTO DEL GUAIRÁ,,2,2,899,899,525,537,8,4,18:11:00,0,0,2,496,0,19,5,1,0,0,0,2
zz,30473,SANTA CRUZ DE LA SIERRA,,5,5,2765,2765,1428,1473,21,24,19:12:06,2,0,17,1162,1,194,28,16,2,1,2,3
zz,99279,SANTA ELENA DE UAIRÉN,,1,1,1,1,0,0,0,0,18:09:47,0,0,0,0,0,0,0,0,0,0,0,0
zz,30481,SANTIAGO,,5,5,3551,3551,1971,2069,44,54,18:10:51,1,2,68,809,1,928,67,43,0,6,3,43
zz,30988,SARAJEVO,,2,2,11,11,0,0,0,0,18:44:42,0,0,0,0,0,0,0,0,0,0,0,0
zz,30538,SEUL,,1,1,485,485,216,226,6,4,17:21:13,0,0,6,72,0,123,6,6,1,1,0,1
zz,29548,SINGAPURA,,2,2,864,864,348,364,8,8,17:21:13,1,0,21,92,0,190,22,6,2,2,0,12
zz,99333,ST GEORGES DE LOYAPOCK,,1,1,10,10,0,0,0,0,17:51:51,0,0,0,0,0,0,0,0,0,0,0,0
zz,30562,SYDNEY,,19,19,14031,14031,5536,5694,71,87,17:21:13,11,5,231,1774,11,3084,221,89,5,17,5,83
zz,30490,SÃO DOMINGOS,,1,1,415,415,188,197,2,7,18:38:42,0,1,3,106,1,65,4,3,0,2,0,3
zz,30503,SÃO FRANCISCO,,20,0,15492,0,0,0,0,0,20:14:07,0,0,0,0,0,0,0,0,0,0,0,0
zz,30511,SÃO JOSÉ,,1,0,714,0,0,0,0,0,20:14:08,0,0,0,0,0,0,0,0,0,0,0,0
zz,30520,SÃO SALVADOR,,1,0,161,0,0,0,0,0,20:14:10,0,0,0,0,0,0,0,0,0,0,0,0
zz,39225,SÃO TOMÉ,,1,1,18,18,0,0,0,0,17:46:18,0,0,0,0,0,0,0,0,0,0,0,0
zz,30546,SÓFIA,,1,0,98,0,0,0,0,0,20:14:07,0,0,0,0,0,0,0,0,0,0,0,0
zz,30570,TAIPÉ,,1,1,622,622,218,231,6,7,17:21:14,4,1,6,107,2,77,14,2,0,1,0,4
zz,99317,TALIN,,1,1,320,320,190,197,3,4,17:20:29,1,0,9,19,0,142,8,5,0,3,0,3
zz,99104,TBILISI,,1,1,29,29,0,0,0,0,17:31:11,0,0,0,0,0,0,0,0,0,0,0,0
zz,30597,TEERÃ,,1,0,45,0,0,0,0,0,20:14:09,0,0,0,0,0,0,0,0,0,0,0,0
zz,30600,TEGUCIGALPA,,1,0,152,0,0,0,0,0,20:14:07,0,0,0,0,0,0,0,0,0,0,0,0
zz,30619,TEL AVIV,,5,5,3442,3442,704,730,14,12,17:21:13,3,0,25,523,0,92,27,24,0,1,2,7
zz,99139,TIRANA,,1,1,9,9,0,0,0,0,17:38:21,0,0,0,0,0,0,0,0,0,0,0,0
zz,30635,TORONTO,,28,2,20953,820,479,496,5,12,19:29:34,0,1,18,199,1,213,32,4,0,4,2,5
zz,30686,TRÍPOLI,,1,0,30,0,0,0,0,0,20:14:11,0,0,0,0,0,0,0,0,0,0,0,0
zz,30708,TUNIS,,1,0,47,0,0,0,0,0,20:14:10,0,0,0,0,0,0,0,0,0,0,0,0
zz,30627,TÓQUIO,,43,43,30028,30028,12400,13392,642,350,17:20:30,146,58,518,8423,24,2328,397,238,9,65,33,161
zz,39284,UAGADUGU,,1,1,6,6,0,0,0,0,17:51:32,0,0,0,0,0,0,0,0,0,0,0,0
zz,39063,VANCOUVER,,16,0,12082,0,0,0,0,0,20:14:10,0,0,0,0,0,0,0,0,0,0,0,0
zz,30740,VARSÓVIA,,1,1,748,748,282,291,2,7,17:21:12,1,1,7,65,1,183,12,4,0,2,0,6
zz,30767,VIENA,,5,5,3134,3134,1471,1522,26,25,17:21:14,4,3,53,311,2,979,37,38,1,10,5,28
zz,30783,WASHINGTON,,31,0,18146,0,0,0,0,0,20:14:11,0,0,0,0,0,0,0,0,0,0,0,0
zz,30805,WELLINGTON,,5,5,3118,3118,332,339,4,3,17:21:13,0,0,6,64,1,234,13,5,0,2,0,7
zz,30821,WINDHOEK,,1,0,37,0,0,0,0,0,20:14:08,0,0,0,0,0,0,0,0,0,0,0,0
zz,30848,XANGAI,,1,1,739,739,181,197,3,13,17:20:30,0,0,7,41,1,116,9,3,0,0,0,4
zz,99376,YANGON,,1,1,6,6,0,0,0,0,17:21:56,0,0,0,0,0,0,0,0,0,0,0,0
zz,39020,ZAGREB,,1,1,136,136,48,52,1,3,17:20:29,0,0,1,17,0,29,0,0,0,0,0,1
zz,30864,ZURIQUE,,19,19,15099,15099,5790,6001,124,87,17:21:12,17,6,236,2299,7,2896,130,96,2,22,3,76
go,93360,ABADIA DE GOIÁS,5200050,53,53,15631,15631,11337,11753,117,299,19:20:56,1,1,132,5749,2,3480,121,1844,0,3,0,4
go,92010,ABADIÂNIA,5200100,38,38,12586,12586,9441,9830,114,275,19:17:20,2,1,97,5710,1,2319,92,1212,1,1,0,5
go,96458,ACREÚNA,5200134,48,48,15970,15970,12162,12583,117,304,19:07:01,1,2,95,7342,1,3772,100,835,1,4,0,9
go,96911,ADELÂNDIA,5200159,8,0,2963,0,0,0,0,0,20:14:07,0,0,0,0,0,0,0,0,0,0,0,0
go,92053,ALEXÂNIA,5200308,72,72,21974,21974,16699,17316,188,429,19:20:58,2,1,140,9942,2,4114,201,2281,1,6,0,9
go,92096,ALOÂNDIA,5200506,6,0,2168,0,0,0,0,0,20:14:09,0,0,0,0,0,0,0,0,0,0,0,0
go,92940,ALTO HORIZONTE,5200555,19,0,6397,0,0,0,0,0,20:14:09,0,0,0,0,0,0,0,0,0,0,0,0
go,92118,ALTO PARAÍSO DE GOIÁS,5200605,25,25,7682,7682,5466,5604,32,106,19:29:37,1,1,101,1853,4,2874,59,555,3,8,0,7
go,92150,ALVORADA DO NORTE,5200803,24,24,6780,6780,4956,5171,63,152,19:14:53,0,1,52,2164,0,2089,51,592,1,2,1,3
go,93386,AMARALINA,5200829,11,11,2969,2969,2126,2213,20,67,19:00:41,0,0,27,865,0,919,20,295,0,0,0,0
go,96610,AMERICANO DO BRASIL,5200852,17,17,5599,5599,4328,4485,37,120,19:24:42,2,0,61,2044,0,1554,43,621,0,1,1,1
go,92177,AMORINÓPOLIS,5200902,17,17,3862,3862,2954,3071,20,97,19:17:20,0,1,40,1595,0,982,13,321,0,0,2,0
go,92231,ANHANGÜERA,5201207,5,5,1738,1738,1054,1093,8,31,18:46:32,0,0,17,475,0,430,8,123,0,0,0,1
go,92258,ANICUNS,5201306,49,49,15170,15170,11714,12168,120,334,19:25:43,2,3,106,6256,3,3476,116,1745,0,2,0,5
go,92215,ANÁPOLIS,5201108,847,847,288292,288292,215471,224064,3074,5519,19:14:10,35,25,3370,135929,40,47059,3858,24777,15,167,25,171
go,92274,APARECIDA DE GOIÂNIA,5201405,930,852,341263,310827,236089,245622,3030,6503,19:32:16,42,34,3893,120431,61,73322,3936,34011,18,160,21,160
go,93009,APARECIDA DO RIO DOCE,5201454,11,11,3439,3439,2421,2516,13,82,18:26:03,0,0,37,1342,0,844,49,148,0,0,1,0
go,92290,APORÉ,5201504,13,13,3455,3455,2449,2558,28,81,18:22:11,0,0,35,1310,0,694,29,381,0,0,0,0
go,92339,ARAGARÇAS,5201702,49,49,13908,13908,10350,10669,107,212,18:56:35,2,1,177,5724,0,3648,200,582,0,9,1,6
go,92355,ARAGOIÂNIA,5201801,34,34,10215,10215,7769,8075,70,236,19:08:38,0,2,109,3803,0,2618,59,1172,0,3,1,2
go,96695,ARAGUAPAZ,5202155,24,24,6011,6011,4520,4651,22,109,19:22:13,0,0,19,2241,0,1642,25,589,0,1,0,3
go,92312,ARAÇU,5201603,15,15,4172,4172,3362,3496,24,110,19:07:45,0,1,37,1479,0,1298,43,504,0,0,0,0
go,96717,ARENÓPOLIS,5202353,14,14,3626,3626,2745,2817,24,48,19:12:43,0,2,33,1425,0,1019,14,250,0,1,0,1
go,92495,ARUANÃ,5202502,24,24,7391,7391,5025,5204,52,127,19:11:20,0,0,62,2378,0,1768,33,781,0,2,1,0
go,92517,AURILÂNDIA,5202601,10,0,3295,0,0,0,0,0,20:14:08,0,0,0,0,0,0,0,0,0,0,0,0
go,92550,AVELINÓPOLIS,5202809,13,0,4465,0,0,0,0,0,20:14:08,0,0,0,0,0,0,0,0,0,0,0,0
go,92614,BALIZA,5203104,15,15,3329,3329,2418,2496,18,60,17:31:43,0,0,30,1059,0,1109,26,193,1,0,0,0
go,92630,BARRO ALTO,5203203,31,5,10023,1850,1386,1430,12,32,19:22:13,0,0,9,841,0,358,7,171,0,0,0,0
go,92657,BELA VISTA DE GOIÁS,5203302,69,69,24222,24222,17872,18590,205,513,19:24:42,1,1,242,9205,2,5039,193,3167,0,4,3,15
go,92673,BOM JARDIM DE GOIÁS,5203401,24,24,7603,7603,5714,5882,31,137,18:50:16,2,0,69,2910,0,2264,42,424,0,1,0,2
go,92690,BOM JESUS,5203500,51,51,18138,18138,13011,13665,259,395,18:46:32,2,2,202,7383,2,4306,243,858,1,4,0,8
go,92029,BONFINÓPOLIS,5203559,23,23,7873,7873,6086,6343,48,209,19:29:56,0,1,74,2993,0,2049,75,891,0,1,0,2
go,93408,BONÓPOLIS,5203575,13,0,3730,0,0,0,0,0,20:14:08,0,0,0,0,0,0,0,0,0,0,0,0
go,92711,BRAZABRANTES,5203609,12,12,3891,3891,2890,3001,27,84,19:20:58,2,1,26,1374,0,1018,32,431,1,1,0,4
go,92754,BRITÂNIA,5203807,19,0,5183,0,0,0,0,0,20:14:06,0,0,0,0,0,0,0,0,0,0,0,0
go,92770,BURITI ALEGRE,5203906,29,29,8690,8690,5974,6208,81,153,18:23:54,1,1,73,3257,0,1969,68,596,1,2,3,3
go,93106,BURITI DE GOIÁS,5203939,10,10,3494,3494,2665,2739,13,61,19:07:02,1,1,18,1500,1,651,29,460,0,1,1,2
go,93262,BURITINÓPOLIS,5203962,12,10,3507,2929,2079,2182,12,91,19:04:14,0,0,59,854,0,955,27,181,1,1,0,1
go,92797,CABECEIRAS,5204003,25,25,7447,7447,5578,5818,63,177,18:55:48,1,1,54,2733,1,2192,45,543,2,4,0,2
go,92819,CACHOEIRA ALTA,5204102,27,27,7723,7723,5474,5737,88,175,17:44:13,1,1,96,2972,0,1798,65,535,0,2,1,3
go,92835,CACHOEIRA DE GOIÁS,5204201,6,0,2065,0,0,0,0,0,20:14:10,0,0,0,0,0,0,0,0,0,0,0,0
go,96733,CACHOEIRA DOURADA,5204250,25,25,7232,7232,5321,5537,46,170,19:23:45,0,1,68,2635,1,2106,54,450,0,1,0,5
go,92878,CAIAPÔNIA,5204409,42,42,13208,13208,9784,10126,80,262,18:59:29,1,1,132,5595,2,3097,105,839,0,3,1,8
go,92894,CALDAS NOVAS,5204508,210,166,68138,54660,39698,41465,556,1211,19:29:56,5,5,691,23559,9,10601,688,4085,4,19,5,27
go,93122,CALDAZINHA,5204557,13,13,4292,4292,3183,3303,37,83,20:05:04,0,0,32,1494,2,957,35,659,0,0,1,3
go,92916,CAMPESTRE DE GOIÁS,5204607,13,13,4041,4041,2957,3063,24,82,19:04:14,0,0,30,1407,0,1079,44,397,0,0,0,0
go,96873,CAMPINAÇU,5204656,15,14,3775,3411,2428,2512,26,58,19:22:12,1,0,18,1214,0,913,11,269,1,0,0,1
go,92932,CAMPINORTE,5204706,29,25,9168,8265,6218,6415,54,143,19:22:13,0,0,84,3814,1,1559,70,680,0,5,0,5
go,92959,CAMPO ALEGRE DE GOIÁS,5204805,20,20,5811,5811,4502,4651,40,109,19:10:37,0,1,83,2373,0,1628,42,370,0,1,0,4
go,93580,CAMPO LIMPO DE GOIÁS,5204854,20,20,6772,6772,5170,5346,43,133,18:28:22,0,0,35,2930,1,1305,40,852,0,2,0,5
go,92975,CAMPOS BELOS,5204904,47,30,14899,9574,6773,7099,57,269,19:29:37,1,1,62,2385,0,3329,54,939,0,1,0,1
go,92061,CAMPOS VERDES,5204953,14,0,4498,0,0,0,0,0,20:14:08,0,0,0,0,0,0,0,0,0,0,0,0
go,92991,CARMO DO RIO VERDE,5205000,21,0,7229,0,0,0,0,0,20:14:07,0,0,0,0,0,0,0,0,0,0,0,0
go,92967,CASTELÂNDIA,5205059,17,17,3999,3999,2851,2911,14,46,18:21:10,0,1,22,1568,0,1141,16,100,0,3,0,0
go,93017,CATALÃO,5205109,216,216,75393,75393,56341,58685,892,1452,19:32:16,7,8,780,27883,13,20371,876,6307,6,36,5,49
go,93033,CATURAÍ,5205208,17,17,5460,5460,4037,4236,48,151,19:20:58,1,1,47,1819,0,1631,34,503,0,1,0,0
go,93050,CAVALCANTE,5205307,30,27,7953,7103,4801,5026,31,194,19:24:41,1,0,60,812,2,3374,16,523,1,6,0,6
go,92851,CAÇU,5204300,37,37,10792,10792,8000,8260,54,206,18:50:16,0,3,118,5222,1,2012,51,585,0,2,0,6
go,93076,CERES,5205406,57,56,16940,16638,12932,13339,145,262,19:11:47,5,2,181,7695,2,3497,136,1405,0,4,2,3
go,92100,CEZARINA,5205455,26,26,7360,7360,5735,5958,45,178,18:33:16,1,0,75,3033,0,1835,52,735,0,1,0,3
go,92924,CHAPADÃO DO CÉU,5205471,30,30,9497,9497,7158,7327,47,122,18:59:08,1,0,90,4928,0,1722,79,334,0,1,0,3
go,93025,CIDADE OCIDENTAL,5205497,144,132,49714,45629,34789,35902,443,670,19:32:16,6,3,465,16475,3,13178,624,3990,0,28,2,15
go,92886,COCALZINHO DE GOIÁS,5205513,50,50,17515,17515,12822,13396,200,374,19:29:38,1,4,139,6745,0,4127,170,1623,1,6,0,6
go,92126,COLINAS DO SUL,5205521,13,0,3848,0,0,0,0,0,20:14:08,0,0,0,0,0,0,0,0,0,0,0,0
go,93190,CORUMBAÍBA,5205901,23,0,7145,0,0,0,0,0,20:14:10,0,0,0,0,0,0,0,0,0,0,0,0
go,93173,CORUMBÁ DE GOIÁS,5205802,31,31,7930,7930,5856,6096,72,168,18:56:35,0,1,85,3006,0,1886,62,812,1,1,0,2
go,93254,CRISTALINA,5206206,115,91,38974,30876,23208,23983,272,503,19:16:14,1,3,317,15567,1,5251,226,1822,1,7,1,11
go,93270,CRISTIANÓPOLIS,5206305,12,12,4023,4023,2983,3064,12,69,19:01:11,0,0,17,1750,0,660,23,533,0,0,0,0
go,93297,CRIXÁS,5206404,42,40,13017,12223,8445,8751,58,248,19:07:02,0,0,57,3594,1,3499,55,1232,0,1,0,6
go,93319,CROMÍNIA,5206503,15,2,3970,406,323,327,0,4,17:45:12,0,0,4,211,0,66,4,38,0,0,0,0
go,93335,CUMARI,5206602,12,12,2613,2613,1926,2000,21,53,18:48:44,0,0,29,766,0,953,18,156,0,1,1,2
go,93157,CÓRREGO DO OURO,5205703,9,9,3112,3112,2450,2512,8,54,19:22:35,0,0,23,1582,0,503,14,326,0,1,1,0
go,93351,DAMIANÓPOLIS,5206701,13,13,4024,4024,2916,3040,30,94,19:16:14,0,0,34,1482,0,1041,28,330,0,0,0,1
go,93378,DAMOLÂNDIA,5206800,12,12,3634,3634,2826,2949,29,94,19:20:57,0,1,26,1301,0,830,27,641,0,0,0,0
go,93394,DAVINÓPOLIS,5206909,12,12,4145,4145,2880,2949,20,49,19:11:46,0,1,38,1263,0,1243,23,309,1,0,0,2
go,93432,DIORAMA,5207105,8,7,2503,2120,1618,1661,16,27,19:22:13,0,0,9,922,1,464,8,213,0,0,0,1
go,93092,DIVINÓPOLIS DE GOIÁS,5208301,16,13,5110,3969,2742,2900,21,137,19:09:26,0,1,11,1018,0,1278,8,425,1,0,0,0
go,96750,DOVERLÂNDIA,5207253,20,20,5670,5670,4426,4547,15,106,20:04:52,1,1,35,2381,0,1359,33,616,0,0,0,0
go,92207,EDEALINA,5207352,13,12,4159,3822,2849,2936,21,66,19:22:35,0,0,34,1757,0,736,41,278,0,2,0,1
go,93491,EDÉIA,5207402,32,32,9541,9541,7127,7424,74,223,20:04:52,1,0,122,4251,2,2001,88,655,0,2,1,4
go,93513,ESTRELA DO NORTE,5207501,12,12,3214,3214,2393,2485,17,75,19:20:58,0,0,21,1099,0,858,19,394,1,1,0,0
go,92223,FAINA,5207535,21,21,6624,6624,4809,4940,41,90,18:47:47,0,1,40,2045,0,2093,31,594,0,3,1,1
go,93530,FAZENDA NOVA,5207600,22,22,5536,5536,4287,4450,37,126,18:47:46,1,0,30,2259,0,1413,31,550,0,1,0,2
go,93572,FIRMINÓPOLIS,5207808,30,30,8767,8767,6873,7097,65,159,18:09:47,1,0,55,4235,3,1644,55,872,1,3,0,4
go,93599,FLORES DE GOIÁS,5207907,28,22,8526,6617,4648,4834,26,160,19:29:37,0,1,34,1808,0,2071,21,713,0,0,0,0
go,93610,FORMOSA,5208004,243,235,77711,74891,56637,58788,706,1445,19:17:20,11,4,751,29680,10,17926,759,7433,3,25,2,33
go,93637,FORMOSO,5208103,17,11,4706,3400,2408,2477,12,57,19:11:46,0,0,30,1072,1,1079,12,214,0,0,0,0
go,93564,GAMELEIRA DE GOIÁS,5208152,13,13,3713,3713,2910,3007,35,62,19:16:14,1,0,45,1528,1,905,31,394,0,3,1,1
go,93696,GOIANDIRA,5208509,14,14,4561,4561,3627,3750,36,87,18:44:45,1,1,72,1546,0,1583,65,352,1,1,0,5
go,93750,GOIANIRA,5208806,137,136,47570,47235,34122,35573,475,976,19:20:56,9,3,475,16744,7,11527,484,4823,3,26,2,19
go,93670,GOIANÁPOLIS,5208400,42,42,10753,10753,8349,8631,84,198,19:04:14,1,1,68,5491,0,1790,63,930,0,2,1,2
go,93718,GOIANÉSIA,5208608,172,167,59437,57619,42801,44537,641,1095,20:02:01,7,9,670,23679,3,12470,596,5316,1,15,2,33
go,93793,GOIATUBA,5209101,98,98,27861,27861,21192,22201,298,711,19:03:12,4,3,303,13135,3,5065,285,2370,2,3,3,16
go,93777,GOIÁS,5208905,63,63,19216,19216,13869,14381,119,393,19:07:02,0,4,145,5630,5,6377,117,1572,1,10,1,7
go,93734,GOIÂNIA,5208707,3043,3015,1019261,1009235,783730,808898,7428,17740,20:02:00,143,108,12281,429018,204,220842,13571,105863,90,670,102,838
go,92266,GOUVELÂNDIA,5209150,13,0,4011,0,0,0,0,0,20:14:10,0,0,0,0,0,0,0,0,0,0,0,0
go,93815,GUAPÓ,5209200,49,49,14861,14861,10914,11398,118,366,18:22:50,2,0,123,4939,2,3828,129,1883,0,2,1,5
go,93831,GUARANI DE GOIÁS,5209408,17,17,4796,4796,3807,3975,15,153,19:23:45,1,1,17,1014,0,1530,14,1228,0,2,0,0
go,93149,GUARAÍTA,5209291,9,9,2781,2781,2205,2296,27,64,19:16:15,1,0,21,1091,0,827,9,256,0,0,0,0
go,92860,GUARINOS,5209457,10,9,3062,2774,1908,1969,15,46,18:50:16,0,0,13,747,0,881,11,256,0,0,0,0
go,93874,HEITORAÍ,5209606,13,13,4192,4192,3176,3286,28,82,19:11:46,0,0,21,1650,0,1162,10,331,0,1,0,1
go,93912,HIDROLINA,5209804,13,1,3869,190,139,145,6,0,18:44:46,0,0,2,51,0,56,1,29,0,0,0,0
go,93890,HIDROLÂNDIA,5209705,67,58,23574,20180,15128,15691,152,411,19:22:13,3,2,154,6703,3,4018,173,4061,4,6,0,1
go,93939,IACIARA,5209903,28,21,8526,6021,4518,4702,31,153,19:20:57,0,0,18,1677,0,1784,31,999,0,2,2,5
go,93165,INACIOLÂNDIA,5209937,14,0,4809,0,0,0,0,0,20:14:06,0,0,0,0,0,0,0,0,0,0,0,0
go,96814,INDIARA,5209952,40,15,12731,4808,3603,3743,39,101,20:04:52,0,0,53,1899,1,1282,49,316,0,2,0,1
go,93955,INHUMAS,5210000,128,128,40854,40854,30644,32068,407,1017,19:04:46,4,4,466,15356,4,9392,406,4969,5,11,4,23
go,93971,IPAMERI,5210109,69,69,20506,20506,15004,15655,216,435,18:50:16,1,3,245,7897,3,5004,193,1642,1,7,2,6
go,93548,IPIRANGA DE GOIÁS,5210158,10,0,3148,0,0,0,0,0,20:14:10,0,0,0,0,0,0,0,0,0,0,0,0
go,93998,IPORÁ,5210208,105,104,26609,26211,19506,20157,194,457,19:29:38,3,1,275,11201,2,5479,245,2271,1,9,1,18
go,94013,ISRAELÂNDIA,5210307,12,12,2989,2989,2180,2269,22,67,19:01:40,0,0,23,1054,0,781,17,305,0,0,0,0
go,94030,ITABERAÍ,5210406,99,98,33230,32778,24136,25075,345,594,19:20:57,3,0,301,12696,1,8015,261,2844,0,7,2,6
go,92282,ITAGUARI,5210562,16,15,5166,4819,3815,3932,27,90,19:24:42,1,0,20,1760,0,1381,20,632,0,1,0,0
go,94072,ITAGUARU,5210604,19,16,5268,4305,3463,3586,29,94,19:32:16,0,0,25,1558,0,1501,10,369,0,0,0,0
go,94110,ITAJÁ,5210802,16,16,3668,3668,2790,2870,17,63,18:17:33,0,0,32,1610,0,717,19,410,0,1,0,1
go,94137,ITAPACI,5210901,48,48,15697,15697,11395,11803,119,289,19:10:38,0,0,125,5854,2,4226,98,1084,0,1,0,5
go,94153,ITAPIRAPUÃ,5211008,23,3,6866,885,669,681,4,8,18:33:16,0,0,3,363,0,204,2,97,0,0,0,0
go,94196,ITAPURANGA,5211206,76,76,21491,21491,17051,17637,186,400,19:23:24,1,3,155,8670,0,5904,150,2154,1,4,1,8
go,94218,ITARUMÃ,5211305,17,17,4683,4683,3396,3529,30,103,18:48:44,1,0,69,1875,0,1148,22,271,0,0,2,8
go,94234,ITAUÇU,5211404,31,31,7690,7690,6113,6335,63,159,18:23:54,0,1,77,3175,0,2066,41,740,0,8,1,4
go,94250,ITUMBIARA,5211503,219,219,74876,74876,54976,57334,815,1543,19:20:57,3,7,915,31755,6,15732,886,5584,1,26,6,55
go,94277,IVOLÂNDIA,5211602,10,3,3148,731,507,528,3,18,18:41:11,0,0,3,277,0,160,2,65,0,0,0,0
go,94293,JANDAIA,5211701,21,21,5992,5992,4726,4880,37,117,19:29:37,0,1,49,2723,0,1464,47,436,0,2,0,4
go,94315,JARAGUÁ,5211800,100,100,33457,33457,25426,26202,289,487,19:28:54,3,3,187,15948,2,5084,279,3909,1,0,1,9
go,94331,JATAÍ,5211909,256,256,73593,73593,54913,56961,742,1306,18:57:36,7,9,786,34317,10,14385,870,4439,4,35,4,47
go,94358,JAUPACI,5212006,13,13,3160,3160,2325,2402,12,65,19:32:16,0,0,26,1068,0,862,29,336,0,2,1,1
go,92983,JESÚPOLIS,5212055,8,0,2726,0,0,0,0,0,20:14:07,0,0,0,0,0,0,0,0,0,0,0,0
go,94374,JOVIÂNIA,5212105,22,22,5772,5772,4522,4724,50,152,19:01:40,3,0,72,2583,0,1455,40,360,3,1,1,4
go,94390,JUSSARA,5212204,52,45,14816,12583,9443,9809,89,277,19:22:13,3,0,88,5420,0,2708,84,1134,0,2,0,4
go,93602,LAGOA SANTA,5212253,6,6,1783,1783,1249,1288,10,29,18:27:08,0,0,15,673,0,408,12,141,0,0,0,0
go,94439,LEOPOLDO DE BULHÕES,5212303,25,24,7348,7001,5262,5504,74,168,20:02:01,0,1,69,2748,2,1721,37,678,0,4,0,2
go,94455,LUZIÂNIA,5212501,397,288,136763,97318,73447,76626,1153,2026,20:02:00,14,9,766,38582,12,22147,896,10945,4,29,3,40
go,94471,MAIRIPOTABA,5212600,11,11,3493,3493,2662,2739,19,58,19:30:20,0,1,32,1387,1,743,16,481,0,0,0,1
go,94498,MAMBAÍ,5212709,20,20,6519,6519,4962,5112,33,117,20:05:04,0,0,31,3054,0,1546,21,308,0,0,1,1
go,94510,MARA ROSA,5212808,30,30,9165,9165,6696,6931,56,179,19:25:42,0,0,53,3267,1,2320,52,998,1,2,0,2
go,94536,MARZAGÃO,5212907,9,0,3001,0,0,0,0,0,20:14:09,0,0,0,0,0,0,0,0,0,0,0,0
go,92320,MATRINCHÃ,5212956,13,5,3955,1581,1175,1227,4,48,19:25:42,0,0,8,545,0,423,3,196,0,0,0,0
go,94579,MAURILÂNDIA,5213004,26,26,7553,7553,5750,5972,66,156,19:20:57,1,1,61,2678,0,2527,62,417,0,1,0,2
go,92347,MIMOSO DE GOIÁS,5213053,11,11,3345,3345,2581,2686,19,86,19:30:39,0,0,17,1167,1,943,20,430,0,0,1,2
go,96474,MINAÇU,5213087,79,79,22408,22408,16026,16554,177,351,19:20:58,1,2,176,8307,3,5796,149,1572,1,7,0,12
go,94595,MINEIROS,5213103,141,139,51739,50953,37346,38852,482,1024,19:30:39,5,6,712,22605,7,10181,539,3239,0,21,5,26
go,94650,MOIPORÁ,5213400,9,1,2507,169,125,132,0,7,18:41:11,0,0,1,40,0,57,5,22,0,0,0,0
go,94676,MONTE ALEGRE DE GOIÁS,5213509,22,8,5622,2220,1561,1614,7,46,19:30:21,0,0,13,351,0,939,13,245,0,0,0,0
go,94714,MONTES CLAROS DE GOIÁS,5213707,24,24,7109,7109,5369,5522,44,109,19:29:38,1,1,53,3027,0,1693,29,560,0,2,0,3
go,92363,MONTIVIDIU,5213756,31,31,9826,9826,7559,7810,90,161,19:23:24,0,0,100,5303,0,1787,73,291,0,0,0,5
go,93181,MONTIVIDIU DO NORTE,5213772,13,8,3716,2240,1668,1699,2,29,19:17:20,0,0,19,829,0,620,22,178,0,0,0,0
go,94730,MORRINHOS,5213806,126,125,37180,36840,27641,28705,373,691,18:31:55,4,4,325,15588,5,7710,368,3595,3,12,2,25
go,92169,MORRO AGUDO DE GOIÁS,5213855,10,10,3067,3067,2453,2526,15,58,19:30:39,1,0,19,1326,0,701,11,394,0,0,0,1
go,94757,MOSSÂMEDES,5213905,13,0,4636,0,0,0,0,0,20:14:06,0,0,0,0,0,0,0,0,0,0,0,0
go,94773,MOZARLÂNDIA,5214002,42,41,12318,12030,8369,8664,82,213,18:44:27,0,0,82,4339,0,2710,63,1166,2,2,0,5
go,96512,MUNDO NOVO,5214051,21,21,5366,5366,3854,3985,23,108,19:30:38,2,0,31,2041,0,1418,39,322,0,0,1,0
go,94790,MUTUNÓPOLIS,5214101,14,13,3622,3331,2620,2691,15,56,19:20:59,0,0,12,1289,0,772,16,530,0,0,0,1
go,94854,NAZÁRIO,5214408,24,24,7694,7694,5848,6034,40,146,18:44:47,0,0,48,3359,0,1744,39,653,1,3,0,1
go,94870,NERÓPOLIS,5214507,74,74,25856,25856,18587,19344,222,535,19:09:46,0,1,290,9804,2,5675,230,2575,0,3,2,5
go,94897,NIQUELÂNDIA,5214606,98,97,28256,27866,19748,20515,171,596,19:30:39,4,4,182,9405,2,6481,142,3516,1,2,2,7
go,94919,NOVA AMÉRICA,5214705,10,10,2769,2769,2204,2298,21,73,19:13:49,0,0,17,1033,0,627,17,507,0,0,0,3
go,94935,NOVA AURORA,5214804,10,10,2328,2328,1809,1900,34,57,19:04:46,1,0,16,816,0,751,16,201,0,2,0,6
go,96539,NOVA CRIXÁS,5214838,31,31,9335,9335,6936,7150,43,171,19:22:35,2,0,87,3346,0,2727,33,735,0,2,1,3
go,96555,NOVA GLÓRIA,5214861,25,4,6881,847,665,701,15,21,19:01:39,0,0,3,308,0,266,3,85,0,0,0,0
go,93084,NOVA IGUAÇU DE GOIÁS,5214879,8,8,2680,2680,2042,2100,14,44,19:20:58,0,0,20,1036,0,724,29,232,0,1,0,0
go,94951,NOVA ROMA,5214903,11,11,3006,3006,2117,2208,12,79,19:11:47,0,0,9,585,0,979,13,530,1,0,0,0
go,94978,NOVA VENEZA,5215009,23,0,8553,0,0,0,0,0,20:14:06,0,0,0,0,0,0,0,0,0,0,0,0
go,95010,NOVO BRASIL,5215207,15,15,3599,3599,2747,2844,33,64,18:46:32,0,1,30,1447,0,951,24,294,0,0,0,0
go,93327,NOVO GAMA,5215231,184,159,58615,50258,38377,39980,680,923,19:23:24,6,4,533,18704,5,14537,706,3849,0,22,0,11
go,92444,NOVO PLANALTO,5215256,13,13,4131,4131,3050,3147,26,71,19:14:53,0,0,27,1547,1,1125,19,330,0,1,0,0
go,95036,ORIZONA,5215306,43,43,12089,12089,9333,9720,116,271,19:25:43,1,0,113,5123,0,2357,87,1647,0,2,0,3
go,95052,OURO VERDE DE GOIÁS,5215405,15,15,3766,3766,2962,3086,27,97,19:08:39,1,0,36,1605,0,766,22,532,0,0,0,0
go,95079,OUVIDOR,5215504,28,28,10501,10501,7771,8142,122,249,19:20:56,0,0,134,3828,1,2890,122,782,1,5,0,8
go,95095,PADRE BERNARDO,5215603,68,56,20391,16245,12042,12591,157,392,19:10:59,0,4,136,6164,1,4070,133,1517,1,7,2,7
go,92460,PALESTINA DE GOIÁS,5215652,12,12,3576,3576,2661,2742,16,65,19:28:55,0,1,13,1543,1,791,20,289,0,0,0,3
go,95117,PALMEIRAS DE GOIÁS,5215702,73,73,23454,23454,17529,18144,181,434,19:22:13,2,3,300,10656,1,4912,146,1492,1,9,0,7
go,95133,PALMELO,5215801,8,8,2406,2406,1762,1837,16,59,18:55:37,2,1,44,902,0,576,21,215,0,0,0,1
go,95150,PALMINÓPOLIS,5215900,13,13,4428,4428,3393,3477,22,62,17:57:27,0,0,48,2068,0,813,19,441,0,1,0,3
go,95176,PANAMÁ,5216007,14,14,3038,3038,2270,2367,31,66,18:24:58,0,0,21,1108,0,793,12,332,1,0,0,3
go,94552,PARANAIGUARA,5216304,25,25,7170,7170,5317,5566,72,177,18:27:08,0,0,57,2422,1,2196,46,588,0,1,1,5
go,95230,PARAÚNA,5216403,31,31,9273,9273,6854,7140,52,234,19:29:38,0,1,89,4290,2,1848,87,528,0,5,0,4
go,93068,PEROLÂNDIA,5216452,9,9,3152,3152,2278,2352,18,56,19:23:24,0,0,23,1258,0,686,17,293,0,1,0,0
go,95311,PETROLINA DE GOIÁS,5216809,29,29,7530,7530,5852,6127,81,194,19:15:10,2,0,61,3414,1,1604,40,725,0,3,1,1
go,95354,PILAR DE GOIÁS,5216908,14,14,3938,3938,2670,2761,32,59,19:25:21,0,0,11,1229,1,1097,18,313,0,0,0,1
go,95397,PIRACANJUBA,5217104,63,63,18846,18846,13789,14331,168,374,19:24:42,6,3,130,7002,6,4435,126,2064,1,8,0,8
go,95419,PIRANHAS,5217203,32,32,9094,9094,6945,7206,43,218,19:13:49,0,2,57,3853,0,2115,56,857,1,2,0,2
go,95435,PIRENÓPOLIS,5217302,76,75,20745,20438,15379,16102,262,461,19:17:20,1,2,278,7977,2,5138,177,1784,1,4,2,13
go,95451,PIRES DO RIO,5217401,72,72,22071,22071,16043,16866,282,541,18:38:45,2,2,219,9848,0,4155,176,1613,1,10,4,13
go,95958,PLANALTINA,5217609,206,180,66587,57278,42221,44013,719,1073,19:32:16,2,5,630,19715,8,16704,712,4383,2,21,5,34
go,95494,PONTALINA,5217708,53,53,14364,14364,11093,11555,130,332,18:27:08,1,2,116,6199,1,3283,110,1370,1,4,0,6
go,95559,PORANGATU,5218003,109,109,30959,30959,22946,23783,264,573,19:02:48,4,1,271,12662,5,7786,240,1951,0,8,0,18
go,93424,PORTEIRÃO,5218052,11,11,3963,3963,2779,2845,16,50,19:04:32,0,1,20,1474,0,992,36,254,0,0,0,2
go,95575,PORTELÂNDIA,5218102,11,11,3416,3416,2541,2650,30,79,19:23:45,0,0,24,1451,0,838,16,210,0,0,0,2
go,95613,POSSE,5218300,86,86,25339,25339,19415,20138,214,509,19:20:59,3,4,178,9593,3,7175,169,2279,1,2,2,6
go,93041,PROFESSOR JAMIL,5218391,11,11,3597,3597,2740,2825,16,69,18:44:46,0,0,35,1199,0,1075,14,416,0,1,0,0
go,95630,QUIRINÓPOLIS,5218508,106,106,35296,35296,26197,27307,382,728,18:35:06,1,4,491,14886,3,8125,359,2304,1,10,1,12
go,95656,RIALMA,5218607,32,32,9232,9232,7188,7418,83,147,18:54:39,0,1,77,4437,1,1921,87,662,0,1,0,1
go,95672,RIANÁPOLIS,5218706,13,0,3946,0,0,0,0,0,20:14:07,0,0,0,0,0,0,0,0,0,0,0,0
go,92827,RIO QUENTE,5218789,14,0,4413,0,0,0,0,0,20:14:11,0,0,0,0,0,0,0,0,0,0,0,0
go,95710,RIO VERDE,5218805,471,470,153307,152961,116789,121075,1728,2558,19:24:42,18,15,2636,74419,21,31228,2062,6212,3,44,6,125
go,95737,RUBIATABA,5218904,52,52,15629,15629,11576,12024,135,313,19:23:45,0,1,97,6987,1,2690,100,1691,1,1,0,7
go,95753,SANCLERLÂNDIA,5219001,24,24,7135,7135,5609,5803,50,144,18:30:36,2,0,72,3053,0,1872,42,565,0,2,0,1
go,95770,SANTA BÁRBARA DE GOIÁS,5219100,18,18,5600,5600,4415,4542,48,79,18:18:42,0,0,69,2300,0,1368,42,634,0,0,2,0
go,95796,SANTA CRUZ DE GOIÁS,5219209,11,11,3504,3504,2640,2753,28,85,18:39:55,1,0,37,1430,0,820,17,332,0,1,1,1
go,92568,SANTA FÉ DE GOIÁS,5219258,16,16,4208,4208,3066,3150,16,68,19:25:42,0,1,20,1543,0,1005,39,454,0,1,1,2
go,95818,SANTA HELENA DE GOIÁS,5219308,95,95,30181,30181,22887,23953,373,693,19:16:15,3,3,308,12658,2,7501,356,2028,1,7,0,20
go,96890,SANTA ISABEL,5219357,14,9,3820,2212,1682,1742,14,46,19:04:14,0,0,14,944,0,546,20,156,0,0,0,2
go,95834,SANTA RITA DO ARAGUAIA,5219407,15,15,4460,4460,3190,3305,32,83,18:37:16,1,0,31,1669,1,1132,51,301,1,0,0,3
go,93440,SANTA RITA DO NOVO DESTINO,5219456,10,10,3048,3048,2313,2383,18,52,19:10:59,0,0,16,1069,0,873,11,343,0,0,0,1
go,95850,SANTA ROSA DE GOIÁS,5219506,12,12,3527,3527,2809,2913,26,78,19:02:49,0,0,30,1395,1,936,18,428,0,0,0,1
go,95877,SANTA TEREZA DE GOIÁS,5219605,13,13,3838,3838,2643,2745,27,75,19:04:14,0,1,18,1320,0,1097,15,192,0,0,0,0
go,95893,SANTA TEREZINHA DE GOIÁS,5219704,32,1,8524,171,136,142,1,5,18:44:46,0,0,0,54,0,68,0,14,0,0,0,0
go,93203,SANTO ANTÔNIO DA BARRA,5219712,15,15,4303,4303,3203,3370,50,117,18:33:56,1,1,49,1632,0,1239,29,246,0,1,0,5
go,92908,SANTO ANTÔNIO DE GOIÁS,5219738,23,23,7976,7976,6069,6260,44,147,19:01:40,1,0,75,3167,0,2035,70,715,0,3,0,3
go,96776,SANTO ANTÔNIO DO DESCOBERTO,5219753,142,142,46706,46706,34823,36393,615,955,19:29:38,9,2,625,17257,6,12739,632,3513,2,16,5,17
go,92703,SENADOR CANEDO,5220454,263,215,95243,77474,58644,60974,714,1616,20:04:52,12,6,907,28595,14,19800,899,8332,3,42,4,30
go,96075,SERRANÓPOLIS,5220504,21,21,6621,6621,4728,4887,50,109,18:38:46,1,0,58,2535,0,1681,44,408,0,0,0,1
go,96091,SILVÂNIA,5220603,56,55,16325,15971,12457,12907,147,303,19:08:11,1,0,194,7249,3,3347,151,1495,0,10,1,6
go,92720,SIMOLÂNDIA,5220686,22,22,5580,5580,4053,4261,42,166,18:34:56,0,0,45,1703,0,1784,19,500,0,2,0,0
go,95915,SÃO DOMINGOS,5219803,29,29,7284,7284,5042,5326,48,236,19:24:41,0,1,20,1537,0,2322,28,1130,0,2,2,0
go,95931,SÃO FRANCISCO DE GOIÁS,5219902,18,18,5392,5392,3996,4195,62,137,19:07:02,1,0,24,2249,0,1073,17,627,0,3,1,1
go,95974,SÃO JOÃO D'ALIANÇA,5220009,24,4,7763,754,541,554,3,10,19:11:20,1,0,2,140,0,329,4,64,0,0,0,1
go,92622,SÃO JOÃO DA PARAÚNA,5220058,6,6,2198,2198,1588,1650,11,51,19:22:13,0,0,9,920,0,402,14,243,0,0,0,0
go,92649,SÃO LUIZ DO NORTE,5220157,16,11,5107,3324,2416,2479,19,44,18:44:27,0,0,17,935,0,1065,23,375,0,1,0,0
go,95990,SÃO LUÍS DE MONTES BELOS,5220108,80,0,24563,0,0,0,0,0,20:14:09,0,0,0,0,0,0,0,0,0,0,0,0
go,96016,SÃO MIGUEL DO ARAGUAIA,5220207,59,59,18389,18389,13242,13689,106,341,19:31:54,2,0,105,7941,0,3798,94,1293,0,6,0,3
go,92665,SÃO MIGUEL DO PASSA QUATRO,5220264,13,13,4211,4211,3393,3517,24,100,19:00:41,0,0,40,1740,3,973,33,604,0,0,0,0
go,93483,SÃO PATRÍCIO,5220280,9,0,2457,0,0,0,0,0,20:14:10,0,0,0,0,0,0,0,0,0,0,0,0
go,96059,SÃO SIMÃO,5220405,48,48,13332,13332,9487,9888,143,258,18:47:47,4,0,189,4407,1,4172,187,516,0,4,2,5
go,96113,SÍTIO D'ABADIA,5220702,11,10,3498,3140,2019,2103,14,70,19:20:59,1,0,32,803,1,847,12,321,0,0,1,1
go,96172,TAQUARAL DE GOIÁS,5221007,17,17,4447,4447,3396,3523,38,89,18:44:46,0,0,35,1899,0,1032,24,401,0,1,0,4
go,92762,TERESINA DE GOIÁS,5221080,12,11,3252,2947,1986,2065,11,68,19:29:38,2,0,13,616,0,1054,17,281,0,2,1,0
go,93220,TEREZÓPOLIS DE GOIÁS,5221197,21,2,6829,372,280,295,4,11,19:03:12,1,0,1,121,0,116,4,37,0,0,0,0
go,96253,TRINDADE,5221403,304,274,95914,85844,64796,67199,789,1614,19:24:42,10,8,913,31860,5,20225,879,10816,3,30,18,29
go,92789,TROMBAS,5221452,10,5,3059,1268,904,940,10,26,18:56:35,0,0,15,432,0,351,9,97,0,0,0,0
go,96237,TRÊS RANCHOS,5221304,12,12,3894,3894,2822,2948,34,92,19:14:09,1,0,30,1226,0,1139,38,382,0,2,0,4
go,92800,TURVELÂNDIA,5221551,15,15,4210,4210,3237,3337,32,68,18:47:46,0,0,21,1585,0,1390,44,195,1,0,0,1
go,96318,TURVÂNIA,5221502,15,15,4582,4582,3517,3634,36,81,19:07:46,0,0,27,2108,0,988,27,361,0,2,0,4
go,93246,UIRAPURU,5221577,10,0,3080,0,0,0,0,0,20:14:10,0,0,0,0,0,0,0,0,0,0,0,0
go,96350,URUANA,5221700,38,38,10812,10812,8336,8703,94,273,19:25:21,0,1,79,4380,1,2818,43,1005,0,2,1,6
go,96334,URUAÇU,5221601,97,94,30439,29661,21684,22493,251,558,19:30:21,2,4,227,11861,7,7072,256,2243,1,4,0,7
go,96377,URUTAÍ,5221809,14,14,3949,3949,2948,3057,30,79,18:47:47,1,0,32,1334,0,1060,41,478,0,1,0,1
go,93300,VALPARAÍSO DE GOIÁS,5221858,302,302,99112,99112,76603,79203,1063,1537,19:25:21,9,8,1187,37361,10,27783,1623,8480,8,63,5,66
go,96393,VARJÃO,5221908,15,15,4454,4454,3299,3448,34,115,18:59:07,0,1,20,1775,0,858,28,608,1,3,1,4
go,96415,VIANÓPOLIS,5222005,34,34,11287,11287,8710,9013,80,223,19:23:45,0,1,79,5501,1,1942,74,1101,1,5,0,5
go,96571,VICENTINÓPOLIS,5222054,25,25,7110,7110,5541,5758,58,159,19:20:59,0,1,80,3054,0,1928,72,401,0,2,1,2
go,93289,VILA BOA,5222203,13,13,4021,4021,2809,2903,19,75,18:50:00,0,1,14,936,0,1372,29,455,0,0,1,1
go,93505,VILA PROPÍCIO,5222302,19,11,6026,3284,2551,2606,15,40,19:16:15,1,0,17,953,1,847,24,703,0,2,0,3
go,96938,ÁGUA FRIA DE GOIÁS,5200175,17,14,5099,4258,3094,3200,26,80,19:12:58,0,0,17,1591,1,844,22,616,1,0,1,1
go,92037,ÁGUA LIMPA,5200209,9,9,2635,2635,1962,2019,22,35,19:12:44,1,1,18,1073,0,602,15,251,0,0,0,1
go,93343,ÁGUAS LINDAS DE GOIÁS,5200258,322,220,125210,85225,64719,67242,1123,1400,19:32:16,11,1,1003,30502,20,25015,1190,6889,5,47,6,30
ma,07013,AFONSO CUNHA,2100105,30,25,7467,5999,4733,4861,28,100,19:16:39,0,1,69,703,0,3900,32,28,0,0,0,0
ma,07030,ALCÂNTARA,2100204,77,73,17613,16865,13376,13799,179,244,19:22:36,2,0,211,2617,2,10248,139,134,0,9,1,13
ma,07056,ALDEIAS ALTAS,2100303,73,72,18506,18158,13093,13853,125,635,19:17:21,3,3,230,2637,1,9939,128,135,1,3,0,13
ma,07072,ALTAMIRA DO MARANHÃO,2100402,25,24,5758,5416,4011,4197,26,160,19:32:18,1,0,76,1185,0,2676,42,26,0,1,0,4
ma,07021,ALTO ALEGRE DO MARANHÃO,2100436,61,13,18076,3697,2932,3032,14,86,19:07:48,0,0,33,711,0,2134,20,30,0,1,0,3
ma,07048,ALTO ALEGRE DO PINDARÉ,2100477,82,65,20251,15690,11631,12111,93,387,19:20:56,0,2,188,2665,2,8492,148,105,1,1,1,26
ma,07099,ALTO PARNAÍBA,2100501,29,25,8142,7311,5523,5758,42,193,19:12:45,0,0,116,2134,2,3126,31,105,0,0,1,8
ma,07080,AMAPÁ DO MARANHÃO,2100550,22,20,4953,4428,3753,3914,36,125,19:08:39,0,0,71,1045,0,2540,66,25,0,0,0,6
ma,07110,AMARANTE DO MARANHÃO,2100600,108,86,28108,20790,16223,16791,90,478,19:20:56,1,2,178,7230,3,8444,156,180,1,4,2,22
ma,07137,ANAJATUBA,2100709,87,64,20568,14749,11566,11975,124,285,19:30:40,1,0,261,2396,8,8668,108,109,0,8,0,7
ma,07153,ANAPURUS,2100808,48,40,14136,11259,8902,9305,101,302,19:29:39,1,2,138,2170,2,6427,81,72,0,2,0,7
ma,07064,APICUM-AÇU,2100832,49,42,13470,11658,9130,9335,74,131,19:29:39,0,1,214,2701,0,5994,102,111,0,2,1,4
ma,07102,ARAGUANÃ,2100873,29,29,8007,8007,6057,6192,34,101,19:13:49,0,0,110,1383,0,4443,52,65,0,1,0,3
ma,07170,ARAIOSES,2100907,129,87,32649,21876,16416,17431,307,708,19:29:39,7,2,188,2978,2,12793,273,152,0,8,0,13
ma,09679,ARAME,2100956,81,69,20826,17518,13704,14049,63,282,19:24:37,0,3,138,4663,0,8671,105,105,0,4,0,15
ma,07196,ARARI,2101004,89,86,24000,23331,17268,17929,265,396,19:23:45,2,1,396,4227,2,12217,246,167,0,2,1,7
ma,07218,AXIXÁ,2101103,41,27,11529,7587,6170,6407,68,169,19:13:00,1,0,116,1511,2,4393,69,69,0,2,1,6
ma,09610,AÇAILÂNDIA,2100055,262,235,78000,68899,54348,55885,506,1031,20:02:02,21,4,1159,30349,13,21176,955,563,3,27,3,75
ma,07234,BACABAL,2101202,253,178,71838,46929,37326,38764,468,970,19:29:38,6,5,641,13720,10,21978,570,324,2,17,2,51
ma,07129,BACABEIRA,2101251,54,51,16057,15147,11998,12446,178,270,19:20:57,1,0,270,2775,4,8617,168,155,1,0,1,6
ma,07250,BACURI,2101301,56,54,13893,13344,10127,10443,79,237,19:31:57,1,1,159,1889,0,7899,79,95,0,1,0,3
ma,07145,BACURITUBA,2101350,20,15,5647,4241,2956,3057,32,69,19:04:14,0,0,33,416,0,2443,26,29,1,2,0,6
ma,07277,BALSAS,2101400,223,209,71213,66339,51666,53040,478,896,19:31:56,5,11,1493,28815,8,19685,895,655,3,13,2,81
ma,07315,BARRA DO CORDA,2101608,241,117,63831,30410,23837,24655,237,581,19:29:38,1,1,305,8736,2,14249,325,185,1,10,1,21
ma,07331,BARREIRINHAS,2101707,197,64,52533,14659,11772,12158,93,293,19:29:39,2,0,229,2881,2,8458,117,73,0,4,1,5
ma,07293,BARÃO DE GRAJAÚ,2101509,54,35,16130,10389,7976,8331,101,254,19:14:08,2,0,183,1537,1,6012,130,97,0,3,1,10
ma,07188,BELA VISTA DO MARANHÃO,2101772,38,19,10096,4230,3265,3404,32,107,18:47:47,0,0,40,795,0,2380,28,17,0,0,0,5
ma,07161,BELÁGUA,2101731,27,23,8091,6628,5176,5391,30,185,19:11:47,0,0,40,565,1,4512,28,25,0,0,0,5
ma,07358,BENEDITO LEITE,2101806,15,15,4638,4638,3632,3757,20,105,19:25:23,0,0,48,961,0,2541,21,41,0,0,0,20
ma,07374,BEQUIMÃO,2101905,64,55,18606,15764,11908,12440,218,314,19:20:55,1,0,181,2380,0,9047,95,185,0,4,0,15
ma,07200,BERNARDO DO MEARIM,2101939,23,23,5015,5015,4046,4198,35,117,19:24:37,0,1,66,1132,0,2773,33,36,0,1,0,4
ma,07323,BOA VISTA DO GURUPI,2101970,25,25,6551,6551,5057,5207,40,110,18:56:35,0,0,89,1469,0,3395,68,29,0,2,0,5
ma,09555,BOM JARDIM,2102002,115,105,26888,23478,17603,18275,137,535,19:28:56,5,3,292,4739,3,12156,238,147,0,6,4,10
ma,07269,BOM JESUS DAS SELVAS,2102036,76,66,19650,16951,12858,13235,75,302,19:29:41,0,0,213,5334,0,7046,118,130,1,2,1,13
ma,07285,BOM LUGAR,2102077,45,43,11468,10913,8667,8817,49,101,19:20:57,3,0,60,2398,1,6070,51,81,0,1,0,2
ma,07390,BREJO,2102101,88,74,25937,21693,16727,17307,160,420,19:20:57,3,1,241,4240,0,11889,126,188,0,2,2,35
ma,07307,BREJO DE AREIA,2102150,34,34,8475,8475,6014,6260,44,202,19:25:22,0,1,75,2037,2,3797,32,57,0,0,1,12
ma,07412,BURITI,2102200,79,48,22995,13431,9984,10428,104,340,19:31:56,0,1,140,1776,0,7847,123,86,1,2,1,7
ma,07439,BURITI BRAVO,2102309,67,67,17755,17755,12902,13739,130,707,19:08:12,0,1,164,2540,0,9932,129,130,0,3,0,3
ma,07340,BURITICUPU,2102325,154,87,42732,22594,17038,17517,102,377,19:24:37,2,2,274,6709,3,9566,283,172,1,8,1,17
ma,07366,BURITIRANA,2102358,43,26,10837,6585,5114,5343,54,175,19:30:01,0,0,113,2203,1,2649,72,69,1,1,0,5
ma,07226,CACHOEIRA GRANDE,2102374,37,27,9001,6618,4997,5135,31,107,19:31:56,0,1,69,1189,2,3642,57,33,0,0,0,4
ma,07455,CAJAPIÓ,2102408,32,32,10224,10224,7282,7606,67,257,19:29:39,2,1,75,957,2,6114,42,73,0,4,1,11
ma,07471,CAJARI,2102507,61,24,16136,5910,4347,4452,25,80,19:13:00,0,0,47,573,0,3664,28,32,0,0,0,3
ma,07382,CAMPESTRE DO MARANHÃO,2102556,34,15,9948,3742,2970,3038,25,43,19:16:39,0,0,32,1212,0,1688,20,17,0,0,0,1
ma,07510,CANTANHEDE,2102705,54,46,14177,11799,8955,9341,97,289,19:20:56,0,1,124,1900,1,6755,92,73,0,1,2,6
ma,07404,CAPINZAL DO NORTE,2102754,35,35,8689,8689,6758,7107,73,276,19:25:43,1,0,164,1917,0,4549,66,50,0,2,0,9
ma,07536,CAROLINA,2102804,72,72,18310,18310,13985,14439,126,328,19:13:49,3,1,357,5545,2,7629,178,244,0,5,0,21
ma,07552,CARUTAPERA,2102903,73,44,19093,10936,8093,8395,61,241,20:02:02,1,0,169,2570,3,5127,142,66,0,1,1,13
ma,07579,CAXIAS,2103000,406,216,113420,58497,44844,46854,623,1387,20:02:02,13,7,1156,12267,18,29747,995,571,2,27,1,40
ma,07595,CEDRAL,2103109,37,28,9329,6985,5403,5627,65,159,20:05:05,0,0,109,1090,1,4062,78,61,0,0,0,2
ma,07420,CENTRAL DO MARANHÃO,2103125,29,27,7808,7142,5010,5244,44,190,18:59:30,1,1,69,627,0,4209,30,59,0,8,1,5
ma,07447,CENTRO DO GUILHERME,2103158,36,36,7966,7966,6502,6679,42,135,19:20:57,0,2,166,1614,1,4607,65,39,0,0,0,8
ma,07463,CENTRO NOVO DO MARANHÃO,2103174,47,46,11932,11568,9025,9297,47,225,19:20:57,0,2,202,2508,2,6088,97,104,1,2,3,16
ma,07617,CHAPADINHA,2103208,182,55,60242,14871,11658,12002,106,238,19:30:21,2,1,182,2500,0,8745,113,101,0,3,0,11
ma,07480,CIDELÂNDIA,2103257,36,14,10660,4430,3426,3532,41,65,19:31:56,1,0,100,1299,0,1920,68,33,1,1,0,3
ma,07633,CODÓ,2103307,273,220,82435,66465,48097,50305,562,1646,19:30:21,11,10,931,12291,10,33544,664,579,5,12,3,37
ma,07650,COELHO NETO,2103406,116,106,33370,29801,22194,23063,199,670,19:20:56,4,1,292,4121,7,17248,291,208,1,7,2,12
ma,07676,COLINAS,2103505,90,19,28426,4883,3834,4029,21,174,19:30:01,0,2,61,863,0,2834,28,37,1,0,1,7
ma,07501,CONCEIÇÃO DO LAGO-AÇU,2103554,47,37,11878,9269,7054,7269,44,171,19:22:13,0,0,132,1910,0,4875,57,73,0,1,0,6
ma,07692,COROATÁ,2103604,160,99,46886,26354,18577,19553,215,761,19:28:55,3,5,240,5096,2,12764,202,224,0,6,0,35
ma,07714,CURURUPU,2103703,105,101,26322,25205,18635,19317,266,416,19:31:56,3,1,314,3510,2,14437,184,175,0,6,0,3
ma,07498,CÂNDIDO MENDES,2102606,56,45,14853,11665,9793,10117,60,264,19:20:58,0,0,237,2640,0,6716,87,97,0,0,2,14
ma,07242,DAVINÓPOLIS,2103752,37,29,12223,9485,7525,7674,54,95,19:29:40,0,2,184,3003,1,4060,160,105,0,3,1,6
ma,07730,DOM PEDRO,2103802,68,61,17803,15696,12385,12863,139,339,18:42:09,1,2,204,4614,1,7255,171,111,1,5,2,18
ma,07757,DUQUE BACELAR,2103901,36,29,9654,7630,6153,6318,43,122,19:30:21,0,0,70,891,0,5072,75,45,0,0,0,0
ma,07773,ESPERANTINÓPOLIS,2104008,59,54,14795,13220,10038,10504,96,370,19:32:18,0,0,173,2845,1,6809,118,81,0,2,0,9
ma,09636,ESTREITO,2104057,77,74,24146,23112,17732,18176,123,321,19:29:38,4,1,515,8494,4,8103,332,247,2,4,0,26
ma,07528,FEIRA NOVA DO MARANHÃO,2104073,21,17,6389,5079,4011,4159,39,109,19:20:57,0,0,153,1571,1,2176,23,75,1,1,0,10
ma,07544,FERNANDO FALCÃO,2104081,36,36,9487,9487,7742,7960,35,183,19:22:14,0,0,87,2134,0,5426,34,56,0,1,0,4
ma,07560,FORMOSA DA SERRA NEGRA,2104099,53,52,14076,13709,11027,11423,92,304,19:31:56,4,3,206,5081,1,5363,76,263,0,2,0,28
ma,07790,FORTALEZA DOS NOGUEIRAS,2104107,36,28,10569,7656,6179,6393,69,145,19:31:56,1,0,91,2112,0,3859,44,56,0,0,1,15
ma,07811,FORTUNA,2104206,49,43,13022,10879,8091,8525,91,343,19:22:14,0,0,127,1765,2,6028,89,72,0,2,0,6
ma,07838,GODOFREDO VIANA,2104305,34,31,7329,6329,5234,5438,61,143,19:11:22,1,1,123,1798,2,3205,48,54,0,1,0,1
ma,07854,GONÇALVES DIAS,2104404,52,28,13629,7078,5290,5488,55,143,19:00:40,0,1,45,1352,0,3794,51,40,0,0,0,7
ma,07870,GOVERNADOR ARCHER,2104503,36,24,8077,5504,4158,4336,44,134,19:31:08,0,2,60,940,1,3067,50,35,0,2,0,1
ma,07609,GOVERNADOR EDISON LOBÃO,2104552,44,18,15378,5762,4664,4781,46,71,19:25:23,1,0,130,1829,1,2538,102,59,0,2,1,1
ma,07897,GOVERNADOR EUGÊNIO BARROS,2104602,43,42,10692,10418,7998,8287,73,216,19:29:40,1,0,99,1939,0,5809,97,46,0,2,0,5
ma,07625,GOVERNADOR LUIZ ROCHA,2104628,22,19,6417,5629,4236,4463,49,178,19:02:49,0,1,68,1361,1,2711,44,39,0,1,0,10
ma,07641,GOVERNADOR NEWTON BELLO,2104651,33,32,7695,7339,5712,5893,29,152,19:14:57,1,0,89,1464,0,4061,42,52,0,1,1,1
ma,07668,GOVERNADOR NUNES FREIRE,2104677,68,61,17561,15823,12203,12484,73,208,19:20:56,4,1,203,4488,0,7212,148,140,1,1,1,4
ma,07935,GRAJAÚ,2104800,181,154,52273,42484,33509,34401,202,690,19:32:18,6,3,598,12986,7,19117,391,355,0,5,4,37
ma,07919,GRAÇA ARANHA,2104701,23,23,6274,6274,4997,5132,34,101,19:23:25,0,0,66,1235,2,3624,45,21,0,2,0,2
ma,07951,GUIMARÃES,2104909,40,40,9820,9820,7082,7520,113,325,19:29:40,0,0,105,1113,4,5705,60,85,0,1,0,9
ma,07978,HUMBERTO DE CAMPOS,2105005,91,76,23439,18975,14385,14967,134,448,19:29:40,0,2,294,2840,4,10900,154,175,1,2,0,13
ma,07994,ICATU,2105104,96,92,23106,22295,18008,18562,162,392,19:29:40,4,0,258,3484,8,13885,162,190,0,2,0,15
ma,07684,IGARAPÉ DO MEIO,2105153,45,45,10867,10867,8283,8587,83,221,19:29:41,1,2,152,1646,1,6350,75,47,0,0,0,9
ma,08010,IGARAPÉ GRANDE,2105203,33,33,8484,8484,6833,7115,61,221,19:23:45,0,0,66,2571,0,4053,89,44,1,1,2,6
ma,08036,IMPERATRIZ,2105302,600,571,195325,184275,145478,149811,1769,2564,20:02:02,52,30,4230,77600,48,56520,3780,2932,14,74,9,189
ma,07706,ITAIPAVA DO GRAJAÚ,2105351,42,37,11234,10259,7592,7739,33,114,19:09:46,0,0,101,2230,0,5133,52,70,0,1,1,4
ma,08079,ITAPECURU MIRIM,2105401,177,110,47851,29663,22574,23384,277,533,19:20:57,5,3,606,5746,8,15515,397,262,2,7,1,22
ma,07722,ITINGA DO MARANHÃO,2105427,67,55,17555,14653,11538,11917,89,290,19:29:40,0,2,177,6067,3,4991,175,112,0,2,0,9
ma,07749,JATOBÁ,2105450,27,24,7205,6271,4632,4889,49,208,19:16:15,0,1,61,1066,0,3433,36,32,0,0,0,3
ma,07765,JENIPAPO DOS VIEIRAS,2105476,52,48,13237,12047,9358,9677,57,262,19:24:37,0,2,76,2378,2,6739,66,82,2,3,1,7
ma,08117,JOSELÂNDIA,2105609,51,51,12529,12529,9597,9894,90,207,19:20:55,2,1,162,2503,1,6750,112,57,0,2,0,7
ma,08095,JOÃO LISBOA,2105500,81,63,21876,17372,13854,14336,155,327,19:30:21,0,4,401,5856,2,7083,282,199,0,7,1,19
ma,07781,JUNCO DO MARANHÃO,2105658,21,19,5092,4550,3365,3457,22,70,18:41:08,0,0,56,815,0,2437,27,28,0,0,0,2
ma,08133,LAGO DA PEDRA,2105708,114,86,34283,24461,19091,19684,160,433,19:30:40,1,1,215,8382,4,10085,198,164,3,3,1,34
ma,08150,LAGO DO JUNCO,2105807,35,11,8447,2624,2138,2196,21,37,19:17:21,0,0,19,581,0,1514,16,5,0,0,0,3
ma,07803,LAGO DOS RODRIGUES,2105948,33,18,8271,4457,3691,3797,24,82,19:22:36,0,0,37,1034,0,2548,33,32,0,2,0,5
ma,08176,LAGO VERDE,2105906,47,42,12196,10853,8401,8563,47,115,19:28:55,0,0,88,1635,0,6533,94,45,0,1,0,5
ma,07820,LAGOA DO MATO,2105922,34,26,8284,6155,4658,4942,30,254,19:22:13,1,0,39,911,0,3631,31,33,0,1,2,9
ma,07846,LAGOA GRANDE DO MARANHÃO,2105963,30,6,9997,1900,1445,1469,6,18,19:30:01,0,0,22,451,0,942,18,10,0,0,0,2
ma,07862,LAJEADO NOVO,2105989,22,22,6682,6682,5411,5521,26,84,19:20:58,0,1,96,2513,0,2658,58,76,0,0,0,9
ma,08192,LIMA CAMPOS,2106003,42,29,11183,7170,5473,5725,71,181,19:23:45,1,2,80,1988,0,3252,78,63,0,1,3,5
ma,08214,LORETO,2106102,34,34,8569,8569,6672,7016,60,284,18:54:42,1,1,134,1894,0,4513,86,40,0,1,1,1
ma,08230,LUÍS DOMINGUES,2106201,20,20,6072,6072,4573,4764,57,134,19:30:01,0,1,104,1552,0,2796,75,32,0,3,0,10
ma,08257,MAGALHÃES DE ALMEIDA,2106300,51,49,12195,11487,8879,9290,118,293,19:25:44,0,2,142,2116,2,6324,169,107,1,2,1,13
ma,07889,MARACAÇUMÉ,2106326,52,52,15698,15698,11199,11607,103,305,19:08:39,2,1,222,4102,1,6625,132,101,0,0,0,13
ma,07900,MARAJÁ DO SENA,2106359,26,25,6771,6362,4725,4895,33,137,18:55:50,0,1,65,1588,1,2974,25,57,0,0,1,13
ma,07927,MARANHÃOZINHO,2106375,31,22,8133,6087,4662,4783,44,77,19:23:24,0,0,105,1285,1,3185,46,38,0,2,0,0
ma,08273,MATA ROMA,2106409,50,20,16271,6168,4736,4962,77,149,19:07:26,0,1,90,1340,0,3218,54,28,0,0,0,5
ma,08290,MATINHA,2106508,73,42,20053,12268,9608,9963,135,220,19:29:41,0,0,191,2783,2,6426,89,113,0,2,0,2
ma,08311,MATÕES,2106607,101,97,27285,26150,19291,20064,137,636,20:02:02,0,1,213,3665,1,15093,186,109,0,2,0,21
ma,07943,MATÕES DO NORTE,2106631,30,23,7654,5684,4136,4265,39,90,19:11:22,2,0,60,912,0,3076,53,26,0,2,1,4
ma,07960,MILAGRES DO MARANHÃO,2106672,24,22,6650,5963,4698,4867,26,143,19:09:46,1,1,50,871,2,3684,60,27,0,1,0,1
ma,08338,MIRADOR,2106706,54,49,16373,14595,11504,11954,58,392,19:20:58,0,2,150,2874,2,8262,81,119,1,0,3,10
ma,09695,MIRANDA DO NORTE,2106755,61,60,16991,16753,12879,13269,111,279,19:24:37,1,1,252,3592,1,8698,196,121,2,3,0,12
ma,08354,MIRINZAL,2106805,45,23,12016,5184,3911,4110,59,140,19:01:13,0,1,54,603,1,3183,12,53,1,0,1,2
ma,08397,MONTES ALTOS,2107001,26,24,7514,6879,5335,5507,53,119,19:30:01,0,0,144,2193,0,2840,67,82,1,5,0,3
ma,08370,MONÇÃO,2106904,87,58,21263,14081,10417,10790,82,291,19:29:38,1,0,125,2402,3,7694,77,110,0,1,1,3
ma,08419,MORROS,2107100,66,48,16701,11918,9660,9940,61,219,19:29:40,1,1,140,2464,1,6851,93,93,0,5,0,11
ma,08435,NINA RODRIGUES,2107209,40,30,10518,8033,6083,6319,33,203,19:22:37,0,1,63,1513,0,4353,69,71,0,0,0,13
ma,07986,NOVA COLINAS,2107258,17,17,4514,4514,3509,3686,26,151,19:02:31,0,0,102,1115,6,2215,27,41,0,1,0,2
ma,08451,NOVA IORQUE,2107308,15,15,4134,4134,3192,3285,16,77,18:35:07,0,1,30,742,1,2365,21,30,0,1,0,1
ma,08001,NOVA OLINDA DO MARANHÃO,2107357,49,39,13507,10412,7712,8003,72,219,19:29:41,1,0,172,1990,4,5377,76,89,0,0,0,3
ma,08478,OLHO D'ÁGUA DAS CUNHÃS,2107407,53,40,14387,10192,7867,8295,101,327,19:20:58,1,0,136,1973,2,5532,139,78,0,0,0,6
ma,08028,OLINDA NOVA DO MARANHÃO,2107456,34,6,11175,1594,1251,1289,8,30,19:23:45,0,0,7,193,0,1030,7,13,0,0,1,0
ma,08516,PALMEIRÂNDIA,2107605,61,29,17179,7515,5292,5465,47,126,19:29:41,0,0,54,754,1,4415,25,38,1,0,0,4
ma,08532,PARAIBANO,2107704,46,41,14960,13088,9331,9768,52,385,19:25:44,0,1,111,1993,1,7088,76,59,0,0,0,2
ma,08559,PARNARAMA,2107803,99,44,26242,12547,9211,9645,72,362,19:20:58,2,3,157,1725,1,7077,141,80,1,0,2,22
ma,08575,PASSAGEM FRANCA,2107902,58,53,14692,13317,9821,10457,102,534,19:17:21,0,1,141,2447,1,6968,104,141,0,1,1,16
ma,08591,PASTOS BONS,2108009,54,46,15148,13235,10013,10392,87,292,19:25:23,0,1,147,2670,1,6977,97,102,1,1,0,16
ma,08044,PAULINO NEVES,2108058,62,42,15080,9902,7943,8136,47,146,19:25:44,2,0,127,1410,2,6244,91,63,0,0,0,4
ma,09598,PAULO RAMOS,2108108,61,53,16850,14387,10637,11082,80,365,19:32:17,0,0,150,3582,2,6729,108,59,0,0,0,7
ma,08494,PAÇO DO LUMIAR,2107506,290,129,90287,38130,31587,32716,576,553,19:29:39,12,4,1156,11640,28,17338,761,561,1,36,6,44
ma,08613,PEDREIRAS,2108207,110,108,28040,27467,21928,22581,223,430,19:32:18,4,6,402,7850,4,13034,417,172,3,9,0,27
ma,08060,PEDRO DO ROSÁRIO,2108256,72,61,18241,15737,11406,11817,81,330,19:24:38,0,3,174,2097,0,8920,97,107,0,0,0,8
ma,08630,PENALVA,2108306,102,98,26013,24729,17692,18329,114,523,19:31:56,3,1,300,2555,2,14538,134,135,0,5,1,18
ma,08656,PERI MIRIM,2108405,36,0,11291,0,0,0,0,0,20:14:06,0,0,0,0,0,0,0,0,0,0,0,0
ma,08087,PERITORÓ,2108454,56,43,16364,12243,9016,9436,70,350,19:30:01,0,0,112,2037,1,6644,120,89,0,0,1,12
ma,08672,PINDARÉ-MIRIM,2108504,85,59,25951,18473,13683,14185,156,346,19:31:08,2,5,232,3600,0,9514,188,129,0,2,0,11
ma,08699,PINHEIRO,2108603,211,149,62812,43655,32340,33447,413,694,19:23:45,2,3,773,8515,5,22036,510,436,3,18,1,38
ma,08710,PIO XII,2108702,70,41,18787,10768,8310,8629,71,248,19:20:58,0,1,122,2489,1,5500,116,66,0,3,0,12
ma,08737,PIRAPEMAS,2108801,43,40,12904,11872,8417,8786,76,293,19:30:21,1,0,80,1733,1,6386,89,108,0,1,0,18
ma,08770,PORTO FRANCO,2109007,66,65,18862,18517,14588,14931,119,224,19:20:57,5,1,382,6139,3,7640,224,175,0,1,0,18
ma,08109,PORTO RICO DO MARANHÃO,2109056,29,17,7200,3675,2737,2806,30,39,18:30:37,0,0,68,388,0,2212,24,42,0,1,0,2
ma,08753,POÇÃO DE PEDRAS,2108900,66,65,14763,14417,10942,11445,107,396,19:20:56,2,2,132,3140,2,7502,81,71,1,0,1,8
ma,08796,PRESIDENTE DUTRA,2109106,115,96,32781,26127,20979,21808,221,608,19:31:08,10,0,421,7776,6,12282,295,167,0,6,0,16
ma,08818,PRESIDENTE JUSCELINO,2109205,41,27,10017,6622,5066,5223,42,115,19:20:57,0,1,107,1135,2,3707,61,49,0,0,1,3
ma,08125,PRESIDENTE MÉDICI,2109239,22,18,5728,4239,3303,3409,16,90,19:20:56,0,0,79,769,2,2397,38,13,1,3,0,1
ma,08141,PRESIDENTE SARNEY,2109270,60,50,15655,13246,9553,9816,64,199,19:11:47,2,0,227,1630,1,7423,156,102,0,2,0,10
ma,08834,PRESIDENTE VARGAS,2109304,40,25,10343,6011,4675,4820,39,106,19:09:27,0,0,92,767,1,3732,40,43,0,0,0,0
ma,08850,PRIMEIRA CRUZ,2109403,46,3,11110,338,306,314,1,7,18:50:16,0,0,7,33,0,260,2,3,0,1,0,0
ma,08168,RAPOSA,2109452,83,31,24288,7564,6140,6353,95,118,19:32:18,0,0,159,2050,4,3764,73,78,0,2,1,9
ma,08877,RIACHÃO,2109502,58,55,16914,15876,11988,12472,96,388,19:29:39,3,1,220,4076,1,7420,97,159,0,2,0,9
ma,08184,RIBAMAR FIQUENE,2109551,23,23,6276,6276,4909,5020,34,77,18:32:14,0,1,118,1786,0,2865,62,69,0,2,0,6
ma,08915,ROSÁRIO,2109601,108,59,32344,17157,13445,13903,191,267,19:24:37,6,1,336,3317,5,9314,269,180,0,11,0,6
ma,08931,SAMBAÍBA,2109700,20,19,5411,5039,3946,4084,29,109,19:20:57,1,1,57,1558,0,2253,28,40,0,0,0,8
ma,08206,SANTA FILOMENA DO MARANHÃO,2109759,24,18,6119,4503,3551,3660,23,86,18:33:45,0,1,54,936,0,2524,15,19,0,0,0,2
ma,08958,SANTA HELENA,2109809,98,90,24651,22249,15840,16388,140,408,19:32:17,0,0,363,4081,0,11009,247,121,0,2,1,16
ma,09571,SANTA INÊS,2109908,218,84,63447,24633,19388,20036,244,404,19:32:18,3,2,397,7276,3,11116,362,203,1,5,4,16
ma,08974,SANTA LUZIA,2110005,173,153,45122,38289,28618,29683,223,842,19:28:55,2,6,524,8377,1,19128,327,224,0,7,3,19
ma,09652,SANTA LUZIA DO PARUÁ,2110039,61,55,17081,15503,11741,12143,119,283,20:04:02,1,1,227,3927,1,7269,164,138,1,5,0,7
ma,08990,SANTA QUITÉRIA DO MARANHÃO,2110104,72,56,21175,16178,12264,12800,122,414,19:30:40,1,2,120,2632,2,9206,132,128,0,1,1,39
ma,09016,SANTA RITA,2110203,93,60,28000,17199,12753,13211,173,285,19:32:18,0,0,196,2566,1,9737,117,124,0,3,1,8
ma,08222,SANTANA DO MARANHÃO,2110237,34,20,8165,4607,3472,3596,30,94,19:29:39,0,0,38,759,0,2591,47,27,1,1,0,8
ma,08249,SANTO AMARO DO MARANHÃO,2110278,49,12,13330,2797,2186,2272,26,60,19:11:02,0,1,52,468,0,1605,28,32,0,0,0,0
ma,09032,SANTO ANTÔNIO DOS LOPES,2110302,53,43,15375,12445,9852,10241,78,311,19:30:21,1,1,128,3203,5,6272,158,71,0,1,2,10
ma,08460,SATUBINHA,2111722,31,27,7469,6375,4998,5185,39,148,19:20:56,0,2,102,1346,0,3446,53,43,0,0,0,6
ma,08486,SENADOR ALEXANDRE COSTA,2111748,32,32,8450,8450,6200,6424,56,168,19:20:57,0,0,84,1587,0,4446,42,35,0,0,0,6
ma,08508,SENADOR LA ROCQUE,2111763,49,0,12262,0,0,0,0,0,20:14:07,0,0,0,0,0,0,0,0,0,0,0,0
ma,08524,SERRANO DO MARANHÃO,2111789,40,35,9228,7780,5736,5934,57,141,19:07:27,2,0,56,654,0,4937,42,40,0,1,1,3
ma,09318,SUCUPIRA DO NORTE,2111904,31,29,8257,7565,6140,6373,41,192,19:15:11,0,1,79,1720,0,4248,38,53,1,0,0,0
ma,08540,SUCUPIRA DO RIACHÃO,2111953,17,15,4707,3963,2907,3117,29,181,19:30:40,1,1,33,519,1,2283,20,47,0,0,0,2
ma,09059,SÃO BENEDITO DO RIO PRETO,2110401,60,50,16310,13211,10371,10716,75,270,19:22:36,1,1,118,1923,0,8134,84,92,0,2,0,16
ma,09075,SÃO BENTO,2110500,104,77,29322,20966,14969,15632,212,451,19:20:56,2,1,236,3510,4,10888,174,143,1,2,0,8
ma,09091,SÃO BERNARDO,2110609,85,72,21808,18538,13838,14502,143,521,19:31:57,1,2,165,3316,2,10030,165,145,1,2,1,8
ma,08265,SÃO DOMINGOS DO AZEITÃO,2110658,25,23,6763,6055,4859,5048,28,161,19:25:23,0,0,80,1433,1,3230,34,66,0,0,0,15
ma,09113,SÃO DOMINGOS DO MARANHÃO,2110708,103,72,28537,19885,15338,16114,160,616,19:30:40,1,3,251,6077,1,8672,177,131,1,4,0,20
ma,08281,SÃO FRANCISCO DO BREJÃO,2110856,29,18,8123,5139,4029,4130,28,73,19:31:57,1,0,74,1755,0,2113,42,41,0,0,0,3
ma,09156,SÃO FRANCISCO DO MARANHÃO,2110906,36,27,9159,6525,4948,5201,67,186,19:13:49,1,1,56,835,2,3937,51,60,0,2,1,2
ma,09130,SÃO FÉLIX DE BALSAS,2110807,17,17,4224,4224,3138,3297,27,132,19:22:14,0,1,66,1005,1,1987,18,44,0,1,0,15
ma,08893,SÃO JOSÉ DE RIBAMAR,2111201,403,66,131324,20471,16605,17256,324,327,19:22:14,6,3,502,6339,26,8997,407,287,1,15,2,20
ma,08362,SÃO JOSÉ DOS BASÍLIOS,2111250,26,26,6388,6388,5029,5187,42,116,19:29:38,0,1,63,920,1,3950,66,23,0,0,2,3
ma,09172,SÃO JOÃO BATISTA,2111003,80,79,20103,19755,14362,14808,111,335,19:16:15,0,1,177,2209,1,11744,83,137,0,3,2,5
ma,08303,SÃO JOÃO DO CARÚ,2111029,42,42,10141,10141,7211,7437,47,179,18:59:31,0,1,114,2140,2,4808,58,76,0,1,0,11
ma,08320,SÃO JOÃO DO PARAÍSO,2111052,33,33,8599,8599,7073,7245,47,125,19:28:55,2,0,200,3013,0,3697,39,108,0,2,0,12
ma,08346,SÃO JOÃO DO SOTER,2111078,52,52,14327,14327,10607,10968,52,309,19:32:18,1,1,117,1565,1,8738,111,55,0,0,0,18
ma,09199,SÃO JOÃO DOS PATOS,2111102,72,71,19533,19198,14516,15262,216,530,19:25:44,3,1,317,3662,1,10163,205,149,1,4,0,10
ma,09210,SÃO LUÍS,2111300,2273,2108,761443,699969,569541,590384,10274,10569,20:02:02,300,70,19365,212222,732,309024,13684,12342,75,686,77,964
ma,08052,SÃO LUÍS GONZAGA DO MARANHÃO,2111409,62,26,17211,6654,4831,4999,28,140,19:11:02,0,0,38,959,2,3752,47,29,0,0,0,4
ma,09237,SÃO MATEUS DO MARANHÃO,2111508,105,88,30147,23986,17583,18252,145,524,19:24:37,0,5,194,4949,3,12025,235,146,2,5,0,19
ma,08389,SÃO PEDRO DA ÁGUA BRANCA,2111532,30,30,9693,9693,6982,7166,35,149,19:22:14,0,1,96,3052,0,3683,77,66,0,2,0,5
ma,08400,SÃO PEDRO DOS CRENTES,2111573,15,14,4689,4362,3537,3622,24,61,19:24:37,1,1,38,2317,0,1105,13,54,0,0,0,8
ma,09253,SÃO RAIMUNDO DAS MANGABEIRAS,2111607,51,43,15701,13214,10197,10607,106,304,19:24:38,0,2,178,3880,1,5891,140,93,0,2,0,10
ma,08427,SÃO RAIMUNDO DO DOCA BEZERRA,2111631,22,20,5160,4562,3443,3590,36,111,18:35:07,1,0,67,869,1,2444,38,20,0,1,0,2
ma,08443,SÃO ROBERTO,2111672,19,19,4547,4547,3442,3565,20,103,19:11:03,0,0,46,811,1,2521,30,28,0,2,1,2
ma,09270,SÃO VICENTE FERRER,2111706,61,30,16729,7587,5293,5604,99,212,19:28:56,0,0,74,1074,1,4019,43,79,0,1,0,2
ma,09296,SÍTIO NOVO,2111805,55,51,13984,12469,10370,10643,85,188,19:09:46,3,0,253,3971,0,5893,84,158,0,0,0,8
ma,09334,TASSO FRAGOSO,2112001,24,24,6854,6854,5398,5594,34,162,19:31:56,0,1,175,2390,0,2715,45,54,0,0,1,17
ma,09350,TIMBIRAS,2112100,65,24,21254,7445,5181,5459,42,236,19:30:00,1,0,68,925,1,4066,50,64,0,0,1,5
ma,09377,TIMON,2112209,402,223,124767,67532,54845,57201,640,1716,19:29:38,13,13,1225,15652,13,36205,976,650,8,26,3,61
ma,08567,TRIZIDELA DO VALE,2112233,56,49,16878,15005,11951,12349,137,261,20:05:05,6,1,235,4474,1,6895,221,103,0,3,1,11
ma,08583,TUFILÂNDIA,2112274,22,21,6051,5701,4082,4244,18,144,19:24:37,3,1,61,978,0,2967,41,27,0,1,0,3
ma,09393,TUNTUM,2112308,97,88,28443,25741,19555,20407,224,628,19:24:38,2,0,324,6394,7,12472,196,132,1,5,0,22
ma,09415,TURIAÇU,2112407,118,89,28166,20521,15981,16478,131,366,20:04:53,3,3,266,3285,3,12095,145,159,0,7,0,15
ma,08605,TURILÂNDIA,2112456,66,55,15977,13617,9572,9884,90,222,19:30:40,4,0,271,2374,0,6726,84,101,1,3,2,6
ma,09431,TUTÓIA,2112506,158,86,43215,21892,16651,17380,217,512,19:20:57,5,0,403,4052,0,11788,235,156,0,4,1,7
ma,09458,URBANO SANTOS,2112605,82,59,25803,17546,13209,13793,119,465,20:02:02,1,1,135,2486,1,10371,127,74,0,1,0,12
ma,09474,VARGEM GRANDE,2112704,112,70,32648,19236,14605,15186,120,461,19:30:40,3,2,224,3773,1,10217,180,177,0,1,1,26
ma,09490,VIANA,2112803,151,119,39769,31148,23614,24332,233,485,19:22:37,7,3,462,7296,5,15260,252,299,0,7,1,22
ma,08621,VILA NOVA DOS MARTÍRIOS,2112852,27,23,8903,7383,5364,5526,46,116,19:11:48,1,0,125,2194,0,2936,48,59,0,0,0,1
ma,09539,VITORINO FREIRE,2113009,84,68,22898,17497,13507,14042,142,393,19:30:21,1,1,185,3890,2,9098,161,151,0,2,2,14
ma,09512,VITÓRIA DO MEARIM,2112902,94,91,24683,23823,18174,18706,195,337,19:25:23,5,1,288,5292,0,12253,168,142,1,8,3,13
ma,09717,ZÉ DOCA,2114007,107,72,33014,21759,16416,16931,170,345,19:24:38,2,2,223,4730,4,11083,193,163,0,3,1,12
ma,07005,ÁGUA DOCE DO MARANHÃO,2100154,42,10,11520,2530,1888,1948,20,40,18:36:15,0,0,27,342,1,1490,15,11,0,0,1,1
mt,90018,ACORIZAL,5100102,26,26,7353,7353,5923,6085,33,129,19:28:53,8,1,110,2864,0,2776,57,103,0,0,0,4
mt,89877,ALTA FLORESTA,5100250,125,121,43203,41663,31324,32133,282,527,19:25:19,12,3,528,22611,1,7315,444,356,4,14,2,34
mt,90050,ALTO ARAGUAIA,5100300,44,44,11527,11527,8503,8821,90,228,18:43:14,4,1,134,5403,2,2478,101,366,1,7,0,6
mt,90042,ALTO BOA VISTA,5100359,16,16,4151,4151,3165,3236,16,55,18:11:01,0,0,28,2349,0,681,31,75,0,0,0,1
mt,90077,ALTO GARÇAS,5100409,31,31,8774,8774,6593,6836,73,170,17:51:33,3,0,120,4272,0,2012,77,98,0,2,1,8
mt,90093,ALTO PARAGUAI,5100508,24,24,6195,6195,4574,4763,54,135,19:10:37,1,0,85,1956,1,2427,45,56,0,0,0,3
mt,98612,ALTO TAQUARI,5100607,26,26,7979,7979,5825,6010,64,121,18:54:41,2,0,80,3951,0,1552,98,135,0,5,0,2
mt,90263,APIACÁS,5100805,22,22,6340,6340,4671,4798,29,98,18:32:12,0,0,58,3244,1,1266,51,41,0,7,0,3
mt,98639,ARAGUAIANA,5101001,10,10,3259,3259,2364,2444,26,54,18:15:02,1,0,46,1295,1,849,31,136,0,3,1,1
mt,90239,ARAGUAINHA,5101209,5,5,1233,1233,936,963,6,21,18:43:15,0,0,16,498,0,400,5,16,0,0,0,1
mt,89893,ARAPUTANGA,5101258,34,34,11533,11533,8722,9018,82,214,19:11:43,6,1,157,6325,0,2005,99,114,1,5,0,9
mt,90255,ARENÁPOLIS,5101308,31,31,7881,7881,6052,6273,61,160,19:00:12,6,0,115,3621,1,2101,91,111,1,2,0,3
mt,90271,ARIPUANÃ,5101407,54,54,17103,17103,11483,11768,102,183,19:14:53,2,0,159,8794,0,2192,201,120,0,2,2,11
mt,90336,BARRA DO BUGRES,5101704,81,76,22360,20532,15491,16044,172,381,20:04:00,8,1,344,8211,3,6431,239,223,1,9,1,20
mt,90352,BARRA DO GARÇAS,5101803,157,157,47123,47123,35119,36137,379,639,19:30:19,13,4,678,21019,9,11720,598,990,5,30,2,51
mt,90310,BARÃO DE MELGAÇO,5101605,25,23,6862,6368,5060,5193,34,99,19:01:10,27,0,78,1962,1,2850,51,86,0,3,0,2
mt,73709,BOA ESPERANÇA DO NORTE,5101837,13,11,4326,3614,2655,2700,15,30,18:15:15,0,0,77,1833,0,668,52,19,0,0,0,6
mt,90905,BOM JESUS DO ARAGUAIA,5101852,19,19,5661,5661,4053,4160,18,89,19:15:07,2,0,67,2638,0,1161,48,135,0,1,0,1
mt,90468,BRASNORTE,5101902,39,39,12659,12659,8966,9205,57,182,19:29:36,2,0,130,6575,0,2108,78,62,0,4,0,7
mt,98655,CAMPINÁPOLIS,5102603,38,36,11507,10779,7574,7753,39,140,19:20:56,0,2,49,3464,0,3859,41,155,0,1,0,3
mt,90484,CAMPO NOVO DO PARECIS,5102637,88,60,31126,20577,15588,15917,126,203,19:25:41,7,2,279,11838,4,3034,246,145,0,6,1,26
mt,90506,CAMPO VERDE,5102678,96,95,33977,33611,25416,26079,281,382,19:20:57,12,5,517,17851,4,6109,537,345,1,11,1,23
mt,90743,CAMPOS DE JÚLIO,5102686,18,18,6787,6787,4857,4982,47,78,19:15:08,1,0,62,3554,0,1115,88,31,0,5,0,1
mt,90085,CANABRAVA DO NORTE,5102694,14,14,4167,4167,2956,3016,16,44,19:04:13,0,0,54,2090,0,749,24,38,0,0,1,0
mt,91936,CANARANA,5102702,52,52,17766,17766,13356,13624,92,176,19:20:58,0,1,126,10515,2,2339,170,189,3,6,0,5
mt,90760,CARLINDA,5102793,24,11,8400,3518,2541,2641,36,64,19:09:46,1,0,64,1493,0,912,33,36,0,0,0,2
mt,90549,CASTANHEIRA,5102850,28,28,6035,6035,4407,4570,43,120,18:42:06,3,1,63,3050,0,1174,34,72,1,0,1,8
mt,90590,CHAPADA DOS GUIMARÃES,5103007,66,66,17941,17941,13475,13878,111,292,19:25:19,10,0,250,6773,3,5968,173,277,1,9,0,11
mt,90522,CLÁUDIA,5103056,28,27,8579,8159,6392,6558,62,104,19:15:07,0,0,63,4935,0,1226,105,55,2,2,0,4
mt,98671,COCALINHO,5103106,21,21,5454,5454,3690,3797,31,76,18:15:16,0,1,27,2233,0,1171,39,216,0,0,3,0
mt,89788,COLNIZA,5103254,67,58,19479,16127,11543,11849,106,200,19:22:37,1,1,189,8837,0,2264,130,107,0,4,1,9
mt,89796,COLÍDER,5103205,82,82,23598,23598,17912,18390,171,307,19:17:19,4,3,336,14305,3,2786,276,168,1,7,2,21
mt,99015,COMODORO,5103304,47,45,14317,13567,9576,9908,79,253,19:11:20,5,0,170,6740,3,2431,113,101,0,4,1,8
mt,90280,CONFRESA,5103353,80,63,26068,19804,14880,15246,119,247,19:30:36,7,2,199,10933,0,3272,201,255,0,5,1,5
mt,91006,CONQUISTA D'OESTE,5103361,10,10,3426,3426,2378,2438,9,51,19:07:22,0,2,48,1751,0,539,26,12,0,0,0,0
mt,90425,COTRIGUAÇU,5103379,30,30,7706,7706,5798,5971,41,132,19:29:36,2,2,72,4146,0,1419,70,79,0,4,0,4
mt,90670,CUIABÁ,5103403,1338,1337,456517,456127,361334,373004,4493,7177,19:30:18,701,62,10888,208457,100,123121,8099,8376,46,574,50,860
mt,89800,CURVELÂNDIA,5103437,16,16,4408,4408,3473,3581,34,74,19:08:09,0,0,39,2214,1,1113,40,62,0,3,0,1
mt,90476,CÁCERES,5102504,209,116,62205,34162,25386,26132,279,467,19:29:36,33,4,510,13446,3,10427,390,511,1,19,2,40
mt,98337,DENISE,5103452,21,0,5710,0,0,0,0,0,20:14:07,0,0,0,0,0,0,0,0,0,0,0,0
mt,90697,DIAMANTINO,5103502,56,56,16562,16562,12285,12629,118,226,19:07:23,15,0,170,8095,1,3667,183,132,0,9,0,13
mt,90719,DOM AQUINO,5103601,21,21,6230,6230,4840,4997,37,120,19:22:37,0,0,86,2999,0,1582,52,112,0,3,0,6
mt,90786,FELIZ NATAL,5103700,23,23,7181,7181,5303,5403,35,65,18:31:52,0,1,74,3675,1,1449,60,38,0,2,0,3
mt,99031,FIGUEIRÓPOLIS D'OESTE,5103809,12,12,2866,2866,2249,2325,20,56,18:27:07,0,0,25,1758,0,416,26,21,0,1,0,2
mt,90824,GAÚCHA DO NORTE,5103858,21,21,6795,6795,4942,5045,25,78,19:11:21,0,0,55,3271,0,1509,47,56,0,2,0,2
mt,90778,GENERAL CARNEIRO,5103908,16,13,4719,3613,2540,2598,9,49,19:00:12,2,1,37,1335,0,1051,29,80,0,4,0,1
mt,90204,GLÓRIA D'OESTE,5103957,9,9,2685,2685,2078,2133,22,33,18:48:43,0,1,26,1447,0,556,21,25,1,1,0,0
mt,99058,GUARANTÃ DO NORTE,5104104,78,74,22729,21318,16113,16478,124,241,19:29:36,2,2,172,13040,0,2526,250,100,0,4,1,16
mt,90832,GUIRATINGA,5104203,27,27,8175,8175,6170,6391,49,172,18:29:09,1,0,130,3448,1,2322,76,184,0,3,1,4
mt,99074,INDIAVAÍ,5104500,9,9,2028,2028,1612,1663,9,42,17:33:46,1,0,44,1031,0,508,14,14,0,0,0,0
mt,91081,IPIRANGA DO NORTE,5104526,17,17,5997,5997,4703,4774,25,46,18:50:14,2,0,84,3454,0,1043,81,34,0,3,0,2
mt,91103,ITANHANGÁ,5104542,17,17,5239,5239,4083,4147,30,34,18:44:41,0,0,31,3373,0,618,40,17,0,0,0,4
mt,98698,ITAÚBA,5104559,13,13,4349,4349,3198,3288,20,70,18:57:36,0,0,47,2389,0,696,40,19,0,2,0,5
mt,90913,ITIQUIRA,5104609,27,27,9345,9345,6739,6976,90,147,18:30:16,2,1,136,4240,1,2111,109,130,0,4,0,5
mt,90956,JACIARA,5104807,62,62,20547,20547,15510,15986,146,330,19:29:36,5,3,357,10618,3,4059,172,263,0,7,1,22
mt,90565,JANGADA,5104906,27,27,7473,7473,5914,6087,45,128,19:28:53,7,0,96,2682,0,2967,66,93,0,0,0,3
mt,89915,JAURU,5105002,37,37,7115,7115,5125,5284,39,120,18:18:42,2,0,89,3775,1,1155,44,59,0,0,0,0
mt,98191,JUARA,5105101,85,85,25464,25464,18722,19298,205,371,19:24:40,11,0,301,14232,0,3717,212,220,3,8,0,18
mt,90581,JURUENA,5105176,27,27,7692,7692,5457,5618,54,107,18:58:27,3,2,77,3965,1,1295,58,51,0,0,0,5
mt,91898,JUSCIMEIRA,5105200,34,34,8751,8751,6976,7184,66,142,19:08:37,1,0,128,4261,0,2434,51,93,1,2,1,4
mt,98310,JUÍNA,5105150,109,109,34218,34218,24270,25061,293,498,19:28:53,8,5,419,17325,1,5871,322,281,1,6,2,29
mt,90301,LAMBARI D'OESTE,5105234,16,16,4215,4215,3205,3329,35,89,19:29:36,0,0,64,1746,0,1294,51,48,0,0,0,2
mt,90603,LUCAS DO RIO VERDE,5105259,153,153,54792,54792,41398,42434,438,598,18:59:27,21,3,745,30711,13,8636,875,322,2,23,1,46
mt,91057,LUCIARA,5105309,9,9,2406,2406,1845,1888,7,36,18:10:52,4,0,42,1017,0,748,7,24,0,0,1,2
mt,98710,MARCELÂNDIA,5105580,34,34,9499,9499,6711,6934,47,176,19:13:46,1,0,41,5292,1,1265,76,30,1,0,0,4
mt,90620,MATUPÁ,5105606,47,42,15134,13480,10257,10477,75,145,19:30:19,1,1,137,8038,1,1827,149,93,0,3,1,6
mt,91774,MIRASSOL D'OESTE,5105622,65,65,19682,19682,14777,15377,198,402,19:07:23,5,1,226,10277,0,3781,263,200,1,5,3,15
mt,91170,NOBRES,5105903,40,40,12502,12502,9639,9933,96,198,19:12:56,3,0,112,6602,1,2637,125,138,0,4,2,15
mt,91197,NORTELÂNDIA,5106000,22,22,4871,4871,3704,3886,55,127,18:58:27,0,0,120,1798,1,1663,52,68,0,1,0,1
mt,91219,NOSSA SENHORA DO LIVRAMENTO,5106109,50,46,13537,12263,9823,10137,65,249,19:16:35,12,0,160,3408,1,5945,81,199,0,9,0,8
mt,90387,NOVA BANDEIRANTES,5106158,31,31,10127,10127,7382,7569,47,140,19:20:57,0,1,72,6062,0,1120,55,66,0,2,1,3
mt,89818,NOVA BRASILÂNDIA,5106208,14,13,3832,3437,2608,2697,20,69,18:37:14,2,2,75,1366,0,1072,29,59,0,0,0,3
mt,98752,NOVA CANAÃ DO NORTE,5106216,34,34,10256,10256,7533,7787,77,177,19:13:46,1,2,101,5758,1,1499,69,92,1,2,1,6
mt,90140,NOVA GUARITA,5108808,12,0,4119,0,0,0,0,0,20:14:06,0,0,0,0,0,0,0,0,0,0,0,0
mt,90867,NOVA LACERDA,5106182,15,15,4972,4972,3355,3458,21,82,19:20:57,1,1,91,2201,0,978,40,36,0,2,1,4
mt,90166,NOVA MARILÂNDIA,5108857,10,10,3030,3030,2243,2313,30,40,18:56:34,0,0,49,1392,1,758,20,19,1,1,0,2
mt,90123,NOVA MARINGÁ,5108907,15,15,4626,4626,3257,3347,22,68,17:51:33,3,0,29,2432,0,741,33,18,0,0,0,1
mt,90360,NOVA MONTE VERDE,5108956,20,20,6036,6036,4588,4720,51,81,18:23:56,0,1,78,3339,0,1041,71,56,0,1,0,1
mt,90646,NOVA MUTUM,5106224,115,115,37953,37953,29224,29958,357,377,18:59:06,21,0,638,22032,8,5669,559,242,2,14,1,38
mt,90964,NOVA NAZARÉ,5106174,14,14,3521,3521,2316,2405,8,81,18:00:37,1,1,32,1191,0,1011,15,65,0,0,0,0
mt,98736,NOVA OLÍMPIA,5106232,45,45,12967,12967,9754,10181,150,277,19:30:19,4,2,204,4935,1,4303,157,137,0,4,4,3
mt,89826,NOVA SANTA HELENA,5106190,10,10,3384,3384,2515,2589,12,62,19:24:39,1,1,31,1830,0,587,42,22,0,1,0,0
mt,90883,NOVA UBIRATÃ,5106240,23,23,7592,7592,5537,5648,38,73,19:09:24,0,1,99,4121,0,1186,85,43,0,2,0,0
mt,91952,NOVA XAVANTINA,5106257,51,45,16249,13899,10032,10324,86,206,18:44:24,2,6,133,7079,3,2447,136,212,0,7,0,7
mt,98795,NOVO HORIZONTE DO NORTE,5106273,12,12,3305,3305,2546,2604,16,42,19:22:37,0,2,69,1779,0,648,22,23,0,1,0,2
mt,90808,NOVO MUNDO,5106265,17,17,6075,6075,4465,4559,29,65,19:31:53,0,0,49,3294,2,1043,27,46,0,0,0,4
mt,90948,NOVO SANTO ANTÔNIO,5106315,6,6,2039,2039,1402,1440,8,30,18:22:50,0,0,33,950,0,376,9,33,0,1,0,0
mt,98779,NOVO SÃO JOAQUIM,5106281,19,19,5505,5505,4030,4151,22,99,18:28:22,0,0,49,2796,0,1035,36,112,0,1,0,1
mt,89834,PARANATINGA,5106307,55,55,16917,16917,12327,12620,78,215,19:20:57,2,1,180,8745,0,3087,154,143,1,7,1,6
mt,98833,PARANAÍTA,5106299,29,27,9406,8664,6510,6695,62,123,18:49:58,1,0,102,4765,0,1499,66,70,0,2,0,5
mt,91812,PEDRA PRETA,5106372,42,42,14477,14477,10632,11036,135,269,19:07:22,4,1,174,6283,1,3751,193,209,0,9,0,7
mt,98817,PEIXOTO DE AZEVEDO,5106422,80,59,23802,15847,11562,11897,120,215,19:32:15,6,3,205,7090,1,3945,167,130,0,9,0,6
mt,90344,PLANALTO DA SERRA,5106455,11,11,3110,3110,2280,2356,18,58,18:44:25,1,1,55,1193,1,953,33,39,0,1,0,3
mt,91294,POCONÉ,5106505,89,86,25545,24428,17983,18585,205,397,19:29:36,11,1,298,7199,2,9993,137,326,0,9,0,7
mt,90700,PONTAL DO ARAGUAIA,5106653,18,14,5354,3966,3125,3204,23,56,19:20:56,1,0,66,1890,1,982,74,105,0,5,0,1
mt,91332,PONTE BRANCA,5106703,9,9,2037,2037,1484,1548,20,44,17:36:03,1,0,49,680,1,704,5,42,0,0,1,1
mt,89990,PONTES E LACERDA,5106752,130,101,34620,26354,19111,19673,200,362,19:31:53,8,0,345,14697,1,3521,299,209,1,11,0,19
mt,98850,PORTO ALEGRE DO NORTE,5106778,33,33,7904,7904,5877,6045,49,119,19:15:07,1,0,76,3863,1,1779,44,107,0,4,1,1
mt,91359,PORTO DOS GAÚCHOS,5106802,14,14,4455,4455,3344,3431,29,58,19:22:17,1,0,34,2583,1,640,48,35,0,1,0,1
mt,98876,PORTO ESPERIDIÃO,5106828,26,4,8053,1156,826,853,5,22,19:24:40,0,0,5,362,1,439,10,9,0,0,0,0
mt,90182,PORTO ESTRELA,5106851,13,13,3328,3328,2578,2665,14,73,19:20:56,0,1,27,1048,1,1443,13,42,0,0,1,2
mt,91391,POXORÉU,5107008,53,53,14509,14509,10426,10801,120,255,19:24:12,4,1,269,5778,0,4058,118,187,1,5,0,5
mt,98892,PRIMAVERA DO LESTE,5107040,159,159,57120,57120,43218,44309,411,680,19:29:53,22,2,792,32776,5,8209,782,539,3,38,1,49
mt,90069,QUERÊNCIA,5107065,54,54,18997,18997,13985,14247,80,182,19:07:43,1,0,198,10420,0,2992,137,230,1,3,0,3
mt,98914,RESERVA DO CABAÇAL,5107156,6,6,1838,1838,1415,1465,14,36,18:46:31,0,0,49,812,0,524,12,17,0,0,0,1
mt,90662,RIBEIRÃO CASCALHEIRA,5107180,27,27,7618,7618,5651,5818,38,129,18:49:58,1,0,60,3961,0,1483,32,109,0,2,0,3
mt,90441,RIBEIRÃOZINHO,5107198,8,8,2466,2466,1926,1979,16,37,18:33:55,6,0,45,1064,1,706,32,69,0,0,0,3
mt,89958,RIO BRANCO,5107206,13,13,3897,3897,2936,3051,34,81,19:28:53,0,1,69,1732,2,1035,46,45,1,0,0,5
mt,89960,RONDOLÂNDIA,5107578,12,12,3084,3084,2233,2298,10,55,18:41:09,0,0,31,1295,0,861,24,20,0,0,0,2
mt,91510,RONDONÓPOLIS,5107602,547,545,177622,176841,132076,136359,1592,2691,19:29:37,67,26,2652,85666,27,37783,2689,2845,8,125,10,178
mt,91537,ROSÁRIO OESTE,5107701,45,41,13155,11739,8812,9105,81,212,19:17:19,2,1,138,4798,1,3661,83,119,0,4,1,4
mt,89974,SALTO DO CÉU,5107750,10,4,3076,926,698,741,17,26,19:29:37,0,0,11,448,0,225,7,6,0,0,0,1
mt,90107,SANTA CARMEM,5107248,12,12,4178,4178,3376,3457,37,44,19:01:37,2,0,59,2624,0,612,51,25,0,2,0,1
mt,90980,SANTA CRUZ DO XINGU,5107743,7,7,2268,2268,1610,1651,7,34,19:22:37,0,0,27,1175,0,370,21,14,2,1,0,0
mt,91049,SANTA RITA DO TRIVELATO,5107768,9,9,2606,2606,1981,2027,17,29,18:21:54,2,0,74,1373,1,478,32,18,0,3,0,0
mt,91979,SANTA TEREZINHA,5107776,23,23,5358,5358,3788,3919,17,114,19:25:41,0,0,78,1909,0,1693,25,79,0,2,1,1
mt,90328,SANTO AFONSO,5107263,12,12,2661,2661,2011,2073,22,40,19:23:03,0,0,59,1251,0,652,25,24,0,0,0,0
mt,89843,SANTO ANTÔNIO DO LESTE,5107792,10,10,2731,2731,1967,2028,6,55,17:53:54,0,0,36,1219,0,660,21,29,0,1,0,1
mt,91553,SANTO ANTÔNIO DO LEVERGER,5107800,55,54,17145,16807,13068,13437,111,258,19:20:57,19,3,236,6190,0,6190,131,272,1,13,1,12
mt,90727,SAPEZAL,5107875,55,55,20539,20539,14652,15044,158,234,18:59:28,2,1,256,10477,1,3520,272,105,0,7,1,10
mt,90921,SERRA NOVA DOURADA,5107883,5,5,1725,1725,1156,1183,3,24,19:22:37,0,0,11,836,0,271,7,31,0,0,0,0
mt,89850,SINOP,5107909,346,346,127167,127167,96146,98342,816,1380,19:23:03,51,9,1728,73701,29,17568,1967,903,2,80,2,106
mt,98930,SORRISO,5107925,206,206,76028,76028,58458,59713,486,769,19:10:37,17,6,1049,43990,9,11829,1056,431,2,28,1,40
mt,91839,SÃO FÉLIX DO ARAGUAIA,5107859,31,31,8490,8490,5769,5928,24,135,18:59:06,0,3,75,3600,1,1921,49,117,0,1,0,2
mt,90026,SÃO JOSÉ DO POVO,5107297,10,10,3000,3000,2292,2376,19,65,19:12:56,0,1,51,1307,0,852,16,59,0,2,1,3
mt,91995,SÃO JOSÉ DO RIO CLARO,5107305,39,39,11217,11217,8596,8842,74,172,19:07:00,7,1,98,6570,3,1741,83,79,0,5,1,8
mt,90247,SÃO JOSÉ DO XINGU,5107354,17,17,5340,5340,3586,3691,31,74,18:31:51,3,0,53,2293,0,1153,35,49,0,0,0,0
mt,89931,SÃO JOSÉ DOS QUATRO MARCOS,5107107,56,56,13117,13117,9870,10253,141,242,18:34:55,1,1,117,6871,5,2640,122,105,0,0,1,7
mt,90409,SÃO PEDRO DA CIPA,5107404,12,12,3891,3891,3049,3119,28,42,19:10:58,0,0,50,1736,2,1213,20,21,0,1,0,6
mt,90220,TABAPORÃ,5107941,23,23,8039,8039,5796,5923,46,81,19:09:45,1,1,78,4500,1,1093,63,50,0,2,0,7
mt,91855,TANGARÁ DA SERRA,5107958,220,220,70136,70136,52755,54250,586,909,19:29:36,26,8,1039,38028,10,11800,973,754,2,43,7,65
mt,90689,TAPURAH,5108006,27,27,9694,9694,7485,7642,49,108,19:16:11,1,1,91,5887,2,1351,109,40,0,3,0,0
mt,98957,TERRA NOVA DO NORTE,5108055,32,22,9125,5926,4458,4579,55,66,19:32:15,0,0,76,3124,0,1149,55,50,0,1,1,2
mt,91618,TESOURO,5108105,10,10,2759,2759,2035,2101,13,53,19:29:37,2,0,40,1024,1,879,22,64,0,2,0,1
mt,91634,TORIXORÉU,5108204,13,13,3727,3727,2909,2992,14,69,18:21:09,2,0,48,1663,0,1057,37,100,0,1,0,1
mt,90840,UNIÃO DO SUL,5108303,10,10,3630,3630,2640,2681,15,26,18:44:42,0,0,18,1918,0,663,24,15,0,0,0,2
mt,91022,VALE DE SÃO DOMINGOS,5108352,10,10,2721,2721,2088,2146,10,48,19:09:45,2,0,11,1610,0,415,18,27,0,3,0,2
mt,98973,VERA,5108501,23,23,7850,7850,5997,6174,62,115,18:43:14,0,2,100,4397,0,1337,104,46,1,4,0,6
mt,91090,VILA BELA DA SANTÍSSIMA TRINDADE,5105507,43,37,11198,9128,6647,6837,34,156,19:25:20,3,1,105,4094,1,2299,46,91,0,3,0,4
mt,98990,VILA RICA,5108600,49,49,13846,13846,10024,10315,95,196,18:44:24,3,0,119,7421,0,2213,88,175,0,2,0,3
mt,91677,VÁRZEA GRANDE,5108402,581,577,194985,193407,150497,155488,2081,2910,19:29:36,504,11,3632,85118,28,54675,2890,3176,13,190,36,224
mt,91910,ÁGUA BOA,5100201,77,77,21159,21159,15741,16113,125,247,18:33:55,0,3,197,12438,0,2549,256,285,1,1,1,10
ms,55018,ALCINÓPOLIS,5000252,13,13,3809,3809,2836,2915,22,57,18:13:11,1,0,100,1510,0,1092,53,77,0,1,0,2
ms,90115,AMAMBAI,5000609,96,96,27203,27203,18422,18880,145,313,19:07:08,7,1,316,10701,0,6943,252,164,8,12,0,18
ms,90131,ANASTÁCIO,5000708,79,79,18203,18203,12954,13312,150,208,19:32:20,13,2,280,7224,0,5052,159,187,0,13,1,23
ms,90158,ANAURILÂNDIA,5000807,22,22,6297,6297,4628,4777,38,111,18:24:01,1,0,161,2396,0,1933,59,73,0,1,0,4
ms,91693,ANGÉLICA,5000856,30,30,8695,8695,6114,6330,82,134,19:20:55,2,1,180,3246,0,2453,147,72,0,1,0,12
ms,90174,ANTÔNIO JOÃO,5000906,28,28,7911,7911,5822,6025,68,135,19:20:55,0,0,116,3542,1,2031,77,49,0,2,0,4
ms,90190,APARECIDA DO TABOADO,5001003,61,61,19558,19558,13571,14220,248,401,18:31:50,4,2,324,8093,4,4599,270,234,1,6,7,27
ms,90212,AQUIDAUANA,5001102,143,143,36393,36393,25127,25813,339,347,19:20:55,14,6,550,12723,3,11058,405,320,3,14,0,31
ms,91715,ARAL MOREIRA,5001243,31,31,8273,8273,6235,6400,41,124,19:22:08,1,1,86,3563,1,2504,56,15,0,2,1,5
ms,90298,BANDEIRANTES,5001508,24,24,6799,6799,4889,5054,51,114,18:29:08,1,0,128,2842,2,1734,95,76,1,2,0,8
ms,90379,BATAGUASSU,5001904,69,69,19771,19771,13716,14263,237,310,18:33:53,7,2,378,7765,3,5075,288,165,2,6,0,25
ms,90395,BATAYPORÃ,5002001,30,14,8414,4209,3028,3117,25,64,19:30:21,0,0,79,1778,0,1104,37,25,0,1,0,4
ms,90417,BELA VISTA,5002100,67,67,16420,16420,11683,11967,104,180,19:22:08,2,5,191,6983,1,4235,164,90,0,7,0,5
ms,98019,BODOQUENA,5002159,28,28,6487,6487,4794,4931,53,84,18:30:14,2,1,142,2574,1,1943,79,47,0,2,1,2
ms,90433,BONITO,5002209,64,64,19254,19254,13861,14181,127,193,18:38:25,7,1,352,8663,1,4388,231,185,0,4,2,27
ms,90450,BRASILÂNDIA,5002308,34,34,9576,9576,6304,6539,84,151,17:51:49,0,1,150,3941,0,2019,82,99,0,3,1,8
ms,90557,CAARAPÓ,5002407,73,63,22152,19247,14311,14665,148,206,19:04:11,4,0,287,9893,3,3789,189,123,1,3,0,19
ms,90492,CAMAPUÃ,5002605,44,44,10948,10948,8003,8240,83,154,18:43:13,3,3,129,4886,0,2725,83,160,2,6,0,6
ms,90514,CAMPO GRANDE,5002704,2189,2189,641185,641185,493688,512243,8120,10435,19:22:08,260,120,16454,289672,172,159856,14315,10578,86,689,101,1385
ms,90530,CARACOL,5002803,22,22,4723,4723,3579,3636,16,41,18:19:22,3,0,61,2214,0,1241,24,31,0,1,1,3
ms,90573,CASSILÂNDIA,5002902,55,55,15301,15301,10701,11165,149,315,18:46:30,4,5,218,6951,0,2961,125,418,0,1,1,17
ms,91782,CHAPADÃO DO SUL,5002951,76,76,23000,23000,16972,17409,177,260,18:41:07,5,1,318,12182,2,3860,317,252,3,5,1,26
ms,90611,CORGUINHO,5003108,17,17,4479,4479,3249,3353,33,71,18:38:25,1,0,85,1750,0,1287,48,69,0,1,2,6
ms,98590,CORONEL SAPUCAIA,5003157,49,49,12105,12105,9579,9894,85,230,19:29:33,0,2,121,4988,0,4295,119,46,0,1,1,6
ms,90638,CORUMBÁ,5003207,249,248,67548,67315,49468,51133,792,873,19:07:37,39,12,800,24447,8,22232,952,842,8,54,2,72
ms,98035,COSTA RICA,5003256,76,76,22355,22355,15565,16061,189,307,18:55:34,3,2,353,10033,0,4613,248,294,0,6,0,13
ms,90654,COXIM,5003306,105,105,26464,26464,18767,19354,237,350,18:37:13,2,2,398,10656,4,7119,261,293,3,8,0,21
ms,91758,DEODÁPOLIS,5003454,42,42,10690,10690,7882,8161,112,167,19:20:55,2,1,209,4411,2,3048,108,86,1,3,1,10
ms,91804,DOIS IRMÃOS DO BURITI,5003488,34,34,8601,8601,6346,6512,68,98,19:20:55,0,0,93,2509,0,3579,76,86,0,3,0,0
ms,98051,DOURADINA,5003504,18,18,4920,4920,4020,4131,19,92,19:24:37,0,0,90,2506,0,1358,39,27,0,0,0,0
ms,90735,DOURADOS,5003702,583,583,166869,166869,128832,133124,1794,2498,19:30:35,50,24,3561,79483,49,40477,3040,1731,25,113,27,252
ms,91731,ELDORADO,5003751,35,34,8988,8689,5906,6114,79,129,18:59:04,3,2,155,3740,1,1859,95,40,0,2,0,9
ms,55069,FIGUEIRÃO,5003900,10,10,2805,2805,2088,2152,27,37,18:25:52,1,0,45,1151,0,792,26,72,0,0,1,0
ms,90751,FÁTIMA DO SUL,5003801,62,62,16886,16886,12776,13209,175,258,19:15:24,6,1,339,7072,1,4939,222,162,1,11,1,21
ms,90794,GLÓRIA DE DOURADOS,5004007,31,31,8125,8125,6011,6225,80,134,19:26:02,3,0,119,3427,0,2278,108,64,0,2,1,9
ms,90816,GUIA LOPES DA LAGUNA,5004106,30,30,7950,7950,5604,5797,57,136,18:43:13,0,0,109,3255,0,2092,72,62,0,2,0,12
ms,90859,IGUATEMI,5004304,34,34,10722,10722,7358,7561,70,133,18:47:43,0,3,170,4552,0,2452,99,77,1,0,0,4
ms,90875,INOCÊNCIA,5004403,23,23,7251,7251,4491,4681,66,124,18:22:10,6,1,98,2721,0,1514,52,85,0,5,0,9
ms,90891,ITAPORÃ,5004502,47,47,14201,14201,11289,11633,133,211,18:59:26,1,3,198,7419,3,3349,191,107,0,2,1,15
ms,98078,ITAQUIRAÍ,5004601,52,52,14628,14628,9844,10129,96,189,19:22:32,0,1,259,4871,0,4474,124,97,0,2,0,16
ms,90930,IVINHEMA,5004700,66,66,21196,21196,15141,15630,219,270,19:20:55,11,3,381,9512,0,4696,315,188,1,9,3,22
ms,55034,JAPORÃ,5004809,23,20,6581,5560,4126,4272,18,128,20:01:58,0,1,76,1421,0,2569,36,21,0,1,0,1
ms,90972,JARAGUARI,5004908,20,20,6048,6048,4387,4510,36,87,18:24:56,4,1,131,2211,0,1870,69,91,0,7,0,3
ms,90999,JARDIM,5005004,69,69,18633,18633,13151,13538,144,243,18:34:56,4,0,251,8299,1,4191,253,126,0,4,2,20
ms,91014,JATEÍ,5005103,16,16,4340,4340,3302,3367,29,36,18:42:04,0,0,49,1822,0,1368,34,24,0,1,0,4
ms,91820,JUTI,5005152,21,21,5982,5982,4216,4327,29,82,18:48:40,2,0,68,2196,1,1873,46,26,0,1,0,3
ms,91030,LADÁRIO,5005202,50,50,13609,13609,9915,10248,141,192,18:46:30,3,1,189,4969,1,4451,142,133,2,15,2,7
ms,55026,LAGUNA CARAPÃ,5005251,19,18,5465,5141,3949,4037,30,58,19:17:17,1,1,67,2642,3,1151,56,25,0,1,0,2
ms,91073,MARACAJU,5005400,111,110,29813,29583,22363,22885,206,316,19:24:37,6,10,444,16086,1,5303,314,162,1,11,3,22
ms,91111,MIRANDA,5005608,76,75,20066,19717,13841,14222,140,241,19:29:33,0,2,263,5894,0,7396,153,123,1,2,1,6
ms,91790,MUNDO NOVO,5005681,50,50,14988,14988,10570,10970,132,268,18:54:38,7,3,233,6593,0,3461,171,85,0,5,2,10
ms,91138,NAVIRAÍ,5005707,136,136,37528,37528,26830,27689,357,502,18:30:35,5,4,598,17261,4,8020,586,286,2,11,2,51
ms,91154,NIOAQUE,5005806,42,42,10377,10377,7813,7968,57,98,19:30:35,1,2,105,4238,0,3297,92,72,0,4,0,2
ms,55000,NOVA ALVORADA DO SUL,5006002,54,54,16244,16244,10372,10655,120,163,18:12:09,0,2,245,5815,4,4003,173,116,0,2,3,9
ms,91235,NOVA ANDRADINA,5006200,122,107,35629,31810,22197,22884,334,353,19:05:18,9,3,665,13394,3,7365,438,275,1,7,1,36
ms,55042,NOVO HORIZONTE DO SUL,5006259,16,16,3610,3610,2763,2856,33,60,18:34:56,0,0,78,1442,0,1177,47,17,0,0,0,2
ms,91251,PARANAÍBA,5006309,107,107,31506,31506,22386,23316,402,528,19:12:40,8,5,585,12815,3,8030,309,554,2,14,3,58
ms,91847,PARANHOS,5006358,32,31,9433,9119,5726,6019,43,250,18:46:30,0,2,73,2597,0,2971,56,22,0,0,0,5
ms,55050,PARAÍSO DAS ÁGUAS,5006275,16,16,4335,4335,3087,3179,35,57,18:37:13,0,0,60,2253,0,701,26,41,0,4,0,2
ms,91278,PEDRO GOMES,5006408,22,22,6048,6048,4462,4611,45,104,18:54:38,2,1,53,2508,2,1784,50,62,0,0,0,0
ms,91316,PONTA PORÃ,5006606,249,249,69957,69957,50133,52170,984,1053,19:20:55,33,36,1061,31418,13,15824,1076,501,10,75,8,78
ms,91375,PORTO MURTINHO,5006903,30,29,8647,8339,5406,5551,58,87,17:46:29,0,0,107,2884,0,2290,94,27,0,0,1,3
ms,91413,RIBAS DO RIO PARDO,5007109,60,60,16370,16370,10934,11283,142,207,18:25:53,5,1,276,6317,3,3970,221,119,1,6,1,14
ms,91430,RIO BRILHANTE,5007208,87,87,26188,26188,19195,19729,231,303,18:47:43,10,4,389,11885,2,6397,327,152,0,13,1,15
ms,91456,RIO NEGRO,5007307,16,16,4176,4176,3144,3248,38,66,18:31:50,1,1,67,1775,0,1215,30,53,1,0,0,1
ms,91472,RIO VERDE DE MATO GROSSO,5007406,56,56,13917,13917,10162,10427,88,177,18:37:12,5,3,224,6090,3,3583,127,115,1,5,1,5
ms,91499,ROCHEDO,5007505,16,16,4984,4984,3578,3705,49,78,18:11:01,3,0,86,2125,4,1229,59,68,0,1,0,3
ms,91863,SANTA RITA DO PARDO,5007554,18,18,5541,5541,3534,3671,52,85,18:17:47,0,0,117,2061,0,1219,64,63,0,1,0,9
ms,98116,SELVÍRIA,5007802,22,22,7236,7236,4966,5241,109,166,19:22:32,3,0,135,2363,1,2305,90,59,0,3,1,6
ms,98132,SETE QUEDAS,5007703,34,34,7773,7773,5544,5750,56,150,18:38:42,2,1,83,3659,0,1694,65,34,1,1,1,3
ms,91570,SIDROLÂNDIA,5007901,118,118,35153,35153,24783,25508,323,402,19:17:17,11,7,579,13860,5,9542,406,316,1,15,1,40
ms,91880,SONORA,5007935,40,40,11254,11254,8401,8636,100,135,18:37:13,1,2,156,4947,0,3066,131,85,0,8,0,5
ms,98094,SÃO GABRIEL DO OESTE,5007695,73,73,23080,23080,16940,17363,192,231,19:12:40,4,5,379,11840,6,4130,319,233,0,6,0,18
ms,98159,TACURU,5007950,22,22,7003,7003,4490,4663,53,120,19:11:44,0,2,126,1695,0,2596,45,23,0,2,0,1
ms,98175,TAQUARUSSU,5007976,13,13,3942,3942,2895,2946,16,35,19:08:55,1,0,44,1413,0,1381,28,28,0,0,0,0
ms,91596,TERENOS,5008008,48,48,13850,13850,10407,10749,121,221,19:10:03,3,3,257,5363,3,4404,166,183,0,6,2,17
ms,91650,TRÊS LAGOAS,5008305,297,297,88506,88506,62576,65127,1250,1301,19:05:09,16,16,1825,36690,28,21347,1522,905,12,48,15,152
ms,91901,VICENTINA,5008404,21,21,5998,5998,4674,4817,69,74,19:10:45,2,2,117,2164,0,2237,94,57,0,0,0,1
ms,90034,ÁGUA CLARA,5000203,43,43,13465,13465,8695,8956,107,154,18:12:09,5,1,202,5370,0,2865,160,78,0,4,0,10
mg,40010,ABADIA DOS DOURADOS,3100104,21,0,5720,0,0,0,0,0,15:30:55,0,0,0,0,0,0,0,0,0,0,0,0
mg,40037,ABAETÉ,3100203,62,62,17445,17445,13365,13969,264,340,18:47:56,2,1,376,7518,0,4853,210,279,2,8,0,116
mg,40053,ABRE CAMPO,3100302,40,40,12103,12103,8920,9483,197,366,19:16:23,2,1,247,3728,0,4657,145,97,0,8,0,35
mg,40070,ACAIACA,3100401,13,13,3518,3518,2515,2683,39,129,19:11:11,0,0,83,776,2,1577,26,35,0,0,0,16
mg,40150,AGUANIL,3100807,13,0,4331,0,0,0,0,0,15:30:54,0,0,0,0,0,0,0,0,0,0,0,0
mg,40215,AIMORÉS,3101102,64,51,19149,15254,10906,11301,186,209,19:29:52,1,2,193,6051,1,4348,166,92,3,5,0,44
mg,40231,AIURUOCA,3101201,20,20,4838,4838,3525,3792,85,182,19:21:13,1,2,109,1634,3,1603,71,73,0,9,0,20
mg,40258,ALAGOA,3101300,9,9,2619,2619,1965,2046,41,40,19:21:10,0,0,61,1240,0,573,29,35,1,2,0,24
mg,40274,ALBERTINA,3101409,10,0,3575,0,0,0,0,0,15:30:56,0,0,0,0,0,0,0,0,0,0,0,0
mg,40312,ALFENAS,3101607,177,176,61027,60705,43409,45606,1123,1074,19:23:20,6,8,1266,25368,19,14921,833,661,3,38,14,272
mg,40002,ALFREDO VASCONCELOS,3101631,18,0,6138,0,0,0,0,0,15:30:54,0,0,0,0,0,0,0,0,0,0,0,0
mg,40339,ALMENARA,3101706,108,106,31120,30516,20971,21997,273,753,19:29:52,3,5,482,6267,0,13705,314,135,1,6,2,51
mg,40355,ALPERCATA,3101805,23,23,6064,6064,4500,4701,91,110,18:33:50,0,0,80,2117,2,2182,63,29,4,3,0,20
mg,40371,ALPINÓPOLIS,3101904,47,47,16047,16047,12001,12536,206,329,18:57:42,0,1,506,6537,2,4443,225,202,2,11,0,72
mg,40398,ALTEROSA,3102001,42,42,12246,12246,9286,9725,203,236,19:01:47,1,4,287,5080,1,3615,132,133,0,2,1,30
mg,41661,ALTO CAPARAÓ,3102050,13,0,4564,0,0,0,0,0,15:30:49,0,0,0,0,0,0,0,0,0,0,0,0
mg,50695,ALTO JEQUITIBÁ,3153509,28,26,7177,6464,4950,5185,90,145,18:44:32,0,0,104,3138,2,1566,68,37,0,4,0,31
mg,40410,ALTO RIO DOCE,3102100,34,34,10053,10053,6727,7171,167,277,19:32:01,0,1,187,2205,1,4069,112,123,1,3,3,22
mg,40436,ALVARENGA,3102209,19,19,4518,4518,3462,3572,38,72,19:07:12,0,0,66,1586,0,1710,56,34,1,0,0,9
mg,40452,ALVINÓPOLIS,3102308,42,42,13098,13098,9202,9877,226,449,19:25:30,3,2,295,3095,2,5519,113,126,1,5,0,41
mg,40479,ALVORADA DE MINAS,3102407,16,16,4946,4946,3109,3336,57,170,19:26:28,0,1,107,981,1,1913,23,65,0,2,0,16
mg,40290,ALÉM PARAÍBA,3101508,106,105,27004,26775,19269,20136,383,484,19:21:14,9,1,463,8258,8,9630,328,413,3,19,1,136
mg,40495,AMPARO DO SERRA,3102506,18,18,4531,4531,3360,3508,48,100,19:08:53,1,0,129,854,0,2298,45,28,0,1,0,4
mg,40517,ANDRADAS,3102605,100,100,30179,30179,21463,22852,614,775,18:57:44,6,5,632,13467,6,6054,426,452,1,19,5,390
mg,40550,ANDRELÂNDIA,3102803,37,37,9886,9886,6748,7216,212,256,18:48:53,1,0,227,3036,2,3190,102,119,1,5,1,64
mg,41688,ANGELÂNDIA,3102852,21,0,6879,0,0,0,0,0,15:30:51,0,0,0,0,0,0,0,0,0,0,0,0
mg,40576,ANTÔNIO CARLOS,3102902,33,29,9889,8666,6362,6820,196,262,19:29:51,2,1,233,2265,0,3546,86,177,0,4,2,46
mg,40592,ANTÔNIO DIAS,3103009,35,28,9101,7161,5044,5326,102,180,19:16:22,0,0,155,2373,1,2396,40,50,0,1,1,27
mg,40614,ANTÔNIO PRADO DE MINAS,3103108,9,9,1915,1915,1493,1551,19,39,17:48:38,1,1,50,661,1,711,35,25,0,1,0,7
mg,40657,ARACITABA,3103306,9,0,2839,0,0,0,0,0,15:30:50,0,0,0,0,0,0,0,0,0,0,0,0
mg,40690,ARAGUARI,3103504,286,286,90272,90272,66984,69735,1081,1670,19:21:12,19,11,1673,40252,25,20925,1335,2294,5,46,4,395
mg,40711,ARANTINA,3103603,9,9,2872,2872,2095,2240,64,81,19:21:11,0,1,103,751,0,1167,33,33,0,2,0,5
mg,40738,ARAPONGA,3103702,24,24,6500,6500,4914,5353,155,284,19:30:35,0,4,112,1333,0,3282,83,88,0,4,0,8
mg,40029,ARAPORÃ,3103751,19,19,7006,7006,5303,5494,71,120,18:09:28,0,0,112,2786,1,2044,117,216,0,6,0,21
mg,40754,ARAPUÁ,3103801,11,11,3487,3487,2548,2711,62,101,18:42:15,0,0,40,1704,2,703,28,55,1,6,0,9
mg,40797,ARAXÁ,3104007,248,226,81839,74058,54259,57058,1177,1622,19:32:30,15,7,1537,28694,18,19287,1031,1072,0,41,4,2553
mg,40630,ARAÇAÍ,3103207,10,10,2834,2834,2103,2208,40,65,18:55:58,1,0,68,944,0,998,31,47,1,0,0,13
mg,40673,ARAÇUAÍ,3103405,90,83,28297,25794,17226,18019,286,507,19:29:53,2,4,333,6229,4,10167,239,157,0,9,0,82
mg,40770,ARAÚJOS,3103900,21,2,6636,475,387,404,4,13,18:59:19,0,1,9,233,0,133,3,8,0,0,0,0
mg,40819,ARCEBURGO,3104106,21,21,7685,7685,5668,6043,139,236,19:07:53,2,1,170,3193,1,1988,185,90,1,2,4,31
mg,40835,ARCOS,3104205,109,99,33540,30263,22376,23693,639,678,19:29:52,8,2,782,12621,2,7592,476,586,3,15,1,288
mg,40851,AREADO,3104304,39,39,11770,11770,8584,9048,219,245,18:37:54,0,0,325,4959,2,2900,150,189,0,7,1,51
mg,40878,ARGIRITA,3104403,12,12,3035,3035,2360,2438,29,49,19:12:09,0,0,48,807,0,1434,30,33,0,0,0,8
mg,41700,ARICANDUVA,3104452,15,15,5172,5172,3564,3782,88,130,19:03:24,1,0,182,1263,1,2016,41,53,0,2,1,4
mg,40894,ARINOS,3104502,48,44,14460,13167,9033,9410,93,284,19:23:49,0,1,189,3887,0,4604,147,184,2,1,0,18
mg,40916,ASTOLFO DUTRA,3104601,36,36,10808,10808,8265,8655,168,222,19:29:53,1,0,209,4028,1,3703,187,119,1,2,0,14
mg,40932,ATALÉIA,3104700,38,19,11033,5494,3653,3824,48,123,19:29:52,0,2,95,1411,0,2056,36,30,0,2,0,21
mg,40959,AUGUSTO DE LIMA,3104809,19,5,4467,1119,758,801,17,26,19:31:31,0,0,20,292,0,411,7,25,0,1,0,2
mg,40096,AÇUCENA,3100500,34,34,8227,8227,5073,5412,114,225,19:25:58,1,2,125,2061,1,2771,55,45,0,0,1,11
mg,40975,BAEPENDI,3104908,53,44,15621,12690,9452,9942,201,289,19:29:52,3,1,306,5607,3,3082,199,197,0,10,0,44
mg,40991,BALDIM,3105004,27,0,7093,0,0,0,0,0,15:30:50,0,0,0,0,0,0,0,0,0,0,0,0
mg,41017,BAMBUÍ,3105103,65,63,19001,18158,12729,13489,355,405,19:14:48,3,1,429,5967,5,5588,264,378,0,9,0,85
mg,41033,BANDEIRA,3105202,16,16,4576,4576,2982,3218,51,185,19:16:22,0,0,79,630,0,2237,19,15,0,0,0,2
mg,41050,BANDEIRA DO SUL,3105301,18,0,5237,0,0,0,0,0,15:30:51,0,0,0,0,0,0,0,0,0,0,0,0
mg,41114,BARBACENA,3105608,322,93,99361,28242,21064,22394,518,812,19:25:57,8,4,807,9082,12,9980,534,408,4,29,6,190
mg,41130,BARRA LONGA,3105707,24,24,5500,5500,3865,4133,90,178,19:08:53,0,0,106,1145,1,2513,24,55,0,0,1,20
mg,41173,BARROSO,3105905,54,0,17476,0,0,0,0,0,15:30:57,0,0,0,0,0,0,0,0,0,0,0,0
mg,41076,BARÃO DE COCAIS,3105400,76,71,24133,22559,16557,17941,611,773,19:32:02,11,1,864,7271,14,7428,360,396,0,24,7,181
mg,41092,BARÃO DE MONTE ALTO,3105509,19,0,5613,0,0,0,0,0,15:30:52,0,0,0,0,0,0,0,0,0,0,0,0
mg,41190,BELA VISTA DE MINAS,3106002,33,33,8231,8231,6240,6598,162,196,19:13:10,3,1,196,2305,0,3508,93,95,1,7,0,31
mg,41211,BELMIRO BRAGA,3106101,12,10,3228,2718,2104,2183,28,51,19:31:30,1,0,54,720,0,1254,31,29,0,0,1,14
mg,41238,BELO HORIZONTE,3106200,4927,4917,1966966,1962523,1427579,1499541,30416,41546,19:29:53,553,313,52717,689751,969,590588,39019,32997,335,2625,273,17439
mg,41254,BELO ORIENTE,3106309,70,31,20697,8750,5981,6275,111,183,19:32:01,1,0,200,3121,1,2477,116,33,0,1,1,30
mg,41270,BELO VALE,3106408,31,31,8588,8588,6455,6828,160,213,19:23:19,1,0,234,2728,2,3205,90,154,1,4,1,35
mg,41297,BERILO,3106507,38,27,8995,6316,3974,4260,88,198,19:24:30,0,1,98,1062,0,2683,47,56,0,0,3,24
mg,41726,BERIZAL,3106655,13,0,4307,0,0,0,0,0,15:30:51,0,0,0,0,0,0,0,0,0,0,0,0
mg,41319,BERTÓPOLIS,3106606,17,0,4066,0,0,0,0,0,15:30:51,0,0,0,0,0,0,0,0,0,0,0,0
mg,41335,BETIM,3106705,1008,975,301594,291623,224396,239146,6186,8564,19:24:30,77,46,9598,109685,90,92169,6479,3908,31,286,67,1960
mg,41351,BIAS FORTES,3106804,12,0,3816,0,0,0,0,0,15:30:51,0,0,0,0,0,0,0,0,0,0,0,0
mg,41378,BICAS,3106903,47,47,11578,11578,8451,8861,132,278,17:48:38,1,0,277,3887,1,3949,148,132,0,7,2,47
mg,41394,BIQUINHAS,3107000,10,0,2682,0,0,0,0,0,15:30:49,0,0,0,0,0,0,0,0,0,0,0,0
mg,41416,BOA ESPERANÇA,3107109,89,89,32515,32515,23115,24278,599,564,19:05:12,6,5,772,12418,6,9021,378,415,1,16,1,76
mg,41432,BOCAINA DE MINAS,3107208,14,14,4428,4428,3196,3389,64,129,19:32:29,1,0,146,1534,1,1360,57,59,0,4,1,33
mg,41459,BOCAIÚVA,3107307,116,112,35646,34374,25724,26982,506,752,19:24:29,3,3,967,7979,8,16030,369,249,2,4,2,108
mg,41475,BOM DESPACHO,3107406,125,124,39052,38720,28155,29686,749,782,19:21:14,5,8,908,18017,14,7495,572,856,5,23,3,249
mg,41491,BOM JARDIM DE MINAS,3107505,23,0,6321,0,0,0,0,0,15:30:49,0,0,0,0,0,0,0,0,0,0,0,0
mg,41513,BOM JESUS DA PENHA,3107604,11,11,3674,3674,2807,2935,48,80,19:04:04,0,1,142,1661,1,882,34,61,0,1,0,24
mg,41530,BOM JESUS DO AMPARO,3107703,19,13,5181,3563,2529,2723,71,123,19:32:01,0,0,172,905,1,1340,41,45,0,3,0,22
mg,41556,BOM JESUS DO GALHO,3107802,41,5,12062,1191,954,1019,26,39,18:58:17,0,0,22,498,0,412,7,14,0,1,0,0
mg,41572,BOM REPOUSO,3107901,29,0,10209,0,0,0,0,0,15:30:52,0,0,0,0,0,0,0,0,0,0,0,0
mg,41599,BOM SUCESSO,3108008,51,38,15102,10668,7317,7864,241,306,19:04:46,0,0,207,3262,3,3475,113,166,1,9,2,79
mg,41610,BONFIM,3108107,25,25,7317,7317,5211,5596,184,201,19:11:37,1,1,321,2255,0,2302,132,148,1,2,0,48
mg,41637,BONFINÓPOLIS DE MINAS,3108206,22,22,5046,5046,3538,3663,59,66,18:18:46,3,0,243,1493,0,1722,33,38,1,0,0,5
mg,41742,BONITO DE MINAS,3108255,38,26,8624,5783,3920,4135,47,168,19:21:14,0,0,127,694,0,2967,61,57,0,2,0,12
mg,41653,BORDA DA MATA,3108305,45,41,13454,12142,9062,9576,200,314,19:12:36,3,2,384,5251,2,2960,178,183,2,6,1,90
mg,41670,BOTELHOS,3108404,40,40,12776,12776,9179,9614,190,245,19:11:37,6,0,303,4117,2,4353,157,168,1,6,3,63
mg,41696,BOTUMIRIM,3108503,19,7,5656,2160,1499,1603,30,74,19:22:26,0,1,41,375,0,1052,16,11,0,1,1,1
mg,40045,BRASILÂNDIA DE MINAS,3108552,38,0,12436,0,0,0,0,0,15:30:50,0,0,0,0,0,0,0,0,0,0,0,0
mg,41718,BRASÍLIA DE MINAS,3108602,95,85,27089,23812,16573,17316,279,464,19:29:54,5,3,435,4978,5,10696,177,176,0,7,1,90
mg,41777,BRAZÓPOLIS,3108909,41,0,12541,0,0,0,0,0,15:30:52,0,0,0,0,0,0,0,0,0,0,0,0
mg,41750,BRAÚNAS,3108800,20,20,4386,4386,2809,3009,58,142,19:21:10,1,0,66,1171,0,1494,30,34,0,1,0,12
mg,41793,BRUMADINHO,3109006,107,106,35366,34994,26032,27543,605,906,19:25:58,17,4,1438,12831,4,10474,622,481,6,37,2,116
mg,41734,BRÁS PIRES,3108701,15,15,4684,4684,3108,3291,63,120,19:02:59,0,0,112,1243,1,1651,38,47,0,4,0,12
mg,41815,BUENO BRANDÃO,3109105,25,0,8694,0,0,0,0,0,15:30:52,0,0,0,0,0,0,0,0,0,0,0,0
mg,41831,BUENÓPOLIS,3109204,30,30,8547,8547,5168,5459,91,200,19:16:24,0,2,230,1985,1,2762,59,99,1,1,0,28
mg,41769,BUGRE,3109253,16,2,4366,552,402,420,11,7,19:30:35,0,0,9,217,0,165,4,6,0,0,0,1
mg,41858,BURITIS,3109303,66,63,20584,19673,14217,14653,145,291,19:29:53,1,1,273,8172,3,5228,173,324,0,7,0,35
mg,41874,BURITIZEIRO,3109402,75,74,20491,20326,13998,15012,333,681,19:25:57,5,1,426,6223,3,6873,172,223,1,13,0,58
mg,41785,CABECEIRA GRANDE,3109451,18,0,5891,0,0,0,0,0,15:30:53,0,0,0,0,0,0,0,0,0,0,0,0
mg,41890,CABO VERDE,3109501,31,31,9574,9574,7113,7449,155,181,19:04:02,0,1,205,3393,1,3220,120,132,1,5,0,35
mg,41912,CACHOEIRA DA PRATA,3109600,13,0,3473,0,0,0,0,0,15:30:51,0,0,0,0,0,0,0,0,0,0,0,0
mg,41939,CACHOEIRA DE MINAS,3109709,33,33,10111,10111,7611,8049,177,261,18:41:16,6,1,271,4410,1,2419,184,203,0,8,1,107
mg,40533,CACHOEIRA DE PAJEÚ,3102704,30,30,6975,6975,4694,4954,84,176,19:07:54,0,0,92,1503,0,2984,31,72,0,2,1,9
mg,41955,CACHOEIRA DOURADA,3109808,9,9,2798,2798,1968,2016,14,34,18:16:12,0,0,95,801,0,989,27,52,0,1,0,3
mg,41971,CAETANÓPOLIS,3109907,31,31,8761,8761,6728,7177,164,285,19:13:10,2,0,256,3638,3,2479,92,186,0,3,0,69
mg,41998,CAETÉ,3110004,106,96,34347,30704,21895,23352,633,824,19:23:49,10,4,1494,9185,7,9714,568,587,3,29,6,288
mg,42013,CAIANA,3110103,16,14,4437,3885,2946,3115,59,110,19:22:26,0,1,63,1322,1,1423,70,55,1,0,0,10
mg,42030,CAJURI,3110202,17,0,4769,0,0,0,0,0,15:30:50,0,0,0,0,0,0,0,0,0,0,0,0
mg,42056,CALDAS,3110301,40,40,10805,10805,7944,8369,157,268,19:25:31,1,1,239,4607,0,2671,138,187,1,4,0,95
mg,42072,CAMACHO,3110400,15,15,3110,3110,2393,2563,94,76,19:21:12,1,0,53,1096,0,1181,29,20,0,1,0,12
mg,42099,CAMANDUCAIA,3110509,51,51,18995,18995,13118,13918,375,425,19:30:35,2,1,323,7679,5,4556,257,152,0,7,2,134
mg,42137,CAMBUQUIRA,3110707,32,32,10157,10157,6996,7452,174,282,19:26:29,2,0,225,3437,2,3008,112,157,1,6,3,43
mg,42110,CAMBUÍ,3110608,65,46,22533,15375,10767,11449,257,425,19:17:26,2,0,534,5984,1,3674,243,196,4,7,4,118
mg,42170,CAMPANHA,3110905,36,30,12729,10442,7394,7814,194,226,19:07:12,4,1,237,4630,8,2203,130,135,1,7,1,37
mg,42153,CAMPANÁRIO,3110806,14,2,3378,466,323,339,5,11,19:25:31,0,0,5,105,0,209,1,3,0,0,0,0
mg,42196,CAMPESTRE,3111002,58,0,16477,0,0,0,0,0,15:30:49,0,0,0,0,0,0,0,0,0,0,0,0
mg,42218,CAMPINA VERDE,3111101,69,69,14505,14505,10603,11012,153,256,18:59:18,1,2,289,5723,0,4202,112,230,0,4,0,40
mg,41807,CAMPO AZUL,3111150,17,0,4494,0,0,0,0,0,15:30:51,0,0,0,0,0,0,0,0,0,0,0,0
mg,42234,CAMPO BELO,3111200,120,120,39354,39354,27488,29228,828,912,19:09:30,4,5,971,15633,5,9729,473,474,2,13,1,178
mg,42250,CAMPO DO MEIO,3111309,33,26,10449,8080,5873,6170,157,140,19:32:30,1,1,144,2474,0,3075,102,57,0,0,2,17
mg,42277,CAMPO FLORIDO,3111408,25,0,6473,0,0,0,0,0,15:30:50,0,0,0,0,0,0,0,0,0,0,0,0
mg,42293,CAMPOS ALTOS,3111507,34,34,10084,10084,6672,7016,171,173,18:30:21,0,0,196,3890,0,2237,106,133,0,2,0,108
mg,42315,CAMPOS GERAIS,3111606,62,57,20481,18768,13252,14048,380,416,19:21:14,3,3,437,6999,5,5244,261,181,2,9,1,107
mg,42374,CANA VERDE,3111903,17,17,4983,4983,3795,3989,94,100,19:12:09,0,1,158,1829,1,1695,54,32,5,2,1,17
mg,42331,CANAÃ,3111705,18,18,4403,4403,3476,3690,80,134,18:59:19,0,1,117,986,0,2262,50,46,1,1,0,12
mg,42390,CANDEIAS,3112000,42,42,11511,11511,8329,9101,387,385,19:16:22,2,3,337,4266,2,3411,105,162,2,5,0,34
mg,41823,CANTAGALO,3112059,11,11,3858,3858,2530,2699,40,129,19:25:58,0,1,94,832,0,1534,27,24,0,2,1,15
mg,42358,CANÁPOLIS,3111804,27,27,8776,8776,6262,6477,82,133,19:16:23,1,1,146,2596,0,3266,89,149,2,2,1,9
mg,42412,CAPARAÓ,3112109,15,9,4641,2663,2026,2119,41,52,19:22:53,0,0,46,1187,0,723,21,38,0,0,0,11
mg,42439,CAPELA NOVA,3112208,18,18,4746,4746,3467,3797,171,159,19:32:01,2,0,117,1239,0,1935,66,77,0,2,1,28
mg,42455,CAPELINHA,3112307,94,89,31072,29432,20761,21990,459,770,19:30:35,5,3,793,10117,1,9125,337,285,0,5,1,89
mg,42471,CAPETINGA,3112406,18,18,5621,5621,3907,4135,97,131,19:14:49,1,1,129,1985,0,1597,67,96,1,1,0,29
mg,42498,CAPIM BRANCO,3112505,26,26,8469,8469,6433,6827,177,217,19:29:53,1,0,230,3379,0,2411,153,192,1,7,0,59
mg,42510,CAPINÓPOLIS,3112604,43,43,11606,11606,8641,8920,106,173,19:09:57,3,0,257,4129,5,3898,116,218,0,1,0,14
mg,40061,CAPITÃO ANDRADE,3112653,14,2,4057,412,315,328,5,8,18:22:55,0,0,22,143,0,141,1,2,1,0,0,5
mg,42536,CAPITÃO ENÉAS,3112703,46,43,13076,12120,8542,9001,141,318,19:29:53,2,4,283,2663,0,5367,93,100,0,3,1,26
mg,42552,CAPITÓLIO,3112802,22,0,8244,0,0,0,0,0,15:30:50,0,0,0,0,0,0,0,0,0,0,0,0
mg,42579,CAPUTIRA,3112901,28,0,7830,0,0,0,0,0,15:30:52,0,0,0,0,0,0,0,0,0,0,0,0
mg,42617,CARANAÍBA,3113107,13,0,3454,0,0,0,0,0,15:30:51,0,0,0,0,0,0,0,0,0,0,0,0
mg,42633,CARANDAÍ,3113206,65,43,20681,14284,10808,11719,490,421,19:23:50,2,4,374,5186,0,4789,218,164,0,6,3,62
mg,42650,CARANGOLA,3113305,78,78,23082,23082,17355,18200,321,524,19:23:50,1,3,536,7936,3,8137,365,281,2,9,3,79
mg,42676,CARATINGA,3113404,210,196,60397,56184,41927,43988,778,1283,19:29:51,10,4,1169,22030,14,17128,796,441,4,19,6,306
mg,42595,CARAÍ,3113008,47,0,15521,0,0,0,0,0,15:30:52,0,0,0,0,0,0,0,0,0,0,0,0
mg,42692,CARBONITA,3113503,29,29,8159,8159,5558,5955,154,243,19:25:30,0,0,305,2273,1,2789,80,85,0,4,0,21
mg,42714,CAREAÇU,3113602,16,0,5368,0,0,0,0,0,15:30:53,0,0,0,0,0,0,0,0,0,0,0,0
mg,42730,CARLOS CHAGAS,3113701,54,53,16296,15922,10349,10914,195,370,19:21:12,3,1,234,4080,1,5709,119,127,1,2,0,72
mg,42773,CARMO DA CACHOEIRA,3113909,30,30,9450,9450,6492,6991,207,292,19:05:13,3,0,207,2726,1,3310,68,118,1,0,1,57
mg,42790,CARMO DA MATA,3114006,36,36,9616,9616,7159,7648,214,275,19:13:41,1,0,251,2917,2,3618,131,180,0,8,1,50
mg,42811,CARMO DE MINAS,3114105,32,32,9819,9819,7203,7695,189,303,18:48:54,0,1,202,3856,1,2866,117,112,0,2,1,45
mg,42838,CARMO DO CAJURU,3114204,57,57,19084,19084,14645,15442,380,417,19:05:12,3,4,723,7916,3,5213,328,300,4,8,1,142
mg,42854,CARMO DO PARANAÍBA,3114303,81,81,22245,22245,16171,17026,380,475,19:07:52,1,4,292,10621,3,4509,244,392,2,5,1,97
mg,42870,CARMO DO RIO CLARO,3114402,59,52,15908,13944,10328,10817,207,282,19:29:51,2,2,463,5856,2,3529,178,225,0,5,2,64
mg,42757,CARMÉSIA,3113800,10,8,2716,2128,1465,1543,20,58,19:29:53,0,0,73,512,0,824,18,29,0,1,0,8
mg,42897,CARMÓPOLIS DE MINAS,3114501,52,52,13900,13900,11207,11785,256,322,19:05:12,2,0,380,5807,0,4392,225,271,1,3,2,124
mg,40088,CARNEIRINHO,3114550,26,20,7997,6052,4498,4663,46,119,19:21:10,0,0,115,2338,0,1918,33,85,0,3,0,6
mg,42919,CARRANCAS,3114600,12,0,3441,0,0,0,0,0,15:30:50,0,0,0,0,0,0,0,0,0,0,0,0
mg,42951,CARVALHOS,3114808,15,15,3994,3994,2980,3264,100,184,19:21:14,1,0,84,1450,0,1343,38,55,1,0,0,8
mg,42935,CARVALHÓPOLIS,3114709,12,12,3407,3407,2542,2675,48,85,18:59:48,0,0,79,1425,0,948,52,28,0,0,0,10
mg,42978,CASA GRANDE,3114907,10,0,3027,0,0,0,0,0,15:30:52,0,0,0,0,0,0,0,0,0,0,0,0
mg,42994,CASCALHO RICO,3115003,12,12,3773,3773,2823,2919,34,62,19:07:53,0,0,49,1602,0,1035,33,98,0,1,0,5
mg,43052,CATAGUASES,3115300,169,167,52112,51348,37068,38916,705,1143,19:32:02,6,3,1164,14075,10,20284,808,510,1,16,12,179
mg,41840,CATAS ALTAS,3115359,15,13,5156,4424,3212,3451,105,134,19:08:22,0,1,281,1251,1,1458,94,75,0,15,0,36
mg,43079,CATAS ALTAS DA NORUEGA,3115409,14,0,4149,0,0,0,0,0,15:30:52,0,0,0,0,0,0,0,0,0,0,0,0
mg,40100,CATUJI,3115458,27,0,8492,0,0,0,0,0,15:30:50,0,0,0,0,0,0,0,0,0,0,0,0
mg,41866,CATUTI,3115474,17,0,4594,0,0,0,0,0,15:30:52,0,0,0,0,0,0,0,0,0,0,0,0
mg,43095,CAXAMBU,3115508,52,52,17661,17661,11949,12585,276,360,19:21:14,6,2,384,5487,3,5437,214,328,1,13,1,73
mg,43117,CEDRO DO ABAETÉ,3115607,4,4,1420,1420,990,1026,10,26,18:40:04,1,1,25,529,0,393,13,21,0,0,0,7
mg,43133,CENTRAL DE MINAS,3115706,21,21,5637,5637,4246,4437,70,121,19:25:31,0,1,53,2186,4,1874,64,46,0,0,0,18
mg,43150,CENTRALINA,3115805,26,26,7672,7672,5728,5946,104,114,19:21:14,1,0,133,2226,0,3107,75,171,3,1,0,11
mg,43192,CHALÉ,3116001,17,17,5275,5275,4161,4353,62,130,19:22:26,1,1,73,2046,1,1942,44,33,0,0,1,19
mg,43214,CHAPADA DO NORTE,3116100,38,21,9254,4782,2853,3035,57,125,18:47:55,0,1,106,488,0,2190,23,35,0,0,0,10
mg,41882,CHAPADA GAÚCHA,3116159,34,21,9589,5379,3812,3958,37,109,19:24:28,0,0,77,1403,1,2178,76,73,0,1,0,3
mg,43230,CHIADOR,3116209,14,14,3296,3296,2465,2611,42,104,19:21:14,0,0,77,1217,1,1046,35,76,0,1,1,11
mg,43176,CHÁCARA,3115904,17,17,4371,4371,3326,3452,46,80,17:52:44,0,0,138,1494,0,1532,54,85,0,1,0,22
mg,43257,CIPOTÂNEA,3116308,18,18,5815,5815,3649,3932,137,146,18:47:56,0,1,140,1365,0,1985,69,70,0,2,0,17
mg,43273,CLARAVAL,3116407,14,12,5081,4292,3318,3411,37,56,18:37:22,0,1,66,2251,0,851,34,71,1,0,0,43
mg,43290,CLARO DOS POÇÕES,3116506,32,30,7507,7213,5319,5595,90,186,19:00:51,0,0,226,2163,0,2782,63,56,0,5,1,23
mg,43311,CLÁUDIO,3116605,71,62,22834,19582,14835,15739,428,476,19:29:54,5,2,510,9380,4,4091,283,313,2,18,5,222
mg,43338,COIMBRA,3116704,20,0,6598,0,0,0,0,0,15:30:53,0,0,0,0,0,0,0,0,0,0,0,0
mg,43354,COLUNA,3116803,25,0,6936,0,0,0,0,0,15:30:53,0,0,0,0,0,0,0,0,0,0,0,0
mg,43370,COMENDADOR GOMES,3116902,9,9,2849,2849,2182,2229,18,29,18:30:44,0,0,56,1216,0,848,28,32,0,0,0,2
mg,43397,COMERCINHO,3117009,26,22,6685,5320,3607,3780,43,130,18:23:34,2,0,70,814,2,2670,20,23,0,0,0,6
mg,43419,CONCEIÇÃO DA APARECIDA,3117108,25,25,8307,8307,6160,6439,121,158,19:12:08,0,0,276,3198,1,2425,95,124,0,5,1,35
mg,43036,CONCEIÇÃO DA BARRA DE MINAS,3115201,12,0,3677,0,0,0,0,0,15:30:51,0,0,0,0,0,0,0,0,0,0,0,0
mg,43451,CONCEIÇÃO DAS ALAGOAS,3117306,61,61,20159,20159,14881,15441,250,310,18:42:15,2,1,329,7158,1,6964,222,160,2,3,0,39
mg,43435,CONCEIÇÃO DAS PEDRAS,3117207,11,0,2816,0,0,0,0,0,15:30:53,0,0,0,0,0,0,0,0,0,0,0,0
mg,43478,CONCEIÇÃO DE IPANEMA,3117405,16,4,4497,931,702,724,7,15,19:10:37,0,0,19,298,0,373,4,8,0,0,0,0
mg,43494,CONCEIÇÃO DO MATO DENTRO,3117504,73,63,19793,16927,11270,12075,277,528,19:25:58,7,0,471,3995,1,6288,253,175,2,11,1,66
mg,43516,CONCEIÇÃO DO PARÁ,3117603,17,0,5489,0,0,0,0,0,15:30:51,0,0,0,0,0,0,0,0,0,0,0,0
mg,43532,CONCEIÇÃO DO RIO VERDE,3117702,37,37,10403,10403,7308,7814,240,266,19:21:11,3,1,214,3035,0,3796,101,120,0,4,0,34
mg,43559,CONCEIÇÃO DOS OUROS,3117801,34,34,9042,9042,7186,7576,164,226,19:02:27,1,0,267,4313,2,2290,163,84,0,4,3,59
mg,41920,CONFINS,3117876,23,23,7057,7057,5546,5797,107,144,19:12:10,1,3,241,3021,1,2015,98,106,0,1,1,58
mg,43575,CONGONHAL,3117900,30,0,9730,0,0,0,0,0,15:30:51,0,0,0,0,0,0,0,0,0,0,0,0
mg,43591,CONGONHAS,3118007,126,110,43886,37844,27923,29812,822,1067,19:23:20,17,4,1425,12433,31,12502,704,602,7,29,3,166
mg,43613,CONGONHAS DO NORTE,3118106,16,0,4429,0,0,0,0,0,15:30:51,0,0,0,0,0,0,0,0,0,0,0,0
mg,43630,CONQUISTA,3118205,20,20,5471,5471,4237,4422,74,111,19:29:54,0,1,128,2063,0,1914,53,49,0,0,0,29
mg,43656,CONSELHEIRO LAFAIETE,3118304,308,288,94215,88559,68922,73828,1932,2974,19:32:30,23,15,3647,28960,22,31835,2035,1691,16,68,14,596
mg,43672,CONSELHEIRO PENA,3118403,63,56,15714,13632,9957,10364,168,239,19:16:23,0,1,255,5689,4,3700,138,101,0,4,2,63
mg,43699,CONSOLAÇÃO,3118502,7,7,2032,2032,1448,1522,36,38,19:05:11,1,0,34,818,0,516,19,20,0,1,0,39
mg,43710,CONTAGEM,3118601,1359,1193,463466,399911,307352,324613,6994,10267,19:32:30,131,58,12596,155388,185,119911,8517,6738,47,452,49,3280
mg,43737,COQUEIRAL,3118700,26,26,7797,7797,5653,5963,134,176,19:04:45,1,2,168,2888,0,2276,131,140,0,6,0,41
mg,43753,CORAÇÃO DE JESUS,3118809,81,58,21928,16099,11183,11663,140,340,19:23:19,0,3,344,3019,2,7531,134,112,0,3,1,34
mg,43770,CORDISBURGO,3118908,24,0,6880,0,0,0,0,0,15:30:54,0,0,0,0,0,0,0,0,0,0,0,0
mg,43796,CORDISLÂNDIA,3119005,12,11,2969,2734,2016,2113,31,66,19:21:12,0,0,47,910,0,1014,15,24,0,0,0,6
mg,43818,CORINTO,3119104,71,68,19765,18709,12455,13130,309,366,19:26:28,4,0,450,5095,2,6395,178,238,1,5,6,81
mg,43834,COROACI,3119203,30,30,7969,7969,5668,6125,117,340,19:13:11,2,0,101,2362,0,3029,86,63,0,3,1,21
mg,43850,COROMANDEL,3119302,72,72,24503,24503,18159,18942,319,464,19:22:54,1,3,459,11001,6,5748,251,493,1,4,3,189
mg,43877,CORONEL FABRICIANO,3119401,262,197,79951,58358,42135,43793,740,918,19:32:30,17,4,1267,23922,9,15095,1000,466,6,32,2,315
mg,43893,CORONEL MURTA,3119500,23,0,7295,0,0,0,0,0,15:30:51,0,0,0,0,0,0,0,0,0,0,0,0
mg,43915,CORONEL PACHECO,3119609,16,16,3068,3068,2355,2490,48,87,19:30:34,0,0,74,997,0,1194,37,42,0,1,0,10
mg,43931,CORONEL XAVIER CHAVES,3119708,14,14,3179,3179,2383,2574,91,100,18:44:51,0,0,88,932,0,1237,54,40,0,3,0,29
mg,44016,COUTO DE MAGALHÃES DE MINAS,3120102,14,0,3916,0,0,0,0,0,15:30:51,0,0,0,0,0,0,0,0,0,0,0,0
mg,44032,CRISTAIS,3120201,25,7,8667,2508,1822,1963,61,80,19:25:58,1,0,45,971,1,733,40,23,0,2,0,6
mg,44075,CRISTIANO OTONI,3120409,16,16,4448,4448,3390,3676,125,161,19:21:46,1,2,131,1681,1,1415,63,68,0,6,0,22
mg,44091,CRISTINA,3120508,26,26,8297,8297,5808,6239,139,292,18:50:06,2,1,156,3196,2,2076,125,189,1,5,0,55
mg,44059,CRISTÁLIA,3120300,18,18,5202,5202,3500,3722,67,155,18:44:50,0,1,96,976,0,2363,28,30,0,0,0,6
mg,41963,CRISÓLITA,3120151,19,10,4714,2886,1920,2015,20,75,18:43:21,0,0,41,657,0,1184,13,13,0,0,0,12
mg,44113,CRUCILÂNDIA,3120607,15,15,5672,5672,4026,4324,125,173,19:22:54,1,3,132,2088,0,1535,91,135,2,2,0,37
mg,44130,CRUZEIRO DA FORTALEZA,3120706,13,0,4351,0,0,0,0,0,15:30:52,0,0,0,0,0,0,0,0,0,0,0,0
mg,44156,CRUZÍLIA,3120805,37,37,12917,12917,9305,9864,290,269,19:03:25,1,2,408,4007,5,4528,150,139,0,6,1,58
mg,41980,CUPARAQUE,3120839,16,0,3950,0,0,0,0,0,15:30:51,0,0,0,0,0,0,0,0,0,0,0,0
mg,42005,CURRAL DE DENTRO,3120870,19,0,6816,0,0,0,0,0,15:30:52,0,0,0,0,0,0,0,0,0,0,0,0
mg,44172,CURVELO,3120904,203,198,61304,59511,42385,44795,1190,1220,19:31:31,11,6,1606,20312,17,18353,741,909,2,29,2,397
mg,43010,CÁSSIA,3115102,39,39,13923,13923,9279,9792,198,315,17:59:27,0,3,371,4684,4,3791,136,214,0,3,1,72
mg,43958,CÓRREGO DANTA,3119807,14,14,3391,3391,2293,2407,37,77,18:37:23,0,1,54,1177,0,965,28,47,1,0,1,19
mg,43974,CÓRREGO DO BOM JESUS,3119906,15,14,4380,4050,2950,3127,67,110,19:29:53,2,0,117,1640,5,1079,47,34,0,2,0,24
mg,41947,CÓRREGO FUNDO,3119955,19,19,5391,5391,4186,4457,109,162,19:13:41,1,1,277,2416,0,1182,90,200,0,2,0,17
mg,43990,CÓRREGO NOVO,3120003,16,16,3921,3921,2772,2910,43,95,19:32:29,2,0,59,1063,1,1602,25,15,0,2,0,3
mg,41904,CÔNEGO MARINHO,3117836,28,20,6340,4042,2881,3027,46,100,19:32:29,1,0,127,551,0,2128,37,26,0,0,0,11
mg,44199,DATAS,3121001,18,0,5139,0,0,0,0,0,15:30:53,0,0,0,0,0,0,0,0,0,0,0,0
mg,44210,DELFIM MOREIRA,3121100,22,20,6363,5923,4491,4761,94,176,19:25:30,2,1,155,2461,2,1669,69,73,2,1,1,55
mg,44237,DELFINÓPOLIS,3121209,20,20,6314,6314,4509,4693,72,112,19:29:52,0,0,124,2458,0,1737,61,94,1,1,0,33
mg,42021,DELTA,3121258,25,25,7483,7483,5480,5798,149,169,19:08:53,2,0,162,2400,0,2717,109,72,0,1,0,17
mg,44253,DESCOBERTO,3121308,13,13,4548,4548,3430,3606,58,118,19:21:13,0,0,192,1406,0,1698,44,71,0,0,4,15
mg,44270,DESTERRO DE ENTRE RIOS,3121407,22,0,6445,0,0,0,0,0,15:30:52,0,0,0,0,0,0,0,0,0,0,0,0
mg,44296,DESTERRO DO MELO,3121506,14,0,4211,0,0,0,0,0,15:30:53,0,0,0,0,0,0,0,0,0,0,0,0
mg,44318,DIAMANTINA,3121605,132,101,38586,30247,21681,22756,475,600,19:29:54,3,10,925,6944,3,12790,457,379,3,22,0,145
mg,44334,DIOGO DE VASCONCELOS,3121704,16,0,3860,0,0,0,0,0,15:30:53,0,0,0,0,0,0,0,0,0,0,0,0
mg,44350,DIONÍSIO,3121803,29,29,6910,6910,4589,4772,62,121,19:14:12,1,2,108,1809,0,2536,52,50,0,1,1,29
mg,44393,DIVINO,3122009,48,44,16044,14631,10179,10596,186,231,19:30:34,2,2,230,4325,1,5346,117,115,1,3,0,37
mg,44415,DIVINO DAS LARANJEIRAS,3122108,16,9,4710,2370,1708,1784,22,54,19:07:12,0,0,26,808,1,813,23,28,0,0,1,8
mg,44431,DIVINOLÂNDIA DE MINAS,3122207,19,0,6375,0,0,0,0,0,15:30:54,0,0,0,0,0,0,0,0,0,0,0,0
mg,44377,DIVINÉSIA,3121902,17,17,5015,5015,3819,3994,56,119,19:03:00,1,2,90,1277,1,2293,73,53,0,5,0,24
mg,44458,DIVINÓPOLIS,3122306,501,501,171705,171705,132399,139696,3081,4216,19:23:18,34,21,4568,71478,31,49403,3219,2214,9,130,15,1277
mg,40126,DIVISA ALEGRE,3122355,15,0,5228,0,0,0,0,0,15:30:54,0,0,0,0,0,0,0,0,0,0,0,0
mg,44474,DIVISA NOVA,3122405,15,0,5108,0,0,0,0,0,15:30:50,0,0,0,0,0,0,0,0,0,0,0,0
mg,40142,DIVISÓPOLIS,3122454,19,0,7088,0,0,0,0,0,15:30:52,0,0,0,0,0,0,0,0,0,0,0,0
mg,42048,DOM BOSCO,3122470,13,13,3779,3779,2835,2917,26,56,18:28:27,0,1,76,1656,1,1008,37,53,0,0,0,3
mg,44490,DOM CAVATI,3122504,20,20,4341,4341,3313,3484,42,129,19:09:30,0,0,75,1731,0,1380,82,27,0,0,0,18
mg,44512,DOM JOAQUIM,3122603,18,0,4274,0,0,0,0,0,15:30:52,0,0,0,0,0,0,0,0,0,0,0,0
mg,44539,DOM SILVÉRIO,3122702,15,15,4478,4478,3196,3384,62,126,19:21:12,0,3,158,1137,2,1836,21,28,0,0,2,9
mg,44555,DOM VIÇOSO,3122801,9,0,3158,0,0,0,0,0,15:30:49,0,0,0,0,0,0,0,0,0,0,0,0
mg,44571,DONA EUSÉBIA,3122900,19,19,5779,5779,4632,4810,77,101,19:31:31,0,1,131,2154,1,2184,97,56,0,0,0,8
mg,44598,DORES DE CAMPOS,3123007,27,0,8082,0,0,0,0,0,15:30:50,0,0,0,0,0,0,0,0,0,0,0,0
mg,44610,DORES DE GUANHÃES,3123106,20,0,5278,0,0,0,0,0,15:30:52,0,0,0,0,0,0,0,0,0,0,0,0
mg,44636,DORES DO INDAIÁ,3123205,42,42,10109,10109,7222,7567,146,199,18:32:18,1,0,190,4269,0,2446,94,177,0,6,1,38
mg,44652,DORES DO TURVO,3123304,19,19,5453,5453,3868,4092,81,143,18:20:34,1,0,109,1519,2,2123,49,38,0,2,0,25
mg,44679,DORESÓPOLIS,3123403,7,3,2217,797,482,499,7,10,18:47:55,0,0,13,311,0,147,3,5,0,0,0,3
mg,44695,DOURADOQUARA,3123502,7,7,2127,2127,1621,1671,20,30,19:00:19,1,0,74,763,0,721,11,43,0,1,0,7
mg,40169,DURANDÉ,3123528,24,19,6586,5016,3681,3862,49,132,19:32:29,0,0,71,1707,1,1801,37,57,0,0,0,7
mg,44717,ELÓI MENDES,3123601,58,0,19976,0,0,0,0,0,15:30:52,0,0,0,0,0,0,0,0,0,0,0,0
mg,44733,ENGENHEIRO CALDAS,3123700,30,30,7790,7790,5675,5977,102,200,19:07:12,3,2,108,2875,0,2560,68,44,1,1,3,10
mg,44750,ENGENHEIRO NAVARRO,3123809,19,0,6173,0,0,0,0,0,15:30:52,0,0,0,0,0,0,0,0,0,0,0,0
mg,40185,ENTRE FOLHAS,3123858,20,0,5891,0,0,0,0,0,15:30:52,0,0,0,0,0,0,0,0,0,0,0,0
mg,44776,ENTRE RIOS DE MINAS,3123908,40,29,12811,8820,6503,6882,132,247,19:16:23,1,0,365,2900,1,2888,111,184,1,4,1,47
mg,44792,ERVÁLIA,3124005,63,63,16479,16479,12007,13217,646,564,19:22:54,1,2,397,4244,4,6779,265,239,0,10,1,65
mg,44814,ESMERALDAS,3124104,187,187,56992,56992,40645,43358,1270,1443,19:11:38,16,10,1551,17976,14,18840,819,936,4,59,10,410
mg,44830,ESPERA FELIZ,3124203,61,51,18168,14994,10939,11566,235,392,19:21:14,3,3,345,5117,4,5024,256,137,2,2,0,46
mg,44857,ESPINOSA,3124302,103,95,23564,21866,16746,17372,247,379,19:31:31,1,3,569,6042,1,9804,195,103,0,4,2,22
mg,44873,ESPÍRITO SANTO DO DOURADO,3124401,16,0,5532,0,0,0,0,0,15:30:51,0,0,0,0,0,0,0,0,0,0,0,0
mg,44890,ESTIVA,3124500,34,34,9545,9545,7377,7813,201,235,18:51:34,3,2,270,4164,1,2556,149,170,0,3,0,59
mg,44911,ESTRELA DALVA,3124609,10,4,2914,1076,779,828,16,33,19:03:24,0,0,29,306,0,422,7,13,0,0,0,2
mg,44938,ESTRELA DO INDAIÁ,3124708,11,11,2723,2723,1932,2037,32,73,18:57:43,0,0,49,986,3,830,26,29,0,0,0,9
mg,44954,ESTRELA DO SUL,3124807,20,20,5930,5930,4443,4646,71,132,18:57:43,0,0,77,1988,1,2209,63,92,0,1,2,10
mg,44970,EUGENÓPOLIS,3124906,31,31,8752,8752,6716,7011,100,195,18:30:21,0,2,127,3482,0,2877,112,91,0,1,1,23
mg,44997,EWBANK DA CÂMARA,3125002,14,14,4497,4497,3370,3506,44,92,19:12:09,0,0,66,1239,1,1967,47,44,0,2,0,4
mg,45012,EXTREMA,3125101,116,116,43712,43712,30512,32395,903,980,19:29:51,14,6,1311,16484,7,10793,1011,430,0,29,1,426
mg,45039,FAMA,3125200,11,11,3353,3353,2348,2458,53,57,19:16:46,0,1,55,1328,0,864,45,33,0,4,1,17
mg,45055,FARIA LEMOS,3125309,13,13,3325,3325,2529,2653,37,87,18:39:16,0,0,66,998,0,1385,36,25,1,0,0,18
mg,45110,FELISBURGO,3125606,17,17,5960,5960,3867,4088,42,179,19:23:19,1,1,120,1180,0,2471,42,37,0,4,0,11
mg,45136,FELIXLÂNDIA,3125705,39,0,12556,0,0,0,0,0,15:30:52,0,0,0,0,0,0,0,0,0,0,0,0
mg,45071,FELÍCIO DOS SANTOS,3125408,16,16,5047,5047,3101,3318,63,154,19:16:47,0,0,153,1015,1,1818,33,30,0,1,0,50
mg,45152,FERNANDES TOURINHO,3125804,11,11,2576,2576,1891,1993,43,59,19:09:58,0,0,43,980,0,819,25,11,0,0,0,13
mg,45179,FERROS,3125903,35,33,8590,7982,5223,5584,100,261,19:21:12,0,0,144,1757,0,3137,79,71,0,1,0,34
mg,40207,FERVEDOURO,3125952,28,28,8564,8564,6555,6934,109,270,19:08:22,4,0,136,2933,1,3311,70,81,0,2,1,16
mg,45195,FLORESTAL,3126000,22,14,6984,4476,3355,3531,75,101,19:21:14,4,1,165,1585,0,1353,81,110,1,4,2,49
mg,45217,FORMIGA,3126109,180,180,54476,54476,39787,42299,1090,1422,19:29:53,7,10,1463,22936,14,12491,1069,1368,6,30,4,389
mg,45233,FORMOSO,3126208,23,23,6282,6282,4674,4844,45,125,19:08:22,0,1,122,2064,1,2304,35,144,0,0,0,3
mg,45250,FORTALEZA DE MINAS,3126307,11,11,3215,3215,2227,2375,64,84,19:12:35,0,1,101,1177,1,835,30,73,0,1,0,8
mg,45276,FORTUNA DE MINAS,3126406,11,0,3012,0,0,0,0,0,15:30:53,0,0,0,0,0,0,0,0,0,0,0,0
mg,45292,FRANCISCO BADARÓ,3126505,30,27,7239,6484,3840,4093,82,171,19:17:26,0,2,113,1219,1,2354,67,67,0,1,0,16
mg,45314,FRANCISCO DUMONT,3126604,17,17,4726,4726,3177,3320,43,100,19:14:49,1,0,121,1230,0,1763,15,40,0,1,0,6
mg,45330,FRANCISCO SÁ,3126703,86,84,19570,18939,13541,14168,201,426,19:30:35,2,4,407,3919,2,8868,144,135,1,3,2,54
mg,40223,FRANCISCÓPOLIS,3126752,16,16,5005,5005,3243,3414,47,124,19:32:01,0,2,71,1109,2,1982,37,36,0,1,0,3
mg,45357,FREI GASPAR,3126802,19,3,5965,1101,741,787,7,39,19:08:54,0,1,9,254,1,461,6,6,0,0,0,3
mg,45373,FREI INOCÊNCIO,3126901,28,28,6787,6787,5113,5315,65,137,19:02:59,0,1,98,2200,1,2670,60,53,2,7,0,21
mg,42064,FREI LAGONEGRO,3126950,12,12,3669,3669,2560,2716,40,116,19:09:57,0,0,153,853,0,1482,30,34,0,2,0,6
mg,45390,FRONTEIRA,3127008,31,0,10748,0,0,0,0,0,15:30:54,0,0,0,0,0,0,0,0,0,0,0,0
mg,49352,FRONTEIRA DOS VALES,3127057,17,13,4372,3610,2505,2611,19,87,19:26:28,0,1,83,587,1,1772,32,19,0,1,0,9
mg,42080,FRUTA DE LEITE,3127073,23,22,5143,4849,2799,3077,42,236,19:16:23,0,0,137,599,0,1986,31,38,0,0,0,8
mg,45411,FRUTAL,3127107,125,122,42351,41406,29532,30728,548,648,19:17:26,3,2,754,17021,2,10625,474,514,2,15,2,118
mg,45438,FUNILÂNDIA,3127206,19,0,5397,0,0,0,0,0,15:30:54,0,0,0,0,0,0,0,0,0,0,0,0
mg,45454,GALILÉIA,3127305,20,20,5434,5434,3748,3883,59,76,18:44:32,0,1,68,1839,0,1734,38,47,0,0,2,19
mg,42102,GAMELEIRAS,3127339,20,0,4725,0,0,0,0,0,15:30:51,0,0,0,0,0,0,0,0,0,0,0,0
mg,42129,GLAUCILÂNDIA,3127354,14,0,4010,0,0,0,0,0,15:30:51,0,0,0,0,0,0,0,0,0,0,0,0
mg,42145,GOIABEIRA,3127370,9,0,3104,0,0,0,0,0,15:30:54,0,0,0,0,0,0,0,0,0,0,0,0
mg,42161,GOIANÁ,3127388,12,12,4491,4491,3295,3442,41,106,19:16:46,1,2,139,1479,4,1536,56,59,0,3,1,15
mg,45497,GONZAGA,3127503,18,0,4583,0,0,0,0,0,15:30:50,0,0,0,0,0,0,0,0,0,0,0,0
mg,45470,GONÇALVES,3127404,15,15,4111,4111,2925,3096,59,112,18:50:07,3,0,108,1747,1,895,47,94,0,5,0,25
mg,45519,GOUVEIA,3127602,35,0,10625,0,0,0,0,0,15:30:54,0,0,0,0,0,0,0,0,0,0,0,0
mg,45535,GOVERNADOR VALADARES,3127701,661,618,193573,180815,132851,138761,2744,3166,19:25:04,45,19,2913,78943,42,45704,2745,1360,15,80,13,972
mg,45578,GRUPIARA,3127909,7,7,1789,1789,1375,1421,19,27,18:44:32,0,0,42,734,0,542,15,36,0,1,0,5
mg,45551,GRÃO MOGOL,3127800,42,40,12003,11268,7269,7685,105,311,19:21:13,1,3,151,2111,4,4835,67,73,0,2,0,22
mg,45594,GUANHÃES,3128006,88,88,25045,25045,15904,17032,394,734,19:29:52,1,4,688,7012,4,7571,251,223,3,19,0,128
mg,45616,GUAPÉ,3128105,37,26,10938,7814,5548,5884,171,165,18:18:01,1,1,277,3389,3,1576,85,139,0,0,0,77
mg,45632,GUARACIABA,3128204,32,29,8024,7214,5151,5509,106,252,18:50:05,0,3,215,1556,3,3154,64,130,1,1,0,24
mg,42188,GUARACIAMA,3128253,15,0,5315,0,0,0,0,0,15:30:52,0,0,0,0,0,0,0,0,0,0,0,0
mg,45675,GUARANI,3128402,22,22,6718,6718,4943,5204,76,185,19:25:31,5,3,148,1718,2,2893,74,75,1,2,2,20
mg,45659,GUARANÉSIA,3128303,42,42,14892,14892,10761,11400,277,362,19:12:09,0,4,407,4435,3,5442,177,220,2,3,1,67
mg,45691,GUARARÁ,3128501,15,15,3674,3674,2768,2910,51,91,17:35:04,0,1,98,1248,1,1305,53,49,0,1,1,11
mg,45713,GUARDA-MOR,3128600,20,16,6295,5099,3662,3767,48,57,19:23:49,1,0,66,2158,2,1284,26,108,0,1,0,16
mg,45730,GUAXUPÉ,3128709,111,111,39360,39360,27848,29509,730,931,19:01:47,15,4,879,13687,7,11785,557,562,5,13,3,331
mg,45756,GUIDOVAL,3128808,27,0,6718,0,0,0,0,0,15:30:51,0,0,0,0,0,0,0,0,0,0,0,0
mg,45772,GUIMARÂNIA,3128907,24,24,6658,6658,5095,5354,96,163,19:21:46,1,0,241,2958,0,1691,64,119,0,2,1,18
mg,45799,GUIRICEMA,3129004,25,14,7504,3799,2887,3088,85,116,19:16:22,0,1,78,1102,2,1593,41,54,0,3,0,13
mg,45810,GURINHATÃ,3129103,26,0,5083,0,0,0,0,0,15:30:51,0,0,0,0,0,0,0,0,0,0,0,0
mg,45837,HELIODORA,3129202,17,16,5308,5008,3888,4118,84,146,19:22:54,0,1,330,1753,3,1667,53,63,0,2,1,15
mg,45853,IAPU,3129301,26,24,8427,7857,5500,5785,102,183,19:29:54,3,0,108,2892,2,2321,90,68,0,2,0,14
mg,45870,IBERTIOGA,3129400,16,0,4944,0,0,0,0,0,15:30:51,0,0,0,0,0,0,0,0,0,0,0,0
mg,45918,IBIAÍ,3129608,21,0,6806,0,0,0,0,0,15:30:52,0,0,0,0,0,0,0,0,0,0,0,0
mg,42200,IBIRACATU,3129657,21,0,5860,0,0,0,0,0,15:30:54,0,0,0,0,0,0,0,0,0,0,0,0
mg,45934,IBIRACI,3129707,27,27,9469,9469,6937,7228,118,173,18:34:36,2,1,141,3930,0,2573,108,122,0,1,1,58
mg,45950,IBIRITÉ,3129806,353,226,122338,76614,58471,62388,1840,2077,19:29:52,33,19,2802,27381,28,24763,1613,1181,10,81,21,539
mg,45977,IBITIÚRA DE MINAS,3129905,11,11,3709,3709,2723,2850,42,85,18:37:23,1,2,56,1941,0,620,34,43,0,2,0,24
mg,45993,IBITURUNA,3130002,9,9,2602,2602,1927,2024,29,68,19:05:12,0,0,53,984,1,828,21,38,0,0,0,2
mg,45896,IBIÁ,3129509,58,58,16840,16840,12030,12582,249,303,19:00:21,2,1,301,6563,3,4647,168,247,2,5,1,90
mg,40240,ICARAÍ DE MINAS,3130051,32,31,8823,8485,6250,6411,37,124,19:22:53,0,0,98,1893,0,4155,43,35,0,2,2,22
mg,46019,IGARAPÉ,3130101,100,100,35009,35009,25495,26961,643,823,19:02:59,7,4,1383,12689,9,9974,644,474,3,24,2,282
mg,46035,IGARATINGA,3130200,25,25,8345,8345,6329,6710,198,183,18:54:50,2,1,271,3735,0,2111,89,89,0,3,0,28
mg,46051,IGUATAMA,3130309,25,25,6258,6258,4438,4724,128,158,18:51:35,0,0,115,2098,1,2058,66,68,0,3,1,28
mg,46078,IJACI,3130408,16,0,5796,0,0,0,0,0,15:30:51,0,0,0,0,0,0,0,0,0,0,0,0
mg,46094,ILICÍNEA,3130507,28,0,9938,0,0,0,0,0,15:30:51,0,0,0,0,0,0,0,0,0,0,0,0
mg,42226,IMBÉ DE MINAS,3130556,20,4,5725,868,712,738,5,21,19:23:18,0,0,14,297,1,384,7,5,0,1,0,3
mg,46116,INCONFIDENTES,3130606,17,17,6559,6559,4853,5079,98,128,19:29:54,0,1,145,2711,1,1802,84,78,0,2,1,28
mg,42242,INDAIABIRA,3130655,21,18,6438,5295,3544,3735,36,155,19:21:45,0,0,85,1698,1,1688,33,27,0,0,0,12
mg,46132,INDIANÓPOLIS,3130705,16,16,5187,5187,3930,4097,65,102,19:21:45,2,0,123,1855,0,1785,70,78,0,2,1,14
mg,46159,INGAÍ,3130804,11,11,2824,2824,2183,2328,67,78,19:01:21,1,1,48,991,1,1043,33,49,0,2,0,14
mg,46175,INHAPIM,3130903,74,60,19666,15886,11703,12159,179,277,19:16:46,3,1,230,6435,1,4727,164,106,0,3,1,32
mg,46191,INHAÚMA,3131000,18,18,5730,5730,4256,4510,93,161,19:16:22,2,1,142,2145,1,1771,60,102,0,1,0,31
mg,46213,INIMUTABA,3131109,22,21,6575,6195,4329,4580,123,128,19:31:04,3,0,155,1905,1,2040,62,128,0,1,2,32
mg,40266,IPABA,3131158,42,29,13853,9205,6581,6900,123,196,19:32:01,2,0,252,3335,2,2800,104,67,0,3,0,16
mg,46230,IPANEMA,3131208,50,23,16009,6636,4619,4844,76,149,19:25:31,0,2,132,2322,0,2055,41,49,2,3,0,13
mg,46256,IPATINGA,3131307,543,491,176630,157795,115046,119458,1844,2568,19:31:31,47,14,3642,70544,45,35962,2520,1192,23,88,9,960
mg,46272,IPIAÇU,3131406,13,0,3926,0,0,0,0,0,15:30:52,0,0,0,0,0,0,0,0,0,0,0,0
mg,46299,IPUIÚNA,3131505,24,24,7715,7715,5876,6152,128,148,19:21:12,2,0,144,3447,1,1994,119,130,1,2,0,36
mg,46310,IRAÍ DE MINAS,3131604,21,21,6872,6872,5241,5472,89,142,19:22:27,0,0,154,3134,0,1801,52,85,2,1,0,12
mg,46337,ITABIRA,3131703,277,119,88413,38323,29324,31434,815,1295,19:32:30,19,4,1315,12742,12,13473,718,671,6,37,10,317
mg,46353,ITABIRINHA,3131802,37,37,8908,8908,6786,7083,109,188,18:57:44,0,2,108,3363,0,3105,101,83,0,3,0,21
mg,46370,ITABIRITO,3131901,135,131,45012,43649,31605,34161,1175,1381,19:16:24,19,13,1776,14383,9,12947,930,1002,2,75,8,441
mg,46396,ITACAMBIRA,3132008,25,22,4825,4329,3151,3306,41,114,19:21:11,1,0,87,733,0,2256,24,36,0,1,0,13
mg,46418,ITACARAMBI,3132107,50,44,14164,12637,8339,8766,140,287,19:12:36,0,1,223,2637,1,5282,106,70,0,4,1,14
mg,46434,ITAGUARA,3132206,43,0,10982,0,0,0,0,0,15:30:52,0,0,0,0,0,0,0,0,0,0,0,0
mg,46450,ITAIPÉ,3132305,30,0,9564,0,0,0,0,0,15:30:49,0,0,0,0,0,0,0,0,0,0,0,0
mg,46477,ITAJUBÁ,3132404,221,203,68385,63322,48092,50616,1071,1453,19:25:30,17,6,1522,29098,23,14764,1279,768,12,64,6,533
mg,46493,ITAMARANDIBA,3132503,85,65,26424,19672,13890,14836,348,598,19:29:54,3,4,1181,5881,3,6385,243,143,3,2,1,41
mg,46515,ITAMARATI DE MINAS,3132602,14,14,3881,3881,2920,3079,51,108,19:09:57,2,1,102,1142,0,1568,32,61,0,2,0,10
mg,46531,ITAMBACURI,3132701,65,56,18385,15308,9846,10440,158,436,19:25:30,0,4,237,3358,1,5972,153,85,0,3,5,28
mg,46558,ITAMBÉ DO MATO DENTRO,3132800,10,4,2720,1314,986,1046,18,42,18:10:53,3,1,33,336,0,569,10,26,0,2,0,6
mg,46574,ITAMOGI,3132909,27,27,9062,9062,6452,6853,144,257,19:21:12,0,1,189,3466,1,2530,128,104,0,2,0,31
mg,46590,ITAMONTE,3133006,36,36,12325,12325,9079,9588,209,300,19:21:15,2,1,329,5436,3,2935,164,167,0,6,1,35
mg,46612,ITANHANDU,3133105,36,36,12883,12883,9491,9955,214,250,18:10:53,2,5,430,4961,3,3542,249,239,0,9,0,51
mg,46639,ITANHOMI,3133204,33,26,9623,7174,4978,5237,66,193,18:59:18,0,0,167,2253,0,2426,56,65,1,3,0,7
mg,46655,ITAOBIM,3133303,54,50,16895,15361,10129,10767,240,398,19:26:29,1,5,222,4225,1,5434,137,73,1,2,1,27
mg,46671,ITAPAGIPE,3133402,33,33,10384,10384,7660,7905,84,161,18:16:11,1,1,345,4280,0,2767,101,139,1,1,0,24
mg,46698,ITAPECERICA,3133501,72,72,17090,17090,13414,14346,377,555,18:23:33,3,5,449,6604,3,5723,238,277,3,11,2,96
mg,46710,ITAPEVA,3133600,26,26,9518,9518,6610,7026,163,253,19:12:10,1,2,151,4198,2,1977,153,76,0,18,1,31
mg,46736,ITATIAIUÇU,3133709,38,14,12385,4544,3302,3494,91,101,19:32:01,0,1,121,2018,0,994,57,75,0,0,1,35
mg,46779,ITAVERAVA,3133907,20,19,5696,5411,4192,4482,91,199,19:32:02,0,0,144,1703,0,2173,73,75,1,1,0,22
mg,54453,ITAÚ DE MINAS,3133758,35,35,12435,12435,8859,9407,218,330,19:07:14,2,0,458,4945,7,2966,156,206,1,9,0,109
mg,46752,ITAÚNA,3133808,232,232,70855,70855,52844,56012,1322,1846,19:12:09,12,10,1892,33311,16,14521,1229,1110,7,78,7,651
mg,46795,ITINGA,3134004,39,27,11490,7284,4917,5145,53,175,19:32:02,0,0,63,1256,0,3507,39,42,0,3,0,7
mg,46817,ITUETA,3134103,19,17,5084,4509,3401,3521,44,76,19:23:20,2,2,39,2141,0,1132,38,29,0,3,0,15
mg,46833,ITUIUTABA,3134202,275,233,77491,64497,45992,47510,678,840,19:31:03,9,7,1591,20801,12,21106,898,1340,5,25,6,192
mg,46850,ITUMIRIM,3134301,22,22,5825,5825,4375,4706,138,193,18:23:34,2,1,158,1989,2,1967,96,114,1,2,3,40
mg,46876,ITURAMA,3134400,86,86,30000,30000,21294,22049,270,485,19:10:37,1,1,520,10613,0,9402,342,322,0,9,1,83
mg,46892,ITUTINGA,3134509,12,12,3559,3559,2647,2877,92,138,19:08:22,1,2,64,1198,0,1254,50,60,0,4,0,14
mg,46914,JABOTICATUBAS,3134608,51,39,16254,12450,9061,9562,190,311,19:24:29,5,2,486,4101,2,3996,138,231,0,6,2,92
mg,46930,JACINTO,3134707,32,32,9221,9221,5940,6350,102,308,19:25:04,2,0,96,2016,0,3705,75,36,0,1,0,9
mg,46973,JACUTINGA,3134905,52,0,19258,0,0,0,0,0,15:30:51,0,0,0,0,0,0,0,0,0,0,0,0
mg,46957,JACUÍ,3134806,19,19,6410,6410,4596,4881,108,177,19:08:53,2,0,155,3065,2,1091,97,132,0,2,0,50
mg,46990,JAGUARAÇU,3135001,11,11,3209,3209,2474,2592,54,64,18:58:18,0,0,56,1311,1,1053,26,14,0,4,0,9
mg,40304,JAMPRUCA,3135076,15,15,4243,4243,2961,3107,42,104,19:14:14,0,3,36,1014,1,1844,25,21,0,0,1,16
mg,47015,JANAÚBA,3135100,197,190,55304,53051,39360,41316,782,1174,19:25:31,12,9,1235,17532,5,19335,574,472,0,27,0,159
mg,47031,JANUÁRIA,3135209,191,171,51291,45364,31090,32422,510,822,19:32:29,3,3,636,7846,4,21562,476,440,3,16,1,100
mg,47058,JAPARAÍBA,3135308,11,0,3685,0,0,0,0,0,15:30:52,0,0,0,0,0,0,0,0,0,0,0,0
mg,42269,JAPONVAR,3135357,29,16,8549,4489,3213,3400,63,124,19:29:54,2,0,91,904,0,2141,41,31,0,0,0,3
mg,40282,JAÍBA,3135050,91,23,27130,6818,5043,5214,59,112,19:29:51,0,0,125,2409,1,2383,65,40,0,1,0,19
mg,47074,JECEABA,3135407,23,23,5837,5837,4491,4786,137,158,19:09:29,0,0,264,1883,0,2061,132,121,1,1,0,28
mg,42285,JENIPAPO DE MINAS,3135456,18,14,6076,4658,2775,2985,48,162,19:25:31,2,0,119,825,0,1753,34,30,0,1,1,10
mg,47090,JEQUERI,3135506,34,20,10390,5635,3768,4061,91,202,19:29:51,0,0,96,1219,1,2350,31,57,1,1,0,12
mg,47112,JEQUITAÍ,3135605,22,0,6548,0,0,0,0,0,15:30:56,0,0,0,0,0,0,0,0,0,0,0,0
mg,47139,JEQUITIBÁ,3135704,24,15,5903,3848,2875,3046,53,118,19:04:02,2,0,108,1364,0,1234,33,70,0,6,0,58
mg,47155,JEQUITINHONHA,3135803,59,56,18092,17292,11169,11763,135,459,19:21:12,1,3,207,2710,3,8003,112,98,0,2,0,30
mg,47171,JESUÂNIA,3135902,13,13,4445,4445,3259,3447,50,138,19:22:26,1,0,139,1705,2,1242,41,100,0,1,0,28
mg,47210,JOANÉSIA,3136108,23,23,5118,5118,3429,3613,61,123,19:07:13,0,1,86,1544,1,1694,32,53,0,0,2,16
mg,47279,JOAQUIM FELÍCIO,3136405,16,16,3756,3756,2439,2584,52,93,19:26:29,0,1,62,1069,0,1225,30,34,0,1,3,14
mg,47198,JOAÍMA,3136009,40,28,11145,6686,4230,4535,82,223,19:16:46,0,1,103,1227,1,2822,34,32,0,1,0,9
mg,47295,JORDÂNIA,3136504,28,26,7734,7100,4721,5015,58,236,19:23:19,2,3,101,1813,0,2678,61,51,0,3,0,9
mg,40924,JOSENÓPOLIS,3136579,13,13,3576,3576,2212,2383,23,148,18:36:18,1,0,53,697,0,1424,19,17,0,0,0,1
mg,42307,JOSÉ GONÇALVES DE MINAS,3136520,13,0,3806,0,0,0,0,0,15:30:49,0,0,0,0,0,0,0,0,0,0,0,0
mg,42323,JOSÉ RAYDAN,3136553,15,4,4368,994,598,640,7,35,19:07:51,0,1,8,159,0,411,4,13,0,1,0,1
mg,47236,JOÃO MONLEVADE,3136207,216,216,61219,61219,44190,46909,1232,1487,19:22:27,12,11,1551,21256,16,19003,978,830,5,59,6,463
mg,47252,JOÃO PINHEIRO,3136306,129,118,38832,35914,25540,26541,485,516,19:31:31,9,2,742,14612,7,9223,348,457,1,12,4,123
mg,40320,JUATUBA,3136652,79,37,25040,11418,8241,8794,236,317,19:29:52,6,0,349,3830,5,3539,259,161,2,11,1,78
mg,47333,JUIZ DE FORA,3136702,1256,1161,395457,365411,282791,298019,5951,9277,19:31:04,102,90,9715,117529,219,140029,7320,4875,54,404,79,2375
mg,47350,JURAMENTO,3136801,15,0,4669,0,0,0,0,0,15:30:52,0,0,0,0,0,0,0,0,0,0,0,0
mg,47376,JURUAIA,3136900,24,24,9242,9242,7213,7506,143,150,19:21:11,1,1,310,4476,1,2072,132,161,0,8,0,51
mg,40940,JUVENÍLIA,3136959,22,18,5569,4641,3154,3301,29,118,19:26:29,0,2,91,1151,0,1825,25,49,1,1,0,9
mg,47392,LADAINHA,3137007,41,27,12287,7267,4480,4867,63,324,19:24:29,3,3,125,1390,1,2852,51,26,1,0,0,28
mg,47414,LAGAMAR,3137106,21,0,6403,0,0,0,0,0,15:30:53,0,0,0,0,0,0,0,0,0,0,0,0
mg,47430,LAGOA DA PRATA,3137205,107,85,37445,29618,21602,22675,493,580,19:21:10,4,5,646,13044,4,6745,499,298,1,18,4,334
mg,47457,LAGOA DOS PATOS,3137304,14,14,3774,3774,2601,2740,30,109,19:21:15,0,1,82,1028,0,1412,26,45,0,1,0,6
mg,47473,LAGOA DOURADA,3137403,32,0,10425,0,0,0,0,0,15:30:54,0,0,0,0,0,0,0,0,0,0,0,0
mg,47490,LAGOA FORMOSA,3137502,53,0,15873,0,0,0,0,0,15:30:54,0,0,0,0,0,0,0,0,0,0,0,0
mg,40347,LAGOA GRANDE,3137536,22,0,7611,0,0,0,0,0,15:30:52,0,0,0,0,0,0,0,0,0,0,0,0
mg,47511,LAGOA SANTA,3137601,175,175,54891,54891,41528,43627,930,1169,19:26:28,25,10,1558,23793,13,13679,1038,875,3,34,7,493
mg,47538,LAJINHA,3137700,52,44,16637,13609,10253,10773,181,339,19:16:47,1,3,194,5614,1,4159,127,103,1,3,0,47
mg,47554,LAMBARI,3137809,50,40,17336,13590,9840,10325,152,333,19:24:30,4,1,332,5889,3,3194,172,185,4,6,3,47
mg,47570,LAMIM,3137908,11,11,3521,3521,2577,2757,94,86,19:32:02,0,1,82,770,0,1569,85,61,0,0,1,8
mg,47597,LARANJAL,3138005,20,20,5921,5921,4494,4668,55,119,19:10:37,0,0,86,2286,0,1997,64,52,0,1,1,7
mg,47619,LASSANCE,3138104,20,1,6216,251,182,190,0,8,19:29:53,0,0,8,71,0,95,2,6,0,0,0,0
mg,47635,LAVRAS,3138203,213,86,75558,29221,20651,22165,599,915,19:29:54,14,10,733,10150,10,8527,519,441,3,35,3,206
mg,47651,LEANDRO FERREIRA,3138302,10,0,3322,0,0,0,0,0,15:30:52,0,0,0,0,0,0,0,0,0,0,0,0
mg,40967,LEME DO PRADO,3138351,15,0,4360,0,0,0,0,0,15:30:54,0,0,0,0,0,0,0,0,0,0,0,0
mg,47678,LEOPOLDINA,3138401,132,132,40162,40162,29048,30447,683,716,19:08:21,6,6,907,11528,9,15286,643,498,4,22,4,135
mg,47694,LIBERDADE,3138500,17,17,4275,4275,3265,3446,56,125,18:37:54,0,2,92,1312,2,1726,40,73,1,5,0,12
mg,47716,LIMA DUARTE,3138609,46,41,14497,12517,8937,9472,191,344,19:11:38,1,2,302,2871,5,5357,181,157,0,3,0,58
mg,40363,LIMEIRA DO OESTE,3138625,19,19,6632,6632,5082,5254,61,111,19:13:11,0,1,124,2461,0,2371,51,65,0,3,0,6
mg,40380,LONTRA,3138658,26,0,8567,0,0,0,0,0,15:30:54,0,0,0,0,0,0,0,0,0,0,0,0
mg,40983,LUISBURGO,3138674,18,0,5861,0,0,0,0,0,15:30:52,0,0,0,0,0,0,0,0,0,0,0,0
mg,41009,LUISLÂNDIA,3138682,28,4,6783,523,385,395,2,8,19:03:00,0,0,6,65,0,306,2,5,0,0,0,1
mg,47732,LUMINÁRIAS,3138708,16,16,4351,4351,3366,3665,140,159,19:25:30,2,0,94,1470,2,1621,74,73,1,2,0,27
mg,47759,LUZ,3138807,56,56,14672,14672,10115,10679,253,311,18:40:03,1,0,329,5713,1,3641,149,181,0,6,2,92
mg,47775,MACHACALIS,3138906,21,0,5799,0,0,0,0,0,15:30:55,0,0,0,0,0,0,0,0,0,0,0,0
mg,47791,MACHADO,3139003,92,92,30436,30436,21763,23169,613,793,19:17:26,4,3,665,13011,4,7234,390,288,0,11,2,151
mg,47813,MADRE DE DEUS DE MINAS,3139102,16,0,4478,0,0,0,0,0,15:30:50,0,0,0,0,0,0,0,0,0,0,0,0
mg,47830,MALACACHETA,3139201,58,53,15507,14023,9127,9662,163,372,19:25:04,2,2,249,3533,1,5133,92,86,1,1,3,24
mg,40401,MAMONAS,3139250,24,2,6126,508,415,429,4,10,19:31:04,0,0,7,115,0,290,1,2,0,0,0,0
mg,47856,MANGA,3139300,63,55,16127,13616,9321,9759,124,314,19:29:54,1,3,158,3357,2,5620,79,59,2,0,0,40
mg,47872,MANHUAÇU,3139409,181,71,62011,23922,17568,18333,333,432,19:29:52,4,3,485,9824,6,6546,339,225,3,5,0,128
mg,47899,MANHUMIRIM,3139508,60,60,17013,17013,12067,12673,237,369,18:39:15,1,2,314,5762,4,5574,167,152,2,8,1,80
mg,47910,MANTENA,3139607,73,73,19156,19156,14316,14836,195,325,19:11:12,5,2,272,8400,3,5172,231,171,3,3,2,52
mg,47953,MAR DE ESPANHA,3139805,40,39,10443,10177,7793,8203,144,266,18:47:56,0,3,228,3897,1,3323,139,166,1,5,2,28
mg,47937,MARAVILHAS,3139706,18,0,6311,0,0,0,0,0,15:30:57,0,0,0,0,0,0,0,0,0,0,0,0
mg,47970,MARIA DA FÉ,3139904,37,0,12214,0,0,0,0,0,15:30:57,0,0,0,0,0,0,0,0,0,0,0,0
mg,47996,MARIANA,3140001,160,94,52424,30596,21749,23492,707,1036,19:29:54,9,10,1147,7083,18,12339,550,366,4,33,5,185
mg,48011,MARILAC,3140100,15,0,4681,0,0,0,0,0,15:30:52,0,0,0,0,0,0,0,0,0,0,0,0
mg,48038,MARIPÁ DE MINAS,3140209,12,12,3150,3150,2365,2486,36,85,17:23:12,2,0,98,1163,1,1026,27,29,0,1,0,18
mg,48054,MARLIÉRIA,3140308,17,7,4514,1561,1139,1181,10,32,19:08:54,0,0,31,564,0,496,11,25,0,0,0,12
mg,48070,MARMELÓPOLIS,3140407,10,0,3077,0,0,0,0,0,15:30:55,0,0,0,0,0,0,0,0,0,0,0,0
mg,48097,MARTINHO CAMPOS,3140506,38,38,11161,11161,8082,8481,216,183,19:11:12,1,0,296,5071,0,2379,122,145,2,5,2,59
mg,41041,MARTINS SOARES,3140530,25,21,8197,6828,5024,5268,91,153,19:32:30,1,0,132,2350,0,2408,68,51,0,1,0,13
mg,40428,MATA VERDE,3140555,24,24,7529,7529,5554,5810,74,182,19:14:48,2,0,97,2357,0,2922,71,93,0,2,0,10
mg,48119,MATERLÂNDIA,3140605,18,18,4509,4509,2660,2871,64,147,18:44:50,1,1,64,635,0,1867,43,31,0,0,1,17
mg,48135,MATEUS LEME,3140704,93,67,29334,20853,14340,15491,505,646,19:24:29,8,4,680,7252,5,5461,319,420,1,13,4,173
mg,54313,MATHIAS LOBATO,3171501,16,16,3363,3363,2374,2475,29,72,18:43:19,0,0,25,1001,0,1314,19,9,0,0,1,5
mg,48151,MATIAS BARBOSA,3140803,36,36,11981,11981,8960,9444,188,296,19:12:09,2,1,281,3810,4,4471,202,119,0,7,2,61
mg,40444,MATIAS CARDOSO,3140852,28,10,7349,2564,1810,1862,12,40,19:14:12,0,0,38,548,0,1194,16,10,0,0,1,3
mg,48178,MATIPÓ,3140902,43,0,15216,0,0,0,0,0,15:30:52,0,0,0,0,0,0,0,0,0,0,0,0
mg,48194,MATO VERDE,3141009,41,0,10840,0,0,0,0,0,15:30:53,0,0,0,0,0,0,0,0,0,0,0,0
mg,48216,MATOZINHOS,3141108,92,92,30120,30120,21866,23432,718,848,19:29:54,14,2,1040,10341,10,9068,529,612,3,25,3,219
mg,48232,MATUTINA,3141207,12,12,3386,3386,2464,2608,50,94,19:09:57,1,0,59,1440,2,848,20,78,0,1,0,15
mg,48259,MEDEIROS,3141306,11,0,3335,0,0,0,0,0,15:30:51,0,0,0,0,0,0,0,0,0,0,0,0
mg,48275,MEDINA,3141405,54,51,16321,15159,10503,11165,193,469,19:14:48,1,4,220,3554,1,6538,103,58,0,3,0,21
mg,48291,MENDES PIMENTEL,3141504,20,0,4977,0,0,0,0,0,15:30:49,0,0,0,0,0,0,0,0,0,0,0,0
mg,48313,MERCÊS,3141603,27,27,8100,8100,6057,6443,137,249,19:14:49,0,0,263,2148,1,3396,122,95,0,2,1,29
mg,48330,MESQUITA,3141702,21,21,5447,5447,3520,3692,67,105,18:41:15,0,1,106,1643,0,1678,34,38,1,1,0,18
mg,48356,MINAS NOVAS,3141801,78,35,22788,10614,6702,7133,113,318,19:32:29,0,2,161,1761,2,4644,71,42,0,1,0,18
mg,48372,MINDURI,3141900,15,15,3240,3240,2358,2503,54,91,18:09:27,0,0,76,1107,0,1115,23,25,0,0,0,12
mg,48399,MIRABELA,3142007,39,27,10866,7009,5466,5685,66,153,19:21:10,2,1,227,1707,2,3404,53,51,0,1,2,16
mg,48410,MIRADOURO,3142106,32,0,8125,0,0,0,0,0,15:30:57,0,0,0,0,0,0,0,0,0,0,0,0
mg,41068,MIRAVÂNIA,3142254,14,8,4128,2246,1431,1513,13,69,19:24:29,0,0,48,371,0,980,11,16,0,1,2,2
mg,48437,MIRAÍ,3142205,41,0,10695,0,0,0,0,0,15:30:52,0,0,0,0,0,0,0,0,0,0,0,0
mg,48453,MOEDA,3142304,19,0,5316,0,0,0,0,0,15:30:51,0,0,0,0,0,0,0,0,0,0,0,0
mg,48470,MOEMA,3142403,24,24,6829,6829,5196,5420,93,131,19:13:40,0,1,176,2900,2,1844,76,158,1,2,0,36
mg,48496,MONJOLOS,3142502,10,10,2627,2627,1606,1695,21,68,19:11:37,1,0,43,601,0,908,12,35,0,0,0,6
mg,48518,MONSENHOR PAULO,3142601,20,18,6960,6226,4500,4792,115,177,19:32:01,2,0,106,2292,0,1952,57,67,0,3,0,21
mg,48534,MONTALVÂNIA,3142700,55,51,13202,12214,8350,8780,101,329,19:17:26,0,0,214,2787,0,5148,69,101,0,2,2,27
mg,48550,MONTE ALEGRE DE MINAS,3142809,52,52,15409,15409,10678,11176,214,284,18:38:15,1,2,190,5288,2,4677,119,343,0,3,1,52
mg,48577,MONTE AZUL,3142908,75,73,17843,17194,13114,13801,184,503,19:32:30,3,1,295,4927,2,7579,163,100,0,1,1,42
mg,48593,MONTE BELO,3143005,32,0,10838,0,0,0,0,0,15:30:48,0,0,0,0,0,0,0,0,0,0,0,0
mg,48615,MONTE CARMELO,3143104,108,106,35703,35163,25904,27125,559,662,19:23:20,2,4,711,13009,12,10856,398,734,2,10,9,157
mg,41084,MONTE FORMOSO,3143153,15,15,4603,4603,2857,3069,47,165,19:11:38,1,1,124,708,1,1968,32,13,0,1,0,8
mg,48631,MONTE SANTO DE MINAS,3143203,48,48,17062,17062,11371,12243,380,492,18:50:07,4,1,389,6241,2,4199,175,237,2,8,1,112
mg,48674,MONTE SIÃO,3143401,53,53,18682,18682,14135,14693,235,323,19:07:53,1,5,295,10553,2,2794,227,183,2,3,3,67
mg,48658,MONTES CLAROS,3143302,921,652,283875,193845,151992,160039,3147,4900,19:32:01,36,28,5560,77236,51,62293,2954,2374,21,133,14,1292
mg,40460,MONTEZUMA,3143450,26,26,5966,5966,4245,4492,67,180,19:25:31,0,1,90,1440,1,2608,47,46,0,4,0,8
mg,48690,MORADA NOVA DE MINAS,3143500,28,0,7207,0,0,0,0,0,15:30:52,0,0,0,0,0,0,0,0,0,0,0,0
mg,48712,MORRO DA GARÇA,3143609,10,2,3045,471,306,323,8,9,19:21:12,0,0,8,120,0,165,4,3,0,0,0,6
mg,48739,MORRO DO PILAR,3143708,18,0,3968,0,0,0,0,0,15:30:55,0,0,0,0,0,0,0,0,0,0,0,0
mg,48755,MUNHOZ,3143807,19,0,6066,0,0,0,0,0,15:30:51,0,0,0,0,0,0,0,0,0,0,0,0
mg,48771,MURIAÉ,3143906,273,266,78840,76553,58136,61212,1181,1895,19:22:53,21,5,1345,29824,15,24482,1101,922,11,38,10,362
mg,48798,MUTUM,3144003,71,63,21564,18923,13923,14456,212,321,19:21:13,3,2,301,7521,1,5694,186,181,0,3,0,31
mg,48810,MUZAMBINHO,3144102,51,51,17966,17966,13154,13777,305,318,18:26:26,1,2,336,7138,4,5075,252,262,1,7,0,76
mg,41025,MÁRIO CAMPOS,3140159,35,34,12178,11759,8848,9499,306,345,19:14:48,2,3,433,4472,5,3489,171,194,2,11,1,65
mg,48836,NACIP RAYDAN,3144201,9,9,2825,2825,1783,1903,18,102,19:13:40,0,0,50,627,0,1046,26,25,1,1,0,7
mg,48852,NANUQUE,3144300,108,103,29314,27785,18560,19480,342,578,19:32:02,2,5,323,9141,3,8567,221,181,0,6,0,111
mg,40487,NAQUE,3144359,15,0,5485,0,0,0,0,0,15:30:49,0,0,0,0,0,0,0,0,0,0,0,0
mg,41106,NATALÂNDIA,3144375,12,12,3571,3571,2660,2743,41,42,18:59:48,0,0,90,1154,0,1319,45,45,0,3,0,4
mg,48879,NATÉRCIA,3144409,17,16,4090,3879,2898,3110,88,124,19:31:04,0,3,127,1631,3,942,61,92,1,0,0,38
mg,48895,NAZARENO,3144508,22,0,6298,0,0,0,0,0,15:30:51,0,0,0,0,0,0,0,0,0,0,0,0
mg,48917,NEPOMUCENO,3144607,67,67,20890,20890,14506,15482,400,576,19:23:50,5,4,568,7270,2,5909,265,384,2,10,3,84
mg,41122,NINHEIRA,3144656,42,32,8803,6715,4362,4727,106,259,19:26:28,0,1,200,1402,1,2592,69,71,0,1,2,23
mg,41149,NOVA BELÉM,3144672,14,14,3553,3553,2559,2678,41,78,18:33:49,1,0,50,1179,0,1258,20,41,0,1,0,9
mg,48933,NOVA ERA,3144706,63,63,15012,15012,10513,11184,288,383,19:13:11,3,3,386,3947,2,5702,176,165,1,10,3,115
mg,48950,NOVA LIMA,3144805,227,195,77107,65363,51212,53912,1079,1621,19:30:34,28,12,2282,23565,26,21721,1459,1330,8,76,4,701
mg,48976,NOVA MÓDICA,3144904,14,13,3589,3261,2360,2468,22,86,19:23:19,0,1,53,955,0,1276,30,28,0,1,1,15
mg,48992,NOVA PONTE,3145000,36,36,13442,13442,9642,10051,173,236,19:21:15,3,2,187,5375,1,3684,181,177,0,2,0,30
mg,41165,NOVA PORTEIRINHA,3145059,26,26,6102,6102,4820,5030,75,135,19:25:31,0,1,133,1829,0,2737,58,49,0,1,0,12
mg,49018,NOVA RESENDE,3145109,38,38,13447,13447,10188,10781,269,324,19:24:28,3,4,367,6135,0,3293,170,160,0,1,1,54
mg,49034,NOVA SERRANA,3145208,202,181,67377,59520,47522,49326,986,818,19:31:31,4,9,1487,33775,7,10469,999,466,3,28,4,271
mg,47317,NOVA UNIÃO,3136603,18,18,5802,5802,4091,4308,93,124,19:21:14,2,1,258,1723,1,1914,60,101,0,1,1,29
mg,49050,NOVO CRUZEIRO,3145307,85,76,24963,22044,13197,14169,237,735,19:29:52,1,2,221,3972,1,8706,133,135,0,2,1,23
mg,40509,NOVO ORIENTE DE MINAS,3145356,26,5,9100,1542,914,997,14,69,19:25:30,0,0,38,190,0,671,10,5,0,0,0,0
mg,41181,NOVORIZONTE,3145372,15,10,4973,3357,2392,2551,33,126,19:22:54,1,1,72,935,0,1324,23,28,0,2,0,6
mg,49077,OLARIA,3145406,8,8,2313,2313,1713,1800,23,64,18:57:42,0,0,95,624,0,929,23,22,0,0,0,20
mg,41203,OLHOS D'ÁGUA,3145455,20,0,5281,0,0,0,0,0,15:30:52,0,0,0,0,0,0,0,0,0,0,0,0
mg,49115,OLIVEIRA,3145604,110,110,33504,33504,24378,26140,825,937,19:29:53,4,3,822,11980,6,10180,492,583,6,26,5,271
mg,49131,OLIVEIRA FORTES,3145703,10,10,2731,2731,2035,2154,49,70,19:10:38,2,0,52,654,0,1239,42,43,0,1,0,2
mg,49093,OLÍMPIO NORONHA,3145505,9,9,2869,2869,2029,2165,35,101,18:55:59,0,1,45,881,1,964,55,53,0,3,2,24
mg,49158,ONÇA DE PITANGUI,3145802,15,15,3368,3368,2601,2694,39,54,19:21:14,0,0,107,1551,0,828,25,78,0,2,0,10
mg,41220,ORATÓRIOS,3145851,15,15,4326,4326,3253,3455,79,123,19:22:54,0,0,78,824,0,2241,58,45,0,0,0,7
mg,41246,ORIZÂNIA,3145877,20,6,6817,1790,1374,1425,17,34,19:10:37,0,0,32,576,1,725,5,30,0,0,0,5
mg,49174,OURO BRANCO,3145901,91,0,30112,0,0,0,0,0,15:30:50,0,0,0,0,0,0,0,0,0,0,0,0
mg,49190,OURO FINO,3146008,84,84,25443,25443,17906,18942,462,574,18:59:18,7,2,632,11490,4,4826,355,360,1,18,0,211
mg,49212,OURO PRETO,3146107,203,67,64302,19154,14041,14902,366,495,19:32:01,7,5,553,4231,8,8472,329,274,1,27,0,134
mg,49239,OURO VERDE DE MINAS,3146206,25,0,7237,0,0,0,0,0,15:30:53,0,0,0,0,0,0,0,0,0,0,0,0
mg,41262,PADRE CARVALHO,3146255,19,18,5095,4645,2798,2946,37,111,18:51:34,0,0,102,915,0,1703,16,53,1,1,1,6
mg,49255,PADRE PARAÍSO,3146305,46,41,14207,12417,8012,8527,150,365,19:16:23,1,0,210,3400,3,4202,115,54,0,4,0,23
mg,41289,PAI PEDRO,3146552,18,0,5550,0,0,0,0,0,15:30:50,0,0,0,0,0,0,0,0,0,0,0,0
mg,49271,PAINEIRAS,3146404,15,15,3921,3921,2995,3170,71,104,19:23:20,0,0,105,1290,1,1474,57,47,0,1,0,20
mg,49298,PAINS,3146503,22,16,6914,4629,3500,3646,65,81,19:31:04,0,0,131,2047,0,1172,49,75,0,0,0,26
mg,49310,PAIVA,3146602,8,8,1859,1859,1419,1495,26,50,19:11:12,1,0,84,506,0,778,27,21,0,0,0,2
mg,49336,PALMA,3146701,19,19,5273,5273,3858,4012,58,96,19:02:28,0,0,67,1485,0,2176,55,67,0,2,0,6
mg,40525,PALMÓPOLIS,3146750,20,20,6338,6338,4055,4357,70,232,19:17:26,0,1,116,1177,0,2651,51,50,0,0,0,9
mg,49379,PAPAGAIOS,3146909,33,0,11723,0,0,0,0,0,15:30:49,0,0,0,0,0,0,0,0,0,0,0,0
mg,49395,PARACATU,3147006,197,191,68278,66149,48522,50826,1252,1052,19:21:15,11,4,1346,29127,9,15711,732,1175,2,32,5,368
mg,49433,PARAGUAÇU,3147204,50,2,16696,579,398,435,13,24,19:25:30,0,0,11,244,0,131,1,5,0,0,0,6
mg,49450,PARAISÓPOLIS,3147303,48,48,16472,16472,11920,12685,303,462,19:04:46,4,2,462,6542,7,4167,309,286,2,17,3,119
mg,49476,PARAOPEBA,3147402,63,63,19694,19694,15151,16076,407,518,19:09:30,4,1,554,7978,3,5915,226,348,2,13,2,105
mg,49417,PARÁ DE MINAS,3147105,225,223,67632,67414,49754,53018,1341,1923,19:32:30,16,3,2236,30961,7,13552,975,1218,3,52,9,722
mg,49514,PASSA QUATRO,3147600,38,0,13298,0,0,0,0,0,15:30:50,0,0,0,0,0,0,0,0,0,0,0,0
mg,49530,PASSA TEMPO,3147709,28,28,7354,7354,5382,5927,199,346,18:48:52,2,1,236,2392,1,2470,97,127,2,3,0,51
mg,49557,PASSA VINTE,3147808,9,9,2493,2493,1945,2021,24,52,18:24:00,0,0,48,925,1,849,76,40,0,2,0,4
mg,49492,PASSABÉM,3147501,7,7,1914,1914,1386,1461,23,52,17:47:46,0,0,46,543,0,734,18,33,0,0,0,12
mg,49573,PASSOS,3147907,284,284,81108,81108,59479,62818,1559,1780,19:12:35,12,9,2395,30548,12,23112,1391,1448,5,50,11,486
mg,41300,PATIS,3147956,25,23,5226,4739,3442,3581,40,99,19:25:04,1,1,81,750,0,2522,30,46,0,2,1,8
mg,49590,PATOS DE MINAS,3148004,372,372,116646,116646,86616,90467,1640,2211,19:29:52,25,7,2597,54527,39,24655,1901,2229,15,60,9,552
mg,49611,PATROCÍNIO,3148103,222,221,65612,65372,50492,53127,1278,1357,19:31:04,7,6,1815,30876,6,15388,898,1159,5,30,6,296
mg,49638,PATROCÍNIO DO MURIAÉ,3148202,19,19,5085,5085,4023,4207,57,127,18:30:43,0,0,98,1810,0,1985,52,58,0,1,1,18
mg,49654,PAULA CÂNDIDO,3148301,30,5,7817,869,627,672,20,25,18:48:51,1,0,9,118,0,479,1,17,0,0,0,2
mg,49670,PAULISTAS,3148400,18,0,4222,0,0,0,0,0,15:30:55,0,0,0,0,0,0,0,0,0,0,0,0
mg,49697,PAVÃO,3148509,19,19,6314,6314,4148,4430,76,206,19:23:49,0,0,39,1468,1,2570,35,18,0,1,0,16
mg,49735,PEDRA AZUL,3148707,68,68,18355,18355,11710,12472,174,588,19:24:28,0,2,256,4639,0,6480,125,118,5,6,3,76
mg,41327,PEDRA BONITA,3148756,19,0,6260,0,0,0,0,0,15:30:55,0,0,0,0,0,0,0,0,0,0,0,0
mg,49751,PEDRA DO ANTA,3148806,16,16,3516,3516,2628,2808,70,110,19:00:52,0,1,75,815,0,1669,25,40,0,1,0,2
mg,49778,PEDRA DO INDAIÁ,3148905,15,0,3864,0,0,0,0,0,15:30:51,0,0,0,0,0,0,0,0,0,0,0,0
mg,49794,PEDRA DOURADA,3149002,10,10,2730,2730,2100,2215,29,86,18:15:05,0,0,59,878,0,1097,24,39,1,1,0,1
mg,49816,PEDRALVA,3149101,30,0,9379,0,0,0,0,0,15:30:56,0,0,0,0,0,0,0,0,0,0,0,0
mg,40541,PEDRAS DE MARIA DA CRUZ,3149150,30,0,8112,0,0,0,0,0,15:30:48,0,0,0,0,0,0,0,0,0,0,0,0
mg,49832,PEDRINÓPOLIS,3149200,13,13,3421,3421,2580,2673,41,52,17:51:36,0,1,88,1419,0,964,44,46,0,2,1,15
mg,49859,PEDRO LEOPOLDO,3149309,166,166,49124,49124,36766,39110,1048,1296,19:21:09,10,7,1748,18757,10,13992,773,992,5,54,6,412
mg,49875,PEDRO TEIXEIRA,3149408,10,10,2507,2507,1996,2090,42,52,19:29:52,0,0,85,578,0,1251,36,27,1,1,0,17
mg,49891,PEQUERI,3149507,12,12,3368,3368,2552,2673,49,72,17:26:36,0,0,91,1080,0,1292,32,43,0,4,0,10
mg,49913,PEQUI,3149606,16,16,3981,3981,3214,3348,52,82,19:22:27,0,0,241,1604,3,1253,31,51,0,1,0,30
mg,49930,PERDIGÃO,3149705,28,0,8537,0,0,0,0,0,15:30:50,0,0,0,0,0,0,0,0,0,0,0,0
mg,49956,PERDIZES,3149804,55,55,14146,14146,10161,10558,156,241,18:09:26,2,4,224,6184,0,3221,179,217,3,5,3,119
mg,49972,PERDÕES,3149903,56,56,17292,17292,12727,13566,408,431,18:54:49,3,4,525,6915,2,4660,259,270,0,6,3,80
mg,40568,PERIQUITO,3149952,21,10,6318,3098,2187,2277,36,54,19:24:29,0,1,45,1148,0,940,22,12,0,0,0,19
mg,49999,PESCADOR,3150000,14,0,3581,0,0,0,0,0,15:30:50,0,0,0,0,0,0,0,0,0,0,0,0
mg,49719,PEÇANHA,3148608,45,43,11993,11319,7699,8227,162,366,19:23:50,0,2,287,2882,1,4231,102,143,0,1,0,50
mg,50016,PIAU,3150109,13,12,3238,2895,2275,2370,38,57,19:21:45,1,0,72,808,1,1296,46,39,0,0,0,12
mg,41343,PIEDADE DE CARATINGA,3150158,26,26,7808,7808,5686,5984,99,199,19:29:51,2,2,133,3192,0,2231,62,40,0,0,1,23
mg,50032,PIEDADE DE PONTE NOVA,3150208,13,0,3812,0,0,0,0,0,15:30:50,0,0,0,0,0,0,0,0,0,0,0,0
mg,50059,PIEDADE DO RIO GRANDE,3150307,16,0,4083,0,0,0,0,0,15:30:55,0,0,0,0,0,0,0,0,0,0,0,0
mg,50075,PIEDADE DOS GERAIS,3150406,14,1,5270,353,229,250,12,9,19:04:03,0,0,12,124,0,80,5,5,0,0,0,3
mg,50091,PIMENTA,3150505,23,0,7313,0,0,0,0,0,15:30:52,0,0,0,0,0,0,0,0,0,0,0,0
mg,41360,PINGO D'ÁGUA,3150539,14,0,4149,0,0,0,0,0,15:30:56,0,0,0,0,0,0,0,0,0,0,0,0
mg,41386,PINTÓPOLIS,3150570,28,28,6546,6546,4353,4537,67,117,18:57:43,1,0,147,1250,0,2798,37,87,0,2,0,31
mg,50113,PIRACEMA,3150604,22,22,6032,6032,4736,5130,185,209,19:01:47,1,1,251,2063,2,2155,75,142,1,5,0,40
mg,50130,PIRAJUBA,3150703,14,14,4817,4817,3563,3703,57,83,19:10:37,0,0,102,1856,0,1522,41,35,0,0,2,5
mg,50156,PIRANGA,3150802,48,45,14052,13158,8228,8893,222,443,19:21:10,3,7,377,2862,3,4603,179,128,2,4,0,60
mg,50199,PIRANGUINHO,3151008,23,0,7298,0,0,0,0,0,15:30:49,0,0,0,0,0,0,0,0,0,0,0,0
mg,50172,PIRANGUÇU,3150901,15,0,4789,0,0,0,0,0,15:30:49,0,0,0,0,0,0,0,0,0,0,0,0
mg,50210,PIRAPETINGA,3151107,37,37,9414,9414,7238,7637,140,259,19:08:21,3,0,129,3304,1,3539,107,121,0,4,1,29
mg,50237,PIRAPORA,3151206,137,123,41904,37236,26109,27803,642,1052,19:29:52,4,4,899,13602,11,10506,429,500,3,24,0,127
mg,50253,PIRAÚBA,3151305,27,8,9664,2610,1973,2051,33,45,18:41:16,0,1,62,794,0,1050,35,24,0,1,0,6
mg,50270,PITANGUI,3151404,70,70,21464,21464,16412,17160,341,407,19:29:52,6,2,541,10412,4,4660,278,324,1,3,2,179
mg,50296,PIUMHI,3151503,75,60,26253,20694,14642,15392,337,413,19:24:30,0,2,361,9199,1,4423,277,254,0,20,2,103
mg,50318,PLANURA,3151602,25,0,8677,0,0,0,0,0,15:30:49,0,0,0,0,0,0,0,0,0,0,0,0
mg,50377,POCRANE,3151909,26,3,7548,720,475,511,11,25,19:25:57,0,0,6,210,0,249,2,8,0,0,0,0
mg,50393,POMPÉU,3152006,69,57,24330,20236,14072,15054,372,610,19:14:48,5,2,521,6549,3,6405,227,242,3,8,2,105
mg,50415,PONTE NOVA,3152105,152,144,44494,42323,31359,32951,726,866,19:26:29,12,6,1094,10319,8,18491,642,508,4,27,5,243
mg,41408,PONTO CHIQUE,3152131,13,13,3901,3901,2583,2700,20,97,19:17:26,0,0,30,625,1,1871,25,24,0,2,1,4
mg,40584,PONTO DOS VOLANTES,3152170,31,17,9457,5033,3260,3490,52,178,19:16:23,0,1,92,1158,2,1928,41,30,0,1,0,7
mg,50431,PORTEIRINHA,3152204,113,86,31682,23600,17534,18437,304,599,19:25:57,3,0,426,6895,2,9783,204,180,0,5,0,36
mg,50458,PORTO FIRME,3152303,30,0,9025,0,0,0,0,0,15:30:49,0,0,0,0,0,0,0,0,0,0,0,0
mg,50474,POTÉ,3152402,41,0,12644,0,0,0,0,0,15:30:51,0,0,0,0,0,0,0,0,0,0,0,0
mg,50490,POUSO ALEGRE,3152501,360,232,112425,69547,50770,53639,1148,1721,19:29:52,19,8,1799,28305,16,17748,1307,930,9,52,9,568
mg,50512,POUSO ALTO,3152600,18,13,5593,3953,3041,3200,75,84,19:32:29,2,0,82,1675,0,1150,45,74,1,0,2,10
mg,50334,POÇO FUNDO,3151701,37,26,12809,8526,6482,6867,211,174,19:22:53,0,1,212,3393,0,2604,112,114,1,2,3,40
mg,50350,POÇOS DE CALDAS,3151800,401,333,122866,99991,69669,73182,1437,2076,19:32:30,14,20,2356,37436,29,25250,1852,1431,7,95,14,1165
mg,50539,PRADOS,3152709,23,23,7485,7485,5648,6199,249,302,19:25:04,0,2,228,2223,0,2913,141,106,1,3,2,29
mg,50555,PRATA,3152808,76,76,22334,22334,15759,16315,280,276,19:12:10,1,2,1116,7964,4,6185,177,240,1,4,2,63
mg,50598,PRATINHA,3153004,11,11,3312,3312,2476,2568,43,49,19:09:58,1,0,94,1569,0,690,22,52,0,0,0,48
mg,50571,PRATÁPOLIS,3152907,25,25,7457,7457,5373,5733,118,242,18:20:15,0,0,171,2807,1,2133,87,152,0,2,0,20
mg,50610,PRESIDENTE BERNARDES,3153103,23,17,5729,3985,2673,2815,57,85,18:58:17,0,1,100,854,3,1609,40,51,1,1,0,13
mg,50636,PRESIDENTE JUSCELINO,3153202,17,0,4089,0,0,0,0,0,15:30:50,0,0,0,0,0,0,0,0,0,0,0,0
mg,50652,PRESIDENTE KUBITSCHEK,3153301,12,0,3087,0,0,0,0,0,15:30:51,0,0,0,0,0,0,0,0,0,0,0,0
mg,50679,PRESIDENTE OLEGÁRIO,3153400,51,51,16281,16281,11578,12133,191,364,19:24:30,5,2,360,6239,1,4356,230,324,2,8,0,51
mg,50717,PRUDENTE DE MORAIS,3153608,26,0,8555,0,0,0,0,0,15:30:53,0,0,0,0,0,0,0,0,0,0,0,0
mg,50733,QUARTEL GERAL,3153707,13,13,3749,3749,2751,2930,63,116,19:32:30,1,0,65,1283,0,1286,31,70,0,1,0,14
mg,50750,QUELUZITO,3153806,8,8,2785,2785,2153,2252,32,67,19:16:23,0,0,108,935,1,985,37,63,0,1,0,23
mg,50776,RAPOSOS,3153905,40,20,12906,5449,4309,4613,128,176,19:21:14,4,5,216,1559,2,2196,121,148,3,6,0,49
mg,50792,RAUL SOARES,3154002,68,68,18357,18357,13034,13799,255,510,19:03:24,3,1,327,5220,1,6994,234,201,0,5,0,48
mg,50814,RECREIO,3154101,26,0,7959,0,0,0,0,0,15:30:50,0,0,0,0,0,0,0,0,0,0,0,0
mg,41424,REDUTO,3154150,17,0,5853,0,0,0,0,0,15:30:53,0,0,0,0,0,0,0,0,0,0,0,0
mg,50830,RESENDE COSTA,3154200,33,33,9645,9645,7309,7807,222,276,18:26:26,4,2,361,3368,3,3132,152,224,0,2,1,60
mg,50857,RESPLENDOR,3154309,53,53,12729,12729,8793,9093,145,155,19:31:03,1,0,144,5450,0,2968,98,87,1,2,0,42
mg,50873,RESSAQUINHA,3154408,18,0,4433,0,0,0,0,0,15:30:50,0,0,0,0,0,0,0,0,0,0,0,0
mg,40606,RIACHINHO,3154457,20,20,6015,6015,4370,4532,45,117,19:07:53,3,1,236,1703,0,2241,49,122,0,0,1,14
mg,50890,RIACHO DOS MACHADOS,3154507,31,5,8031,1263,940,990,9,41,19:29:52,0,0,22,162,0,724,11,16,0,0,0,5
mg,50911,RIBEIRÃO DAS NEVES,3154606,662,612,218584,199336,148040,158560,4849,5671,19:25:04,64,35,6099,69060,64,64765,3740,2841,14,195,22,1141
mg,50938,RIBEIRÃO VERMELHO,3154705,12,12,3461,3461,2619,2807,62,126,19:02:58,0,0,81,1080,0,1330,63,42,1,5,0,17
mg,50954,RIO ACIMA,3154804,26,15,8371,4625,3592,3827,104,131,19:21:12,1,1,189,1535,2,1659,66,101,0,5,0,33
mg,50970,RIO CASCA,3154903,36,36,10834,10834,7212,7690,168,310,19:00:20,2,2,229,2429,1,4258,150,114,5,0,0,22
mg,51012,RIO DO PRADO,3155108,13,9,4338,2914,1988,2089,23,78,19:11:12,0,0,27,459,1,1463,17,13,0,2,0,6
mg,50997,RIO DOCE,3155009,9,9,2624,2624,1956,2103,41,106,19:23:20,0,0,43,628,0,1224,28,25,0,0,0,8
mg,51039,RIO ESPERA,3155207,23,23,5784,5784,3883,4186,141,162,18:59:20,0,2,140,1517,1,2022,106,77,1,1,0,16
mg,51055,RIO MANSO,3155306,16,16,5025,5025,3764,3961,72,125,19:03:00,0,0,223,1654,1,1672,65,119,1,1,0,28
mg,51071,RIO NOVO,3155405,30,30,7131,7131,5120,5412,92,200,18:57:44,1,0,157,2162,5,2595,102,69,3,1,4,21
mg,51098,RIO PARANAÍBA,3155504,39,0,11055,0,0,0,0,0,15:30:51,0,0,0,0,0,0,0,0,0,0,0,0
mg,51110,RIO PARDO DE MINAS,3155603,108,99,22281,20548,14984,15820,194,642,19:32:02,2,2,426,5874,0,8294,149,156,0,4,3,74
mg,51136,RIO PIRACICABA,3155702,47,47,12444,12444,8708,9329,284,337,19:17:26,6,1,365,3402,1,4544,147,156,1,4,2,79
mg,51152,RIO POMBA,3155801,45,44,13402,13008,9867,10426,244,315,19:11:12,4,2,306,4160,3,5011,188,144,0,3,1,45
mg,51179,RIO PRETO,3155900,18,17,5409,5155,3862,4005,45,98,18:45:21,0,0,107,1465,0,2151,62,58,0,3,1,15
mg,51195,RIO VERMELHO,3156007,41,41,10175,10175,5637,6096,148,311,19:21:45,0,1,170,1856,1,3386,71,126,1,2,2,21
mg,51217,RITÁPOLIS,3156106,19,19,4803,4803,3520,3792,101,171,18:20:14,0,2,121,1335,3,1859,74,105,0,1,1,19
mg,51233,ROCHEDO DE MINAS,3156205,8,5,2917,1786,1275,1344,27,42,18:33:51,0,0,40,619,0,566,23,20,0,0,0,7
mg,51250,RODEIRO,3156304,21,0,6844,0,0,0,0,0,15:30:54,0,0,0,0,0,0,0,0,0,0,0,0
mg,51276,ROMARIA,3156403,10,10,3430,3430,2688,2790,27,75,19:30:35,1,0,50,1110,0,1402,32,87,0,0,0,6
mg,40622,ROSÁRIO DA LIMEIRA,3156452,16,0,5195,0,0,0,0,0,15:30:48,0,0,0,0,0,0,0,0,0,0,0,0
mg,51292,RUBELITA,3156502,33,33,7524,7524,4620,5007,94,293,19:21:13,1,0,128,1030,0,3363,37,49,0,0,0,12
mg,51314,RUBIM,3156601,25,25,7158,7158,4814,5130,81,235,19:00:20,1,0,141,1362,1,3179,65,51,0,1,2,11
mg,51330,SABARÁ,3156700,295,241,94323,75917,57409,61753,2011,2333,19:29:54,26,21,2334,26141,33,25494,1374,1319,6,83,10,568
mg,51357,SABINÓPOLIS,3156809,44,44,12417,12417,7596,8119,210,313,19:07:52,2,2,238,2260,2,4853,105,88,0,2,2,42
mg,51373,SACRAMENTO,3156908,60,60,20911,20911,15413,15963,226,324,19:00:50,3,1,561,8728,2,5315,317,295,2,12,1,176
mg,51390,SALINAS,3157005,107,102,33019,31180,21960,23232,448,824,19:29:52,5,2,710,8414,5,12200,326,198,2,6,0,92
mg,51411,SALTO DA DIVISA,3157104,18,15,4987,4045,2708,2867,43,116,18:55:26,0,2,46,985,0,1615,32,18,0,2,0,8
mg,51438,SANTA BÁRBARA,3157203,81,78,24261,23163,16694,17811,484,633,19:21:13,7,5,899,6050,4,8814,357,365,2,25,2,164
mg,40649,SANTA BÁRBARA DO LESTE,3157252,24,0,6925,0,0,0,0,0,15:30:50,0,0,0,0,0,0,0,0,0,0,0,0
mg,41440,SANTA BÁRBARA DO MONTE VERDE,3157278,11,11,3595,3595,2669,2790,41,80,19:07:13,0,2,83,1083,0,1422,23,44,1,1,0,10
mg,51454,SANTA BÁRBARA DO TUGÚRIO,3157302,18,18,4340,4340,3202,3453,81,170,19:12:10,0,1,99,978,0,2017,48,44,0,3,0,12
mg,41467,SANTA CRUZ DE MINAS,3157336,19,10,6469,3393,2597,2763,77,89,19:21:12,2,1,100,1366,2,994,48,56,0,4,0,24
mg,41483,SANTA CRUZ DE SALINAS,3157377,15,10,4496,2644,1810,1930,32,88,19:23:19,0,0,67,401,0,1286,20,31,1,0,0,4
mg,51470,SANTA CRUZ DO ESCALVADO,3157401,17,17,4879,4879,3666,3864,60,138,19:21:13,0,0,69,1089,0,2393,59,44,0,0,0,12
mg,51497,SANTA EFIGÊNIA DE MINAS,3157500,13,0,3985,0,0,0,0,0,15:30:50,0,0,0,0,0,0,0,0,0,0,0,0
mg,51519,SANTA FÉ DE MINAS,3157609,14,14,3706,3706,2376,2457,20,61,19:07:52,0,0,75,627,0,1626,21,25,0,1,0,1
mg,41505,SANTA HELENA DE MINAS,3157658,18,0,5344,0,0,0,0,0,15:30:53,0,0,0,0,0,0,0,0,0,0,0,0
mg,51535,SANTA JULIANA,3157708,32,0,11819,0,0,0,0,0,15:30:50,0,0,0,0,0,0,0,0,0,0,0,0
mg,51551,SANTA LUZIA,3157807,479,454,164668,155459,117749,125735,3657,4329,19:29:54,47,32,5739,56209,45,48990,2947,2463,23,176,32,1046
mg,51578,SANTA MARGARIDA,3157906,38,0,12910,0,0,0,0,0,15:30:52,0,0,0,0,0,0,0,0,0,0,0,0
mg,51594,SANTA MARIA DE ITABIRA,3158003,28,5,8798,1188,810,864,16,38,19:29:55,0,1,15,221,0,532,3,30,0,0,0,8
mg,51616,SANTA MARIA DO SALTO,3158102,16,16,4598,4598,2885,3126,56,185,19:07:52,0,1,62,1115,0,1625,36,31,0,6,0,9
mg,51632,SANTA MARIA DO SUAÇUÍ,3158201,43,43,12134,12134,7200,7557,78,279,19:00:20,2,2,157,2651,1,4151,111,96,1,1,2,25
mg,51837,SANTA RITA DE CALDAS,3159209,23,23,7062,7062,5333,5550,65,152,19:08:22,0,0,208,3341,2,1532,96,116,1,1,1,35
mg,51870,SANTA RITA DE IBITIPOCA,3159407,14,0,3384,0,0,0,0,0,15:30:52,0,0,0,0,0,0,0,0,0,0,0,0
mg,51853,SANTA RITA DE JACUTINGA,3159308,20,20,4360,4360,3384,3543,59,100,19:12:36,2,0,81,1426,0,1734,55,71,1,2,0,12
mg,40665,SANTA RITA DE MINAS,3159357,20,0,5935,0,0,0,0,0,15:30:54,0,0,0,0,0,0,0,0,0,0,0,0
mg,51896,SANTA RITA DO ITUETO,3159506,24,15,5151,3135,2287,2376,28,61,19:31:31,0,0,20,1352,0,859,11,33,0,0,0,12
mg,51918,SANTA RITA DO SAPUCAÍ,3159605,93,93,31737,31737,23280,24619,679,660,19:13:40,9,2,963,14359,8,6239,655,556,5,31,5,448
mg,51934,SANTA ROSA DA SERRA,3159704,12,12,3513,3513,2408,2538,62,68,18:50:07,0,0,58,1268,0,1002,36,23,0,0,0,21
mg,51950,SANTA VITÓRIA,3159803,65,65,17312,17312,12626,13055,173,256,18:47:56,2,2,321,5586,0,6187,207,285,0,4,0,32
mg,51659,SANTANA DA VARGEM,3158300,20,20,5973,5973,4624,4928,155,149,18:51:35,0,2,175,2273,2,1941,105,111,0,2,0,13
mg,51675,SANTANA DE CATAGUASES,3158409,14,10,3385,2065,1634,1705,22,49,19:02:59,1,0,30,777,0,771,20,24,0,0,0,11
mg,51691,SANTANA DE PIRAPAMA,3158508,26,23,7165,6494,4874,5133,93,166,19:29:53,0,2,141,2226,0,2205,29,228,0,4,1,38
mg,51713,SANTANA DO DESERTO,3158607,13,10,3542,2512,1939,2019,22,58,19:23:49,0,1,54,703,0,1107,24,36,0,1,1,12
mg,51730,SANTANA DO GARAMBÉU,3158706,7,7,2352,2352,1714,1860,44,102,19:24:29,0,1,68,563,0,1034,20,19,1,1,1,6
mg,51756,SANTANA DO JACARÉ,3158805,13,0,3915,0,0,0,0,0,15:30:55,0,0,0,0,0,0,0,0,0,0,0,0
mg,51772,SANTANA DO MANHUAÇU,3158904,26,0,7807,0,0,0,0,0,15:30:52,0,0,0,0,0,0,0,0,0,0,0,0
mg,40681,SANTANA DO PARAÍSO,3158953,77,0,25815,0,0,0,0,0,15:30:49,0,0,0,0,0,0,0,0,0,0,0,0
mg,51799,SANTANA DO RIACHO,3159001,20,0,6031,0,0,0,0,0,15:30:51,0,0,0,0,0,0,0,0,0,0,0,0
mg,51810,SANTANA DOS MONTES,3159100,12,0,3869,0,0,0,0,0,15:30:49,0,0,0,0,0,0,0,0,0,0,0,0
mg,51977,SANTO ANTÔNIO DO AMPARO,3159902,47,0,14255,0,0,0,0,0,15:30:52,0,0,0,0,0,0,0,0,0,0,0,0
mg,51993,SANTO ANTÔNIO DO AVENTUREIRO,3160009,15,1,3747,241,188,207,3,16,18:47:57,0,0,7,71,0,102,3,5,0,0,0,0
mg,52019,SANTO ANTÔNIO DO GRAMA,3160108,12,12,3941,3941,2812,2985,66,107,18:51:35,0,0,102,874,0,1756,50,19,0,0,0,11
mg,52035,SANTO ANTÔNIO DO ITAMBÉ,3160207,11,0,3863,0,0,0,0,0,15:30:49,0,0,0,0,0,0,0,0,0,0,0,0
mg,52051,SANTO ANTÔNIO DO JACINTO,3160306,30,21,9461,6660,4157,4509,83,269,19:21:14,0,1,57,1785,1,2209,45,49,0,0,4,6
mg,52078,SANTO ANTÔNIO DO MONTE,3160405,79,78,21033,20652,15804,16409,271,334,19:11:38,0,4,352,11225,4,3623,205,247,0,6,0,138
mg,41521,SANTO ANTÔNIO DO RETIRO,3160454,26,16,6670,3751,2702,2839,25,112,19:21:13,1,1,91,866,0,1667,29,31,0,0,0,16
mg,52094,SANTO ANTÔNIO DO RIO ABAIXO,3160504,9,9,2393,2393,1527,1614,27,60,19:25:58,0,0,41,579,0,837,10,55,0,0,0,5
mg,52116,SANTO HIPÓLITO,3160603,11,9,3387,2826,1717,1824,31,76,19:25:59,0,1,87,501,1,1060,34,22,0,1,0,10
mg,52132,SANTOS DUMONT,3160702,130,124,37567,35595,25787,27312,683,842,19:31:31,8,8,782,9375,15,14313,551,526,1,36,2,170
mg,53074,SAPUCAÍ-MIRIM,3165404,18,18,6091,6091,4370,4629,104,155,19:10:38,1,0,137,2425,0,1604,96,79,1,3,0,24
mg,53090,SARDOÁ,3165503,16,0,4955,0,0,0,0,0,15:30:52,0,0,0,0,0,0,0,0,0,0,0,0
mg,40800,SARZEDO,3165537,75,54,26228,18983,14646,15526,382,498,19:29:53,4,4,691,8079,3,4977,393,319,1,10,6,159
mg,40827,SEM PEIXE,3165560,12,0,3765,0,0,0,0,0,15:30:52,0,0,0,0,0,0,0,0,0,0,0,0
mg,40843,SENADOR AMARAL,3165578,16,0,6008,0,0,0,0,0,15:30:52,0,0,0,0,0,0,0,0,0,0,0,0
mg,53112,SENADOR CORTES,3165602,9,9,2545,2545,1918,2012,33,61,19:25:31,2,0,46,765,1,1020,24,54,0,1,0,5
mg,53139,SENADOR FIRMINO,3165701,24,24,7117,7117,5181,5485,127,177,18:21:16,1,2,175,1729,4,3028,123,70,0,2,1,46
mg,53155,SENADOR JOSÉ BENTO,3165800,8,8,2481,2481,1878,1977,39,60,19:11:38,1,0,39,1116,0,646,30,40,0,0,0,6
mg,53171,SENADOR MODESTINO GONÇALVES,3165909,17,3,4784,995,654,689,7,28,18:44:33,0,0,16,272,0,342,10,11,0,0,0,3
mg,53198,SENHORA DE OLIVEIRA,3166006,17,0,5747,0,0,0,0,0,15:30:54,0,0,0,0,0,0,0,0,0,0,0,0
mg,53210,SENHORA DO PORTO,3166105,14,14,3323,3323,2108,2269,50,111,19:29:52,0,2,105,770,0,1159,23,42,0,2,0,5
mg,53236,SENHORA DOS REMÉDIOS,3166204,29,0,8367,0,0,0,0,0,15:30:50,0,0,0,0,0,0,0,0,0,0,0,0
mg,53252,SERICITA,3166303,22,0,7087,0,0,0,0,0,15:30:56,0,0,0,0,0,0,0,0,0,0,0,0
mg,53279,SERITINGA,3166402,7,7,2045,2045,1509,1593,24,60,18:50:06,3,0,48,689,0,722,20,22,1,0,0,4
mg,53295,SERRA AZUL DE MINAS,3166501,11,11,3725,3725,2076,2283,52,155,18:28:27,0,1,77,647,2,1258,8,72,0,0,0,11
mg,53317,SERRA DA SAUDADE,3166600,4,4,1281,1281,963,989,5,21,18:33:49,0,0,22,531,0,360,12,25,0,0,0,13
mg,53350,SERRA DO SALITRE,3166808,31,0,9396,0,0,0,0,0,15:30:56,0,0,0,0,0,0,0,0,0,0,0,0
mg,53333,SERRA DOS AIMORÉS,3166709,26,26,6251,6251,4410,4590,64,116,19:23:19,7,1,85,1648,0,2562,45,35,0,8,0,19
mg,53376,SERRANIA,3166907,18,18,6378,6378,4562,4837,114,161,19:14:49,2,0,165,2194,0,2041,54,60,0,1,0,45
mg,53392,SERRANOS,3167004,10,10,2075,2075,1565,1662,36,61,17:48:37,0,1,44,656,0,803,18,32,0,0,0,11
mg,42382,SERRANÓPOLIS DE MINAS,3166956,16,16,4136,4136,3080,3227,47,100,19:23:49,0,0,74,971,0,1967,27,34,0,1,0,6
mg,53414,SERRO,3167103,56,54,17103,16457,10144,10969,285,540,19:26:29,2,4,301,2862,1,6599,121,156,2,11,0,85
mg,53430,SETE LAGOAS,3167202,535,400,167416,126190,96606,103680,3072,4002,19:32:02,41,22,3882,53126,31,33252,2255,2447,14,93,16,1427
mg,42404,SETUBINHA,3165552,29,0,9306,0,0,0,0,0,15:30:52,0,0,0,0,0,0,0,0,0,0,0,0
mg,53457,SILVEIRÂNIA,3167301,10,10,2977,2977,2393,2485,26,66,19:07:52,1,1,116,854,0,1333,62,21,0,0,0,5
mg,53473,SILVIANÓPOLIS,3167400,21,0,4859,0,0,0,0,0,15:30:52,0,0,0,0,0,0,0,0,0,0,0,0
mg,53511,SIMONÉSIA,3167608,57,49,16466,13507,9893,10539,283,363,19:21:12,2,2,290,4825,1,4410,160,173,0,1,3,26
mg,53490,SIMÃO PEREIRA,3167509,10,9,3145,2775,2202,2290,27,61,19:14:48,1,0,57,968,0,1078,32,39,0,1,0,26
mg,53538,SOBRÁLIA,3167707,18,16,4076,3644,2705,2873,45,123,19:21:14,2,1,71,1252,0,1313,31,29,0,1,0,5
mg,53554,SOLEDADE DE MINAS,3167806,17,17,5000,5000,3715,3921,95,111,18:23:33,0,1,103,1896,3,1533,83,72,0,1,0,23
mg,52159,SÃO BENTO ABADE,3160801,12,12,4193,4193,3002,3202,95,105,19:22:54,1,1,132,1390,1,1276,99,86,1,1,0,14
mg,52175,SÃO BRÁS DO SUAÇUÍ,3160900,12,12,3755,3755,2687,2875,62,126,19:21:14,1,0,124,1060,1,1383,36,74,1,0,0,7
mg,41548,SÃO DOMINGOS DAS DORES,3160959,20,8,5911,2529,1876,1964,29,59,19:09:30,0,0,41,1034,1,734,31,18,0,1,0,16
mg,52191,SÃO DOMINGOS DO PRATA,3161007,44,41,14284,13129,9291,9794,178,325,19:21:15,1,1,371,3637,2,4922,120,171,1,11,0,54
mg,52213,SÃO FRANCISCO,3161106,152,124,41950,32861,22618,23295,240,437,19:31:31,3,3,613,7708,1,13623,235,291,1,7,1,132
mg,52230,SÃO FRANCISCO DE PAULA,3161205,23,23,5996,5996,4588,4841,102,151,19:07:52,0,0,138,1756,0,2468,95,110,0,0,0,21
mg,52256,SÃO FRANCISCO DE SALES,3161304,23,23,4637,4637,3575,3717,49,93,18:57:43,0,0,130,1481,0,1865,41,48,0,2,0,8
mg,52272,SÃO FRANCISCO DO GLÓRIA,3161403,13,13,4163,4163,3229,3387,40,118,18:59:19,1,0,68,1257,0,1808,46,30,0,3,2,14
mg,41564,SÃO FÉLIX DE MINAS,3161056,13,9,3799,2622,1805,1872,19,48,19:21:15,0,0,27,981,0,756,17,17,0,1,0,6
mg,52299,SÃO GERALDO,3161502,20,0,7348,0,0,0,0,0,15:30:53,0,0,0,0,0,0,0,0,0,0,0,0
mg,52310,SÃO GERALDO DA PIEDADE,3161601,13,0,3667,0,0,0,0,0,15:30:51,0,0,0,0,0,0,0,0,0,0,0,0
mg,41580,SÃO GERALDO DO BAIXIO,3161650,12,3,3221,573,447,471,2,22,19:04:03,0,0,9,196,0,232,2,8,0,0,0,0
mg,52337,SÃO GONÇALO DO ABAETÉ,3161700,21,20,5648,5542,4016,4193,82,95,19:21:14,0,1,116,2086,1,1681,47,65,0,3,1,15
mg,52353,SÃO GONÇALO DO PARÁ,3161809,32,32,8689,8689,6841,7304,195,268,19:21:46,2,1,328,3850,2,2351,129,117,1,9,0,51
mg,52370,SÃO GONÇALO DO RIO ABAIXO,3161908,38,0,11721,0,0,0,0,0,15:30:51,0,0,0,0,0,0,0,0,0,0,0,0
mg,45098,SÃO GONÇALO DO RIO PRETO,3125507,12,0,3128,0,0,0,0,0,15:30:49,0,0,0,0,0,0,0,0,0,0,0,0
mg,52396,SÃO GONÇALO DO SAPUCAÍ,3162005,58,48,19134,16047,11049,11721,306,366,19:21:13,4,1,338,5701,2,4417,200,249,0,2,3,132
mg,52418,SÃO GOTARDO,3162104,98,98,28579,28579,21321,22371,462,588,19:07:11,3,2,464,14127,6,5818,358,381,1,11,3,147
mg,41629,SÃO JOAQUIM DE BICAS,3162922,70,67,25074,24035,17181,18295,445,669,19:29:51,5,3,725,7785,7,7803,435,272,4,11,4,127
mg,41645,SÃO JOSÉ DA BARRA,3162948,26,26,6753,6753,5028,5247,89,130,19:31:04,0,0,232,2668,0,1951,44,104,0,1,2,26
mg,40789,SÃO JOSÉ DA LAPA,3162955,68,66,19738,19074,14976,15805,357,472,19:25:58,2,5,580,7806,7,5744,370,337,0,11,5,109
mg,52590,SÃO JOSÉ DA SAFIRA,3163003,15,15,4189,4189,2859,2987,30,98,19:16:24,1,0,66,1098,1,1639,20,28,0,1,2,3
mg,52612,SÃO JOSÉ DA VARGINHA,3163102,14,0,3988,0,0,0,0,0,15:30:55,0,0,0,0,0,0,0,0,0,0,0,0
mg,52639,SÃO JOSÉ DO ALEGRE,3163201,11,0,3727,0,0,0,0,0,15:30:51,0,0,0,0,0,0,0,0,0,0,0,0
mg,52655,SÃO JOSÉ DO DIVINO,3163300,12,12,3170,3170,2363,2479,26,90,19:14:14,2,0,28,1279,0,1002,20,22,0,2,0,8
mg,52671,SÃO JOSÉ DO GOIABAL,3163409,16,16,4897,4897,3456,3634,56,122,19:04:03,1,1,99,1148,2,2082,54,49,1,0,1,18
mg,52698,SÃO JOSÉ DO JACURI,3163508,21,0,5252,0,0,0,0,0,15:30:52,0,0,0,0,0,0,0,0,0,0,0,0
mg,52710,SÃO JOSÉ DO MANTIMENTO,3163607,10,10,3068,3068,2272,2389,58,59,19:07:13,0,0,36,963,1,1221,17,28,0,0,0,6
mg,52434,SÃO JOÃO BATISTA DO GLÓRIA,3162203,21,21,6432,6432,4871,5114,106,137,19:25:58,1,0,130,2890,3,1620,67,114,0,2,2,42
mg,40703,SÃO JOÃO DA LAGOA,3162252,18,0,5131,0,0,0,0,0,15:30:51,0,0,0,0,0,0,0,0,0,0,0,0
mg,52450,SÃO JOÃO DA MATA,3162302,11,11,3192,3192,2367,2499,51,81,18:50:08,0,1,67,1477,0,731,43,32,0,3,0,13
mg,52477,SÃO JOÃO DA PONTE,3162401,83,60,22992,16560,11017,11460,120,323,19:26:29,1,0,294,2473,1,8070,86,64,2,1,0,25
mg,41602,SÃO JOÃO DAS MISSÕES,3162450,36,11,9981,2839,2035,2136,26,75,19:22:26,0,4,30,726,0,1243,12,11,0,1,0,8
mg,52493,SÃO JOÃO DEL REI,3162500,218,165,70117,53885,40191,42579,1091,1297,19:29:52,16,15,1438,19757,38,16761,905,836,4,52,11,358
mg,40720,SÃO JOÃO DO MANHUAÇU,3162559,27,0,9811,0,0,0,0,0,15:30:51,0,0,0,0,0,0,0,0,0,0,0,0
mg,40746,SÃO JOÃO DO MANTENINHA,3162575,19,19,5242,5242,4097,4216,49,70,19:25:04,0,2,103,2019,0,1875,49,41,0,4,0,4
mg,52515,SÃO JOÃO DO ORIENTE,3162609,22,0,6955,0,0,0,0,0,15:30:55,0,0,0,0,0,0,0,0,0,0,0,0
mg,40762,SÃO JOÃO DO PACUÍ,3162658,16,0,4046,0,0,0,0,0,15:30:49,0,0,0,0,0,0,0,0,0,0,0,0
mg,52531,SÃO JOÃO DO PARAÍSO,3162708,82,78,18054,16771,11753,12756,261,742,19:29:54,4,3,362,5511,3,5465,212,132,0,3,1,57
mg,52558,SÃO JOÃO EVANGELISTA,3162807,38,38,12840,12840,8687,9136,151,298,19:31:03,2,1,276,2739,1,5385,112,128,0,6,1,36
mg,52574,SÃO JOÃO NEPOMUCENO,3162906,66,66,20106,20106,14884,15601,287,430,18:43:23,3,4,661,6904,6,6580,315,303,4,10,2,92
mg,52736,SÃO LOURENÇO,3163706,116,116,34836,34836,25221,26571,558,792,18:27:22,12,4,803,15030,5,8155,525,490,1,20,6,170
mg,52752,SÃO MIGUEL DO ANTA,3163805,23,23,6021,6021,4704,5019,140,175,19:25:30,1,1,134,1524,0,2867,76,80,0,1,0,20
mg,52779,SÃO PEDRO DA UNIÃO,3163904,14,14,4328,4328,3163,3346,73,110,18:57:44,0,0,88,1815,0,1127,37,72,0,1,1,22
mg,52817,SÃO PEDRO DO SUAÇUÍ,3164100,15,0,4666,0,0,0,0,0,15:30:56,0,0,0,0,0,0,0,0,0,0,0,0
mg,52795,SÃO PEDRO DOS FERROS,3164001,24,24,6402,6402,4377,4632,80,175,19:12:09,0,0,117,1213,0,2860,92,75,0,4,0,16
mg,52833,SÃO ROMÃO,3164209,26,25,7275,6942,4389,4609,61,159,19:14:13,0,0,105,1602,0,2612,36,22,0,2,0,10
mg,52850,SÃO ROQUE DE MINAS,3164308,18,17,5891,5501,4063,4200,52,85,19:21:13,0,2,97,2867,1,929,34,95,0,1,0,37
mg,52876,SÃO SEBASTIÃO DA BELA VISTA,3164407,18,0,6472,0,0,0,0,0,15:30:53,0,0,0,0,0,0,0,0,0,0,0,0
mg,42340,SÃO SEBASTIÃO DA VARGEM ALEGRE,3164431,9,0,3045,0,0,0,0,0,15:30:51,0,0,0,0,0,0,0,0,0,0,0,0
mg,42366,SÃO SEBASTIÃO DO ANTA,3164472,17,0,5604,0,0,0,0,0,15:30:53,0,0,0,0,0,0,0,0,0,0,0,0
mg,52892,SÃO SEBASTIÃO DO MARANHÃO,3164506,34,34,8934,8934,5399,5734,85,250,19:25:04,3,1,133,2048,1,3061,58,74,0,0,0,20
mg,52914,SÃO SEBASTIÃO DO OESTE,3164605,29,25,7573,6535,5106,5363,108,149,19:07:54,2,0,128,2655,1,2143,63,71,0,5,0,38
mg,52930,SÃO SEBASTIÃO DO PARAÍSO,3164704,147,147,51162,51162,35867,37885,844,1174,18:59:19,9,8,1657,19067,8,12696,817,1037,6,36,6,520
mg,52957,SÃO SEBASTIÃO DO RIO PRETO,3164803,9,5,2043,1140,762,798,15,21,19:13:11,0,2,24,337,0,362,5,24,1,2,0,5
mg,52973,SÃO SEBASTIÃO DO RIO VERDE,3164902,7,7,2163,2163,1686,1777,35,56,18:26:26,0,0,50,969,1,572,32,50,1,0,0,11
mg,53031,SÃO THOMÉ DAS LETRAS,3165206,19,0,5182,0,0,0,0,0,15:30:50,0,0,0,0,0,0,0,0,0,0,0,0
mg,52990,SÃO TIAGO,3165008,32,10,9396,2106,1560,1646,21,65,18:59:19,1,0,45,574,1,851,42,33,0,1,0,12
mg,53015,SÃO TOMÁS DE AQUINO,3165107,17,17,5951,5951,4281,4495,89,125,18:35:14,0,2,170,2178,1,1654,61,144,0,5,0,66
mg,53058,SÃO VICENTE DE MINAS,3165305,22,22,5681,5681,4002,4258,86,170,18:18:02,0,0,101,1806,1,1940,50,81,0,4,0,19
mg,53570,TABULEIRO,3167905,13,13,4006,4006,2983,3165,52,130,19:22:27,0,4,99,1211,0,1579,37,38,0,0,1,14
mg,53597,TAIOBEIRAS,3168002,84,65,27594,20675,15039,15821,203,579,19:29:53,0,4,407,8942,2,5246,208,122,2,6,2,98
mg,42420,TAPARUBA,3168051,13,0,4088,0,0,0,0,0,15:30:56,0,0,0,0,0,0,0,0,0,0,0,0
mg,53619,TAPIRA,3168101,15,1,4968,237,202,203,1,0,19:16:24,0,0,1,168,0,19,0,2,0,0,0,12
mg,53635,TAPIRAÍ,3168200,8,8,1974,1974,1515,1559,13,31,19:15:23,1,0,60,718,0,676,21,30,0,1,0,8
mg,53651,TAQUARAÇU DE MINAS,3168309,19,10,5759,2266,1643,1730,30,57,19:11:37,0,0,52,852,0,654,22,46,0,3,0,14
mg,53678,TARUMIRIM,3168408,44,41,10127,9419,7005,7325,91,229,19:31:03,0,2,108,3508,0,3187,98,71,1,0,0,30
mg,53694,TEIXEIRAS,3168507,45,45,10098,10098,7596,8123,185,342,18:43:19,1,1,247,2702,0,4307,134,153,1,9,3,38
mg,53716,TEÓFILO OTONI,3168606,335,263,106567,81730,56288,59125,1088,1749,19:22:54,10,8,1210,26915,14,26107,1068,523,5,18,9,401
mg,53732,TIMÓTEO,3168705,175,155,59600,52543,38504,40243,764,975,19:31:31,12,5,1173,21822,19,13955,841,374,3,34,8,258
mg,53759,TIRADENTES,3168804,22,3,6892,895,737,775,15,23,19:23:19,1,0,21,401,0,288,3,17,0,3,1,2
mg,53775,TIROS,3168903,25,0,6214,0,0,0,0,0,15:30:50,0,0,0,0,0,0,0,0,0,0,0,0
mg,53791,TOCANTINS,3169000,47,23,12649,5627,4412,4681,113,156,19:17:27,0,0,145,2202,2,1895,75,70,0,2,0,21
mg,42587,TOCOS DO MOJI,3169059,13,13,4159,4159,3292,3482,91,99,19:29:53,1,1,157,1513,0,1430,66,83,0,2,1,38
mg,53813,TOLEDO,3169109,21,21,7507,7507,5476,5720,94,150,19:29:53,0,0,121,3420,0,1673,113,106,0,3,0,40
mg,53830,TOMBOS,3169208,26,26,6714,6714,5233,5435,77,125,18:12:24,1,0,88,2487,2,2516,54,73,0,0,1,11
mg,53856,TRÊS CORAÇÕES,3169307,173,96,56588,28920,20145,21387,602,640,19:17:25,10,2,729,11566,5,6711,424,495,3,19,1,180
mg,41157,TRÊS MARIAS,3169356,82,82,24921,24921,17115,18101,422,564,19:16:47,5,3,567,8632,4,7107,301,381,0,11,0,104
mg,53872,TRÊS PONTAS,3169406,153,153,45341,45341,33388,35448,1126,934,18:54:51,13,5,1385,15431,10,14545,787,921,5,38,7,241
mg,53899,TUMIRITINGA,3169505,17,4,5517,1275,869,912,10,33,19:07:51,0,0,10,501,0,339,8,9,0,0,0,2
mg,53910,TUPACIGUARA,3169604,65,65,20966,20966,15260,15919,256,403,19:01:22,2,0,266,7260,0,7105,205,377,2,6,1,36
mg,53937,TURMALINA,3169703,56,53,16553,15472,11514,12056,221,321,19:21:14,2,0,329,3959,0,6836,226,107,0,5,1,49
mg,53953,TURVOLÂNDIA,3169802,17,0,4957,0,0,0,0,0,15:30:54,0,0,0,0,0,0,0,0,0,0,0,0
mg,40860,UBAPORANGA,3170057,41,32,10135,7871,6125,6388,72,191,19:08:21,2,0,127,3465,1,2359,86,56,0,0,1,28
mg,53996,UBAÍ,3170008,43,36,9797,8336,5778,6010,52,180,19:29:53,0,0,94,1432,0,4131,53,55,0,2,0,11
mg,54011,UBERABA,3170107,795,788,236838,234582,176560,184266,3217,4489,19:22:54,36,26,5798,90279,83,68220,4677,5167,21,168,28,2057
mg,54038,UBERLÂNDIA,3170206,1703,1468,540033,471754,358175,375149,6764,10210,19:32:29,132,70,10243,180739,127,143147,9214,10578,44,358,55,3468
mg,53970,UBÁ,3169901,239,143,71547,40049,29507,30982,617,858,19:25:30,9,3,866,14294,8,12984,659,443,3,18,7,213
mg,54054,UMBURATIBA,3170305,13,13,2736,2736,1863,1965,45,57,19:11:38,0,1,57,657,0,1120,9,13,0,0,0,6
mg,54070,UNAÍ,3170404,191,125,64172,40127,29761,30686,380,545,19:32:30,6,2,746,18786,5,8673,509,881,1,12,4,136
mg,42447,UNIÃO DE MINAS,3170438,12,12,3158,3158,2375,2431,16,40,18:23:33,0,0,47,1088,1,1185,20,28,0,1,0,5
mg,42463,URUANA DE MINAS,3170479,11,10,3686,3365,2380,2476,29,67,19:12:36,0,0,66,1225,0,999,12,69,0,0,0,9
mg,40886,URUCUIA,3170529,27,22,7988,6678,4637,4819,38,144,19:29:53,1,0,161,2007,0,2302,38,82,1,0,0,45
mg,54097,URUCÂNIA,3170503,27,22,8712,6888,4832,5246,131,283,19:32:30,3,6,112,1738,1,2821,69,53,1,6,0,22
mg,40908,VARGEM ALEGRE,3170578,21,21,5430,5430,3990,4195,60,145,19:21:11,0,2,64,1881,0,1956,40,29,0,1,0,17
mg,54119,VARGEM BONITA,3170602,8,0,2601,0,0,0,0,0,15:30:50,0,0,0,0,0,0,0,0,0,0,0,0
mg,42480,VARGEM GRANDE DO RIO PARDO,3170651,18,17,4199,3885,2894,3015,12,109,19:32:01,0,1,101,1369,0,1298,74,41,0,1,0,9
mg,54135,VARGINHA,3170701,305,305,104607,104607,76210,80512,2069,2233,19:07:13,24,22,3041,42950,28,25551,1871,1763,13,93,14,840
mg,42501,VARJÃO DE MINAS,3170750,20,20,6717,6717,4993,5202,84,125,18:59:48,0,0,209,2610,0,1998,83,76,0,1,3,13
mg,54178,VARZELÂNDIA,3170909,54,0,17159,0,0,0,0,0,15:30:55,0,0,0,0,0,0,0,0,0,0,0,0
mg,54194,VAZANTE,3171006,53,53,16950,16950,12262,12750,218,270,19:21:12,3,1,334,6165,1,4982,267,462,1,7,0,39
mg,42528,VERDELÂNDIA,3171030,27,24,6974,6091,4313,4515,64,138,19:21:11,0,1,107,1284,0,2865,27,21,0,0,0,8
mg,42544,VEREDINHA,3171071,18,3,5268,318,225,236,3,8,18:34:13,0,0,10,51,0,158,2,3,0,0,0,1
mg,42560,VERMELHO NOVO,3171154,17,17,5097,5097,3657,3894,96,141,19:07:53,0,0,127,1569,0,1851,48,37,0,2,0,23
mg,54232,VERÍSSIMO,3171105,11,11,3223,3223,2307,2393,34,52,19:21:11,0,0,46,1041,0,1104,30,63,0,0,0,23
mg,54259,VESPASIANO,3171204,301,280,87691,81687,61923,66109,1919,2267,19:32:02,15,14,2604,30293,23,25648,1550,1219,8,85,9,455
mg,54291,VIEIRAS,3171402,12,0,4007,0,0,0,0,0,15:30:51,0,0,0,0,0,0,0,0,0,0,0,0
mg,54330,VIRGEM DA LAPA,3171600,31,0,10159,0,0,0,0,0,15:30:52,0,0,0,0,0,0,0,0,0,0,0,0
mg,54372,VIRGINÓPOLIS,3171808,28,28,8530,8530,5534,5953,129,290,19:21:45,5,2,356,1988,4,2913,79,143,1,7,1,35
mg,54399,VIRGOLÂNDIA,3171907,17,17,4613,4613,3094,3277,48,135,18:44:52,2,0,97,911,0,2006,35,26,0,4,1,12
mg,54356,VIRGÍNIA,3171709,23,18,7521,6126,4651,4854,95,108,19:17:27,0,0,167,2154,0,2128,74,100,0,2,0,26
mg,54410,VISCONDE DO RIO BRANCO,3172004,102,83,30721,23664,17655,18719,476,588,19:13:41,4,1,514,7606,4,8842,331,240,2,16,4,91
mg,54275,VIÇOSA,3171303,193,107,61609,33111,24374,25560,552,634,19:23:19,10,3,865,8123,15,13908,598,576,13,37,4,222
mg,54437,VOLTA GRANDE,3172103,20,20,4431,4431,2995,3143,58,90,19:07:13,0,1,76,1122,0,1691,54,32,0,1,0,18
mg,54151,VÁRZEA DA PALMA,3170800,85,54,27190,16923,11888,12558,241,429,19:32:01,3,1,435,6195,3,4845,159,170,0,4,1,72
mg,54216,WENCESLAU BRAZ,3172202,11,8,2695,1945,1492,1577,27,58,19:25:59,0,1,54,800,0,572,33,22,0,0,0,10
mg,40118,ÁGUA BOA,3100609,38,28,11836,8219,5292,5581,62,227,19:09:56,0,1,141,2151,0,2871,51,55,0,2,0,20
mg,40134,ÁGUA COMPRIDA,3100708,10,10,2699,2699,2023,2102,23,56,19:21:11,0,0,29,1176,0,753,31,23,0,0,1,10
mg,40177,ÁGUAS FORMOSAS,3100906,49,0,14491,0,0,0,0,0,15:30:56,0,0,0,0,0,0,0,0,0,0,0,0
mg,40193,ÁGUAS VERMELHAS,3101003,31,15,10868,5100,3457,3626,45,124,19:22:27,0,0,85,999,0,2314,29,22,0,0,0,8
pr,74012,ABATIÁ,4100103,18,18,5976,5976,4306,4452,69,77,19:09:55,2,1,88,2635,2,1444,54,72,0,2,1,5
pr,74039,ADRIANÓPOLIS,4100202,23,22,5781,5540,4037,4179,64,78,18:50:08,1,0,79,1658,0,2134,64,93,1,1,0,6
pr,74055,AGUDOS DO SUL,4100301,26,26,8981,8981,6937,7262,176,149,19:30:29,0,1,132,4544,1,2002,97,146,0,3,2,9
pr,74071,ALMIRANTE TAMANDARÉ,4100400,211,211,77677,77677,56841,59864,1600,1423,19:05:07,35,11,2073,31191,21,19638,1858,1804,7,61,6,136
pr,84557,ALTAMIRA DO PARANÁ,4100459,11,11,3441,3441,2568,2655,35,52,17:44:16,0,0,93,1260,0,1129,22,58,0,5,0,1
pr,74098,ALTO PARANÁ,4100608,33,33,10406,10406,7643,7914,123,148,18:34:05,2,0,168,4457,2,2704,116,178,0,4,0,12
pr,74926,ALTO PARAÍSO,4128625,11,11,3269,3269,2280,2336,29,27,17:33:47,1,0,47,1321,0,830,29,48,0,3,0,1
pr,74110,ALTO PIQUIRI,4100707,25,25,7426,7426,5428,5623,91,104,19:15:04,0,0,110,2713,1,2395,102,98,0,0,0,9
pr,79510,ALTÔNIA,4100509,50,50,14510,14510,10958,11306,164,184,18:09:29,2,1,294,7311,3,2893,186,251,0,0,0,17
pr,74136,ALVORADA DO SUL,4100806,25,25,7430,7430,5652,5830,70,108,18:12:30,0,1,87,3473,2,1930,59,93,0,3,0,4
pr,74152,AMAPORÃ,4100905,13,13,4058,4058,3044,3144,34,66,19:07:19,2,0,77,1547,0,1309,39,69,0,0,0,1
pr,74179,AMPÉRE,4101002,48,48,14532,14532,11739,12167,176,252,19:09:55,0,1,318,5616,1,5365,236,179,1,7,0,15
pr,74101,ANAHY,4101051,9,9,2828,2828,2290,2356,24,42,18:41:17,0,1,50,1200,0,927,47,63,0,0,0,2
pr,74195,ANDIRÁ,4101101,55,55,16359,16359,11876,12461,203,382,18:10:01,2,3,315,6892,2,4223,224,187,2,4,0,22
pr,74217,ANTONINA,4101200,53,53,15653,15653,11262,11626,201,163,19:05:27,7,2,206,6940,2,3624,210,235,1,6,4,25
pr,74233,ANTÔNIO OLINTO,4101309,25,25,6911,6911,5226,5516,142,148,19:08:17,2,2,148,2894,0,1832,121,219,0,3,1,4
pr,74250,APUCARANA,4101408,295,295,94187,94187,70474,73788,1473,1841,19:25:48,18,12,2379,47060,23,16907,1924,1860,11,63,8,209
pr,74276,ARAPONGAS,4101507,247,247,84444,84444,64346,67094,1243,1505,18:44:54,22,9,1663,46270,14,12880,1739,1524,7,51,7,160
pr,74292,ARAPOTI,4101606,66,66,19003,19003,13753,14323,323,247,18:12:47,2,4,281,9426,2,3483,195,328,0,7,4,21
pr,75108,ARAPUÃ,4101655,13,13,3263,3263,2651,2734,28,55,19:15:26,0,0,54,1278,0,1215,38,59,0,4,0,3
pr,74314,ARARUNA,4101705,36,35,10853,10512,8230,8559,141,188,18:38:13,0,2,228,4984,3,2652,185,156,0,4,0,16
pr,74357,ARAUCÁRIA,4101804,341,341,112066,112066,84807,89402,2261,2334,20:04:07,56,22,3461,44601,33,30847,2919,2462,18,153,14,221
pr,75086,ARIRANHA DO IVAÍ,4101853,8,8,2527,2527,1958,2024,27,39,18:59:17,1,0,43,907,1,935,18,45,0,3,0,5
pr,74373,ASSAÍ,4101903,44,44,12321,12321,8981,9270,140,149,18:24:03,2,0,227,6168,1,2240,150,172,0,9,1,11
pr,79537,ASSIS CHATEAUBRIAND,4102000,87,87,27256,27256,21045,21731,307,379,19:30:47,5,3,443,13775,4,5958,413,398,4,11,3,28
pr,74390,ASTORGA,4102109,63,63,19627,19627,15201,15664,202,261,18:48:52,1,1,283,10863,3,3530,204,286,3,7,2,18
pr,74411,ATALAIA,4102208,12,12,3479,3479,2779,2853,38,36,17:40:38,0,0,58,1687,1,932,42,55,0,2,0,2
pr,74438,BALSA NOVA,4102307,40,40,12129,12129,9478,9934,223,233,18:30:22,2,2,238,5851,2,2840,212,299,4,10,3,15
pr,74454,BANDEIRANTES,4102406,82,82,24411,24411,18078,18610,248,284,19:05:27,7,0,357,12532,2,4584,232,314,3,10,2,35
pr,74470,BARBOSA FERRAZ,4102505,35,35,8859,8859,6377,6664,103,184,19:13:15,0,0,146,3460,1,2458,111,188,1,3,1,8
pr,74519,BARRA DO JACARÉ,4102703,9,9,2805,2805,2154,2239,37,48,18:32:31,0,0,56,1135,0,874,30,57,0,0,0,2
pr,74497,BARRACÃO,4102604,28,28,7600,7600,5951,6109,73,85,19:25:05,1,1,117,3262,0,2329,116,114,0,3,1,7
pr,75124,BELA VISTA DA CAROBA,4102752,9,9,2988,2988,2407,2483,33,43,18:54:49,1,0,46,1049,0,1210,31,63,0,3,1,3
pr,74535,BELA VISTA DO PARAÍSO,4102802,43,43,12282,12282,8904,9270,164,202,18:37:22,2,1,193,5574,3,2779,124,209,1,7,1,10
pr,74551,BITURUNA,4102901,45,44,12808,12475,9686,10114,207,221,18:50:07,2,3,210,4990,0,4149,144,166,0,3,0,19
pr,74578,BOA ESPERANÇA,4103008,13,13,3974,3974,3123,3222,47,52,18:59:34,0,1,52,2240,1,744,36,45,1,1,0,2
pr,74144,BOA ESPERANÇA DO IGUAÇU,4103024,8,8,2309,2309,1896,1942,20,26,18:26:04,1,0,82,854,0,895,30,32,0,1,0,1
pr,75140,BOA VENTURA DE SÃO ROQUE,4103040,22,22,5080,5080,4051,4184,60,73,19:29:01,1,1,139,1872,0,1876,44,113,0,0,0,5
pr,79812,BOA VISTA DA APARECIDA,4103057,20,20,7107,7107,5429,5615,76,110,19:22:42,0,1,126,2910,0,2189,82,115,0,1,0,5
pr,74594,BOCAIÚVA DO SUL,4103107,33,33,10205,10205,7279,7649,199,171,19:09:55,4,2,206,4328,0,2318,175,223,0,5,3,15
pr,75167,BOM JESUS DO SUL,4103156,14,14,3699,3699,2990,3069,26,53,18:34:04,0,0,61,1403,0,1423,55,45,0,3,0,0
pr,74616,BOM SUCESSO,4103206,18,18,5316,5316,4049,4219,76,94,17:49:53,2,2,122,1916,0,1840,63,99,0,1,0,4
pr,74160,BOM SUCESSO DO SUL,4103222,11,11,3020,3020,2514,2562,27,21,18:21:51,0,0,51,1769,0,619,38,34,0,0,0,3
pr,74632,BORRAZÓPOLIS,4103305,27,27,6279,6279,5004,5169,73,92,18:37:22,0,0,113,3013,0,1720,49,97,2,1,0,9
pr,79839,BRAGANEY,4103354,16,16,4330,4330,3376,3495,56,63,18:38:13,0,2,72,1953,0,1225,63,60,0,0,0,1
pr,74187,BRASILÂNDIA DO SUL,4103370,11,11,3350,3350,2580,2658,31,47,18:26:28,0,1,55,1258,1,1174,35,50,0,2,0,4
pr,74659,CAFEARA,4103404,7,7,2223,2223,1763,1837,21,53,18:42:15,0,0,37,821,0,861,18,24,0,1,0,1
pr,79855,CAFELÂNDIA,4103453,41,41,13247,13247,10639,10940,137,164,19:09:23,5,1,246,7110,4,2768,286,188,1,6,1,23
pr,74209,CAFEZAL DO SUL,4103479,15,15,4161,4161,3195,3278,38,45,18:26:57,2,0,67,1970,0,1020,70,60,0,1,0,5
pr,74675,CALIFÓRNIA,4103503,25,25,6940,6940,5369,5618,120,129,17:57:31,4,0,171,3498,0,1487,76,121,0,2,0,10
pr,74691,CAMBARÁ,4103602,60,60,17864,17864,12553,13252,277,422,19:16:43,2,4,303,7552,4,4130,221,302,0,7,1,27
pr,74730,CAMBIRA,4103800,19,19,6442,6442,4984,5192,91,117,18:36:00,2,0,98,3314,0,1376,75,108,1,2,0,8
pr,74713,CAMBÉ,4103701,224,224,76178,76178,56980,59684,1186,1518,19:07:20,27,13,1972,36772,15,14688,1468,1780,6,85,12,142
pr,74756,CAMPINA DA LAGOA,4103909,42,42,12371,12371,9247,9562,146,169,18:55:56,2,1,230,5520,3,3125,135,209,3,6,0,13
pr,75183,CAMPINA DO SIMÃO,4103958,14,14,3735,3735,2791,2942,80,71,18:45:18,0,0,118,1228,0,1308,55,78,0,1,0,3
pr,74772,CAMPINA GRANDE DO SUL,4104006,103,103,35488,35488,26649,27795,590,556,19:09:55,13,1,826,15901,17,8274,768,753,5,20,3,68
pr,74780,CAMPO BONITO,4104055,12,12,3695,3695,2812,2888,32,44,18:16:15,0,0,59,1515,0,1135,46,52,0,2,0,3
pr,74799,CAMPO DO TENENTE,4104105,20,20,6393,6393,5070,5237,92,75,18:15:25,0,0,141,3167,0,1515,116,124,1,0,0,6
pr,74810,CAMPO LARGO,4104204,296,296,94798,94798,73035,76479,1795,1649,18:32:29,32,12,2639,44882,28,20761,2143,2257,11,76,20,174
pr,75205,CAMPO MAGRO,4104253,66,66,21484,21484,16370,17157,400,387,19:16:19,3,4,630,9079,5,5501,525,561,1,23,3,35
pr,74837,CAMPO MOURÃO,4104303,216,216,70262,70262,54281,56172,903,988,19:11:27,27,7,1848,32846,16,16646,1290,1446,4,41,4,106
pr,74225,CANDÓI,4104428,43,43,12050,12050,9410,9741,162,169,18:55:26,0,2,275,4740,0,4025,167,192,0,2,0,7
pr,84514,CANTAGALO,4104451,35,35,9118,9118,6600,6886,102,184,18:10:01,2,1,162,3142,1,3054,115,119,0,1,0,3
pr,74870,CAPANEMA,4104501,54,54,15204,15204,11831,12180,164,185,19:15:04,2,3,338,6496,0,4468,278,222,2,6,1,15
pr,74896,CAPITÃO LEÔNIDAS MARQUES,4104600,34,34,11861,11861,9013,9287,122,152,19:14:07,4,0,170,5165,1,3336,195,132,0,1,0,9
pr,75221,CARAMBEÍ,4104659,51,51,17446,17446,13670,14314,329,315,18:32:30,2,2,430,9238,3,3192,312,452,0,10,0,29
pr,74918,CARLÓPOLIS,4104709,38,38,12148,12148,8838,9214,153,223,18:44:54,3,0,192,5552,1,2722,168,180,0,0,1,19
pr,74934,CASCAVEL,4104808,707,707,239954,239954,188488,194330,2801,3041,19:29:44,66,29,5583,121234,54,51045,5823,3880,26,188,23,537
pr,74950,CASTRO,4104907,188,188,55971,55971,42298,44474,1273,903,18:57:44,10,5,1297,27057,8,11474,1093,1247,4,32,4,67
pr,74977,CATANDUVAS,4105003,27,27,7097,7097,5310,5507,82,115,19:16:20,1,0,112,3183,0,1798,116,91,0,4,0,5
pr,74993,CENTENÁRIO DO SUL,4105102,32,32,8551,8551,6289,6534,82,163,18:00:45,1,2,113,2800,1,3172,83,109,0,0,1,7
pr,75019,CERRO AZUL,4105201,48,47,13491,13163,9700,10229,272,257,19:29:01,0,2,278,4528,0,4551,130,201,0,1,0,9
pr,75035,CHOPINZINHO,4105409,53,53,16864,16864,13029,13477,206,242,18:43:22,3,1,282,7713,0,4482,297,228,0,7,0,16
pr,75051,CIANORTE,4105508,189,189,58478,58478,44411,45860,717,732,18:51:31,8,5,1439,30549,12,10283,945,1061,8,23,5,73
pr,75078,CIDADE GAÚCHA,4105607,32,31,8899,8662,6429,6627,75,123,19:21:05,2,2,150,3571,1,2491,68,132,2,1,0,9
pr,75094,CLEVELÂNDIA,4105706,50,50,13247,13247,9792,10109,132,185,17:54:35,3,4,151,5539,1,3826,117,136,1,3,0,11
pr,75132,COLOMBO,4105805,486,486,161954,161954,123040,129119,3283,2796,19:22:18,63,22,4538,69990,53,39734,4205,3926,19,181,21,288
pr,75159,COLORADO,4105904,59,59,17627,17627,13343,13943,248,352,18:45:18,5,2,416,7552,2,4883,182,277,1,3,2,18
pr,75175,CONGONHINHAS,4106001,21,21,6609,6609,4760,4934,63,111,18:28:31,3,1,94,2129,0,2378,49,101,0,1,1,3
pr,75191,CONSELHEIRO MAIRINCK,4106100,10,0,3221,0,0,0,0,0,20:14:09,0,0,0,0,0,0,0,0,0,0,0,0
pr,75213,CONTENDA,4106209,42,42,13638,13638,10651,11203,331,221,18:57:44,4,1,291,6403,0,3327,233,367,0,7,0,18
pr,75230,CORBÉLIA,4106308,45,45,13858,13858,11081,11380,160,139,19:13:35,5,0,200,7590,4,2774,260,215,1,5,2,25
pr,75256,CORNÉLIO PROCÓPIO,4106407,121,121,35102,35102,25953,26949,448,548,19:01:44,12,5,883,16058,6,7747,541,604,6,18,0,73
pr,75248,CORONEL DOMINGOS SOARES,4106456,18,18,5280,5280,3934,4052,55,63,19:30:47,0,0,83,1864,0,1877,24,85,0,1,0,0
pr,75272,CORONEL VIVIDA,4106506,59,59,17708,17708,13946,14440,245,249,19:01:45,3,1,330,7845,3,5245,258,237,2,7,1,14
pr,75280,CORUMBATAÍ DO SUL,4106555,12,11,3757,3427,2505,2614,48,61,19:25:22,0,0,77,1174,0,1141,30,78,0,4,1,0
pr,75337,CRUZ MACHADO,4106803,50,50,13735,13735,10654,11224,277,293,19:25:23,4,5,335,6358,0,3203,198,524,1,5,0,21
pr,74241,CRUZEIRO DO IGUAÇU,4106571,13,13,3622,3622,2840,2910,30,40,18:50:07,0,0,99,1464,0,1185,52,37,0,2,0,1
pr,75299,CRUZEIRO DO OESTE,4106605,56,54,16510,16016,11790,12203,184,229,19:21:04,1,0,269,7180,1,3870,236,205,1,6,1,20
pr,75310,CRUZEIRO DO SUL,4106704,12,12,3922,3922,2913,3022,41,68,18:34:04,0,0,74,1298,0,1449,41,50,0,0,0,1
pr,75264,CRUZMALTINA,4106852,11,11,2730,2730,2101,2172,26,45,18:15:25,1,0,62,1227,0,728,34,46,0,2,0,1
pr,75353,CURITIBA,4106902,4056,4056,1415148,1415148,1093434,1136092,19244,23414,19:05:07,619,290,43236,628721,626,332099,43451,36171,304,1973,268,5676
pr,75370,CURIÚVA,4107009,35,35,10807,10807,7559,7971,196,216,17:51:39,1,2,182,4476,0,2615,128,140,1,6,2,6
pr,74853,CÂNDIDO DE ABREU,4104402,51,51,11738,11738,8704,9075,170,201,18:56:27,2,1,183,4879,2,3243,167,208,4,6,0,9
pr,79570,CÉU AZUL,4105300,27,27,8788,8788,6985,7186,87,114,19:14:08,1,1,129,5247,1,1389,110,92,2,3,0,10
pr,75400,DIAMANTE D'OESTE,4107157,17,17,3758,3758,2955,3038,36,47,19:21:04,0,0,65,1266,1,1555,35,30,0,2,0,1
pr,75396,DIAMANTE DO NORTE,4107108,13,0,4379,0,0,0,0,0,20:14:07,0,0,0,0,0,0,0,0,0,0,0,0
pr,74268,DIAMANTE DO SUL,4107124,12,12,3479,3479,2572,2637,33,32,17:42:02,0,0,27,1401,0,1082,28,33,0,0,0,1
pr,75418,DOIS VIZINHOS,4107207,104,104,33146,33146,26747,27530,399,384,18:26:58,3,2,766,15013,7,10056,569,286,1,11,4,29
pr,84654,DOURADINA,4107256,22,22,6988,6988,5465,5603,74,64,19:25:22,3,2,111,3589,0,1545,110,92,1,2,1,9
pr,75434,DOUTOR CAMARGO,4107306,17,17,5175,5175,4038,4166,53,75,18:57:44,1,1,83,2659,3,1152,55,78,0,1,0,5
pr,74942,DOUTOR ULYSSES,4128633,20,20,5209,5209,3889,4089,104,96,18:17:20,3,0,100,1851,0,1796,47,84,0,2,1,5
pr,75477,ENGENHEIRO BELTRÃO,4107504,33,33,10063,10063,7632,7894,111,151,18:39:52,0,0,162,4654,1,2494,119,194,0,1,1,6
pr,74284,ENTRE RIOS DO OESTE,4107538,15,15,3721,3721,3085,3139,24,30,19:21:05,0,0,44,2257,0,644,86,45,0,0,0,9
pr,75450,ENÉAS MARQUES,4107405,17,17,5490,5490,4418,4541,65,58,18:37:22,0,0,130,2121,2,1988,80,89,0,1,1,6
pr,75302,ESPERANÇA NOVA,4107520,7,7,2112,2112,1565,1598,19,14,18:20:36,1,1,36,1049,0,427,16,33,0,1,0,1
pr,75329,ESPIGÃO ALTO DO IGUAÇU,4107546,16,16,4416,4416,3333,3425,42,50,18:45:18,0,0,32,1937,0,1239,47,71,1,2,0,4
pr,74306,FAROL,4107553,10,10,2837,2837,2172,2246,37,37,18:54:49,0,0,45,1157,0,897,29,43,0,0,0,1
pr,75493,FAXINAL,4107603,45,45,12177,12177,9400,9681,128,153,18:22:20,3,3,200,6470,2,2331,144,229,0,4,0,14
pr,74322,FAZENDA RIO GRANDE,4107652,259,255,94019,92434,67552,71012,1824,1636,19:09:55,39,9,2558,38765,21,21536,2482,1877,10,111,18,126
pr,75345,FERNANDES PINHEIRO,4107736,20,17,5554,4778,3679,3850,83,88,18:43:23,0,1,86,2059,0,1352,82,95,0,0,0,4
pr,84573,FIGUEIRA,4107751,19,18,6360,5932,4271,4451,79,101,19:01:45,0,1,83,1949,0,2085,67,79,0,1,0,6
pr,74349,FLOR DA SERRA DO SUL,4107850,17,17,4381,4381,3408,3519,47,64,17:47:48,0,2,93,1771,0,1413,57,69,0,2,0,1
pr,75531,FLORAÍ,4107801,15,15,4346,4346,3533,3674,74,67,18:44:33,0,1,84,2132,0,1183,57,70,1,1,0,4
pr,75558,FLORESTA,4107900,24,24,8070,8070,6214,6397,69,114,19:04:40,1,0,153,4014,3,1779,94,150,1,8,0,11
pr,75574,FLORESTÓPOLIS,4108007,34,34,9394,9394,7398,7649,132,119,18:47:53,2,3,203,3439,1,3450,146,143,0,4,1,6
pr,75590,FLÓRIDA,4108106,9,9,2410,2410,1933,2002,35,34,18:15:08,0,0,48,1020,0,789,36,36,0,1,1,2
pr,75612,FORMOSA DO OESTE,4108205,21,21,6080,6080,4559,4763,78,126,18:39:18,0,4,103,2982,2,1294,77,84,0,6,0,7
pr,75639,FOZ DO IGUAÇU,4108304,626,626,209121,209121,160136,165077,2343,2598,18:46:40,79,37,3790,97614,65,50383,4690,2886,31,151,28,382
pr,75361,FOZ DO JORDÃO,4108452,16,16,4360,4360,3209,3317,41,67,18:11:17,0,0,103,1280,0,1746,41,36,0,1,1,1
pr,79774,FRANCISCO ALVES,4108320,21,21,6100,6100,4442,4580,69,69,17:58:54,1,0,63,2856,0,1370,81,59,0,4,0,8
pr,75655,FRANCISCO BELTRÃO,4108403,217,217,66806,66806,54033,55715,847,835,18:44:54,10,8,1869,29992,10,19798,1362,871,2,30,7,74
pr,75515,FÊNIX,4107702,12,11,3851,3439,2613,2725,37,75,18:44:33,2,0,66,1291,0,1132,50,68,0,0,0,4
pr,75671,GENERAL CARNEIRO,4108502,32,31,8667,8352,6255,6518,145,118,19:22:19,2,3,112,3187,0,2711,102,131,0,2,1,4
pr,74004,GODOY MOREIRA,4108551,11,11,2850,2850,2150,2218,27,41,18:44:56,1,0,65,877,2,1151,16,37,0,0,0,1
pr,75698,GOIOERÊ,4108601,72,72,21161,21161,16178,16694,266,250,19:02:56,3,1,314,10278,2,4969,271,309,0,7,1,23
pr,75388,GOIOXIM,4108650,20,20,5428,5428,4085,4222,61,76,19:16:19,1,0,131,1785,0,2056,56,51,0,2,0,3
pr,79596,GRANDES RIOS,4108700,18,18,4758,4758,3598,3729,57,74,18:57:43,1,0,95,2260,0,1094,54,90,0,0,0,4
pr,75736,GUAIRAÇÁ,4108908,17,17,5399,5399,4006,4147,61,80,18:59:35,2,2,71,2456,0,1322,57,90,0,4,0,2
pr,75426,GUAMIRANGA,4108957,22,22,6603,6603,5374,5591,127,90,18:34:05,1,1,114,3420,0,1596,92,145,0,0,0,5
pr,75752,GUAPIRAMA,4109005,12,12,4064,4064,2983,3125,60,82,19:21:05,0,1,71,1626,1,1140,54,83,0,2,1,4
pr,75779,GUAPOREMA,4109104,6,0,1979,0,0,0,0,0,20:14:07,0,0,0,0,0,0,0,0,0,0,0,0
pr,75795,GUARACI,4109203,15,15,4224,4224,3283,3363,36,44,18:27:22,0,1,73,2003,0,1089,48,66,0,0,0,3
pr,75817,GUARANIAÇU,4109302,44,44,11100,11100,8373,8592,91,128,19:00:48,3,0,157,5465,1,2436,111,182,0,5,0,13
pr,75833,GUARAPUAVA,4109401,438,438,133846,133846,103362,107679,2185,2132,19:21:04,41,9,3092,56860,29,38125,2594,2356,13,58,14,171
pr,75850,GUARAQUEÇABA,4109500,29,29,7430,7430,5218,5377,71,88,19:10:33,0,0,108,2717,1,2182,115,90,0,1,0,4
pr,75876,GUARATUBA,4109609,95,95,32489,32489,23373,24109,343,393,18:38:13,3,5,652,14855,5,6607,510,651,4,33,0,48
pr,75710,GUAÍRA,4108809,82,82,23809,23809,17829,18348,265,254,18:12:48,1,2,300,12008,6,4848,376,248,2,13,4,21
pr,74365,HONÓRIO SERPA,4109658,14,14,4366,4366,3423,3492,29,40,18:48:51,0,0,60,1585,2,1670,20,83,0,1,0,2
pr,75892,IBAITI,4109708,74,74,21627,21627,15729,16410,335,346,19:07:19,1,4,418,9639,5,5046,288,302,0,3,0,23
pr,74020,IBEMA,4109757,20,20,5098,5098,3847,3991,65,79,18:34:04,2,0,105,1962,1,1630,66,71,1,2,0,7
pr,75914,IBIPORÃ,4109807,119,119,39987,39987,28952,30302,648,702,19:07:20,2,6,988,18657,9,7746,623,807,2,33,1,78
pr,75930,ICARAÍMA,4109906,24,24,7070,7070,5314,5465,82,69,18:41:17,0,0,80,3480,0,1602,57,84,3,1,0,7
pr,75957,IGUARAÇU,4110003,12,12,4057,4057,3157,3246,37,52,19:02:55,1,0,81,1985,0,967,45,68,0,1,0,9
pr,74381,IGUATU,4110052,8,8,2131,2131,1716,1763,19,28,18:35:24,0,0,30,836,0,787,37,24,0,0,0,2
pr,75442,IMBAÚ,4110078,29,29,8865,8865,6698,7089,180,211,18:47:53,2,0,164,3387,0,2890,134,113,0,4,0,4
pr,75973,IMBITUVA,4110102,76,76,23461,23461,18528,19338,458,352,18:45:18,4,3,472,11802,2,5216,385,614,2,10,0,18
pr,76015,INAJÁ,4110300,8,8,2546,2546,1951,1995,14,30,18:15:25,0,2,21,869,2,994,33,29,0,1,0,0
pr,79618,INDIANÓPOLIS,4110409,14,14,3803,3803,2869,3007,60,78,17:53:58,0,2,75,1749,0,943,41,53,1,0,0,5
pr,75990,INÁCIO MARTINS,4110201,31,31,8367,8367,6556,6843,126,161,18:51:31,4,2,166,3172,0,2850,130,219,0,4,1,8
pr,76031,IPIRANGA,4110508,41,38,11267,10333,8302,8690,224,164,19:07:19,4,1,311,5647,0,1859,212,250,2,5,1,10
pr,76058,IPORÃ,4110607,47,47,12170,12170,8889,9270,183,198,18:19:30,0,1,210,5671,1,2683,182,123,0,3,1,14
pr,74403,IRACEMA DO OESTE,4110656,9,9,2427,2427,1885,1945,18,42,18:22:19,0,1,29,976,0,810,33,36,0,0,0,0
pr,76074,IRATI,4110706,161,161,45672,45672,35440,37334,1000,894,19:09:55,16,2,1234,21227,13,10632,919,1282,5,31,4,75
pr,76090,IRETAMA,4110805,26,26,7961,7961,5710,5963,107,146,18:47:52,2,0,149,2869,2,2459,81,137,0,2,3,6
pr,76112,ITAGUAJÉ,4110904,11,11,3512,3512,2752,2823,21,50,19:21:04,0,0,55,1395,0,1213,35,48,0,1,2,3
pr,75000,ITAIPULÂNDIA,4110953,30,30,9902,9902,8068,8239,78,93,18:34:04,0,3,173,4998,1,2632,129,125,0,1,0,6
pr,76139,ITAMBARACÁ,4111001,16,16,5267,5267,3820,3965,60,85,18:56:28,0,0,60,2391,0,1220,57,90,0,0,0,2
pr,76155,ITAMBÉ,4111100,18,18,5052,5052,4121,4241,54,66,19:04:22,1,0,111,2467,2,1342,75,120,1,1,0,1
pr,76171,ITAPEJARA D'OESTE,4111209,28,28,9159,9159,7251,7521,130,140,18:59:17,1,1,171,3931,1,2878,124,137,1,3,2,1
pr,74446,ITAPERUÇU,4111258,61,38,21624,12884,10399,10845,252,194,19:25:05,2,1,322,4150,1,5517,210,187,0,1,2,6
pr,76198,ITAÚNA DO SUL,4111308,10,10,2788,2788,2046,2109,23,40,17:44:59,0,1,62,829,0,1076,43,32,0,0,0,3
pr,76236,IVAIPORÃ,4111506,82,81,24012,23729,18529,19233,347,357,18:47:52,4,6,537,10574,3,6446,379,523,1,13,3,40
pr,76252,IVATUBA,4111605,12,12,3152,3152,2283,2356,30,43,18:43:22,0,0,94,1397,0,673,72,46,0,0,0,1
pr,74462,IVATÉ,4111555,20,20,5439,5439,4226,4359,55,78,18:33:02,0,0,95,2276,0,1679,82,88,0,0,1,5
pr,76210,IVAÍ,4111407,37,37,10656,10656,8614,8953,158,181,19:05:07,1,2,191,5550,1,2445,186,229,1,0,0,8
pr,76279,JABOTI,4111704,15,15,4523,4523,3505,3655,69,81,19:15:26,1,0,127,2108,0,1146,45,70,0,0,1,7
pr,76295,JACAREZINHO,4111803,102,102,29711,29711,21765,22752,494,493,19:21:04,6,5,558,11043,4,9267,422,405,2,19,4,30
pr,76317,JAGUAPITÃ,4111902,33,33,11056,11056,7873,8207,158,176,18:54:48,0,1,230,5042,4,2280,120,178,0,5,1,12
pr,76333,JAGUARIAÍVA,4112009,85,85,25982,25982,19374,20088,417,297,19:21:04,7,4,398,12904,2,5219,399,406,0,13,1,21
pr,76350,JANDAIA DO SUL,4112108,56,56,16534,16534,12751,13213,212,250,18:37:57,4,0,354,8694,3,2994,287,372,0,14,0,29
pr,76376,JANIÓPOLIS,4112207,16,16,4944,4944,3668,3817,68,81,18:51:31,0,0,59,1901,0,1571,59,73,0,0,1,4
pr,76392,JAPIRA,4112306,14,14,3943,3943,2932,3048,53,63,19:16:19,2,1,61,1576,0,1159,51,78,0,2,0,2
pr,76414,JAPURÁ,4112405,25,25,7452,7452,5861,6040,91,88,19:21:05,0,1,139,3976,4,1476,105,148,0,0,0,12
pr,76430,JARDIM ALEGRE,4112504,33,12,9012,2683,2115,2178,24,39,19:31:12,0,0,29,859,0,1168,16,36,0,1,3,3
pr,76457,JARDIM OLINDA,4112603,5,5,1350,1350,1113,1142,8,21,17:36:04,0,0,30,429,0,626,15,12,0,0,0,1
pr,76473,JATAIZINHO,4112702,31,31,9482,9482,7052,7361,142,167,18:24:02,1,1,177,4190,0,2336,152,175,1,7,1,11
pr,79979,JESUÍTAS,4112751,25,25,7384,7384,5810,6049,103,136,19:16:43,1,0,115,3597,1,1856,116,112,0,0,0,12
pr,76490,JOAQUIM TÁVORA,4112801,28,28,9226,9226,6808,7084,129,147,19:05:07,1,1,186,4212,1,2112,145,130,1,5,1,13
pr,76511,JUNDIAÍ DO SUL,4112900,9,9,2911,2911,2120,2192,33,39,19:04:22,0,1,28,965,2,1035,29,55,2,0,0,3
pr,84638,JURANDA,4112959,21,21,6202,6202,4962,5110,63,85,18:44:56,0,0,78,3295,0,1412,82,90,0,0,0,5
pr,76538,JUSSARA,4113007,17,17,5485,5485,4174,4348,75,99,18:25:05,0,0,131,2419,1,1434,61,119,0,0,1,8
pr,76554,KALORÉ,4113106,14,14,4004,4004,3256,3354,47,51,18:37:23,2,0,63,1967,0,1119,27,77,0,0,0,1
pr,76570,LAPA,4113205,119,119,36461,36461,27960,29526,844,722,19:15:04,19,3,772,16244,8,9069,689,1070,3,27,4,52
pr,74985,LARANJAL,4113254,18,18,4694,4694,3590,3690,39,61,18:56:27,2,0,46,1457,1,1988,22,68,0,6,0,0
pr,76597,LARANJEIRAS DO SUL,4113304,84,82,24304,23753,17450,18096,288,358,19:31:12,1,3,438,8745,1,7559,370,307,1,7,0,18
pr,76619,LEÓPOLIS,4113403,13,13,3502,3502,2779,2866,31,56,19:14:08,1,0,57,1465,0,1147,15,79,0,2,1,12
pr,74489,LIDIANÓPOLIS,4113429,13,13,3461,3461,2784,2860,26,50,19:23:44,0,2,48,1757,1,874,32,66,0,0,0,4
pr,74047,LINDOESTE,4113452,16,16,5116,5116,3929,4026,49,48,19:21:03,3,0,68,1785,0,1898,78,89,0,1,0,7
pr,76635,LOANDA,4113502,56,56,15869,15869,12262,12634,184,188,17:55:33,3,2,218,7922,3,3646,224,218,0,8,1,17
pr,76651,LOBATO,4113601,13,13,3851,3851,2960,3104,43,101,18:12:49,1,0,72,1572,1,1193,68,47,0,0,3,3
pr,76678,LONDRINA,4113700,1200,1200,394978,394978,299327,312425,5621,7477,19:21:05,143,66,11533,195008,157,72432,8534,9466,54,532,50,1352
pr,75809,LUIZIANA,4113734,19,19,5953,5953,4500,4672,84,88,18:35:24,0,3,78,2333,1,1896,65,110,0,4,0,10
pr,84590,LUNARDELLI,4113759,14,14,4235,4235,3179,3322,72,71,18:51:31,0,0,64,1746,0,1227,45,89,0,2,1,5
pr,76694,LUPIONÓPOLIS,4113809,14,14,4003,4003,3104,3225,46,75,18:26:03,0,1,63,1465,0,1479,44,45,0,2,0,5
pr,76716,MALLET,4113908,37,37,10552,10552,8236,8656,196,224,18:28:31,2,0,256,5337,0,2100,151,377,1,8,0,4
pr,76732,MAMBORÊ,4114005,38,38,10615,10615,8240,8484,113,131,18:25:05,0,0,145,5730,1,2104,92,151,0,2,1,14
pr,76775,MANDAGUARI,4114203,86,86,27663,27663,20576,21467,386,505,19:08:17,7,4,583,13488,6,5397,482,552,2,9,5,41
pr,76759,MANDAGUAÇU,4114104,64,64,19903,19903,14709,15370,294,367,18:24:04,6,1,428,8997,2,4608,311,331,1,11,1,12
pr,76791,MANDIRITUBA,4114302,62,62,19907,19907,15158,15854,371,325,19:02:36,4,5,435,8758,1,5138,330,461,0,8,0,18
pr,75469,MANFRINÓPOLIS,4114351,11,11,3122,3122,2489,2555,28,38,19:05:06,1,0,58,970,0,1383,35,42,0,0,0,0
pr,75116,MANGUEIRINHA,4114401,47,47,13764,13764,10479,10802,142,181,18:34:05,3,0,243,5398,0,4480,171,163,1,6,0,14
pr,76813,MANOEL RIBAS,4114500,42,42,11018,11018,8629,8861,97,135,18:17:54,0,1,216,5884,0,2244,101,172,1,2,0,8
pr,76830,MARECHAL CÂNDIDO RONDON,4114609,154,154,40475,40475,32596,33318,339,383,18:50:07,11,2,696,23987,8,6627,781,398,9,16,3,58
pr,76856,MARIA HELENA,4114708,15,1,4789,366,262,272,5,5,18:50:07,0,0,5,142,0,111,0,4,0,0,0,0
pr,76872,MARIALVA,4114807,99,99,30178,30178,23136,23953,413,404,18:48:52,6,4,667,15602,4,5730,508,558,1,13,4,39
pr,79758,MARILENA,4115002,19,19,5989,5989,4483,4620,58,79,19:15:04,0,1,107,2077,0,2131,70,92,0,3,0,2
pr,76899,MARILUZ,4115101,26,26,7588,7588,5721,5953,105,127,18:17:55,4,2,127,2917,1,2480,83,92,2,1,3,9
pr,74330,MARILÂNDIA DO SUL,4114906,28,27,7142,6951,5193,5401,108,100,18:16:15,0,2,158,3373,2,1422,90,136,0,2,0,8
pr,76910,MARINGÁ,4115200,974,974,302812,302812,232142,239058,3024,3892,19:10:32,88,54,8540,146584,102,62164,7637,5715,41,281,45,891
pr,74500,MARIPÁ,4115358,18,18,5176,5176,4304,4379,42,33,19:02:55,1,1,64,3440,0,674,62,54,0,3,0,5
pr,76937,MARIÓPOLIS,4115309,19,19,5494,5494,4289,4452,70,93,17:46:21,1,0,77,2733,1,1324,55,91,0,0,0,7
pr,76953,MARMELEIRO,4115408,37,37,11778,11778,9225,9535,159,151,18:19:08,3,3,276,5002,1,3580,196,138,1,5,2,18
pr,75485,MARQUINHO,4115457,16,16,3876,3876,2970,3071,46,55,18:39:19,0,0,62,1473,0,1337,33,65,0,0,0,0
pr,76970,MARUMBI,4115507,13,13,3950,3950,3202,3306,39,65,17:47:48,0,0,92,1706,0,1262,57,81,0,0,0,4
pr,76996,MATELÂNDIA,4115606,42,42,13751,13751,10900,11141,115,126,19:21:03,6,0,155,8141,4,2214,202,156,1,2,0,19
pr,79634,MATINHOS,4115705,100,100,35293,35293,23989,24935,442,504,19:21:05,9,5,755,13302,5,8531,610,672,2,41,4,53
pr,74527,MATO RICO,4115739,16,16,3238,3238,2480,2567,31,56,18:12:31,1,0,53,1146,1,1173,22,81,0,1,0,2
pr,74543,MAUÁ DA SERRA,4115754,25,25,7691,7691,5845,6042,76,121,19:05:07,2,1,145,3565,3,1928,91,97,0,2,1,10
pr,77011,MEDIANEIRA,4115804,126,126,37479,37479,29271,30093,397,425,18:28:29,4,6,602,19850,3,7595,697,431,7,21,3,52
pr,74560,MERCEDES,4115853,20,20,4929,4929,4193,4258,32,33,19:00:48,0,0,52,3387,0,577,107,55,0,3,0,12
pr,77038,MIRADOR,4115903,8,8,2160,2160,1562,1620,31,27,19:21:03,1,0,46,633,0,834,30,17,0,0,0,1
pr,77054,MIRASELVA,4116000,7,7,1851,1851,1530,1570,16,24,19:00:14,1,0,23,862,0,600,21,21,0,0,0,2
pr,84697,MISSAL,4116059,33,33,9671,9671,7949,8108,63,96,18:15:07,0,1,167,5368,0,2101,176,127,0,2,1,6
pr,77070,MOREIRA SALES,4116109,36,36,9161,9161,7094,7378,140,144,18:33:01,0,0,103,4197,1,2584,84,110,0,1,2,12
pr,77097,MORRETES,4116208,47,47,14680,14680,10835,11241,216,190,19:16:19,7,1,249,6155,1,3892,238,262,2,14,1,13
pr,77119,MUNHOZ DE MELLO,4116307,11,11,3547,3547,2769,2859,44,46,18:19:08,0,0,71,1627,0,999,28,40,0,2,0,2
pr,77135,NOSSA SENHORA DAS GRAÇAS,4116406,11,11,3173,3173,2431,2531,42,58,18:29:18,0,0,82,1064,0,1189,33,60,0,1,0,2
pr,77151,NOVA ALIANÇA DO IVAÍ,4116505,5,5,1565,1565,1210,1242,12,20,19:01:18,0,0,35,657,0,470,13,33,0,0,0,2
pr,77178,NOVA AMÉRICA DA COLINA,4116604,12,12,3349,3349,2739,2818,29,50,18:15:25,0,1,67,1534,0,1060,33,39,0,3,0,2
pr,79650,NOVA AURORA,4116703,35,35,9631,9631,7844,8096,119,133,19:21:04,2,1,121,5094,0,2338,143,128,1,2,1,13
pr,77194,NOVA CANTU,4116802,22,22,6004,6004,4692,4848,54,102,18:44:56,0,1,82,2148,0,2298,47,110,0,3,0,3
pr,77216,NOVA ESPERANÇA,4116901,74,74,19494,19494,14948,15448,248,252,18:37:21,5,2,402,9358,2,4503,278,362,0,9,2,25
pr,75027,NOVA ESPERANÇA DO SUDOESTE,4116950,16,16,5165,5165,4219,4335,67,49,19:09:23,0,0,105,1985,2,1971,74,79,0,1,0,2
pr,77232,NOVA FÁTIMA,4117008,22,22,6087,6087,4516,4706,85,105,18:15:08,0,1,113,2490,0,1738,70,94,0,4,1,5
pr,74586,NOVA LARANJEIRAS,4117057,29,29,8591,8591,6577,6765,59,129,19:29:45,2,0,139,3044,0,3253,53,81,0,2,0,3
pr,77259,NOVA LONDRINA,4117107,34,34,9738,9738,7124,7327,88,115,17:54:18,2,3,185,4022,0,2629,148,128,0,2,0,5
pr,79677,NOVA OLÍMPIA,4117206,17,11,4854,3005,2277,2360,37,46,19:29:44,0,0,26,1451,1,715,44,35,0,0,0,5
pr,79952,NOVA PRATA DO IGUAÇU,4117255,27,27,8864,8864,7089,7237,80,68,19:03:18,0,0,142,3665,0,3075,102,98,0,0,0,7
pr,74608,NOVA SANTA BÁRBARA,4117214,13,13,3758,3758,2854,2960,44,62,18:41:18,0,0,110,1413,0,1230,45,53,0,1,1,1
pr,79790,NOVA SANTA ROSA,4117222,24,24,7055,7055,5978,6057,36,43,19:09:23,1,1,72,4936,1,778,97,76,0,1,0,15
pr,75760,NOVA TEBAS,4117271,24,24,6025,6025,4681,4857,67,109,18:15:09,1,2,204,1851,0,2438,65,114,0,1,0,5
pr,74420,NOVO ITACOLOMI,4117297,9,9,2996,2996,2374,2464,41,49,18:10:57,0,0,52,1494,0,696,56,68,0,0,0,8
pr,77275,ORTIGUEIRA,4117305,71,71,20079,20079,14239,14859,292,328,19:30:29,4,5,292,6612,3,6754,279,266,2,7,0,15
pr,77291,OURIZONA,4117404,10,10,2830,2830,2288,2377,33,56,18:22:20,0,0,51,1159,0,997,36,37,1,1,0,6
pr,74063,OURO VERDE DO OESTE,4117453,17,17,5332,5332,4261,4405,66,78,19:12:51,0,0,89,2672,1,1321,69,100,1,1,0,7
pr,77313,PAIÇANDU,4117503,100,100,30395,30395,22712,23736,479,545,18:54:49,5,7,839,12703,4,7842,585,662,1,15,7,42
pr,77330,PALMAS,4117602,103,100,32266,31256,22002,22998,527,469,18:58:15,4,5,460,11061,8,9632,404,384,2,23,0,19
pr,77356,PALMEIRA,4117701,87,87,26972,26972,21070,22033,535,428,19:10:56,23,4,556,14241,6,4871,555,746,5,17,7,39
pr,77372,PALMITAL,4117800,41,41,10879,10879,8284,8568,104,180,18:32:31,2,0,176,4127,4,3670,118,175,0,4,0,8
pr,77399,PALOTINA,4117909,84,84,24632,24632,19844,20293,203,246,19:11:27,4,0,452,14434,3,4166,446,284,2,13,2,38
pr,77437,PARANACITY,4118105,24,24,7616,7616,5509,5742,94,139,18:29:19,2,0,139,2705,2,2494,81,79,0,5,0,2
pr,77453,PARANAGUÁ,4118204,322,322,108469,108469,83241,86218,1664,1313,19:22:19,35,9,2571,50905,23,25382,2350,1722,10,97,18,119
pr,77470,PARANAPOEMA,4118303,7,7,2106,2106,1706,1751,19,26,18:12:30,1,0,44,716,0,893,26,25,0,0,0,1
pr,77496,PARANAVAÍ,4118402,202,201,63954,63640,47741,49460,826,893,19:05:27,12,6,1273,31463,19,12754,1028,1035,3,41,2,105
pr,77410,PARAÍSO DO NORTE,4118006,30,30,9490,9490,7207,7477,134,136,19:09:55,0,0,162,4044,1,2752,120,118,0,1,0,9
pr,74624,PATO BRAGADO,4118451,15,15,4506,4506,3735,3808,28,45,18:57:43,2,0,61,2899,0,644,80,41,0,1,0,7
pr,77518,PATO BRANCO,4118501,204,204,64406,64406,50984,52385,707,694,19:05:06,12,10,1504,31466,10,15294,1482,1033,5,40,6,122
pr,77534,PAULA FREITAS,4118600,18,18,4763,4763,3714,3862,72,76,18:36:00,0,1,101,2410,2,1022,65,107,1,0,0,5
pr,77550,PAULO FRONTIN,4118709,21,21,5698,5698,4556,4774,127,91,18:39:18,2,1,164,2942,0,1175,88,169,0,6,2,7
pr,77577,PEABIRU,4118808,33,33,9916,9916,7594,7919,138,187,18:25:07,6,1,209,4395,0,2655,151,162,1,4,0,10
pr,75507,PEROBAL,4118857,17,0,5670,0,0,0,0,0,20:14:06,0,0,0,0,0,0,0,0,0,0,0,0
pr,75043,PINHAIS,4119152,280,280,99265,99265,76420,79507,1584,1503,19:13:36,40,16,2889,43866,34,23903,2998,2298,11,102,18,245
pr,74640,PINHAL DE SÃO BENTO,4119251,9,9,2579,2579,2068,2134,32,34,18:27:23,0,0,49,768,0,1156,48,45,0,2,0,0
pr,77631,PINHALÃO,4119202,19,19,5879,5879,4574,4715,69,72,19:02:55,1,0,95,2663,0,1607,80,123,0,1,0,4
pr,77658,PINHÃO,4119301,81,81,23849,23849,17075,17870,337,458,19:23:10,4,5,455,7295,3,8609,306,380,1,4,0,13
pr,77690,PIRAQUARA,4119509,214,214,73929,73929,54409,57125,1442,1274,19:31:12,31,15,1942,29174,10,19477,1889,1659,7,95,7,103
pr,77674,PIRAÍ DO SUL,4119400,63,63,18800,18800,14048,14835,488,299,19:23:43,2,2,388,8665,6,4109,325,521,4,5,5,16
pr,77712,PITANGA,4119608,98,98,25677,25677,19522,20236,336,378,19:07:47,5,1,663,10166,6,7699,454,493,8,10,1,16
pr,74667,PITANGUEIRAS,4119657,8,8,2622,2622,2041,2106,31,34,18:35:59,1,0,54,1267,0,643,26,46,0,1,0,3
pr,77615,PIÊN,4119103,35,35,10850,10850,9064,9389,180,145,18:48:53,1,2,189,6672,0,1701,183,305,0,4,0,7
pr,77739,PLANALTINA DO PARANÁ,4119707,12,12,3432,3432,2728,2818,41,49,19:10:56,1,0,64,1305,1,1258,37,59,0,2,0,1
pr,77755,PLANALTO,4119806,38,38,10281,10281,8155,8403,123,125,18:48:52,3,0,173,4285,0,3434,135,115,0,3,0,7
pr,77771,PONTA GROSSA,4119905,781,781,258390,258390,198330,207347,4708,4309,18:39:52,107,34,8620,117846,70,56136,6377,8287,27,265,33,528
pr,75523,PONTAL DO PARANÁ,4119954,72,72,24938,24938,17792,18431,303,336,18:55:26,4,1,487,9884,10,6500,325,527,4,20,1,29
pr,77798,PORECATU,4120002,34,34,9608,9608,7141,7359,92,126,19:09:55,2,0,199,3483,0,3163,129,152,1,4,0,8
pr,77810,PORTO AMAZONAS,4120101,13,13,3870,3870,2897,3036,80,59,18:26:03,0,0,111,1769,2,828,82,101,0,1,0,3
pr,75540,PORTO BARREIRO,4120150,12,12,3139,3139,2407,2461,27,27,18:45:18,0,0,55,1342,0,909,25,74,0,1,0,1
pr,77836,PORTO RICO,4120200,10,10,3003,3003,2343,2382,19,20,18:55:56,0,0,43,1565,0,670,24,39,0,0,1,1
pr,77852,PORTO VITÓRIA,4120309,13,13,3274,3274,2543,2660,67,50,18:25:06,0,0,83,1483,0,851,40,80,0,0,0,6
pr,75566,PRADO FERREIRA,4120333,10,10,3188,3188,2527,2604,34,43,18:58:15,1,0,73,1339,3,1012,27,71,0,0,0,1
pr,79910,PRANCHITA,4120358,17,17,4649,4649,3860,3942,39,43,18:15:25,0,0,83,2486,0,1174,52,58,0,1,0,6
pr,77879,PRESIDENTE CASTELO BRANCO,4120408,13,13,3887,3887,2945,3068,51,72,19:07:47,0,1,107,1396,3,1336,43,47,0,2,0,10
pr,77895,PRIMEIRO DE MAIO,4120507,26,16,8333,5042,3854,3990,62,74,18:38:13,4,0,76,2677,1,984,48,56,0,1,0,7
pr,77917,PRUDENTÓPOLIS,4120606,143,143,39039,39039,30583,31831,617,631,19:12:51,5,10,638,21823,5,6277,773,991,3,11,2,45
pr,79693,PÉROLA,4118907,30,30,9508,9508,6995,7238,111,132,18:11:17,2,2,172,4403,0,2124,142,142,0,4,0,4
pr,77593,PÉROLA D'OESTE,4119004,18,18,5285,5285,4354,4450,47,49,19:11:53,0,0,119,2734,0,1381,51,57,0,0,0,12
pr,75582,QUARTO CENTENÁRIO,4120655,13,13,3470,3470,2766,2841,32,43,18:48:53,1,0,44,1690,0,932,28,69,0,0,0,2
pr,77933,QUATIGUÁ,4120705,20,20,6645,6645,5030,5239,108,101,18:43:23,1,0,92,3274,0,1467,70,118,1,3,0,4
pr,77950,QUATRO BARRAS,4120804,53,53,18192,18192,13918,14519,263,338,19:09:23,9,1,393,8918,6,3676,446,409,2,18,1,39
pr,74683,QUATRO PONTES,4120853,14,14,4065,4065,3544,3580,15,21,18:54:48,1,0,73,2954,2,384,61,59,1,1,1,7
pr,79553,QUEDAS DO IGUAÇU,4120903,80,80,23209,23209,17476,17989,230,283,18:37:22,1,1,285,10344,1,6197,398,233,0,2,2,12
pr,77976,QUERÊNCIA DO NORTE,4121000,32,32,7996,7996,6146,6331,58,127,19:21:04,0,3,131,2984,1,2867,75,78,0,4,0,3
pr,77992,QUINTA DO SOL,4121109,13,13,4291,4291,3355,3470,36,79,19:22:42,0,0,64,1783,0,1391,50,63,0,0,0,4
pr,78018,QUITANDINHA,4121208,46,46,14118,14118,11347,11851,256,248,19:04:22,5,1,234,7780,0,2805,180,327,0,4,0,11
pr,74705,RAMILÂNDIA,4121257,11,11,3754,3754,2860,2915,24,31,18:42:15,1,0,45,1369,0,1327,40,76,1,0,0,1
pr,78034,RANCHO ALEGRE,4121307,10,10,3224,3224,2492,2565,27,46,18:44:32,1,0,31,1523,1,817,40,72,0,2,0,5
pr,74721,RANCHO ALEGRE D'OESTE,4121356,10,10,2352,2352,1860,1922,22,40,17:44:59,0,0,17,1095,0,690,19,36,0,0,1,2
pr,78050,REALEZA,4121406,46,46,14524,14524,11309,11643,130,204,18:33:02,3,2,245,6803,2,3909,181,139,0,11,2,12
pr,78077,REBOUÇAS,4121505,38,38,12151,12151,9504,9996,284,208,19:10:56,5,0,271,5527,1,3168,174,337,1,5,2,13
pr,78093,RENASCENÇA,4121604,17,17,5351,5351,4200,4344,65,79,18:14:12,0,0,114,2299,0,1689,49,45,0,0,0,4
pr,78115,RESERVA,4121703,64,62,20369,19650,14120,14809,334,355,19:30:04,3,2,282,8365,2,4888,260,301,2,2,2,11
pr,75604,RESERVA DO IGUAÇU,4121752,19,19,5460,5460,4006,4162,59,97,19:11:27,2,0,108,1822,1,1936,39,93,1,0,0,4
pr,78131,RIBEIRÃO CLARO,4121802,30,30,9867,9867,7091,7430,136,203,18:12:49,1,2,195,4118,0,2497,111,148,0,6,0,13
pr,78158,RIBEIRÃO DO PINHAL,4121901,34,34,10165,10165,7133,7463,129,201,19:21:04,1,0,173,3290,0,3345,149,162,1,2,0,10
pr,78174,RIO AZUL,4122008,35,30,11268,9365,7656,8022,191,175,19:11:53,2,2,204,5405,2,1548,155,326,0,4,0,8
pr,78190,RIO BOM,4122107,11,11,3019,3019,2337,2434,37,60,18:27:23,0,0,75,1284,0,862,55,55,0,0,1,5
pr,74748,RIO BONITO DO IGUAÇU,4122156,40,37,11105,10499,7812,8066,120,134,20:02:08,0,0,176,2834,0,4597,95,104,0,3,0,3
pr,75620,RIO BRANCO DO IVAÍ,4122172,13,13,3520,3520,2571,2677,32,74,19:09:23,0,1,67,1318,0,1092,37,55,0,0,0,1
pr,78212,RIO BRANCO DO SUL,4122206,89,89,27280,27280,21206,22137,499,432,19:15:26,6,7,642,10808,5,8899,344,446,0,8,3,38
pr,78239,RIO NEGRO,4122305,84,84,24158,24158,18548,19314,451,315,19:13:36,10,1,560,13188,6,3719,476,518,3,29,3,35
pr,78255,ROLÂNDIA,4122404,154,154,49517,49517,36749,38397,856,792,19:29:44,16,7,1002,25073,7,8718,893,898,3,29,7,96
pr,78271,RONCADOR,4122503,30,30,8952,8952,6813,7066,91,162,19:00:13,3,1,172,3384,2,2964,91,183,0,2,1,10
pr,78298,RONDON,4122602,25,25,6991,6991,5433,5628,102,93,18:55:26,0,0,139,3439,2,1706,70,70,1,0,1,5
pr,75744,ROSÁRIO DO IVAÍ,4122651,18,18,4714,4714,3743,3859,49,67,18:25:06,0,0,68,2035,0,1406,124,106,0,0,0,4
pr,78310,SABÁUDIA,4122701,19,19,6748,6748,5281,5451,70,100,19:15:04,0,1,141,3712,0,1184,91,135,0,3,0,14
pr,78336,SALGADO FILHO,4122800,16,16,3590,3590,2964,3068,44,60,18:20:36,0,0,76,1640,0,1108,47,87,0,1,0,5
pr,78352,SALTO DO ITARARÉ,4122909,16,16,4614,4614,3457,3640,77,106,19:10:56,0,0,59,1784,0,1438,48,113,0,1,1,13
pr,78379,SALTO DO LONTRA,4123006,37,37,11161,11161,8735,9035,148,152,18:39:52,2,1,201,3931,0,4257,186,151,1,2,0,3
pr,78395,SANTA AMÉLIA,4123105,11,11,3048,3048,2339,2428,50,39,18:39:17,2,0,33,1357,0,898,18,27,0,1,0,3
pr,78417,SANTA CECÍLIA DO PAVÃO,4123204,13,13,3121,3121,2491,2572,27,54,19:07:20,0,0,49,1326,0,1010,22,80,1,3,0,0
pr,78433,SANTA CRUZ DE MONTE CASTELO,4123303,22,22,6773,6773,5250,5402,67,85,19:05:06,1,0,86,3135,0,1880,58,79,0,2,0,9
pr,78450,SANTA FÉ,4123402,28,28,9149,9149,6973,7198,97,128,18:17:53,1,1,160,4337,0,2272,94,96,1,0,0,11
pr,79715,SANTA HELENA,4123501,75,75,21071,21071,16629,17035,178,228,19:11:53,1,2,305,10545,0,5239,299,205,0,7,1,25
pr,78476,SANTA INÊS,4123600,7,7,1684,1684,1409,1437,9,19,18:43:22,0,0,54,628,1,693,14,19,0,0,0,0
pr,78492,SANTA ISABEL DO IVAÍ,4123709,26,26,7006,7006,5320,5481,81,80,18:25:07,0,0,68,3436,0,1617,89,106,0,0,0,4
pr,78514,SANTA IZABEL DO OESTE,4123808,29,29,8780,8780,6881,7082,80,121,19:16:20,1,1,141,3874,1,2663,80,100,0,2,1,17
pr,74764,SANTA LÚCIA,4123824,8,0,3289,0,0,0,0,0,20:14:08,0,0,0,0,0,0,0,0,0,0,0,0
pr,74802,SANTA MARIA DO OESTE,4123857,31,31,8019,8019,6099,6335,87,149,18:58:15,2,0,137,2931,0,2824,68,128,0,3,0,6
pr,78530,SANTA MARIANA,4123907,33,33,9361,9361,6908,7151,111,132,18:28:29,4,0,181,3542,0,2909,106,142,3,7,1,13
pr,74829,SANTA MÔNICA,4123956,10,10,2710,2710,2051,2106,22,33,18:27:23,0,0,24,973,0,1000,16,37,0,0,0,1
pr,74080,SANTA TEREZA DO OESTE,4124020,30,30,10278,10278,8040,8260,104,116,19:21:05,1,3,187,4832,1,2618,219,156,0,10,0,13
pr,84670,SANTA TEREZINHA DE ITAIPU,4124053,56,56,18871,18871,14915,15304,166,223,19:21:05,5,3,283,10393,1,3722,259,218,1,8,2,20
pr,78557,SANTANA DO ITARARÉ,4124004,15,15,4659,4659,3470,3651,94,87,19:21:04,1,0,119,1886,0,1348,41,70,1,0,0,4
pr,78590,SANTO ANTÔNIO DA PLATINA,4124103,107,107,32125,32125,23440,24489,577,472,19:31:12,11,5,694,14659,5,7056,420,527,1,20,2,40
pr,78611,SANTO ANTÔNIO DO CAIUÁ,4124202,7,7,2358,2358,1876,1949,29,44,19:22:42,2,0,22,824,0,968,14,44,0,0,0,2
pr,78638,SANTO ANTÔNIO DO PARAÍSO,4124301,9,9,2247,2247,1706,1753,27,20,17:59:31,2,0,34,878,0,739,28,23,0,1,0,1
pr,78573,SANTO ANTÔNIO DO SUDOESTE,4124400,53,53,15509,15509,12388,12757,163,206,19:32:01,1,1,198,6705,3,5104,218,144,0,5,0,9
pr,78654,SANTO INÁCIO,4124509,14,14,4802,4802,3642,3751,43,66,18:39:53,1,0,87,1910,1,1506,83,53,0,0,0,1
pr,78999,SAPOPEMA,4126207,20,20,5485,5485,4051,4239,81,107,19:13:36,0,1,117,2059,1,1706,77,84,0,0,0,6
pr,84611,SARANDI,4126256,218,218,72031,72031,52143,54578,1252,1183,18:51:31,22,8,1891,29305,14,17759,1505,1455,2,46,6,130
pr,75060,SAUDADE DO IGUAÇU,4126272,16,16,5302,5302,3934,4043,47,62,18:16:15,1,0,114,1881,0,1792,75,64,0,3,0,4
pr,79014,SENGÉS,4126306,50,50,13757,13757,10255,10738,215,268,19:01:44,1,1,237,6582,0,2996,149,265,1,4,1,18
pr,75647,SERRANÓPOLIS DO IGUAÇU,4126355,17,17,4396,4396,3651,3730,34,45,18:15:25,1,0,60,2701,0,769,55,58,0,0,0,7
pr,79030,SERTANEJA,4126405,16,16,4818,4818,3794,3914,51,69,18:44:33,0,0,80,2313,0,1247,57,90,0,2,0,5
pr,79057,SERTANÓPOLIS,4126504,40,40,13311,13311,10168,10470,138,164,18:39:17,1,1,175,7245,2,2336,165,220,1,5,0,17
pr,79073,SIQUEIRA CAMPOS,4126603,50,50,16432,16432,12058,12725,247,420,19:04:40,2,1,469,6602,3,4336,296,324,0,3,1,21
pr,75787,SULINA,4126652,10,10,2942,2942,2314,2403,34,55,18:24:03,0,0,70,1264,0,872,38,64,0,4,0,2
pr,78670,SÃO CARLOS DO IVAÍ,4124608,17,17,5076,5076,4037,4210,77,96,18:12:50,2,0,71,2620,1,1251,48,40,0,0,0,4
pr,78697,SÃO JERÔNIMO DA SERRA,4124707,35,35,8538,8538,6034,6292,85,173,19:07:20,1,4,124,2667,0,3015,72,137,0,4,1,9
pr,78816,SÃO JORGE D'OESTE,4125209,29,29,8006,8006,6555,6734,92,87,19:07:20,0,0,124,3815,0,2408,73,121,0,3,1,10
pr,78794,SÃO JORGE DO IVAÍ,4125308,18,18,4820,4820,3926,4044,56,62,18:27:22,0,1,70,2746,0,1012,41,53,0,2,0,1
pr,79995,SÃO JORGE DO PATROCÍNIO,4125357,16,16,5235,5235,4040,4155,42,73,18:37:23,0,1,73,2502,0,1355,39,63,0,1,1,5
pr,78832,SÃO JOSÉ DA BOA VISTA,4125407,16,16,4737,4737,3642,3784,48,94,18:32:03,3,1,100,2269,0,1076,78,105,1,2,0,7
pr,84719,SÃO JOSÉ DAS PALMEIRAS,4125456,11,11,3463,3463,2676,2757,40,41,17:57:31,0,0,53,1301,0,1211,38,70,0,1,0,2
pr,78859,SÃO JOSÉ DOS PINHAIS,4125506,641,641,227539,227539,173708,181359,3803,3848,19:08:17,92,35,6687,105608,54,48980,6222,5163,31,274,36,526
pr,78719,SÃO JOÃO,4124806,33,33,9177,9177,7289,7518,84,145,18:26:58,1,1,163,4441,1,2430,124,119,0,0,1,8
pr,78735,SÃO JOÃO DO CAIUÁ,4124905,16,16,4585,4585,3638,3762,61,63,17:59:31,0,0,86,1592,0,1868,30,59,0,2,1,0
pr,78751,SÃO JOÃO DO IVAÍ,4125001,29,29,9056,9056,6790,7017,96,131,18:30:24,0,0,235,3458,0,2814,81,192,1,3,1,5
pr,78778,SÃO JOÃO DO TRIUNFO,4125100,46,46,11623,11623,9017,9608,402,189,18:35:59,2,3,263,4653,1,3409,342,332,1,7,0,4
pr,74845,SÃO MANOEL DO PARANÁ,4125555,7,7,2070,2070,1629,1673,25,19,18:28:30,0,0,22,982,0,563,18,39,0,3,0,2
pr,78875,SÃO MATEUS DO SUL,4125605,115,115,34022,34022,26279,27626,787,560,18:54:49,14,6,854,14766,9,8875,699,991,5,19,7,34
pr,78891,SÃO MIGUEL DO IGUAÇU,4125704,79,79,21857,21857,17194,17616,177,245,18:30:24,1,0,305,11029,3,5302,290,224,0,5,0,35
pr,74861,SÃO PEDRO DO IGUAÇU,4125753,18,18,5033,5033,3846,3999,51,102,18:30:23,0,1,69,2254,1,1405,51,62,0,0,0,3
pr,78913,SÃO PEDRO DO IVAÍ,4125803,25,25,6943,6943,5278,5492,89,125,18:32:30,0,0,111,3103,1,1842,73,133,1,6,0,8
pr,78930,SÃO PEDRO DO PARANÁ,4125902,11,11,2695,2695,2084,2141,24,33,18:13:43,1,1,33,1419,0,565,31,32,0,1,0,1
pr,78956,SÃO SEBASTIÃO DA AMOREIRA,4126009,22,22,6561,6561,4904,5079,80,95,18:32:02,1,0,129,2390,1,2169,71,137,0,3,0,3
pr,78972,SÃO TOMÉ,4126108,16,16,4816,4816,3592,3755,72,91,18:16:16,0,0,91,2231,0,1112,75,75,0,1,1,6
pr,75663,TAMARANA,4126678,29,27,9024,8343,6067,6268,103,98,18:48:52,2,2,178,3561,3,2079,84,133,0,11,0,14
pr,79090,TAMBOARA,4126702,14,14,4157,4157,3100,3275,66,109,18:39:17,0,0,58,1948,2,975,46,67,0,2,1,1
pr,79111,TAPEJARA,4126801,36,36,11635,11635,8635,8963,135,193,18:32:02,0,0,190,5373,0,2791,139,128,0,6,0,8
pr,79731,TAPIRA,4126900,17,8,4694,2094,1553,1605,23,29,19:21:04,0,0,24,913,0,574,14,25,0,1,0,2
pr,79138,TEIXEIRA SOARES,4127007,28,28,8083,8083,6174,6447,144,129,18:50:07,1,1,205,3739,1,1904,125,184,0,2,2,10
pr,79154,TELÊMACO BORBA,4127106,165,165,51913,51913,39198,40930,985,747,18:59:17,7,6,1331,23280,12,12276,1063,1052,9,28,5,129
pr,79170,TERRA BOA,4127205,41,41,13355,13355,9959,10330,184,187,18:12:31,3,4,266,6562,2,2697,199,206,1,8,1,10
pr,79197,TERRA RICA,4127304,41,41,11783,11783,8707,9017,136,174,18:42:14,2,0,230,5510,0,2665,111,174,0,1,0,14
pr,79219,TERRA ROXA,4127403,47,47,13332,13332,10473,10761,109,179,19:14:08,2,2,190,7167,2,2796,160,125,0,4,3,22
pr,79235,TIBAGI,4127502,50,50,14864,14864,10704,11255,291,260,18:58:15,7,1,303,5748,2,4063,254,305,1,7,1,12
pr,79251,TIJUCAS DO SUL,4127601,40,0,13059,0,0,0,0,0,20:14:07,0,0,0,0,0,0,0,0,0,0,0,0
pr,79278,TOLEDO,4127700,355,351,108119,107114,84860,87451,1144,1447,19:29:44,25,13,2466,56208,29,22064,2242,1514,9,84,11,195
pr,79294,TOMAZINA,4127809,25,25,6647,6647,5099,5297,81,117,19:14:08,0,1,122,2952,1,1776,95,135,0,1,2,14
pr,79871,TRÊS BARRAS DO PARANÁ,4127858,35,35,9120,9120,7187,7448,142,119,19:02:37,2,1,117,4329,1,2519,101,106,0,3,1,7
pr,74888,TUNAS DO PARANÁ,4127882,18,18,5500,5500,4116,4269,68,85,18:37:22,1,1,94,2296,0,1550,67,102,0,2,1,2
pr,79316,TUNEIRAS DO OESTE,4127908,21,21,6721,6721,5153,5290,54,83,19:29:45,0,1,120,3229,0,1632,84,79,0,2,0,6
pr,79936,TUPÃSSI,4127957,21,21,6257,6257,5029,5172,76,67,18:20:36,0,0,62,3640,1,1154,78,80,0,6,3,5
pr,84530,TURVO,4127965,46,45,11863,11601,9069,9408,153,186,19:13:36,4,3,258,4322,2,4071,146,252,0,3,0,8
pr,79332,UBIRATÃ,4128005,66,66,19130,19130,14789,15260,236,235,19:16:20,2,9,324,9663,0,4259,241,250,2,3,0,36
pr,79359,UMUARAMA,4128104,256,256,82990,82990,63490,65258,856,912,19:00:48,7,6,1629,43812,23,15059,1440,1307,3,61,5,138
pr,79391,UNIFLOR,4128302,8,8,2155,2155,1738,1786,17,31,18:00:46,0,0,16,878,0,780,26,36,0,0,0,2
pr,79375,UNIÃO DA VITÓRIA,4128203,139,139,40654,40654,29991,31382,788,603,19:07:20,13,4,969,18160,10,8985,927,803,4,34,11,71
pr,79413,URAÍ,4128401,32,32,8555,8555,6506,6745,101,138,18:32:30,1,1,172,3836,2,2209,110,150,2,5,0,18
pr,74900,VENTANIA,4128534,24,24,7525,7525,5849,6162,172,141,19:29:45,1,0,137,3072,1,2392,73,166,0,0,2,5
pr,79898,VERA CRUZ DO OESTE,4128559,21,21,6593,6593,5149,5320,64,107,19:00:49,0,0,86,3257,0,1648,67,85,0,1,0,5
pr,79456,VERÊ,4128609,24,24,6888,6888,5653,5840,93,94,18:30:24,0,0,102,3024,0,2365,66,88,0,0,0,8
pr,74969,VIRMOND,4128658,12,12,3584,3584,2841,2914,33,40,18:30:51,0,2,57,1652,0,996,36,92,0,2,0,4
pr,79472,VITORINO,4128708,18,18,5942,5942,4839,4949,52,58,17:51:39,1,0,93,3075,0,1488,96,74,0,0,2,10
pr,79430,WENCESLAU BRAZ,4128500,48,48,14549,14549,10663,11068,209,196,18:30:23,1,1,263,6708,4,3166,241,250,1,4,2,22
pr,79499,XAMBRÊ,4128807,19,19,5375,5375,4038,4140,48,54,17:57:31,0,0,74,2383,0,1427,60,78,0,4,0,12
pr,74128,ÂNGULO,4101150,9,9,2817,2817,2241,2321,36,44,19:00:48,0,1,60,1479,0,602,30,65,0,0,0,4
pb,19038,AGUIAR,2500205,17,17,4779,4779,3716,3847,36,95,19:11:09,0,0,87,719,0,2862,30,16,0,1,0,1
pb,19054,ALAGOA GRANDE,2500304,80,79,23238,22870,16683,18078,392,1003,19:20:58,1,4,359,4283,2,11723,196,109,0,2,0,4
pb,19070,ALAGOA NOVA,2500403,52,52,16592,16592,12188,13314,313,813,19:20:58,2,3,371,2785,2,8684,238,89,0,6,0,8
pb,19097,ALAGOINHA,2500502,40,40,12228,12228,9324,9973,207,442,18:38:46,0,2,203,1803,2,7145,135,27,0,4,0,3
pb,19763,ALCANTIL,2500536,19,19,5001,5001,4031,4331,86,214,19:04:14,0,2,139,1483,1,2293,66,42,0,2,0,3
pb,19925,ALGODÃO DE JANDAÍRA,2500577,10,10,3119,3119,2365,2536,47,124,18:44:45,0,0,43,326,1,1968,20,6,0,0,0,1
pb,19119,ALHANDRA,2500601,66,54,21079,17319,12992,14000,342,666,19:26:23,4,3,364,5215,3,7177,147,70,1,4,1,3
pb,19585,AMPARO,2500734,9,9,2665,2665,2173,2261,22,66,18:38:47,0,0,36,310,0,1804,19,4,0,0,0,0
pb,19844,APARECIDA,2500775,25,25,7247,7247,5629,5981,108,244,19:25:11,1,0,107,1376,0,4027,77,38,0,1,1,1
pb,19178,ARARA,2500908,37,37,9325,9325,6784,7320,165,371,18:30:38,3,1,222,1569,1,4851,96,34,1,1,1,4
pb,19194,ARARUNA,2501005,47,47,14816,14816,10462,11315,201,652,19:09:47,3,1,224,3109,3,6942,118,52,1,3,1,5
pb,19151,ARAÇAGI,2500809,55,55,14344,14344,10791,11665,245,629,19:22:12,0,2,237,2098,4,8271,125,47,0,5,1,1
pb,19216,AREIA,2501104,82,82,19068,19068,14285,15524,401,838,19:23:45,1,6,340,2885,2,10722,200,108,1,10,0,10
pb,19909,AREIA DE BARAÚNAS,2501153,8,8,2502,2502,1813,1935,25,97,19:20:58,1,1,45,442,0,1295,18,10,0,0,0,1
pb,19232,AREIAL,2501203,21,21,6597,6597,5042,5485,137,306,18:44:46,0,0,171,1368,0,3373,81,37,0,3,2,7
pb,19259,AROEIRAS,2501302,56,56,16290,16290,12451,13498,308,739,19:09:28,0,3,341,2635,3,9216,193,51,0,3,2,4
pb,19321,ASSUNÇÃO,2501351,14,14,4201,4201,3142,3342,51,149,19:14:56,1,2,66,888,0,2137,25,18,1,2,1,1
pb,19313,BANANEIRAS,2501500,63,63,19361,19361,14286,15414,374,754,19:20:58,2,1,434,3567,0,10014,175,83,1,5,0,4
pb,19305,BARAÚNA,2501534,18,18,4663,4663,3644,3913,56,213,18:48:45,0,1,135,761,1,2681,42,20,0,1,0,2
pb,19330,BARRA DE SANTA ROSA,2501609,43,43,11480,11480,8896,9439,94,449,19:02:50,2,0,197,1760,2,6795,98,34,0,5,0,3
pb,19780,BARRA DE SANTANA,2501575,28,28,7793,7793,6035,6520,130,355,19:20:57,1,2,145,1568,2,4182,78,48,1,3,0,5
pb,19356,BARRA DE SÃO MIGUEL,2501708,18,17,6048,5702,4648,4930,97,185,19:26:22,0,0,114,1355,0,3101,56,21,0,0,0,1
pb,19372,BAYEUX,2501807,248,247,74369,74025,58887,62823,1360,2576,19:16:38,17,7,2166,27277,12,27780,960,557,5,51,5,50
pb,19291,BAÍA DA TRAIÇÃO,2501401,27,26,8424,8065,6141,6472,103,228,19:20:56,1,0,109,1254,2,4698,53,21,0,0,1,2
pb,19399,BELÉM,2501906,45,33,13281,9903,7271,7836,190,375,19:22:13,2,1,170,2223,1,4738,87,42,0,4,1,2
pb,19410,BELÉM DO BREJO DO CRUZ,2502003,22,22,6644,6644,4963,5227,78,186,19:16:39,1,0,95,1347,0,3427,78,13,0,0,0,2
pb,19500,BERNARDINO BATISTA,2502052,13,12,3353,3013,2099,2252,20,133,19:29:39,0,2,30,385,1,1650,21,8,0,1,0,1
pb,19437,BOA VENTURA,2502102,20,20,5167,5167,3703,3972,42,227,17:59:27,1,0,93,658,1,2894,32,23,0,0,0,1
pb,19941,BOA VISTA,2502151,20,19,6123,5807,4815,5100,97,188,19:22:36,0,0,122,1487,1,3089,72,39,2,3,0,0
pb,19453,BOM JESUS,2502201,11,11,3055,3055,2499,2607,26,82,18:43:18,0,0,36,350,0,2041,58,14,0,0,0,0
pb,19470,BOM SUCESSO,2502300,15,15,4846,4846,3778,3906,30,98,18:48:45,1,0,47,572,0,3112,35,10,1,0,0,0
pb,19496,BONITO DE SANTA FÉ,2502409,27,27,7923,7923,6046,6369,57,266,19:16:39,0,1,114,1474,0,4356,72,23,0,5,0,1
pb,19518,BOQUEIRÃO,2502508,52,52,15970,15970,12652,13471,229,590,19:23:27,1,2,383,3981,1,8029,163,77,3,6,1,5
pb,19550,BORBOREMA,2502706,20,20,4895,4895,3696,3996,80,220,17:55:28,1,0,93,919,0,2623,29,26,0,2,0,3
pb,19577,BREJO DO CRUZ,2502805,36,36,10744,10744,8400,8883,142,341,19:08:10,0,1,230,2640,0,5362,114,46,0,4,1,2
pb,19593,BREJO DOS SANTOS,2502904,18,18,5994,5994,4774,5032,86,172,19:04:47,0,1,91,1235,1,3382,52,11,0,0,0,1
pb,19615,CAAPORÃ,2503001,56,56,17081,17081,13269,14169,339,561,19:29:39,1,3,354,4214,1,8448,163,70,0,4,1,10
pb,19631,CABACEIRAS,2503100,17,17,5237,5237,4223,4525,101,201,18:33:57,3,0,102,1327,0,2661,93,31,0,1,0,5
pb,19658,CABEDELO,2503209,168,164,54022,53018,39708,41993,961,1324,19:04:47,13,3,1516,18085,17,18744,808,426,7,38,9,42
pb,19674,CACHOEIRA DOS ÍNDIOS,2503308,31,31,7912,7912,6043,6459,88,328,19:25:11,0,4,145,842,1,4922,95,31,0,2,0,1
pb,19690,CACIMBA DE AREIA,2503407,18,18,4343,4343,3377,3569,47,145,18:00:39,0,1,58,689,0,2575,40,13,0,0,0,1
pb,19712,CACIMBA DE DENTRO,2503506,42,42,14334,14334,10179,11100,173,748,19:24:42,2,2,260,2752,1,6977,149,28,0,1,2,5
pb,19364,CACIMBAS,2503555,26,26,6623,6623,4536,4862,73,253,19:07:02,0,0,108,744,1,3612,54,14,0,1,0,2
pb,19739,CAIÇARA,2503605,22,22,6526,6526,4780,5179,104,295,19:09:47,1,1,125,1483,1,3075,71,20,0,0,1,2
pb,19755,CAJAZEIRAS,2503704,178,178,47827,47827,37693,39869,683,1493,19:25:10,8,3,913,7508,6,28253,746,217,5,14,2,18
pb,19380,CAJAZEIRINHAS,2503753,15,15,3758,3758,2853,3021,24,144,18:23:59,0,0,43,636,0,2137,24,13,0,0,0,0
pb,19771,CALDAS BRANDÃO,2503803,23,22,5445,5215,4103,4424,98,223,18:57:36,0,0,77,1065,0,2897,49,14,0,1,0,0
pb,19798,CAMALAÚ,2503902,20,16,6294,4916,3824,4035,42,169,19:29:40,0,1,50,479,0,3251,31,9,0,0,0,3
pb,19810,CAMPINA GRANDE,2504009,957,957,305258,305258,245436,263420,5816,12168,19:22:36,70,44,8519,108991,77,118783,5435,2900,59,225,30,303
pb,19062,CAPIM,2504033,23,21,7251,6564,4660,5118,133,325,19:29:59,1,1,101,1297,0,3173,71,14,0,0,0,2
pb,19240,CARAÚBAS,2504074,15,14,4534,4230,3435,3651,40,176,19:26:07,1,1,72,788,1,2509,37,22,0,1,0,3
pb,19836,CARRAPATEIRA,2504108,9,8,2444,2122,1623,1706,11,72,18:43:17,0,0,45,240,1,1324,9,4,0,0,0,0
pb,19607,CASSERENGUE,2504157,21,21,6406,6406,4637,5010,75,298,18:55:39,0,4,126,921,1,3513,49,17,0,2,0,4
pb,19852,CATINGUEIRA,2504207,18,18,5416,5416,3905,4139,73,161,18:38:27,1,0,64,1035,0,2742,37,25,0,0,1,0
pb,19879,CATOLÉ DO ROCHA,2504306,70,70,22557,22557,17870,18819,347,602,19:20:57,1,2,406,4521,3,12601,249,65,1,9,0,12
pb,19801,CATURITÉ,2504355,20,20,5518,5518,4414,4755,103,238,18:32:15,1,1,146,1030,1,3131,60,37,0,4,0,3
pb,19895,CONCEIÇÃO,2504405,57,57,15357,15357,11309,12106,135,662,19:29:39,2,1,185,2644,2,8262,140,61,0,5,1,6
pb,19917,CONDADO,2504504,21,20,5803,5523,4114,4381,51,216,18:37:16,1,1,94,827,0,3137,38,11,0,1,0,4
pb,19933,CONDE,2504603,81,62,27248,20648,15386,16547,435,726,19:29:40,2,1,436,5688,2,8910,214,112,3,7,0,11
pb,19950,CONGO,2504702,16,13,5388,4374,3496,3683,51,136,19:09:48,0,0,64,696,0,2673,50,12,0,1,0,0
pb,19976,COREMAS,2504801,50,50,12873,12873,9425,10091,128,538,18:16:12,2,1,185,2672,2,6382,145,32,0,3,0,1
pb,19704,COXIXOLA,2504850,8,8,2047,2047,1608,1718,41,69,17:54:13,0,0,35,333,0,1203,22,13,1,0,0,1
pb,19992,CRUZ DO ESPÍRITO SANTO,2504900,55,54,16431,16217,12513,13719,499,707,19:22:36,3,2,275,3742,2,8317,106,53,1,0,2,10
pb,20010,CUBATI,2505006,22,21,6956,6595,4994,5374,115,265,19:20:57,0,0,152,1316,1,3434,58,30,1,2,0,0
pb,20052,CUITEGI,2505204,22,22,6098,6098,4501,4869,116,252,19:04:14,1,0,91,1115,1,3216,52,20,2,3,0,0
pb,20036,CUITÉ,2505105,58,58,17388,17388,13008,13921,225,688,18:37:16,1,1,310,2578,2,9903,133,66,3,6,1,4
pb,19089,CUITÉ DE MAMANGUAPE,2505238,25,25,7662,7662,5608,6106,135,363,19:20:57,1,2,97,1324,0,4083,80,17,0,0,1,3
pb,19100,CURRAL DE CIMA,2505279,21,21,6226,6226,4614,5016,92,310,19:29:39,0,2,129,1047,1,3335,64,24,0,3,1,8
pb,20079,CURRAL VELHO,2505303,8,8,2327,2327,1738,1844,14,92,18:17:15,2,0,78,374,0,1243,7,33,0,0,0,1
pb,19275,DAMIÃO,2505352,16,16,4885,4885,3557,3834,48,229,19:29:39,2,0,135,610,2,2777,16,12,2,1,0,0
pb,20095,DESTERRO,2505402,30,30,7716,7716,5829,6165,76,260,19:29:39,1,1,117,1400,0,4244,56,6,1,2,0,1
pb,20133,DIAMANTE,2505600,20,20,5910,5910,4247,4545,47,251,18:22:51,0,0,78,764,0,3320,57,27,0,1,0,0
pb,20150,DONA INÊS,2505709,31,31,9272,9272,7017,7503,102,384,19:20:57,2,1,138,1271,4,5492,76,26,0,1,1,5
pb,20176,DUAS ESTRADAS,2505808,18,18,3885,3885,2922,3131,62,147,17:49:28,1,0,70,865,1,1932,31,19,0,1,0,2
pb,20192,EMAS,2505907,13,13,3824,3824,2710,2916,54,152,19:02:50,0,1,69,748,1,1836,42,12,0,0,0,1
pb,20214,ESPERANÇA,2506004,80,80,26015,26015,20033,21659,531,1095,19:09:28,3,4,711,6326,3,12496,353,114,1,11,1,10
pb,20230,FAGUNDES,2506103,41,41,10547,10547,7913,8618,147,558,18:10:54,1,2,190,1609,4,5939,118,40,3,2,1,4
pb,20257,FREI MARTINHO,2506202,10,10,2942,2942,2303,2462,31,128,17:58:51,2,1,85,634,0,1521,38,18,0,3,0,1
pb,19623,GADO BRAVO,2506251,26,26,8093,8093,6253,6775,139,383,19:20:58,1,0,111,1164,0,4811,125,33,1,4,0,3
pb,20273,GUARABIRA,2506301,154,154,43618,43618,34315,36687,910,1462,19:22:36,9,5,1213,12337,9,19765,666,250,6,13,5,37
pb,20290,GURINHÉM,2506400,43,42,11420,11147,8325,9034,228,481,18:30:19,2,2,166,2050,0,5938,124,39,0,1,1,2
pb,20311,GURJÃO,2506509,12,12,3193,3193,2579,2741,28,134,18:38:46,0,0,48,445,2,2045,22,14,0,2,0,1
pb,20338,IBIARA,2506608,20,20,5580,5580,4165,4388,57,166,19:07:02,0,0,114,735,0,3245,50,17,1,0,1,2
pb,19534,IGARACY,2502607,23,23,5888,5888,4301,4520,29,190,18:41:12,0,2,165,1022,0,3030,48,29,0,2,0,3
pb,20354,IMACULADA,2506707,35,35,9116,9116,6721,7134,100,313,19:26:22,0,2,109,1160,1,5354,65,27,0,1,0,2
pb,20370,INGÁ,2506806,50,50,15724,15724,11904,12764,224,636,19:20:57,2,2,224,3666,1,7800,147,48,0,2,0,12
pb,20397,ITABAIANA,2506905,72,72,19586,19586,15302,16296,304,690,19:04:47,1,2,407,5524,6,9027,196,120,3,9,1,6
pb,20419,ITAPORANGA,2507002,56,56,17565,17565,13143,13923,188,592,18:33:18,1,2,360,3220,2,9241,211,85,4,5,2,10
pb,20435,ITAPOROROCA,2507101,43,35,14182,11412,9019,9617,188,410,19:22:13,3,0,246,2409,0,6178,108,65,1,2,1,6
pb,20451,ITATUBA,2507200,31,30,9118,8786,6820,7386,135,431,19:08:40,0,2,142,1954,0,4636,52,25,1,3,1,4
pb,20478,JACARAÚ,2507309,44,43,14325,13952,10171,10880,185,524,19:26:07,0,1,321,3430,1,6154,178,69,0,8,2,7
pb,20494,JERICÓ,2507408,21,21,6938,6938,5061,5316,63,192,19:20:56,1,0,108,1212,0,3696,31,9,1,1,0,2
pb,19666,JOCA CLAUDINO,2513653,10,10,2516,2516,1877,1999,12,110,18:37:34,0,1,32,297,1,1496,34,15,1,0,0,0
pb,20516,JOÃO PESSOA,2507507,1714,1697,591750,585410,466038,491146,9329,15779,19:31:15,205,57,17646,212851,200,216684,10917,5975,82,654,45,722
pb,20532,JUAREZ TÁVORA,2507606,24,23,7954,7588,5831,6268,130,307,19:29:39,0,0,135,1448,0,4178,47,21,0,0,1,1
pb,20559,JUAZEIRINHO,2507705,49,49,14045,14045,10630,11453,221,602,18:30:20,1,0,188,2803,4,7484,110,31,0,3,1,5
pb,20575,JUNCO DO SERIDÓ,2507804,20,20,5990,5990,4621,4962,94,247,18:59:08,1,1,167,1187,1,3154,84,22,1,0,0,3
pb,20591,JURIPIRANGA,2507903,33,33,9829,9829,7472,8102,162,468,18:25:57,1,1,156,2253,0,4914,106,37,0,1,0,3
pb,20613,JURU,2508000,31,31,8201,8201,5998,6372,81,293,19:14:09,0,0,124,1040,3,4766,42,23,0,0,0,0
pb,20630,LAGOA,2508109,18,18,4698,4698,3540,3780,60,180,18:33:57,1,0,91,595,1,2777,53,11,0,8,1,2
pb,20656,LAGOA DE DENTRO,2508208,23,12,7869,3981,2831,3029,57,141,19:20:57,1,1,71,778,0,1927,38,12,0,0,0,3
pb,20672,LAGOA SECA,2508307,68,67,22056,21675,16882,18458,587,989,19:20:57,8,3,483,6104,9,9888,234,131,1,12,2,7
pb,20699,LASTRO,2508406,14,14,4395,4395,3466,3635,46,123,18:47:46,0,1,63,717,1,2619,39,21,1,0,0,4
pb,20710,LIVRAMENTO,2508505,20,20,5930,5930,4396,4721,90,235,18:26:24,0,0,128,1034,2,3164,39,27,0,0,0,2
pb,19160,LOGRADOURO,2508554,15,15,4789,4789,3737,3966,52,177,19:20:56,1,0,89,1245,1,2318,62,16,1,3,0,1
pb,20737,LUCENA,2508604,42,42,12879,12879,9873,10535,196,466,19:12:59,6,0,265,3248,0,6131,142,68,0,8,0,5
pb,20770,MALTA,2508802,18,18,5263,5263,3979,4208,58,171,18:21:55,2,0,70,686,0,3150,50,19,0,0,0,2
pb,20796,MAMANGUAPE,2508901,115,115,34604,34604,26085,28258,745,1428,19:08:10,11,3,855,9234,3,15315,468,179,0,3,4,10
pb,20818,MANAÍRA,2509008,31,26,9110,7503,5513,5930,60,357,19:32:16,0,1,85,762,1,4568,55,26,0,4,0,11
pb,19968,MARCAÇÃO,2509057,26,25,7913,7586,5764,6159,136,259,19:29:39,0,0,88,1160,2,4425,59,23,1,3,1,2
pb,20834,MARI,2509107,65,65,18460,18460,14497,15590,279,814,19:09:27,3,3,352,4108,4,9729,213,74,0,5,3,3
pb,19461,MARIZÓPOLIS,2509156,20,18,6301,5606,4385,4689,71,233,19:22:36,0,0,180,1372,1,2743,53,35,0,1,0,0
pb,20850,MASSARANDUBA,2509206,37,37,12155,12155,9256,10218,288,674,19:20:56,6,1,212,2610,3,6224,132,62,1,0,1,4
pb,20877,MATARACA,2509305,28,28,8714,8714,6330,6817,149,338,18:46:34,0,0,145,1965,1,4083,98,35,0,2,0,1
pb,19143,MATINHAS,2509339,15,15,4881,4881,3538,3902,111,253,19:29:39,1,0,82,722,1,2680,29,21,1,0,0,1
pb,19488,MATO GROSSO,2509370,10,10,3319,3319,2101,2229,23,105,18:48:45,0,0,29,404,1,1635,20,12,0,0,0,0
pb,19984,MATURÉIA,2509396,24,24,5807,5807,4368,4708,88,252,17:55:29,0,1,75,804,0,3434,37,13,0,1,0,3
pb,20893,MOGEIRO,2509404,37,36,11482,11146,8556,9215,174,485,19:15:09,0,0,196,2674,2,5562,76,39,0,3,0,4
pb,20915,MONTADAS,2509503,15,15,5373,5373,4149,4520,103,268,19:13:00,1,1,159,1153,0,2762,45,24,0,2,1,1
pb,20931,MONTE HOREBE,2509602,15,15,4313,4313,3152,3369,43,174,18:19:25,0,1,93,605,0,2398,43,10,1,0,0,1
pb,20958,MONTEIRO,2509701,98,97,27191,26863,20656,22072,414,1002,19:16:13,1,4,400,4629,2,15101,402,96,3,5,1,12
pb,20974,MULUNGU,2509800,33,33,9094,9094,7206,7723,150,367,18:42:10,1,1,196,1761,1,5094,94,49,0,5,0,4
pb,20753,MÃE D'ÁGUA,2508703,17,17,3876,3876,3079,3234,33,122,17:49:28,0,1,78,634,1,2314,34,15,0,1,0,1
pb,20990,NATUBA,2509909,25,17,6840,4561,3341,3691,78,272,19:31:15,0,1,78,845,1,2337,52,21,0,2,0,4
pb,21016,NAZAREZINHO,2510006,26,26,7091,7091,5532,5855,80,243,19:16:13,0,0,109,1039,0,4305,56,21,0,0,1,1
pb,21032,NOVA FLORESTA,2510105,29,29,8307,8307,6222,6660,79,359,19:04:33,3,0,229,1552,0,4309,94,31,0,0,0,4
pb,21059,NOVA OLINDA,2510204,20,20,5895,5895,3942,4241,45,254,18:23:59,0,0,80,709,0,3092,44,15,0,1,0,1
pb,21075,NOVA PALMEIRA,2510303,13,13,3681,3681,3069,3252,60,123,18:13:51,1,0,91,533,1,2373,60,9,0,0,0,1
pb,21091,OLHO D'ÁGUA,2510402,26,26,7440,7440,5282,5734,87,365,19:16:39,0,0,121,1266,0,3802,64,27,0,0,2,0
pb,21113,OLIVEDOS,2510501,13,13,4073,4073,3169,3401,71,161,18:37:33,0,0,115,895,0,2103,37,17,0,1,0,1
pb,21130,OURO VELHO,2510600,12,12,3098,3098,2527,2676,25,124,17:55:29,1,1,42,476,0,1975,22,9,0,0,0,1
pb,19720,PARARI,2510659,9,9,2403,2403,1925,2052,26,101,18:22:15,0,0,35,423,1,1434,19,10,0,0,2,1
pb,21156,PASSAGEM,2510709,10,10,2846,2846,2177,2282,24,81,17:41:59,0,0,51,604,0,1485,27,10,0,0,0,0
pb,21172,PATOS,2510808,233,233,67671,67671,52322,55648,1135,2191,19:12:43,12,5,1566,17681,14,31431,1159,363,6,50,3,32
pb,21199,PAULISTA,2510907,34,33,10996,10665,8275,8765,99,391,19:31:55,0,1,268,2454,1,5397,130,21,1,0,0,2
pb,21210,PEDRA BRANCA,2511004,14,14,4075,4075,3004,3192,39,149,18:43:17,0,0,89,826,2,2025,30,28,0,2,1,1
pb,21237,PEDRA LAVRADA,2511103,23,23,5944,5944,4792,5108,84,232,17:44:15,6,0,145,1000,0,3540,67,27,0,2,2,3
pb,21253,PEDRAS DE FOGO,2511202,78,75,25239,24010,18403,19692,426,863,19:20:58,0,3,388,6057,1,11562,279,96,4,2,0,11
pb,19747,PEDRO RÉGIS,2512721,18,18,5725,5725,3934,4317,111,272,19:24:42,1,1,126,1273,1,2448,49,34,0,1,0,0
pb,21270,PIANCÓ,2511301,44,44,12777,12777,9527,10157,155,475,19:24:42,2,1,261,2576,1,6507,111,56,0,1,1,10
pb,21296,PICUÍ,2511400,59,59,15036,15036,11719,12528,217,592,18:32:15,4,0,291,3308,2,7815,200,86,0,5,0,8
pb,21318,PILAR,2511509,33,33,10756,10756,8480,9122,186,456,19:23:45,3,1,260,2659,2,5404,89,60,0,1,0,1
pb,21334,PILÕES,2511608,27,27,7122,7122,5343,5766,123,300,18:44:24,2,1,126,1212,0,3896,65,37,0,1,0,3
pb,21350,PILÕEZINHOS,2511707,21,20,5890,5573,4256,4571,101,214,18:59:29,1,2,111,956,2,3106,60,15,0,2,0,1
pb,21377,PIRPIRITUBA,2511806,34,34,8201,8201,6388,6805,143,274,18:48:45,1,0,222,1621,1,4375,109,51,1,3,1,3
pb,21393,PITIMBU,2511905,42,15,13151,4432,3383,3597,72,142,19:07:45,0,0,108,1022,0,2197,40,13,0,1,1,1
pb,21415,POCINHOS,2512002,50,50,15440,15440,11818,12851,327,706,18:42:09,0,0,370,3914,4,7251,178,82,0,5,2,12
pb,21431,POMBAL,2512101,88,87,25859,25512,19581,20749,296,872,19:20:56,1,3,529,6418,4,12170,297,138,2,10,1,8
pb,19640,POÇO DANTAS,2512036,14,13,4135,3788,2815,2952,26,111,19:15:10,1,0,73,318,0,2380,32,11,0,0,0,0
pb,19526,POÇO DE JOSÉ DE MOURA,2512077,17,17,4432,4432,3495,3711,44,172,19:29:39,1,0,74,561,2,2786,57,12,0,1,1,0
pb,21458,PRATA,2512200,14,14,4236,4236,3278,3485,52,155,19:02:50,0,1,50,904,1,2273,31,16,0,0,1,1
pb,21474,PRINCESA ISABEL,2512309,51,50,16939,16574,12110,12924,190,624,19:24:42,0,1,245,2244,4,9322,236,45,1,2,1,9
pb,21490,PUXINANÃ,2512408,39,39,12878,12878,10086,11021,300,635,19:04:14,2,1,381,3204,1,6222,179,81,1,6,2,6
pb,21512,QUEIMADAS,2512507,137,137,36681,36681,28356,30591,680,1555,19:04:33,4,3,720,7873,6,19096,458,143,3,13,6,31
pb,21539,QUIXABA,2512606,8,8,2501,2501,1958,2089,37,94,19:01:41,1,0,39,590,0,1286,24,18,0,0,0,0
pb,21555,REMÍGIO,2512705,50,50,15062,15062,11510,12208,176,522,18:41:12,1,1,317,2589,2,8385,154,48,1,7,2,3
pb,19828,RIACHO DE SANTO ANTÔNIO,2512788,9,9,2834,2834,2270,2410,35,105,18:15:18,0,1,47,799,0,1389,23,11,0,0,0,0
pb,21571,RIACHO DOS CAVALOS,2512804,26,26,8428,8428,6748,7126,117,261,19:26:07,0,1,120,1403,2,5133,58,25,0,0,2,4
pb,19208,RIACHÃO,2512747,11,11,3550,3550,2637,2795,42,116,18:54:42,0,1,40,588,0,1975,16,15,0,2,0,0
pb,19127,RIACHÃO DO BACAMARTE,2512754,18,18,4999,4999,3809,4193,91,293,19:12:43,0,4,86,1069,0,2576,44,20,0,6,1,3
pb,19003,RIACHÃO DO POÇO,2512762,20,15,4868,3492,2764,2952,48,140,19:11:09,2,0,65,843,0,1808,27,17,0,1,0,1
pb,21598,RIO TINTO,2512903,66,63,18838,17775,14091,15075,310,674,19:09:47,4,1,351,4538,1,8916,191,81,0,2,0,6
pb,21610,SALGADINHO,2513000,13,13,3477,3477,2526,2703,51,126,19:20:58,1,0,99,738,0,1645,33,8,0,1,0,1
pb,21636,SALGADO DE SÃO FÉLIX,2513109,41,41,10366,10366,7779,8329,149,401,18:44:24,5,0,178,2070,1,5369,113,34,1,6,0,2
pb,20001,SANTA CECÍLIA,2513158,24,21,7090,6076,4976,5281,81,224,19:26:07,0,1,148,1328,1,3404,64,29,0,1,0,0
pb,21652,SANTA CRUZ,2513208,26,26,5529,5529,4503,4683,49,131,18:17:15,1,0,71,780,1,3572,48,28,0,1,0,1
pb,21679,SANTA HELENA,2513307,21,20,5959,5627,4325,4574,46,203,19:07:45,1,0,48,612,0,3537,104,21,0,1,0,1
pb,19569,SANTA INÊS,2513356,13,13,3848,3848,2878,3027,21,128,18:39:55,1,0,41,361,1,2441,21,11,0,0,0,1
pb,21695,SANTA LUZIA,2513406,47,47,12261,12261,9759,10398,249,390,17:49:28,0,1,336,3022,2,6173,151,62,2,3,0,7
pb,21750,SANTA RITA,2513703,332,325,103539,101118,78732,85087,2325,4030,20:02:02,34,10,2674,32112,18,41773,1348,631,7,60,5,60
pb,21776,SANTA TERESINHA,2513802,22,22,5773,5773,4394,4673,81,198,18:31:54,0,1,109,1199,0,2993,69,20,0,1,0,2
pb,21717,SANTANA DE MANGUEIRA,2513505,16,16,4562,4562,3333,3561,45,183,19:09:28,3,0,77,444,1,2757,31,15,2,2,1,0
pb,21733,SANTANA DOS GARROTES,2513604,25,25,6318,6318,4592,4951,60,299,18:32:16,1,1,123,1039,1,3327,66,29,0,5,0,0
pb,19267,SANTO ANDRÉ,2513851,9,9,3035,3035,2322,2470,35,113,19:14:09,0,0,62,546,1,1688,8,14,0,2,0,1
pb,22071,SAPÉ,2515302,138,138,38037,38037,29004,31470,824,1642,19:13:47,3,7,673,9366,7,18302,381,226,3,10,4,22
pb,22110,SERRA BRANCA,2515500,36,36,10863,10863,8418,8928,130,380,19:22:13,1,0,148,2291,1,5775,141,46,0,8,0,7
pb,22136,SERRA DA RAIZ,2515609,11,11,3167,3167,2424,2595,50,121,17:58:52,0,1,51,738,1,1584,27,18,0,2,1,1
pb,22152,SERRA GRANDE,2515708,10,10,3110,3110,2338,2453,33,82,18:56:36,0,0,43,324,1,1915,37,16,0,1,0,1
pb,22179,SERRA REDONDA,2515807,25,25,6492,6492,5151,5531,104,276,19:08:40,2,3,145,1205,0,3722,44,26,0,1,0,3
pb,22195,SERRARIA,2515906,17,17,4595,4595,3329,3626,68,229,18:21:12,2,0,100,793,3,2346,55,29,0,0,1,0
pb,19186,SERTÃOZINHO,2515930,16,16,5104,5104,3974,4250,94,182,19:14:10,0,0,130,991,0,2759,70,21,0,0,2,1
pb,19020,SOBRADO,2515971,28,26,8060,7398,5704,6160,156,300,19:11:30,0,1,127,1771,0,3712,42,45,0,2,0,4
pb,22233,SOLEDADE,2516102,39,36,11716,10765,8455,9099,185,459,19:20:57,0,0,239,2414,3,5629,97,62,2,3,1,5
pb,22217,SOLÂNEA,2516003,72,72,22196,22196,16689,17851,322,840,19:20:58,7,1,535,4787,3,11013,220,105,1,7,0,10
pb,19283,SOSSÊGO,2516151,11,11,3672,3672,2990,3174,31,153,19:11:30,0,0,71,534,0,2347,31,5,0,0,0,2
pb,22250,SOUSA,2516201,163,152,48187,44357,35512,37590,724,1354,19:26:06,6,4,1135,10676,8,22718,687,246,4,7,2,19
pb,22276,SUMÉ,2516300,52,52,14168,14168,10955,11522,116,451,19:12:59,1,1,181,2432,3,8123,157,44,0,4,2,7
pb,19402,SÃO BENTINHO,2513927,12,12,3802,3802,2816,3005,31,158,18:41:12,0,1,54,494,0,2216,32,16,0,1,0,2
pb,21792,SÃO BENTO,2513901,94,94,29523,29523,23247,24610,395,968,19:29:40,4,1,1080,10379,3,11253,396,112,0,6,2,11
pb,19429,SÃO DOMINGOS,2513968,10,10,3287,3287,2448,2623,45,130,18:44:24,0,0,40,616,0,1758,25,8,0,0,0,1
pb,19224,SÃO DOMINGOS DO CARIRI,2513943,10,10,3072,3072,2355,2491,31,105,17:43:15,2,0,71,644,0,1592,38,5,0,1,0,2
pb,19860,SÃO FRANCISCO,2513984,17,17,4138,4138,3287,3507,64,156,18:56:36,0,0,126,810,0,2305,27,17,0,1,1,0
pb,21857,SÃO JOSÉ DA LAGOA TAPADA,2514206,27,26,7125,6776,5157,5578,82,339,18:21:55,1,0,74,988,1,3989,69,32,0,0,0,3
pb,21873,SÃO JOSÉ DE CAIANA,2514305,18,18,5643,5643,3899,4083,32,152,19:00:41,0,1,74,778,0,2958,70,16,0,1,0,1
pb,21890,SÃO JOSÉ DE ESPINHARAS,2514404,15,15,4450,4450,3564,3747,46,137,18:38:47,0,1,66,773,0,2660,44,16,0,1,0,3
pb,21911,SÃO JOSÉ DE PIRANHAS,2514503,58,56,15561,15017,11425,12126,199,502,19:16:13,3,0,255,1971,1,8937,182,67,4,0,0,5
pb,19445,SÃO JOSÉ DE PRINCESA,2514552,13,13,3236,3236,2376,2590,38,176,19:07:45,0,3,28,317,0,1990,18,17,0,3,0,0
pb,21938,SÃO JOSÉ DO BONFIM,2514602,16,16,4531,4531,3505,3747,61,181,18:13:33,0,0,87,995,1,2365,37,18,0,1,0,1
pb,19542,SÃO JOSÉ DO BREJO DO CRUZ,2514651,8,8,2613,2613,2015,2113,23,75,18:41:12,2,0,63,620,0,1293,27,10,0,0,0,0
pb,21954,SÃO JOSÉ DO SABUGI,2514701,17,17,4227,4227,3632,3827,48,147,19:07:02,1,3,98,1023,0,2460,26,18,0,2,0,1
pb,21970,SÃO JOSÉ DOS CORDEIROS,2514800,13,13,3778,3778,2936,3103,47,120,18:28:24,0,0,28,557,1,2297,21,26,0,2,0,4
pb,19046,SÃO JOSÉ DOS RAMOS,2514453,18,18,5940,5940,4387,4772,115,270,19:20:59,0,1,98,1118,0,3104,41,22,0,2,1,0
pb,21814,SÃO JOÃO DO CARIRI,2514008,17,17,4578,4578,3717,3895,48,130,18:09:57,0,0,47,752,4,2856,38,20,0,0,0,0
pb,19135,SÃO JOÃO DO RIO DO PEIXE,2500700,56,56,14571,14571,11402,12253,234,617,19:23:45,2,0,208,2155,4,8769,197,60,1,0,1,5
pb,21830,SÃO JOÃO DO TIGRE,2514107,13,8,3965,2450,1862,2022,25,135,19:24:43,0,0,13,339,0,1478,15,12,0,3,0,2
pb,21997,SÃO MAMEDE,2514909,27,27,7110,7110,5348,5602,73,181,19:03:13,1,3,162,1627,0,3456,61,33,1,0,0,4
pb,22012,SÃO MIGUEL DE TAIPU,2515005,19,18,6576,6229,4786,5180,150,244,19:20:59,0,1,108,1914,1,2675,51,32,0,0,0,4
pb,22039,SÃO SEBASTIÃO DE LAGOA DE ROÇA,2515104,29,29,9171,9171,6839,7512,211,462,18:50:16,0,2,208,1963,3,4471,127,58,0,2,1,4
pb,22055,SÃO SEBASTIÃO DO UMBUZEIRO,2515203,12,12,3304,3304,2517,2723,40,166,18:48:46,1,0,42,357,1,2085,22,9,0,0,0,0
pb,22098,SÃO VICENTE DO SERIDÓ,2515401,31,31,9254,9254,7063,7595,170,362,18:44:46,2,0,219,1370,0,5352,67,41,1,2,2,7
pb,22292,TACIMA,2516409,27,27,8148,8148,6023,6417,116,278,18:27:10,0,3,135,1635,0,4139,74,33,0,1,0,3
pb,22314,TAPEROÁ,2516508,38,38,11366,11366,8220,8863,150,493,18:31:54,0,3,161,1825,6,6102,79,42,0,0,0,2
pb,22330,TAVARES,2516607,44,44,11897,11897,8490,9050,108,452,19:23:27,1,2,85,1172,3,7091,118,14,1,2,0,1
pb,22357,TEIXEIRA,2516706,42,29,12091,7664,5702,6077,106,269,18:33:58,2,0,85,1160,0,4377,50,26,0,1,1,0
pb,19682,TENÓRIO,2516755,10,10,3314,3314,2593,2751,25,133,19:08:40,0,1,46,622,2,1889,26,7,0,0,0,0
pb,22373,TRIUNFO,2516805,29,29,7597,7597,5910,6192,74,208,18:41:11,0,0,135,823,1,4848,78,22,0,1,0,2
pb,22390,UIRAÚNA,2516904,47,30,13083,7927,6183,6557,69,305,19:31:55,0,1,154,1181,2,4724,79,36,0,3,1,2
pb,22411,UMBUZEIRO,2517001,25,21,7797,6547,5028,5397,97,272,19:16:39,0,1,113,1204,3,3606,71,24,1,2,1,2
pb,19887,VIEIRÓPOLIS,2517209,18,17,5431,5012,3904,4154,46,204,19:29:39,0,1,72,809,0,2953,40,26,0,1,1,1
pb,20117,VISTA SERRANA,2505501,13,13,3470,3470,2573,2693,33,87,17:36:21,0,0,57,521,0,1934,41,19,0,1,0,0
pb,22438,VÁRZEA,2517100,10,10,2845,2845,2371,2471,41,59,18:21:55,0,0,61,502,2,1755,29,19,0,0,0,3
pb,19348,ZABELÊ,2517407,9,9,2666,2666,2002,2160,25,133,19:22:36,0,1,30,318,0,1616,31,6,0,0,0,0
pb,19011,ÁGUA BRANCA,2500106,33,33,8397,8397,6282,6682,85,315,18:42:10,1,0,141,1112,4,4874,111,33,0,1,0,5
pa,04014,ABAETETUBA,1500107,388,246,123890,78232,64739,66901,583,1579,19:32:17,16,6,1248,16961,12,44869,1153,417,1,29,3,24
pa,04502,ABEL FIGUEIREDO,1500131,21,21,6010,6010,4404,4601,36,161,18:50:02,0,1,83,2081,4,2182,36,15,0,0,0,2
pa,04030,ACARÁ,1500206,171,105,48817,29094,23222,24234,159,853,19:30:21,1,1,398,7239,6,15040,267,244,0,10,0,16
pa,04057,AFUÁ,1500305,99,97,29760,29089,21727,22759,145,887,19:13:50,3,1,721,6793,1,13843,216,142,1,4,1,1
pa,04073,ALENQUER,1500404,183,121,45624,29496,22992,23730,147,591,19:32:17,4,2,491,11467,0,10557,278,167,1,15,0,10
pa,04090,ALMEIRIM,1500503,99,80,23890,19108,13766,14299,102,431,19:22:14,4,0,265,4468,3,8788,192,40,0,2,1,3
pa,04111,ALTAMIRA,1500602,315,293,86743,78978,59174,61543,691,1678,19:30:03,20,12,1282,37872,17,18210,1119,576,4,30,3,29
pa,04138,ANAJÁS,1500701,86,84,22636,22022,16570,17413,59,784,19:28:57,2,5,724,7136,2,8236,303,151,0,4,1,6
pa,04154,ANANINDEUA,1500800,1058,1058,358249,358249,283649,297406,4896,8861,19:25:23,141,46,10901,130954,126,127573,8201,4868,45,454,61,279
pa,04723,ANAPU,1500859,77,36,25278,11544,8368,8677,85,224,19:29:41,1,1,94,5752,0,2366,63,87,0,0,0,4
pa,04170,AUGUSTO CORRÊA,1500909,141,114,39219,31702,24145,25471,191,1135,19:32:17,3,2,797,6898,4,15905,305,217,1,4,0,9
pa,04340,AURORA DO PARÁ,1500958,74,74,18265,18265,13948,14648,97,603,19:30:21,1,3,261,4466,1,8980,138,78,0,6,4,10
pa,04197,AVEIRO,1501006,57,56,11870,11510,8550,8822,45,227,19:20:57,0,0,119,3936,0,4347,61,85,0,1,0,1
pa,04219,BAGRE,1501105,54,48,16607,14510,11054,11501,50,397,19:30:41,1,2,169,2522,0,8222,101,36,0,1,0,0
pa,04235,BAIÃO,1501204,103,88,27595,22685,17976,18697,152,569,19:22:13,1,3,306,5173,3,12229,160,97,1,3,0,0
pa,04588,BANNACH,1501253,12,12,3170,3170,2322,2393,11,60,18:10:53,0,0,44,1525,0,690,24,38,1,0,0,0
pa,04251,BARCARENA,1501303,322,276,102889,88457,69020,72072,1035,2017,19:25:24,33,17,2583,23663,8,40389,1603,598,2,48,4,72
pa,04804,BELTERRA,1501451,73,69,17778,16707,12969,13472,130,373,20:04:54,1,2,238,6855,1,5492,237,132,0,3,0,8
pa,04278,BELÉM,1501402,2989,2976,1048781,1043601,822277,862369,14155,25937,19:29:42,386,156,28019,359802,421,394498,21364,14785,84,1470,164,1128
pa,04294,BENEVIDES,1501501,154,147,49269,46697,37404,39206,576,1226,19:24:15,12,10,987,16294,6,18833,744,466,4,29,1,18
pa,04049,BOM JESUS DO TOCANTINS,1501576,44,41,12477,11652,8684,9013,48,281,19:16:16,2,1,190,4321,0,4002,84,70,0,7,0,7
pa,04316,BONITO,1501600,47,36,12897,10084,7858,8270,76,336,19:22:14,0,0,196,2468,0,5028,100,60,0,5,0,1
pa,04332,BRAGANÇA,1501709,341,226,94963,63355,48494,50508,523,1491,19:28:57,15,7,1886,19100,8,25846,975,584,2,35,3,33
pa,04227,BRASIL NOVO,1501725,59,50,16697,13630,10586,10937,84,267,19:29:41,0,0,149,7524,1,2709,115,76,0,5,0,7
pa,05932,BREJO GRANDE DO ARAGUAIA,1501758,26,22,6821,5795,4409,4565,24,132,18:31:56,0,0,54,2144,0,2129,51,30,0,0,0,1
pa,04448,BREU BRANCO,1501782,122,121,32173,31788,23053,24070,193,824,19:29:40,5,7,495,10379,2,11702,286,160,0,9,1,7
pa,04359,BREVES,1501808,239,193,77288,61889,47319,49356,279,1758,19:29:42,6,9,1001,16656,3,28627,676,305,3,15,2,16
pa,04375,BUJARU,1501907,79,45,21846,12138,10102,10463,104,257,19:29:40,2,1,203,3230,0,6476,77,107,0,4,0,2
pa,04391,CACHOEIRA DO ARARI,1502004,66,63,18975,18190,13999,14607,95,513,19:24:15,0,1,159,2848,1,10798,69,115,0,4,0,4
pa,04766,CACHOEIRA DO PIRIÁ,1501956,58,51,14421,12591,9797,10230,81,352,19:28:57,0,1,206,3201,0,6236,94,55,1,2,0,1
pa,04413,CAMETÁ,1502103,357,164,106190,48095,40401,41729,328,1000,20:02:04,5,6,579,9585,11,29520,522,138,2,22,0,11
pa,04707,CANAÃ DOS CARAJÁS,1502152,204,130,73378,46771,33555,34566,390,621,19:31:11,5,3,1017,20845,8,10654,705,273,2,16,1,26
pa,04430,CAPANEMA,1502202,203,156,54759,41177,32410,33853,444,999,19:31:56,10,2,877,13401,5,17012,729,328,1,24,0,21
pa,04456,CAPITÃO POÇO,1502301,153,125,42609,33642,27106,28205,275,824,19:30:02,5,6,625,10716,3,15175,420,140,0,7,2,7
pa,04472,CASTANHAL,1502400,455,408,143934,128963,103611,107671,1385,2675,20:02:03,37,10,3821,52440,23,43254,2190,1601,2,149,18,66
pa,04499,CHAVES,1502509,63,62,15966,15605,10555,11201,52,594,19:16:40,0,3,245,3247,2,6887,61,107,0,2,1,0
pa,04510,COLARES,1502608,49,31,12702,8117,6400,6665,81,184,19:29:40,1,3,166,1555,0,4548,73,48,0,3,0,3
pa,04537,CONCEIÇÃO DO ARAGUAIA,1502707,115,111,33537,32290,23084,24164,224,856,19:29:42,1,5,469,13371,4,8447,339,418,2,12,3,13
pa,05819,CONCÓRDIA DO PARÁ,1502756,82,38,24113,10972,8761,9110,71,278,19:23:27,2,4,107,3581,2,4912,101,48,0,4,0,0
pa,04529,CUMARU DO NORTE,1502764,30,28,8216,7520,5434,5579,31,114,19:02:31,3,0,71,3785,3,1512,27,32,0,0,0,1
pa,05851,CURIONÓPOLIS,1502772,56,46,17009,14200,10480,10929,85,364,19:22:36,3,1,253,5899,0,4101,159,52,0,7,1,4
pa,04553,CURRALINHO,1502806,87,49,25964,13005,10555,10946,34,357,19:24:38,0,0,91,2210,1,8086,119,44,0,0,1,3
pa,04740,CURUÁ,1502855,51,45,11427,9750,7941,8179,34,204,19:22:14,1,3,219,1966,2,5671,49,26,0,2,1,1
pa,04570,CURUÇÁ,1502905,124,111,36832,32725,24731,25943,254,958,19:25:24,3,1,536,6482,4,17263,259,168,0,4,1,10
pa,05975,DOM ELISEU,1502939,112,106,30137,28032,21733,22445,171,541,19:20:57,3,4,376,11516,1,9314,381,124,1,7,0,6
pa,04120,ELDORADO DOS CARAJÁS,1502954,77,66,20306,17143,13131,13658,104,423,19:28:56,2,2,236,6763,0,5822,188,112,0,3,0,3
pa,04596,FARO,1503002,29,29,7131,7131,5280,5417,30,107,18:15:04,0,0,81,1242,1,3894,52,10,0,0,0,0
pa,04561,FLORESTA DO ARAGUAIA,1503044,49,49,13756,13756,10417,10839,76,346,19:29:42,3,2,200,5926,0,4084,104,91,0,1,0,6
pa,05878,GARRAFÃO DO NORTE,1503077,77,22,22326,6585,4993,5270,48,229,20:04:54,1,0,126,1551,0,3194,70,49,0,2,0,0
pa,04006,GOIANÉSIA DO PARÁ,1503093,87,78,21405,18363,13899,14468,124,445,19:29:42,4,1,294,6613,2,6690,149,130,0,9,0,7
pa,04618,GURUPÁ,1503101,89,61,24520,15855,12883,13365,51,431,20:05:06,0,0,199,3776,0,8724,125,57,0,0,0,2
pa,04634,IGARAPÉ-AÇU,1503200,104,90,31175,26405,21236,22310,260,814,19:32:17,2,1,429,6275,3,14074,285,155,0,2,1,9
pa,04650,IGARAPÉ-MIRI,1503309,166,132,53657,41776,34439,35768,288,1041,20:02:03,5,6,758,12028,4,20819,408,349,2,42,1,17
pa,04677,INHANGAPI,1503408,34,30,9354,7918,6526,6802,55,221,19:25:45,1,0,148,2502,0,3712,71,84,0,6,0,2
pa,04189,IPIXUNA DO PARÁ,1503457,93,71,24689,18429,13698,14450,118,634,19:31:56,1,1,228,5164,1,8038,163,91,1,6,0,4
pa,04693,IRITUIA,1503507,102,35,26388,8473,6824,7089,71,194,19:20:57,0,0,175,2001,2,4466,114,57,1,4,1,3
pa,04715,ITAITUBA,1503606,287,275,85347,82030,58919,61231,654,1658,19:31:56,9,5,1221,40732,6,15598,810,481,6,22,4,25
pa,04731,ITUPIRANGA,1503705,121,105,32730,28004,20962,21724,152,610,20:05:06,4,5,440,9496,2,10572,275,157,0,6,1,4
pa,04200,JACAREACANGA,1503754,55,55,13777,13777,9708,10226,41,477,19:22:15,2,0,82,4841,2,4694,46,38,1,2,0,0
pa,04758,JACUNDÁ,1503804,117,107,30585,27386,20997,22014,215,802,19:29:42,7,5,467,10450,6,9568,264,206,4,10,0,10
pa,04774,JURUTI,1503903,135,77,39112,20500,15987,16466,99,380,20:04:54,7,1,380,6297,1,9039,186,66,0,4,1,5
pa,04790,LIMOEIRO DO AJURU,1504000,78,51,22959,14633,11976,12465,88,401,19:29:42,0,1,197,2826,0,8800,102,45,0,3,0,2
pa,04812,MAGALHÃES BARATA,1504109,35,35,8796,8796,6958,7170,41,171,19:29:40,1,0,139,2100,1,4579,73,62,0,1,0,2
pa,04839,MARABÁ,1504208,583,569,179940,175225,136678,141916,1431,3807,20:05:06,39,14,3326,74672,32,54543,2508,1369,12,79,9,75
pa,04855,MARACANÃ,1504307,118,97,27798,22409,17917,18471,155,399,19:28:57,0,0,475,5679,1,11514,141,91,0,11,0,5
pa,04871,MARAPANIM,1504406,93,67,25293,17383,13824,14355,110,421,19:16:17,4,1,298,4267,3,8958,165,118,1,4,0,5
pa,04642,MARITUBA,1504422,276,275,90873,90517,71446,74763,1131,2186,19:23:48,27,16,2527,30391,23,35415,1834,1063,3,97,12,38
pa,05770,MEDICILÂNDIA,1504455,74,55,20484,15182,11702,12159,119,338,19:31:56,0,3,231,8319,2,2866,156,112,1,6,1,5
pa,04898,MELGAÇO,1504505,62,59,19565,18576,13920,14524,38,566,19:30:02,2,2,210,4794,2,8694,150,61,0,5,0,0
pa,04910,MOCAJUBA,1504604,99,69,29081,20177,16200,16752,99,453,19:31:56,2,0,369,4447,4,11079,231,62,0,5,0,1
pa,04936,MOJU,1504703,202,182,56811,50020,39915,41459,326,1218,20:04:54,1,1,903,12245,2,25814,604,290,1,38,2,14
pa,04863,MOJUÍ DOS CAMPOS,1504752,95,89,24248,22173,16922,17564,167,475,19:24:15,2,1,291,10965,3,5248,222,177,2,4,1,6
pa,04952,MONTE ALEGRE,1504802,222,155,52563,35155,28012,28873,222,639,19:31:11,4,3,596,14107,2,12791,266,231,0,6,0,6
pa,04979,MUANÁ,1504901,98,75,30413,22881,17838,18585,109,638,19:32:17,2,0,292,4046,1,13204,171,112,1,2,1,6
pa,04103,MÃE DO RIO,1504059,92,89,25345,24347,19167,20047,180,700,19:30:21,4,1,417,9105,0,9233,255,131,1,11,0,9
pa,04480,NOVA ESPERANÇA DO PIRIÁ,1504950,50,27,15528,8307,6343,6664,38,283,19:22:14,0,0,117,3209,0,2900,73,41,0,2,1,0
pa,04600,NOVA IPIXUNA,1504976,39,22,11487,6224,4751,4953,25,177,19:21:00,2,0,124,2219,0,2298,53,50,0,2,0,3
pa,04995,NOVA TIMBOTEUA,1505007,41,30,11967,8425,6526,6948,115,307,19:24:15,1,0,148,2033,1,4194,102,44,0,2,0,1
pa,04383,NOVO PROGRESSO,1505031,87,87,24783,24783,17589,18089,123,377,19:24:15,1,2,187,14798,3,2357,153,82,2,2,0,2
pa,04421,NOVO REPARTIMENTO,1505064,159,93,45702,25668,19636,20320,117,567,19:31:56,3,4,354,12070,1,6783,192,216,1,3,2,7
pa,05037,OEIRAS DO PARÁ,1505205,91,79,25487,21807,17610,18290,69,611,19:31:11,0,0,229,3523,1,13592,181,75,0,4,0,5
pa,05053,ORIXIMINÁ,1505304,195,178,50827,47006,34899,36196,345,952,19:32:17,13,8,788,16522,1,16895,450,192,5,13,1,11
pa,05959,OURILÂNDIA DO NORTE,1505437,83,82,25886,25561,18663,19225,115,447,19:17:14,7,4,403,11831,0,5985,238,171,0,6,0,18
pa,05070,OURÉM,1505403,64,46,16525,11684,9227,9654,91,336,19:29:41,2,2,188,2483,1,6358,114,74,2,1,0,2
pa,05916,PACAJÁ,1505486,99,55,29481,14730,11215,11620,76,329,19:29:40,0,2,167,7454,1,3306,121,155,2,4,0,3
pa,04162,PALESTINA DO PARÁ,1505494,21,19,5862,5349,4049,4231,21,161,18:58:09,0,0,61,1936,0,1989,40,21,1,1,0,0
pa,05096,PARAGOMINAS,1505502,246,238,76388,73950,56619,58659,494,1546,19:31:56,14,9,1053,33745,4,20180,1091,458,1,20,1,43
pa,05835,PARAUAPEBAS,1505536,586,500,201342,170478,128399,132920,1677,2844,20:04:54,42,17,4635,76188,26,43241,2770,1244,10,102,3,121
pa,04308,PAU D'ARCO,1505551,30,15,8655,4077,3006,3108,20,82,19:14:41,0,0,57,1823,0,1081,23,20,0,0,2,0
pa,05118,PEIXE-BOI,1505601,36,29,9487,7243,5765,6047,54,228,19:25:45,1,2,116,1931,0,3577,66,68,0,2,0,2
pa,04782,PIÇARRA,1505635,35,20,9403,4128,3244,3371,15,112,19:13:50,0,0,50,1741,0,1398,22,31,0,2,0,0
pa,04626,PLACAS,1505650,56,56,14807,14807,11501,11933,124,308,19:25:45,1,2,154,8356,0,2777,109,92,0,4,0,6
pa,05134,PONTA DE PEDRAS,1505700,73,69,23302,21950,16622,17405,125,658,19:22:15,5,0,282,3760,2,12228,199,131,1,6,3,5
pa,05150,PORTEL,1505809,149,130,41746,36329,26531,27896,151,1214,20:04:54,5,2,434,9584,1,16079,321,93,2,4,2,4
pa,05177,PORTO DE MOZ,1505908,83,75,23709,20807,15855,16358,57,446,19:30:40,3,1,372,6642,1,8633,146,52,0,3,0,2
pa,05193,PRAINHA,1506005,111,99,27386,23600,18196,18835,92,547,19:24:14,1,1,244,8688,0,9085,117,57,1,1,0,1
pa,05215,PRIMAVERA,1506104,36,35,11339,10941,8023,8404,81,300,20:05:07,2,0,192,2091,0,5550,127,54,0,2,1,4
pa,04685,QUATIPURU,1506112,36,36,10484,10484,7496,7784,47,241,19:29:41,1,3,208,1860,0,5282,79,58,0,4,0,1
pa,05673,REDENÇÃO,1506138,205,203,62358,61682,48072,49488,366,1050,19:25:23,11,4,908,34385,4,11586,665,467,3,18,1,20
pa,05690,RIO MARIA,1506161,50,43,13846,11408,8505,8847,55,287,19:24:14,1,1,142,5123,4,2960,93,170,2,7,0,2
pa,05738,RONDON DO PARÁ,1506187,100,92,26999,24436,18323,19105,172,610,19:22:36,2,3,274,10871,4,6794,217,144,3,3,1,7
pa,05894,RURÓPOLIS,1506195,82,70,20247,17490,13359,13847,130,358,20:04:03,4,1,207,9411,1,3414,173,134,1,7,0,6
pa,05231,SALINÓPOLIS,1506203,121,80,38078,23782,18688,19426,213,525,19:21:00,1,2,575,6775,1,10832,342,127,0,18,3,12
pa,05258,SALVATERRA,1506302,78,71,20320,18802,14504,15239,199,536,19:29:39,3,2,287,3892,2,9995,170,137,1,8,2,5
pa,04243,SANTA BÁRBARA DO PARÁ,1506351,64,42,18358,11756,9276,9734,131,327,20:02:03,1,1,225,3663,2,5087,186,103,0,1,2,5
pa,05274,SANTA CRUZ DO ARARI,1506401,28,28,7042,7042,4785,5046,28,233,18:37:16,0,1,39,1400,0,3307,14,20,3,0,0,1
pa,05290,SANTA IZABEL DO PARÁ,1506500,155,22,49185,5730,4703,4904,68,133,19:29:41,1,1,115,1742,0,2723,63,48,1,1,2,6
pa,04146,SANTA LUZIA DO PARÁ,1506559,70,48,18518,12255,9259,9749,79,411,19:22:13,2,1,159,2896,1,6039,111,39,0,4,2,5
pa,05991,SANTA MARIA DAS BARREIRAS,1506583,50,49,13340,13047,9505,9837,52,280,19:11:48,4,2,158,6437,0,2693,62,146,0,1,0,2
pa,05312,SANTA MARIA DO PARÁ,1506609,68,11,22313,3253,2556,2673,29,88,19:23:47,1,0,64,1183,0,1263,29,15,0,0,0,1
pa,05339,SANTANA DO ARAGUAIA,1506708,83,83,25280,25280,18135,18830,128,567,19:10:48,1,3,255,12320,1,5193,183,168,2,7,0,2
pa,05355,SANTARÉM,1506807,872,837,253605,242533,189878,196794,2305,4611,20:05:06,59,25,5361,103487,47,74718,3720,2107,13,189,34,118
pa,05371,SANTARÉM NOVO,1506906,27,23,6794,5534,4509,4664,26,129,19:22:37,1,0,86,1121,0,3246,41,12,0,1,0,1
pa,05398,SANTO ANTÔNIO DO TAUÁ,1507003,87,16,26159,5271,4282,4443,53,108,19:31:11,1,0,122,1780,0,2279,53,39,0,6,0,2
pa,04847,SAPUCAIA,1507755,17,0,5430,0,0,0,0,0,20:14:08,0,0,0,0,0,0,0,0,0,0,0,0
pa,05550,SENADOR JOSÉ PORFÍRIO,1507805,49,29,14884,7963,6030,6241,33,178,19:31:56,0,0,75,3895,1,1918,52,82,0,1,0,6
pa,05576,SOURE,1507904,78,53,22800,14736,11282,11696,105,309,19:31:56,2,2,228,2657,4,8202,123,59,0,3,0,2
pa,05410,SÃO CAETANO DE ODIVELAS,1507102,58,38,15886,10321,8211,8549,81,257,20:05:06,1,2,266,2193,1,5540,128,73,1,2,0,4
pa,04464,SÃO DOMINGOS DO ARAGUAIA,1507151,59,51,15405,13491,10306,10713,66,341,19:07:05,1,1,165,4841,1,5117,83,88,1,3,1,4
pa,05436,SÃO DOMINGOS DO CAPIM,1507201,104,86,25155,20107,15804,16499,130,565,19:25:23,1,1,332,4124,2,11000,181,154,3,1,1,4
pa,05479,SÃO FRANCISCO DO PARÁ,1507409,57,49,15923,13559,11100,11600,120,380,19:25:23,4,1,250,4363,0,6251,133,94,0,1,1,2
pa,05452,SÃO FÉLIX DO XINGU,1507300,154,122,43015,32861,24597,25344,122,625,20:02:03,4,0,421,18041,2,5557,244,316,2,5,1,4
pa,05797,SÃO GERALDO DO ARAGUAIA,1507458,73,44,19494,10673,8369,8671,48,254,19:22:14,2,0,153,5013,0,3032,82,87,0,0,0,0
pa,04820,SÃO JOÃO DA PONTA,1507466,24,24,6367,6367,4887,5151,65,199,19:24:37,0,0,122,1472,0,3174,65,50,0,1,0,3
pa,04065,SÃO JOÃO DE PIRABAS,1507474,64,32,18795,8959,6620,6905,54,231,19:21:00,0,0,182,1876,0,4447,60,50,0,2,0,3
pa,05495,SÃO JOÃO DO ARAGUAIA,1507508,48,25,13212,6406,4735,4913,29,149,19:20:59,0,1,67,2167,0,2420,37,41,0,1,0,1
pa,05517,SÃO MIGUEL DO GUAMÁ,1507607,152,78,42257,22430,17932,18637,232,473,19:30:21,3,0,585,7049,4,9813,313,149,1,8,2,5
pa,05533,SÃO SEBASTIÃO DA BOA VISTA,1507706,78,51,23902,14578,11711,12099,52,336,19:31:11,1,1,217,2608,1,8696,131,54,0,1,0,1
pa,04022,TAILÂNDIA,1507953,200,195,55596,54189,40813,42788,456,1519,19:10:09,8,8,1131,22548,3,16136,689,256,3,7,5,19
pa,04545,TERRA ALTA,1507961,44,32,12581,9480,7123,7388,57,208,18:58:09,2,1,153,2554,1,4274,83,50,0,4,0,1
pa,04367,TERRA SANTA,1507979,61,60,15511,15171,11645,11998,84,269,19:13:01,1,2,411,5501,0,5508,183,36,1,0,0,2
pa,05592,TOMÉ-AÇU,1508001,185,172,52852,49487,36848,38586,440,1298,19:20:57,6,7,843,16145,4,18881,665,270,2,13,2,10
pa,04669,TRACUATEUA,1508035,93,21,25730,6075,4749,4976,54,173,19:24:15,0,0,95,1374,2,3178,57,37,1,3,1,1
pa,04286,TRAIRÃO,1508050,43,34,12441,9831,7046,7309,52,211,19:29:43,2,0,177,5103,0,1642,59,54,1,6,1,1
pa,04081,TUCUMÃ,1508084,91,91,28014,28014,20314,20885,149,422,19:09:18,5,1,427,14240,0,5046,282,299,1,3,0,10
pa,05614,TUCURUÍ,1508100,236,230,73025,71228,52540,54605,530,1535,20:02:04,26,4,1293,23539,11,25953,1199,427,1,49,4,34
pa,04324,ULIANÓPOLIS,1508126,69,34,20159,9580,7430,7657,47,180,19:29:40,1,0,114,4065,0,3083,103,62,0,0,0,2
pa,05754,URUARÁ,1508159,105,87,31993,25769,19669,20402,215,518,20:02:04,1,6,294,15221,0,3785,197,147,0,6,0,12
pa,05630,VIGIA,1508209,144,38,39656,11201,8481,8853,124,248,19:30:41,5,1,265,2963,3,4991,196,45,0,5,1,6
pa,05657,VISEU,1508308,168,143,43477,35774,27417,28629,134,1078,19:31:56,2,3,396,5930,2,20631,272,158,1,8,4,10
pa,04405,VITÓRIA DO XINGU,1508357,58,54,16489,15216,11690,12113,91,332,19:29:43,4,1,196,6363,1,4835,179,99,1,6,1,4
pa,05711,XINGUARA,1508407,117,97,35427,29535,22472,23278,189,617,19:31:56,7,1,433,14954,2,6430,321,305,0,8,0,11
pa,04260,ÁGUA AZUL DO NORTE,1500347,34,32,10878,10296,7698,7923,31,194,19:24:15,1,0,187,5054,0,2294,55,100,1,3,0,3
pa,05010,ÓBIDOS,1505106,171,127,39920,28186,22324,23031,212,495,20:02:03,2,2,578,7256,2,14041,263,159,0,10,1,10
pe,26310,ABREU E LIMA,2600054,233,188,79387,63412,51527,54435,1157,1751,19:25:44,3,5,1332,19990,6,28611,819,683,2,19,5,52
pe,23019,AFOGADOS DA INGAZEIRA,2600104,103,95,30094,27440,21066,22084,351,667,19:14:11,2,1,373,5017,1,15204,263,172,0,10,0,23
pe,23035,AFRÂNIO,2600203,50,36,17488,12536,9164,9843,193,486,19:29:37,2,1,208,2859,0,5816,106,159,1,1,0,11
pe,23051,AGRESTINA,2600302,62,24,20932,6984,5497,5828,104,227,19:23:23,1,1,101,1256,0,4003,71,62,0,0,0,2
pe,23116,ALAGOINHA,2600609,43,43,12070,12070,9634,10085,145,306,19:20:55,0,1,113,1235,0,8034,118,129,0,2,0,2
pe,23132,ALIANÇA,2600708,98,84,29186,23911,17559,18710,389,762,19:24:39,3,5,315,4873,1,11872,178,291,0,3,5,13
pe,23159,ALTINHO,2600807,52,37,17270,12023,9557,10184,197,430,19:24:39,3,1,199,2248,2,6865,101,132,1,1,1,3
pe,23175,AMARAJI,2600906,50,43,17368,14849,11221,11869,222,426,19:29:40,0,0,224,3299,3,7499,68,118,0,0,0,10
pe,23191,ANGELIM,2601003,25,12,9105,4290,3338,3514,55,121,20:02:01,0,0,56,764,0,2453,37,26,0,0,1,1
pe,23213,ARARIPINA,2601102,177,88,60070,28138,21311,22504,309,884,19:25:20,1,4,576,5419,3,14791,303,189,0,5,1,19
pe,23205,ARAÇOIABA,2601052,49,38,17404,13165,10180,10771,219,372,19:22:12,0,1,261,2729,0,6889,111,181,0,2,0,6
pe,23230,ARCOVERDE,2601201,171,153,51729,44955,35314,36864,529,1021,19:30:39,7,5,815,9122,10,24425,555,323,1,15,7,29
pe,23256,BARRA DE GUABIRABA,2601300,30,27,10106,8998,7232,7532,117,183,19:20:56,0,0,115,2540,0,4444,62,69,0,0,1,1
pe,23272,BARREIROS,2601409,99,99,30474,30474,22106,23563,567,890,19:20:56,3,7,436,7196,2,13980,255,212,0,8,0,7
pe,23337,BELO JARDIM,2601706,180,97,60920,30297,23565,25189,589,1035,20:04:52,2,4,709,7255,3,14884,377,291,2,7,0,31
pe,23299,BELÉM DE MARIA,2601508,32,32,9176,9176,7325,7675,128,222,19:13:48,2,0,178,1864,2,5113,85,81,0,0,0,0
pe,23310,BELÉM DO SÃO FRANCISCO,2601607,52,49,15567,14465,10931,11412,90,391,19:30:39,0,1,249,1823,2,8596,158,98,1,2,0,1
pe,23353,BETÂNIA,2601805,30,21,10088,6901,5197,5487,58,232,20:05:06,0,0,100,613,0,4388,40,52,0,2,0,2
pe,23370,BEZERROS,2601904,152,78,48313,21800,17592,18541,375,574,19:31:55,1,4,379,4748,3,11990,219,218,0,8,0,22
pe,23396,BODOCÓ,2602001,83,51,27831,16688,12798,13433,162,473,19:20:57,0,2,226,1700,1,10542,160,154,0,5,0,8
pe,23418,BOM CONSELHO,2602100,110,74,34189,21971,16588,17420,216,616,19:25:21,2,3,284,3157,0,12721,178,238,0,1,0,4
pe,23434,BOM JARDIM,2602209,106,95,30623,26826,20408,21714,368,938,19:13:48,1,4,343,4671,3,14904,224,246,0,3,0,9
pe,23450,BONITO,2602308,92,6,30694,1781,1322,1407,17,68,19:25:44,0,0,21,300,0,962,11,28,0,0,0,0
pe,23493,BREJINHO,2602506,23,17,7811,5577,4087,4308,80,141,19:20:56,0,0,80,707,0,3191,38,67,0,1,2,1
pe,23515,BREJO DA MADRE DE DEUS,2602605,110,56,36268,17858,13134,13973,341,498,19:32:16,2,4,371,4389,3,8025,188,143,0,0,1,8
pe,23477,BREJÃO,2602407,36,33,9703,8805,6937,7299,117,245,19:12:44,1,0,132,1450,0,5176,77,88,1,1,3,8
pe,23531,BUENOS AIRES,2602704,33,25,11990,8906,6851,7260,114,295,19:30:39,0,2,91,1561,2,5070,58,63,0,0,0,4
pe,23558,BUÍQUE,2602803,117,57,42576,20112,13664,14469,193,612,19:30:38,0,4,182,2023,2,11109,140,194,0,6,0,4
pe,23574,CABO DE SANTO AGOSTINHO,2602902,496,416,172140,142637,111265,119108,2960,4883,19:30:39,21,16,3287,30925,22,73805,1662,1384,12,31,10,90
pe,23590,CABROBÓ,2603009,81,56,25723,16556,13148,13717,142,427,20:04:52,1,0,356,2455,1,10049,175,101,0,3,3,4
pe,23612,CACHOEIRINHA,2603108,51,46,16068,14616,11531,12183,255,397,19:09:46,1,2,198,2913,1,8073,180,153,1,2,0,7
pe,23639,CAETÉS,2603207,62,16,20683,5575,3698,3965,71,196,20:02:01,0,0,19,364,0,3264,24,23,0,3,0,1
pe,23671,CALUMBI,2603405,21,14,7378,4672,3703,3810,38,69,19:07:25,0,0,73,496,0,3059,40,33,0,0,0,2
pe,23655,CALÇADO,2603306,23,15,7893,4982,3902,4109,56,151,19:22:36,1,1,72,588,0,3135,39,64,0,1,0,1
pe,26298,CAMARAGIBE,2603454,355,272,127152,94497,76144,80500,1620,2736,19:29:39,16,9,2347,30011,26,41087,1340,1178,5,34,7,84
pe,23698,CAMOCIM DE SÃO FÉLIX,2603504,49,41,15623,12721,9879,10471,215,377,19:20:57,0,1,228,2765,2,6640,123,112,0,1,1,6
pe,23710,CAMUTANGA,2603603,21,20,7337,6953,5202,5534,111,221,19:23:23,1,2,92,1506,0,3456,66,71,0,1,1,6
pe,23736,CANHOTINHO,2603702,63,53,17167,13533,10285,10881,182,414,18:42:07,0,2,119,2673,0,7329,80,78,1,2,0,1
pe,23752,CAPOEIRAS,2603801,50,40,16542,12590,9107,9645,190,348,19:32:16,1,0,135,1165,2,7560,124,112,0,6,0,2
pe,23167,CARNAUBEIRA DA PENHA,2603926,37,9,12559,2157,1693,1769,23,53,18:31:55,0,0,17,108,0,1548,7,13,0,0,0,0
pe,23779,CARNAÍBA,2603900,52,36,16879,11280,8403,8852,95,354,19:23:45,0,0,136,1273,1,6824,90,69,2,2,0,6
pe,23795,CARPINA,2604007,169,94,59993,31479,25628,27010,522,860,19:22:12,2,3,596,10873,6,13315,373,406,1,15,4,34
pe,23817,CARUARU,2604106,708,360,255270,122390,99809,105066,2199,3058,20:02:01,21,7,2839,39694,25,53621,1890,1524,5,61,11,111
pe,23221,CASINHAS,2604155,40,39,12078,11684,8743,9412,218,451,19:29:36,0,1,164,1723,0,6627,82,135,0,5,1,5
pe,23833,CATENDE,2604205,85,61,25872,17474,13014,13721,223,484,20:02:01,3,1,223,3427,0,9039,163,148,1,2,3,4
pe,23850,CEDRO,2604304,29,25,10190,8742,6296,6559,71,192,19:31:55,2,0,169,1040,1,4894,84,101,0,3,1,1
pe,23876,CHÃ DE ALEGRIA,2604403,38,38,11584,11584,9061,9609,155,393,19:20:57,1,0,138,2563,1,6192,56,104,0,1,0,5
pe,23892,CHÃ GRANDE,2604502,54,26,18860,8555,6780,7191,122,289,19:14:40,0,0,174,2131,1,4331,52,86,0,3,0,2
pe,23914,CONDADO,2604601,56,33,19764,11419,8914,9466,182,370,20:04:01,0,1,150,2495,1,6044,110,107,0,2,0,4
pe,23930,CORRENTES,2604700,42,36,14583,12281,8276,8691,133,282,19:24:40,0,0,152,1516,0,6407,120,77,0,3,0,1
pe,23957,CORTÊS,2604809,38,38,11265,11265,8367,8810,136,307,19:25:21,5,1,151,2088,1,5846,129,139,0,2,0,5
pe,23973,CUMARU,2604908,49,46,14479,13313,10479,11121,160,482,19:24:38,0,0,188,2431,0,7628,111,120,0,0,0,1
pe,23990,CUPIRA,2605004,63,0,19864,0,0,0,0,0,20:14:10,0,0,0,0,0,0,0,0,0,0,0,0
pe,24015,CUSTÓDIA,2605103,84,56,29588,18865,13750,14423,160,513,20:02:02,0,0,271,1998,2,11092,178,197,0,2,1,9
pe,23140,DORMENTES,2605152,46,23,16158,7730,6125,6493,113,255,19:20:57,0,0,251,1646,2,4083,61,78,0,0,0,4
pe,24031,ESCADA,2605202,158,144,48189,42974,33602,35630,696,1332,19:29:40,9,3,995,9368,3,22409,392,385,1,8,1,28
pe,24058,EXU,2605301,85,25,29164,7797,5794,6133,85,254,19:24:40,0,1,113,911,1,4640,54,62,1,2,2,7
pe,24074,FEIRA NOVA,2605400,57,54,18025,16834,13177,14056,273,606,19:20:58,1,0,246,4270,5,8249,169,224,0,5,1,7
pe,30015,FERNANDO DE NORONHA,2605459,10,10,3657,3657,2354,2463,52,57,19:17:20,0,0,100,1019,2,1153,41,30,1,2,0,6
pe,24090,FERREIROS,2605509,29,29,10137,10137,7791,8343,202,350,19:32:16,0,0,154,2096,0,5312,87,134,0,3,0,5
pe,24112,FLORES,2605608,59,50,16541,13292,9694,10312,160,458,19:24:38,2,1,166,1411,1,7892,98,118,0,2,1,2
pe,24139,FLORESTA,2605707,75,51,25254,16664,12366,12888,97,425,19:25:43,6,1,233,1823,2,10045,155,95,0,1,0,5
pe,24155,FREI MIGUELINHO,2605806,43,41,12929,12196,10090,10491,154,247,19:23:46,2,1,239,3022,1,6573,75,172,0,3,0,2
pe,24171,GAMELEIRA,2605905,46,44,14871,14160,10314,10947,223,410,19:20:58,0,0,212,3021,1,6834,118,118,0,3,1,6
pe,24198,GARANHUNS,2606002,292,179,99315,57365,44978,47098,812,1308,20:04:52,5,3,1017,12044,3,30479,950,415,5,21,3,33
pe,24210,GLÓRIA DO GOITÁ,2606101,66,66,23472,23472,17986,19276,374,916,19:30:19,4,3,340,4406,6,12792,233,179,3,8,1,11
pe,24236,GOIANA,2606200,204,192,67037,62545,50344,53009,1152,1513,19:32:16,8,4,1196,17073,2,30756,723,524,2,10,3,43
pe,24252,GRANITO,2606309,23,17,6958,4931,3954,4099,44,101,19:20:55,0,0,76,735,0,3032,56,54,0,0,1,0
pe,24279,GRAVATÁ,2606408,185,54,67863,19354,14817,15866,402,647,19:31:56,3,6,501,5017,3,8862,223,175,0,11,1,15
pe,24295,IATI,2606507,49,20,16331,5603,3679,3909,53,177,19:16:38,0,0,33,520,0,3066,18,39,0,0,1,2
pe,24317,IBIMIRIM,2606606,68,57,21737,17636,13020,13415,105,290,20:05:05,0,1,194,1619,0,10960,149,90,0,2,0,5
pe,24333,IBIRAJUBA,2606705,24,24,6807,6807,5225,5507,101,181,19:14:39,0,2,91,1036,0,3979,65,51,0,0,0,1
pe,24350,IGARASSU,2606804,248,163,89866,57843,45300,48127,1127,1700,20:02:01,9,5,1277,14749,11,27870,746,561,2,25,4,41
pe,24376,IGUARACY,2606903,33,33,9100,9100,6898,7234,99,237,19:10:59,0,0,110,1109,0,5541,59,73,1,1,0,4
pe,24511,ILHA DE ITAMARACÁ,2607604,51,32,18612,11317,8790,9145,161,194,19:31:56,0,3,186,2323,1,6075,82,109,0,6,0,5
pe,24392,INAJÁ,2607000,45,23,15906,7433,5629,5797,33,135,19:29:40,0,0,65,539,0,4976,28,21,0,0,0,0
pe,24414,INGAZEIRA,2607109,12,7,4249,2402,1911,2000,25,64,19:08:39,0,0,33,300,0,1552,10,15,0,0,0,1
pe,24430,IPOJUCA,2607208,264,207,89076,69829,54052,56740,1122,1566,19:29:38,8,5,1438,14470,8,36726,806,526,1,15,4,45
pe,24457,IPUBI,2607307,68,34,24789,12216,8541,9009,126,342,19:22:12,0,1,301,1772,2,6243,135,81,0,2,0,4
pe,24473,ITACURUBA,2607406,17,17,4741,4741,3688,3796,19,89,18:59:10,0,0,56,507,0,3081,33,11,0,0,0,0
pe,25976,ITAMBÉ,2607653,77,68,24464,21188,16048,17021,332,641,19:23:23,0,2,242,4534,0,10802,178,263,0,5,0,22
pe,24538,ITAPETIM,2607703,38,31,11940,9505,7284,7705,99,322,19:29:39,1,0,124,1312,0,5664,92,80,0,4,0,7
pe,26336,ITAPISSUMA,2607752,59,24,21440,8555,6907,7293,157,229,19:30:39,1,1,147,1735,2,4837,96,81,0,3,0,4
pe,24554,ITAQUITINGA,2607802,39,9,12828,2475,2045,2145,36,64,18:25:55,0,0,60,598,0,1337,19,31,0,0,0,0
pe,24490,ITAÍBA,2607505,68,39,21182,11708,8643,9097,104,350,19:25:43,0,2,233,1480,2,6674,118,128,0,1,1,4
pe,24570,JABOATÃO DOS GUARARAPES,2607901,1342,1055,498555,388465,289558,307215,6822,10835,20:05:05,68,38,8605,114937,62,155428,5670,4073,30,221,31,395
pe,23302,JAQUEIRA,2607950,30,0,9225,0,0,0,0,0,20:14:10,0,0,0,0,0,0,0,0,0,0,0,0
pe,24597,JATAÚBA,2608008,51,38,15816,11187,8247,8599,131,221,19:25:21,3,0,181,1759,0,6111,115,74,0,1,0,3
pe,23264,JATOBÁ,2608057,37,22,11616,6462,4702,4884,44,138,19:29:37,1,2,107,688,0,3786,79,36,2,0,0,1
pe,24635,JOAQUIM NABUCO,2608206,44,25,14094,7268,5423,5722,117,182,19:25:43,1,0,110,1498,0,3702,49,58,1,0,0,4
pe,24619,JOÃO ALFREDO,2608107,74,62,24726,20218,15050,16000,310,640,19:29:59,1,1,383,3393,0,10864,194,192,2,6,0,14
pe,23124,JUCATI,2608255,34,24,10180,6717,5232,5520,103,185,19:20:55,3,0,61,788,0,4282,48,43,0,3,1,3
pe,24651,JUPI,2608305,49,45,13003,11691,9389,9882,191,302,19:20:57,0,0,182,1562,0,7332,186,119,2,1,1,4
pe,24678,JUREMA,2608404,36,33,12362,11271,8364,8836,143,329,19:24:38,1,0,130,1655,1,6388,99,89,0,0,0,1
pe,24694,LAGOA DE ITAENGA,2608503,56,49,18474,15723,12301,13127,264,562,19:23:45,2,0,280,3558,4,8124,119,195,3,6,3,7
pe,23027,LAGOA DO CARRO,2608453,44,24,15710,8542,6896,7290,116,278,19:29:36,1,2,163,2013,0,4544,80,88,0,2,2,1
pe,24716,LAGOA DO OURO,2608602,35,23,12046,7522,5401,5706,79,226,19:29:37,0,1,92,871,0,4278,77,75,1,2,0,4
pe,24732,LAGOA DOS GATOS,2608701,41,4,11190,932,731,773,17,25,19:09:47,0,0,11,161,0,547,5,7,0,0,0,0
pe,23183,LAGOA GRANDE,2608750,62,44,20661,14127,10785,11303,122,396,20:02:02,2,0,360,2310,0,7837,159,105,0,3,0,9
pe,24759,LAJEDO,2608800,91,47,32462,15439,11798,12425,218,409,20:04:52,1,0,327,3421,2,7739,179,121,0,1,0,7
pe,24775,LIMOEIRO,2608909,152,150,45789,44997,35753,37929,700,1476,19:13:48,5,2,687,9563,1,24465,540,441,7,5,6,31
pe,24791,MACAPARANA,2609006,66,63,20026,19112,14061,15003,279,663,19:30:38,3,2,365,4662,2,8612,162,240,0,3,2,8
pe,24813,MACHADOS,2609105,35,35,11111,11111,8524,9040,231,285,18:48:41,1,1,164,1954,0,6219,77,103,0,2,0,3
pe,23248,MANARI,2609154,45,18,14245,4859,3475,3642,26,141,19:20:57,0,1,60,376,0,2954,33,50,0,0,0,1
pe,24830,MARAIAL,2609204,30,6,8002,1537,1187,1235,10,38,19:24:39,1,0,10,353,1,799,7,15,0,0,0,1
pe,24856,MIRANDIBA,2609303,35,25,11941,8524,6126,6432,78,228,19:28:55,1,0,67,1165,1,4762,48,77,0,3,1,1
pe,25852,MOREILÂNDIA,2614303,32,29,9938,8821,6630,6882,65,187,19:14:40,1,2,67,826,3,5564,87,73,0,2,1,4
pe,24872,MORENO,2609402,138,134,48774,47228,36161,38962,1110,1691,19:24:38,1,4,939,11521,3,22624,427,598,4,9,2,29
pe,24899,NAZARÉ DA MATA,2609501,75,65,25649,21991,16963,18144,437,744,19:22:13,4,3,376,5534,6,10603,183,226,4,6,5,13
pe,24910,OLINDA,2609600,893,874,301943,295077,237690,250556,4804,8062,19:28:55,57,25,6100,87177,61,135994,4226,3534,28,146,23,319
pe,24937,OROBÓ,2609709,62,56,18326,16153,12411,13184,219,554,19:29:37,2,3,244,2368,0,9485,137,166,0,1,0,5
pe,24953,OROCÓ,2609808,41,27,12481,7466,6080,6327,54,193,19:20:57,0,0,171,1277,2,4472,71,81,0,2,1,3
pe,24970,OURICURI,2609907,148,48,48563,15124,11788,12290,94,408,19:29:36,3,3,237,2001,3,9303,142,83,1,2,3,7
pe,24996,PALMARES,2610004,128,112,40845,35002,26459,27751,473,819,19:28:54,5,5,559,7288,4,17924,351,299,1,6,3,14
pe,25011,PALMEIRINA,2610103,23,23,6511,6511,4316,4627,73,238,18:48:42,1,4,92,760,0,3348,50,50,2,3,1,5
pe,25038,PANELAS,2610202,75,75,19612,19612,15124,15960,211,625,20:04:52,4,1,364,3284,2,11111,196,150,0,3,0,9
pe,25054,PARANATAMA,2610301,49,42,11943,10134,7846,8364,123,395,19:11:44,2,1,138,1227,0,6237,125,112,0,1,0,3
pe,25070,PARNAMIRIM,2610400,61,38,18517,10916,8522,8763,57,184,19:29:37,0,0,89,1014,0,7259,99,61,0,0,0,0
pe,25097,PASSIRA,2610509,79,54,26110,16582,12766,13522,266,490,19:29:37,0,1,209,3276,2,8990,103,170,2,3,1,9
pe,25119,PAUDALHO,2610608,142,109,45812,33120,26132,27978,731,1115,20:02:01,2,3,634,9560,1,15193,334,374,0,10,1,20
pe,25135,PAULISTA,2610707,661,632,237186,226842,181200,190452,3521,5731,19:31:55,43,24,5389,67721,64,101548,3515,2499,21,97,24,255
pe,25151,PEDRA,2610806,64,57,18714,16385,12450,13267,198,619,19:20:55,1,3,184,2305,2,9745,108,93,1,4,0,4
pe,25178,PESQUEIRA,2610905,179,146,52492,41759,30381,31662,442,839,19:30:39,4,4,523,5678,0,23421,349,376,0,6,5,15
pe,25216,PETROLINA,2611101,730,544,249120,184887,144330,151685,2526,4829,20:04:52,21,16,5075,48567,30,85403,3228,1725,8,83,8,166
pe,25194,PETROLÂNDIA,2611002,87,54,26448,15179,10961,11438,150,327,19:24:40,0,1,194,2249,1,8269,155,78,1,6,0,7
pe,25259,POMBOS,2611309,61,24,20453,6370,5168,5547,134,245,19:20:56,0,2,103,1772,1,3176,35,74,0,1,1,3
pe,25232,POÇÃO,2611200,31,25,10334,8068,5770,6154,118,266,19:29:39,0,1,115,937,1,4568,55,88,0,4,1,0
pe,25275,PRIMAVERA,2611408,32,32,11000,11000,8486,8929,160,283,19:32:16,2,0,185,2270,1,5828,90,107,0,0,0,3
pe,25291,QUIPAPÁ,2611507,58,58,15431,15431,10770,11481,213,498,19:28:54,1,1,211,2002,3,8335,118,93,1,2,0,3
pe,23000,QUIXABA,2611533,21,19,6216,5471,4419,4543,32,92,19:11:20,0,0,46,522,0,3772,38,39,0,0,0,2
pe,25313,RECIFE,2611606,3481,3190,1230407,1117863,894717,940222,17389,28116,20:05:05,182,125,23104,345609,358,491703,16352,14242,119,692,99,2132
pe,25330,RIACHO DAS ALMAS,2611705,66,34,20962,9362,7795,8217,148,274,19:30:19,1,0,138,2088,1,5333,91,136,0,0,0,7
pe,25356,RIBEIRÃO,2611804,88,87,28323,27947,20797,21893,412,684,19:30:38,1,2,410,5843,1,14066,204,252,1,5,1,11
pe,25372,RIO FORMOSO,2611903,54,47,16933,14175,10592,11183,192,399,19:29:39,2,1,187,2709,3,7477,103,106,0,3,1,0
pe,25399,SAIRÉ,2612000,41,41,11278,11278,8952,9617,260,405,19:16:14,1,2,267,2705,0,5754,93,124,0,1,1,4
pe,25410,SALGADINHO,2612109,23,23,7134,7134,5255,5484,70,159,18:47:45,0,1,107,1170,0,3858,45,68,0,1,1,4
pe,25437,SALGUEIRO,2612208,132,99,43388,31546,24702,25673,327,644,19:30:39,4,1,511,5361,3,18096,387,305,0,5,0,29
pe,25453,SALOÁ,2612307,46,45,13660,13266,8922,9421,133,366,19:30:19,2,2,134,1216,2,7356,117,89,0,1,1,2
pe,25470,SANHARÓ,2612406,44,13,16323,4605,3582,3775,68,125,19:24:39,0,0,75,833,1,2593,49,31,0,0,0,0
pe,23108,SANTA CRUZ,2612455,37,16,12838,5086,4140,4261,31,90,19:31:55,0,0,114,570,0,3398,25,33,0,0,0,0
pe,23043,SANTA CRUZ DA BAIXA VERDE,2612471,27,4,9916,1506,1206,1254,14,34,19:32:16,0,0,29,210,1,936,16,14,0,0,0,0
pe,25496,SANTA CRUZ DO CAPIBARIBE,2612505,186,171,66108,60247,50038,52184,966,1180,19:23:23,6,1,2006,26419,4,19975,1011,550,5,8,2,51
pe,23329,SANTA FILOMENA,2612554,35,14,12092,4740,3725,3875,28,122,19:24:39,0,0,112,720,0,2802,27,61,0,1,0,2
pe,25518,SANTA MARIA DA BOA VISTA,2612604,97,51,30641,15191,12219,12688,136,333,19:32:16,1,3,238,2468,0,9248,119,137,0,2,0,3
pe,25534,SANTA MARIA DO CAMBUCÁ,2612703,34,31,11524,10493,8082,8613,200,331,19:23:23,0,1,189,2327,0,5373,106,79,0,1,0,6
pe,25550,SANTA TEREZINHA,2612802,28,28,8044,8044,6073,6380,90,217,19:16:14,0,1,144,1133,1,4646,73,72,0,1,0,2
pe,25771,SERRA TALHADA,2613909,194,117,63665,35281,27811,29159,384,964,19:29:39,2,6,904,7107,5,19081,381,285,1,9,1,29
pe,25798,SERRITA,2614006,51,34,17061,10878,7768,8088,70,250,19:28:55,1,2,124,1165,1,6293,99,78,0,1,0,4
pe,25810,SERTÂNIA,2614105,98,89,27423,24563,17977,18735,212,546,19:29:36,0,3,179,2810,2,14487,240,246,0,2,1,7
pe,25836,SIRINHAÉM,2614204,86,45,28560,13330,9982,10633,253,398,19:24:38,0,0,252,3012,0,6463,110,134,1,2,0,8
pe,25879,SOLIDÃO,2614402,17,0,5531,0,0,0,0,0,20:14:10,0,0,0,0,0,0,0,0,0,0,0,0
pe,25895,SURUBIM,2614501,141,91,48477,30163,24257,25654,561,836,19:29:38,3,4,601,8231,5,14746,354,287,2,2,1,21
pe,25577,SÃO BENEDITO DO SUL,2612901,27,27,7832,7832,5555,5936,104,277,19:08:11,0,1,114,1160,1,4156,55,61,0,1,0,6
pe,25593,SÃO BENTO DO UNA,2613008,113,80,38192,25549,18625,19673,364,684,19:29:59,1,4,403,4761,3,12972,267,202,2,3,0,7
pe,25615,SÃO CAITANO,2613107,103,82,30888,24162,19204,20484,436,844,19:31:56,5,1,475,4350,2,13917,268,175,1,3,0,7
pe,25658,SÃO JOAQUIM DO MONTE,2613305,58,52,17631,15601,11973,12804,254,577,19:32:16,2,2,200,3029,1,8426,160,146,1,3,1,2
pe,25674,SÃO JOSÉ DA COROA GRANDE,2613404,53,29,17746,9081,6373,6742,140,229,19:11:19,0,1,106,2392,0,3718,73,76,2,1,1,3
pe,25690,SÃO JOSÉ DO BELMONTE,2613503,93,86,28341,25731,18691,19710,209,810,19:29:38,4,2,324,2819,1,15195,233,94,0,4,0,15
pe,25712,SÃO JOSÉ DO EGITO,2613602,78,75,24100,23077,17754,18602,270,578,19:31:55,0,4,321,3775,1,13200,244,202,0,4,0,3
pe,25631,SÃO JOÃO,2613206,52,23,18178,7351,5581,5883,90,212,19:29:40,1,1,121,825,0,4500,69,61,0,0,0,3
pe,25739,SÃO LOURENÇO DA MATA,2613701,234,170,83623,58393,46463,49321,1024,1834,19:31:08,8,7,1242,15536,15,28144,781,649,4,24,3,50
pe,25755,SÃO VICENTE FÉRRER,2613800,43,35,14551,11874,8974,9503,154,375,19:23:46,0,1,188,2314,1,6283,95,87,0,2,0,3
pe,25917,TABIRA,2614600,70,67,21365,20242,15784,16377,214,379,19:28:54,2,1,216,3347,0,11736,275,195,1,1,1,9
pe,25933,TACAIMBÓ,2614709,40,36,11013,9733,7507,8042,202,333,18:44:25,0,1,218,1920,0,5162,78,124,0,1,1,2
pe,25950,TACARATU,2614808,57,36,18225,11053,8433,8757,76,248,19:29:40,2,0,115,1266,0,6858,103,84,0,0,1,4
pe,23280,TAMANDARÉ,2614857,55,17,20268,6248,4761,4958,76,121,19:20:56,0,0,78,1703,0,2859,76,37,0,2,0,6
pe,25992,TAQUARITINGA DO NORTE,2615003,69,68,22236,21839,17803,18593,305,485,20:05:05,3,2,400,7970,2,8983,195,232,0,5,2,9
pe,26018,TEREZINHA,2615102,22,13,6630,3505,2636,2803,49,118,19:24:39,0,0,42,397,0,2132,23,40,0,0,0,2
pe,26034,TERRA NOVA,2615201,33,23,8841,5473,4394,4521,43,84,19:30:19,1,0,83,370,1,3858,45,33,0,0,0,3
pe,26050,TIMBAÚBA,2615300,131,123,42020,39285,30075,31805,569,1161,19:29:39,7,5,662,9283,6,19098,456,500,1,11,3,43
pe,26077,TORITAMA,2615409,103,64,35207,20581,17043,17630,258,329,20:02:02,4,2,462,7787,4,8362,257,156,0,4,0,5
pe,26093,TRACUNHAÉM,2615508,34,18,12070,5829,4568,4859,109,182,19:29:59,1,4,82,1158,0,3229,30,60,0,0,0,4
pe,26115,TRINDADE,2615607,72,43,25102,14621,10614,11083,120,349,19:29:37,2,3,292,3208,4,6858,142,99,0,0,0,6
pe,26131,TRIUNFO,2615706,37,28,12186,8661,6873,7203,78,252,19:24:39,0,2,179,1226,2,5252,127,78,2,1,0,4
pe,26158,TUPANATINGA,2615805,57,43,16635,11276,8258,8809,114,437,19:23:23,0,2,152,1566,1,6355,72,98,1,1,4,6
pe,26174,TUPARETAMA,2615904,32,31,7990,7604,6009,6180,66,105,20:05:05,0,0,69,899,1,4939,36,63,0,0,0,2
pe,26190,VENTUROSA,2616001,40,34,14784,12469,9648,10108,143,317,19:31:55,0,0,150,1953,1,7261,174,98,0,1,1,9
pe,26212,VERDEJANTE,2616100,29,27,8411,7698,5923,6188,67,198,19:32:16,1,0,93,771,1,4913,43,98,0,1,0,2
pe,23086,VERTENTE DO LÉRIO,2616183,25,9,8292,2697,2166,2285,30,89,19:00:40,0,0,29,481,0,1596,24,34,0,1,0,1
pe,26239,VERTENTES,2616209,50,30,16698,10038,8369,8763,143,251,19:22:12,10,0,186,2809,0,5157,112,87,0,4,0,4
pe,26255,VICÊNCIA,2616308,74,70,22237,20836,15503,16505,314,688,19:31:55,6,3,349,4740,2,9986,158,243,1,4,2,9
pe,26271,VITÓRIA DE SANTO ANTÃO,2616407,309,189,103948,57655,46652,49444,1067,1725,19:31:54,6,5,1316,18648,8,25201,723,671,1,11,6,56
pe,23060,XEXÉU,2616506,35,27,11213,8191,5939,6311,139,233,19:29:36,1,3,124,1584,0,4089,66,69,0,0,0,3
pe,23078,ÁGUA PRETA,2600401,64,58,20198,17682,12972,13735,303,460,19:22:37,3,1,177,2940,2,9572,145,124,1,0,0,7
pe,23094,ÁGUAS BELAS,2600500,109,45,35255,11896,8178,8667,126,363,19:29:38,1,1,131,1672,1,6126,112,128,0,1,2,3
pi,12327,ACAUÃ,2200053,27,17,6390,3865,3261,3442,70,111,19:29:38,0,0,111,522,1,2542,48,32,0,3,0,2
pi,10014,AGRICOLÂNDIA,2200103,22,20,5547,4935,3839,3975,33,103,19:30:23,0,1,52,717,0,2983,39,43,0,1,0,3
pi,12319,ALAGOINHA DO PIAUÍ,2200251,26,25,6145,5863,4787,5072,69,216,19:28:55,1,0,98,1220,2,3326,54,78,0,6,1,1
pi,10022,ALEGRETE DO PIAUÍ,2200277,20,20,4534,4534,3511,3602,18,73,19:02:49,1,0,73,864,0,2512,37,24,0,0,0,0
pi,10057,ALTO LONGÁ,2200301,47,39,12857,10384,8681,8983,83,219,19:24:38,3,0,139,1563,1,6779,102,89,1,2,1,1
pi,10073,ALTOS,2200400,134,101,37002,28011,23079,24107,342,686,19:31:55,10,7,579,4845,1,16995,398,214,3,15,3,9
pi,12084,ALVORADA DO GURGUÉIA,2200459,18,18,4659,4659,3693,3822,22,107,19:29:37,2,1,75,824,1,2725,43,20,0,1,0,1
pi,10090,AMARANTE,2200509,69,59,16004,13880,10675,11074,116,283,19:11:48,1,3,135,1743,1,8621,122,37,0,6,1,5
pi,10111,ANGICAL DO PIAUÍ,2200608,30,30,6640,6640,5233,5444,50,161,19:14:09,1,0,84,1006,1,4025,85,25,0,4,0,2
pi,10154,ANTÔNIO ALMEIDA,2200806,14,14,3064,3064,2423,2499,24,52,19:10:39,0,0,33,837,0,1517,14,22,0,0,0,0
pi,10138,ANÍSIO DE ABREU,2200707,29,24,7166,5777,4706,4877,32,139,20:04:53,1,1,68,697,0,3892,21,26,0,0,0,0
pi,10170,AROAZES,2200905,22,22,5575,5575,4310,4487,40,137,19:20:56,0,0,42,735,1,3445,56,27,0,3,0,1
pi,12734,AROEIRAS DO ITAIM,2200954,17,17,4352,4352,3781,3928,34,113,19:22:11,0,0,50,682,1,2937,62,42,0,4,0,3
pi,10197,ARRAIAL,2201002,18,18,4367,4367,3526,3660,22,112,19:23:24,3,0,68,534,0,2858,37,25,0,0,0,1
pi,12106,ASSUNÇÃO DO PIAUÍ,2201051,32,29,7632,7131,4766,5012,66,180,19:07:03,1,2,92,699,0,3880,36,50,0,3,1,2
pi,10219,AVELINO LOPES,2201101,35,34,9563,9270,6976,7285,50,259,19:29:38,2,4,183,1715,1,4886,40,143,0,0,0,2
pi,10049,BAIXA GRANDE DO RIBEIRO,2201150,40,38,11444,10862,8838,9195,80,277,19:29:39,1,0,310,3646,1,4687,84,102,0,2,0,5
pi,10600,BARRA D'ALCÂNTARA,2201176,14,14,3576,3576,2699,2879,45,135,19:24:38,1,1,23,468,0,2172,21,12,0,0,0,1
pi,10235,BARRAS,2201200,140,98,38201,26875,21222,22173,334,617,19:30:42,4,3,521,5541,1,14624,308,199,1,2,4,14
pi,10251,BARREIRAS DO PIAUÍ,2201309,17,16,3633,3544,2465,2548,23,60,19:30:23,0,0,63,559,0,1755,19,69,0,0,0,0
pi,10278,BARRO DURO,2201408,25,25,6411,6411,5014,5132,49,69,18:48:43,0,1,78,1375,0,3441,55,61,0,2,0,1
pi,10294,BATALHA,2201507,83,47,22539,12582,9205,9726,155,366,19:24:39,1,0,189,2678,1,6109,133,82,2,4,2,4
pi,10626,BELA VISTA DO PIAUÍ,2201556,14,11,3462,2623,2215,2422,53,154,18:54:43,0,0,85,319,0,1725,54,32,0,0,0,0
pi,12335,BELÉM DO PIAUÍ,2201572,14,14,3328,3328,2849,2990,42,99,19:22:36,1,0,64,570,0,2161,33,17,1,0,2,0
pi,10316,BENEDITINOS,2201606,36,27,9612,7230,5703,5946,65,178,20:02:02,1,0,123,950,1,4492,64,68,0,1,1,2
pi,10332,BERTOLÍNIA,2201705,23,22,4969,4675,3738,3890,38,114,18:30:17,0,0,101,1029,0,2500,59,48,0,1,0,0
pi,12122,BETÂNIA DO PIAUÍ,2201739,24,17,5865,4441,3642,3787,28,117,18:33:46,1,1,150,502,0,2919,28,41,0,0,0,0
pi,10669,BOA HORA,2201770,23,17,6884,5109,3971,4115,53,91,19:25:45,0,2,81,834,0,2959,50,42,0,2,0,1
pi,10359,BOCAINA,2201804,23,23,5573,5573,4654,4788,52,82,19:17:22,1,0,82,890,3,3541,104,23,1,8,0,1
pi,10375,BOM JESUS,2201903,77,60,19900,15606,12610,13095,161,324,19:29:37,5,0,326,5150,3,6848,160,106,2,3,0,7
pi,10065,BOM PRINCÍPIO DO PIAUÍ,2201919,26,26,6778,6778,5471,5777,70,236,19:30:23,0,2,121,1365,0,3906,49,26,0,2,0,0
pi,10081,BONFIM DO PIAUÍ,2201929,21,21,4967,4967,4000,4167,35,132,19:17:22,1,0,42,344,0,3549,35,26,0,1,1,1
pi,12149,BOQUEIRÃO DO PIAUÍ,2201945,23,16,6086,4191,3171,3272,38,63,19:23:44,0,0,81,557,0,2462,48,20,1,1,0,1
pi,10006,BRASILEIRA,2201960,33,24,8739,6373,4707,4968,68,193,19:13:48,2,3,78,907,0,3619,71,21,1,5,0,0
pi,10642,BREJO DO PIAUÍ,2201988,13,13,3894,3894,3035,3153,17,101,19:28:55,1,0,21,379,0,2605,18,10,0,0,0,1
pi,10391,BURITI DOS LOPES,2202000,71,70,17653,17371,13954,14626,212,460,19:20:57,2,6,334,3491,3,9838,164,106,1,3,1,5
pi,10103,BURITI DOS MONTES,2202026,30,23,6972,5111,4291,4422,52,79,19:24:39,1,0,60,682,2,3464,57,23,0,2,0,0
pi,10120,CABECEIRAS DO PIAUÍ,2202059,36,28,9837,7586,5737,5986,89,160,19:31:55,2,2,132,886,0,4585,63,63,0,1,1,2
pi,12343,CAJAZEIRAS DO PIAUÍ,2202075,18,18,3662,3662,2795,2947,31,121,19:04:33,0,0,26,387,0,2349,18,12,0,2,0,1
pi,12572,CAJUEIRO DA PRAIA,2202083,31,24,7643,6222,5037,5232,75,120,19:29:37,8,1,96,1208,0,3653,42,20,1,4,1,3
pi,10146,CALDEIRÃO GRANDE DO PIAUÍ,2202091,21,21,5176,5176,4309,4430,46,75,18:48:44,0,1,149,786,0,3290,41,41,0,0,0,1
pi,10413,CAMPINAS DO PIAUÍ,2202109,23,12,5376,2846,2121,2215,21,73,18:32:13,0,1,29,296,0,1764,16,15,0,0,0,0
pi,12351,CAMPO ALEGRE DO FIDALGO,2202117,19,13,4536,3100,2611,2727,28,88,19:03:12,0,0,66,494,0,2020,21,8,0,0,0,2
pi,10723,CAMPO GRANDE DO PIAUÍ,2202133,23,23,5304,5304,4236,4465,56,173,19:11:21,0,1,88,571,1,3478,49,42,1,1,0,4
pi,10740,CAMPO LARGO DO PIAUÍ,2202174,23,23,5863,5863,4500,4699,59,140,19:24:39,1,0,46,1007,2,3349,58,35,0,1,0,1
pi,10430,CAMPO MAIOR,2202208,146,135,35864,32740,26556,27806,424,826,19:29:38,6,2,575,6513,4,18698,480,246,3,13,3,13
pi,10162,CANAVIEIRA,2202251,15,15,3447,3447,2630,2724,30,64,19:00:42,0,1,26,596,1,1968,10,25,0,1,0,2
pi,10456,CANTO DO BURITI,2202307,64,64,16253,16253,12002,12666,158,506,18:44:48,3,2,217,2803,4,8739,110,115,1,1,0,7
pi,10472,CAPITÃO DE CAMPOS,2202406,43,43,10509,10509,7956,8397,121,320,19:22:36,1,1,224,1419,0,6107,109,83,0,2,2,8
pi,10707,CAPITÃO GERVÁSIO OLIVEIRA,2202455,17,16,4054,3806,3137,3286,27,122,19:30:22,1,0,91,403,1,2596,32,11,0,1,0,1
pi,10499,CARACOL,2202505,36,33,8414,7758,6067,6358,63,228,19:29:39,1,1,95,1035,0,4837,44,51,1,1,0,1
pi,12670,CARAÚBAS DO PIAUÍ,2202539,22,15,5366,3696,2870,3050,28,152,19:30:23,1,0,82,773,1,1947,34,26,0,4,0,2
pi,12165,CARIDADE DO PIAUÍ,2202554,19,19,5023,5023,4087,4249,41,121,19:11:21,0,0,117,617,0,3235,52,64,0,1,0,1
pi,10510,CASTELO DO PIAUÍ,2202604,75,68,16956,15200,11021,11574,165,388,19:22:12,1,4,241,2988,1,7512,175,91,0,4,0,4
pi,12688,CAXINGÓ,2202653,24,24,5777,5777,4720,4982,61,201,19:22:36,0,2,100,884,3,3632,66,33,0,0,0,0
pi,10537,COCAL,2202703,92,64,23420,16431,13047,13871,245,579,19:30:42,3,2,280,4038,1,8438,178,99,0,3,1,4
pi,12360,COCAL DE TELHA,2202711,18,15,4645,3917,2846,3036,58,132,19:28:55,0,0,66,450,2,2262,44,21,0,1,0,0
pi,12696,COCAL DOS ALVES,2202729,23,23,5586,5586,4341,4614,113,160,19:23:24,0,1,102,597,2,3550,42,47,0,0,0,0
pi,10189,COIVARAS,2202737,23,22,5672,5368,4603,4779,39,137,19:17:22,1,0,63,932,1,3471,67,64,0,1,0,3
pi,10200,COLÔNIA DO GURGUÉIA,2202752,20,19,5574,5279,4055,4201,29,117,19:08:39,0,0,48,893,0,3027,52,34,0,1,0,0
pi,10227,COLÔNIA DO PIAUÍ,2202778,28,24,6180,5234,3902,4064,30,132,19:20:56,0,0,46,593,0,3226,20,15,0,2,0,0
pi,10553,CONCEIÇÃO DO CANINDÉ,2202802,21,20,5002,4817,3828,4054,42,184,18:44:48,0,3,101,804,0,2828,36,50,0,5,0,1
pi,10243,CORONEL JOSÉ DIAS,2202851,24,24,5395,5395,4526,4679,48,105,20:02:02,0,0,54,588,1,3773,56,51,0,0,0,3
pi,10570,CORRENTE,2202901,87,75,21194,17866,13510,14158,166,482,20:04:53,2,3,328,3703,1,9141,105,224,0,1,0,2
pi,10596,CRISTALÂNDIA DO PIAUÍ,2203008,25,22,6237,5202,3880,4068,35,153,19:29:39,1,1,83,794,0,2914,27,57,0,2,1,0
pi,10618,CRISTINO CASTRO,2203107,33,32,8594,8246,6553,6827,71,203,19:14:09,2,2,104,1653,0,4644,104,40,0,1,1,2
pi,10634,CURIMATÁ,2203206,41,41,9386,9386,7351,7660,81,228,19:24:39,0,1,138,1968,0,5040,78,123,0,2,0,1
pi,10766,CURRAIS,2203230,25,13,6287,3150,2626,2707,15,66,19:20:58,0,0,73,628,0,1887,24,14,0,0,0,0
pi,12181,CURRAL NOVO DO PIAUÍ,2203271,20,19,5409,5111,4271,4414,54,89,19:14:56,0,0,75,513,1,3598,62,22,0,0,0,0
pi,12580,CURRALINHOS,2203255,21,21,5297,5297,4398,4516,23,95,19:12:59,2,0,66,673,0,3589,38,26,1,2,0,1
pi,10650,DEMERVAL LOBÃO,2203305,53,49,13788,12694,10493,10922,151,278,19:29:38,1,1,186,2429,5,7620,160,80,0,4,1,6
pi,12297,DIRCEU ARCOVERDE,2203354,23,19,6674,5669,4572,4685,39,74,19:22:12,0,0,30,603,0,3868,46,23,0,0,0,2
pi,10677,DOM EXPEDITO LOPES,2203404,26,26,6542,6542,5533,5763,87,143,19:07:47,1,1,87,1136,2,4187,75,39,0,3,0,2
pi,10685,DOM INOCÊNCIO,2203453,32,13,7564,3087,2551,2642,20,71,19:20:58,1,1,65,363,0,2096,7,17,0,1,0,0
pi,11410,DOMINGOS MOURÃO,2203420,19,10,4268,2331,1814,1900,28,58,18:59:09,1,0,35,309,0,1435,14,18,0,1,0,1
pi,10693,ELESBÃO VELOSO,2203503,56,53,13416,12594,9526,9955,91,338,19:11:47,1,1,159,1668,2,7482,125,75,0,3,1,9
pi,10715,ELISEU MARTINS,2203602,22,22,4015,4015,2945,3090,43,102,18:33:45,0,2,50,573,0,2265,21,33,0,0,0,1
pi,10731,ESPERANTINA,2203701,121,120,32709,32473,24442,25643,436,765,19:22:12,3,4,411,6808,1,16728,299,170,1,8,3,6
pi,10260,FARTURA DO PIAUÍ,2203750,19,16,4753,3820,3093,3156,15,48,19:20:59,0,1,38,287,0,2724,17,25,0,1,0,0
pi,10758,FLORES DO PIAUÍ,2203800,19,19,4318,4318,3139,3286,29,118,18:55:37,5,0,38,586,0,2453,22,32,0,2,0,1
pi,12637,FLORESTA DO PIAUÍ,2203859,10,9,2599,2326,1734,1828,20,74,19:04:13,0,0,26,234,0,1418,25,27,0,0,0,4
pi,10774,FLORIANO,2203909,186,155,44933,37377,29315,30444,449,680,19:31:08,3,2,724,7993,2,19661,533,358,0,17,1,21
pi,10790,FRANCINÓPOLIS,2204006,19,19,4556,4556,3522,3676,37,117,19:04:12,0,3,28,418,0,3013,30,24,0,3,1,2
pi,10812,FRANCISCO AYRES,2204105,21,21,5168,5168,3860,4007,50,97,19:29:38,1,0,60,671,1,3009,56,60,1,1,0,0
pi,12378,FRANCISCO MACEDO,2204154,11,10,2841,2546,2085,2177,18,74,19:22:13,0,0,85,391,0,1586,10,9,0,4,0,0
pi,10839,FRANCISCO SANTOS,2204204,30,30,7087,7087,5640,5878,66,172,19:04:13,1,1,93,967,1,4396,133,41,0,2,1,4
pi,10855,FRONTEIRAS,2204303,39,39,9541,9541,7532,7833,92,209,19:16:39,1,0,135,1648,2,5572,108,62,1,3,0,0
pi,10782,GEMINIANO,2204352,25,20,6469,5086,4252,4446,56,138,19:24:39,1,1,63,741,1,3353,58,33,0,0,1,0
pi,10871,GILBUÉS,2204402,39,34,8660,7538,5818,6051,34,199,19:30:23,0,2,148,1380,0,4156,41,89,0,0,0,2
pi,10898,GUADALUPE,2204501,33,33,8682,8682,6143,6465,82,240,19:07:27,2,2,107,1419,3,4444,106,57,0,0,0,3
pi,10804,GUARIBAS,2204550,17,17,4478,4478,3360,3418,18,40,19:28:55,1,0,29,352,0,2943,20,13,0,0,1,1
pi,10910,HUGO NAPOLEÃO,2204600,15,15,4428,4428,3486,3623,49,88,19:22:12,0,0,44,806,1,2556,50,27,0,2,0,0
pi,10820,ILHA GRANDE,2204659,37,37,9354,9354,7512,7880,112,256,19:01:13,3,1,113,1475,0,5736,118,61,1,3,0,1
pi,10936,INHUMA,2204709,48,41,13109,11179,8611,9049,97,341,20:02:01,4,4,118,1551,0,6653,172,99,1,4,1,4
pi,10952,IPIRANGA DO PIAUÍ,2204808,32,28,7746,6826,5435,5693,76,182,19:24:38,0,0,87,840,1,4390,54,58,0,0,2,3
pi,10979,ISAÍAS COELHO,2204907,24,21,6463,5528,4378,4590,53,159,19:23:45,0,0,65,493,0,3757,30,32,0,0,0,1
pi,10995,ITAINÓPOLIS,2205003,40,38,9605,9076,7116,7563,103,344,19:04:13,1,1,83,1358,3,5545,81,39,0,3,0,2
pi,11010,ITAUEIRA,2205102,36,36,9279,9279,6847,7214,109,258,19:31:55,1,2,103,1583,1,5029,63,61,0,2,0,2
pi,10286,JACOBINA DO PIAUÍ,2205151,23,23,5231,5231,4474,4764,103,187,19:21:00,2,1,221,888,1,3262,53,43,0,0,0,3
pi,11037,JAICÓS,2205201,57,57,14188,14188,10272,10972,164,536,20:04:01,0,1,188,2034,2,7799,139,102,0,2,2,3
pi,10308,JARDIM DO MULATO,2205250,19,19,4530,4530,3710,3826,35,81,19:07:46,2,1,59,815,0,2752,38,39,1,2,0,1
pi,12394,JATOBÁ DO PIAUÍ,2205276,30,19,6898,4106,3437,3538,33,68,19:24:39,0,0,57,634,0,2686,42,16,0,1,0,1
pi,11053,JERUMENHA,2205300,22,19,4814,4219,3265,3382,33,84,18:46:33,0,0,35,729,0,2438,19,40,0,1,1,2
pi,11070,JOAQUIM PIRES,2205409,47,41,11817,10073,7626,8028,133,269,19:24:39,0,3,103,2036,2,5345,54,76,0,0,2,5
pi,12408,JOCA MARQUES,2205458,22,22,5603,5603,4448,4633,69,116,20:04:53,1,0,66,943,1,3383,29,22,0,0,0,3
pi,11096,JOSÉ DE FREITAS,2205508,130,92,35332,24332,20218,20989,252,519,19:22:36,9,0,457,3208,0,16150,244,139,0,4,0,7
pi,12386,JOÃO COSTA,2205359,16,12,3918,2847,2208,2305,30,67,18:38:47,0,0,41,401,0,1732,21,13,0,0,0,0
pi,12416,JUAZEIRO DO PIAUÍ,2205516,25,25,5440,5440,4486,4657,55,116,19:24:39,1,0,136,919,1,3306,84,36,1,1,0,1
pi,10847,JUREMA,2205532,21,15,5184,3448,2686,2796,21,89,19:20:58,0,0,49,437,0,2160,16,22,0,2,0,0
pi,12203,JÚLIO BORGES,2205524,22,15,5222,3453,2496,2563,23,44,19:22:12,0,1,62,348,0,2038,14,32,0,1,0,0
pi,10324,LAGOA ALEGRE,2205557,31,20,8599,5738,4793,4917,43,81,19:29:39,1,0,104,794,1,3775,60,57,1,0,0,0
pi,10863,LAGOA DE SÃO FRANCISCO,2205573,24,24,6040,6040,4500,4702,65,137,19:31:55,1,0,91,931,0,3355,77,39,0,2,1,3
pi,10340,LAGOA DO BARRO DO PIAUÍ,2205565,20,15,4646,3377,2730,2903,66,107,19:07:26,0,1,65,504,0,2114,22,22,0,0,0,2
pi,12424,LAGOA DO PIAUÍ,2205581,18,11,5239,3156,2688,2765,30,47,19:29:38,2,0,61,627,1,1940,39,16,1,0,0,1
pi,12220,LAGOA DO SÍTIO,2205599,19,17,4865,4249,3416,3568,33,119,19:02:29,0,2,31,588,2,2734,33,25,0,1,0,0
pi,12432,LAGOINHA DO PIAUÍ,2205540,12,12,3244,3244,2466,2559,40,53,19:29:39,2,1,42,499,1,1883,31,6,0,0,1,0
pi,11118,LANDRI SALES,2205607,23,21,5122,4540,3303,3480,36,141,18:58:09,0,0,44,760,1,2435,16,44,1,2,0,0
pi,11134,LUIS CORREIA,2205706,105,82,27367,21409,16733,17628,257,638,19:29:39,5,2,421,4172,2,11715,261,140,2,2,4,7
pi,11150,LUZILÂNDIA,2205805,77,71,20147,18368,14086,14780,224,470,19:29:39,7,2,218,3569,1,10014,158,95,0,5,5,12
pi,12440,MADEIRO,2205854,27,23,6714,5657,4229,4420,44,147,19:32:15,1,0,54,818,0,3287,33,31,1,2,0,2
pi,11177,MANOEL EMÍDIO,2205904,19,19,4913,4913,3933,4064,19,112,19:23:44,1,0,73,716,3,3075,35,29,0,0,0,1
pi,10367,MARCOLÂNDIA,2205953,32,0,8736,0,0,0,0,0,20:14:10,0,0,0,0,0,0,0,0,0,0,0,0
pi,11193,MARCOS PARENTE,2206001,16,16,4326,4326,3380,3486,37,69,19:07:03,5,1,56,972,3,2279,24,40,0,0,0,0
pi,12467,MASSAPÊ DO PIAUÍ,2206050,27,26,6452,6102,4375,4779,79,325,19:25:44,1,0,87,564,2,3605,58,56,0,0,1,1
pi,11215,MATIAS OLÍMPIO,2206100,38,38,9161,9161,6812,7146,120,214,20:04:53,1,0,98,1663,0,4920,80,45,0,2,0,3
pi,11231,MIGUEL ALVES,2206209,105,84,27719,21965,16167,16831,164,500,19:31:55,1,3,358,2860,2,12704,145,87,0,2,0,5
pi,11258,MIGUEL LEÃO,2206308,7,7,1890,1890,1562,1630,7,61,19:20:59,0,0,17,514,0,1001,20,8,0,0,0,2
pi,12246,MILTON BRANDÃO,2206357,28,15,7087,3996,2779,2908,33,96,18:45:11,0,0,34,994,3,1684,35,27,0,1,0,1
pi,11274,MONSENHOR GIL,2206407,41,39,10476,9775,8067,8334,99,168,19:29:39,0,0,162,1595,2,6136,102,63,1,3,2,1
pi,11290,MONSENHOR HIPÓLITO,2206506,27,26,7493,7203,5893,6126,65,168,19:14:09,0,1,95,957,1,4740,75,22,0,1,0,1
pi,11312,MONTE ALEGRE DO PIAUÍ,2206605,40,33,9415,7743,5887,6064,32,145,19:29:39,1,1,124,1185,0,4454,47,69,0,0,0,6
pi,10880,MORRO CABEÇA NO TEMPO,2206654,18,14,4202,3215,2476,2589,10,103,19:07:26,0,2,45,434,0,1945,18,30,0,1,0,1
pi,12459,MORRO DO CHAPÉU DO PIAUÍ,2206670,22,21,5871,5528,4247,4447,66,134,19:25:45,1,1,48,778,0,3346,43,26,0,2,2,0
pi,12475,MURICI DOS PORTELAS,2206696,24,19,6070,4713,3698,3911,51,162,19:14:09,2,1,105,756,2,2737,43,50,0,1,0,1
pi,11339,NAZARÉ DO PIAUÍ,2206704,31,31,6697,6697,5196,5398,41,161,19:08:12,0,2,78,623,1,4398,43,49,0,1,0,1
pi,12726,NAZÁRIA,2206720,45,45,11555,11555,9537,9827,77,213,19:20:59,0,1,188,1919,2,7259,81,79,0,4,0,4
pi,10928,NOSSA SENHORA DE NAZARÉ,2206753,24,21,6117,5433,4571,4679,35,73,19:22:12,1,1,73,600,2,3795,63,33,0,2,0,1
pi,11355,NOSSA SENHORA DOS REMÉDIOS,2206803,30,19,8627,5412,4363,4548,64,121,20:04:01,1,1,74,1060,0,3133,52,37,0,3,0,2
pi,10960,NOVA SANTA RITA,2207959,17,17,4142,4142,3419,3529,28,82,19:11:21,1,0,71,424,1,2847,32,43,0,0,0,0
pi,11371,NOVO ORIENTE DO PIAUÍ,2206902,23,20,5158,4340,3364,3513,33,116,19:14:09,1,5,71,459,1,2776,32,18,1,0,0,0
pi,10901,NOVO SANTO ANTÔNIO,2206951,19,19,4732,4732,3877,3979,39,63,19:12:43,1,0,65,549,0,3169,53,39,1,0,0,0
pi,11398,OEIRAS,2207009,131,102,31021,24997,19622,20464,262,580,20:04:01,4,4,256,4606,2,14322,240,162,4,9,2,11
pi,12483,OLHO D'ÁGUA DO PIAUÍ,2207108,10,10,2708,2708,2177,2224,13,34,19:13:47,1,1,22,396,0,1711,23,20,1,2,0,0
pi,11436,PADRE MARCOS,2207207,24,18,6038,4484,3596,3778,51,131,19:17:22,0,0,43,605,0,2873,36,38,0,0,0,1
pi,11452,PAES LANDIM,2207306,15,14,4499,4165,3121,3272,35,116,19:07:27,0,0,41,823,0,2214,23,20,0,0,0,0
pi,12262,PAJEÚ DO PIAUÍ,2207355,13,12,3407,3078,2303,2401,21,77,19:07:47,0,0,43,448,0,1789,13,10,0,0,0,0
pi,11479,PALMEIRA DO PIAUÍ,2207405,19,19,4922,4922,3953,4131,52,126,18:37:16,0,0,148,1233,1,2492,42,37,0,0,0,0
pi,11495,PALMEIRAIS,2207504,52,43,13336,10979,8707,8975,58,210,19:08:39,0,1,125,1451,5,7003,54,64,0,1,1,2
pi,10944,PAQUETÁ,2207553,18,18,4173,4173,3595,3672,13,64,19:24:39,0,0,50,603,0,2884,46,9,0,1,0,2
pi,11517,PARNAGUÁ,2207603,32,29,7624,6863,5183,5373,38,152,20:02:02,3,2,84,1017,0,3970,41,64,0,1,0,1
pi,11533,PARNAÍBA,2207702,435,159,118423,42495,34510,35909,525,874,19:32:15,3,4,920,10588,4,21899,700,331,4,24,8,25
pi,10405,PASSAGEM FRANCA DO PIAUÍ,2207751,15,14,4164,3816,2732,2808,24,52,19:23:45,0,0,44,666,0,1971,33,17,0,0,0,1
pi,10383,PATOS DO PIAUÍ,2207777,24,24,5568,5568,4294,4613,68,251,18:43:15,0,0,67,638,0,3479,38,71,0,0,1,0
pi,12718,PAU D'ARCO DO PIAUÍ,2207793,21,14,5401,3746,3129,3232,24,79,18:59:08,2,0,63,573,0,2394,52,38,0,5,1,1
pi,11550,PAULISTANA,2207801,67,41,17052,10484,8459,8928,104,365,20:05:05,1,2,236,1824,2,6140,167,81,0,2,0,4
pi,12289,PAVUSSU,2207850,15,0,3909,0,0,0,0,0,20:14:08,0,0,0,0,0,0,0,0,0,0,0,0
pi,11576,PEDRO II,2207900,133,125,35312,32876,24089,25206,336,781,19:29:39,9,3,525,6130,4,16836,403,160,0,7,1,11
pi,12491,PEDRO LAURENTINO,2207934,13,13,3276,3276,2651,2786,31,104,19:00:42,0,0,32,635,1,1935,27,20,0,0,0,1
pi,11592,PICOS,2208007,231,197,54212,45556,37846,39460,487,1127,19:24:38,5,5,764,10616,11,25308,812,274,3,7,3,38
pi,11614,PIMENTEIRAS,2208106,42,40,9384,8973,6843,7188,67,278,19:23:24,1,1,103,1323,1,5281,77,49,0,0,0,7
pi,11630,PIO IX,2208205,57,49,15109,12944,10385,10918,149,384,19:20:58,0,1,197,1790,0,8188,116,81,0,6,3,3
pi,11657,PIRACURUCA,2208304,100,96,25821,24753,19183,20136,272,681,19:29:38,5,4,442,5027,7,13171,379,125,0,5,4,14
pi,11673,PIRIPIRI,2208403,212,187,53170,47660,34480,36420,753,1187,19:30:23,12,5,813,9537,3,23200,605,265,1,19,4,16
pi,11690,PORTO,2208502,34,24,10000,7184,5441,5617,59,117,19:20:56,2,0,57,1468,1,3804,68,37,0,3,0,1
pi,12599,PORTO ALEGRE DO PIAUÍ,2208551,8,8,2106,2106,1647,1749,10,92,19:25:45,1,1,23,456,0,1138,15,13,0,0,0,0
pi,11711,PRATA DO PIAUÍ,2208601,13,13,3706,3706,2907,3003,18,78,18:46:33,1,0,28,422,0,2402,23,30,0,1,0,0
pi,10421,QUEIMADA NOVA,2208650,28,27,7227,6977,5192,5777,121,464,19:22:36,0,1,186,1089,1,3791,68,54,0,0,0,2
pi,11738,REDENÇÃO DO GURGUÉIA,2208700,28,26,7001,6576,5127,5327,40,160,19:24:38,1,1,99,1564,0,3366,31,62,0,1,1,1
pi,11754,REGENERAÇÃO,2208809,61,59,14520,14240,10666,11135,105,364,19:09:48,0,4,99,1625,1,8731,116,84,0,2,0,4
pi,12300,RIACHO FRIO,2208858,19,16,4492,3925,3085,3179,10,84,19:23:24,1,0,36,417,0,2570,23,38,0,0,0,0
pi,12602,RIBEIRA DO PIAUÍ,2208874,16,11,3891,2656,2043,2137,17,77,19:01:13,0,1,43,336,0,1637,11,15,0,0,0,0
pi,11770,RIBEIRO GONÇALVES,2208908,22,21,5577,5254,4174,4335,28,133,19:07:02,0,0,136,1215,0,2716,57,49,0,0,0,1
pi,11797,RIO GRANDE DO PIAUÍ,2209005,23,23,5426,5426,4224,4400,37,139,19:20:57,1,0,37,705,0,3407,23,49,1,1,0,0
pi,11819,SANTA CRUZ DO PIAUÍ,2209104,26,26,5902,5902,4985,5192,41,166,18:31:53,1,0,43,845,2,4000,63,29,0,1,0,1
pi,10448,SANTA CRUZ DOS MILAGRES,2209153,14,11,3971,3082,2436,2489,18,35,19:29:38,0,0,58,490,0,1840,22,25,0,0,0,1
pi,11835,SANTA FILOMENA,2209203,23,22,5554,5256,4097,4257,38,122,19:11:48,1,1,128,1258,1,2624,27,53,0,2,2,0
pi,11851,SANTA LUZ,2209302,20,18,5273,4797,3902,4081,57,122,19:20:57,0,0,74,1205,0,2562,41,20,0,0,0,0
pi,10464,SANTA ROSA DO PIAUÍ,2209377,21,21,4981,4981,3709,3873,41,123,19:22:12,0,0,47,817,1,2769,45,26,0,1,1,2
pi,10480,SANTANA DO PIAUÍ,2209351,18,17,4214,3881,3216,3350,21,113,19:11:48,0,1,44,463,0,2641,44,20,0,0,0,3
pi,11878,SANTO ANTÔNIO DE LISBOA,2209401,24,23,6371,6020,4945,5168,63,160,19:24:38,1,0,56,1164,1,3629,56,35,1,2,0,0
pi,12653,SANTO ANTÔNIO DOS MILAGRES,2209450,8,8,1955,1955,1568,1627,16,43,19:08:39,0,0,13,297,0,1236,12,8,1,0,0,1
pi,11894,SANTO INÁCIO DO PIAUÍ,2209500,15,15,3644,3644,3011,3092,14,67,18:43:16,0,0,25,524,0,2407,32,23,0,0,0,0
pi,12041,SEBASTIÃO BARROS,2210623,20,20,4633,4633,3673,3817,21,123,19:14:09,0,0,80,934,0,2554,17,87,0,0,0,1
pi,12068,SEBASTIÃO LEAL,2210631,16,14,4234,3776,3239,3361,40,82,19:07:03,0,1,51,1339,1,1805,21,20,0,1,0,0
pi,10545,SIGEFREDO PACHECO,2210656,38,32,9278,7790,6503,6738,78,157,19:28:55,0,0,187,1193,0,5002,81,36,0,1,0,3
pi,12157,SIMPLÍCIO MENDES,2210805,43,40,10329,9702,7887,8238,95,256,19:14:56,1,2,172,1495,1,6017,111,81,0,0,0,7
pi,12130,SIMÕES,2210706,52,52,12484,12484,9700,10230,107,423,19:08:39,1,1,183,1755,0,7549,112,96,0,1,0,2
pi,12173,SOCORRO DO PIAUÍ,2210904,16,9,4300,2234,1752,1809,17,40,19:22:12,1,0,37,339,1,1338,15,17,0,1,0,3
pi,12513,SUSSUAPARA,2210938,25,25,6735,6735,5624,5887,73,190,19:20:58,0,0,111,995,0,4388,92,33,1,1,0,3
pi,10502,SÃO BRAZ DO PIAUÍ,2209559,17,17,4155,4155,3353,3470,31,86,19:03:12,1,0,48,318,0,2923,27,33,1,0,0,2
pi,12505,SÃO FRANCISCO DE ASSIS DO PIAUÍ,2209658,21,20,4780,4468,3610,3915,44,261,19:08:12,0,2,309,933,1,2305,28,25,0,2,0,5
pi,11932,SÃO FRANCISCO DO PIAUÍ,2209708,27,26,6210,5925,4252,4531,61,218,19:30:23,0,0,60,1178,0,2925,56,32,0,1,0,0
pi,11916,SÃO FÉLIX DO PIAUÍ,2209609,15,15,3968,3968,3163,3265,33,69,19:00:13,1,1,58,809,1,2210,33,49,0,0,0,1
pi,12610,SÃO GONÇALO DO GURGUÉIA,2209757,12,9,2882,2155,1602,1664,9,53,18:24:59,1,0,52,443,0,1079,12,14,0,1,0,0
pi,11959,SÃO GONÇALO DO PIAUÍ,2209807,21,21,5172,5172,4183,4340,49,108,19:00:42,0,0,76,1080,0,2937,56,28,1,2,1,2
pi,10529,SÃO JOSÉ DO DIVINO,2210052,21,17,5071,4146,3374,3556,41,141,18:45:12,0,0,135,643,0,2503,66,25,0,0,0,2
pi,12017,SÃO JOSÉ DO PEIXE,2210102,15,14,3371,3042,2213,2325,40,72,18:59:09,0,0,20,435,0,1717,17,22,1,1,0,0
pi,12033,SÃO JOSÉ DO PIAUÍ,2210201,27,27,6004,6004,4663,4862,66,133,19:10:39,0,0,59,711,2,3825,44,21,0,0,1,0
pi,11088,SÃO JOÃO DA CANABRAVA,2209856,19,19,4502,4502,3611,3705,38,56,19:09:48,1,1,56,466,0,3026,44,14,0,1,0,2
pi,12009,SÃO JOÃO DA FRONTEIRA,2209872,21,21,5375,5375,4157,4414,54,203,19:17:22,0,0,118,957,0,3006,35,37,0,1,2,1
pi,11975,SÃO JOÃO DA SERRA,2209906,28,24,6905,5842,4643,4831,57,131,19:24:39,1,0,97,989,0,3429,52,67,0,3,0,5
pi,12025,SÃO JOÃO DA VARJOTA,2209955,19,18,4131,3850,3088,3187,28,71,19:15:10,0,0,20,451,0,2576,16,23,0,2,0,0
pi,10987,SÃO JOÃO DO ARRAIAL,2209971,33,33,7625,7625,6043,6324,65,216,19:21:00,1,1,26,1834,1,4112,40,26,0,1,0,1
pi,11991,SÃO JOÃO DO PIAUÍ,2210003,61,45,15077,11376,8968,9397,105,324,19:29:37,2,3,180,1871,3,6729,118,52,2,5,2,1
pi,12050,SÃO JULIÃO,2210300,23,23,5605,5605,4631,4737,25,81,18:45:11,0,1,99,962,0,3497,37,32,0,0,1,2
pi,10561,SÃO LOURENÇO DO PIAUÍ,2210359,18,13,4860,3356,2717,2842,34,91,19:03:12,2,0,47,349,0,2243,36,38,0,1,0,1
pi,12629,SÃO LUIS DO PIAUÍ,2210375,13,0,3574,0,0,0,0,0,20:14:06,0,0,0,0,0,0,0,0,0,0,0,0
pi,12661,SÃO MIGUEL DA BAIXA GRANDE,2210383,11,0,2835,0,0,0,0,0,20:14:04,0,0,0,0,0,0,0,0,0,0,0,0
pi,12700,SÃO MIGUEL DO FIDALGO,2210391,13,12,3027,2897,2211,2270,18,41,19:29:39,0,0,12,324,0,1849,16,7,0,2,0,1
pi,12076,SÃO MIGUEL DO TAPUIO,2210409,67,67,15612,15612,11180,11742,131,431,20:05:05,1,0,134,1941,2,8834,143,118,0,4,1,2
pi,12092,SÃO PEDRO DO PIAUÍ,2210508,46,39,11541,9522,7529,7872,101,242,19:30:23,0,0,145,1740,3,5496,98,43,0,2,1,1
pi,12114,SÃO RAIMUNDO NONATO,2210607,106,83,27458,22255,18302,18965,200,463,20:04:01,2,2,281,3745,10,13850,248,154,0,6,3,1
pi,12530,TAMBORIL DO PIAUÍ,2210953,10,7,2989,2100,1650,1728,14,64,19:16:12,0,0,60,341,0,1227,15,7,0,0,0,0
pi,12521,TANQUE DO PIAUÍ,2210979,12,0,2725,0,0,0,0,0,20:14:09,0,0,0,0,0,0,0,0,0,0,0,0
pi,12190,TERESINA,2211001,1843,1733,592974,553373,452387,471043,6866,11790,19:32:15,181,59,14218,143970,189,274870,10727,6840,61,542,56,674
pi,12211,UNIÃO,2211100,154,52,38750,11981,9645,10122,142,335,19:30:42,1,2,197,2532,3,6665,138,101,0,3,1,2
pi,12238,URUÇUÍ,2211209,73,62,18909,16526,13325,13866,160,381,19:30:22,2,2,393,4924,1,7706,174,113,0,1,0,9
pi,12254,VALENÇA DO PIAUÍ,2211308,67,57,17671,14900,11718,12339,187,434,19:25:45,2,3,172,2690,0,8531,212,90,4,8,0,6
pi,12556,VERA MENDES,2211506,14,11,3670,2805,2145,2308,43,120,18:31:55,0,0,70,310,1,1723,13,26,0,0,0,2
pi,12548,VILA NOVA DO PIAUÍ,2211605,12,0,3001,0,0,0,0,0,20:14:11,0,0,0,0,0,0,0,0,0,0,0,0
pi,10588,VÁRZEA BRANCA,2211357,19,12,4694,2957,2395,2504,25,84,19:21:00,0,0,32,278,0,2041,25,18,0,0,0,1
pi,12270,VÁRZEA GRANDE,2211407,21,21,4174,4174,3017,3243,45,181,19:16:12,1,1,47,616,1,2281,39,29,0,1,0,1
pi,12564,WALL FERRAZ,2211704,17,13,4305,3297,2822,2916,14,80,19:29:37,1,2,44,554,0,2169,24,27,0,1,0,0
pi,10030,ÁGUA BRANCA,2200202,58,58,15858,15858,12754,13203,132,317,19:20:57,2,1,203,3820,1,8457,188,74,0,2,0,6
rj,58017,ANGRA DOS REIS,3300100,443,347,137071,106241,78501,81895,1493,1901,20:05:04,22,11,1901,49363,27,24166,1596,1196,9,50,22,138
rj,58181,APERIBÉ,3300159,35,35,10135,10135,7972,8277,116,189,19:17:20,2,1,152,4917,2,2646,105,127,2,5,3,10
rj,58033,ARARUAMA,3300209,325,154,111370,52056,38583,40223,707,933,19:32:15,12,9,864,25102,14,10958,821,687,5,47,8,56
rj,58220,AREAL,3300225,33,33,10270,10270,7843,8231,157,231,19:04:46,0,1,252,4555,4,2663,133,197,0,9,3,26
rj,58408,ARMAÇÃO DOS BÚZIOS,3300233,111,111,36236,36236,27336,28170,384,450,19:20:57,5,9,730,17294,6,8225,614,376,4,23,4,46
rj,59277,ARRAIAL DO CABO,3300258,111,111,35242,35242,26435,27352,418,499,19:20:56,9,6,771,15959,4,8652,574,387,2,37,2,32
rj,58050,BARRA DO PIRAÍ,3300308,260,259,69309,68969,50184,52545,1109,1252,19:25:43,35,12,1443,24419,19,21843,1009,1193,6,69,17,119
rj,58076,BARRA MANSA,3300407,452,452,133855,133855,99984,105213,2232,2997,19:20:58,59,21,2878,52367,46,39813,2303,2091,8,126,10,262
rj,58041,BELFORD ROXO,3300456,1008,891,346172,304645,222352,235089,5433,7304,19:29:37,78,82,5173,127576,74,80492,4301,3909,27,310,34,296
rj,58092,BOM JARDIM,3300506,74,74,22628,22628,16798,17795,363,634,19:14:09,2,3,445,9554,4,5896,369,475,1,12,3,34
rj,58114,BOM JESUS DO ITABAPOANA,3300605,98,97,28472,28084,21498,22265,306,461,19:24:40,3,2,479,11991,2,8172,365,424,1,20,5,34
rj,58130,CABO FRIO,3300704,530,390,179682,131307,97347,101259,1648,2264,19:32:15,36,21,2781,60284,42,30388,1983,1486,12,151,16,147
rj,58157,CACHOEIRAS DE MACACU,3300803,150,137,46722,42602,31752,33218,641,825,19:29:38,10,11,706,18851,6,10949,521,606,2,33,5,52
rj,58173,CAMBUCI,3300902,44,34,12296,9178,7181,7425,88,156,19:16:14,4,4,116,3735,1,3081,91,139,0,2,1,7
rj,58190,CAMPOS DOS GOYTACAZES,3301009,1190,937,370466,286897,210695,224549,5952,7902,19:29:38,95,80,6224,121771,49,73044,3882,4833,40,249,31,397
rj,58211,CANTAGALO,3301108,64,64,15148,15148,11611,12210,215,384,19:24:40,2,3,263,6198,5,4618,200,283,2,9,1,27
rj,58300,CARAPEBUS,3300936,42,42,13468,13468,10589,10972,171,212,19:09:45,1,3,251,6124,1,3896,159,141,0,8,2,3
rj,58068,CARDOSO MOREIRA,3301157,49,49,12616,12616,9689,10038,142,207,18:34:55,2,2,194,6014,0,3073,168,217,3,4,1,11
rj,58238,CARMO,3301207,54,54,14237,14237,11260,11760,141,359,19:10:59,3,3,322,5468,1,4920,211,306,0,11,0,15
rj,58254,CASIMIRO DE ABREU,3301306,117,117,35993,35993,26758,27742,391,593,19:30:39,9,7,607,17595,7,7582,466,416,1,24,1,43
rj,58165,COMENDADOR LEVY GASPARIAN,3300951,30,0,8033,0,0,0,0,0,20:14:08,0,0,0,0,0,0,0,0,0,0,0,0
rj,58270,CONCEIÇÃO DE MACABU,3301405,78,75,16681,16028,12353,12967,277,337,19:11:45,3,3,355,5754,1,5742,195,274,1,9,2,14
rj,58297,CORDEIRO,3301504,61,61,16926,16926,13491,14174,244,439,19:02:29,3,0,437,7210,1,5304,237,248,1,12,3,35
rj,58319,DUAS BARRAS,3301603,34,34,10314,10314,7810,8229,142,277,19:24:39,1,1,197,3919,0,3249,134,271,2,6,2,28
rj,58335,DUQUE DE CAXIAS,3301702,1975,1660,634694,529160,410725,434524,9615,14184,20:04:52,222,112,9894,229864,179,152513,8775,7843,48,615,79,581
rj,58351,ENGENHEIRO PAULO DE FRONTIN,3301801,42,19,11116,4475,3559,3718,64,95,19:29:37,6,3,115,1795,4,1498,71,55,1,3,1,7
rj,58106,GUAPIMIRIM,3301850,145,92,44941,29282,22097,23047,443,507,19:32:15,9,12,584,13144,13,7422,450,389,6,37,3,28
rj,58262,IGUABA GRANDE,3301876,95,95,30569,30569,23873,24735,377,485,18:43:14,11,7,606,15517,4,6773,455,399,8,41,4,48
rj,58378,ITABORAÍ,3301900,540,485,177920,158561,116591,122709,2867,3251,19:31:07,51,40,3008,64033,27,44224,2401,2481,15,118,21,172
rj,58394,ITAGUAÍ,3302007,313,250,100542,80213,60026,62797,1289,1482,19:30:20,26,15,1697,35872,19,19673,1351,1164,5,77,13,114
rj,59293,ITALVA,3302056,52,52,11648,11648,8847,9165,131,187,18:37:25,3,0,159,5937,3,2457,113,151,0,5,1,18
rj,58416,ITAOCARA,3302106,77,77,19120,19120,14929,15625,275,421,18:37:14,4,1,307,9761,1,4313,196,321,0,8,0,17
rj,58432,ITAPERUNA,3302205,250,250,76037,76037,56272,58153,886,995,19:16:37,15,21,1062,35918,21,17011,892,1159,3,55,5,110
rj,58440,ITATIAIA,3302254,88,48,26584,13435,10280,10631,175,176,19:29:38,2,2,249,5804,5,3676,257,253,2,10,3,17
rj,58149,JAPERI,3302270,244,244,76652,76652,56740,59933,1466,1727,19:20:58,35,22,1451,30840,12,22217,970,1024,7,72,11,79
rj,58459,LAJE DO MURIAÉ,3302304,25,25,6944,6944,5354,5593,83,156,19:15:08,6,3,108,2210,1,2843,41,127,2,5,2,6
rj,58475,MACAÉ,3302403,559,344,186241,111656,83280,86771,1605,1886,19:29:39,34,23,2753,42807,42,33987,1826,1408,13,143,9,235
rj,58386,MACUCO,3302452,27,27,7132,7132,5811,6062,100,151,18:37:15,1,0,140,2946,1,2504,70,140,1,0,0,8
rj,58491,MAGÉ,3302502,621,582,192902,179923,137779,144910,3263,3868,19:29:38,79,47,3661,79357,25,48761,2666,2768,18,180,18,199
rj,58513,MANGARATIBA,3302601,139,139,46501,46501,32940,34080,487,653,19:04:13,11,7,682,20418,3,10613,599,521,4,26,4,52
rj,58530,MARICÁ,3302700,521,78,185609,27621,20666,21519,347,506,19:16:15,6,4,554,9950,7,9260,428,374,3,41,4,35
rj,58556,MENDES,3302809,56,56,14878,14878,11313,11878,220,345,17:51:32,3,0,280,5529,3,4966,241,241,2,13,4,31
rj,58467,MESQUITA,3302858,410,304,136302,99927,74258,77737,1515,1964,19:29:38,36,23,1799,43020,34,26410,1469,1260,11,96,6,94
rj,58572,MIGUEL PEREIRA,3302908,77,77,24781,24781,18462,19231,307,462,19:04:32,4,1,462,10499,4,6675,371,382,5,18,6,35
rj,58599,MIRACEMA,3303005,79,79,21056,21056,16273,17130,338,519,19:04:32,3,8,318,7380,0,7909,253,367,3,7,2,23
rj,58610,NATIVIDADE,3303104,43,43,12453,12453,9217,9709,169,323,19:10:59,5,1,258,4648,1,3856,194,226,4,11,1,12
rj,58637,NILÓPOLIS,3303203,428,426,128648,127956,95504,100008,1866,2638,19:30:20,39,23,2329,53898,56,35223,1930,1646,19,174,27,140
rj,58653,NITERÓI,3303302,1327,1326,412252,411932,318492,331185,5099,7594,19:11:45,123,103,8211,139202,200,154005,7851,6871,104,482,61,1279
rj,58670,NOVA FRIBURGO,3303401,525,377,155366,112267,81397,86117,1802,2918,19:29:37,27,49,2942,45007,38,28726,2200,2031,16,105,22,234
rj,58696,NOVA IGUAÇU,3303500,1830,1428,614931,472213,347459,367900,8377,12064,19:31:07,136,98,8730,206782,115,116657,7468,6251,53,502,65,602
rj,58718,PARACAMBI,3303609,105,105,33690,33690,25163,26463,569,731,19:24:40,18,6,708,13601,9,9799,499,431,2,30,1,59
rj,58750,PARATY,3303807,113,109,35461,34204,25096,26019,412,511,19:29:58,13,3,655,15111,9,8397,482,353,4,31,4,34
rj,58734,PARAÍBA DO SUL,3303708,121,121,34304,34304,25397,26694,570,727,19:23:23,8,5,741,13407,6,9988,488,627,2,42,4,79
rj,59315,PATY DO ALFERES,3303856,78,78,24302,24302,18460,19033,272,301,19:23:44,7,6,460,11511,0,5718,291,411,2,18,5,31
rj,58777,PETRÓPOLIS,3303906,804,803,239569,239192,171154,181385,4369,5862,19:30:39,109,65,6700,95634,75,57486,4974,5018,31,310,34,718
rj,58246,PINHEIRAL,3303955,56,50,18820,16764,12685,13177,224,268,19:31:07,10,2,389,5780,3,5919,294,246,2,13,3,24
rj,58793,PIRAÍ,3304003,78,67,23699,20088,14883,15548,276,389,19:16:15,11,3,381,7390,3,6396,294,355,2,20,1,27
rj,58815,PORCIÚNCULA,3304102,50,50,13293,13293,9854,10352,164,334,19:22:12,2,2,207,4476,4,4729,146,262,1,2,2,21
rj,58327,PORTO REAL,3304110,57,57,17925,17925,14278,14828,212,338,19:25:43,7,6,409,8172,8,5071,294,273,2,11,1,24
rj,58025,QUATIS,3304128,35,34,10505,10208,8192,8525,155,178,19:25:20,3,1,194,4164,3,3467,149,178,0,4,0,29
rj,58122,QUEIMADOS,3304144,326,275,104602,85874,68236,71597,1536,1825,19:29:37,32,21,1977,37780,23,25252,1630,1252,9,117,19,124
rj,58009,QUISSAMÃ,3304151,62,62,19085,19085,14478,15070,282,310,19:28:54,7,3,393,7550,6,6028,189,273,1,13,0,15
rj,58831,RESENDE,3304201,309,270,98020,85439,63477,66323,1311,1535,19:29:38,25,23,1941,38321,26,19472,1563,1787,10,86,12,211
rj,58858,RIO BONITO,3304300,145,143,45412,44723,34304,35808,655,849,19:30:20,17,9,870,21268,15,10654,629,758,4,27,3,50
rj,58874,RIO CLARO,3304409,50,50,14700,14700,11438,11979,215,326,19:28:54,4,2,304,5372,1,5215,239,277,1,4,0,19
rj,58890,RIO DAS FLORES,3304508,28,28,8711,8711,6622,6898,104,172,19:28:54,4,0,122,2476,0,3781,84,133,2,3,1,16
rj,58203,RIO DAS OSTRAS,3304524,316,302,107737,103165,76379,79410,1167,1864,20:04:01,32,19,2406,46235,37,24420,1833,1089,12,114,17,165
rj,60011,RIO DE JANEIRO,3304557,12635,6949,4952612,2628975,1836026,1929327,35426,57875,20:04:52,775,649,46943,850058,1070,835903,45763,44079,583,3506,509,6188
rj,58912,SANTA MARIA MADALENA,3304607,33,31,8846,8164,6161,6524,119,244,19:30:38,1,4,170,3064,3,2616,102,184,0,7,0,10
rj,58939,SANTO ANTÔNIO DE PÁDUA,3304706,120,117,33702,32789,24056,25115,401,658,19:14:09,14,8,452,14545,9,8082,320,565,5,12,5,39
rj,59072,SAPUCAIA,3305406,57,34,15786,9026,6888,7227,134,205,19:16:15,2,2,116,3670,2,2798,108,168,0,4,2,16
rj,59099,SAQUAREMA,3305505,283,253,92059,81651,60766,63743,1201,1776,19:25:43,15,21,1397,38935,21,18100,1151,939,13,76,9,89
rj,58424,SEROPÉDICA,3305554,190,93,60965,29372,21637,22730,496,597,19:29:37,18,5,566,12656,5,7538,395,399,3,24,3,25
rj,59110,SILVA JARDIM,3305604,61,59,18674,18182,13912,14525,244,369,19:24:41,7,2,343,8701,4,4345,206,274,0,7,3,20
rj,59137,SUMIDOURO,3305703,53,53,14193,14193,11360,11828,229,239,19:12:43,1,3,191,7366,1,3345,175,252,0,6,2,18
rj,58955,SÃO FIDÉLIS,3304805,111,110,30178,30055,22731,23619,349,539,19:20:57,5,5,473,14207,3,7199,374,416,0,16,2,31
rj,58289,SÃO FRANCISCO DE ITABAPOANA,3304755,139,98,39905,27097,19296,20152,407,449,19:29:58,7,3,350,12998,3,5352,194,357,1,7,0,24
rj,58971,SÃO GONÇALO,3304904,2019,1348,653184,430031,311141,329059,7239,10679,20:02:00,132,91,8490,164489,116,124112,6631,6072,47,410,57,494
rj,58343,SÃO JOSÉ DE UBÁ,3305133,24,15,7636,4616,3528,3666,45,93,19:25:20,2,0,53,2245,1,1111,41,64,0,3,0,8
rj,59331,SÃO JOSÉ DO VALE DO RIO PRETO,3305158,60,60,16230,16230,12440,12969,260,269,19:07:02,2,3,347,9219,1,2314,244,252,1,9,2,46
rj,58998,SÃO JOÃO DA BARRA,3305000,137,85,43094,25652,19577,20677,508,592,19:29:38,14,3,669,11554,2,6481,316,486,0,19,4,29
rj,59013,SÃO JOÃO DE MERITI,3305109,1090,1024,340128,319067,245560,259844,5813,8471,19:29:37,105,75,5823,138691,75,90195,4911,4890,35,342,60,358
rj,59030,SÃO PEDRO DA ALDEIA,3305208,244,239,74913,73122,55007,57162,964,1191,19:29:39,23,16,1429,37414,9,14088,1025,831,4,76,6,86
rj,59056,SÃO SEBASTIÃO DO ALTO,3305307,28,26,7793,7116,5192,5474,93,189,19:20:56,0,4,69,2943,1,1981,44,142,1,1,0,6
rj,58360,TANGUÁ,3305752,79,79,26468,26468,20342,21225,438,445,19:30:39,6,5,500,11510,6,7530,296,444,1,14,4,26
rj,59153,TERESÓPOLIS,3305802,422,349,133712,111615,81286,85571,1755,2530,19:30:20,27,16,2571,50723,31,23515,2128,1935,7,90,10,233
rj,59170,TRAJANO DE MORAES,3305901,34,28,9269,7627,5871,6177,91,215,19:29:39,1,1,142,3045,0,2473,62,141,1,3,0,2
rj,59196,TRÊS RIOS,3306008,215,214,62480,62158,46199,48636,1212,1225,19:31:54,18,9,1496,21277,17,20907,1000,1242,8,67,8,150
rj,59218,VALENÇA,3306107,196,196,56821,56821,39883,41924,889,1152,19:29:39,22,10,1157,16207,13,20463,778,1088,2,43,8,92
rj,58084,VARRE-SAI,3306156,28,28,8788,8788,6736,7061,123,202,19:11:45,3,4,119,4219,2,2102,96,173,1,4,0,13
rj,59234,VASSOURAS,3306206,98,97,29259,28904,21877,22933,493,563,19:12:43,7,6,599,10919,3,9253,450,548,4,38,5,45
rj,59250,VOLTA REDONDA,3306305,705,705,221957,221957,164958,172409,3284,4167,19:29:39,72,41,4746,82586,105,69383,4069,3139,44,226,22,525
rn,16012,ACARI,2400109,29,29,9368,9368,7120,7529,117,292,18:17:55,1,2,212,2438,0,4256,129,72,0,5,0,5
rn,16055,AFONSO BEZERRA,2400307,33,14,10537,4274,3307,3443,45,91,19:30:37,0,0,87,887,0,2263,47,21,0,0,0,2
rn,16098,ALEXANDRIA,2400505,41,40,11804,11369,8758,9095,71,266,19:20:58,0,2,154,1605,1,6875,83,33,1,2,0,2
rn,16110,ALMINO AFONSO,2400604,21,21,5166,5166,4169,4339,66,104,18:23:29,2,0,66,759,3,3274,45,13,0,2,0,5
rn,16136,ALTO DO RODRIGUES,2400703,39,39,12062,12062,9181,9578,113,284,19:30:37,1,1,239,1811,0,6898,171,55,0,1,0,4
rn,16152,ANGICOS,2400802,31,17,10219,5172,4121,4301,54,126,19:28:54,0,0,91,1296,0,2654,41,31,1,0,1,6
rn,16179,ANTÔNIO MARTINS,2400901,23,23,5912,5912,4751,5027,59,217,18:37:14,0,0,84,796,3,3807,34,26,0,0,0,1
rn,16195,APODI,2401008,91,74,30219,23965,19650,20571,336,585,19:32:14,3,1,563,4676,3,13762,497,131,1,6,2,5
rn,16217,AREIA BRANCA,2401107,75,69,22037,20292,15259,16148,291,598,19:31:52,5,3,453,4925,1,9407,392,54,0,12,3,4
rn,16233,AREZ,2401206,36,29,11506,9543,7286,7762,162,314,19:20:56,0,0,177,2495,0,4497,80,29,1,2,1,4
rn,16039,ASSÚ,2400208,133,38,45551,13178,10260,10721,176,285,19:29:58,2,2,256,2853,6,6899,170,60,1,3,1,7
rn,30031,BARAÚNA,2401453,63,30,22038,9539,7657,7974,115,202,19:24:41,2,0,217,2371,1,4928,105,27,1,2,0,3
rn,16292,BARCELONA,2401503,14,14,4679,4679,3709,3877,36,132,19:20:56,0,1,80,1433,0,2122,38,32,0,2,1,0
rn,16276,BAÍA FORMOSA,2401404,24,24,7404,7404,5651,5906,91,164,19:11:43,4,0,126,2045,0,3331,87,55,0,3,0,0
rn,16314,BENTO FERNANDES,2401602,19,9,4926,2148,1764,1823,15,44,18:14:08,0,1,68,493,0,1178,16,8,0,0,0,0
rn,17035,BOA SAÚDE,2405306,25,25,8062,8062,6177,6566,88,301,19:20:56,1,2,188,2199,3,3665,66,50,2,1,0,0
rn,16101,BODÓ,2401651,11,11,3784,3784,2805,2941,43,93,19:23:34,0,0,57,602,0,2094,29,20,0,3,0,0
rn,16330,BOM JESUS,2401701,30,30,9083,9083,7162,7478,93,223,19:20:55,1,0,196,2466,2,4354,84,56,0,1,0,2
rn,16357,BREJINHO,2401800,30,30,10102,10102,7529,7966,140,297,19:13:59,0,2,194,2424,0,4750,77,79,0,0,0,3
rn,16390,CAICÓ,2402006,137,132,45036,43210,34818,36403,591,994,20:05:03,12,7,1157,12301,10,20422,526,329,1,21,2,30
rn,16047,CAIÇARA DO NORTE,2401859,18,18,5551,5551,4216,4403,61,126,19:09:25,0,1,112,1470,1,2536,75,19,0,1,1,0
rn,16373,CAIÇARA DO RIO DO VENTO,2401909,13,13,4196,4196,3381,3513,29,103,19:32:14,0,0,99,1023,0,2208,28,22,0,1,0,0
rn,16250,CAMPO GRANDE,2401305,32,32,8816,8816,6898,7228,119,211,19:30:37,1,5,154,2022,2,4590,90,33,0,1,0,0
rn,16411,CAMPO REDONDO,2402105,26,26,8619,8619,6692,7012,109,211,19:25:19,0,2,106,1330,1,5150,68,32,0,1,0,2
rn,16438,CANGUARETAMA,2402204,88,88,24690,24690,19158,19967,272,537,19:16:13,3,1,455,4971,1,13380,256,83,0,3,1,4
rn,16454,CARAÚBAS,2402303,63,43,18980,12922,10145,10664,215,304,19:13:59,2,2,264,2370,0,7243,186,70,0,4,0,4
rn,16497,CARNAUBAIS,2402501,27,20,8684,6476,5065,5314,78,171,19:14:53,1,1,142,1243,2,3560,88,25,0,0,1,2
rn,16470,CARNAÚBA DOS DANTAS,2402402,17,17,6324,6324,4933,5287,121,233,19:29:38,2,1,362,2061,0,2382,90,24,0,3,1,7
rn,16519,CEARÁ-MIRIM,2402600,201,162,60280,47476,37294,39141,670,1177,19:24:41,7,3,979,10583,11,24852,534,294,2,5,1,23
rn,16535,CERRO CORÁ,2402709,29,29,9720,9720,7136,7528,91,301,19:23:22,2,2,209,1660,1,5130,79,51,1,0,0,1
rn,16551,CORONEL EZEQUIEL,2402808,16,16,4902,4902,3832,4022,50,140,18:27:06,2,2,102,1021,2,2630,41,28,0,0,1,3
rn,16578,CORONEL JOÃO PESSOA,2402907,15,15,4073,4073,3158,3334,37,139,19:29:37,0,0,60,568,0,2430,66,31,0,0,0,3
rn,16594,CRUZETA,2403004,21,21,6955,6955,5398,5714,119,197,19:07:24,0,5,180,1479,0,3654,50,30,0,0,0,0
rn,16616,CURRAIS NOVOS,2403103,109,109,32922,32922,25175,26529,491,863,19:17:20,6,2,791,8808,6,14921,380,222,4,17,1,17
rn,16632,DOUTOR SEVERIANO,2403202,24,22,6326,5607,4472,4618,44,102,19:32:14,4,1,112,658,0,3594,78,23,0,1,1,0
rn,16659,ENCANTO,2403301,15,15,5141,5141,4029,4192,32,131,19:20:56,0,1,51,759,1,3137,66,12,1,0,0,1
rn,16675,EQUADOR,2403400,16,16,4769,4769,3763,3979,60,156,19:24:40,1,1,122,1097,0,2470,48,22,0,1,0,1
rn,16691,ESPÍRITO SANTO,2403509,25,22,7961,6788,5192,5476,91,193,19:29:38,0,2,78,2161,4,2847,76,21,2,0,0,1
rn,16713,EXTREMOZ,2403608,116,49,39504,17282,13627,14224,218,379,19:24:41,2,0,435,6222,4,6510,321,117,0,8,0,8
rn,16730,FELIPE GUERRA,2403707,20,17,7070,5982,4918,5123,79,126,19:31:52,0,1,98,957,0,3776,73,12,0,0,0,1
rn,16144,FERNANDO PEDROZA,2403756,12,12,3409,3409,2717,2859,34,108,18:54:39,0,0,41,871,0,1763,20,16,0,5,0,1
rn,16756,FLORÂNIA,2403806,29,29,8397,8397,6588,6868,63,217,19:16:12,2,0,193,1722,2,4517,71,76,1,1,0,3
rn,16772,FRANCISCO DANTAS,2403905,13,13,2868,2868,2350,2441,15,76,17:51:34,0,0,61,486,1,1754,30,14,0,2,0,2
rn,17515,FRUTUOSO GOMES,2404002,14,14,4173,4173,3416,3514,42,56,19:13:59,0,1,57,608,0,2677,51,20,0,2,0,0
rn,16799,GALINHOS,2404101,10,8,2858,2239,1752,1803,17,34,19:20:57,0,0,52,896,0,760,30,9,1,3,0,1
rn,16810,GOIANINHA,2404200,70,60,22264,18574,14549,15371,281,541,19:30:18,3,4,353,5343,1,8515,184,135,1,4,1,5
rn,16837,GOVERNADOR DIX-SEPT ROSADO,2404309,39,39,12132,12132,9450,10041,199,392,19:12:42,2,1,220,2133,1,6889,153,45,1,2,2,1
rn,16853,GROSSOS,2404408,31,26,9557,7690,6233,6595,156,206,19:15:09,1,1,220,2113,0,3776,89,29,0,2,0,2
rn,16870,GUAMARÉ,2404507,45,44,15625,15262,11307,11801,160,334,19:29:38,2,2,441,3432,1,7193,155,72,1,2,2,4
rn,16896,IELMO MARINHO,2404606,40,29,11530,8089,6661,6894,77,156,20:05:03,0,0,225,1978,1,4348,64,43,0,1,0,1
rn,16918,IPANGUAÇU,2404705,39,33,12911,10813,8400,8670,92,178,19:24:40,2,0,140,1891,0,6226,109,24,0,0,1,7
rn,16934,IPUEIRA,2404804,7,7,2185,2185,1790,1833,12,31,19:16:13,0,0,44,441,0,1276,16,13,0,0,0,0
rn,16080,ITAJÁ,2404853,21,20,7286,6956,5520,5707,75,112,19:23:34,0,1,103,1617,0,3693,69,35,1,0,0,1
rn,16950,ITAÚ,2404903,16,16,5189,5189,4101,4284,47,136,18:57:35,0,0,102,976,2,2930,67,24,0,0,0,0
rn,16993,JANDAÍRA,2405108,19,17,6396,5610,4488,4684,50,146,19:22:11,2,0,119,1351,0,2948,42,22,0,0,1,3
rn,17019,JANDUÍS,2405207,17,17,4474,4474,3594,3726,49,83,18:27:06,0,1,51,778,1,2715,37,9,0,1,0,1
rn,17051,JAPI,2405405,17,13,5746,4174,3305,3451,30,116,19:25:41,0,1,46,624,0,2589,22,22,0,0,0,1
rn,17078,JARDIM DE ANGICOS,2405504,13,10,3156,2174,1801,1872,21,50,19:25:20,0,0,81,486,2,1200,18,12,0,0,1,1
rn,17094,JARDIM DE PIRANHAS,2405603,35,35,11100,11100,9178,9520,118,224,19:30:18,2,0,198,1680,3,7115,143,32,0,1,0,4
rn,17116,JARDIM DO SERIDÓ,2405702,34,34,10316,10316,8145,8745,209,391,18:19:23,1,0,318,2599,1,5010,137,68,1,5,0,5
rn,16977,JAÇANÃ,2405009,20,20,6324,6324,4992,5247,69,186,19:20:57,0,1,115,1293,6,3488,45,42,0,1,0,1
rn,17175,JOSÉ DA PENHA,2406007,17,17,5251,5251,4079,4264,56,129,19:04:12,0,1,55,627,0,3329,32,29,2,1,2,1
rn,17132,JOÃO CÂMARA,2405801,93,66,27705,18867,15105,15754,209,440,19:30:18,2,2,430,4102,3,10282,199,71,1,3,1,9
rn,17159,JOÃO DIAS,2405900,10,10,3082,3082,2270,2385,26,89,19:17:20,0,3,44,494,1,1689,28,9,0,2,0,0
rn,17191,JUCURUTU,2406106,59,59,15421,15421,12385,12932,155,392,19:12:56,1,6,310,3261,0,8585,156,59,0,1,2,4
rn,16306,JUNDIÁ,2406155,15,12,4775,3720,2907,3055,46,102,19:02:47,0,1,90,987,1,1776,25,26,0,0,0,1
rn,17230,LAGOA D'ANTA,2406205,19,19,6393,6393,4908,5114,52,154,19:29:38,1,0,82,1160,0,3586,54,20,2,2,0,1
rn,17256,LAGOA DE PEDRAS,2406304,23,22,7693,7334,5736,6065,94,235,19:25:20,0,0,153,1519,3,3942,72,44,1,0,0,2
rn,17272,LAGOA DE VELHOS,2406403,11,11,3314,3314,2636,2756,33,87,19:22:35,1,1,82,834,1,1665,35,16,0,1,0,0
rn,17299,LAGOA NOVA,2406502,45,45,12875,12875,9613,10120,186,321,18:42:07,1,2,249,2666,4,6509,119,60,0,1,0,2
rn,17310,LAGOA SALGADA,2406601,29,26,9613,8489,6368,6811,134,309,19:23:22,1,4,123,1999,2,4114,76,42,2,2,0,3
rn,17337,LAJES,2406700,29,27,9481,8795,6772,7038,69,197,19:15:08,1,2,177,1797,0,4640,102,45,0,6,0,2
rn,17353,LAJES PINTADAS,2406809,19,19,5230,5230,4172,4363,67,124,18:17:55,1,1,76,1331,2,2695,43,22,0,0,0,1
rn,17370,LUCRÉCIA,2406908,12,12,3467,3467,2926,3004,22,56,18:38:44,0,1,41,567,0,2252,50,14,0,1,0,0
rn,17396,LUÍS GOMES,2407005,27,27,7360,7360,5348,5642,70,224,18:42:07,1,2,52,807,0,4426,45,14,0,0,1,0
rn,17434,MACAU,2407203,78,78,22534,22534,16971,17691,273,447,19:29:58,3,2,431,3551,6,12556,329,79,1,6,0,7
rn,17418,MACAÍBA,2407104,172,106,54350,34067,26770,28192,449,973,20:04:00,13,2,803,9971,5,15313,400,238,1,11,2,11
rn,16160,MAJOR SALES,2407252,10,8,3212,2514,1956,2039,22,61,19:08:37,0,0,49,353,0,1514,27,12,1,0,0,0
rn,17450,MARCELINO VIEIRA,2407302,22,22,7032,7032,5661,5916,64,191,19:29:38,0,0,68,942,0,4576,58,15,0,0,0,2
rn,17477,MARTINS,2407401,25,24,7611,7271,5706,5925,55,164,19:20:56,0,0,105,1377,1,4101,79,38,0,3,0,2
rn,17493,MAXARANGUAPE,2407500,32,13,10437,4247,3267,3407,46,94,19:23:22,0,1,99,1309,0,1775,37,37,0,6,0,3
rn,17213,MESSIAS TARGINO,2407609,18,18,4715,4715,3833,4006,50,123,18:57:34,0,0,75,1099,0,2586,56,16,0,1,0,0
rn,17531,MONTANHAS,2407708,35,35,9623,9623,7303,7708,121,284,18:31:54,0,3,180,1797,0,5215,60,43,0,3,1,1
rn,17558,MONTE ALEGRE,2407807,58,41,17267,12663,9879,10379,158,342,19:25:20,1,1,279,3906,3,5518,95,68,1,6,0,1
rn,17574,MONTE DAS GAMELEIRAS,2407906,10,10,3052,3052,2464,2577,28,85,19:25:41,0,0,66,875,1,1480,29,11,0,1,0,1
rn,17590,MOSSORÓ,2408003,564,476,188013,155749,125055,131318,2339,3924,19:29:58,23,14,4172,45801,40,70568,3354,891,11,95,15,71
rn,17612,NATAL,2408102,1477,1188,573148,453624,347380,362202,5141,9681,20:01:59,105,65,10602,154966,182,168351,7624,4395,57,411,51,571
rn,17655,NOVA CRUZ,2408300,97,97,27948,27948,21272,22467,410,785,19:11:18,1,4,484,7238,2,13168,244,112,3,4,1,11
rn,17639,NÍSIA FLORESTA,2408201,74,49,23401,15126,12014,12617,217,386,19:20:57,5,0,317,4873,1,6566,158,85,0,6,0,3
rn,17671,OLHO D'ÁGUA DO BORGES,2408409,18,18,4689,4689,3611,3796,63,122,18:54:39,0,0,83,851,0,2605,48,19,0,3,0,2
rn,17698,OURO BRANCO,2408508,14,14,4580,4580,3568,3758,64,126,18:43:15,0,1,103,975,1,2406,55,24,1,2,0,0
rn,17710,PARANÁ,2408607,14,14,4235,4235,3242,3359,28,89,18:44:44,1,0,32,461,0,2700,30,17,0,1,0,0
rn,17752,PARAZINHO,2408805,17,17,5532,5532,4352,4536,46,138,19:20:58,0,1,81,1337,0,2871,41,20,0,0,0,1
rn,17736,PARAÚ,2408706,19,19,4339,4339,3439,3629,53,137,18:19:00,2,2,103,963,0,2319,37,9,0,1,0,3
rn,17779,PARELHAS,2408904,57,57,17461,17461,13645,14687,365,677,18:59:07,4,0,821,5159,2,7308,250,83,3,7,2,6
rn,17795,PARNAMIRIM,2403251,427,394,147649,135593,107423,112024,1704,2897,19:32:14,43,9,3445,54732,47,45125,2566,1160,6,127,13,150
rn,17817,PASSA E FICA,2409100,31,22,10054,7119,5447,5773,96,230,19:29:37,0,0,143,2055,2,3132,72,34,1,5,1,2
rn,17833,PASSAGEM,2409209,13,13,4547,4547,3640,3823,56,127,19:17:19,2,0,112,1377,0,2090,27,27,0,5,0,0
rn,17850,PATU,2409308,29,11,9946,3813,3019,3151,38,94,19:23:34,0,0,63,788,0,2106,44,13,0,1,0,4
rn,17876,PAU DOS FERROS,2409407,72,59,21145,18038,14375,14967,209,383,19:09:45,2,0,232,3827,1,9918,289,87,2,5,2,10
rn,17892,PEDRA GRANDE,2409506,15,15,4340,4340,3276,3388,30,82,19:24:40,1,0,100,832,1,2292,28,21,0,0,0,1
rn,17914,PEDRA PRETA,2409605,10,10,3295,3295,2634,2725,19,72,19:24:41,0,0,58,833,0,1692,30,18,0,0,0,3
rn,17930,PEDRO AVELINO,2409704,22,22,6554,6554,4734,4964,58,172,19:11:43,0,3,96,1312,0,3214,71,33,0,2,0,3
rn,17957,PEDRO VELHO,2409803,43,43,11914,11914,9249,9725,137,339,19:29:38,2,0,183,2551,1,6346,104,55,0,2,1,4
rn,17973,PENDÊNCIAS,2409902,38,38,10931,10931,8244,8578,109,225,19:23:22,2,0,154,1752,2,6152,127,47,0,5,1,2
rn,17990,PILÕES,2410009,12,12,3577,3577,2812,2889,26,51,19:08:12,1,0,27,406,0,2330,31,16,0,0,0,1
rn,18031,PORTALEGRE,2410207,20,14,6896,4631,3561,3761,74,126,19:22:35,0,1,79,1209,0,2199,41,30,0,0,0,2
rn,16284,PORTO DO MANGUE,2410256,16,14,5103,4317,3380,3515,41,94,19:29:38,0,0,103,670,1,2533,65,7,1,0,0,0
rn,18015,POÇO BRANCO,2410108,43,43,11674,11674,9133,9584,146,305,20:04:51,1,1,195,1756,1,7013,109,47,0,5,2,3
rn,18074,PUREZA,2410405,30,30,8502,8502,6676,7046,116,254,19:23:33,1,1,131,1690,1,4754,66,31,0,0,0,1
rn,18090,RAFAEL FERNANDES,2410504,15,14,4933,4567,3631,3804,54,119,19:11:43,0,0,48,690,1,2814,67,9,1,0,0,1
rn,18937,RAFAEL GODEIRO,2410603,11,11,3667,3667,2937,3017,28,52,18:49:58,0,0,26,1268,1,1594,35,8,1,3,0,1
rn,18112,RIACHO DA CRUZ,2410702,9,3,2759,978,809,837,8,20,19:07:24,0,1,11,183,0,603,9,2,0,0,0,0
rn,18139,RIACHO DE SANTANA,2410801,11,8,3843,2699,2087,2188,15,86,19:10:59,0,1,45,330,0,1674,26,10,0,1,0,0
rn,18155,RIACHUELO,2410900,21,0,6909,0,0,0,0,0,20:14:11,0,0,0,0,0,0,0,0,0,0,0,0
rn,16268,RIO DO FOGO,2408953,37,14,10982,4063,3240,3374,56,78,18:54:40,0,1,85,1565,0,1536,45,5,0,2,1,0
rn,18171,RODOLFO FERNANDES,2411007,16,16,4641,4641,3731,3868,32,105,18:55:34,0,1,81,1095,0,2488,50,13,0,1,0,2
rn,18198,RUY BARBOSA,2411106,13,11,4188,3415,2682,2778,29,67,19:04:31,0,0,49,1253,0,1331,34,14,0,0,0,1
rn,18236,SANTA CRUZ,2411205,87,87,27658,27658,21722,22761,359,680,19:22:35,0,4,482,6826,8,13899,326,148,1,13,0,15
rn,16241,SANTA MARIA,2409332,16,16,5115,5115,4001,4180,54,125,19:23:22,1,1,122,1314,0,2502,32,24,1,1,0,3
rn,18279,SANTANA DO MATOS,2411403,38,35,11151,10168,7846,8223,124,253,19:29:38,3,1,191,1734,2,5797,60,52,0,2,2,2
rn,18252,SANTANA DO SERIDÓ,2411429,11,11,2635,2635,2111,2264,58,95,19:10:37,0,1,139,645,0,1264,39,20,2,1,0,0
rn,18295,SANTO ANTÔNIO,2411502,57,48,19114,15656,11982,12653,174,497,20:04:51,1,2,240,3340,1,8174,145,72,1,1,0,5
rn,18597,SENADOR ELÓI DE SOUZA,2413102,17,17,5748,5748,4526,4750,58,166,19:20:58,0,1,85,1253,2,3126,37,20,0,1,1,0
rn,18619,SENADOR GEORGINO AVELINO,2413201,12,12,3761,3761,2870,3048,62,116,19:13:59,0,0,79,1018,1,1717,37,13,1,3,0,1
rn,18058,SERRA CAIADA,2410306,25,23,9065,8312,6434,6730,85,211,19:20:55,0,0,125,1936,1,4284,51,35,0,0,2,0
rn,18635,SERRA DE SÃO BENTO,2413300,18,18,6185,6185,4807,5046,55,184,19:24:40,2,0,109,1546,1,3082,47,18,1,0,1,0
rn,16020,SERRA DO MEL,2413359,45,35,13225,10223,8454,8820,150,216,19:23:34,0,0,253,3101,1,4853,200,39,0,2,0,5
rn,18651,SERRA NEGRA DO NORTE,2413409,22,21,6262,5850,4549,4801,82,170,18:56:35,0,1,96,1857,1,2512,52,27,1,0,0,2
rn,18678,SERRINHA,2413508,21,21,7068,7068,5441,5784,92,251,19:29:37,0,1,158,1625,0,3563,46,45,0,0,1,2
rn,16209,SERRINHA DOS PINTOS,2413557,15,15,4196,4196,3390,3563,60,113,19:07:00,1,3,60,651,0,2625,29,19,0,2,0,0
rn,18694,SEVERIANO MELO,2413607,27,27,6813,6813,5434,5668,75,159,18:44:44,1,1,109,1182,1,4033,66,38,0,1,1,1
rn,18317,SÃO BENTO DO NORTE,2411601,13,11,4259,3598,2732,2834,29,73,19:07:24,0,1,77,688,0,1909,34,19,0,1,0,3
rn,18333,SÃO BENTO DO TRAIRÍ,2411700,12,12,4458,4458,3339,3528,42,147,19:25:20,0,0,82,879,0,2312,31,32,0,0,0,3
rn,18350,SÃO FERNANDO,2411809,12,12,3720,3720,3058,3203,26,119,19:08:11,1,1,84,874,1,2021,52,23,0,0,0,1
rn,18210,SÃO FRANCISCO DO OESTE,2411908,12,12,4098,4098,3146,3288,53,89,18:44:24,0,0,78,710,1,2283,51,21,0,0,1,1
rn,18376,SÃO GONÇALO DO AMARANTE,2412005,239,229,77509,73762,58956,61772,933,1883,19:29:37,17,8,1904,23691,22,31545,1066,599,6,43,11,44
rn,18414,SÃO JOSÉ DE MIPIBU,2412203,112,90,35789,28920,22163,23351,394,794,19:24:41,4,4,606,8434,3,12584,337,160,3,12,0,16
rn,18430,SÃO JOSÉ DO CAMPESTRE,2412302,32,32,10539,10539,8136,8582,157,289,19:11:19,2,2,151,2474,0,5388,75,38,2,3,0,1
rn,18457,SÃO JOSÉ DO SERIDÓ,2412401,13,13,4515,4515,3680,3880,74,126,19:24:41,0,2,159,949,0,2481,49,36,0,1,0,3
rn,18392,SÃO JOÃO DO SABUGI,2412104,18,14,5309,3955,3215,3330,41,74,19:23:22,0,0,72,864,0,2202,40,31,0,2,0,4
rn,18473,SÃO MIGUEL,2412500,64,54,19466,15872,11575,12381,282,524,19:29:38,1,3,263,2665,0,8365,190,74,1,5,2,6
rn,16063,SÃO MIGUEL DO GOSTOSO,2412559,32,13,9651,3890,3067,3199,32,100,19:24:41,0,1,97,1166,0,1748,34,11,0,0,0,10
rn,18490,SÃO PAULO DO POTENGI,2412609,44,21,14677,6419,5010,5270,97,163,19:24:40,0,3,125,2174,1,2613,60,31,0,1,0,2
rn,18511,SÃO PEDRO,2412708,21,21,6475,6475,5106,5343,78,159,18:58:28,0,0,142,1510,0,3375,40,32,2,1,0,4
rn,18538,SÃO RAFAEL,2412807,24,24,7520,7520,5836,6146,86,224,19:11:43,0,0,151,1628,0,3929,94,31,0,1,1,1
rn,18554,SÃO TOMÉ,2412906,27,27,9587,9587,7170,7448,72,206,19:29:38,0,1,127,3127,1,3817,52,39,0,5,1,0
rn,18570,SÃO VICENTE,2413003,20,20,5396,5396,4284,4514,57,173,19:16:13,1,0,128,1190,2,2882,57,21,0,2,0,1
rn,18716,SÍTIO NOVO,2413706,16,16,5162,5162,4034,4232,60,138,18:55:35,0,0,88,865,0,3015,39,25,0,1,0,1
rn,18732,TABOLEIRO GRANDE,2413805,10,10,2762,2762,2171,2252,33,48,17:41:12,0,0,61,518,1,1547,31,10,0,0,0,3
rn,18759,TAIPU,2413904,38,38,10547,10547,8394,8837,168,275,19:24:41,0,2,218,1829,0,6177,105,61,0,1,0,1
rn,18775,TANGARÁ,2414001,39,39,12583,12583,9141,9689,183,365,18:43:16,1,0,221,3172,0,5529,141,68,0,5,1,3
rn,18791,TENENTE ANANIAS,2414100,27,24,8205,6937,5627,5794,39,128,20:02:00,0,1,86,1787,0,3677,54,19,0,2,1,0
rn,16004,TENENTE LAURENTINO CRUZ,2414159,16,15,5580,5219,4116,4315,44,155,19:01:38,0,0,129,1205,0,2700,64,16,1,0,0,1
rn,16225,TIBAU,2411056,26,24,9238,8493,6166,6451,108,177,19:29:38,1,2,181,2324,1,3526,91,35,0,3,1,1
rn,18813,TIBAU DO SUL,2414209,42,31,13651,9620,7483,7816,128,205,20:05:03,1,1,132,2938,1,4261,93,42,0,7,0,7
rn,18830,TIMBAÚBA DOS BATISTAS,2414308,9,9,2748,2748,2277,2366,27,62,18:47:44,2,0,54,718,1,1457,23,20,0,1,1,0
rn,18856,TOUROS,2414407,92,19,28142,5251,4221,4387,62,104,19:20:57,0,0,105,1095,0,2927,53,39,0,1,0,1
rn,16128,TRIUNFO POTIGUAR,2414456,17,17,4239,4239,3453,3603,43,107,18:33:56,0,1,98,1115,0,2190,31,18,0,0,0,0
rn,18872,UMARIZAL,2414506,31,31,8842,8842,6993,7355,92,270,18:59:27,0,2,132,1466,1,5267,93,24,1,1,0,6
rn,18899,UPANEMA,2414605,38,31,12260,9784,7671,8067,123,273,19:10:37,1,1,169,2952,2,4353,126,62,0,3,0,2
rn,16187,VENHA-VER,2414753,12,10,3918,3167,2327,2433,30,76,19:00:41,0,3,44,454,1,1766,40,15,0,0,3,1
rn,18953,VERA CRUZ,2414803,33,25,11417,8934,6858,7244,146,240,20:05:03,1,1,187,2293,3,4237,67,60,0,2,1,6
rn,18996,VILA FLOR,2415008,10,10,3254,3254,2548,2708,55,105,18:44:24,0,0,53,704,0,1758,25,8,0,0,0,0
rn,18970,VIÇOSA,2414902,6,6,1958,1958,1488,1564,18,58,19:07:01,0,1,23,357,0,1080,20,6,0,0,0,1
rn,18910,VÁRZEA,2414704,26,26,5584,5584,4531,4731,55,145,19:29:37,0,0,103,1594,0,2759,48,26,0,0,0,1
rn,16071,ÁGUA NOVA,2400406,11,11,3009,3009,2401,2531,26,104,18:28:22,0,0,60,408,0,1870,42,19,0,1,0,1
rs,88986,ACEGUÁ,4300034,12,12,3982,3982,2928,3035,68,39,19:21:10,0,0,64,1787,0,929,49,94,0,0,0,5
rs,85014,AGUDO,4300109,48,0,12534,0,0,0,0,0,20:14:10,0,0,0,0,0,0,0,0,0,0,0,0
rs,85030,AJURICABA,4300208,21,21,5799,5799,4825,4948,49,74,19:15:19,1,0,102,3312,0,1178,83,129,0,4,0,16
rs,85057,ALECRIM,4300307,26,26,5602,5602,4531,4697,70,96,18:30:23,1,0,112,2331,0,1806,82,187,0,1,0,11
rs,85073,ALEGRETE,4300406,194,194,55756,55756,39265,40720,804,651,20:02:12,4,16,1046,18692,7,17259,803,1339,2,23,4,70
rs,85545,ALEGRIA,4300455,14,14,3209,3209,2557,2656,53,46,19:07:24,0,1,38,1421,0,987,25,80,0,1,0,4
rs,89001,ALMIRANTE TAMANDARÉ DO SUL,4300471,8,8,1979,1979,1636,1679,18,25,18:44:31,0,0,42,1084,0,409,40,57,0,2,0,2
rs,85090,ALPESTRE,4300505,22,22,6272,6272,4750,4976,160,66,18:29:17,1,0,64,2778,0,1734,69,100,0,0,0,4
rs,84808,ALTO ALEGRE,4300554,6,6,1850,1850,1503,1555,31,21,18:30:22,0,2,63,881,0,488,38,30,1,0,0,0
rs,86282,ALTO FELIZ,4300570,9,9,2870,2870,2329,2414,29,56,19:05:32,2,1,76,1623,0,428,49,142,0,0,1,7
rs,85111,ALVORADA,4300604,426,426,135997,135997,97888,103478,3051,2539,19:23:47,42,20,3059,46134,52,42505,3250,2397,27,142,27,233
rs,86045,AMARAL FERRADOR,4300638,15,15,4601,4601,3439,3674,135,100,19:25:54,1,0,91,1945,0,1283,57,55,0,2,0,5
rs,86304,AMETISTA DO SUL,4300646,19,19,6067,6067,5049,5217,74,94,19:21:08,0,0,71,3234,1,1628,59,47,0,1,0,8
rs,86100,ANDRÉ DA ROCHA,4300661,4,4,1399,1399,1107,1152,25,20,18:28:26,0,1,16,804,0,225,5,52,0,2,0,2
rs,85138,ANTA GORDA,4300703,16,16,4872,4872,3935,4088,89,64,19:14:10,0,0,80,3174,0,489,62,115,0,2,0,13
rs,85154,ANTÔNIO PRADO,4300802,39,39,10712,10712,8870,9149,152,127,18:15:23,1,2,193,6982,1,1291,168,202,0,1,0,29
rs,86320,ARAMBARÉ,4300851,13,13,3684,3684,2669,2780,52,59,19:07:23,0,0,79,1479,0,983,52,68,0,2,1,5
rs,88862,ARARICÁ,4300877,18,18,6414,6414,5121,5296,94,81,18:57:43,1,2,133,3382,0,1410,111,75,1,1,1,4
rs,85170,ARATIBA,4300901,20,20,6202,6202,5033,5214,101,80,19:04:56,0,0,173,3024,2,1626,103,94,0,0,0,11
rs,85197,ARROIO DO MEIO,4301008,56,56,17325,17325,14381,14887,224,282,18:32:19,4,1,552,9567,2,3406,407,403,1,1,2,35
rs,89028,ARROIO DO PADRE,4301073,10,10,2775,2775,2394,2441,27,20,19:21:10,0,0,52,1976,2,257,31,74,0,0,0,2
rs,85308,ARROIO DO SAL,4301057,29,29,9495,9495,7047,7314,133,134,18:27:24,3,1,280,4199,6,2161,203,166,0,12,2,14
rs,85235,ARROIO DO TIGRE,4301206,38,38,9941,9941,7992,8400,235,173,19:02:27,2,1,189,5229,0,2204,155,197,1,2,3,9
rs,85219,ARROIO DOS RATOS,4301107,35,14,10249,4336,3180,3357,100,77,19:25:54,1,0,82,1403,0,1484,94,101,0,2,0,13
rs,85251,ARROIO GRANDE,4301305,52,52,14461,14461,10769,11337,329,239,19:22:20,2,2,349,4552,2,5343,229,263,0,6,0,21
rs,85278,ARVOREZINHA,4301404,28,28,8656,8656,6672,7028,225,131,18:25:04,1,0,151,4787,0,1508,101,109,1,1,2,11
rs,85294,AUGUSTO PESTANA,4301503,27,27,5869,5869,4838,4992,76,78,18:26:04,0,0,73,3501,0,1061,71,116,0,6,0,10
rs,85316,BAGÉ,4301602,274,273,87802,87438,60578,64123,2015,1530,20:02:12,23,8,1802,27868,24,27624,1428,1578,6,81,7,129
rs,88927,BALNEÁRIO PINHAL,4301636,30,30,11040,11040,7314,7698,181,203,19:26:24,7,1,176,3723,3,3021,147,215,0,4,1,16
rs,86363,BARRA DO GUARITA,4301859,10,10,2600,2600,1962,2045,28,55,19:09:56,0,0,38,978,0,903,24,17,0,1,0,1
rs,88625,BARRA DO QUARAÍ,4301875,11,11,3355,3355,2377,2467,56,34,17:57:29,1,2,82,1113,0,1095,58,24,0,2,0,0
rs,85375,BARRA DO RIBEIRO,4301909,33,33,10239,10239,7351,7742,201,190,18:32:00,1,1,231,3934,7,2761,177,213,2,8,1,15
rs,86380,BARRA DO RIO AZUL,4301925,6,6,1751,1751,1509,1569,32,28,18:20:17,1,1,53,866,0,486,26,75,0,0,0,1
rs,86401,BARRA FUNDA,4301958,13,13,2716,2716,2284,2366,43,39,18:37:22,1,0,68,1447,0,684,37,43,0,1,0,3
rs,85359,BARRACÃO,4301800,16,16,4352,4352,3195,3446,150,101,19:16:26,1,0,52,1804,0,1223,61,51,0,1,1,1
rs,85391,BARROS CASSAL,4302006,27,27,8271,8271,6079,6374,186,109,19:17:24,1,3,145,3580,1,2083,100,154,0,0,1,11
rs,86223,BARÃO,4301651,17,17,5073,5073,4268,4432,72,92,19:00:15,5,0,152,3026,3,839,91,135,0,1,1,15
rs,85332,BARÃO DE COTEGIPE,4301701,19,19,5354,5354,4346,4550,117,87,19:25:54,2,0,91,2819,0,1255,50,106,0,4,1,18
rs,86347,BARÃO DO TRIUNFO,4301750,16,16,4618,4618,3594,3764,103,67,19:24:49,2,0,93,2447,0,792,88,156,1,0,0,15
rs,88420,BENJAMIN CONSTANT DO SUL,4302055,9,9,2125,2125,1612,1673,32,29,18:38:51,0,0,11,685,0,873,17,23,0,0,0,3
rs,85413,BENTO GONÇALVES,4302105,266,242,92061,83390,65883,67999,1056,1060,19:32:25,11,7,1652,47898,8,13059,1735,1225,9,54,12,213
rs,86428,BOA VISTA DAS MISSÕES,4302154,7,7,2075,2075,1634,1687,26,27,18:38:51,0,0,29,899,1,671,15,19,0,0,0,0
rs,85430,BOA VISTA DO BURICÁ,4302204,19,19,5645,5645,4714,4878,93,71,19:11:30,1,0,142,3227,0,1054,100,179,1,1,0,9
rs,89044,BOA VISTA DO CADEADO,4302220,10,10,2067,2067,1610,1676,32,34,18:37:23,0,0,23,1179,0,351,20,35,0,0,0,2
rs,89060,BOA VISTA DO INCRA,4302238,9,9,2195,2195,1812,1865,28,25,19:21:11,0,0,46,1200,0,506,32,25,0,0,0,3
rs,88161,BOA VISTA DO SUL,4302253,10,10,2527,2527,2059,2117,38,20,18:54:50,0,0,56,1549,1,353,26,66,2,1,0,5
rs,85456,BOM JESUS,4302303,32,32,8592,8592,6167,6551,234,150,19:02:28,1,0,160,3496,1,2265,89,142,1,4,1,7
rs,98230,BOM PRINCÍPIO,4302352,32,32,10683,10683,8977,9224,124,123,19:07:23,2,1,259,6818,2,1396,214,261,0,3,0,21
rs,86444,BOM PROGRESSO,4302378,11,11,2604,2604,2055,2113,30,28,18:12:45,0,0,26,1043,0,923,29,32,0,1,1,0
rs,85472,BOM RETIRO DO SUL,4302402,34,34,9902,9902,7770,8160,187,203,19:21:10,1,4,242,4994,5,2125,204,167,0,8,2,18
rs,84921,BOQUEIRÃO DO LEÃO,4302451,22,0,5325,0,0,0,0,0,20:14:07,0,0,0,0,0,0,0,0,0,0,0,0
rs,85499,BOSSOROCA,4302501,23,23,5117,5117,3626,3861,135,100,19:09:25,1,0,89,1705,0,1735,33,59,0,1,0,3
rs,89087,BOZANO,4302584,11,11,2625,2625,2176,2224,27,21,18:50:06,0,2,41,1564,0,496,19,51,0,0,1,2
rs,85510,BRAGA,4302600,12,12,2865,2865,2120,2264,86,58,18:27:23,1,0,48,965,0,1053,18,34,0,0,0,1
rs,85065,BROCHIER,4302659,15,15,3961,3961,3176,3365,79,110,19:30:30,2,0,175,1890,0,821,103,168,0,6,2,9
rs,85537,BUTIÁ,4302709,46,46,14823,14823,10680,11318,382,256,18:33:53,3,1,347,4678,2,5197,205,226,0,5,0,16
rs,85570,CACEQUI,4302907,32,31,8495,8181,5850,6091,132,109,18:21:09,2,1,150,2891,0,2611,89,89,0,4,2,11
rs,85596,CACHOEIRA DO SUL,4303004,218,209,64488,62674,43197,45199,1227,775,19:23:14,35,8,1201,24907,19,14337,1142,1398,5,30,8,107
rs,85618,CACHOEIRINHA,4303103,277,277,102594,102594,75416,78636,1686,1534,19:21:11,37,12,3470,41314,35,26214,2415,1538,7,97,9,268
rs,85634,CACIQUE DOBLE,4303202,15,15,3985,3985,3084,3246,93,69,19:23:14,1,0,61,1939,0,985,44,43,0,5,0,6
rs,85650,CAIBATÉ,4303301,15,15,4013,4013,3135,3290,72,83,18:13:44,0,0,76,1625,0,1318,38,71,0,0,1,6
rs,85677,CAIÇARA,4303400,14,14,4303,4303,3462,3565,54,49,19:12:53,0,0,63,2260,0,1019,39,71,0,5,0,5
rs,85693,CAMAQUÃ,4303509,168,157,49751,46845,35020,36570,925,625,19:30:30,4,2,1108,20900,10,11108,849,923,5,21,7,83
rs,85960,CAMARGO,4303558,11,11,2637,2637,2162,2249,46,41,19:04:24,0,0,44,1480,1,567,25,32,0,1,0,12
rs,85715,CAMBARÁ DO SUL,4303608,19,19,5136,5136,3910,4132,117,105,19:21:08,0,0,93,2706,0,946,58,89,0,0,1,17
rs,86460,CAMPESTRE DA SERRA,4303673,11,11,2886,2886,2272,2357,44,41,18:58:15,0,1,41,1817,0,326,39,44,0,2,0,2
rs,85731,CAMPINA DAS MISSÕES,4303707,25,25,4989,4989,4058,4213,68,87,18:41:19,0,0,134,2439,0,1271,85,116,0,3,1,9
rs,85758,CAMPINAS DO SUL,4303806,18,0,4618,0,0,0,0,0,20:14:11,0,0,0,0,0,0,0,0,0,0,0,0
rs,85774,CAMPO BOM,4303905,164,164,51980,51980,40761,42252,775,716,18:46:40,12,4,1202,26666,14,10699,1169,822,4,43,7,119
rs,85790,CAMPO NOVO,4304002,16,16,3967,3967,3014,3147,70,63,18:38:50,2,1,50,1608,0,1294,31,23,0,0,0,5
rs,85200,CAMPOS BORGES,4304101,9,9,3183,3183,2433,2571,86,52,18:41:17,3,0,75,1447,0,803,49,51,1,1,0,3
rs,85812,CANDELÁRIA,4304200,91,91,22407,22407,16987,17964,595,382,19:01:47,5,2,383,10631,2,4967,486,468,0,16,0,27
rs,86487,CANDIOTA,4304358,26,24,8121,7498,5533,5788,144,111,19:30:30,1,0,134,1980,1,3201,108,100,0,5,0,3
rs,85855,CANELA,4304408,109,109,34975,34975,25338,26661,734,589,18:38:51,12,2,803,16598,5,6541,683,575,2,31,5,81
rs,85871,CANGUÇU,4304507,152,130,43549,37366,27944,29606,1083,579,20:05:03,16,1,1006,16995,7,8311,637,905,2,10,3,51
rs,85898,CANOAS,4304606,760,760,253142,253142,185524,194295,4442,4329,19:04:57,89,31,7134,95134,84,70775,6870,4280,46,325,41,715
rs,89109,CANUDOS DO VALE,4304614,10,10,1944,1944,1625,1685,33,27,18:59:17,0,0,38,864,0,566,53,103,0,1,0,0
rs,84891,CAPELA DE SANTANA,4304689,26,26,8031,8031,6268,6536,127,141,19:21:09,0,1,262,3410,0,2302,162,121,0,3,1,6
rs,86509,CAPITÃO,4304697,12,12,2872,2872,2295,2398,56,47,19:02:56,0,1,114,1538,1,545,43,49,0,2,0,2
rs,88200,CAPIVARI DO SUL,4304671,12,12,3711,3711,2902,3014,49,63,18:47:57,0,0,74,1867,2,835,43,73,1,1,0,6
rs,89125,CAPÃO BONITO DO SUL,4304622,9,9,2112,2112,1666,1728,35,27,19:08:47,0,0,30,937,0,633,20,44,0,1,0,1
rs,89150,CAPÃO DA CANOA,4304630,123,122,46049,45653,33170,34320,572,578,19:16:50,11,9,1118,20951,16,9429,1014,507,5,28,1,81
rs,89141,CAPÃO DO CIPÓ,4304655,13,0,3105,0,0,0,0,0,20:14:08,0,0,0,0,0,0,0,0,0,0,0,0
rs,89737,CAPÃO DO LEÃO,4304663,57,57,18455,18455,13749,14663,499,415,19:24:49,11,3,548,5977,8,6346,425,382,3,17,5,24
rs,85910,CARAZINHO,4304705,150,150,45685,45685,35111,36342,646,585,19:07:23,7,4,957,21875,6,10704,691,773,3,20,7,64
rs,88340,CARAÁ,4304713,20,20,6518,6518,4827,5104,168,109,18:56:29,2,1,151,2612,0,1746,80,222,0,2,2,9
rs,85936,CARLOS BARBOSA,4304804,78,78,23696,23696,19828,20426,287,311,19:00:15,6,3,697,13991,7,3754,634,634,1,25,3,73
rs,86525,CARLOS GOMES,4304853,5,5,1396,1396,1141,1193,26,26,18:51:35,1,0,32,664,0,394,27,23,0,0,0,0
rs,85952,CASCA,4304903,22,22,7527,7527,6131,6381,149,101,18:21:59,0,3,143,4564,1,1135,107,153,1,7,1,16
rs,85880,CASEIROS,4304952,10,10,3182,3182,2411,2523,62,50,18:30:21,0,0,54,1587,1,682,42,41,0,0,0,4
rs,85979,CATUÍPE,4305009,32,14,7517,3854,3098,3232,71,63,19:09:56,1,0,77,1860,1,1045,46,58,2,2,0,6
rs,85995,CAXIAS DO SUL,4305108,1125,1125,342998,342998,266168,278726,5693,6865,19:29:51,119,59,9857,166880,101,71514,8846,7161,61,347,42,1181
rs,85553,CAÇAPAVA DO SUL,4302808,98,94,25010,24413,17618,18795,683,494,19:29:51,3,5,779,6913,5,8946,361,540,0,8,3,55
rs,86541,CENTENÁRIO,4305116,9,9,2650,2650,2250,2331,51,30,19:25:18,0,0,75,1337,0,738,34,63,1,0,0,2
rs,88641,CERRITO,4305124,22,22,5309,5309,3799,4121,198,124,18:44:51,3,2,139,1678,1,1781,70,112,0,4,0,9
rs,86088,CERRO BRANCO,4305132,19,0,3490,0,0,0,0,0,20:14:09,0,0,0,0,0,0,0,0,0,0,0,0
rs,85227,CERRO GRANDE,4305157,8,8,2482,2482,1849,1923,30,44,18:46:41,0,2,50,844,1,868,26,52,0,2,0,4
rs,85944,CERRO GRANDE DO SUL,4305173,23,0,7118,0,0,0,0,0,20:14:08,0,0,0,0,0,0,0,0,0,0,0,0
rs,86010,CERRO LARGO,4305207,39,39,10195,10195,8100,8425,133,192,18:12:45,4,0,288,4282,2,3152,186,162,0,7,0,17
rs,86037,CHAPADA,4305306,29,29,7697,7697,6271,6576,181,124,19:12:54,0,0,171,4041,2,1682,160,201,0,2,1,11
rs,86932,CHARQUEADAS,4305355,82,19,24424,5597,4322,4552,119,111,19:32:24,1,2,155,1902,1,2014,115,115,0,9,1,7
rs,86568,CHARRUA,4305371,11,11,2510,2510,2005,2085,35,45,19:23:47,0,0,13,1099,1,846,8,34,0,0,0,4
rs,86053,CHIAPETTA,4305405,13,13,3635,3635,2876,2952,38,38,18:26:03,0,1,49,1812,0,932,40,34,0,1,0,7
rs,88269,CHUVISCA,4305447,14,7,4354,2080,1714,1782,49,19,19:32:24,1,0,44,1242,0,297,74,48,0,0,0,8
rs,88846,CHUÍ,4305439,14,14,4888,4888,3164,3464,173,127,18:58:15,2,2,110,1180,1,1681,74,99,0,3,0,12
rs,85804,CIDREIRA,4305454,40,40,12724,12724,8343,8689,178,168,18:57:43,6,0,260,3983,4,3654,168,243,0,7,0,18
rs,86070,CIRÍACO,4305504,14,14,3627,3627,2874,3052,120,58,18:34:38,1,0,37,1833,0,888,43,68,0,0,0,4
rs,86584,COLINAS,4305587,8,8,2354,2354,1914,1990,21,55,19:10:58,0,0,82,1241,1,437,45,100,0,0,0,8
rs,86096,COLORADO,4305603,11,11,2995,2995,2374,2450,43,33,18:15:08,0,1,42,1774,0,485,24,43,0,1,0,4
rs,86118,CONDOR,4305702,22,22,6118,6118,4720,4880,71,89,18:17:36,0,0,123,3249,0,1194,66,78,0,2,0,8
rs,86134,CONSTANTINA,4305801,27,27,8077,8077,6333,6582,137,112,18:59:17,1,0,137,3876,0,2065,104,137,0,3,0,10
rs,89168,COQUEIRO BAIXO,4305835,8,8,1351,1351,1065,1095,12,18,18:40:01,1,0,53,803,0,165,11,28,0,2,0,2
rs,86606,COQUEIROS DO SUL,4305850,10,10,2451,2451,2012,2085,41,32,18:35:15,0,1,64,1328,0,471,40,106,0,0,0,2
rs,86622,CORONEL BARROS,4305871,10,10,2668,2668,2236,2293,28,29,18:54:49,0,0,58,1519,0,542,61,53,0,0,0,3
rs,86150,CORONEL BICACO,4305900,24,24,5810,5810,4326,4514,76,112,18:21:58,0,1,75,2266,0,1871,65,42,2,0,0,4
rs,89184,CORONEL PILAR,4305934,6,6,1569,1569,1304,1341,21,16,19:08:47,0,0,30,993,0,219,21,39,0,1,0,1
rs,89770,COTIPORÃ,4305959,12,12,3488,3488,2813,2924,68,43,18:44:51,0,1,66,2104,0,444,88,104,0,1,0,5
rs,86649,COXILHA,4305975,10,10,2867,2867,2310,2374,34,30,18:30:21,0,1,57,1481,0,679,34,56,0,0,0,2
rs,86177,CRISSIUMAL,4306007,48,48,10489,10489,8136,8499,188,175,19:10:58,3,1,278,5005,0,2462,162,203,2,4,2,14
rs,85464,CRISTAL,4306056,19,19,6418,6418,4826,5037,113,98,19:16:50,2,0,162,2643,1,1811,99,95,0,2,0,11
rs,88528,CRISTAL DO SUL,4306072,11,11,2662,2662,2140,2235,51,44,18:38:51,0,0,44,1104,0,929,22,36,0,3,0,2
rs,86193,CRUZ ALTA,4306106,153,153,45724,45724,33826,35238,732,680,19:14:47,7,4,807,18631,9,12759,706,829,3,18,9,44
rs,89206,CRUZALTENSE,4306130,8,8,1928,1928,1595,1651,28,28,18:33:52,2,1,36,1161,0,323,28,42,0,0,0,2
rs,86215,CRUZEIRO DO SUL,4306205,38,38,9328,9328,7334,7633,140,159,19:30:30,1,1,216,4725,4,2014,176,168,4,2,2,21
rs,85839,CÂNDIDO GODÓI,4304309,23,23,5545,5545,4750,4904,85,69,18:59:16,1,0,108,3416,0,997,78,138,0,1,0,11
rs,86231,DAVID CANABARRO,4306304,13,13,4085,4085,3312,3465,107,46,18:46:40,0,0,84,2196,1,877,59,84,1,0,0,10
rs,86665,DERRUBADAS,4306320,14,14,2624,2624,2072,2151,37,42,19:04:25,0,0,74,1231,1,670,40,55,0,0,0,1
rs,85049,DEZESSEIS DE NOVEMBRO,4306353,13,13,2615,2615,1919,2008,50,39,18:44:53,0,0,44,905,0,897,24,47,0,1,0,1
rs,88188,DILERMANDO DE AGUIAR,4306379,14,10,3281,2318,1715,1787,36,36,20:02:12,0,1,53,978,1,588,25,61,1,1,0,6
rs,86258,DOIS IRMÃOS,4306403,85,85,24787,24787,20309,21009,317,383,19:14:10,9,2,672,13314,3,5131,592,437,3,22,2,122
rs,86681,DOIS IRMÃOS DAS MISSÕES,4306429,8,8,2066,2066,1604,1663,30,29,18:18:47,0,0,23,851,0,684,14,31,0,0,0,1
rs,84824,DOIS LAJEADOS,4306452,8,8,3119,3119,2465,2567,49,53,19:09:26,0,0,76,1893,1,372,44,68,1,1,0,9
rs,86274,DOM FELICIANO,4306502,36,34,10375,9837,7329,7854,340,185,19:25:54,2,1,150,4100,2,2640,184,221,0,5,2,22
rs,86290,DOM PEDRITO,4306601,117,117,29233,29233,20335,21267,505,427,19:09:57,15,6,544,10399,5,8466,328,528,1,10,3,30
rs,88463,DOM PEDRO DE ALCÂNTARA,4306551,11,11,2646,2646,2184,2251,26,41,19:14:47,0,0,77,1375,0,610,59,59,0,0,1,3
rs,86312,DONA FRANCISCA,4306700,11,11,3059,3059,2384,2482,47,51,19:11:30,3,0,42,1410,0,826,40,58,0,0,2,3
rs,84883,DOUTOR MAURÍCIO CARDOSO,4306734,17,17,3822,3822,3109,3207,39,59,19:12:53,0,0,61,2112,2,806,42,74,0,2,0,10
rs,88307,DOUTOR RICARDO,4306759,8,8,2080,2080,1612,1684,40,32,18:41:16,0,1,43,1179,0,317,16,51,0,2,0,3
rs,86240,ELDORADO DO SUL,4306767,78,78,26775,26775,19560,20473,457,456,19:21:11,7,1,633,9559,5,8259,535,490,2,17,1,51
rs,86339,ENCANTADO,4306809,58,58,16617,16617,13492,13949,215,242,18:50:07,3,0,390,9244,5,3213,261,331,1,6,0,38
rs,86355,ENCRUZILHADA DO SUL,4306908,72,68,18702,17845,12809,13781,604,368,19:24:49,8,2,433,5849,0,5944,232,311,1,5,1,23
rs,86703,ENGENHO VELHO,4306924,5,5,1179,1179,922,970,27,21,18:17:35,0,0,6,467,0,412,10,22,0,0,0,5
rs,85928,ENTRE RIOS DO SUL,4306957,9,9,2654,2654,2014,2082,27,41,18:33:53,0,0,36,1108,0,817,27,23,0,0,0,3
rs,85103,ENTRE-IJUÍS,4306932,22,22,7421,7421,5789,6030,102,139,19:10:34,3,0,157,3327,1,2061,90,140,0,2,0,8
rs,85081,EREBANGO,4306973,8,8,2616,2616,2015,2106,37,54,18:31:59,0,0,26,1224,1,696,26,37,0,0,2,3
rs,86371,ERECHIM,4307005,245,245,79130,79130,62472,64734,1151,1111,19:16:25,8,11,1898,41650,13,15782,1574,1275,7,50,1,203
rs,85022,ERNESTINA,4307054,10,10,2930,2930,2351,2432,38,43,19:21:08,0,0,40,1475,0,762,35,34,0,1,0,4
rs,86410,ERVAL GRANDE,4307203,16,16,4359,4359,3451,3616,84,81,18:38:50,0,1,76,1794,0,1471,45,60,0,0,1,3
rs,86436,ERVAL SECO,4307302,25,25,5497,5497,4336,4507,97,74,18:30:49,2,1,67,2237,0,1889,59,72,1,2,0,6
rs,86452,ESMERALDA,4307401,11,5,2884,1712,1277,1317,19,21,19:31:19,0,0,29,775,2,434,17,20,0,0,0,0
rs,88285,ESPERANÇA DO SUL,4307450,14,14,3315,3315,2634,2753,37,82,18:19:31,3,0,41,1309,0,1174,47,59,0,0,0,1
rs,86479,ESPUMOSO,4307500,37,37,12400,12400,9864,10172,145,163,19:13:20,3,3,254,6182,3,3099,154,147,1,0,1,17
rs,85286,ESTAÇÃO,4307559,16,16,4871,4871,3958,4102,68,76,18:27:24,1,0,118,2658,1,966,84,120,0,1,0,9
rs,86517,ESTEIO,4307708,216,216,65833,65833,48145,50212,1079,988,19:21:43,21,3,1751,22979,22,20429,1694,1007,6,71,3,159
rs,86533,ESTRELA,4307807,80,80,24675,24675,19659,20238,279,300,19:10:58,6,5,759,13505,2,4364,503,420,1,22,2,70
rs,88404,ESTRELA VELHA,4307815,15,15,2953,2953,2309,2399,51,39,19:02:56,0,0,67,1422,0,683,28,103,0,0,0,6
rs,86495,ESTÂNCIA VELHA,4307609,108,108,37229,37229,29144,30359,549,666,19:21:43,8,4,887,19720,13,6862,901,618,6,24,5,96
rs,85448,EUGÊNIO DE CASTRO,4307831,8,8,2554,2554,1993,2072,46,33,19:04:24,0,0,25,1249,0,657,21,37,0,1,0,3
rs,84930,FAGUNDES VARELA,4307864,8,8,2439,2439,1994,2050,32,24,18:32:20,1,0,45,1573,0,282,31,57,0,1,0,4
rs,86550,FARROUPILHA,4307906,182,182,57062,57062,45359,47177,910,908,19:24:50,19,7,1368,32140,14,9327,1224,1017,4,42,6,191
rs,86576,FAXINAL DO SOTURNO,4308003,21,21,5638,5638,4339,4489,79,71,18:37:23,3,0,118,2664,0,1350,82,109,0,1,0,12
rs,86029,FAXINALZINHO,4308052,8,8,2419,2419,1849,1924,38,37,18:00:42,0,0,31,1167,0,612,12,25,0,0,0,2
rs,88366,FAZENDA VILANOVA,4308078,13,13,3798,3798,2971,3101,52,78,19:07:53,1,1,103,1731,0,997,59,71,1,0,0,7
rs,86592,FELIZ,4308102,37,37,11110,11110,9010,9340,152,178,18:40:01,1,3,351,5953,2,2117,273,281,1,6,0,22
rs,86614,FLORES DA CUNHA,4308201,78,78,25103,25103,20491,21134,272,371,18:38:52,7,1,574,16241,3,2606,597,384,3,16,6,53
rs,88242,FLORIANO PEIXOTO,4308250,7,7,1811,1811,1417,1480,32,31,19:21:08,0,0,34,861,0,459,21,38,1,0,0,3
rs,86630,FONTOURA XAVIER,4308300,31,31,8245,8245,6062,6394,190,142,19:16:26,3,0,188,2951,1,2686,91,131,1,0,0,10
rs,86657,FORMIGUEIRO,4308409,22,22,5763,5763,4222,4482,122,138,18:59:40,0,0,116,2131,1,1777,49,143,0,1,0,4
rs,89222,FORQUETINHA,4308433,12,12,2588,2588,2153,2235,53,29,19:09:26,1,0,35,1543,0,484,37,50,0,0,0,3
rs,98272,FORTALEZA DOS VALOS,4308458,12,12,3686,3686,3074,3162,45,43,18:45:20,2,3,82,1943,0,939,46,51,0,0,0,8
rs,86673,FREDERICO WESTPHALEN,4308508,80,80,25048,25048,19421,20123,389,313,19:21:10,4,2,500,12652,3,5474,386,345,0,10,1,44
rs,86690,GARIBALDI,4308607,80,80,26403,26403,21902,22601,385,314,19:09:56,4,1,577,16066,5,4072,526,543,4,16,4,84
rs,86720,GARRUCHOS,4308656,11,11,2516,2516,1802,1871,27,42,18:42:15,0,0,65,698,0,980,27,31,0,0,0,1
rs,86711,GAURAMA,4308706,19,19,5195,5195,4304,4462,81,77,19:12:53,0,1,99,3040,0,995,70,86,0,1,0,12
rs,86738,GENERAL CÂMARA,4308805,23,18,6173,5018,3777,3948,99,72,19:32:24,0,0,140,1857,1,1558,123,92,0,1,0,5
rs,86746,GENTIL,4308854,6,0,1673,0,0,0,0,0,20:14:06,0,0,0,0,0,0,0,0,0,0,0,0
rs,86770,GETÚLIO VARGAS,4308904,41,41,12197,12197,9948,10349,196,205,19:21:10,4,2,275,7004,2,2171,202,258,2,10,0,18
rs,86797,GIRUÁ,4309001,48,48,12735,12735,10128,10454,148,178,18:14:12,1,2,216,6733,0,2787,142,225,0,3,0,19
rs,85502,GLORINHA,4309050,20,20,6780,6780,5102,5325,105,118,19:21:09,0,1,121,3394,3,1270,142,154,1,8,1,7
rs,86819,GRAMADO,4309100,111,111,34790,34790,26265,27195,498,432,19:01:47,2,2,737,19052,5,5170,659,521,2,30,8,77
rs,86762,GRAMADO DOS LOUREIROS,4309126,8,8,2631,2631,2043,2121,31,47,19:29:51,0,0,32,870,0,1097,23,15,0,0,0,6
rs,86789,GRAMADO XAVIER,4309159,15,0,3049,0,0,0,0,0,20:14:07,0,0,0,0,0,0,0,0,0,0,0,0
rs,86835,GRAVATAÍ,4309209,539,539,192077,192077,140623,147860,3821,3416,19:25:18,73,32,5495,78624,61,47237,4627,3797,28,195,28,426
rs,84867,GUABIJU,4309258,4,4,1395,1395,1118,1164,26,20,19:04:24,0,0,27,874,0,164,14,30,3,2,1,3
rs,86878,GUAPORÉ,4309407,55,55,18948,18948,15400,15896,268,228,18:46:41,4,6,361,11578,7,2640,374,390,1,7,0,32
rs,86894,GUARANI DAS MISSÕES,4309506,26,26,5851,5851,4726,4901,81,94,19:25:18,0,0,96,2860,2,1509,73,173,1,3,0,9
rs,86851,GUAÍBA,4309308,231,231,74475,74475,54938,57904,1643,1323,19:22:21,25,10,2273,26139,24,23122,1702,1402,11,77,13,140
rs,85189,HARMONIA,4309555,12,12,4102,4102,3473,3602,69,60,18:50:06,0,2,142,2389,0,702,100,118,0,4,0,16
rs,86398,HERVAL,4307104,19,19,5214,5214,3754,3961,105,102,18:56:28,0,2,125,1278,0,2175,74,88,0,3,0,9
rs,88323,HERVEIRAS,4309571,10,10,2629,2629,2015,2097,50,32,19:09:57,0,1,40,1088,0,776,50,56,0,0,0,4
rs,86916,HORIZONTINA,4309605,57,57,14887,14887,11901,12200,140,159,18:15:22,0,5,306,8454,1,2610,224,266,0,5,0,30
rs,86800,HULHA NEGRA,4309654,17,17,4884,4884,3651,3803,90,62,19:05:33,0,0,86,1504,2,1920,78,53,0,2,0,6
rs,86959,HUMAITÁ,4309704,19,19,4020,4020,3324,3441,58,59,18:46:40,0,0,74,2055,1,1078,51,59,0,0,1,5
rs,84972,IBARAMA,4309753,15,15,3655,3655,2813,2986,101,72,18:13:42,1,1,65,1722,0,792,85,139,0,2,0,6
rs,86975,IBIAÇÁ,4309803,15,15,3988,3988,3263,3395,66,66,19:14:47,1,0,112,2250,0,747,63,82,0,1,0,7
rs,86991,IBIRAIARAS,4309902,19,19,5419,5419,4392,4596,116,88,19:10:34,0,0,142,3256,1,841,48,91,0,0,0,13
rs,84964,IBIRAPUITÃ,4309951,13,13,3410,3410,2657,2753,47,49,18:30:50,0,0,57,1642,0,886,32,36,0,0,0,4
rs,87017,IBIRUBÁ,4310009,55,55,16439,16439,13472,13882,221,189,18:30:22,4,1,342,9582,4,2919,263,313,1,10,0,33
rs,87033,IGREJINHA,4310108,83,83,26693,26693,21857,22609,402,350,19:00:15,4,1,615,14678,7,5531,622,331,1,12,1,54
rs,87050,IJUÍ,4310207,231,231,63737,63737,49943,51659,860,856,19:07:23,6,2,1283,29614,9,16869,1038,984,11,19,4,104
rs,87076,ILÓPOLIS,4310306,14,14,3634,3634,2887,3006,65,54,18:45:20,0,0,71,2242,0,474,40,53,1,0,0,6
rs,85685,IMBÉ,4310330,65,65,24070,24070,17026,17643,303,314,18:44:52,5,1,667,9628,6,5858,423,379,0,15,6,38
rs,85782,IMIGRANTE,4310363,9,9,2800,2800,2198,2301,35,68,18:26:26,0,0,108,1427,0,495,68,86,0,3,0,11
rs,87092,INDEPENDÊNCIA,4310405,22,22,5501,5501,4470,4604,56,78,19:02:56,0,0,95,2886,2,1251,69,153,1,0,0,13
rs,86827,INHACORÁ,4310413,9,9,2071,2071,1572,1625,24,29,17:57:31,0,0,42,860,0,621,11,36,0,0,0,2
rs,85243,IPIRANGA DO SUL,4310462,8,8,2098,2098,1743,1794,23,28,19:13:20,0,0,21,1430,3,238,20,26,0,0,0,5
rs,84999,IPÊ,4310439,20,20,5497,5497,4456,4596,70,70,19:04:24,3,1,91,3394,2,757,82,104,1,4,1,16
rs,87114,IRAÍ,4310504,20,20,5812,5812,4419,4618,101,98,18:50:08,5,1,64,2357,1,1856,72,53,0,2,2,6
rs,88382,ITAARA,4310538,14,14,4530,4530,3540,3630,49,41,19:15:20,1,0,89,1952,0,1337,51,100,0,2,2,6
rs,85901,ITACURUBI,4310553,13,13,2718,2718,2050,2122,38,34,19:21:10,0,0,66,1021,0,913,18,29,0,0,0,3
rs,86843,ITAPUCA,4310579,6,6,1824,1824,1389,1466,53,24,18:44:31,0,0,22,979,0,337,27,21,0,0,0,3
rs,87130,ITAQUI,4310603,80,80,26152,26152,18057,18680,320,303,19:14:47,5,2,393,9938,1,6910,346,407,0,16,0,39
rs,89249,ITATI,4310652,11,11,3450,3450,2771,2863,42,50,19:21:09,0,0,54,1676,0,914,64,57,0,2,0,4
rs,87157,ITATIBA DO SUL,4310702,13,13,3342,3342,2626,2748,59,63,18:51:35,0,0,32,1129,1,1381,39,41,0,0,0,3
rs,85626,IVORÁ,4310751,8,8,1809,1809,1356,1439,47,36,18:54:49,0,2,33,743,0,480,10,81,0,1,0,6
rs,87173,IVOTI,4310801,53,53,17002,17002,14393,14844,198,253,18:44:53,5,6,583,9655,4,3225,471,328,2,9,1,104
rs,84786,JABOTICABA,4310850,13,13,3370,3370,2623,2742,52,67,18:33:22,1,1,54,1437,0,1052,47,23,0,1,0,7
rs,89265,JACUIZINHO,4310876,10,10,2056,2056,1663,1715,22,30,18:41:17,0,0,53,862,0,684,22,39,0,1,0,2
rs,87190,JACUTINGA,4310900,12,12,2991,2991,2433,2547,61,53,18:28:27,0,0,68,1626,2,612,48,69,0,1,0,7
rs,87238,JAGUARI,4311106,39,39,8702,8702,6646,7006,199,161,19:01:21,1,0,194,3988,2,2149,87,210,1,4,3,7
rs,87211,JAGUARÃO,4311007,65,65,20370,20370,14179,15075,519,377,19:16:50,15,2,553,6248,4,6546,406,363,2,18,0,22
rs,84905,JAQUIRANA,4311122,15,1,3757,186,135,138,3,0,19:25:54,0,0,7,70,0,52,1,5,0,0,0,0
rs,88587,JARI,4311130,12,12,2794,2794,2131,2264,99,34,19:04:57,0,0,100,1122,0,822,21,65,0,0,0,1
rs,98299,JÓIA,4311155,28,28,6196,6196,4923,5089,98,68,19:11:58,0,0,88,2410,0,2313,39,66,0,1,0,6
rs,87254,JÚLIO DE CASTILHOS,4311205,55,55,14988,14988,11341,11776,247,188,18:45:20,6,0,321,5655,0,4862,172,308,1,2,0,14
rs,89281,LAGOA BONITA DO SUL,4311239,12,12,2310,2310,1787,1884,58,39,18:19:05,0,0,54,1028,0,610,45,47,0,2,0,1
rs,86886,LAGOA DOS TRÊS CANTOS,4311270,5,5,1717,1717,1456,1479,9,14,17:36:55,0,0,43,1084,0,248,33,46,0,1,0,1
rs,87270,LAGOA VERMELHA,4311304,74,74,19900,19900,15373,16053,406,274,19:29:51,4,5,368,9550,3,4808,280,315,0,6,2,32
rs,85260,LAGOÃO,4311254,20,20,4895,4895,3806,4002,120,76,19:13:38,1,2,159,1698,0,1750,106,86,2,1,0,1
rs,87297,LAJEADO,4311403,189,189,64158,64158,50058,51871,1002,811,19:11:30,16,5,1916,32135,21,13299,1393,1056,6,30,9,172
rs,86860,LAJEADO DO BUGRE,4311429,6,6,2108,2108,1544,1613,39,30,19:08:19,0,0,24,757,1,737,12,11,0,0,0,2
rs,87319,LAVRAS DO SUL,4311502,19,19,5420,5420,4019,4290,148,123,19:13:39,2,1,122,1702,1,1999,50,131,0,2,0,9
rs,87335,LIBERATO SALZANO,4311601,16,16,4425,4425,3261,3443,112,70,18:26:27,0,1,55,1709,1,1370,53,69,0,0,0,3
rs,86908,LINDOLFO COLLOR,4311627,15,15,4683,4683,3812,3983,93,78,18:33:22,2,0,127,2260,0,1209,102,98,3,2,0,9
rs,86924,LINHA NOVA,4311643,4,4,1511,1511,1215,1262,18,29,18:37:24,0,0,35,781,0,315,25,55,1,0,0,3
rs,87351,MACHADINHO,4311700,16,16,4842,4842,3879,4053,83,91,18:47:55,0,1,96,2417,0,1237,51,67,0,0,0,10
rs,88943,MAMPITUBA,4311734,12,12,3155,3155,2575,2668,31,62,18:44:30,1,0,77,1406,0,932,39,117,0,2,0,1
rs,86940,MANOEL VIANA,4311759,18,18,5536,5536,4195,4355,73,87,18:37:22,6,1,79,2109,0,1816,45,127,1,4,1,6
rs,86967,MAQUINÉ,4311775,20,20,5922,5922,4632,4859,119,108,19:07:23,0,1,105,2369,1,1965,98,85,0,2,0,6
rs,86983,MARATÁ,4311791,10,10,2435,2435,2037,2094,29,28,18:59:39,0,0,72,1431,0,381,55,90,0,2,0,6
rs,87378,MARAU,4311809,106,106,31646,31646,25800,26683,486,397,18:44:32,8,7,633,18196,5,5613,565,693,4,14,0,62
rs,87394,MARCELINO RAMOS,4311908,18,12,3896,2714,2160,2238,38,40,19:00:51,0,1,54,1310,0,711,36,47,0,0,0,1
rs,87009,MARIANA PIMENTEL,4311981,13,13,3608,3608,2711,2829,67,51,18:57:42,1,0,92,1633,0,837,41,96,1,4,0,6
rs,87416,MARIANO MORO,4312005,8,8,2211,2211,1729,1829,63,37,18:21:59,0,1,55,986,0,610,32,39,0,0,0,6
rs,88820,MARQUES DE SOUZA,4312054,17,17,3511,3511,2784,2903,61,58,19:01:21,0,1,78,1895,0,682,52,70,0,0,0,6
rs,87432,MATA,4312104,15,15,4013,4013,2961,3144,127,56,18:44:32,0,0,72,1724,0,1019,36,102,1,1,0,6
rs,87025,MATO CASTELHANO,4312138,9,9,3019,3019,2471,2532,28,33,19:21:09,0,0,35,1779,0,544,54,56,0,0,1,2
rs,87041,MATO LEITÃO,4312153,14,14,4115,4115,3364,3510,78,68,19:17:24,1,0,114,2153,0,835,97,153,0,4,0,7
rs,89303,MATO QUEIMADO,4312179,7,7,1617,1617,1314,1351,21,16,18:56:28,3,0,41,761,0,446,9,50,2,1,1,0
rs,87459,MAXIMILIANO DE ALMEIDA,4312203,16,16,3954,3954,3020,3195,86,89,18:51:34,0,0,76,2090,0,769,38,44,0,0,0,3
rs,88447,MAÇAMBARÁ,4311718,14,12,3970,3422,2428,2523,45,50,19:23:14,2,0,56,1304,0,915,32,116,0,0,0,3
rs,87068,MINAS DO LEÃO,4312252,20,20,6369,6369,4765,5022,154,103,19:00:15,5,1,169,2272,0,2037,77,191,1,5,0,7
rs,87475,MIRAGUAÍ,4312302,17,17,4473,4473,3525,3666,70,71,19:16:50,1,0,85,1642,0,1647,72,70,0,0,0,8
rs,85820,MONTAURI,4312351,5,5,1514,1514,1232,1283,27,24,19:04:57,0,0,29,935,0,187,15,62,0,1,0,3
rs,88803,MONTE ALEGRE DOS CAMPOS,4312377,12,12,3352,3352,2483,2594,77,34,19:29:51,0,0,40,1639,0,699,33,69,0,0,0,3
rs,87084,MONTE BELO DO SUL,4312385,11,11,3034,3034,2498,2573,31,44,19:14:11,0,0,40,2061,0,280,40,61,1,0,0,15
rs,87491,MONTENEGRO,4312401,150,150,47579,47579,35296,36893,897,700,19:11:30,7,8,1360,20096,16,11576,1042,977,5,45,4,160
rs,87106,MORMAÇO,4312427,8,6,2764,2026,1603,1665,32,30,20:05:02,1,1,39,1027,0,488,24,20,0,1,0,2
rs,87122,MORRINHOS DO SUL,4312443,11,11,3216,3216,2626,2721,45,50,18:26:03,0,1,89,1783,1,590,85,66,0,1,0,10
rs,86185,MORRO REDONDO,4312450,20,20,5309,5309,3971,4211,149,91,19:08:47,1,3,157,2263,0,1268,77,188,0,4,0,10
rs,87149,MORRO REUTER,4312476,19,19,5415,5415,4560,4717,62,95,19:24:50,0,0,157,3383,1,762,124,111,0,4,1,17
rs,87513,MOSTARDAS,4312500,31,31,9243,9243,6559,6942,176,207,18:56:00,2,3,145,3945,0,2159,103,182,2,2,0,16
rs,88544,MUITOS CAPÕES,4312617,10,10,2854,2854,2139,2218,62,17,19:25:54,0,0,27,1569,0,468,14,57,0,1,0,3
rs,87165,MULITERNO,4312625,8,8,2237,2237,1728,1811,57,26,18:48:54,2,0,43,941,0,685,21,32,0,0,0,4
rs,87530,MUÇUM,4312609,17,17,3973,3973,3138,3272,77,57,19:07:24,0,1,94,2246,0,631,57,97,0,3,0,9
rs,87181,NICOLAU VERGUEIRO,4312674,8,8,2406,2406,1846,1897,30,21,18:30:23,0,0,27,1275,0,489,9,45,0,0,0,1
rs,87572,NONOAI,4312708,30,30,9663,9663,7257,7504,120,127,19:13:39,1,0,155,4025,2,2892,83,85,1,1,1,11
rs,86169,NOVA ALVORADA,4312757,10,10,2805,2805,2278,2399,69,52,18:34:13,1,1,41,1760,0,383,42,39,0,1,0,10
rs,87599,NOVA ARAÇÁ,4312807,14,14,4136,4136,3334,3438,66,38,18:11:25,0,1,70,2582,0,542,72,59,0,1,0,7
rs,87610,NOVA BASSANO,4312906,22,22,7205,7205,6010,6187,106,71,18:50:06,1,1,84,5000,0,691,104,110,0,2,1,16
rs,87203,NOVA BOA VISTA,4312955,12,12,2028,2028,1736,1797,33,28,18:18:49,0,0,73,1196,0,341,33,89,0,1,0,3
rs,87637,NOVA BRÉSCIA,4313003,11,11,2805,2805,2299,2372,46,27,18:44:51,2,0,68,1740,1,377,43,52,0,0,1,15
rs,88226,NOVA CANDELÁRIA,4313011,11,1,2588,253,229,234,0,5,19:22:46,0,0,4,173,0,37,6,9,0,0,0,0
rs,85120,NOVA ESPERANÇA DO SUL,4313037,16,16,4338,4338,3303,3535,108,124,18:45:20,0,1,125,1906,1,1128,50,89,0,1,0,2
rs,84816,NOVA HARTZ,4313060,45,45,14667,14667,11877,12367,249,241,18:34:39,1,1,467,7069,0,3780,290,233,2,7,2,25
rs,87653,NOVA PALMA,4313102,19,19,5060,5060,4049,4188,62,77,19:21:10,0,1,112,2440,1,1258,67,160,0,3,0,7
rs,87670,NOVA PETRÓPOLIS,4313201,57,57,18127,18127,14836,15293,196,261,19:10:34,7,4,512,10409,6,2759,485,563,0,14,5,72
rs,87696,NOVA PRATA,4313300,54,54,18975,18975,15402,15857,240,215,18:51:34,3,1,436,11508,5,2606,419,360,1,14,3,46
rs,87220,NOVA PÁDUA,4313086,7,7,2410,2410,2018,2058,18,22,18:22:49,1,0,35,1756,0,149,42,22,0,3,1,9
rs,88560,NOVA RAMADA,4313334,9,9,2039,2039,1678,1730,22,30,19:16:26,0,0,47,1096,1,448,27,58,0,0,0,1
rs,84751,NOVA ROMA DO SUL,4313359,11,11,3182,3182,2650,2735,42,43,18:54:50,2,0,66,2076,0,392,55,55,0,0,0,4
rs,87246,NOVA SANTA RITA,4313375,59,59,20466,20466,15362,15912,295,255,19:21:11,14,2,504,8098,3,5942,493,242,2,28,4,30
rs,87262,NOVO BARREIRO,4313490,13,13,3794,3794,3061,3204,74,69,19:25:54,0,0,46,1653,0,1260,47,47,2,1,0,5
rs,88684,NOVO CABRAIS,4313391,15,15,3764,3764,2967,3086,80,39,20:05:03,0,0,80,1828,0,928,66,59,0,2,0,4
rs,87718,NOVO HAMBURGO,4313409,553,538,174486,168597,127712,132575,2492,2371,19:29:52,38,16,3830,81324,48,35365,3867,2516,24,150,19,515
rs,87289,NOVO MACHADO,4313425,13,13,3081,3081,2478,2548,43,27,19:11:58,0,0,46,1730,0,610,38,49,0,0,0,5
rs,87300,NOVO TIRADENTES,4313441,8,8,1973,1973,1574,1635,32,29,18:44:31,0,0,47,845,0,605,34,34,0,2,0,7
rs,89320,NOVO XINGU,4313466,6,6,1591,1591,1281,1341,38,22,18:22:49,1,1,41,684,0,497,31,24,0,1,0,1
rs,87556,NÃO-ME-TOQUE,4312658,40,40,13469,13469,10988,11249,123,138,18:10:02,0,0,205,8068,0,2279,197,216,1,0,0,22
rs,87734,OSÓRIO,4313508,115,115,37247,37247,27730,28999,680,589,19:01:47,7,3,1131,13961,7,11064,779,683,3,18,3,71
rs,87750,PAIM FILHO,4313607,16,16,3753,3753,2929,3087,78,80,19:02:28,0,0,37,1656,0,1145,42,42,0,2,0,5
rs,89672,PALMARES DO SUL,4313656,36,36,10969,10969,7665,7992,159,168,18:41:18,4,0,181,4306,2,2816,123,204,1,4,1,23
rs,87777,PALMEIRA DAS MISSÕES,4313706,79,79,24062,24062,18843,19581,364,374,18:55:27,1,2,380,10744,5,7100,286,292,2,4,1,26
rs,87793,PALMITINHO,4313805,19,19,5953,5953,4738,4953,105,110,20:05:03,2,0,132,2464,0,1896,79,158,1,0,0,6
rs,87815,PANAMBI,4313904,108,108,32201,32201,25809,26585,396,380,18:31:59,5,3,723,18575,1,5411,536,480,0,12,1,62
rs,84980,PANTANO GRANDE,4313953,29,29,8416,8416,6282,6607,171,154,18:22:47,0,0,187,2786,0,2970,131,192,1,5,0,10
rs,87831,PARAÍ,4314001,19,19,5977,5977,5040,5205,106,59,18:34:13,0,1,140,3875,1,785,85,138,0,2,0,13
rs,85987,PARAÍSO DO SUL,4314027,21,21,5367,5367,4290,4494,110,94,18:48:52,0,0,113,2854,0,1082,94,137,0,1,0,9
rs,87327,PARECI NOVO,4314035,11,11,3442,3442,2802,2887,49,36,18:51:34,4,0,90,2036,0,497,72,88,0,2,0,13
rs,98256,PAROBÉ,4314050,122,122,39009,39009,31076,32509,676,757,19:21:43,4,5,856,19437,12,9300,910,447,2,28,6,69
rs,88889,PASSA SETE,4314068,18,18,3747,3747,2921,3074,101,52,18:57:43,1,0,59,1882,0,812,67,97,0,0,1,2
rs,87343,PASSO DO SOBRADO,4314076,19,19,5251,5251,4339,4492,91,62,19:22:46,0,0,92,2689,1,1361,93,92,0,2,0,9
rs,87858,PASSO FUNDO,4314100,446,446,150021,150021,115825,119665,2159,1681,19:31:55,33,11,3372,65469,37,40293,3428,2776,22,106,5,273
rs,89346,PAULO BENTO,4314134,8,8,2280,2280,1904,1966,34,28,18:33:53,0,0,39,1310,1,433,15,101,0,0,0,5
rs,85146,PAVERAMA,4314159,22,22,6036,6036,4848,5037,91,98,19:25:18,1,1,143,2929,0,1536,98,129,1,1,1,8
rs,89567,PEDRAS ALTAS,4314175,8,8,1976,1976,1437,1484,20,27,18:11:41,0,0,46,567,1,778,11,32,0,0,0,2
rs,87874,PEDRO OSÓRIO,4314209,27,27,6862,6862,4878,5181,159,144,18:17:19,6,2,148,1841,0,2661,111,96,2,5,2,4
rs,87890,PEJUÇARA,4314308,13,13,3096,3096,2467,2583,60,56,18:34:39,0,1,51,1627,0,703,34,46,0,1,1,3
rs,87912,PELOTAS,4314407,757,757,244459,244459,183906,194447,5350,5191,20:05:03,85,42,7244,77399,88,86617,6035,5418,53,345,28,552
rs,87360,PICADA CAFÉ,4314423,15,0,4533,0,0,0,0,0,20:14:07,0,0,0,0,0,0,0,0,0,0,0,0
rs,85340,PINHAL,4314456,7,7,2557,2557,2092,2162,31,39,18:59:16,0,0,66,1294,0,660,22,47,1,0,0,2
rs,89362,PINHAL DA SERRA,4314464,13,1,2584,133,107,109,0,2,19:21:10,0,0,3,61,0,41,0,2,0,0,0,0
rs,87386,PINHAL GRANDE,4314472,14,14,3602,3602,2717,2847,77,53,18:59:17,1,0,81,1453,0,1043,29,103,0,0,0,7
rs,87408,PINHEIRINHO DO VALE,4314498,14,14,3806,3806,3050,3159,46,63,18:37:25,1,0,108,1685,0,1152,42,57,0,2,0,3
rs,87939,PINHEIRO MACHADO,4314506,34,33,9524,9311,6312,6843,305,226,19:13:38,1,0,285,2229,1,3460,116,201,3,4,0,12
rs,89540,PINTO BANDEIRA,4314548,9,9,2438,2438,2010,2063,22,31,18:26:28,0,0,42,1664,0,212,45,42,2,1,0,2
rs,84778,PIRAPÓ,4314555,11,11,2336,2336,1618,1710,34,58,18:33:53,0,0,49,741,0,772,13,42,0,1,0,0
rs,87955,PIRATINI,4314605,59,53,14591,13126,9266,9963,429,268,19:29:50,4,0,364,3792,2,4721,166,203,1,5,0,8
rs,87971,PLANALTO,4314704,27,27,7977,7977,5892,6202,162,148,18:33:22,1,1,83,3603,0,1998,90,107,0,2,0,7
rs,87440,PONTE PRETA,4314787,8,8,1828,1828,1568,1624,35,21,18:42:14,0,1,45,1140,0,322,25,33,1,0,0,1
rs,87424,PONTÃO,4314779,13,13,3373,3373,2798,2867,34,35,18:38:34,0,0,80,1553,0,1088,38,35,0,1,0,3
rs,88013,PORTO ALEGRE,4314902,3077,3076,1064200,1063833,776503,808583,16266,15814,19:31:55,293,153,23055,325013,524,377124,24180,20064,275,1610,199,4013
rs,88030,PORTO LUCENA,4315008,19,19,3887,3887,2947,3059,56,56,18:27:24,1,0,74,1698,0,1053,36,79,0,2,1,3
rs,87467,PORTO MAUÁ,4315057,9,9,2251,2251,1792,1844,25,27,18:26:27,0,1,21,1215,0,477,19,58,0,0,0,1
rs,87483,PORTO VERA CRUZ,4315073,10,10,1761,1761,1400,1440,21,19,18:12:47,0,0,43,772,0,534,23,23,5,0,0,0
rs,88056,PORTO XAVIER,4315107,30,30,7966,7966,6296,6572,132,144,19:12:54,2,1,113,3502,1,2501,83,79,0,2,0,12
rs,87998,PORTÃO,4314803,80,80,25742,25742,19777,20712,461,474,19:15:19,15,7,719,11690,3,6252,585,426,1,26,3,50
rs,85421,POUSO NOVO,4315131,6,6,1660,1660,1302,1358,21,35,18:21:58,0,0,30,780,0,434,20,35,0,0,0,3
rs,86126,POÇO DAS ANTAS,4314753,7,7,2014,2014,1653,1727,32,42,18:17:34,1,0,83,1124,0,343,32,67,1,1,0,1
rs,87505,PRESIDENTE LUCENA,4315149,9,9,2670,2670,2265,2346,27,54,19:14:11,2,0,79,1681,2,365,35,94,0,1,0,6
rs,84760,PROGRESSO,4315156,24,24,4932,4932,4039,4213,83,91,19:07:22,1,1,107,2404,0,1336,90,89,0,4,0,7
rs,85405,PROTÁSIO ALVES,4315172,6,6,1939,1939,1570,1636,53,13,18:32:00,0,0,35,1289,0,198,11,29,0,1,0,7
rs,88072,PUTINGA,4315206,15,15,3807,3807,2828,2932,76,28,19:21:11,0,0,52,2240,0,401,45,82,0,1,1,6
rs,88099,QUARAÍ,4315305,59,59,17670,17670,12754,13317,313,250,19:13:19,6,3,375,6412,2,5421,223,283,4,10,2,13
rs,89389,QUATRO IRMÃOS,4315313,7,7,1733,1733,1376,1405,18,11,18:50:06,1,0,33,907,0,374,7,49,0,1,1,3
rs,87521,QUEVEDOS,4315321,11,0,2385,0,0,0,0,0,20:14:06,0,0,0,0,0,0,0,0,0,0,0,0
rs,84875,QUINZE DE NOVEMBRO,4315354,12,12,3825,3825,3183,3263,31,49,18:41:16,1,0,86,2340,0,601,47,101,0,1,0,6
rs,88110,REDENTORA,4315404,24,16,6768,4552,3455,3595,63,77,19:00:51,1,0,50,1663,1,1655,26,54,0,0,2,3
rs,85766,RELVADO,4315453,10,10,2167,2167,1658,1706,23,25,19:21:12,0,0,42,1172,0,366,20,53,0,0,0,5
rs,88137,RESTINGA SÊCA,4315503,52,52,12277,12277,9363,9824,259,202,19:04:25,3,1,157,5487,0,3300,132,262,0,4,1,16
rs,87548,RIO DOS ÍNDIOS,4315552,10,10,2854,2854,2138,2224,55,31,18:51:34,0,1,54,1004,0,1020,22,34,1,0,0,2
rs,88153,RIO GRANDE,4315602,460,460,150202,150202,103284,109190,3012,2894,19:07:24,35,23,3552,35752,53,58014,3190,2204,26,173,27,235
rs,88170,RIO PARDO,4315701,101,101,28673,28673,20634,21696,597,465,18:47:57,2,5,582,8970,8,10011,447,560,3,11,3,32
rs,85740,RIOZINHO,4315750,16,16,4370,4370,3544,3715,89,82,18:38:34,0,0,128,2117,1,1077,101,111,1,0,0,8
rs,88196,ROCA SALES,4315800,27,27,7666,7666,6079,6333,136,118,19:01:21,5,0,149,4049,1,1534,115,211,0,2,1,12
rs,88218,RODEIO BONITO,4315909,17,17,5375,5375,4323,4486,83,80,18:15:22,0,0,108,2504,0,1567,78,54,0,0,0,12
rs,89400,ROLADOR,4315958,10,10,2396,2396,1867,1956,35,54,18:15:07,0,0,35,972,2,786,25,41,0,1,0,5
rs,88234,ROLANTE,4316006,54,54,16313,16313,13333,13862,289,240,19:14:47,2,2,413,8678,5,3536,277,388,0,2,0,30
rs,88250,RONDA ALTA,4316105,25,25,7415,7415,6027,6214,125,62,19:13:38,0,1,143,3099,0,2594,105,73,0,1,0,11
rs,88277,RONDINHA,4316204,20,20,4481,4481,3681,3830,93,56,18:30:25,0,0,65,2236,0,1254,44,70,0,0,0,12
rs,88293,ROQUE GONZALES,4316303,25,25,5416,5416,4295,4484,94,95,19:29:50,1,1,105,2355,1,1677,40,106,0,1,0,8
rs,88315,ROSÁRIO DO SUL,4316402,104,104,31276,31276,21835,22846,569,442,19:21:08,7,1,494,10531,7,9877,391,474,5,10,4,34
rs,87564,SAGRADA FAMÍLIA,4316428,7,7,2272,2272,1757,1834,38,39,19:23:46,0,2,53,884,1,770,22,23,0,0,0,2
rs,85561,SALDANHA MARINHO,4316436,10,10,2529,2529,2104,2161,28,29,18:16:16,0,1,31,1475,0,525,24,45,0,1,0,2
rs,89753,SALTO DO JACUÍ,4316451,27,27,7867,7867,6064,6310,120,126,18:48:53,0,0,188,3107,0,2544,106,110,0,2,0,7
rs,87580,SALVADOR DAS MISSÕES,4316477,10,10,2746,2746,2262,2341,33,46,18:41:17,0,0,65,1501,0,597,37,49,1,3,1,8
rs,88331,SALVADOR DO SUL,4316501,19,19,5640,5640,4607,4809,105,97,19:13:38,3,1,158,3247,0,841,130,205,2,4,0,16
rs,88358,SANANDUVA,4316600,49,49,13017,13017,10597,11015,230,188,18:44:32,1,0,173,7537,0,2539,193,129,0,2,0,23
rs,88455,SANT'ANA DO LIVRAMENTO,4317103,224,224,72220,72220,48688,50896,1375,833,19:25:54,16,19,1439,20197,9,23842,1103,1933,5,45,4,76
rs,88374,SANTA BÁRBARA DO SUL,4316709,27,27,6723,6723,5354,5583,139,90,18:30:24,1,0,110,3540,2,1527,67,87,0,4,2,14
rs,89247,SANTA CECÍLIA DO SUL,4316733,10,10,1940,1940,1580,1626,30,16,20:05:03,0,0,36,1182,0,290,29,40,0,0,0,3
rs,87602,SANTA CLARA DO SUL,4316758,19,19,5711,5711,4685,4872,90,97,19:22:46,1,2,175,3316,0,920,104,153,0,1,0,13
rs,88390,SANTA CRUZ DO SUL,4316808,327,327,105305,105305,81458,85005,2063,1484,19:21:11,26,10,2534,48362,36,24913,2704,2488,13,57,7,308
rs,89443,SANTA MARGARIDA DO SUL,4316972,11,9,2829,2299,1730,1794,38,26,19:30:30,0,0,44,896,0,697,24,64,0,0,1,4
rs,88412,SANTA MARIA,4316907,636,578,207115,187555,137653,143032,3113,2266,19:32:25,52,35,3950,68336,66,57359,3657,3540,24,157,25,452
rs,86207,SANTA MARIA DO HERVAL,4316956,19,9,5271,2452,2098,2195,44,53,19:00:15,2,1,96,1373,0,447,58,114,1,2,0,4
rs,88471,SANTA ROSA,4317202,185,185,57973,57973,46180,47423,687,556,19:21:10,13,11,1306,30928,8,11635,1043,1102,3,34,0,97
rs,87629,SANTA TEREZA,4317251,5,5,1750,1750,1408,1478,31,39,17:49:28,0,0,40,1010,0,287,35,32,0,0,0,4
rs,88498,SANTA VITÓRIA DO PALMAR,4317301,77,77,23324,23324,15616,16553,513,424,19:26:24,4,3,529,6326,1,7875,327,504,3,20,2,22
rs,88439,SANTANA DA BOA VISTA,4317004,26,26,6598,6598,4553,4933,268,112,19:22:46,1,0,148,2251,1,1937,68,128,0,8,0,11
rs,88510,SANTIAGO,4317400,137,125,39884,37808,26358,27737,866,513,19:29:51,3,3,771,15294,3,8940,541,739,3,17,2,42
rs,88552,SANTO ANTÔNIO DA PATRULHA,4317608,108,108,33692,33692,25036,26377,744,597,18:37:25,6,5,745,14504,4,8329,613,746,2,9,2,71
rs,88579,SANTO ANTÔNIO DAS MISSÕES,4317707,37,37,8347,8347,6124,6411,151,136,19:10:58,0,1,172,2674,1,3074,71,116,0,1,0,14
rs,87645,SANTO ANTÔNIO DO PALMA,4317558,7,7,2077,2077,1690,1761,35,36,18:15:06,0,0,60,1040,0,488,38,60,0,2,0,2
rs,87661,SANTO ANTÔNIO DO PLANALTO,4317756,9,9,2163,2163,1859,1903,15,29,18:13:44,0,0,41,1398,0,341,27,50,0,0,0,2
rs,88595,SANTO AUGUSTO,4317806,43,43,11312,11312,8888,9233,160,185,18:47:57,0,3,195,4965,5,3371,120,215,0,4,1,9
rs,88617,SANTO CRISTO,4317905,53,53,12562,12562,10571,10952,182,199,18:34:13,3,0,312,6238,1,3424,219,328,0,8,0,38
rs,87688,SANTO EXPEDITO DO SUL,4317954,9,9,2242,2242,1762,1850,63,25,18:44:51,0,0,43,1148,0,511,31,22,0,2,0,5
rs,88536,SANTO ÂNGELO,4317509,193,193,58898,58898,43375,45016,822,819,18:59:17,9,5,1301,24005,7,16042,957,901,6,27,4,111
rs,88994,SAPIRANGA,4319901,175,175,61250,61250,48600,50301,883,818,19:22:21,9,0,1261,30509,6,14701,1272,664,9,39,7,123
rs,89010,SAPUCAIA DO SUL,4320008,310,310,102445,102445,73308,76799,1897,1594,19:21:10,23,13,2634,34384,35,31819,2488,1578,6,102,14,212
rs,89036,SARANDI,4320107,63,48,17132,12875,10632,10910,141,137,18:26:27,2,0,235,7293,1,2693,209,177,1,4,0,17
rs,89052,SEBERI,4320206,34,34,9356,9356,7530,7812,157,125,18:41:17,2,0,149,4597,2,2481,134,155,0,3,0,7
rs,85707,SEDE NOVA,4320230,11,11,2508,2508,2038,2116,34,44,19:21:09,0,0,49,1128,0,756,26,74,0,0,0,5
rs,85529,SEGREDO,4320263,28,28,5695,5695,4462,4663,125,76,18:19:30,0,0,94,2685,0,1428,85,158,0,3,0,9
rs,89079,SELBACH,4320305,13,13,4334,4334,3566,3669,61,42,18:48:54,0,0,77,2616,0,732,69,66,1,0,0,5
rs,88765,SENADOR SALGADO FILHO,4320321,9,9,2669,2669,2257,2299,14,28,18:15:06,0,0,33,1630,0,525,23,43,0,1,0,2
rs,87882,SENTINELA DO SUL,4320354,14,14,4237,4237,3169,3371,128,74,19:29:51,2,0,145,1701,3,1155,62,82,0,5,0,14
rs,89095,SERAFINA CORRÊA,4320404,40,40,12678,12678,10359,10747,176,212,18:56:28,0,1,246,7636,3,2022,226,196,0,7,1,21
rs,89117,SERTÃO,4320503,20,20,5015,5015,4154,4282,64,64,18:17:20,1,0,108,2791,1,1105,64,73,0,2,0,9
rs,87920,SERTÃO SANTANA,4320552,18,18,5324,5324,4167,4316,85,64,18:16:17,0,0,142,2838,0,936,103,136,2,3,0,7
rs,88706,SETE DE SETEMBRO,4320578,7,7,1804,1804,1427,1504,43,34,18:38:49,0,2,42,813,0,497,22,50,0,0,0,1
rs,89133,SEVERIANO DE ALMEIDA,4320602,11,11,3414,3414,2791,2911,62,58,18:51:34,3,0,79,1775,0,769,64,92,1,1,0,7
rs,84956,SILVEIRA MARTINS,4320651,9,9,2147,2147,1665,1745,42,38,19:16:26,0,0,22,1012,0,534,22,69,1,1,0,4
rs,87947,SINIMBU,4320677,32,32,6825,6825,5519,5764,114,131,19:29:52,0,0,163,3212,1,1685,165,279,0,1,0,13
rs,89176,SOBRADINHO,4320701,44,44,10579,10579,8229,8592,202,161,18:29:18,3,1,266,5113,1,2391,212,221,0,4,0,17
rs,89192,SOLEDADE,4320800,71,71,21730,21730,16931,17575,324,320,19:24:50,2,3,370,9715,2,6171,316,315,3,3,2,29
rs,88633,SÃO BORJA,4318002,148,148,46604,46604,33363,34613,651,599,19:22:46,6,3,759,15939,6,15418,592,572,3,18,2,45
rs,84832,SÃO DOMINGOS DO SUL,4318051,10,10,2596,2596,2057,2143,48,38,18:19:30,0,0,54,1398,0,512,37,42,0,0,0,14
rs,88650,SÃO FRANCISCO DE ASSIS,4318101,60,60,14252,14252,10403,11173,493,277,18:51:35,2,2,223,5392,3,4351,193,224,0,6,2,5
rs,88676,SÃO FRANCISCO DE PAULA,4318200,62,62,16421,16421,12062,12807,443,302,19:09:57,1,1,334,6635,0,4562,204,279,2,13,0,31
rs,88692,SÃO GABRIEL,4318309,162,158,43890,43043,30209,31510,762,539,20:02:12,9,2,860,15194,1,12750,552,778,2,12,2,47
rs,88714,SÃO JERÔNIMO,4318408,54,41,15910,13037,9659,10104,233,212,18:51:34,3,0,318,4255,2,4469,302,282,0,4,0,24
rs,84794,SÃO JORGE,4318440,7,7,2437,2437,2085,2145,23,37,18:44:52,0,1,64,1667,0,253,41,56,0,0,0,3
rs,87769,SÃO JOSÉ DAS MISSÕES,4318457,8,8,2443,2443,1869,1956,50,37,18:54:49,1,0,22,922,1,876,18,28,0,0,0,1
rs,85588,SÃO JOSÉ DO HERVAL,4318465,7,7,2231,2231,1558,1634,33,43,18:32:00,0,0,39,799,0,657,31,28,0,0,0,4
rs,85324,SÃO JOSÉ DO HORTÊNCIO,4318481,11,11,3728,3728,3166,3254,42,46,18:44:33,1,0,81,2400,1,527,60,89,0,0,1,6
rs,87742,SÃO JOSÉ DO INHACORÁ,4318499,9,9,2244,2244,1880,1948,28,40,18:34:38,0,0,50,1264,2,421,52,83,0,0,1,7
rs,88730,SÃO JOSÉ DO NORTE,4318507,79,79,20679,20679,15110,16176,594,472,19:24:50,11,0,569,7011,5,6408,373,670,2,17,1,43
rs,88757,SÃO JOSÉ DO OURO,4318606,20,20,5762,5762,4666,4871,121,84,18:12:28,3,1,94,3317,1,1066,63,111,0,1,2,7
rs,89460,SÃO JOSÉ DO SUL,4318614,9,9,2065,2065,1711,1779,36,32,19:11:58,2,0,58,1148,0,305,47,141,0,3,0,7
rs,87726,SÃO JOSÉ DOS AUSENTES,4318622,11,10,3387,3092,2281,2352,47,24,19:03:23,0,0,29,1540,0,644,17,46,0,1,0,4
rs,84859,SÃO JOÃO DA URTIGA,4318424,14,14,4198,4198,3339,3554,147,68,19:09:57,0,0,59,2334,0,810,50,80,0,0,0,6
rs,87700,SÃO JOÃO DO POLÊSINE,4318432,10,10,2578,2578,2012,2079,34,33,18:48:53,1,0,54,1283,0,583,44,40,0,0,0,7
rs,88773,SÃO LEOPOLDO,4318705,480,480,162766,162766,119523,124484,2601,2360,18:44:32,41,19,3842,63155,66,45762,3790,2258,25,158,19,388
rs,88790,SÃO LOURENÇO DO SUL,4318804,114,114,35085,35085,26394,27526,653,479,19:05:32,11,2,712,15492,4,8855,553,664,1,18,6,76
rs,88811,SÃO LUIZ GONZAGA,4318903,95,95,26267,26267,19071,19950,469,410,19:07:53,3,1,494,10241,1,7578,324,401,0,5,2,21
rs,88838,SÃO MARCOS,4319000,54,54,16687,16687,13501,14092,286,305,18:11:26,3,1,419,10092,2,2265,301,361,1,6,4,46
rs,88854,SÃO MARTINHO,4319109,22,22,4808,4808,3946,4087,79,62,18:13:17,2,0,102,2702,0,988,58,82,0,3,1,8
rs,87785,SÃO MARTINHO DA SERRA,4319125,13,13,3157,3157,2342,2453,64,47,19:16:26,0,0,47,1460,0,699,36,95,0,1,0,4
rs,85480,SÃO MIGUEL DAS MISSÕES,4319158,19,19,5911,5911,4504,4706,103,99,18:47:57,0,0,88,2354,1,1961,52,43,3,1,0,1
rs,88870,SÃO NICOLAU,4319208,20,16,4337,3594,2651,2796,44,101,19:24:49,0,0,49,1170,0,1346,28,52,0,3,0,3
rs,88897,SÃO PAULO DAS MISSÕES,4319307,20,20,5214,5214,4186,4327,65,76,19:29:52,1,1,130,2432,1,1446,61,99,0,4,0,11
rs,87807,SÃO PEDRO DA SERRA,4319356,11,11,3188,3188,2693,2805,51,61,19:09:26,2,1,96,1958,0,486,68,71,0,1,0,10
rs,89486,SÃO PEDRO DAS MISSÕES,4319364,5,5,1650,1650,1252,1330,41,37,19:21:10,0,1,23,622,1,579,15,7,0,0,0,4
rs,87823,SÃO PEDRO DO BUTIÁ,4319372,9,9,2665,2665,2132,2220,39,49,18:28:27,2,0,69,1356,0,604,49,50,0,1,0,1
rs,88919,SÃO PEDRO DO SUL,4319406,53,53,12686,12686,9413,9933,320,200,19:26:24,2,0,308,5223,0,3355,199,304,2,1,0,19
rs,88935,SÃO SEBASTIÃO DO CAÍ,4319505,57,57,17536,17536,13623,14180,288,269,18:35:15,1,0,413,8474,7,3933,298,453,0,10,3,31
rs,88951,SÃO SEPÉ,4319604,64,64,17079,17079,12651,13286,361,274,19:21:09,3,1,340,5883,4,5763,188,381,2,9,0,77
rs,88978,SÃO VALENTIM,4319703,10,10,3073,3073,2459,2546,50,37,18:15:08,0,0,38,1668,1,676,31,40,0,0,0,5
rs,87840,SÃO VALENTIM DO SUL,4319711,8,8,2224,2224,1761,1818,36,21,18:47:56,1,1,59,1310,1,318,34,33,0,0,0,4
rs,87866,SÃO VALÉRIO DO SUL,4319737,10,8,2348,1612,1243,1284,20,21,19:07:53,0,1,19,745,0,461,6,11,0,0,0,0
rs,85383,SÃO VENDELINO,4319752,8,8,2409,2409,2008,2073,35,30,18:44:31,1,0,76,1361,0,448,48,61,1,2,0,10
rs,86754,SÃO VICENTE DO SUL,4319802,21,21,6760,6760,5000,5250,142,108,18:30:22,1,0,143,2504,0,2089,93,157,0,6,1,6
rs,87904,SÉRIO,4320453,12,12,2072,2072,1632,1715,53,30,19:04:56,0,0,67,974,0,471,26,90,1,1,0,2
rs,88722,TABAÍ,4320859,14,14,4093,4093,3194,3344,75,75,19:09:57,1,0,80,1720,0,1283,46,55,0,5,0,4
rs,89214,TAPEJARA,4320909,62,62,17490,17490,14363,14825,230,232,19:21:10,2,1,412,10789,1,2582,270,266,1,2,0,37
rs,89230,TAPERA,4321006,27,27,7887,7887,6362,6570,82,126,19:12:53,0,1,136,3995,0,1984,154,81,0,2,0,9
rs,89257,TAPES,4321105,41,41,11792,11792,8672,9086,222,192,19:03:23,7,0,204,4484,3,3630,164,158,0,4,0,18
rs,89273,TAQUARA,4321204,137,137,41562,41562,31468,32714,695,551,18:48:53,7,7,695,20632,11,8613,806,556,4,29,2,106
rs,89290,TAQUARI,4321303,68,68,19310,19310,14938,15668,462,268,19:08:47,7,2,495,8542,1,5281,296,283,0,7,1,23
rs,85669,TAQUARUÇU DO SUL,4321329,8,8,2822,2822,2328,2421,47,46,18:56:00,0,0,38,1314,0,902,35,34,0,1,0,4
rs,89710,TAVARES,4321352,16,16,4533,4533,3297,3487,87,103,19:07:53,0,0,106,1768,1,1295,37,85,0,2,0,3
rs,89311,TENENTE PORTELA,4321402,40,40,10706,10706,8401,8672,109,162,18:32:21,0,0,209,4251,1,3571,107,246,0,1,1,14
rs,85162,TERRA DE AREIA,4321436,25,25,7779,7779,5912,6198,151,135,18:56:28,0,1,168,3645,2,1813,156,118,0,1,1,7
rs,98213,TEUTÔNIA,4321451,78,78,25631,25631,20455,21270,403,412,19:21:11,2,4,951,12830,2,5397,546,631,2,19,2,69
rs,89508,TIO HUGO,4321469,8,8,2707,2707,2219,2288,34,35,18:46:40,1,0,79,1381,0,679,29,46,0,0,0,4
rs,87963,TIRADENTES DO SUL,4321477,17,17,4724,4724,3537,3727,93,97,18:15:21,0,0,62,1849,2,1501,56,60,0,0,2,5
rs,88900,TOROPI,4321493,15,15,2745,2745,2130,2238,69,39,19:21:10,0,0,46,1347,1,623,25,86,0,0,0,2
rs,89338,TORRES,4321501,95,95,33260,33260,24446,25571,503,622,18:41:18,14,7,910,14294,8,7838,736,510,6,41,2,80
rs,89354,TRAMANDAÍ,4321600,112,112,39076,39076,26991,28166,632,543,19:25:18,7,3,878,14578,11,9978,692,735,4,27,4,74
rs,87980,TRAVESSEIRO,4321626,9,9,1983,1983,1676,1745,29,40,19:04:57,0,0,83,964,1,529,34,61,0,0,2,2
rs,85006,TRINDADE DO SUL,4321956,19,19,5879,5879,4522,4722,97,103,19:00:52,0,0,104,2426,0,1844,88,50,0,0,0,10
rs,89435,TRIUNFO,4322004,71,71,21936,21936,16294,17071,409,368,19:21:10,4,6,537,9513,7,5411,406,355,3,8,3,41
rs,84743,TRÊS ARROIOS,4321634,8,8,2549,2549,2054,2135,43,38,18:16:15,0,0,51,1447,0,455,37,54,0,0,1,9
rs,85367,TRÊS CACHOEIRAS,4321667,27,27,8189,8189,6780,6962,89,93,18:36:20,1,0,172,4933,1,1415,163,70,0,1,0,24
rs,89370,TRÊS COROAS,4321709,59,59,17414,17414,14053,14650,326,271,18:55:28,6,2,399,9276,3,3575,419,315,0,10,2,46
rs,89397,TRÊS DE MAIO,4321808,67,67,18415,18415,15148,15581,261,172,18:50:07,3,1,384,10293,4,3746,280,372,2,7,2,54
rs,88005,TRÊS FORQUILHAS,4321832,10,10,3297,3297,2562,2659,53,44,19:04:57,1,0,68,1512,0,881,54,43,0,1,0,2
rs,86142,TRÊS PALMEIRAS,4321857,13,13,4078,4078,3176,3326,78,72,19:21:10,0,1,63,1571,0,1455,52,29,0,2,0,3
rs,89419,TRÊS PASSOS,4321907,65,65,18437,18437,14624,15206,249,333,18:56:28,4,2,401,8260,1,5231,374,318,4,4,2,23
rs,89451,TUCUNDUVA,4322103,22,22,4755,4755,3926,4032,39,67,19:21:43,1,0,88,2754,0,942,61,76,1,0,0,3
rs,84840,TUNAS,4322152,14,14,3346,3346,2635,2758,66,57,19:07:22,0,0,48,1260,0,1245,42,35,0,1,0,4
rs,88021,TUPANCI DO SUL,4322186,5,5,1474,1474,1097,1171,57,17,18:15:23,2,0,29,749,0,281,18,17,0,0,0,1
rs,89478,TUPANCIRETÃ,4322202,51,51,15943,15943,11865,12350,278,207,19:21:43,3,0,243,6549,3,4616,204,229,0,4,1,13
rs,85723,TUPANDI,4322251,14,14,4296,4296,3640,3734,56,38,18:34:39,0,0,98,2814,0,501,99,104,1,4,1,18
rs,89494,TUPARENDI,4322301,26,26,7111,7111,5811,5974,80,83,18:56:28,3,0,130,4244,0,1140,101,178,0,3,0,12
rs,88501,TURUÇU,4322327,11,11,3449,3449,2706,2819,54,59,18:43:24,1,0,52,1865,0,669,44,67,0,0,1,7
rs,88609,UBIRETAMA,4322343,8,8,1894,1894,1594,1650,30,26,18:12:45,0,0,40,1095,0,369,26,58,0,2,0,4
rs,88480,UNISTALDA,4322376,10,10,2687,2687,1981,2064,56,27,18:25:03,1,0,36,1134,0,750,11,43,0,0,0,6
rs,88048,UNIÃO DA SERRA,4322350,6,6,1523,1523,1241,1276,22,13,18:44:33,0,0,19,915,0,228,28,47,0,1,0,3
rs,89516,URUGUAIANA,4322400,263,262,84488,84127,58463,60265,1039,763,19:23:47,21,4,1394,35059,18,18787,1352,1672,7,47,11,91
rs,89532,VACARIA,4322509,151,147,47383,47027,35139,36647,924,584,19:29:52,5,8,824,24065,5,8611,669,881,6,14,3,48
rs,88064,VALE DO SOL,4322533,29,29,8086,8086,6280,6709,271,158,18:59:39,2,0,146,3830,3,1847,164,274,0,3,1,10
rs,88080,VALE REAL,4322541,16,16,4872,4872,4006,4155,85,64,18:57:42,2,2,148,2574,0,1005,91,170,1,0,1,12
rs,88668,VALE VERDE,4322525,11,11,3292,3292,2415,2560,73,72,19:13:19,0,0,73,1408,1,805,45,74,1,1,0,7
rs,84913,VANINI,4322558,6,6,2018,2018,1608,1687,56,23,18:00:41,1,0,35,1142,0,361,24,41,0,0,0,4
rs,89559,VENÂNCIO AIRES,4322608,170,154,53327,49212,37840,39627,968,819,19:29:52,11,8,1101,23783,4,10497,1024,1283,4,27,3,95
rs,89575,VERA CRUZ,4322707,67,37,19445,10743,8866,9331,239,226,19:32:24,1,3,240,5455,2,2639,196,305,0,2,1,22
rs,89591,VERANÓPOLIS,4322806,61,61,18621,18621,15045,15581,280,256,18:59:39,3,0,424,11559,4,2264,343,389,0,6,1,52
rs,88781,VESPASIANO CORRÊA,4322855,10,10,2485,2485,2003,2051,38,10,19:13:39,0,1,35,1659,2,203,31,67,1,0,0,4
rs,89613,VIADUTOS,4322905,15,15,4028,4028,3285,3410,69,56,18:47:58,0,0,73,2347,0,748,36,74,0,1,0,6
rs,89630,VIAMÃO,4323002,483,483,161662,161662,116299,123312,3858,3155,19:23:14,47,26,3470,51080,53,53863,3797,3408,25,189,35,306
rs,89656,VICENTE DUTRA,4323101,14,14,3837,3837,2923,3041,64,54,19:04:24,0,0,31,1831,0,971,35,49,0,2,0,4
rs,89699,VICTOR GRAEFF,4323200,8,8,2531,2531,2075,2127,23,29,18:22:49,0,0,43,1490,0,443,41,58,0,0,0,0
rs,86061,VILA FLORES,4323309,12,12,3442,3442,2888,2969,46,35,18:34:38,2,2,61,2205,0,456,58,102,0,0,0,2
rs,88749,VILA LÂNGARO,4323358,10,0,2175,0,0,0,0,0,20:14:10,0,0,0,0,0,0,0,0,0,0,0,0
rs,85642,VILA MARIA,4323408,12,12,3675,3675,3020,3119,53,46,18:59:39,0,0,55,2187,0,690,41,42,0,1,0,4
rs,88102,VILA NOVA DO SUL,4323457,15,15,3746,3746,2744,2910,99,67,19:02:56,2,0,81,1246,0,1314,44,52,0,1,0,4
rs,85600,VISTA ALEGRE,4323507,7,0,2612,0,0,0,0,0,20:14:09,0,0,0,0,0,0,0,0,0,0,0,0
rs,85863,VISTA ALEGRE DO PRATA,4323606,5,5,1657,1657,1338,1396,28,30,18:51:35,0,0,77,978,0,191,25,62,0,1,0,4
rs,85847,VISTA GAÚCHA,4323705,12,12,2652,2652,2094,2180,37,49,18:30:21,1,0,57,1215,0,726,29,61,0,3,0,2
rs,88129,VITÓRIA DAS MISSÕES,4323754,12,12,3443,3443,2658,2745,43,44,18:28:26,0,0,56,1406,0,1121,43,28,0,1,0,3
rs,89524,WESTFALIA,4323770,9,9,2689,2689,2270,2339,46,23,18:34:14,1,1,111,1594,0,402,66,90,0,1,0,4
rs,88145,XANGRI-LÁ,4323804,42,42,14765,14765,11454,11724,133,137,19:16:50,5,2,355,7703,2,2886,263,204,2,6,1,25
rs,84948,ÁGUA SANTA,4300059,14,0,3300,0,0,0,0,0,20:14:11,0,0,0,0,0,0,0,0,0,0,0,0
rs,84735,ÁUREA,4301552,11,11,3213,3213,2692,2816,81,43,19:21:08,2,1,64,1851,0,650,47,73,0,1,0,3
ro,00310,ALTA FLORESTA D'OESTE,1100015,78,78,18187,18187,14011,14352,163,178,18:47:42,5,4,254,9816,3,3533,170,208,0,5,1,12
ro,00736,ALTO ALEGRE DOS PARECIS,1100379,31,31,8837,8837,6888,7063,84,91,19:07:06,1,2,115,4627,1,1931,87,117,1,2,0,4
ro,00639,ALTO PARAÍSO,1100403,43,43,12087,12087,9226,9423,80,117,18:33:51,2,4,127,7110,1,1746,107,108,0,3,0,18
ro,00337,ALVORADA DO OESTE,1100346,49,49,11029,11029,8481,8678,75,122,18:36:10,7,2,229,5358,3,2658,82,129,1,5,0,7
ro,00078,ARIQUEMES,1100023,280,280,72512,72512,54592,55662,493,577,19:20:53,17,8,1188,41652,11,9939,1075,590,5,33,0,74
ro,00779,BURITIS,1100452,80,80,23318,23318,17478,17787,120,189,19:17:16,1,3,390,13793,2,2889,201,182,0,7,1,9
ro,00450,CABIXI,1100031,22,22,4950,4950,3870,3952,33,49,19:01:35,0,1,82,2646,0,1046,38,49,0,3,0,5
ro,00620,CACAULÂNDIA,1100601,18,18,3901,3901,3033,3101,26,42,19:13:55,2,0,61,2278,0,599,44,41,1,2,0,5
ro,00094,CACOAL,1100049,256,204,69974,55537,42811,43787,434,542,19:29:33,8,3,1148,29825,7,9789,948,976,2,26,2,77
ro,00671,CAMPO NOVO DE RONDÔNIA,1100700,29,29,7516,7516,5825,5914,40,49,19:15:06,0,0,144,4218,0,1270,93,93,0,2,0,5
ro,00477,CANDEIAS DO JAMARI,1100809,76,76,20465,20465,15196,15520,108,216,18:47:42,8,2,396,9310,3,4864,288,298,0,11,0,16
ro,00531,CASTANHEIRAS,1100908,12,12,3409,3409,2654,2715,24,37,18:24:01,0,0,55,1616,0,879,45,56,0,0,0,3
ro,00272,CEREJEIRAS,1100056,49,49,13278,13278,10235,10411,66,110,18:33:14,3,0,185,7945,1,1805,156,121,0,3,2,14
ro,00809,CHUPINGUAIA,1100924,30,30,7696,7696,5394,5499,44,61,19:20:53,1,1,79,3752,0,1426,59,68,1,2,1,4
ro,00230,COLORADO DO OESTE,1100064,55,55,13478,13478,9864,10147,144,139,18:46:28,11,2,221,7050,0,2228,145,175,2,10,0,20
ro,00655,CORUMBIARA,1100072,24,24,5751,5751,4495,4586,39,52,19:00:38,3,1,92,2944,0,1317,59,72,0,4,1,2
ro,00213,COSTA MARQUES,1100080,37,37,9103,9103,6905,7045,58,82,18:44:21,1,1,92,4413,0,2216,94,83,1,1,0,3
ro,00680,CUJUBIM,1100940,39,25,11176,6888,5170,5273,43,60,19:29:33,1,0,80,4038,0,930,53,62,0,2,0,4
ro,00256,ESPIGÃO DO OESTE,1100098,90,90,23348,23348,18023,18412,187,202,19:22:34,9,2,369,13446,0,3530,241,383,0,7,1,35
ro,00612,GOVERNADOR JORGE TEIXEIRA,1101005,27,25,7203,6653,5202,5312,38,72,19:07:58,1,0,121,3678,0,1205,74,113,1,1,0,8
ro,00019,GUAJARÁ-MIRIM,1100106,113,113,28928,28928,21449,21913,178,286,19:20:54,3,3,387,12523,2,7825,367,296,2,18,6,17
ro,00493,ITAPUÃ DO OESTE,1101104,25,25,7204,7204,5336,5443,44,63,18:09:24,5,1,217,3460,0,1485,74,89,0,0,0,5
ro,00159,JARU,1100114,155,155,41260,41260,30964,31705,319,422,19:20:53,9,4,719,22967,5,6201,602,395,4,17,3,38
ro,00051,JI-PARANÁ,1100122,334,333,97939,97618,73842,75349,685,822,19:29:33,18,7,1578,52645,9,16650,1536,1225,4,41,3,126
ro,00396,MACHADINHO D'OESTE,1100130,97,97,25008,25008,18214,18517,145,158,19:26:11,6,2,374,12914,0,4362,234,295,3,7,1,16
ro,00604,MINISTRO ANDREAZZA,1101203,26,26,6153,6153,4812,4931,53,66,19:05:08,0,1,89,3093,0,1471,60,91,0,0,0,7
ro,00574,MIRANTE DA SERRA,1101302,35,35,8333,8333,6495,6666,66,105,18:57:44,0,0,131,4003,1,2125,99,122,0,2,0,12
ro,00663,MONTE NEGRO,1101401,39,39,10191,10191,7684,7825,47,94,18:42:04,1,0,166,5613,0,1662,92,138,0,2,0,10
ro,00370,NOVA BRASILÂNDIA D'OESTE,1100148,51,51,13407,13407,10820,11035,92,123,18:22:48,5,3,231,7601,0,2620,132,210,0,7,0,11
ro,00434,NOVA MAMORÉ,1100338,75,75,19455,19455,14990,15240,103,147,19:29:33,2,0,177,11731,1,2781,162,122,1,7,0,6
ro,00744,NOVA UNIÃO,1101435,23,23,5350,5350,4274,4351,34,43,18:15:15,0,2,80,2424,0,1634,56,68,1,1,0,8
ro,00515,NOVO HORIZONTE DO OESTE,1100502,30,30,7035,7035,5715,5835,57,63,18:31:50,1,1,133,3639,0,1737,76,117,0,1,1,9
ro,00175,OURO PRETO DO OESTE,1100155,114,114,28282,28282,21352,21828,190,286,18:33:52,8,5,546,14956,2,5142,362,282,0,17,1,31
ro,00701,PARECIS,1101450,16,16,3875,3875,2902,2961,17,42,18:39:48,0,0,73,1765,0,942,46,76,0,0,0,0
ro,00116,PIMENTA BUENO,1100189,117,117,27485,27485,20790,21373,227,356,19:07:07,6,2,465,15080,0,4520,334,350,0,8,0,25
ro,00787,PIMENTEIRAS DO OESTE,1101468,8,8,2286,2286,1736,1758,6,16,18:34:53,0,0,40,1185,1,485,12,12,0,1,0,0
ro,00035,PORTO VELHO,1100205,1285,1284,367902,367787,286236,294298,3368,4694,19:26:01,165,65,10269,169992,91,90789,7769,6087,23,479,65,442
ro,00191,PRESIDENTE MÉDICI,1100254,75,75,15677,15677,11823,12105,143,139,18:49:54,1,0,287,8293,2,2807,199,215,0,2,0,17
ro,00728,PRIMAVERA DE RONDÔNIA,1101476,13,13,3047,3047,2436,2502,26,40,18:10:48,2,0,52,1746,1,540,42,51,0,1,0,1
ro,00647,RIO CRESPO,1100262,13,13,3508,3508,2629,2681,26,26,17:57:24,2,1,31,1981,0,539,21,47,1,1,0,5
ro,00299,ROLIM DE MOURA,1100288,147,147,41088,41088,30524,31364,392,448,19:22:16,6,6,799,21501,9,7001,583,557,1,23,2,36
ro,00353,SANTA LUZIA D'OESTE,1100296,28,28,6813,6813,5175,5330,77,78,18:59:04,0,1,124,3293,1,1580,78,87,0,5,0,6
ro,00582,SERINGUEIRAS,1101500,37,37,9666,9666,7732,7884,69,83,19:16:07,0,1,144,5117,0,2248,78,126,0,3,0,15
ro,00710,SÃO FELIPE D'OESTE,1101484,19,19,4530,4530,3509,3615,45,61,19:31:50,1,0,102,2293,1,1007,41,56,1,3,0,4
ro,00795,SÃO FRANCISCO DO GUAPORÉ,1101492,47,47,12702,12702,9937,10099,70,92,18:38:26,1,1,248,7180,0,2210,135,150,1,4,0,7
ro,00418,SÃO MIGUEL DO GUAPORÉ,1100320,59,59,17091,17091,13436,13734,138,160,19:16:07,3,5,328,8939,0,3704,217,220,1,5,1,13
ro,00752,TEIXEIRÓPOLIS,1101559,16,16,3927,3927,3105,3174,32,37,17:52:42,1,1,52,1938,0,1035,29,45,0,1,0,3
ro,00590,THEOBROMA,1101609,31,31,7587,7587,5911,6027,46,70,19:03:30,2,0,150,3966,3,1638,51,91,0,3,1,6
ro,00566,URUPÁ,1101708,35,35,9186,9186,7142,7305,71,92,19:00:38,3,1,154,4765,0,2027,84,100,0,7,0,1
ro,00698,VALE DO ANARI,1101757,24,4,6627,846,641,652,4,7,18:55:46,0,0,14,445,0,163,6,12,0,0,0,1
ro,00558,VALE DO PARAÍSO,1101807,25,25,5538,5538,4323,4413,28,62,18:21:01,2,0,74,2755,0,1356,60,68,0,6,0,2
ro,00132,VILHENA,1100304,261,261,71595,71595,53255,54600,601,744,19:20:53,17,8,1195,39614,13,10327,1146,806,1,37,4,87
rr,03050,ALTO ALEGRE,1400050,50,48,13408,12764,10560,10784,65,159,19:12:21,8,0,215,7746,0,2332,137,113,0,6,0,3
rr,03042,AMAJARI,1400027,30,30,7631,7631,6343,6520,32,145,18:44:40,2,2,138,4635,0,1426,64,69,0,1,1,5
rr,03018,BOA VISTA,1400100,869,867,241509,240862,194623,198995,1882,2490,19:29:57,127,26,6065,142988,53,37238,5065,2527,29,216,34,255
rr,03077,BONFIM,1400159,49,49,12329,12329,9892,10091,48,151,20:04:48,2,2,126,6564,0,3037,87,58,0,8,2,6
rr,03069,CANTÁ,1400175,72,72,17613,17613,14361,14635,67,207,19:14:13,5,0,275,10037,0,3667,168,192,0,3,0,14
rr,03034,CARACARAÍ,1400209,62,61,15259,14870,11859,12132,88,185,19:10:02,4,1,283,8376,0,2905,171,104,0,6,0,9
rr,03000,CAROEBE,1400233,30,30,7649,7649,6473,6612,46,93,19:15:22,2,2,108,4989,0,1201,89,72,0,6,0,4
rr,03026,IRACEMA,1400282,30,30,7593,7593,5983,6153,49,121,18:28:19,0,1,173,4384,2,1295,65,54,2,2,1,4
rr,03093,MUCAJAÍ,1400308,61,61,14383,14383,11734,12003,76,193,19:22:43,4,2,228,9218,1,2022,142,109,0,4,0,4
rr,03115,NORMANDIA,1400407,42,41,9686,9399,7986,8101,24,91,19:08:54,1,0,151,4372,1,3366,56,33,1,2,0,3
rr,03123,PACARAIMA,1400456,42,40,9762,9158,7447,7569,26,96,19:11:05,6,2,107,4432,0,2783,77,36,1,1,0,2
rr,03085,RORAINÓPOLIS,1400472,96,82,23761,20741,16195,16602,110,297,19:07:06,4,3,372,11832,3,3549,284,118,0,13,3,14
rr,03131,SÃO JOÃO DA BALIZA,1400506,23,23,5728,5728,4729,4843,38,76,18:48:39,1,0,108,3319,0,1154,74,61,0,6,0,6
rr,03158,SÃO LUIZ,1400605,25,25,6082,6082,4983,5114,32,99,18:47:41,1,1,111,3513,0,1240,65,46,1,3,0,2
rr,03107,UIRAMUTÃ,1400704,38,33,9128,7613,6491,6602,7,104,19:20:52,0,0,46,1857,0,4545,23,17,0,0,0,3
sc,80225,ABDON BATISTA,4200051,9,3,2681,663,555,563,3,5,18:42:11,0,0,14,374,0,151,3,12,0,1,0,0
sc,80012,ABELARDO LUZ,4200101,45,45,12625,12625,9346,9585,125,114,19:04:15,1,1,193,5619,1,3207,160,136,1,9,2,16
sc,80039,AGROLÂNDIA,4200200,26,26,8211,8211,6777,6967,101,89,19:01:42,4,2,124,5357,0,1091,98,86,0,4,0,11
sc,80055,AGRONÔMICA,4200309,16,16,4554,4554,3925,4019,31,63,19:02:51,0,0,70,3193,0,522,74,58,0,5,0,3
sc,80136,ALFREDO WAGNER,4200705,28,28,8139,8139,6835,7007,88,84,18:48:45,2,0,159,5242,2,1202,107,117,0,0,0,4
sc,81302,ALTO BELA VISTA,4200754,7,7,1764,1764,1443,1496,22,31,18:28:23,3,0,47,897,0,372,46,73,0,2,0,3
sc,80152,ANCHIETA,4200804,17,17,4991,4991,4041,4175,57,77,19:09:30,1,0,112,2330,2,1403,88,98,0,2,0,5
sc,80179,ANGELINA,4200903,18,18,5017,5017,4227,4390,85,78,18:57:38,0,0,169,2605,0,1227,90,116,1,3,0,16
sc,80195,ANITA GARIBALDI,4201000,27,27,6943,6943,5356,5608,140,112,19:09:29,2,0,181,2878,1,2098,117,68,0,3,0,8
sc,80217,ANITÁPOLIS,4201109,13,13,3343,3343,2739,2832,44,49,18:57:39,1,1,82,1806,0,715,52,70,0,4,0,8
sc,80233,ANTÔNIO CARLOS,4201208,28,22,9356,7777,6532,6709,69,108,19:31:57,2,0,177,4992,0,971,169,187,0,3,1,30
sc,80063,APIÚNA,4201257,34,34,8375,8375,6763,6985,96,126,19:23:56,4,0,140,4944,0,1329,177,123,1,7,0,38
sc,80489,ARABUTÃ,4201273,13,13,3907,3907,3284,3393,36,73,19:09:29,0,0,115,2228,0,798,59,70,0,3,0,11
sc,80250,ARAQUARI,4201307,78,30,28342,10410,7844,8082,126,112,19:25:46,2,3,161,5042,3,2292,189,137,0,6,0,9
sc,80276,ARARANGUÁ,4201406,159,158,55064,54669,42370,43611,575,666,19:28:58,9,8,1258,28518,15,10417,1246,730,3,46,4,116
sc,80292,ARMAZÉM,4201505,23,23,7195,7195,5999,6141,60,82,19:00:16,2,0,151,4379,2,1236,105,110,1,2,3,8
sc,80314,ARROIO TRINTA,4201604,11,11,3124,3124,2559,2613,23,31,18:12:21,1,0,71,1903,0,432,60,81,0,5,0,6
sc,80802,ARVOREDO,4201653,9,9,2620,2620,2203,2246,21,22,18:13:32,0,0,67,1271,0,699,55,105,0,0,0,6
sc,80330,ASCURRA,4201703,23,23,6551,6551,5218,5405,91,96,19:07:27,0,2,102,4130,2,740,148,64,1,5,1,23
sc,80357,ATALANTA,4201802,13,13,2919,2919,2498,2550,28,24,18:59:09,2,0,55,2014,0,340,47,33,1,3,0,3
sc,80373,AURORA,4201901,21,15,5541,3785,3259,3317,27,31,19:07:50,1,0,70,2641,0,410,78,48,0,0,0,11
sc,81728,BALNEÁRIO ARROIO DO SILVA,4201950,37,37,13141,13141,9859,10217,164,194,19:23:56,2,4,252,6027,4,3146,222,173,2,13,0,14
sc,80683,BALNEÁRIO BARRA DO SUL,4202057,32,32,11418,11418,8571,8792,89,132,19:29:40,1,3,191,5884,5,2151,185,126,1,6,1,17
sc,80390,BALNEÁRIO CAMBORIÚ,4202008,318,314,111138,109735,82943,84855,801,1111,19:29:40,24,15,2373,58874,38,17448,2518,1140,8,82,6,417
sc,81744,BALNEÁRIO GAIVOTA,4202073,37,37,12988,12988,9630,9920,129,161,19:29:41,2,1,341,6116,1,2788,216,136,2,6,0,21
sc,82511,BALNEÁRIO PIÇARRAS,4212809,69,69,23277,23277,17208,17702,229,265,19:20:58,5,5,501,12090,7,3927,401,202,2,19,0,49
sc,83909,BALNEÁRIO RINCÃO,4220000,39,0,13698,0,0,0,0,0,20:14:08,0,0,0,0,0,0,0,0,0,0,0,0
sc,81582,BANDEIRANTE,4202081,10,10,2976,2976,2396,2474,41,37,18:14:08,2,0,59,1325,0,866,60,78,0,1,0,5
sc,81760,BARRA BONITA,4202099,7,7,1855,1855,1520,1572,33,19,18:27:08,0,0,40,844,0,520,39,72,0,1,0,4
sc,80411,BARRA VELHA,4202107,88,68,29651,22853,17245,17768,256,267,20:04:55,9,6,428,12472,1,3709,339,216,3,12,0,50
sc,81221,BELA VISTA DO TOLDO,4202131,19,19,5321,5321,4241,4395,92,62,19:23:06,1,0,90,2949,1,1012,60,117,3,0,0,8
sc,80748,BELMONTE,4202156,8,8,2400,2400,1978,2039,33,28,17:51:34,0,0,47,1285,0,568,29,43,0,2,0,4
sc,80438,BENEDITO NOVO,4202206,27,27,8293,8293,6763,6986,107,116,19:21:02,0,1,151,5394,2,886,179,127,1,4,0,18
sc,80454,BIGUAÇU,4202305,166,166,57679,57679,44237,46142,888,1017,19:04:34,14,9,1580,27718,20,12501,1409,786,5,68,4,123
sc,80470,BLUMENAU,4202404,754,754,269370,269370,210793,218352,2932,4627,19:13:52,96,60,6936,145080,95,43960,8687,4087,47,309,33,1403
sc,81280,BOCAINA DO SUL,4202438,10,0,3180,0,0,0,0,0,20:14:10,0,0,0,0,0,0,0,0,0,0,0,0
sc,83895,BOM JARDIM DA SERRA,4202503,14,14,3852,3852,2957,3042,44,41,19:29:40,0,0,82,1820,0,977,29,44,1,0,0,4
sc,81388,BOM JESUS,4202537,8,8,2593,2593,2131,2177,15,31,19:14:57,0,0,54,1171,0,838,36,28,0,2,0,2
sc,81469,BOM JESUS DO OESTE,4202578,9,9,1876,1876,1593,1642,26,23,18:54:43,1,0,54,1070,0,416,17,28,1,0,1,5
sc,80497,BOM RETIRO,4202602,25,25,6588,6588,5172,5336,77,87,19:08:13,1,2,135,3493,0,1324,104,105,0,1,0,7
sc,80985,BOMBINHAS,4202453,54,28,19110,9583,7424,7663,96,143,19:31:09,1,4,233,5228,3,1590,221,68,0,6,0,70
sc,80519,BOTUVERÁ,4202701,18,18,4908,4908,4046,4235,88,101,19:21:00,0,3,68,3117,3,691,85,64,1,5,1,8
sc,80535,BRAÇO DO NORTE,4202800,76,76,25562,25562,20835,21378,275,268,19:13:52,4,6,562,15991,4,3229,589,380,0,23,6,41
sc,80420,BRAÇO DO TROMBUDO,4202859,11,11,3307,3307,2787,2846,31,28,18:56:22,3,1,50,2206,1,415,63,41,0,1,0,6
sc,81787,BRUNÓPOLIS,4202875,12,12,2907,2907,2328,2397,34,35,19:20:59,0,0,32,1469,0,774,24,26,0,0,0,3
sc,80551,BRUSQUE,4202909,283,283,101563,101563,82198,84692,1179,1315,19:30:23,33,12,2298,61228,33,14981,2239,998,14,73,12,277
sc,80594,CAIBI,4203105,19,19,5294,5294,4304,4401,37,60,19:29:39,0,0,77,3145,2,940,68,63,0,1,0,8
sc,80667,CALMON,4203154,12,12,3186,3186,2355,2432,38,39,19:25:46,0,0,51,906,1,1318,43,30,0,3,0,3
sc,80616,CAMBORIÚ,4203204,167,76,62278,27566,20371,21099,339,389,19:32:18,10,4,577,13984,7,4804,633,301,1,10,3,37
sc,80632,CAMPO ALEGRE,4203303,29,23,10133,7930,6270,6448,93,85,19:12:45,2,1,124,4970,0,926,106,117,1,4,0,19
sc,80659,CAMPO BELO DO SUL,4203402,23,9,5981,1559,1135,1184,28,21,19:16:14,0,0,21,557,0,523,9,24,0,0,0,1
sc,80675,CAMPO ERÊ,4203501,26,26,7540,7540,5818,6015,86,111,18:44:27,1,1,150,2932,0,2575,92,58,0,1,0,8
sc,80691,CAMPOS NOVOS,4203600,90,87,26900,26150,19700,20392,432,260,19:31:56,3,2,426,13406,2,5114,371,315,3,7,1,50
sc,80713,CANELINHA,4203709,30,30,10123,10123,7965,8284,162,157,19:13:51,0,2,163,5930,0,1597,154,110,0,4,0,5
sc,80730,CANOINHAS,4203808,132,126,42693,41276,31445,32664,739,480,19:13:52,10,8,1097,21143,6,7700,699,708,2,22,4,46
sc,80756,CAPINZAL,4203907,57,57,17174,17174,13517,13971,213,241,18:45:13,2,0,352,8630,0,3900,357,225,0,2,4,45
sc,81027,CAPIVARI DE BAIXO,4203956,59,59,18207,18207,14455,14976,238,283,18:59:30,7,0,471,9234,5,4091,407,204,1,7,2,26
sc,81248,CAPÃO ALTO,4203253,11,10,3120,2982,2384,2457,42,31,19:20:59,3,0,82,1524,1,641,45,86,0,0,0,2
sc,80772,CATANDUVAS,4204004,25,25,8118,8118,6726,6922,109,87,19:21:02,0,1,186,4408,0,1862,122,130,2,4,1,10
sc,80799,CAXAMBU DO SUL,4204103,17,17,4374,4374,3619,3729,54,56,18:42:10,0,0,45,1931,0,1501,66,68,0,3,0,5
sc,80578,CAÇADOR,4203006,175,170,53297,52153,38567,40199,896,736,19:32:18,22,2,1317,23309,10,12044,1034,706,2,22,3,96
sc,80268,CELSO RAMOS,4204152,9,9,2766,2766,2208,2292,45,39,19:07:04,2,1,48,1274,0,760,87,31,0,1,4,0
sc,80381,CERRO NEGRO,4204178,13,9,3206,2407,1949,2012,27,36,19:23:06,0,0,45,986,0,850,39,27,0,2,0,0
sc,81701,CHAPADÃO DO LAGEADO,4204194,9,9,2708,2708,2333,2397,33,31,18:44:27,1,0,84,1666,0,466,39,76,0,0,0,1
sc,80810,CHAPECÓ,4204202,458,458,164327,164327,130696,134475,1879,1900,19:24:16,34,15,3586,80783,41,39204,3803,2673,15,138,11,393
sc,80306,COCAL DO SUL,4204251,47,47,14810,14810,11372,11744,133,239,19:20:59,4,0,355,8114,3,2205,405,247,1,5,0,33
sc,80837,CONCÓRDIA,4204301,193,190,60391,59532,46872,48291,712,707,19:21:00,6,4,1395,32133,9,10886,1317,978,4,27,7,106
sc,81043,CORDILHEIRA ALTA,4204350,12,12,4131,4131,3499,3589,51,39,19:20:59,0,2,87,2330,0,950,54,73,0,0,0,3
sc,80853,CORONEL FREITAS,4204400,26,26,8081,8081,6576,6781,103,102,19:21:02,1,1,116,4177,0,2070,93,96,0,1,0,21
sc,81108,CORONEL MARTINS,4204459,7,7,2010,2010,1631,1690,30,29,17:40:32,1,0,34,940,1,576,20,53,0,1,0,5
sc,83950,CORREIA PINTO,4204558,44,40,12108,11549,9225,9581,208,148,19:23:06,2,0,198,5422,1,3246,172,169,1,4,0,10
sc,80870,CORUPÁ,4204509,39,38,11990,11739,9789,10135,136,210,18:48:46,3,3,296,7388,1,1697,200,157,0,9,0,35
sc,80896,CRICIÚMA,4204608,446,423,154435,146817,112751,116557,1806,2000,19:30:23,33,29,3338,75822,56,26351,4122,2513,17,113,10,347
sc,80918,CUNHA PORÃ,4204707,27,27,8864,8864,7445,7691,104,142,19:29:39,0,1,115,6072,4,945,161,125,1,3,0,18
sc,81620,CUNHATAÍ,4204756,5,5,1868,1868,1611,1652,22,19,18:44:46,1,0,42,1140,0,339,41,46,0,0,0,2
sc,80934,CURITIBANOS,4204806,104,104,31343,31343,22867,23999,672,460,19:20:59,4,5,627,14572,6,6653,504,428,1,19,6,42
sc,80950,DESCANSO,4204905,23,23,7241,7241,5972,6123,76,75,18:58:11,1,0,196,3808,2,1625,162,156,1,1,0,20
sc,80977,DIONÍSIO CERQUEIRA,4205001,42,42,12090,12090,8829,9086,106,151,18:30:19,3,2,152,5130,5,3222,197,105,1,5,0,7
sc,80993,DONA EMMA,4205100,11,11,3429,3429,2763,2860,42,55,19:23:56,1,1,89,1949,1,526,105,80,0,0,0,11
sc,80080,DOUTOR PEDRINHO,4205159,10,10,3081,3081,2483,2556,38,35,19:02:52,0,1,84,1905,1,366,65,57,1,2,0,1
sc,81426,ENTRE RIOS,4205175,9,9,3097,3097,2520,2592,31,41,19:20:58,0,0,35,1040,0,1393,21,28,0,1,1,1
sc,81167,ERMO,4205191,8,8,2711,2711,2322,2368,21,25,18:58:11,0,0,55,1748,0,433,46,36,0,0,0,4
sc,81019,ERVAL VELHO,4205209,13,13,3844,3844,3118,3215,46,51,18:56:21,5,0,58,2223,1,705,36,88,0,2,0,0
sc,81035,FAXINAL DOS GUEDES,4205308,27,27,8705,8705,7058,7336,128,150,19:13:00,0,1,166,3690,1,2898,144,143,0,4,1,10
sc,81604,FLOR DO SERTÃO,4205357,6,6,1772,1772,1439,1492,30,23,18:13:32,1,0,84,815,0,474,31,30,0,0,1,3
sc,81051,FLORIANÓPOLIS,4205407,1207,1207,423969,423969,326832,337472,4419,6221,19:08:14,185,86,12129,158954,265,133443,12075,6341,132,912,70,2240
sc,80888,FORMOSA DO SUL,4205431,8,8,2622,2622,2080,2140,35,25,18:30:19,0,0,77,1147,0,795,24,33,0,0,3,1
sc,81060,FORQUILHINHA,4205456,67,54,22444,18114,14630,15028,210,188,19:29:39,5,2,337,10376,3,3289,376,207,1,10,1,23
sc,81078,FRAIBURGO,4205506,93,93,26265,26265,20255,21030,408,367,19:28:58,4,2,557,13478,3,5350,440,370,2,12,3,34
sc,81329,FREI ROGÉRIO,4205555,10,10,2251,2251,1860,1915,31,24,19:07:28,1,0,54,1282,0,456,29,32,0,1,0,5
sc,81094,GALVÃO,4205605,12,12,2750,2750,2232,2317,46,39,18:09:24,0,0,40,1408,1,718,29,33,0,1,0,2
sc,81132,GAROPABA,4205704,72,48,24086,15680,12206,12617,193,218,19:21:02,1,2,472,7213,5,3954,327,147,2,10,1,72
sc,81159,GARUVA,4205803,38,38,12187,12187,9616,9930,152,162,18:43:15,5,0,199,6926,0,2085,237,140,2,7,2,13
sc,81175,GASPAR,4205902,148,148,51557,51557,40509,41865,614,742,19:23:56,8,9,1137,28827,8,8375,1298,630,5,54,4,154
sc,81116,GOVERNADOR CELSO RAMOS,4206009,50,28,16835,8958,7208,7433,97,128,19:12:45,1,1,225,5391,1,1317,167,84,0,9,1,11
sc,81213,GRAVATAL,4206207,31,31,9437,9437,7846,8020,96,78,19:07:28,0,0,236,5778,3,1483,162,154,0,2,0,28
sc,81191,GRÃO-PARÁ,4206108,22,22,5610,5610,4771,4935,72,92,19:22:14,2,0,145,3689,0,747,86,88,1,3,0,10
sc,81230,GUABIRUBA,4206306,48,31,17162,11453,9621,9985,167,197,19:21:03,3,2,248,7304,4,1653,235,132,1,13,0,26
sc,81256,GUARACIABA,4206405,31,31,8880,8880,7509,7715,108,98,19:02:30,1,3,189,4697,1,2180,199,223,2,3,2,9
sc,81272,GUARAMIRIM,4206504,98,98,33628,33628,26572,27273,362,339,18:44:28,9,4,706,19367,5,5229,729,418,1,28,3,73
sc,81299,GUARUJÁ DO SUL,4206603,14,14,3992,3992,3127,3237,53,57,18:37:34,0,0,91,1938,0,937,87,63,0,4,0,7
sc,80527,GUATAMBÚ,4206652,21,21,6236,6236,5133,5293,77,83,18:54:43,3,0,106,2561,0,2228,86,133,0,3,0,13
sc,81310,HERVAL D'OESTE,4206702,56,56,16804,16804,13098,13479,202,179,19:29:39,4,2,341,8620,5,3533,283,276,0,8,0,26
sc,81400,IBIAM,4206751,6,6,1985,1985,1627,1656,16,13,17:21:12,0,1,35,1098,0,423,20,44,0,0,0,6
sc,81337,IBICARÉ,4206801,14,14,3018,3018,2460,2535,37,38,18:17:13,0,0,48,1831,0,492,44,38,1,3,0,3
sc,81353,IBIRAMA,4206900,45,43,15466,14751,11154,11533,157,222,19:22:37,2,4,344,8144,4,2014,377,201,2,10,1,51
sc,81396,ILHOTA,4207106,38,38,12431,12431,9698,10029,142,189,19:07:28,4,2,209,7287,2,1773,230,157,2,7,0,25
sc,81418,IMARUÍ,4207205,33,33,10187,10187,7689,8030,147,194,19:22:13,1,2,202,4200,1,2996,174,98,1,4,1,9
sc,81434,IMBITUBA,4207304,120,120,42184,42184,30883,32129,547,699,19:29:39,10,6,1077,17603,11,10648,958,451,5,35,4,75
sc,81450,IMBUIA,4207403,20,20,5201,5201,4408,4552,72,72,19:07:04,1,0,123,3419,0,707,61,93,3,0,0,1
sc,81477,INDAIAL,4207502,154,154,50898,50898,39596,41003,563,844,19:24:16,12,7,1212,29041,5,7033,1414,619,7,45,12,189
sc,81361,IOMERÊ,4207577,9,9,2888,2888,2433,2494,36,25,19:23:56,1,0,86,1795,0,442,42,54,1,4,0,8
sc,81493,IPIRA,4207601,13,13,3857,3857,3234,3352,65,53,19:08:41,0,0,96,2011,1,987,69,59,0,0,0,11
sc,80020,IPORÃ DO OESTE,4207650,29,29,7715,7715,6326,6538,96,116,19:31:57,2,0,230,4358,4,1331,170,212,0,2,0,17
sc,80829,IPUAÇU,4207684,20,20,5697,5697,4416,4540,46,78,19:21:02,0,1,89,1777,0,2442,40,61,1,1,0,4
sc,81515,IPUMIRIM,4207700,18,18,6026,6026,4624,4834,95,115,18:28:23,2,0,161,2603,0,1598,131,114,1,4,0,10
sc,80187,IRACEMINHA,4207759,14,14,3717,3717,3160,3234,41,33,18:48:45,0,0,87,2230,0,706,50,75,0,2,0,10
sc,81531,IRANI,4207809,25,25,7724,7724,6211,6434,132,91,19:00:44,0,0,255,3882,0,1806,129,132,0,2,0,5
sc,80861,IRATI,4207858,7,7,2036,2036,1627,1682,26,29,18:32:12,0,0,33,910,0,635,16,31,0,1,0,1
sc,81558,IRINEÓPOLIS,4207908,29,19,8228,5699,4556,4714,79,79,19:17:22,0,0,154,3082,2,1115,105,87,0,3,1,7
sc,81590,ITAIÓPOLIS,4208104,54,54,16680,16680,13178,13654,261,215,19:13:00,2,2,253,10200,1,2249,244,206,0,10,2,9
sc,81612,ITAJAÍ,4208203,525,494,183857,172594,135294,139719,2070,2355,20:04:55,42,33,4112,92642,55,31267,4408,1994,20,187,23,511
sc,81639,ITAPEMA,4208302,168,108,60041,38857,29692,30347,285,370,19:31:57,3,2,745,22251,2,5537,799,236,6,20,2,89
sc,81655,ITAPIRANGA,4208401,42,42,12187,12187,9706,9945,103,136,19:21:01,0,0,307,6821,3,1941,295,306,2,6,2,23
sc,81663,ITAPOÁ,4208450,59,59,21623,21623,15764,16344,253,327,19:21:00,3,2,443,10514,6,4072,368,278,2,22,2,52
sc,81671,ITUPORANGA,4208500,67,67,19872,19872,16368,16751,197,186,18:46:34,2,3,358,12866,1,2473,342,288,0,6,3,26
sc,81574,ITÁ,4208005,21,21,5888,5888,4798,4955,69,88,19:21:01,0,0,193,2666,1,1588,198,126,0,7,0,19
sc,81370,IÇARA,4207007,135,135,43842,43842,34389,35401,485,527,19:29:40,10,6,866,24515,8,7254,1050,586,1,19,4,70
sc,81698,JABORÁ,4208609,13,13,3843,3843,3268,3342,31,43,18:44:28,0,0,100,2325,1,703,46,85,0,1,0,7
sc,81710,JACINTO MACHADO,4208708,29,29,9165,9165,7421,7654,121,112,19:23:06,2,2,184,5619,4,1304,172,112,0,4,1,17
sc,81736,JAGUARUNA,4208807,52,52,16425,16425,12997,13414,230,187,19:14:10,3,2,359,9193,4,2949,277,160,0,7,2,41
sc,81752,JARAGUÁ DO SUL,4208906,384,384,131454,131454,108628,111510,1262,1620,19:12:45,29,32,3196,78938,40,20528,3450,1628,23,164,13,587
sc,81140,JARDINÓPOLIS,4208955,6,6,1699,1699,1450,1490,25,15,18:33:45,0,0,59,882,0,443,36,26,0,0,0,4
sc,81779,JOAÇABA,4209003,79,79,22370,22370,17548,18023,247,228,18:50:18,6,3,497,12319,3,3863,440,342,2,16,2,55
sc,81795,JOINVILLE,4209102,1234,1188,443225,426622,339528,350323,4549,6246,19:32:18,167,67,10504,236670,146,70316,12853,5566,49,502,47,2641
sc,80101,JOSÉ BOITEUX,4209151,17,16,4540,4341,3468,3549,35,46,19:29:40,4,0,71,2200,1,1057,77,48,1,1,0,8
sc,81540,JUPIÁ,4209177,8,8,2255,2255,1862,1916,22,32,18:12:41,1,0,61,1105,1,629,29,36,0,0,0,0
sc,81817,LACERDÓPOLIS,4209201,8,8,1979,1979,1690,1738,24,24,18:56:22,0,0,39,1280,0,312,20,34,0,2,0,3
sc,81833,LAGES,4209300,393,341,125222,108091,82442,85373,1631,1300,19:29:40,24,18,2503,54068,17,22085,2013,1476,12,75,10,141
sc,81850,LAGUNA,4209409,118,118,36422,36422,27698,28784,516,570,19:29:39,10,9,830,15914,8,9505,842,492,2,30,1,55
sc,80586,LAJEADO GRANDE,4209458,6,6,1593,1593,1338,1371,22,11,17:21:56,0,0,33,893,0,362,15,32,0,0,0,3
sc,81876,LAURENTINO,4209508,19,19,6020,6020,5163,5327,76,88,18:27:10,1,0,137,3919,1,896,128,60,1,5,1,14
sc,81892,LAURO MÜLLER,4209607,44,44,12330,12330,9642,10074,181,251,19:10:41,2,0,293,6226,3,2607,240,250,0,2,0,19
sc,81914,LEBON RÉGIS,4209706,30,29,8737,8359,6322,6628,164,142,19:21:02,0,2,186,3102,0,2804,131,84,0,5,3,5
sc,81930,LEOBERTO LEAL,4209805,12,12,3293,3293,2726,2834,57,51,19:25:22,0,0,88,1968,0,542,42,78,0,3,0,5
sc,80047,LINDÓIA DO SUL,4209854,13,13,3810,3810,2979,3064,42,43,19:29:40,1,0,108,1949,0,773,51,88,0,4,0,5
sc,81957,LONTRAS,4209904,31,31,9347,9347,7470,7717,124,123,19:29:39,3,0,170,5686,0,1307,189,85,2,5,1,22
sc,81973,LUIZ ALVES,4210001,33,32,10211,9894,8476,8665,86,103,19:31:57,1,0,176,6721,1,1225,200,120,0,3,0,29
sc,81809,LUZERNA,4210035,19,19,4829,4829,4172,4267,50,45,18:44:45,0,1,125,3164,1,675,91,92,0,3,1,19
sc,80900,MACIEIRA,4210050,7,0,2360,0,0,0,0,0,20:14:07,0,0,0,0,0,0,0,0,0,0,0,0
sc,81990,MAFRA,4210100,136,136,42431,42431,33223,34619,818,578,19:20:58,9,11,1073,24036,3,6418,866,698,7,29,7,66
sc,82015,MAJOR GERCINO,4210209,12,12,3305,3305,2516,2616,47,53,19:28:58,0,0,79,1770,1,566,44,44,1,6,0,5
sc,82031,MAJOR VIEIRA,4210308,21,21,6050,6050,4748,4973,115,110,19:02:30,1,0,136,3173,0,1185,113,129,0,2,4,5
sc,83917,MARACAJÁ,4210407,20,16,6447,5209,4291,4440,70,79,19:21:00,0,1,132,2924,1,1014,109,94,1,7,0,8
sc,82058,MARAVILHA,4210506,60,60,20395,20395,16709,17120,198,213,18:44:28,10,2,574,11639,1,3684,473,269,2,15,1,39
sc,82066,MAREMA,4210555,9,9,2215,2215,1827,1880,25,28,18:19:24,0,1,27,1225,0,494,37,42,0,0,0,1
sc,82074,MASSARANDUBA,4210605,43,43,13335,13335,10965,11271,123,183,19:08:14,4,1,247,8736,0,1434,262,243,1,6,2,29
sc,82090,MATOS COSTA,4210704,10,10,2463,2463,1823,1902,48,31,18:55:39,1,0,47,911,0,785,42,37,0,0,0,0
sc,82112,MELEIRO,4210803,18,18,5868,5868,5026,5146,62,58,18:58:11,3,1,105,3938,1,792,98,76,0,1,0,11
sc,80365,MIRIM DOCE,4210852,9,9,2265,2265,1903,1951,29,19,19:24:42,0,0,37,1407,0,405,33,18,0,0,0,3
sc,82139,MODELO,4210902,12,12,3479,3479,2964,3036,40,32,18:11:03,0,0,122,1865,0,788,95,88,1,1,0,4
sc,82155,MONDAÍ,4211009,28,25,7441,6806,5685,5843,55,103,19:17:23,0,1,196,3388,0,1744,195,143,0,6,0,12
sc,80004,MONTE CARLO,4211058,24,24,6989,6989,5233,5522,178,111,19:25:46,1,4,144,2860,0,2053,101,63,1,1,0,5
sc,82171,MONTE CASTELO,4211108,25,24,6982,6684,5314,5533,128,91,19:04:15,2,1,158,3363,1,1610,96,76,1,1,0,5
sc,82198,MORRO DA FUMAÇA,4211207,41,41,14207,14207,11390,11673,151,132,19:20:59,3,3,260,8875,0,1799,286,144,0,2,1,17
sc,81086,MORRO GRANDE,4211256,8,8,2721,2721,2308,2367,31,28,18:50:02,0,0,59,1774,0,388,44,38,0,1,0,4
sc,82210,NAVEGANTES,4211306,208,202,66392,64527,48409,50082,822,851,19:31:56,9,4,1717,31908,13,12351,1543,654,6,54,2,148
sc,82236,NOVA ERECHIM,4211405,13,13,4037,4037,3321,3417,37,59,18:20:10,1,0,71,2054,1,1006,90,84,0,2,1,11
sc,80322,NOVA ITABERABA,4211454,13,13,3921,3921,3351,3442,49,42,19:04:48,0,0,84,1831,0,1286,48,92,0,3,1,6
sc,82252,NOVA TRENTO,4211504,34,34,11343,11343,9204,9549,161,184,19:25:46,5,3,238,6982,0,1588,215,153,0,9,1,10
sc,82279,NOVA VENEZA,4211603,38,38,12429,12429,10238,10484,126,120,20:05:06,1,1,186,7814,0,1807,231,177,0,2,2,17
sc,80764,NOVO HORIZONTE,4211652,11,11,2570,2570,2116,2180,32,32,18:28:22,0,0,34,1334,0,663,32,42,1,1,0,9
sc,82295,ORLEANS,4211702,61,61,19333,19333,15323,15775,222,230,19:10:40,2,4,260,12012,4,2357,359,275,2,7,1,40
sc,83976,OTACÍLIO COSTA,4211751,47,47,12683,12683,10362,10699,180,157,18:58:11,1,2,289,6918,0,2729,217,177,0,8,1,20
sc,82317,OURO,4211801,22,22,5678,5678,4595,4755,75,85,18:46:34,2,2,130,3286,0,981,98,84,0,4,0,8
sc,80845,OURO VERDE,4211850,6,6,2040,2040,1668,1718,25,25,19:14:57,0,0,35,1124,0,461,20,27,0,0,0,1
sc,81442,PAIAL,4211876,7,7,1999,1999,1631,1676,26,19,17:21:56,0,0,34,829,0,679,24,55,0,2,0,8
sc,81264,PAINEL,4211892,8,6,2599,2014,1601,1647,21,25,19:16:40,1,0,63,949,0,516,24,46,0,0,0,2
sc,82333,PALHOÇA,4211900,415,309,154633,115099,88641,92174,1661,1872,20:04:55,29,14,3352,54756,53,24886,3590,1430,20,139,9,363
sc,82350,PALMA SOLA,4212007,18,18,5410,5410,4354,4492,70,68,18:39:56,0,1,142,2327,2,1704,92,81,0,2,1,2
sc,81566,PALMEIRA,4212056,10,10,3317,3317,2631,2709,32,46,19:30:03,0,0,67,1731,0,718,54,59,0,0,1,1
sc,82376,PALMITOS,4212106,43,43,12297,12297,9850,10125,148,127,18:57:38,2,1,215,7084,2,2100,159,254,1,9,3,20
sc,82392,PAPANDUVA,4212205,54,54,14658,14658,11560,12135,354,221,19:09:50,1,1,261,7387,5,3459,211,214,0,7,0,14
sc,80705,PARAÍSO,4212239,14,14,3609,3609,2853,2957,54,50,19:11:50,0,0,70,1570,1,1057,60,90,0,2,0,3
sc,80403,PASSO DE TORRES,4212254,26,25,9128,8742,6690,6921,109,122,20:05:06,2,1,210,4274,2,1888,171,116,1,10,0,15
sc,80624,PASSOS MAIA,4212270,12,12,3505,3505,2681,2761,35,45,19:12:46,0,0,55,1376,0,1159,25,64,0,1,1,0
sc,82414,PAULO LOPES,4212304,24,24,7411,7411,6030,6251,106,115,19:30:22,0,2,154,4047,1,1618,99,91,0,5,1,12
sc,82430,PEDRAS GRANDES,4212403,17,17,4152,4152,3320,3444,57,67,19:24:16,0,0,83,2483,0,596,99,52,0,3,0,4
sc,82457,PENHA,4212502,76,61,26267,20929,15791,16322,237,294,19:32:18,6,3,566,10930,5,3527,477,224,2,11,2,38
sc,82473,PERITIBA,4212601,10,10,2879,2879,2485,2554,34,35,18:45:13,0,0,84,1837,0,465,34,55,0,1,0,9
sc,83925,PESCARIA BRAVA,4212650,27,27,8428,8428,7136,7383,120,127,19:20:58,3,0,240,4361,1,2189,180,132,0,9,0,21
sc,82490,PETROLÂNDIA,4212700,20,20,5523,5523,4747,4861,55,59,18:43:16,0,2,63,3708,0,786,93,84,0,2,0,9
sc,82538,PINHALZINHO,4212908,42,42,15631,15631,12740,13146,174,232,18:30:20,2,1,467,7827,5,3748,343,294,4,10,1,38
sc,82554,PINHEIRO PRETO,4213005,8,8,3010,3010,2370,2440,38,32,18:57:39,0,0,57,1567,0,619,58,55,1,3,0,10
sc,82570,PIRATUBA,4213104,18,18,5246,5246,4304,4446,55,87,18:54:44,0,0,117,2914,0,1048,115,102,0,0,0,8
sc,80543,PLANALTO ALEGRE,4213153,11,11,2907,2907,2392,2488,41,55,18:17:33,0,1,51,1208,1,1017,40,66,0,0,0,8
sc,82597,POMERODE,4213203,79,79,27227,27227,21207,21941,281,453,19:07:03,10,9,610,15879,4,3408,699,427,5,23,4,129
sc,82619,PONTE ALTA,4213302,18,18,4025,4025,3188,3325,64,73,18:42:11,0,0,37,1945,1,1109,51,38,0,1,2,4
sc,80926,PONTE ALTA DO NORTE,4213351,8,8,2635,2635,1916,2021,48,57,17:28:52,0,0,47,1144,1,682,18,22,0,1,1,0
sc,82635,PONTE SERRADA,4213401,30,30,8142,8142,6184,6390,83,123,18:45:13,1,0,119,3481,1,2392,93,87,1,1,1,7
sc,82651,PORTO BELO,4213500,55,55,20041,20041,15029,15465,200,236,19:08:41,0,1,420,10933,4,3028,469,121,1,14,1,37
sc,82678,PORTO UNIÃO,4213609,82,82,25684,25684,19051,19773,374,348,19:10:40,5,3,590,12554,4,4850,587,386,4,23,5,40
sc,82694,POUSO REDONDO,4213708,37,37,12260,12260,9791,10040,145,104,19:21:03,2,3,176,7576,1,1671,204,139,2,2,2,13
sc,82716,PRAIA GRANDE,4213807,21,21,6688,6688,5377,5553,78,98,19:22:14,1,0,175,3388,2,1530,156,103,0,2,0,20
sc,82732,PRESIDENTE CASTELLO BRANCO,4213906,6,6,1670,1670,1448,1476,17,11,18:46:34,0,0,21,1116,0,244,28,38,0,0,0,1
sc,82759,PRESIDENTE GETÚLIO,4214003,42,41,14268,13944,11192,11516,153,171,20:02:03,4,1,237,8659,1,1818,286,162,0,4,0,20
sc,82775,PRESIDENTE NEREU,4214102,10,10,2237,2237,1804,1866,35,27,18:30:39,0,0,41,1329,0,368,35,26,0,2,0,3
sc,81647,PRINCESA,4214151,9,9,2564,2564,2146,2208,31,31,19:11:50,0,0,63,1430,0,524,61,64,0,0,1,3
sc,82791,QUILOMBO,4214201,24,24,8066,8066,6488,6713,97,128,18:42:09,0,0,181,3764,0,2340,96,93,0,4,1,9
sc,82813,RANCHO QUEIMADO,4214300,12,12,3744,3744,3078,3177,57,42,19:21:00,0,0,75,2237,0,601,107,51,1,0,0,6
sc,82830,RIO DAS ANTAS,4214409,20,20,5383,5383,4384,4519,70,65,18:24:57,1,0,78,3066,0,1059,78,92,0,4,0,6
sc,82856,RIO DO CAMPO,4214508,17,17,5436,5436,4578,4679,47,54,19:22:13,0,1,134,3461,0,805,94,61,1,4,0,17
sc,82872,RIO DO OESTE,4214607,25,25,6043,6043,5019,5155,66,70,19:28:58,0,2,168,3613,0,951,130,129,0,6,0,20
sc,82910,RIO DO SUL,4214805,151,151,51075,51075,40307,41429,493,629,19:11:00,9,5,1195,29363,7,7559,1316,615,3,44,6,185
sc,82899,RIO DOS CEDROS,4214706,30,30,8999,8999,7458,7713,113,142,19:22:37,5,1,150,5703,0,1225,196,156,0,4,4,14
sc,82937,RIO FORTUNA,4214904,16,16,4372,4372,3889,3984,45,50,19:22:13,1,0,70,3141,1,436,95,122,0,0,0,23
sc,82953,RIO NEGRINHO,4215000,100,99,31740,31349,23839,24654,401,414,19:20:58,8,2,690,17497,7,4541,535,462,1,16,6,74
sc,80608,RIO RUFINO,4215059,10,10,2423,2423,1998,2042,31,13,19:23:06,1,0,79,1262,0,586,27,43,0,0,0,0
sc,80560,RIQUEZA,4215075,16,16,3992,3992,3306,3396,42,48,19:24:16,1,0,78,2000,1,1075,66,80,0,1,0,4
sc,82970,RODEIO,4215109,35,35,9464,9464,7845,8157,148,164,19:13:52,4,1,229,5909,3,1299,194,178,2,7,0,19
sc,82996,ROMELÂNDIA,4215208,16,14,4125,3382,2743,2839,57,39,19:20:59,2,0,76,1671,0,878,55,52,0,1,0,8
sc,83011,SALETE,4215307,21,21,6344,6344,5184,5347,70,93,18:37:34,3,0,178,3849,2,944,112,81,0,3,0,12
sc,81523,SALTINHO,4215356,11,11,3274,3274,2577,2691,68,46,18:48:47,0,0,74,1188,0,1195,63,51,0,5,0,1
sc,83038,SALTO VELOSO,4215406,11,11,3446,3446,2770,2864,35,59,18:44:45,2,0,88,1905,0,665,51,42,1,5,1,10
sc,81000,SANGÃO,4215455,26,26,8877,8877,7197,7363,78,88,19:13:51,0,1,145,5629,0,1237,110,66,0,2,0,7
sc,83054,SANTA CECÍLIA,4215505,38,37,12255,12175,8757,9178,264,157,19:15:12,3,0,140,5547,1,2773,156,124,0,6,0,7
sc,80721,SANTA HELENA,4215554,7,7,2208,2208,1847,1933,47,39,17:58:50,0,0,80,1129,0,559,34,38,0,3,0,4
sc,83070,SANTA ROSA DE LIMA,4215604,8,8,2019,2019,1712,1774,33,29,19:12:45,1,0,64,1150,0,378,32,80,0,1,0,6
sc,80241,SANTA ROSA DO SUL,4215653,24,0,7760,0,0,0,0,0,20:14:11,0,0,0,0,0,0,0,0,0,0,0,0
sc,80349,SANTA TEREZINHA,4215679,24,24,6527,6527,5270,5454,121,63,19:30:42,0,1,144,3923,0,1037,87,71,2,1,0,4
sc,81507,SANTA TEREZINHA DO PROGRESSO,4215687,10,10,2456,2456,1920,1997,48,29,19:07:04,0,0,77,918,0,855,28,41,0,1,0,0
sc,81205,SANTIAGO DO SUL,4215695,5,5,1538,1538,1229,1264,14,21,18:44:45,2,1,23,659,0,482,11,44,1,1,2,3
sc,83097,SANTO AMARO DA IMPERATRIZ,4215703,69,69,20294,20294,16733,17289,212,344,18:28:23,9,2,573,11127,8,4073,503,359,2,15,4,58
sc,83410,SAUDADES,4217303,25,25,7589,7589,6507,6674,72,95,18:38:29,1,1,162,4119,2,1751,224,228,1,1,3,14
sc,83437,SCHROEDER,4217402,39,39,14004,14004,11792,12098,140,166,18:44:29,0,0,346,8713,2,2212,331,147,0,13,1,27
sc,83453,SEARA,4217501,45,44,13942,13497,10710,11124,204,210,19:29:40,4,0,369,6133,1,3590,265,308,0,7,2,31
sc,80284,SERRA ALTA,4217550,10,10,2818,2818,2411,2482,40,31,18:57:40,1,0,47,1628,0,631,40,57,0,1,0,6
sc,83470,SIDERÓPOLIS,4217600,34,34,11784,11784,8960,9259,143,156,19:22:14,4,1,245,5856,5,2275,268,282,1,5,1,17
sc,83496,SOMBRIO,4217709,70,70,22226,22226,17938,18470,255,277,19:28:59,4,4,602,12474,8,4082,519,207,0,5,0,33
sc,80446,SUL BRASIL,4217758,11,11,2414,2414,2071,2139,35,33,18:59:30,1,0,53,1137,0,786,41,50,0,0,0,3
sc,83119,SÃO BENTO DO SUL,4215802,185,184,63838,63486,49565,51243,850,828,19:29:40,9,7,1594,36433,16,8669,1576,1020,6,62,3,170
sc,81485,SÃO BERNARDINO,4215752,9,9,2576,2576,2079,2153,33,41,19:01:14,2,0,77,1091,0,843,32,30,0,0,0,4
sc,83135,SÃO BONIFÁCIO,4215901,11,11,2932,2932,2389,2484,52,43,18:57:39,3,0,33,1859,0,354,65,68,0,5,0,2
sc,83151,SÃO CARLOS,4216008,29,29,8222,8222,6767,6971,99,105,18:44:28,3,0,170,4295,1,1933,166,187,1,1,0,10
sc,80942,SÃO CRISTÓVÃO DO SUL,4216057,12,12,3557,3557,2633,2721,53,35,17:21:56,0,0,66,1609,1,870,47,39,0,1,0,0
sc,83178,SÃO DOMINGOS,4216107,26,26,7343,7343,5879,6096,119,98,19:09:29,1,0,116,3697,1,1906,77,73,0,2,3,3
sc,83194,SÃO FRANCISCO DO SUL,4216206,124,122,42667,41923,30562,31596,485,549,20:05:06,11,5,946,20125,11,8056,879,407,5,33,4,80
sc,83259,SÃO JOAQUIM,4216503,67,63,19522,18475,13501,14070,328,241,19:29:40,3,1,447,8628,4,3680,295,404,2,8,2,27
sc,83275,SÃO JOSÉ,4216602,550,550,195574,195574,152032,157752,2496,3224,19:21:00,68,45,5779,89505,79,46951,5780,2730,27,284,26,758
sc,83291,SÃO JOSÉ DO CEDRO,4216701,36,36,10947,10947,9010,9309,145,154,19:31:56,2,1,177,6472,1,1908,218,220,2,4,0,5
sc,83313,SÃO JOSÉ DO CERRITO,4216800,33,23,7722,5549,4578,4730,72,80,19:24:42,0,1,123,2330,0,1956,87,75,0,1,0,5
sc,83216,SÃO JOÃO BATISTA,4216305,65,59,23144,20890,16469,16968,233,266,19:29:39,3,0,397,12527,7,2830,513,140,2,11,0,39
sc,81124,SÃO JOÃO DO ITAPERIÚ,4216354,15,15,4277,4277,3525,3600,27,48,19:01:42,3,1,62,2792,0,574,45,43,0,0,0,5
sc,80640,SÃO JOÃO DO OESTE,4216255,19,19,5102,5102,4379,4494,43,72,19:01:43,2,0,111,3192,7,713,129,195,0,3,0,27
sc,83232,SÃO JOÃO DO SUL,4216404,24,0,7398,0,0,0,0,0,20:14:08,0,0,0,0,0,0,0,0,0,0,0,0
sc,83330,SÃO LOURENÇO DO OESTE,4216909,61,61,19026,19026,14874,15319,237,208,19:01:43,2,2,364,9554,2,4243,377,302,1,7,4,16
sc,83356,SÃO LUDGERO,4217006,31,31,9949,9949,8336,8534,113,85,19:08:41,1,2,211,6355,0,1368,243,125,0,5,0,26
sc,83372,SÃO MARTINHO,4217105,11,11,3230,3230,2808,2871,31,32,18:37:18,0,0,101,2185,0,406,60,49,0,2,0,5
sc,80780,SÃO MIGUEL DA BOA VISTA,4217154,5,5,1757,1757,1416,1453,14,23,18:44:27,1,0,60,729,0,525,43,56,0,0,1,1
sc,83399,SÃO MIGUEL DO OESTE,4217204,101,101,32021,32021,24896,25505,311,298,18:59:10,3,4,829,16088,8,6383,819,648,3,16,4,91
sc,81183,SÃO PEDRO DE ALCÂNTARA,4217253,14,14,4795,4795,4012,4138,50,76,19:10:41,0,0,113,2785,0,903,99,97,0,4,0,11
sc,83518,TAIÓ,4217808,47,47,14737,14737,11552,11846,128,166,19:02:52,4,1,255,9300,1,1589,215,161,0,8,0,18
sc,83534,TANGARÁ,4217907,26,26,6620,6620,5275,5449,97,77,18:37:16,3,0,123,3817,1,1099,104,114,1,0,0,13
sc,81680,TIGRINHOS,4217956,6,6,2043,2043,1660,1713,34,19,18:28:23,4,0,46,960,0,578,17,51,0,0,0,4
sc,83550,TIJUCAS,4218004,102,102,36911,36911,27890,28818,398,530,19:29:39,11,8,784,19722,8,6064,781,347,2,34,2,127
sc,83933,TIMBÉ DO SUL,4218103,15,1,4542,185,144,149,3,2,18:44:28,0,0,5,96,1,35,4,3,0,0,0,0
sc,83577,TIMBÓ,4218202,101,101,35846,35846,28673,29611,366,572,19:14:56,8,12,895,21690,9,4416,953,490,5,33,5,157
sc,80209,TIMBÓ GRANDE,4218251,19,0,5898,0,0,0,0,0,20:14:12,0,0,0,0,0,0,0,0,0,0,0,0
sc,81345,TREVISO,4218350,13,13,3946,3946,3170,3276,46,60,19:23:56,1,0,125,2015,2,824,87,110,0,1,0,5
sc,83615,TREZE DE MAIO,4218400,20,20,6518,6518,5523,5669,87,59,18:50:01,0,0,124,4455,1,747,125,62,0,2,1,6
sc,83631,TREZE TÍLIAS,4218509,20,20,6439,6439,5331,5464,58,75,18:36:15,1,1,139,4067,0,877,142,87,0,2,0,15
sc,83658,TROMBUDO CENTRAL,4218608,18,18,5524,5524,4515,4626,56,55,18:25:57,2,0,79,3467,0,790,121,44,0,2,0,10
sc,83593,TRÊS BARRAS,4218301,46,46,15074,15074,11154,11704,329,221,19:07:04,1,0,305,6899,2,3332,223,377,3,5,0,7
sc,83674,TUBARÃO,4218707,248,248,82210,82210,64294,66393,891,1208,19:24:16,11,14,1884,45432,23,13559,1985,1010,11,97,11,257
sc,83682,TUNÁPOLIS,4218756,15,15,4043,4043,3494,3596,35,67,19:08:41,2,0,97,2528,4,607,98,135,0,5,1,17
sc,83690,TURVO,4218806,33,32,10409,10042,8442,8622,92,88,18:59:30,3,1,169,6723,5,1239,163,107,2,6,0,24
sc,80144,UNIÃO DO OESTE,4218855,8,8,2463,2463,2026,2067,14,27,17:57:26,1,0,50,1276,0,621,33,42,0,0,0,3
sc,83712,URUBICI,4218905,30,30,8139,8139,6615,6765,74,76,18:37:17,2,0,173,4822,2,1327,160,116,2,4,0,7
sc,80160,URUPEMA,4218954,8,3,2525,820,655,673,9,9,19:16:14,0,0,23,460,0,133,11,28,0,0,0,0
sc,83739,URUSSANGA,4219002,53,53,17330,17330,12597,13000,190,213,19:16:15,2,2,390,9183,2,2321,316,334,0,5,2,40
sc,80462,VARGEM,4219150,11,10,2628,2280,1816,1882,35,31,19:14:57,2,1,47,1031,0,679,15,36,1,0,0,4
sc,80969,VARGEM BONITA,4219176,13,13,3962,3962,3211,3305,43,51,19:14:57,0,0,122,1944,0,1049,64,27,0,1,0,4
sc,83755,VARGEÃO,4219101,10,10,2999,2999,2358,2447,47,42,18:57:39,1,0,75,1349,1,818,44,64,0,1,0,5
sc,83771,VIDAL RAMOS,4219200,20,20,5308,5308,4444,4595,78,73,18:57:39,0,2,82,3358,1,827,72,90,1,3,0,8
sc,83798,VIDEIRA,4219309,117,117,39175,39175,29988,30986,517,481,19:28:58,5,8,755,21226,6,6682,674,507,2,36,7,80
sc,80128,VITOR MEIRELES,4219358,16,15,4377,4128,3377,3476,51,48,18:50:01,0,0,91,2363,0,769,87,65,0,1,0,1
sc,83810,WITMARSUM,4219408,11,11,3494,3494,2883,3003,43,77,18:12:07,1,0,94,2103,0,540,67,73,0,0,0,5
sc,83836,XANXERÊ,4219507,113,113,34911,34911,28261,29079,391,427,19:22:37,8,2,847,17483,4,8667,723,435,2,15,4,71
sc,83852,XAVANTINA,4219606,14,14,3388,3388,2826,2927,66,35,19:04:34,1,0,61,1711,1,930,55,49,0,3,1,14
sc,83879,XAXIM,4219705,70,70,22987,22987,18465,19026,291,270,18:33:19,3,1,420,12369,1,4937,361,345,3,7,1,17
sc,81825,ZORTÉA,4219853,10,10,3214,3214,2647,2728,35,46,19:04:48,0,0,55,1631,0,871,57,28,0,3,0,2
sc,80071,ÁGUA DOCE,4200408,19,19,5464,5464,4308,4418,53,57,18:48:45,0,2,69,3112,0,940,82,100,0,1,0,2
sc,80098,ÁGUAS DE CHAPECÓ,4200507,13,13,4732,4732,3750,3872,53,69,19:14:57,1,0,65,1986,0,1542,60,93,0,2,0,1
sc,80500,ÁGUAS FRIAS,4200556,9,9,2566,2566,2205,2259,25,29,18:42:09,0,0,52,1302,1,699,57,85,0,1,0,8
sc,80110,ÁGUAS MORNAS,4200606,23,20,6493,5777,4844,5055,97,114,19:11:50,5,0,172,3429,2,973,129,113,1,3,1,16
se,31011,AMPARO DE SÃO FRANCISCO,2800100,10,10,3095,3095,2463,2551,30,58,19:17:08,2,0,52,719,0,1618,23,46,0,1,0,2
se,31038,AQUIDABÃ,2800209,68,66,17283,16507,13116,13714,162,436,19:31:51,0,4,340,3247,0,9136,159,216,0,6,1,7
se,31054,ARACAJU,2800308,1354,1336,422179,415288,330523,346702,5700,10479,19:28:51,172,59,11916,123498,154,178508,7320,7803,50,425,54,564
se,31070,ARAUÁ,2800407,35,33,9692,9011,7028,7363,112,223,19:24:34,1,2,136,1461,0,5228,55,135,0,1,2,7
se,31097,AREIA BRANCA,2800506,53,53,15286,15286,12151,13011,286,574,19:29:34,6,0,344,3289,1,8136,158,200,1,11,0,5
se,31119,BARRA DOS COQUEIROS,2800605,112,112,31707,31707,24997,26128,442,689,19:20:55,12,4,759,8676,7,14554,446,487,0,22,2,28
se,31151,BOQUIM,2800670,81,78,22028,21093,16174,17078,285,619,19:10:04,0,1,398,4532,4,10720,184,325,0,3,0,7
se,31135,BREJO GRANDE,2800704,24,18,8118,5860,4349,4551,68,134,19:29:34,1,0,91,952,0,3216,35,52,0,0,1,1
se,31194,CAMPO DO BRITO,2801009,46,35,15710,11845,9131,9678,164,383,19:30:35,2,0,231,2336,1,6267,115,167,0,5,1,6
se,31216,CANHOBA,2801108,17,15,4709,4095,3329,3476,37,110,19:10:21,0,0,74,711,0,2439,26,76,0,1,0,2
se,31232,CANINDÉ DE SÃO FRANCISCO,2801207,77,47,24727,14367,10498,11023,117,408,19:30:35,0,1,269,2554,6,7382,125,153,1,1,0,6
se,31259,CAPELA,2801306,86,85,27103,26722,19461,20818,449,908,19:20:55,8,5,509,5550,6,12769,213,379,3,4,1,14
se,31275,CARIRA,2801405,59,47,17134,12890,9970,10570,153,447,19:13:56,0,3,224,2686,0,6697,148,198,1,4,1,8
se,31291,CARMÓPOLIS,2801504,42,39,12534,11424,8233,8713,149,331,19:20:54,2,2,194,2464,1,5337,101,121,0,7,1,3
se,31313,CEDRO DE SÃO JOÃO,2801603,17,11,5345,3191,2553,2666,28,85,19:22:32,0,0,54,755,0,1669,26,47,0,2,0,0
se,31330,CRISTINÁPOLIS,2801702,52,52,14633,14633,10849,11295,151,295,19:14:51,1,0,186,2390,3,7942,137,186,0,2,0,2
se,31372,CUMBE,2801900,17,16,4501,4106,3311,3513,56,146,18:55:46,0,1,104,1199,0,1880,35,90,0,0,0,2
se,31399,DIVINA PASTORA,2802007,14,9,4411,2724,2169,2271,38,64,19:20:54,0,0,45,502,0,1564,21,34,0,3,0,0
se,31410,ESTÂNCIA,2802106,178,166,50966,46650,35618,37565,715,1232,19:28:52,10,7,949,8783,5,24546,588,683,4,12,1,30
se,31437,FEIRA NOVA,2802205,25,25,6299,6299,5233,5470,55,182,19:10:04,0,0,103,1250,1,3759,43,70,1,3,1,2
se,31453,FREI PAULO,2802304,39,20,13549,6995,5488,5827,115,224,19:29:34,1,0,159,2118,0,3042,45,121,0,2,0,0
se,31496,GARARU,2802403,28,9,9619,2449,1898,1999,25,76,18:39:50,1,1,22,383,0,1448,6,34,0,2,1,0
se,31470,GENERAL MAYNARD,2802502,12,12,3345,3345,2663,2776,34,79,19:29:34,3,0,80,610,1,1874,28,60,0,4,0,3
se,31518,GRACCHO CARDOSO,2802601,27,27,6449,6449,5284,5494,69,141,19:22:08,0,0,87,1107,1,3961,59,64,0,3,0,2
se,31534,ILHA DAS FLORES,2802700,28,28,7753,7753,5839,6127,103,185,19:11:43,2,1,93,1316,0,4309,40,75,0,1,0,2
se,31550,INDIAROBA,2802809,51,45,13697,11908,8865,9288,128,295,19:31:05,0,3,182,1587,3,6836,76,169,0,8,0,1
se,31577,ITABAIANA,2802908,274,274,76645,76645,61342,66065,1353,3370,19:20:54,24,7,2098,22644,20,34172,1049,1243,1,32,6,46
se,31593,ITABAIANINHA,2803005,105,70,32189,20137,16312,17135,279,544,19:23:22,2,2,426,6291,3,9181,167,231,0,1,2,6
se,31615,ITABI,2803104,16,16,4734,4734,3712,3921,55,154,19:24:34,1,0,79,1056,0,2448,41,77,1,1,0,8
se,31631,ITAPORANGA D'AJUDA,2803203,109,105,29786,28400,21500,22946,515,931,19:20:54,3,4,679,5733,1,14334,237,474,1,15,2,17
se,31658,JAPARATUBA,2803302,51,50,14930,14612,10960,11535,223,352,18:50:08,3,1,287,2545,2,7829,105,182,0,4,0,2
se,31674,JAPOATÃ,2803401,46,46,11510,11510,8902,9356,165,289,19:29:34,0,0,144,2074,0,6453,52,173,2,3,0,1
se,31690,LAGARTO,2803500,308,308,82331,82331,65914,69965,1187,2864,19:29:34,26,13,1772,18660,11,43033,1276,1052,1,27,8,35
se,31712,LARANJEIRAS,2803609,80,80,22132,22132,17156,18188,382,650,18:47:42,7,0,401,4917,4,11262,215,322,1,19,0,8
se,31739,MACAMBIRA,2803708,20,20,6860,6860,5403,5742,81,258,19:10:21,0,1,113,1486,0,3653,53,96,0,1,0,0
se,31755,MALHADA DOS BOIS,2803807,16,16,4297,4297,3298,3430,35,97,18:59:25,0,0,62,761,0,2390,42,38,0,1,2,2
se,31771,MALHADOR,2803906,44,44,10440,10440,8214,8746,164,368,19:22:08,2,2,163,2103,0,5681,106,146,0,4,3,4
se,31798,MARUIM,2804003,50,50,13208,13208,9980,10484,217,287,19:11:44,3,0,185,2003,0,7489,104,182,1,6,2,5
se,31810,MOITA BONITA,2804102,38,38,9837,9837,7526,8210,206,478,19:10:45,2,2,192,2536,1,4488,99,198,0,5,2,1
se,31836,MONTE ALEGRE DE SERGIPE,2804201,38,5,12763,1442,1098,1130,8,24,19:20:54,0,0,24,369,0,669,22,13,0,0,0,1
se,31852,MURIBECA,2804300,27,25,7511,6828,5397,5649,101,151,19:07:59,1,0,137,1511,0,3593,57,94,0,0,1,3
se,31879,NEÓPOLIS,2804409,56,54,14406,13682,10494,10920,127,299,18:55:35,0,0,174,2569,1,7497,85,163,0,3,0,2
se,31356,NOSSA SENHORA APARECIDA,2804458,33,33,7652,7652,5968,6384,137,279,18:55:46,1,1,125,2047,0,3666,32,93,0,0,0,3
se,31895,NOSSA SENHORA DA GLÓRIA,2804508,108,103,30467,28851,23518,24528,365,645,19:20:55,6,1,677,5673,3,16408,320,411,1,7,1,10
se,31917,NOSSA SENHORA DAS DORES,2804607,80,79,21460,21061,16592,17741,391,758,19:29:34,4,5,385,5424,6,10192,177,392,1,4,0,2
se,31933,NOSSA SENHORA DE LOURDES,2804706,17,0,6277,0,0,0,0,0,20:14:09,0,0,0,0,0,0,0,0,0,0,0,0
se,31950,NOSSA SENHORA DO SOCORRO,2804805,375,362,123924,119314,95474,101027,2145,3408,19:30:21,56,12,3590,35100,22,52577,1934,1962,9,110,13,89
se,31976,PACATUBA,2804904,39,29,11850,8481,6535,6834,103,196,19:22:32,2,0,135,1115,0,5063,65,151,0,1,1,2
se,31992,PEDRA MOLE,2805000,12,12,3372,3372,2667,2828,42,119,19:02:27,2,2,52,748,0,1780,23,55,0,1,0,4
se,32018,PEDRINHAS,2805109,28,23,7917,6504,5031,5253,60,162,19:09:14,0,1,89,1402,1,3397,58,79,0,1,0,3
se,32034,PINHÃO,2805208,19,18,5635,5247,4107,4353,62,184,19:12:55,0,1,130,972,0,2896,33,72,0,2,0,1
se,32050,PIRAMBU,2805307,30,30,8575,8575,6323,6637,112,202,19:03:46,1,1,167,1513,2,4396,83,146,2,6,2,4
se,32115,PORTO DA FOLHA,2805604,86,76,25098,21703,17327,18047,247,473,20:04:49,2,5,424,3904,1,12448,181,350,0,4,2,6
se,32077,POÇO REDONDO,2805406,71,32,22765,9220,7130,7458,79,249,19:30:21,2,1,129,1745,0,5055,61,134,0,1,1,1
se,32093,POÇO VERDE,2805505,73,54,19505,14201,10946,11492,174,372,19:28:51,2,2,297,2459,3,7804,152,212,0,7,0,8
se,32131,PROPRIÁ,2805703,74,73,20113,19866,15684,16368,259,425,18:49:55,6,2,331,5616,1,9323,199,193,0,7,2,4
se,32174,RIACHUELO,2805901,29,29,8232,8232,6219,6538,110,209,18:48:39,2,0,119,1487,0,4442,65,101,0,1,0,2
se,32158,RIACHÃO DO DANTAS,2805802,69,69,17768,17768,14177,14896,221,498,19:29:34,1,3,263,2500,0,10985,125,292,1,3,1,3
se,32190,RIBEIRÓPOLIS,2806008,57,57,14762,14762,11316,12174,248,610,18:32:10,1,2,315,3653,2,7041,137,157,0,3,0,5
se,32212,ROSÁRIO DO CATETE,2806107,31,31,8984,8984,6777,7092,110,205,19:29:34,0,2,115,1501,2,4950,70,130,0,2,0,5
se,32239,SALGADO,2806206,61,54,17916,15379,12283,12938,209,446,19:20:54,4,1,358,2856,1,8709,145,190,1,7,0,11
se,32255,SANTA LUZIA DO ITANHY,2806305,45,31,12169,8441,6200,6590,122,268,19:04:44,0,2,117,1322,0,4572,62,119,0,4,0,2
se,32298,SANTA ROSA DE LIMA,2806503,19,19,4659,4659,3678,3893,88,127,19:10:04,0,1,87,988,0,2488,30,81,0,1,0,2
se,31003,SANTANA DO SÃO FRANCISCO,2806404,21,21,6340,6340,4824,5074,95,155,19:20:55,0,0,72,1329,1,3316,37,68,0,0,0,1
se,32310,SANTO AMARO DAS BROTAS,2806602,35,35,10453,10453,7471,7811,120,220,19:03:46,1,3,130,1186,0,5958,92,93,0,3,1,4
se,32417,SIMÃO DIAS,2807105,141,141,37093,37093,28739,30782,596,1447,19:24:34,16,5,865,7480,9,19464,422,453,1,16,0,8
se,32433,SIRIRI,2807204,26,25,6787,6403,5066,5306,94,146,19:01:36,1,1,106,1171,0,3633,48,104,0,0,0,2
se,32336,SÃO CRISTÓVÃO,2806701,203,203,61859,61859,49236,52267,1162,1869,20:03:58,22,5,1554,15555,15,30166,885,912,7,72,7,36
se,32352,SÃO DOMINGOS,2806800,25,25,8598,8598,6259,6769,124,386,19:30:21,0,0,106,2066,1,3925,86,71,1,1,1,1
se,32379,SÃO FRANCISCO,2806909,13,13,3798,3798,3078,3202,28,96,19:31:50,0,1,60,814,2,2123,20,54,1,1,0,2
se,32395,SÃO MIGUEL DO ALEIXO,2807006,16,15,3982,3619,2871,3049,43,135,19:28:52,0,1,64,705,1,2004,33,62,0,0,0,1
se,32450,TELHA,2807303,14,14,3641,3641,2973,3083,49,61,19:02:45,0,0,50,924,0,1935,24,37,0,1,1,1
se,32476,TOBIAS BARRETO,2807402,142,128,42750,38078,30610,31952,374,968,19:30:35,8,3,734,9917,6,18933,423,550,3,14,2,17
se,32492,TOMAR DO GERU,2807501,35,23,10522,6364,4850,5139,77,212,19:20:54,0,2,81,1311,0,3284,67,100,0,0,0,5
se,32514,UMBAÚBA,2807600,66,64,19761,19157,14838,15641,280,523,19:15:06,1,3,387,4533,2,9457,175,268,2,4,0,6
sp,61018,ADAMANTINA,3500105,83,83,25494,25494,18871,19779,463,445,18:29:17,4,6,453,13609,6,3957,410,375,1,12,1,37
sp,61034,ADOLFO,3500204,14,14,3977,3977,2972,3105,49,84,18:39:53,1,0,53,1974,3,865,35,31,0,1,3,6
sp,61050,AGUAÍ,3500303,70,70,24235,24235,16794,18144,618,732,19:29:47,3,3,529,9806,10,5594,449,331,1,17,4,47
sp,61131,AGUDOS,3500709,96,96,28853,28853,20997,22394,516,881,19:13:56,2,3,547,13759,4,5754,480,390,0,15,1,42
sp,61581,ALAMBARI,3500758,21,12,5139,2905,2164,2292,50,78,19:25:38,0,1,56,1460,0,569,41,37,0,0,0,0
sp,61158,ALFREDO MARCONDES,3500808,11,11,3964,3964,3021,3163,61,81,18:46:43,1,0,48,1905,1,984,45,37,0,0,0,0
sp,61174,ALTAIR,3500907,11,11,2954,2954,2282,2405,51,72,18:55:27,0,1,40,1377,0,818,22,15,0,1,0,8
sp,61190,ALTINÓPOLIS,3501004,49,49,12706,12706,9239,9911,315,357,18:09:54,2,3,279,4946,2,3465,188,289,3,4,0,58
sp,61212,ALTO ALEGRE,3501103,16,16,3662,3662,2776,2899,50,73,18:41:17,0,0,55,1927,1,728,28,34,0,0,0,3
sp,61220,ALUMÍNIO,3501152,44,0,14040,0,0,0,0,0,14:45:33,0,0,0,0,0,0,0,0,0,0,0,0
sp,61298,ALVINLÂNDIA,3501509,10,10,2634,2634,1998,2103,46,59,19:14:56,0,0,24,1075,2,841,29,24,0,0,0,3
sp,61310,AMERICANA,3501608,517,517,181216,181216,136589,143139,2564,3986,19:29:47,50,22,4763,86854,59,37768,3959,2331,19,168,14,582
sp,61379,AMPARO,3501905,167,166,53743,53443,39192,41801,1083,1526,19:09:07,10,6,1262,25587,14,10206,1076,844,7,48,5,127
sp,61336,AMÉRICO BRASILIENSE,3501707,103,103,27310,27310,20313,21741,533,895,19:11:50,4,6,695,9080,11,9640,509,304,0,17,2,45
sp,61352,AMÉRICO DE CAMPOS,3501806,15,15,4769,4769,3759,3929,69,101,17:49:25,0,0,91,2437,0,1093,58,69,0,1,0,10
sp,61395,ANALÂNDIA,3502002,16,16,4681,4681,3135,3285,54,96,18:33:25,1,0,96,2077,0,838,57,54,1,5,0,6
sp,61417,ANDRADINA,3502101,142,141,42476,42099,30946,32571,771,854,19:32:07,15,5,795,19233,5,9595,689,511,4,31,3,60
sp,61433,ANGATUBA,3502200,57,56,17865,17573,12383,13235,343,509,19:09:07,2,2,401,6835,2,4531,285,296,0,10,0,19
sp,61450,ANHEMBI,3502309,19,19,5471,5471,3624,3833,96,113,18:38:15,0,1,68,2283,2,1153,45,62,0,3,2,5
sp,61476,ANHUMAS,3502408,10,0,3315,0,0,0,0,0,14:45:33,0,0,0,0,0,0,0,0,0,0,0,0
sp,61492,APARECIDA,3502507,86,86,26836,26836,21218,22028,393,417,19:20:47,11,4,753,12371,12,6815,595,562,2,30,1,62
sp,61514,APARECIDA D'OESTE,3502606,12,12,3777,3777,2862,2954,37,55,18:09:29,0,2,65,1563,0,1156,32,43,0,0,0,1
sp,61530,APIAÍ,3502705,71,71,18737,18737,13196,14137,412,529,19:17:19,2,4,385,7059,3,5202,289,229,1,8,0,14
sp,61590,ARAMINA,3503000,15,15,4523,4523,3388,3529,54,87,18:11:15,3,0,81,1798,0,1376,57,68,0,0,0,5
sp,61611,ARANDU,3503109,16,16,5528,5528,4125,4350,103,122,19:20:44,0,3,90,2669,0,1229,47,82,2,3,0,0
sp,61646,ARAPEÍ,3503158,8,8,2505,2505,1871,1989,29,89,19:17:19,1,0,41,928,0,843,21,35,0,0,2,0
sp,61638,ARARAQUARA,3503208,602,602,170310,170310,125322,133193,3034,4837,19:22:51,51,40,4143,57432,104,56181,3963,2622,30,165,21,570
sp,61654,ARARAS,3503307,285,285,96612,96612,72880,77666,2023,2763,20:04:44,21,17,2553,47054,30,19003,1918,1933,4,89,14,244
sp,61263,ARAÇARIGUAMA,3502754,50,0,17829,0,0,0,0,0,14:45:32,0,0,0,0,0,0,0,0,0,0,0,0
sp,61557,ARAÇATUBA,3502804,493,493,145128,145128,107988,112599,1897,2714,19:25:08,33,16,3469,70541,40,28686,2567,2238,8,93,11,286
sp,61573,ARAÇOIABA DA SERRA,3502903,76,0,26408,0,0,0,0,0,14:45:34,0,0,0,0,0,0,0,0,0,0,0,0
sp,62065,ARCO-ÍRIS,3503356,6,6,2331,2331,1661,1722,30,31,19:01:26,1,0,24,1144,0,440,21,30,0,0,0,1
sp,61670,AREALVA,3503406,21,21,6343,6343,4514,4791,120,157,18:45:13,0,1,104,3026,0,1225,84,67,0,4,0,3
sp,61697,AREIAS,3503505,12,12,3463,3463,2640,2748,42,66,19:03:34,1,0,92,1036,2,1401,52,52,0,2,0,2
sp,61719,AREIÓPOLIS,3503604,32,32,8193,8193,6205,6656,243,208,18:41:20,1,0,216,3337,2,2439,130,66,2,1,1,10
sp,61735,ARIRANHA,3503703,23,23,6455,6455,4809,5118,148,161,19:07:57,1,1,98,3085,1,1453,66,94,0,1,3,6
sp,61751,ARTUR NOGUEIRA,3503802,113,97,38528,33282,25736,27236,615,885,19:29:46,12,4,696,16132,7,7720,642,444,2,15,2,60
sp,61778,ARUJÁ,3503901,220,220,71347,71347,53816,57081,1383,1882,19:14:57,35,12,2078,28627,36,19322,2080,1354,7,99,11,155
sp,61522,ASPÁSIA,3503950,7,7,1875,1875,1456,1492,10,26,18:22:02,0,0,27,820,4,555,22,28,0,0,0,0
sp,61794,ASSIS,3504008,219,217,69743,69024,50714,52998,1007,1277,19:21:30,12,11,1490,31035,14,15727,1175,1061,8,62,5,114
sp,61816,ATIBAIA,3504107,360,328,119210,107480,81033,85717,1954,2730,19:29:46,37,20,3142,48995,42,23114,3008,2120,17,125,12,401
sp,61832,AURIFLAMA,3504206,33,33,11053,11053,8290,8644,144,210,18:30:52,2,0,153,5621,1,2289,111,99,0,3,0,11
sp,61875,AVANHANDAVA,3504404,28,28,7452,7452,5476,5799,159,164,19:10:04,0,0,155,2956,2,2166,98,89,0,4,0,6
sp,61891,AVARÉ,3504503,218,218,64380,64380,46242,49354,1398,1714,19:07:55,24,9,1561,28677,16,13487,1231,1054,10,53,12,108
sp,61859,AVAÍ,3504305,17,17,4189,4189,2977,3124,64,83,19:20:47,1,0,62,1521,0,1296,43,50,0,1,0,3
sp,61913,BADY BASSITT,3504602,49,49,16956,16956,12575,13139,206,358,19:02:31,2,4,401,8284,2,3272,338,232,4,9,2,25
sp,61930,BALBINOS,3504701,6,6,1423,1423,998,1050,27,25,19:13:23,0,0,27,578,0,356,20,14,0,1,0,2
sp,61972,BANANAL,3504909,27,27,8233,8233,6192,6569,138,239,18:47:57,5,0,177,2827,1,2941,122,108,0,4,0,7
sp,61999,BARBOSA,3505104,22,22,4970,4970,3614,3786,57,115,19:04:06,0,0,76,2130,0,1315,29,60,0,1,0,3
sp,62030,BARIRI,3505203,68,68,23149,23149,16662,17855,548,645,18:16:04,9,3,442,11292,8,4064,374,420,0,16,0,34
sp,62057,BARRA BONITA,3505302,97,97,28333,28333,21335,22612,552,725,19:05:27,6,7,693,13626,6,5911,543,473,3,18,1,48
sp,61360,BARRA DO CHAPÉU,3505351,16,16,4672,4672,3331,3544,92,121,18:48:52,1,1,91,1919,0,1210,59,43,0,4,0,3
sp,62073,BARRA DO TURVO,3505401,24,24,6314,6314,4133,4321,61,127,18:28:29,0,1,48,2075,0,1858,88,61,0,1,0,1
sp,62090,BARRETOS,3505500,257,257,85200,85200,62118,65118,1339,1661,19:07:57,9,20,1978,37186,21,19752,1466,1476,5,41,8,156
sp,62111,BARRINHA,3505609,85,0,23638,0,0,0,0,0,14:45:35,0,0,0,0,0,0,0,0,0,0,0,0
sp,62138,BARUERI,3505708,814,353,298024,127689,94044,99415,2420,2951,19:30:37,40,26,3559,45391,57,38853,3531,2066,15,173,24,309
sp,62014,BARÃO DE ANTONINA,3505005,10,10,2926,2926,2038,2170,48,84,18:32:00,1,0,60,1109,0,804,27,32,0,1,0,4
sp,62154,BASTOS,3505807,49,49,16975,16975,12158,12769,323,288,19:12:23,1,3,251,8701,2,2712,235,226,1,7,3,16
sp,62170,BATATAIS,3505906,146,146,42270,42270,31876,33884,981,1027,19:13:55,9,4,1159,17582,7,11161,763,1021,4,33,4,129
sp,62197,BAURU,3506003,877,877,278336,278336,196492,208436,5162,6782,19:20:45,78,58,6828,112236,112,64967,6000,5107,41,323,40,702
sp,62219,BEBEDOURO,3506102,181,181,56372,56372,41502,43512,940,1070,20:04:45,11,4,1523,27408,8,10720,926,793,7,39,5,58
sp,62235,BENTO DE ABREU,3506201,7,7,2146,2146,1554,1610,18,38,18:39:15,0,0,22,925,0,580,11,16,0,0,0,0
sp,62251,BERNARDINO DE CAMPOS,3506300,23,23,7724,7724,5689,6020,165,166,18:21:09,2,2,195,3537,1,1750,78,112,1,3,0,8
sp,61280,BERTIOGA,3506359,161,134,52928,43620,30654,32022,578,790,19:21:30,17,4,1025,16631,18,11474,841,547,1,39,6,51
sp,62278,BILAC,3506409,21,21,6346,6346,4738,4911,74,99,18:10:55,3,0,86,3224,1,1277,74,63,0,2,0,8
sp,62294,BIRIGUI,3506508,263,263,84471,84471,62175,65944,1372,2397,19:24:29,13,7,1467,43666,16,14393,1413,1017,3,49,4,127
sp,62316,BIRITIBA MIRIM,3506607,72,0,24212,0,0,0,0,0,14:45:32,0,0,0,0,0,0,0,0,0,0,0,0
sp,62332,BOA ESPERANÇA DO SUL,3506706,32,32,9706,9706,6971,7558,254,333,19:12:25,1,3,211,3383,0,3125,123,110,0,3,3,9
sp,62359,BOCAINA,3506805,31,31,8535,8535,6320,6784,200,264,18:13:36,0,2,159,4264,5,1583,134,144,0,4,1,24
sp,62375,BOFETE,3506904,26,26,8935,8935,6111,6520,147,262,18:16:04,2,0,159,3653,1,2069,99,115,1,9,0,3
sp,62391,BOITUVA,3507001,129,83,47624,30242,21831,23259,517,911,20:02:19,9,10,676,13244,13,6790,621,386,2,29,3,48
sp,62413,BOM JESUS DOS PERDÕES,3507100,57,0,18368,0,0,0,0,0,14:45:31,0,0,0,0,0,0,0,0,0,0,0,0
sp,61786,BOM SUCESSO DE ITARARÉ,3507159,11,11,3289,3289,2451,2545,47,47,18:38:15,0,0,67,1249,0,1057,47,30,0,1,0,0
sp,62456,BORACÉIA,3507308,12,12,3884,3884,2919,3083,75,89,19:04:50,0,1,72,1797,2,934,58,48,0,2,2,3
sp,62472,BORBOREMA,3507407,32,0,10738,0,0,0,0,0,14:45:32,0,0,0,0,0,0,0,0,0,0,0,0
sp,61026,BOREBI,3507456,8,8,2400,2400,1796,1890,41,53,18:43:26,1,1,37,1096,1,593,35,29,0,0,1,2
sp,62430,BORÁ,3507209,4,4,1094,1094,822,862,18,22,17:54:33,0,1,14,537,0,247,4,19,0,0,0,0
sp,62499,BOTUCATU,3507506,327,327,111048,111048,80153,85728,2198,3377,19:15:31,42,17,3500,43436,71,27979,2469,2201,10,122,21,285
sp,62510,BRAGANÇA PAULISTA,3507605,371,371,131308,131308,98819,105040,2765,3456,19:07:56,37,34,3756,61726,63,26994,3289,2338,10,96,24,452
sp,62553,BRAÚNA,3507704,15,15,4231,4231,3275,3408,56,77,18:57:45,0,0,49,2250,0,903,39,29,0,2,0,3
sp,62081,BREJO ALEGRE,3507753,9,9,2875,2875,2026,2128,51,51,19:24:29,0,0,52,1027,0,898,23,25,0,1,0,0
sp,62570,BRODOWSKI,3507803,52,52,17196,17196,13499,14225,299,427,19:17:19,4,1,376,9098,4,3343,321,287,1,17,1,46
sp,62596,BROTAS,3507902,57,57,17821,17821,12644,13455,357,454,18:34:14,4,1,333,8559,6,3126,279,281,2,23,1,29
sp,62618,BURI,3508009,48,45,14878,14010,10255,10831,266,310,19:20:10,1,1,182,6598,2,3179,171,110,1,4,1,5
sp,62634,BURITAMA,3508108,38,38,13143,13143,9544,9997,165,288,18:47:57,1,1,217,6141,3,2889,163,111,0,4,1,13
sp,62650,BURITIZAL,3508207,13,13,4125,4125,3152,3249,34,63,18:12:43,0,1,59,2163,0,827,56,39,1,1,1,4
sp,61956,BÁLSAMO,3504800,20,20,7397,7397,5581,5855,138,136,19:12:24,0,0,149,3816,1,1357,141,96,0,9,3,9
sp,62693,CABREÚVA,3508405,105,0,36426,0,0,0,0,0,14:45:33,0,0,0,0,0,0,0,0,0,0,0,0
sp,62677,CABRÁLIA PAULISTA,3508306,11,11,3698,3698,2681,2809,58,70,18:09:29,0,0,82,1489,1,991,68,45,0,3,1,1
sp,62731,CACHOEIRA PAULISTA,3508603,79,79,23891,23891,17892,18723,365,466,18:46:42,4,4,567,10113,9,6209,456,441,2,30,5,52
sp,62758,CACONDE,3508702,41,41,13333,13333,9591,10204,276,337,18:47:56,2,3,298,5378,2,3481,176,184,0,10,1,56
sp,62774,CAFELÂNDIA,3508801,41,41,12245,12245,8821,9332,247,264,19:12:24,5,0,237,5398,1,2791,182,180,0,6,0,21
sp,62790,CAIABU,3508900,13,13,3330,3330,2538,2673,65,70,18:47:54,1,0,44,1377,0,1019,25,69,0,1,0,2
sp,62812,CAIEIRAS,3509007,195,195,72229,72229,52291,55767,1437,2039,19:22:53,26,10,1960,25538,28,21382,1875,1190,12,113,10,147
sp,62839,CAIUÁ,3509106,15,15,3755,3755,2630,2731,35,66,19:29:48,1,0,67,1239,0,1257,30,30,0,1,2,3
sp,62855,CAJAMAR,3509205,213,80,70021,25824,19054,20388,610,724,19:30:37,10,10,796,9408,14,7651,716,374,1,30,3,41
sp,61484,CAJATI,3509254,79,79,22016,22016,16085,16849,357,407,19:15:30,9,2,374,10715,4,4395,301,235,2,10,4,34
sp,62871,CAJOBI,3509304,24,24,7437,7437,5994,6308,130,184,19:03:07,3,1,158,3766,1,1876,92,85,0,1,2,9
sp,62898,CAJURU,3509403,60,60,18240,18240,13430,14255,349,476,18:17:54,1,2,347,7179,3,5265,292,293,1,13,0,34
sp,61506,CAMPINA DO MONTE ALEGRE,3509452,16,16,4857,4857,3648,3822,70,104,18:45:10,2,1,74,2213,0,1201,56,92,0,4,0,5
sp,62910,CAMPINAS,3509502,2531,1391,873613,481375,350261,368616,7201,11154,20:02:19,157,91,11606,180151,294,135535,11516,7873,94,785,63,2096
sp,62936,CAMPO LIMPO PAULISTA,3509601,213,213,59440,59440,43755,46746,1211,1780,19:29:47,27,14,1847,23507,32,15625,1536,930,10,90,11,126
sp,62952,CAMPOS DO JORDÃO,3509700,131,131,38107,38107,27390,29253,853,1010,19:15:31,16,7,1226,16257,4,8117,792,760,2,50,14,145
sp,62979,CAMPOS NOVOS PAULISTA,3509809,11,11,3805,3805,2843,2936,44,49,19:20:45,1,1,36,1828,0,896,44,35,0,1,0,1
sp,62995,CANANÉIA,3509908,38,36,10410,9899,6961,7271,120,190,19:07:56,1,3,175,3834,5,2667,136,125,1,9,1,4
sp,62103,CANAS,3509957,12,12,3959,3959,3063,3217,55,99,19:20:09,1,0,98,1754,0,1071,58,77,1,1,0,2
sp,61344,CANITAR,3510153,13,13,4337,4337,3128,3339,115,96,17:41:13,1,2,73,1703,0,1210,53,78,0,2,0,6
sp,63070,CAPELA DO ALTO,3510302,39,0,14543,0,0,0,0,0,14:45:33,0,0,0,0,0,0,0,0,0,0,0,0
sp,63096,CAPIVARI,3510401,123,122,37609,37252,28322,29940,673,945,19:31:42,8,5,910,18419,10,7563,718,591,2,35,2,59
sp,63053,CAPÃO BONITO,3510203,122,122,34293,34293,25486,26967,772,709,19:24:29,10,6,776,15272,3,8190,679,488,5,7,3,47
sp,63118,CARAGUATATUBA,3510500,383,383,106446,106446,77696,82290,1956,2638,19:09:07,36,17,2563,43425,56,27242,2489,1479,18,139,30,202
sp,63134,CARAPICUÍBA,3510609,840,395,290495,126822,88005,94117,2693,3419,20:02:19,34,17,3314,37837,51,41113,2989,2219,16,166,18,231
sp,63150,CARDOSO,3510708,35,35,9593,9593,6526,6836,113,197,18:18:44,0,0,126,3590,0,2603,73,124,0,4,0,6
sp,63177,CASA BRANCA,3510807,66,66,19558,19558,13693,14620,437,490,18:35:16,4,1,428,8681,5,3836,386,298,2,7,2,43
sp,63215,CASTILHO,3511003,48,48,15377,15377,11224,11741,226,291,19:20:45,2,0,244,5179,8,5417,205,146,1,6,0,16
sp,63231,CATANDUVA,3511102,268,268,86119,86119,62839,66332,1332,2161,18:41:17,13,17,1822,42040,18,16022,1478,1204,8,58,4,155
sp,63258,CATIGUÁ,3511201,18,18,5688,5688,4320,4653,109,224,18:45:44,1,1,62,2825,0,1282,69,73,0,4,0,3
sp,62715,CAÇAPAVA,3508504,243,243,72595,72595,54696,58092,1485,1911,19:31:43,41,11,1938,33129,53,16135,1707,1376,8,67,9,222
sp,63274,CEDRAL,3511300,25,25,8582,8582,6497,6771,110,164,18:45:11,1,2,206,4391,2,1580,145,154,0,0,0,16
sp,63290,CERQUEIRA CÉSAR,3511409,44,44,14958,14958,10281,10939,354,304,18:28:30,2,4,417,6301,0,3052,250,213,3,13,2,24
sp,63312,CERQUILHO,3511508,123,123,36003,36003,26625,28281,622,1034,19:12:55,11,3,796,18458,11,5950,723,541,7,38,4,83
sp,63339,CESÁRIO LANGE,3511607,49,49,13804,13804,9767,10658,379,512,19:22:53,2,1,225,6790,2,2390,169,167,0,9,1,11
sp,63355,CHARQUEADA,3511706,46,46,13212,13212,9855,10348,209,284,19:03:34,4,0,244,6708,3,2525,177,166,0,4,4,20
sp,63371,CHAVANTES,3557204,31,31,8675,8675,6518,6860,170,172,18:10:55,1,0,158,3907,1,2135,159,147,0,2,0,8
sp,63398,CLEMENTINA,3511904,17,17,5273,5273,4098,4258,55,105,18:13:34,1,0,73,2675,0,1217,73,48,2,1,1,7
sp,63410,COLINA,3512001,39,39,14048,14048,10306,10829,225,298,18:45:13,1,0,1784,5023,4,3238,165,78,0,1,2,10
sp,63436,COLÔMBIA,3512100,17,17,5800,5800,4143,4336,63,130,19:21:29,1,1,110,2161,1,1753,71,41,0,1,0,3
sp,63452,CONCHAL,3512209,72,0,20926,0,0,0,0,0,14:45:36,0,0,0,0,0,0,0,0,0,0,0,0
sp,63479,CONCHAS,3512308,38,38,12626,12626,8667,9081,187,227,19:08:29,1,0,223,5863,1,2184,157,220,2,7,0,9
sp,63495,CORDEIRÓPOLIS,3512407,69,69,19567,19567,15031,15826,327,468,19:09:08,6,1,491,9796,11,4002,411,246,1,29,0,37
sp,63517,COROADOS,3512506,13,13,4020,4020,3102,3234,57,75,19:26:10,2,1,58,2118,0,840,44,35,0,1,1,2
sp,63533,CORONEL MACEDO,3512605,14,14,3793,3793,2905,3042,73,64,19:22:51,0,0,51,1242,0,1534,38,38,0,2,0,0
sp,63550,CORUMBATAÍ,3512704,15,15,3523,3523,2525,2690,63,102,18:42:19,2,0,57,1735,1,587,67,69,0,0,0,7
sp,63592,COSMORAMA,3512902,20,20,7030,7030,5352,5573,112,109,18:59:24,0,1,101,3341,2,1770,66,64,0,3,1,3
sp,63576,COSMÓPOLIS,3512803,137,137,44573,44573,32819,34897,829,1249,19:00:26,9,4,989,18023,17,12237,914,450,4,45,8,119
sp,63614,COTIA,3513009,558,456,194159,159864,116425,123889,3474,3990,19:32:07,77,31,5223,53026,87,49688,4614,2945,14,261,28,431
sp,63630,CRAVINHOS,3513108,84,56,27124,18936,13277,14241,399,565,19:31:07,5,0,559,8147,1,3819,385,293,2,15,6,45
sp,63657,CRISTAIS PAULISTA,3513207,22,22,7311,7311,5362,5630,108,160,18:13:35,1,1,192,3118,2,1798,101,128,1,3,1,16
sp,63690,CRUZEIRO,3513405,174,163,56188,52163,38850,41298,952,1496,19:32:08,13,5,1579,21888,19,12785,1193,1171,6,43,9,139
sp,63673,CRUZÁLIA,3513306,8,8,1966,1966,1572,1641,41,28,18:46:43,0,0,28,1051,1,446,23,21,1,0,0,1
sp,63711,CUBATÃO,3513504,303,207,90311,61894,46666,49131,1023,1442,19:29:48,35,16,1719,20440,19,21918,1406,950,8,74,2,79
sp,63738,CUNHA,3513603,57,57,18135,18135,13318,14157,394,445,19:12:24,5,0,294,7621,2,4850,232,283,1,9,0,21
sp,63193,CÁSSIA DOS COQUEIROS,3510906,10,10,2667,2667,1946,2089,45,98,17:52:45,0,0,55,1045,0,765,30,42,0,0,1,8
sp,63010,CÂNDIDO MOTA,3510005,76,76,22894,22894,17085,18047,450,512,18:56:06,3,2,385,11608,1,4340,408,293,0,13,2,30
sp,63037,CÂNDIDO RODRIGUES,3510104,8,8,2853,2853,2063,2165,55,47,17:51:50,4,0,36,1435,0,526,28,27,1,0,0,6
sp,63754,DESCALVADO,3513702,73,73,24907,24907,17124,18448,564,760,19:02:31,5,4,545,11312,3,4177,477,532,2,20,4,43
sp,63770,DIADEMA,3513801,937,922,331016,325330,235348,251630,6477,9805,19:29:46,89,50,9259,88163,180,123423,8229,4720,49,519,38,629
sp,61123,DIRCE REIS,3513850,6,6,1702,1702,1301,1354,25,28,18:32:19,0,0,45,694,1,522,19,20,0,0,0,0
sp,63797,DIVINOLÂNDIA,3513900,35,35,9543,9543,7042,7570,178,350,18:51:32,0,3,179,4814,2,1763,123,134,1,2,0,21
sp,63819,DOBRADA,3514007,20,20,6727,6727,4936,5229,115,178,19:05:26,0,3,143,2329,4,2273,122,60,0,1,0,1
sp,63835,DOIS CÓRREGOS,3514106,71,71,18565,18565,13198,14011,375,438,18:41:19,3,4,339,8674,4,3689,221,240,1,7,2,14
sp,63851,DOLCINÓPOLIS,3514205,8,8,2355,2355,1806,1902,42,54,18:45:13,0,0,37,736,0,972,31,29,0,1,0,0
sp,63878,DOURADO,3514304,22,22,6798,6798,4939,5418,192,287,18:41:18,1,3,117,2967,0,1578,135,123,1,1,1,12
sp,63894,DRACENA,3514403,98,98,33614,33614,24428,25385,432,525,18:57:47,9,5,583,17378,9,5457,478,450,3,9,2,45
sp,63916,DUARTINA,3514502,28,28,9858,9858,7118,7522,161,243,18:09:55,2,0,213,4219,2,2362,126,177,1,2,1,13
sp,63932,DUMONT,3514601,24,23,7337,7032,5357,5643,115,171,19:21:30,0,0,252,3438,2,1480,104,70,0,6,0,5
sp,63959,ECHAPORÃ,3514700,17,17,5070,5070,3700,3856,48,108,19:29:46,1,1,52,2418,0,1108,43,66,1,6,0,4
sp,63975,ELDORADO,3514809,50,50,10787,10787,7375,7758,168,215,19:13:23,2,0,141,3950,1,3061,85,118,0,4,1,12
sp,63991,ELIAS FAUSTO,3514908,43,23,13526,6806,5231,5612,139,242,20:02:19,0,2,119,3465,2,1390,136,103,0,4,0,10
sp,61760,ELISIÁRIO,3514924,9,9,2737,2737,2085,2185,40,60,18:09:28,0,1,52,1414,0,548,35,33,0,0,0,2
sp,61182,EMBAÚBA,3514957,8,8,2448,2448,1910,2014,43,61,19:00:59,0,0,40,1170,1,655,27,16,0,0,0,1
sp,64017,EMBU DAS ARTES,3515004,634,632,206389,205838,149919,160937,4857,6161,19:29:11,95,47,6151,61041,88,73546,4955,3281,28,254,35,398
sp,64033,EMBU-GUAÇU,3515103,150,150,53717,53717,37288,40136,1213,1635,18:57:46,23,15,1601,17338,21,15697,1280,1100,5,94,5,109
sp,61387,EMILIANÓPOLIS,3515129,8,8,2716,2716,1969,2057,36,52,19:21:29,0,0,25,1108,0,790,19,25,0,0,0,2
sp,61689,ENGENHEIRO COELHO,3515152,50,0,14967,0,0,0,0,0,14:45:33,0,0,0,0,0,0,0,0,0,0,0,0
sp,68659,ESPÍRITO SANTO DO PINHAL,3515186,111,111,30946,30946,22143,23615,688,784,19:29:10,5,4,815,13097,12,6613,634,855,2,25,5,76
sp,61140,ESPÍRITO SANTO DO TURVO,3515194,10,10,3546,3546,2509,2622,43,70,18:30:21,0,0,63,1408,0,953,38,40,0,2,0,5
sp,61662,ESTIVA GERBI,3557303,27,26,9490,9176,6970,7369,109,290,19:25:38,1,1,177,4601,2,1925,127,115,0,8,0,13
sp,64050,ESTRELA D'OESTE,3515202,23,23,7128,7128,5284,5558,130,144,18:24:00,1,2,102,3592,1,1352,100,122,1,3,0,8
sp,64076,ESTRELA DO NORTE,3515301,8,8,2464,2464,1851,1912,18,43,19:14:57,0,1,43,881,0,869,26,31,0,0,0,0
sp,61000,EUCLIDES DA CUNHA PAULISTA,3515350,21,21,6336,6336,4368,4525,66,91,18:51:31,0,1,88,1614,2,2581,53,27,0,0,0,2
sp,64092,FARTURA,3515400,39,39,12518,12518,9119,9599,220,260,18:44:35,2,1,278,5029,6,3335,234,216,0,4,0,14
sp,64130,FERNANDO PRESTES,3515608,17,17,5086,5086,3712,3961,124,125,18:20:36,1,1,102,2465,2,995,63,77,0,1,1,4
sp,64114,FERNANDÓPOLIS,3515509,154,154,50193,50193,36645,38284,757,882,18:32:02,6,15,1074,22834,5,11144,740,720,5,15,5,82
sp,62286,FERNÃO,3515657,6,6,1689,1689,1257,1319,30,32,19:07:57,0,0,25,854,2,335,15,26,0,0,0,0
sp,64157,FERRAZ DE VASCONCELOS,3515707,445,445,128931,128931,96271,103663,3124,4268,19:13:23,60,19,3810,39648,62,46739,3312,2130,14,210,27,240
sp,64173,FLORA RICA,3515806,6,6,1428,1428,1014,1058,19,25,18:25:02,0,0,15,543,0,431,10,14,0,1,0,0
sp,64190,FLOREAL,3515905,8,8,2670,2670,1941,2044,42,61,18:26:01,0,0,58,1105,0,707,42,20,1,3,0,5
sp,64238,FLORÍNEA,3516101,8,8,2673,2673,2006,2076,40,30,18:59:58,0,1,79,1017,1,843,33,32,0,0,0,0
sp,64211,FLÓRIDA PAULISTA,3516002,24,0,7407,0,0,0,0,0,14:45:34,0,0,0,0,0,0,0,0,0,0,0,0
sp,64254,FRANCA,3516200,732,732,241902,241902,180447,189925,3989,5489,19:31:42,57,37,6394,108462,79,54199,5445,4400,28,192,25,1129
sp,64270,FRANCISCO MORATO,3516309,353,353,126796,126796,88167,95350,3256,3927,19:25:38,41,30,3442,33873,60,46068,2801,1527,10,158,21,136
sp,64297,FRANCO DA ROCHA,3516408,292,292,107865,107865,73611,79907,2521,3775,19:24:01,23,29,2749,31599,55,34732,2476,1645,13,131,15,144
sp,64319,GABRIEL MONTEIRO,3516507,8,8,2682,2682,2082,2183,25,76,18:37:24,0,0,44,1497,0,483,21,35,0,0,0,2
sp,64351,GARÇA,3516705,121,120,32368,31989,22876,24588,825,887,19:29:46,6,5,561,14739,11,6336,520,615,3,17,6,57
sp,64378,GASTÃO VIDIGAL,3516804,10,10,2869,2869,2202,2288,48,38,18:45:13,1,0,68,987,0,1077,27,40,0,0,0,2
sp,62308,GAVIÃO PEIXOTO,3516853,14,14,4165,4165,3064,3257,93,100,19:11:15,1,0,106,1395,0,1455,61,37,1,1,3,4
sp,64394,GENERAL SALGADO,3516903,26,26,7966,7966,5760,6001,108,133,19:03:35,0,0,121,3732,0,1723,66,104,0,2,1,11
sp,64416,GETULINA,3517000,25,25,7043,7043,4697,5012,152,163,19:11:50,3,0,128,2684,0,1708,55,107,2,2,0,8
sp,64432,GLICÉRIO,3517109,16,16,3987,3987,2942,3077,47,88,19:12:25,0,3,54,1818,1,969,44,45,0,2,0,6
sp,64475,GUAIMBÊ,3517307,15,15,4479,4479,3178,3379,86,115,19:00:26,0,1,61,1750,0,1247,62,55,1,0,1,0
sp,64459,GUAIÇARA,3517208,29,29,8162,8162,5722,6085,179,184,18:59:25,1,3,150,3502,2,1835,114,103,1,3,2,6
sp,64530,GUAPIARA,3517604,52,49,13629,12520,9027,9618,260,331,18:54:55,4,3,172,4104,5,4425,144,157,1,4,1,7
sp,64513,GUAPIAÇU,3517505,48,48,15943,15943,11648,12311,285,378,18:43:25,1,3,384,7292,2,3511,236,197,1,11,0,10
sp,64599,GUARACI,3517901,27,27,8095,8095,6050,6363,122,191,19:12:24,1,0,146,3064,1,2620,104,92,0,2,3,17
sp,64610,GUARANI D'OESTE,3518008,5,5,1783,1783,1308,1366,19,39,19:29:10,0,0,25,625,0,605,21,32,0,0,0,0
sp,64637,GUARANTÃ,3518107,17,17,4765,4765,3438,3625,104,83,19:24:29,0,2,82,2126,3,1095,51,68,0,2,0,9
sp,64653,GUARARAPES,3518206,78,78,23595,23595,16901,17719,345,473,18:21:09,1,2,379,11131,3,4633,354,355,2,8,5,28
sp,64670,GUARAREMA,3518305,79,0,26373,0,0,0,0,0,14:45:33,0,0,0,0,0,0,0,0,0,0,0,0
sp,64696,GUARATINGUETÁ,3518404,324,324,90805,90805,69219,72520,1741,1560,19:13:24,35,14,2493,41429,37,20859,1965,2063,13,72,12,227
sp,64572,GUARAÇAÍ,3517802,21,21,6153,6153,4437,4657,90,130,18:59:58,2,1,90,2866,1,1314,61,89,0,3,1,9
sp,64718,GUAREÍ,3518503,28,0,8903,0,0,0,0,0,14:45:33,0,0,0,0,0,0,0,0,0,0,0,0
sp,64734,GUARIBA,3518602,101,99,28368,27891,20979,22159,579,601,18:50:10,6,3,824,11206,5,8006,454,421,1,9,3,41
sp,64750,GUARUJÁ,3518701,696,604,238913,209126,151059,160593,4365,5169,20:02:19,92,45,6111,78480,90,57817,4446,3287,27,265,23,376
sp,64777,GUARULHOS,3518800,2851,2558,948908,847146,637130,684084,17561,29393,20:04:45,304,153,26118,314153,511,255167,22688,14659,115,1166,157,1939
sp,64556,GUARÁ,3517703,48,48,14159,14159,10724,11255,227,304,18:42:19,3,0,302,5566,1,4428,192,194,0,6,1,31
sp,61107,GUATAPARÁ,3518859,20,20,5765,5765,4008,4284,136,140,19:22:52,3,2,126,2020,3,1705,76,62,0,4,1,6
sp,64491,GUAÍRA,3517406,84,84,28555,28555,19924,21044,493,627,19:20:45,4,0,621,12619,3,5830,358,414,1,14,0,60
sp,64793,GUZOLÂNDIA,3518909,12,12,3558,3558,2532,2668,64,72,18:25:01,0,0,43,1286,0,1121,37,39,0,0,0,6
sp,64335,GÁLIA,3516606,19,19,4626,4626,3355,3580,90,135,18:50:11,1,1,93,1702,1,1424,48,73,0,3,1,8
sp,64815,HERCULÂNDIA,3519006,20,20,6937,6937,4947,5231,112,172,19:03:34,0,0,73,3281,1,1452,76,58,0,1,0,5
sp,61743,HOLAMBRA,3519055,35,34,12570,12224,9430,9895,202,263,19:09:31,4,0,256,6339,4,2275,259,212,0,9,0,72
sp,61727,HORTOLÂNDIA,3519071,489,489,164481,164481,125800,132760,3045,3915,19:24:02,70,26,4705,66202,58,47873,4171,2077,25,220,11,362
sp,64831,IACANGA,3519105,31,31,8269,8269,6235,6532,130,167,18:50:12,1,0,147,4188,3,1660,131,93,0,4,0,8
sp,64858,IACRI,3519204,16,16,4766,4766,3389,3554,70,95,19:07:54,0,0,45,2338,0,892,38,66,0,3,0,7
sp,61085,IARAS,3519253,18,18,4414,4414,2929,3086,69,88,18:39:17,0,1,79,1407,3,1335,52,45,0,3,1,3
sp,64874,IBATÉ,3519303,103,103,26265,26265,18686,20188,734,768,19:22:52,5,3,542,10283,8,6914,479,409,3,16,5,19
sp,64912,IBIRAREMA,3519501,14,14,5070,5070,3783,4018,122,113,19:20:46,0,0,73,2605,1,981,53,58,0,7,1,4
sp,64890,IBIRÁ,3519402,31,31,9094,9094,7081,7401,125,195,18:57:47,5,0,140,4868,3,1828,111,112,0,4,2,8
sp,64939,IBITINGA,3519600,144,144,41272,41272,30660,32544,919,965,18:33:53,9,8,810,19795,11,8698,660,579,2,22,1,65
sp,64955,IBIÚNA,3519709,192,190,61951,61176,43907,47043,1342,1794,19:24:01,13,16,1471,27763,16,12135,1071,1256,2,61,9,94
sp,64971,ICÉM,3519808,22,22,6049,6049,4556,4739,53,130,18:59:58,2,0,124,2435,0,1843,83,57,0,4,0,8
sp,64998,IEPÊ,3519907,19,19,5971,5971,4576,4758,64,118,18:12:06,0,0,99,2823,2,1494,79,71,0,2,0,6
sp,65030,IGARAPAVA,3520103,62,62,19718,19718,14138,14828,319,371,18:10:55,3,3,426,7253,3,5687,325,380,2,6,1,49
sp,65056,IGARATÁ,3520202,28,28,9443,9443,6945,7353,158,250,19:11:15,1,2,229,4241,1,2078,173,201,0,1,1,17
sp,65013,IGARAÇU DO TIETÊ,3520004,59,59,17539,17539,12897,14099,556,646,18:34:41,8,6,329,7652,3,4316,255,289,3,14,5,17
sp,65072,IGUAPE,3520301,72,72,22106,22106,15736,16551,366,449,19:11:49,5,4,344,8806,7,6014,267,246,2,12,5,24
sp,62006,ILHA COMPRIDA,3520426,37,37,13297,13297,8448,8942,171,323,19:11:16,6,2,235,4498,7,3332,201,136,1,4,4,22
sp,61204,ILHA SOLTEIRA,3520442,63,63,20245,20245,13435,14197,256,506,18:26:02,3,4,413,7282,7,5065,333,266,6,17,3,36
sp,65099,ILHABELA,3520400,103,97,31086,29142,21030,22054,451,573,19:29:48,14,3,738,11268,14,7845,710,340,6,30,5,57
sp,65110,INDAIATUBA,3520509,571,571,192534,192534,148473,156644,3196,4975,19:24:29,77,40,5980,89515,76,43398,5202,3170,15,227,33,740
sp,65137,INDIANA,3520608,14,14,4063,4063,3142,3295,68,85,18:26:27,0,1,59,2042,1,939,38,52,0,2,0,8
sp,65153,INDIAPORÃ,3520707,10,10,3164,3164,2360,2452,39,53,18:56:30,1,1,59,1219,4,997,34,40,0,0,0,5
sp,65170,INÚBIA PAULISTA,3520806,10,10,3159,3159,2412,2551,59,80,18:12:44,0,2,32,1750,0,551,30,44,0,1,0,2
sp,65196,IPAUSSU,3520905,28,28,9987,9987,7555,7964,225,184,18:28:27,2,0,228,4762,3,2163,185,192,1,7,0,12
sp,65218,IPERÓ,3521002,59,7,21605,2657,1907,2071,59,105,19:00:59,1,0,64,1042,1,714,44,35,0,5,0,1
sp,65234,IPEÚNA,3521101,21,21,5852,5852,4268,4469,72,129,19:04:50,1,0,81,2967,0,1047,93,64,0,6,1,8
sp,62243,IPIGUÁ,3521150,15,15,4916,4916,3549,3695,67,79,19:13:24,0,0,75,2432,3,915,55,57,1,2,0,9
sp,65250,IPORANGA,3521200,13,13,3303,3303,2386,2515,53,76,19:20:46,2,1,43,957,0,1298,52,30,0,0,0,3
sp,65277,IPUÃ,3521309,32,3,11207,797,621,656,22,13,19:31:43,1,0,19,233,0,358,2,6,0,0,0,2
sp,65293,IRACEMÁPOLIS,3521408,60,60,17617,17617,14007,14686,289,390,19:20:47,5,1,357,9319,8,3687,322,264,2,9,2,31
sp,65331,IRAPURU,3521606,17,17,4556,4556,3253,3469,101,115,18:28:28,0,0,59,1984,1,1088,57,61,0,1,0,2
sp,65315,IRAPUÃ,3521507,20,19,5489,5141,3739,3940,100,101,19:04:05,0,0,38,2686,0,926,58,31,0,0,0,0
sp,65358,ITABERÁ,3521705,47,6,13507,1643,1270,1319,37,12,18:22:19,0,4,25,458,0,760,11,11,0,0,0,1
sp,65390,ITAJOBI,3521903,39,39,12328,12328,9467,9945,179,299,18:56:31,0,5,176,6929,0,2044,164,134,0,3,1,11
sp,65412,ITAJU,3522000,9,9,3176,3176,2329,2438,53,56,18:16:53,2,0,55,1406,0,774,40,51,0,0,0,1
sp,65439,ITANHAÉM,3522109,248,248,85052,85052,57629,61240,1498,2113,20:02:18,40,19,1674,29274,45,23188,1724,1391,9,106,11,148
sp,61603,ITAOCA,3522158,12,12,3039,3039,2197,2286,35,54,19:23:29,1,0,33,964,0,1144,32,20,0,0,0,3
sp,65455,ITAPECERICA DA SERRA,3522208,361,214,124081,72232,53012,56673,1676,1985,19:31:42,30,16,2025,22085,29,25521,1900,1165,6,97,11,127
sp,65471,ITAPETININGA,3522307,386,299,114451,90681,66980,71186,1873,2333,20:02:19,26,14,1931,43797,31,17678,1705,1556,8,64,11,159
sp,65498,ITAPEVA,3522406,226,215,68478,65007,46687,49371,1395,1289,19:22:53,9,7,1287,28750,10,14590,1047,856,4,42,4,81
sp,65510,ITAPEVI,3522505,487,485,168609,167882,118448,126921,4197,4276,19:13:57,44,29,5098,49599,75,55943,4280,2878,18,214,18,252
sp,65536,ITAPIRA,3522604,161,161,53362,53362,39488,42746,1395,1863,18:41:17,17,6,1237,25885,12,10212,1004,914,4,42,6,149
sp,61948,ITAPIRAPUÃ PAULISTA,3522653,10,0,3305,0,0,0,0,0,14:45:34,0,0,0,0,0,0,0,0,0,0,0,0
sp,65579,ITAPORANGA,3522802,36,36,11006,11006,7948,8332,177,207,18:16:31,0,2,192,4862,1,2636,115,124,0,3,2,11
sp,65617,ITAPURA,3523008,12,12,3647,3647,2530,2655,41,84,18:47:57,2,1,77,793,0,1583,34,36,0,3,0,1
sp,65595,ITAPUÍ,3522901,34,34,9473,9473,7125,7622,272,225,18:22:01,4,2,206,4349,2,2256,160,136,0,3,0,7
sp,65633,ITAQUAQUECETUBA,3523107,747,488,258019,165264,115609,124821,3977,5235,19:32:08,50,28,4784,50850,64,52827,4121,2401,21,216,17,230
sp,65650,ITARARÉ,3523206,113,109,33780,32415,23033,24338,690,615,19:25:08,9,1,710,14432,6,6847,450,504,3,21,1,49
sp,65676,ITARIRI,3523305,29,0,9789,0,0,0,0,0,14:45:33,0,0,0,0,0,0,0,0,0,0,0,0
sp,65692,ITATIBA,3523404,243,243,85162,85162,65048,68525,1459,2018,19:12:24,28,22,2328,40307,33,18113,2155,1631,8,109,20,294
sp,65714,ITATINGA,3523503,45,44,14071,13999,9923,10647,326,398,19:23:30,3,1,359,5950,1,3152,215,219,1,8,0,14
sp,65374,ITAÍ,3521804,46,19,16732,6791,5009,5323,161,153,19:23:30,0,0,145,2656,2,2050,79,67,1,2,0,7
sp,65730,ITIRAPINA,3523602,35,35,10400,10400,7342,7821,216,263,18:57:46,2,3,183,4246,0,2573,170,141,3,3,3,15
sp,65757,ITIRAPUÃ,3523701,16,16,5150,5150,3639,3797,67,91,18:51:32,0,0,97,1709,2,1685,55,81,0,0,0,10
sp,65773,ITOBI,3523800,18,18,6007,6007,4447,4736,160,129,18:42:17,1,0,132,2606,2,1516,82,102,0,1,0,5
sp,65790,ITU,3523909,373,306,128825,106000,76068,80479,1730,2681,19:29:48,30,19,2797,46854,45,21428,2524,1959,12,117,8,275
sp,65811,ITUPEVA,3524006,146,146,48390,48390,35534,37573,831,1208,19:13:56,16,5,1348,21462,11,10639,1064,793,4,46,7,139
sp,65838,ITUVERAVA,3524105,99,99,27366,27366,19855,20862,452,555,19:11:15,6,0,501,11847,7,6613,381,411,2,11,0,76
sp,65552,ITÁPOLIS,3522703,88,88,28904,28904,21513,22621,541,567,19:29:11,3,4,573,14916,3,5184,422,356,1,18,5,28
sp,65854,JABORANDI,3524204,14,14,5006,5006,3789,4025,100,136,18:57:47,1,1,196,2035,0,1469,52,35,0,0,0,0
sp,65870,JABOTICABAL,3524303,161,161,50931,50931,37446,39215,832,937,19:14:23,6,8,1254,22901,20,11143,903,1038,2,52,7,112
sp,65897,JACAREÍ,3524402,553,552,171394,171109,129852,136727,2869,4006,20:02:20,62,21,4417,75649,154,41851,4085,2827,12,222,23,529
sp,65919,JACI,3524501,15,0,5828,0,0,0,0,0,14:45:34,0,0,0,0,0,0,0,0,0,0,0,0
sp,65935,JACUPIRANGA,3524600,46,46,12334,12334,8924,9302,159,219,18:28:28,8,1,235,5889,4,2404,189,171,0,10,0,13
sp,65951,JAGUARIÚNA,3524709,144,144,45186,45186,33993,35856,832,1031,19:14:55,7,12,1167,21186,20,9461,1110,777,7,68,4,174
sp,65978,JALES,3524808,125,125,36025,36025,26958,28481,628,895,18:42:18,6,9,664,18113,12,7063,570,444,4,25,4,44
sp,65994,JAMBEIRO,3524907,16,16,4996,4996,3766,3951,72,113,19:29:48,2,3,131,2255,0,1191,78,91,0,6,0,9
sp,66010,JANDIRA,3525003,232,232,76022,76022,56217,59943,1783,1943,19:31:07,27,13,2343,25516,38,24546,2058,1383,10,93,13,177
sp,66036,JARDINÓPOLIS,3525102,81,81,29784,29784,21180,22642,723,739,18:30:21,7,2,709,13263,12,6140,458,503,3,18,4,61
sp,66052,JARINU,3525201,77,77,26768,26768,19000,20168,497,671,19:29:47,12,4,643,11454,10,5802,560,410,1,27,6,71
sp,66079,JAÚ,3525300,330,330,98725,98725,75344,79752,2088,2320,19:03:34,21,11,1968,51878,24,17705,1849,1623,10,81,17,157
sp,66095,JERIQUARA,3525409,10,10,3344,3344,2549,2653,32,72,18:59:24,1,0,136,1270,0,1060,41,31,0,3,0,7
sp,66117,JOANÓPOLIS,3525508,31,31,9451,9451,7188,7657,212,257,19:11:16,3,2,205,4751,4,1865,159,165,0,6,0,28
sp,66150,JOSÉ BONIFÁCIO,3525706,83,83,27281,27281,20273,21248,480,495,18:39:54,1,5,628,13238,6,5461,466,402,2,21,3,40
sp,66133,JOÃO RAMALHO,3525607,13,13,3518,3518,2438,2606,57,111,18:12:07,0,1,57,1369,0,949,30,26,0,1,1,4
sp,62324,JUMIRIM,3525854,7,7,2457,2457,1841,1933,51,41,18:26:57,1,0,50,1218,0,491,43,35,0,3,0,0
sp,66192,JUNDIAÍ,3525904,974,961,337851,333289,248370,262651,5081,9200,19:29:46,110,63,10701,143806,159,75613,9786,6076,56,489,48,1463
sp,66214,JUNQUEIRÓPOLIS,3526001,50,50,14112,14112,10173,10703,237,293,18:22:01,1,1,288,6784,2,2679,227,164,0,3,1,23
sp,66257,JUQUITIBA,3526209,76,60,22815,17837,13169,14011,361,481,19:29:47,7,1,507,6561,7,5423,310,319,2,14,0,18
sp,66230,JUQUIÁ,3526100,65,56,15229,13378,9212,9696,184,300,19:29:46,3,2,196,5502,5,3131,182,169,2,5,2,13
sp,66176,JÚLIO MESQUITA,3525805,12,12,3690,3690,2611,2791,90,90,19:31:07,0,0,58,1281,2,1188,44,34,0,2,0,2
sp,66273,LAGOINHA,3526308,16,16,5475,5475,4054,4282,106,122,19:12:24,1,0,136,2298,1,1392,79,137,0,2,0,8
sp,66290,LARANJAL PAULISTA,3526407,69,69,20780,20780,15167,15961,345,449,18:48:54,4,2,386,10912,4,3192,347,284,1,8,3,24
sp,66338,LAVRINHAS,3526605,22,13,6102,3227,2481,2678,65,132,19:16:42,0,1,100,1217,0,1022,62,72,0,4,0,3
sp,66311,LAVÍNIA,3526506,15,15,3884,3884,2839,3010,67,104,19:20:47,0,0,75,1604,0,1062,50,39,0,5,0,4
sp,66354,LEME,3526704,209,209,72901,72901,53762,57445,1622,2061,19:07:17,11,5,1368,34155,13,15762,1188,1071,6,60,8,115
sp,66370,LENÇÓIS PAULISTA,3526803,194,194,50784,50784,37997,40096,956,1143,19:16:41,4,6,1113,26942,11,8014,1005,743,9,28,3,119
sp,66397,LIMEIRA,3526902,734,734,219483,219483,171450,180045,3339,5256,19:07:55,56,33,4950,118783,72,39100,4732,2948,25,214,18,519
sp,66419,LINDÓIA,3527009,22,22,5869,5869,4486,4717,59,172,19:07:55,0,0,77,3103,1,1095,111,83,1,1,0,14
sp,66435,LINS,3527108,186,186,53771,53771,38363,40399,912,1124,19:22:52,17,9,1013,26053,17,9307,955,861,5,34,4,88
sp,66451,LORENA,3527207,194,194,61172,61172,46998,49285,1079,1208,19:31:07,17,8,1551,28205,29,14475,1330,1172,6,48,10,147
sp,62022,LOURDES,3527256,7,7,1877,1877,1430,1478,17,31,18:34:15,0,0,28,850,0,438,18,91,1,2,0,2
sp,66478,LOUVEIRA,3527306,104,103,39253,38855,29371,30691,565,755,19:23:29,10,4,1183,17907,8,8768,899,460,2,28,5,97
sp,66516,LUCIANÓPOLIS,3527504,7,7,2146,2146,1580,1647,29,38,18:10:56,0,0,31,843,0,657,27,20,0,0,0,2
sp,66494,LUCÉLIA,3527405,50,50,13549,13549,9502,9986,210,274,17:58:51,6,1,248,6101,6,2762,202,164,0,5,0,7
sp,66559,LUIZIÂNIA,3527702,15,15,3792,3792,2897,3025,50,78,19:07:57,0,0,67,1719,1,1050,26,30,0,0,0,4
sp,66575,LUPÉRCIO,3527801,15,15,3317,3317,2398,2529,57,74,18:45:43,0,2,38,1280,0,993,34,49,0,1,0,1
sp,66591,LUTÉCIA,3527900,8,8,2380,2380,1804,1872,28,40,18:46:42,0,1,28,968,1,747,22,33,0,1,0,3
sp,66532,LUÍS ANTÔNIO,3527603,27,27,10065,10065,7170,7584,158,256,18:26:57,2,1,260,3859,4,2706,196,115,3,8,1,15
sp,66613,MACATUBA,3528007,44,44,12402,12402,9492,10061,301,268,19:20:46,5,0,262,6232,1,2586,212,167,0,4,3,20
sp,66630,MACAUBAL,3528106,18,16,5924,5206,4052,4282,117,113,19:32:07,1,1,108,2775,0,1042,47,62,0,1,0,15
sp,66656,MACEDÔNIA,3528205,11,11,4105,4105,2923,3059,59,77,18:48:52,0,2,58,1827,1,898,46,91,0,0,0,0
sp,66672,MAGDA,3528304,9,9,2793,2793,2117,2215,49,49,18:45:44,0,0,52,1225,1,789,30,20,0,0,0,0
sp,66699,MAIRINQUE,3528403,119,96,38466,29993,21844,23476,690,942,20:02:19,9,2,925,11644,13,7837,736,547,2,36,10,83
sp,66710,MAIRIPORÃ,3528502,209,209,65733,65733,48131,51202,1289,1782,19:13:56,22,11,1589,27633,16,16105,1335,1143,9,93,13,162
sp,66737,MANDURI,3528601,22,22,7096,7096,5234,5593,177,182,19:00:25,2,0,232,3140,2,1603,110,132,0,4,0,9
sp,66753,MARABÁ PAULISTA,3528700,10,0,3188,0,0,0,0,0,14:45:33,0,0,0,0,0,0,0,0,0,0,0,0
sp,66770,MARACAÍ,3528809,41,41,10406,10406,8027,8368,153,188,19:13:24,4,0,161,5095,3,2450,151,137,1,13,0,12
sp,61867,MARAPOAMA,3528858,9,9,2797,2797,2202,2283,30,51,18:44:35,0,1,39,1646,0,440,32,38,0,0,2,4
sp,66834,MARINÓPOLIS,3529104,7,7,1754,1754,1377,1445,29,39,17:21:56,1,0,21,749,0,562,25,19,0,0,0,0
sp,66796,MARIÁPOLIS,3528908,10,10,2872,2872,2208,2336,63,65,18:47:55,1,0,63,1273,1,784,26,57,0,1,2,0
sp,66850,MARTINÓPOLIS,3529203,61,61,18046,18046,13175,13829,286,368,18:45:10,3,2,338,8092,4,4223,217,273,3,8,0,12
sp,66818,MARÍLIA,3529005,579,554,172936,164757,119688,126488,2854,3946,19:31:43,45,25,3308,79693,57,30720,3007,2400,16,123,16,278
sp,66877,MATÃO,3529302,218,218,63725,63725,47318,50300,1285,1697,19:12:25,17,7,1457,28421,22,15256,1031,944,5,33,4,121
sp,66893,MAUÁ,3529401,927,761,310407,255090,183962,198070,5191,8917,20:02:19,79,53,7936,79387,106,84144,7081,4047,44,574,41,470
sp,66915,MENDONÇA,3529500,15,15,5260,5260,3891,4092,72,129,19:22:06,1,1,74,2407,0,1301,59,42,0,1,0,5
sp,66931,MERIDIANO,3529609,12,12,3765,3765,2839,2975,53,83,18:50:12,0,0,58,1683,0,958,98,38,0,0,0,4
sp,61964,MESÓPOLIS,3529658,7,7,1887,1887,1391,1440,28,21,18:43:26,1,0,34,818,0,513,13,9,0,0,0,3
sp,66958,MIGUELÓPOLIS,3529708,52,52,15123,15123,11147,11605,202,256,18:33:26,2,1,225,6124,1,4441,169,157,0,2,0,25
sp,66974,MINEIROS DO TIETÊ,3529807,33,33,8683,8683,6313,6804,253,238,18:26:02,0,0,178,4286,1,1592,118,122,0,5,0,11
sp,67016,MIRA ESTRELA,3530003,8,8,2892,2892,2125,2216,33,58,19:14:22,1,1,40,1237,0,785,21,36,0,1,1,2
sp,66990,MIRACATU,3529906,58,58,15311,15311,10630,11182,212,340,18:55:27,3,7,208,6295,2,3758,164,174,1,7,0,11
sp,67032,MIRANDÓPOLIS,3530102,62,62,17999,17999,12534,13323,313,476,18:46:43,2,1,305,8475,2,3216,261,247,0,9,1,15
sp,67059,MIRANTE DO PARANAPANEMA,3530201,43,43,12713,12713,8848,9202,161,193,19:10:40,1,2,172,3937,1,4500,121,107,3,2,0,2
sp,67075,MIRASSOL,3530300,132,132,43661,43661,32754,34490,799,937,18:57:46,9,5,974,21179,19,8899,832,701,3,37,4,92
sp,67091,MIRASSOLÂNDIA,3530409,11,11,4130,4130,3061,3209,60,88,19:22:51,1,1,83,1892,1,986,41,53,0,1,0,2
sp,67113,MOCOCA,3530508,156,131,49126,41294,29098,31293,991,1204,18:26:01,7,8,1083,18333,13,8330,534,645,4,26,6,109
sp,67130,MOGI DAS CRUZES,3530607,978,381,334039,125679,91346,97706,2778,3582,19:31:42,41,31,3608,47860,58,33039,3357,2690,16,216,32,398
sp,67156,MOGI GUAÇU,3530706,348,347,114358,113980,86271,91507,2137,3099,19:22:51,28,17,2736,57256,33,21681,2359,1781,17,91,9,263
sp,67172,MOGI MIRIM,3530805,215,215,67646,67646,50976,54055,1320,1759,19:10:41,20,14,1597,33902,20,12646,1343,1169,10,46,11,198
sp,67199,MOMBUCA,3530904,11,11,3151,3151,2344,2498,56,98,19:11:50,2,0,60,1613,2,577,46,38,0,2,0,4
sp,67237,MONGAGUÁ,3531100,148,148,50491,50491,32905,34990,863,1222,19:30:37,19,7,917,15684,21,14198,1016,877,12,66,2,86
sp,67253,MONTE ALEGRE DO SUL,3531209,22,21,6336,6019,4530,4873,121,222,18:48:55,3,1,130,2935,0,1215,106,112,0,4,2,22
sp,67270,MONTE ALTO,3531308,116,116,36025,36025,26336,27876,747,793,18:39:16,8,3,1019,17490,11,6401,635,669,0,21,1,78
sp,67296,MONTE APRAZÍVEL,3531407,51,51,16980,16980,12474,13147,302,371,18:39:53,0,3,311,7723,1,3829,300,252,1,10,1,43
sp,67318,MONTE AZUL PAULISTA,3531506,45,45,14242,14242,10609,11195,267,319,18:26:57,2,4,374,7069,4,2763,173,191,2,8,2,17
sp,67334,MONTE CASTELO,3531605,11,11,3327,3327,2521,2631,41,69,18:26:58,0,0,26,1442,0,973,44,33,0,0,0,3
sp,67377,MONTE MOR,3531803,161,161,47316,47316,34526,36862,1042,1294,19:20:48,13,7,1235,18255,18,13140,1015,699,1,55,2,86
sp,67350,MONTEIRO LOBATO,3531704,13,13,3833,3833,2930,3083,53,100,19:22:53,0,0,70,1561,0,1179,47,56,0,5,0,12
sp,67210,MONÇÕES,3531001,7,7,2121,2121,1649,1723,29,45,18:46:42,0,0,43,985,0,550,34,37,0,0,0,0
sp,67393,MORRO AGUDO,3531902,61,61,20181,20181,14917,15877,388,572,19:04:06,3,1,422,8632,3,5236,289,288,0,10,3,30
sp,67415,MORUNGABA,3532009,31,31,10613,10613,8141,8626,174,311,19:11:16,3,0,213,5462,2,2073,186,175,3,5,0,19
sp,61069,MOTUCA,3532058,11,11,3384,3384,2499,2659,62,98,18:43:25,0,0,66,1244,0,1098,51,34,3,0,0,3
sp,67431,MURUTINGA DO SUL,3532108,13,13,3341,3341,2452,2578,51,75,18:36:23,0,0,34,1590,0,755,50,21,0,0,1,1
sp,62340,NANTES,3532157,7,7,2206,2206,1629,1680,22,29,17:35:19,0,0,27,881,0,672,23,24,0,0,0,2
sp,67458,NARANDIBA,3532207,13,6,4458,1884,1454,1497,26,17,19:30:37,0,0,54,756,0,598,28,16,0,1,0,1
sp,67474,NATIVIDADE DA SERRA,3532306,22,22,5669,5669,4176,4410,76,158,18:37:25,1,2,112,2508,2,1341,82,118,0,1,3,6
sp,67490,NAZARÉ PAULISTA,3532405,47,0,14473,0,0,0,0,0,14:45:34,0,0,0,0,0,0,0,0,0,0,0,0
sp,67512,NEVES PAULISTA,3532504,22,22,7059,7059,5275,5640,177,188,18:48:58,2,1,146,3180,0,1709,102,112,1,1,1,20
sp,67539,NHANDEARA,3532603,25,25,7745,7745,5666,5912,121,125,18:26:02,0,1,172,3928,1,1384,82,85,0,3,0,10
sp,67555,NIPOÃ,3532702,12,12,3881,3881,2882,3015,54,79,18:51:33,0,2,97,1703,0,994,46,38,0,0,0,2
sp,67571,NOVA ALIANÇA,3532801,18,18,5431,5431,3978,4199,77,144,18:42:18,2,1,117,2578,2,1156,53,63,0,1,0,5
sp,61980,NOVA CAMPINA,3532827,23,20,6959,5897,4416,4611,95,100,18:30:23,2,1,96,2593,2,1569,92,56,1,1,0,3
sp,61425,NOVA CANAÃ PAULISTA,3532843,7,7,2275,2275,1579,1667,30,58,18:47:55,1,0,41,816,1,645,46,27,0,2,0,0
sp,62367,NOVA CASTILHO,3532868,4,4,1375,1375,1046,1077,12,19,19:00:25,0,0,19,659,0,324,24,18,0,1,0,1
sp,67598,NOVA EUROPA,3532900,26,26,7172,7172,5293,5645,172,180,19:20:46,3,0,206,2485,2,2382,132,69,1,2,1,10
sp,67610,NOVA GRANADA,3533007,51,51,14794,14794,10658,11257,246,353,19:00:59,2,2,251,5963,3,4018,214,185,0,5,1,14
sp,67636,NOVA GUATAPORANGA,3533106,10,10,2019,2019,1451,1536,33,52,18:16:53,0,1,22,792,0,605,20,10,0,0,0,1
sp,67652,NOVA INDEPENDÊNCIA,3533205,14,14,3505,3505,2509,2637,49,79,18:59:58,1,2,46,1451,2,945,30,31,0,0,0,1
sp,67679,NOVA LUZITÂNIA,3533304,8,8,2635,2635,2001,2101,42,58,18:46:43,0,0,78,967,0,882,38,34,0,0,0,2
sp,67695,NOVA ODESSA,3533403,143,143,47408,47408,37161,38977,740,1076,18:47:55,14,13,1372,22205,11,11562,1157,649,7,48,8,115
sp,61409,NOVAIS,3533254,14,14,3922,3922,2917,3125,77,131,18:30:52,0,0,46,1781,1,996,55,37,0,0,0,1
sp,67717,NOVO HORIZONTE,3533502,90,90,28606,28606,20772,21686,437,477,18:45:13,4,1,435,14302,2,5217,416,341,3,11,1,39
sp,67733,NUPORANGA,3533601,23,23,6023,6023,4437,4706,111,158,18:26:57,1,0,98,2813,0,1305,109,87,1,4,0,19
sp,67750,OCAUÇU,3533700,13,13,3441,3441,2516,2626,43,67,18:42:21,0,0,51,1480,1,894,36,53,0,0,0,1
sp,67792,OLÍMPIA,3533908,141,141,41874,41874,30932,32569,765,872,19:03:07,5,3,1082,19840,6,8606,694,605,5,18,7,61
sp,67814,ONDA VERDE,3534005,14,14,4387,4387,3222,3374,67,85,18:45:43,0,0,106,1826,1,1167,54,61,0,1,0,6
sp,67830,ORIENTE,3534104,16,0,5159,0,0,0,0,0,14:45:34,0,0,0,0,0,0,0,0,0,0,0,0
sp,67857,ORINDIÚVA,3534203,17,17,5003,5003,3709,3904,62,133,18:33:53,1,0,131,1996,0,1445,76,50,0,2,0,8
sp,67873,ORLÂNDIA,3534302,103,102,29493,29253,21715,23120,576,829,18:22:00,12,3,633,12913,7,6934,500,606,3,22,6,76
sp,67890,OSASCO,3534401,1641,1302,583991,463071,335736,355862,8289,11837,20:04:16,175,118,13717,153391,241,144347,13022,8510,67,702,86,1360
sp,67911,OSCAR BRESSANE,3534500,8,8,2450,2450,1815,1867,23,29,18:58:18,0,0,27,1295,0,432,23,35,0,0,0,3
sp,67938,OSVALDO CRUZ,3534609,80,80,22809,22809,16475,17277,358,444,19:10:04,7,4,388,11605,6,3830,280,314,0,9,2,30
sp,67954,OURINHOS,3534708,248,227,76480,69772,50646,53478,1325,1507,20:02:19,7,13,1622,30676,18,15739,1251,1166,8,38,16,92
sp,67970,OURO VERDE,3534807,16,16,6097,6097,4355,4549,94,100,19:20:48,0,1,84,2364,1,1796,50,51,0,3,1,4
sp,62383,OUROESTE,3534757,22,22,7997,7997,5848,6125,97,180,19:23:30,0,1,140,3551,2,1964,118,63,0,1,1,7
sp,67997,PACAEMBU,3534906,26,26,7523,7523,5490,5763,112,161,18:32:00,0,2,111,3593,0,1597,95,86,1,2,0,3
sp,68012,PALESTINA,3535002,30,30,8996,8996,6520,6852,150,182,18:25:02,0,1,154,3916,0,2217,90,134,0,1,0,7
sp,68039,PALMARES PAULISTA,3535101,24,24,7352,7352,5711,6153,176,266,19:23:30,1,3,182,3152,2,2187,94,76,1,2,0,11
sp,68055,PALMEIRA D'OESTE,3535200,22,22,7437,7437,5386,5666,136,144,18:26:57,0,1,139,3295,0,1754,93,91,0,2,1,10
sp,68071,PALMITAL,3535309,48,48,16108,16108,11950,12536,268,318,19:01:26,6,3,284,7880,3,3290,256,194,1,8,2,23
sp,68098,PANORAMA,3535408,39,39,9923,9923,7429,7852,188,235,19:04:50,0,0,138,4551,1,2531,113,83,1,2,0,9
sp,68110,PARAGUAÇU PAULISTA,3535507,96,96,29958,29958,21446,22537,525,566,18:37:55,6,2,501,12647,9,7446,405,382,1,14,3,30
sp,68136,PARAIBUNA,3535606,47,47,13836,13836,10542,10974,163,269,18:14:42,2,0,293,5564,5,4210,263,170,4,7,2,22
sp,68179,PARANAPANEMA,3535804,41,41,13591,13591,10399,10925,206,320,19:24:29,1,1,264,6313,2,3529,162,115,0,2,1,9
sp,68195,PARANAPUÃ,3535903,13,13,3392,3392,2656,2795,65,74,19:00:59,0,0,43,1610,1,943,24,33,0,0,0,2
sp,68217,PARAPUÃ,3536000,28,28,7605,7605,5574,5963,185,204,19:14:56,2,3,115,3650,2,1602,94,96,1,3,0,6
sp,68152,PARAÍSO,3535705,15,15,4547,4547,3494,3751,94,163,18:20:36,1,0,106,2314,0,940,61,63,0,2,1,6
sp,68233,PARDINHO,3536109,18,18,6139,6139,4297,4535,89,149,19:14:55,1,1,116,2714,0,1254,102,94,0,6,1,8
sp,68250,PARIQUERA-AÇU,3536208,48,48,14302,14302,10588,11220,274,358,19:05:26,5,3,245,7032,3,2894,247,130,3,11,3,12
sp,61824,PARISI,3536257,9,9,3085,3085,2211,2312,35,66,19:17:18,0,0,37,1425,2,676,28,32,0,5,0,6
sp,68276,PATROCÍNIO PAULISTA,3536307,32,32,10549,10549,7814,8172,173,185,19:08:28,1,1,281,4628,2,2474,132,248,1,2,1,43
sp,68292,PAULICÉIA,3536406,18,0,5955,0,0,0,0,0,14:45:35,0,0,0,0,0,0,0,0,0,0,0,0
sp,62405,PAULISTÂNIA,3536570,6,6,1993,1993,1436,1499,23,40,19:13:56,0,0,29,896,0,457,11,38,0,2,1,2
sp,68330,PAULO DE FARIA,3536604,21,21,6111,6111,4229,4465,66,170,18:30:53,0,1,108,2130,2,1832,80,71,0,1,1,3
sp,68314,PAULÍNIA,3536505,247,244,89901,88809,68911,71771,1158,1702,19:30:38,55,20,2659,38768,45,23313,2370,1207,12,126,16,320
sp,68357,PEDERNEIRAS,3536703,103,103,32588,32588,24780,26187,672,735,19:22:52,2,7,695,16572,11,6409,599,424,3,11,3,44
sp,68373,PEDRA BELA,3536802,14,14,4810,4810,3598,3826,111,117,19:20:45,1,3,102,2189,3,1125,87,80,0,1,0,7
sp,68390,PEDRANÓPOLIS,3536901,8,8,2682,2682,1980,2064,39,45,18:39:19,0,0,42,1158,0,704,54,21,0,0,0,1
sp,68411,PEDREGULHO,3537008,42,42,12296,12296,9003,9508,214,291,19:05:26,0,1,187,4448,0,4022,184,121,0,2,0,38
sp,68438,PEDREIRA,3537107,108,108,33383,33383,25126,26784,610,1048,19:26:11,1,2,651,17474,6,5780,657,441,2,22,3,87
sp,61247,PEDRINHAS PAULISTA,3537156,9,9,2726,2726,2106,2175,19,50,17:57:28,0,0,62,1451,0,518,39,33,0,0,0,3
sp,68454,PEDRO DE TOLEDO,3537206,27,0,7891,0,0,0,0,0,14:45:34,0,0,0,0,0,0,0,0,0,0,0,0
sp,68470,PENÁPOLIS,3537305,160,160,43746,43746,32736,34393,668,989,19:22:05,7,5,900,21170,8,9312,650,603,5,22,5,49
sp,68497,PEREIRA BARRETO,3537404,75,75,19125,19125,13200,13862,295,367,19:13:57,0,5,317,7498,2,4868,241,246,0,5,3,15
sp,68519,PEREIRAS,3537503,19,19,6469,6469,4704,4973,115,154,18:56:31,1,0,131,2918,0,1463,92,96,0,1,0,2
sp,68535,PERUÍBE,3537602,176,176,59840,59840,40994,43174,899,1281,19:25:08,21,9,1180,21904,22,15550,1152,952,9,84,13,98
sp,68551,PIACATU,3537701,15,15,4487,4487,3376,3525,39,110,18:50:11,0,3,68,2151,0,1084,38,30,0,1,0,1
sp,68578,PIEDADE,3537800,118,118,42011,42011,29541,31515,965,1009,19:20:47,14,3,928,17910,17,9014,744,823,4,31,3,50
sp,68594,PILAR DO SUL,3537909,63,63,22434,22434,16075,17046,451,520,19:24:30,1,4,416,10501,4,4458,305,331,0,14,5,36
sp,68616,PINDAMONHANGABA,3538006,396,396,119275,119275,88927,94638,2589,3122,19:25:38,45,17,3307,52407,61,27531,2614,2428,11,134,14,358
sp,68632,PINDORAMA,3538105,38,38,10497,10497,8034,8505,216,255,19:29:47,1,2,224,5292,1,2204,164,129,0,6,0,11
sp,68675,PINHALZINHO,3538204,35,35,11384,11384,8301,8920,266,353,19:26:10,5,0,204,5431,4,2277,162,181,0,8,3,26
sp,68691,PIQUEROBI,3538303,9,4,3115,1232,871,922,16,35,18:30:22,0,0,24,463,0,368,13,3,0,0,0,0
sp,68713,PIQUETE,3538501,31,31,10045,10045,7158,7560,193,209,19:30:38,3,4,222,4334,4,2188,146,221,2,7,0,27
sp,68730,PIRACAIA,3538600,62,62,21552,21552,16222,17153,392,539,18:50:10,14,6,562,10426,7,4282,401,434,0,31,5,54
sp,68756,PIRACICABA,3538709,907,907,311212,311212,226955,239268,5227,7086,19:03:07,82,54,7284,143775,150,62618,6887,4802,42,308,36,917
sp,68772,PIRAJU,3538808,68,68,21986,21986,15474,16481,429,578,18:25:01,3,0,600,8961,4,5085,407,370,1,13,3,27
sp,68799,PIRAJUÍ,3538907,58,58,14814,14814,10702,11332,305,325,19:25:08,3,0,267,6696,9,3215,246,234,0,7,3,22
sp,68810,PIRANGI,3539004,29,29,7897,7897,5924,6247,161,162,19:10:04,1,1,146,4168,0,1354,122,127,0,2,0,3
sp,68837,PIRAPORA DO BOM JESUS,3539103,43,36,14158,11839,8538,8974,195,241,19:29:48,7,4,264,3948,5,3865,268,150,0,9,1,17
sp,68853,PIRAPOZINHO,3539202,66,66,19385,19385,14536,15174,286,352,19:14:56,6,2,433,8574,4,4853,330,307,1,8,0,18
sp,68870,PIRASSUNUNGA,3539301,187,187,55163,55163,40523,42950,1095,1332,19:07:55,11,14,1251,26402,20,10388,1081,1099,6,46,20,185
sp,68896,PIRATININGA,3539400,34,34,10141,10141,7613,7958,149,196,18:47:55,7,1,203,5067,3,1933,188,177,0,5,0,29
sp,68918,PITANGUEIRAS,3539509,84,84,24981,24981,18574,19797,549,674,18:55:27,1,3,520,10212,4,7041,407,314,1,15,2,54
sp,68934,PLANALTO,3539608,12,12,3962,3962,2904,3047,38,105,19:24:02,0,0,51,1600,1,1182,46,20,0,2,0,2
sp,68950,PLATINA,3539707,8,8,2775,2775,2032,2118,36,50,18:45:44,0,1,35,1365,0,563,47,21,0,0,0,0
sp,68993,POLONI,3539905,15,15,4510,4510,3423,3611,83,105,18:36:22,0,0,73,2137,1,1114,41,55,0,0,0,2
sp,69019,POMPÉIA,3540002,49,49,16138,16138,12240,12785,204,341,19:01:54,2,2,265,8930,4,2549,263,200,1,4,0,20
sp,69035,PONGAÍ,3540101,11,11,2952,2952,2211,2316,39,66,18:56:31,1,0,51,1499,0,586,33,38,0,3,0,0
sp,69051,PONTAL,3540200,102,83,28287,22803,17270,18727,618,839,20:02:19,3,2,564,9345,5,6517,408,368,3,15,1,39
sp,61808,PONTALINDA,3540259,12,12,3157,3157,2368,2478,51,59,18:39:15,0,0,45,1222,0,1029,40,32,0,0,0,0
sp,69078,PONTES GESTAL,3540309,8,8,2368,2368,1742,1811,28,41,18:26:57,0,0,39,1049,0,609,23,21,0,0,0,1
sp,69094,POPULINA,3540408,12,12,3679,3679,2726,2877,51,100,19:01:54,0,1,38,1280,1,1317,40,46,0,0,1,2
sp,69116,PORANGABA,3540507,20,0,7483,0,0,0,0,0,14:45:32,0,0,0,0,0,0,0,0,0,0,0,0
sp,69132,PORTO FELIZ,3540606,117,117,41162,41162,30934,32714,885,895,18:43:25,18,3,977,20277,17,8121,817,591,4,40,1,68
sp,69159,PORTO FERREIRA,3540705,124,124,39960,39960,28861,30811,907,1043,18:26:58,10,3,1014,18883,14,7306,750,777,4,22,3,75
sp,61565,POTIM,3540754,43,43,12546,12546,9854,10270,196,220,18:32:18,1,1,353,5554,6,3416,277,223,0,10,4,9
sp,69175,POTIRENDABA,3540804,41,41,13860,13860,10363,10928,252,313,19:07:19,0,2,248,6684,4,3030,178,193,0,6,2,16
sp,68977,POÁ,3539806,273,273,89811,89811,68475,72857,1815,2567,19:25:38,34,23,2653,31643,50,29359,2657,1659,12,164,18,203
sp,62120,PRACINHA,3540853,5,5,1476,1476,1091,1132,16,25,18:30:23,1,0,20,629,0,409,12,18,1,0,0,1
sp,69191,PRADÓPOLIS,3540903,42,14,13603,4500,3561,3775,93,121,20:02:19,2,0,128,2056,2,1218,87,55,0,1,1,11
sp,69213,PRAIA GRANDE,3541000,764,672,265311,230968,158974,168356,4182,5200,19:30:37,76,26,5294,85307,100,58640,5241,3530,24,316,29,391
sp,62146,PRATÂNIA,3541059,16,16,4725,4725,3386,3601,109,106,18:45:11,1,0,103,2010,1,1166,64,37,0,1,0,3
sp,69230,PRESIDENTE ALVES,3541109,11,11,3391,3391,2463,2579,29,87,18:43:24,0,0,62,1399,3,906,33,57,0,2,0,1
sp,69256,PRESIDENTE BERNARDES,3541208,34,34,10209,10209,7293,7593,141,159,19:21:30,4,2,154,4540,2,2362,121,96,0,0,0,12
sp,69272,PRESIDENTE EPITÁCIO,3541307,92,92,29804,29804,20956,21994,475,563,19:00:25,2,5,457,11934,4,7733,434,344,0,15,3,25
sp,69299,PRESIDENTE PRUDENTE,3541406,580,580,165528,165528,123575,128762,2337,2850,19:29:48,29,13,3035,80401,44,33929,3044,2678,14,105,18,265
sp,69310,PRESIDENTE VENCESLAU,3541505,90,90,26379,26379,19137,20105,440,528,18:43:27,5,0,439,12868,2,5014,372,391,1,5,1,39
sp,69337,PROMISSÃO,3541604,85,85,26512,26512,18221,19275,451,603,18:59:58,8,3,455,10868,8,6110,367,365,5,12,2,18
sp,62162,QUADRA,3541653,11,11,4032,4032,2802,2938,54,82,19:11:15,0,1,82,1730,1,888,37,59,0,1,0,3
sp,69353,QUATÁ,3541703,33,33,10121,10121,7450,7773,148,175,18:19:06,0,0,181,4814,2,2182,139,119,0,3,1,9
sp,69370,QUEIROZ,3541802,11,11,3299,3299,2352,2460,41,67,19:04:06,0,0,28,1410,1,869,23,18,0,2,0,1
sp,69396,QUELUZ,3541901,25,25,7112,7112,5250,5474,105,119,19:04:05,1,1,177,2446,2,2385,141,83,0,5,0,9
sp,69418,QUINTANA,3542008,16,16,5214,5214,3862,4073,81,130,19:02:31,2,0,75,2568,0,1101,62,45,0,5,0,4
sp,69434,RAFARD,3542107,24,24,7253,7253,5760,6047,110,177,19:20:46,1,0,157,3890,1,1446,140,98,0,9,3,15
sp,69450,RANCHARIA,3542206,80,80,22888,22888,16648,17380,349,383,18:28:27,5,0,358,9527,8,5825,367,527,1,8,2,20
sp,69477,REDENÇÃO DA SERRA,3542305,13,13,4304,4304,3110,3269,64,95,20:02:19,1,0,95,1689,0,1155,56,106,1,3,1,3
sp,69493,REGENTE FEIJÓ,3542404,67,67,15711,15711,11831,12378,245,302,18:29:17,5,3,284,7406,2,3669,217,215,2,13,0,15
sp,69515,REGINÓPOLIS,3542503,14,14,4734,4734,3504,3698,85,109,19:13:23,0,0,83,2430,1,833,59,89,1,2,0,6
sp,69531,REGISTRO,3542602,155,155,45214,45214,32700,34201,723,778,19:07:55,17,7,821,19326,12,10853,871,671,9,42,4,67
sp,69558,RESTINGA,3542701,20,20,6817,6817,4942,5160,104,114,18:19:27,1,2,140,2653,1,1931,144,60,0,3,0,7
sp,69574,RIBEIRA,3542800,12,12,2889,2889,2127,2212,39,46,19:23:29,0,0,25,955,0,1084,28,30,1,3,0,1
sp,69590,RIBEIRÃO BONITO,3542909,26,26,8616,8616,5900,6308,174,234,18:32:19,1,1,137,3168,2,2306,144,120,0,5,1,15
sp,69612,RIBEIRÃO BRANCO,3543006,50,47,14335,13299,9711,10250,242,297,19:20:48,2,4,157,5346,3,3954,132,107,0,2,0,4
sp,69639,RIBEIRÃO CORRENTE,3543105,12,12,4387,4387,3141,3296,58,97,18:14:40,2,0,71,1686,0,1279,45,50,0,0,0,8
sp,69655,RIBEIRÃO DO SUL,3543204,11,11,3926,3926,3057,3186,57,72,18:51:32,0,0,62,1684,0,1206,56,42,0,1,0,6
sp,62421,RIBEIRÃO DOS ÍNDIOS,3543238,7,7,1918,1918,1397,1485,33,55,19:03:35,0,0,19,721,1,620,16,20,0,0,0,0
sp,61700,RIBEIRÃO GRANDE,3543253,24,24,6413,6413,4832,5169,183,154,18:38:16,2,1,128,2232,2,2203,115,143,1,2,0,3
sp,69671,RIBEIRÃO PIRES,3543303,262,243,85765,79717,59896,63969,1511,2562,19:31:43,45,13,2647,28499,51,24486,2283,1511,15,126,16,204
sp,69698,RIBEIRÃO PRETO,3543402,1449,1312,473134,426876,306069,323696,6302,11325,19:29:47,109,88,12813,168574,178,105039,9353,7530,47,529,55,1754
sp,69736,RIFAINA,3543600,16,16,5127,5127,3675,3789,61,53,19:07:17,1,0,84,2204,1,1254,65,45,0,2,0,19
sp,69752,RINCÃO,3543709,27,27,7171,7171,5088,5498,173,237,19:07:18,3,0,147,2459,2,2319,77,69,0,2,2,8
sp,69779,RINÓPOLIS,3543808,24,24,7452,7452,5190,5472,125,157,18:51:32,1,2,109,3648,0,1275,78,70,0,3,0,4
sp,69795,RIO CLARO,3543907,447,447,151298,151298,112088,119236,2592,4556,19:22:53,34,36,3609,71036,67,31307,3210,2212,18,165,31,363
sp,69817,RIO DAS PEDRAS,3544004,80,80,25297,25297,18955,20003,490,558,19:14:22,10,2,618,12313,8,5198,434,313,0,23,1,35
sp,69833,RIO GRANDE DA SERRA,3544103,115,48,33722,14698,10707,11640,427,506,19:31:07,2,1,478,4268,12,5280,412,194,2,35,3,20
sp,69850,RIOLÂNDIA,3544202,22,22,7103,7103,5267,5513,86,160,19:00:25,0,1,89,2721,0,2345,53,55,0,1,0,2
sp,69710,RIVERSUL,3543501,16,16,4559,4559,3410,3590,73,107,18:51:33,1,1,63,1875,0,1335,67,64,0,0,2,2
sp,61166,ROSANA,3544251,52,0,14263,0,0,0,0,0,14:45:34,0,0,0,0,0,0,0,0,0,0,0,0
sp,69876,ROSEIRA,3544301,30,30,8328,8328,6530,6837,155,152,18:33:25,2,1,250,3895,3,2052,161,153,2,1,0,10
sp,69914,RUBINÉIA,3544509,12,12,3917,3917,2844,2976,39,93,19:00:58,0,2,65,1778,1,894,31,58,0,1,2,12
sp,69892,RUBIÁCEA,3544400,9,9,2390,2390,1737,1813,32,44,18:32:19,0,0,35,1115,0,543,10,33,1,0,0,0
sp,69930,SABINO,3544608,14,14,4352,4352,2980,3170,78,112,19:00:25,0,0,44,1798,0,1027,39,71,0,0,0,1
sp,69957,SAGRES,3544707,7,7,2091,2091,1476,1560,40,44,18:13:54,0,0,38,792,0,601,22,20,1,1,0,1
sp,69973,SALES,3544806,15,8,5354,2663,2003,2088,34,51,19:00:58,0,0,38,1438,1,463,33,27,0,1,0,2
sp,69990,SALES OLIVEIRA,3544905,30,30,8527,8527,6435,6830,165,230,18:30:22,0,0,192,4088,1,1764,179,189,0,7,0,15
sp,70017,SALESÓPOLIS,3545001,51,0,14725,0,0,0,0,0,14:45:34,0,0,0,0,0,0,0,0,0,0,0,0
sp,70033,SALMOURÃO,3545100,12,12,3874,3874,2766,2931,75,90,19:10:04,0,0,45,1750,0,919,24,27,0,1,0,0
sp,61441,SALTINHO,3545159,19,19,7141,7141,5673,5860,95,92,19:12:25,0,1,152,4465,2,865,87,89,1,3,1,7
sp,70050,SALTO,3545209,273,255,95308,88778,66930,70843,1557,2356,19:29:11,23,22,2713,38741,45,21117,2442,1497,12,108,10,200
sp,70076,SALTO DE PIRAPORA,3545308,87,0,31402,0,0,0,0,0,14:45:32,0,0,0,0,0,0,0,0,0,0,0,0
sp,70092,SALTO GRANDE,3545407,19,19,6580,6580,4825,5118,132,161,18:14:41,0,1,135,2928,4,1538,92,100,0,4,2,21
sp,70114,SANDOVALINA,3545506,14,12,4876,4166,2861,2961,34,66,19:20:45,0,0,68,1112,1,1619,24,35,0,0,0,2
sp,70130,SANTA ADÉLIA,3545605,39,39,10828,10828,7849,8298,182,267,18:56:31,1,2,245,4822,1,2395,161,200,2,8,2,10
sp,70157,SANTA ALBERTINA,3545704,17,17,5093,5093,3922,4097,65,110,19:04:49,0,0,67,2527,0,1224,54,47,0,1,0,2
sp,70211,SANTA BRANCA,3546009,43,43,11889,11889,8715,9146,195,236,18:31:59,3,1,242,5210,4,2769,215,242,0,3,3,23
sp,70173,SANTA BÁRBARA D'OESTE,3545803,395,395,138487,138487,107173,113037,2396,3468,19:29:49,39,20,3895,67949,41,29759,3026,1989,8,122,7,318
sp,70238,SANTA CLARA D'OESTE,3546108,7,7,2441,2441,1787,1860,39,34,18:34:39,0,0,40,1075,0,623,17,30,0,1,0,1
sp,70254,SANTA CRUZ DA CONCEIÇÃO,3546207,11,11,4140,4140,3078,3244,48,118,18:58:18,1,0,78,2156,2,717,52,63,1,1,0,7
sp,62189,SANTA CRUZ DA ESPERANÇA,3546256,7,7,2342,2342,1681,1785,32,72,17:51:33,1,0,42,981,0,590,24,34,0,1,0,8
sp,70270,SANTA CRUZ DAS PALMEIRAS,3546306,65,65,21443,21443,15255,16335,490,590,19:13:57,4,3,461,9169,7,4756,374,439,0,15,0,27
sp,70297,SANTA CRUZ DO RIO PARDO,3546405,100,100,34041,34041,24781,25988,593,614,19:07:57,3,5,704,17550,13,5535,479,429,0,15,6,42
sp,70319,SANTA ERNESTINA,3546504,15,15,5040,5040,3856,4072,95,121,18:57:48,1,1,135,2176,2,1408,64,60,0,1,1,7
sp,70335,SANTA FÉ DO SUL,3546603,80,80,25810,25810,18547,19531,428,556,18:42:19,4,2,482,12581,6,4718,380,330,2,8,2,32
sp,70351,SANTA GERTRUDES,3546702,60,60,19153,19153,14640,15369,289,440,18:48:52,10,4,380,9526,6,4029,417,229,0,9,2,28
sp,70378,SANTA ISABEL,3546801,129,129,41696,41696,31266,33292,820,1206,18:54:55,7,16,1055,18316,7,10116,857,785,2,28,3,74
sp,70394,SANTA LÚCIA,3546900,29,29,6326,6326,4557,4994,175,262,18:32:02,0,0,162,1969,4,2202,129,78,0,4,0,9
sp,70416,SANTA MARIA DA SERRA,3547007,13,13,4225,4225,3022,3204,81,101,19:20:45,0,0,62,2008,3,874,34,38,0,0,0,3
sp,70432,SANTA MERCEDES,3547106,11,11,2679,2679,1939,2025,44,42,18:32:01,0,0,40,1104,0,754,18,23,0,0,0,0
sp,70491,SANTA RITA D'OESTE,3547403,7,7,2471,2471,1884,1960,42,34,18:50:12,1,0,37,1075,0,689,34,39,1,2,1,5
sp,70513,SANTA RITA DO PASSA QUATRO,3547502,60,60,19993,19993,14362,15060,310,388,18:24:01,2,0,402,9696,4,3445,361,384,1,13,1,53
sp,70530,SANTA ROSA DE VITERBO,3547601,58,58,18030,18030,12941,13978,443,594,18:45:44,3,3,508,7067,5,4638,320,352,1,11,2,31
sp,62200,SANTA SALETE,3547650,6,6,1836,1836,1488,1536,18,30,19:20:47,0,0,30,1045,0,368,22,22,0,0,0,1
sp,70459,SANTANA DA PONTE PENSA,3547205,6,6,1925,1925,1371,1440,24,45,18:34:40,1,2,41,828,0,450,13,33,0,0,0,3
sp,70475,SANTANA DE PARNAÍBA,3547304,305,235,111635,85626,63395,66392,1416,1581,19:29:48,29,13,2606,34546,37,21179,2859,1567,8,97,22,432
sp,70556,SANTO ANASTÁCIO,3547700,47,47,15054,15054,10669,11263,263,331,18:45:12,4,1,262,6430,1,3568,194,195,2,7,2,3
sp,70572,SANTO ANDRÉ,3547809,1742,1735,573503,571047,411285,437690,9180,17225,19:31:07,201,114,17709,194175,302,169456,16350,10023,98,927,100,1830
sp,70599,SANTO ANTÔNIO DA ALEGRIA,3547908,20,20,5700,5700,4255,4518,96,167,18:37:25,0,0,151,2377,0,1604,36,63,0,3,0,21
sp,70610,SANTO ANTÔNIO DE POSSE,3548005,54,54,16288,16288,12465,13173,352,356,20:04:45,8,2,301,8227,5,3394,255,232,0,10,3,28
sp,61328,SANTO ANTÔNIO DO ARACANGUÁ,3548054,27,27,7290,7290,5585,5757,71,101,19:20:47,2,1,127,3256,2,1999,85,106,0,1,0,6
sp,70637,SANTO ANTÔNIO DO JARDIM,3548104,18,18,5173,5173,3779,4033,124,130,18:32:01,1,0,117,2396,2,1079,90,72,0,3,0,19
sp,70653,SANTO ANTÔNIO DO PINHAL,3548203,20,20,6113,6113,4678,4986,136,172,19:10:41,1,1,142,2723,3,1527,128,128,2,3,0,20
sp,70670,SANTO EXPEDITO,3548302,9,0,2682,0,0,0,0,0,14:45:34,0,0,0,0,0,0,0,0,0,0,0,0
sp,70718,SANTOS,3548500,1076,878,348832,290877,211429,220722,3566,5727,19:31:42,126,80,7803,106424,130,81325,8071,5822,69,477,50,1052
sp,70696,SANTÓPOLIS DO AGUAPEÍ,3548401,11,11,3231,3231,2570,2679,33,76,18:35:16,0,0,47,1616,1,841,30,27,1,0,1,6
sp,71234,SARAPUÍ,3551108,25,16,7398,4827,3610,3867,100,157,19:29:48,1,0,105,2118,3,1262,60,56,0,4,0,1
sp,71250,SARUTAIÁ,3551207,11,11,3202,3202,2261,2378,44,73,19:14:23,0,0,56,1080,0,1062,23,29,0,5,0,6
sp,71277,SEBASTIANÓPOLIS DO SUL,3551306,9,9,3007,3007,2307,2434,60,67,18:45:14,0,1,85,1499,0,637,33,45,1,0,2,4
sp,71293,SERRA AZUL,3551405,24,24,7366,7366,5429,5719,110,180,19:14:56,0,1,194,2695,0,2349,113,58,0,6,1,12
sp,71331,SERRA NEGRA,3551603,81,81,22277,22277,16406,17278,345,527,19:02:31,5,4,460,10696,8,4418,346,399,2,10,1,57
sp,71315,SERRANA,3551504,101,101,33570,33570,24988,26433,642,803,19:07:18,4,2,953,13353,7,9465,624,455,3,40,2,80
sp,71358,SERTÃOZINHO,3551702,308,308,93301,93301,70053,74755,2000,2702,19:20:46,18,22,2541,38741,38,24907,1956,1489,10,82,7,242
sp,71374,SETE BARRAS,3551801,37,37,10260,10260,7228,7606,140,238,19:20:45,1,1,131,4398,1,2455,100,129,0,3,1,8
sp,71390,SEVERÍNIA,3551900,39,39,11642,11642,9179,9609,201,229,19:20:46,1,3,255,5495,5,3164,125,119,1,1,0,10
sp,71412,SILVEIRAS,3552007,17,17,5404,5404,4091,4324,113,120,18:39:16,1,1,129,2205,0,1510,79,158,0,3,0,5
sp,71439,SOCORRO,3552106,94,94,30482,30482,23447,24681,431,803,19:04:49,8,5,665,16614,8,4835,574,631,3,18,1,85
sp,71455,SOROCABA,3552205,1664,1664,531342,531342,394371,420351,9929,16051,19:29:47,178,102,15819,222939,259,129576,14567,8358,79,809,72,1613
sp,71471,SUD MENNUCCI,3552304,22,22,6041,6041,4389,4605,102,114,18:51:32,1,0,60,2367,0,1857,51,41,0,0,2,10
sp,71498,SUMARÉ,3552403,579,559,199975,192799,141505,149229,3421,4303,19:25:08,64,25,4636,78692,73,50944,4163,2239,24,193,26,426
sp,71510,SUZANO,3552502,718,716,235588,234865,168745,181332,5774,6813,19:24:29,99,51,6490,83023,113,67975,6164,3889,29,394,50,468
sp,61301,SUZANÁPOLIS,3552551,9,9,2988,2988,2195,2323,59,69,18:59:25,0,1,42,1124,0,969,27,30,0,0,0,2
sp,70734,SÃO BENTO DO SAPUCAÍ,3548609,32,32,9073,9073,6820,7235,164,251,18:22:20,3,0,244,4061,1,2098,195,185,0,3,2,28
sp,70750,SÃO BERNARDO DO CAMPO,3548708,2011,1671,626647,522585,384441,409087,8875,15771,19:32:08,176,98,17218,162842,337,177145,15469,8407,80,873,108,1688
sp,70777,SÃO CAETANO DO SUL,3548807,391,332,147744,125104,99479,103589,1475,2635,19:22:53,35,18,4179,53449,78,33595,4418,2791,14,195,24,683
sp,70793,SÃO CARLOS,3548906,578,578,196964,196964,140442,150391,3915,6034,19:07:55,52,34,4161,69472,140,57731,4564,3415,27,294,35,517
sp,70815,SÃO FRANCISCO,3549003,9,9,2505,2505,1894,1980,34,52,17:39:54,0,2,31,1081,0,711,25,38,0,2,0,4
sp,70890,SÃO JOAQUIM DA BARRA,3549409,104,104,35828,35828,26089,27590,710,791,18:29:18,2,5,946,14014,11,9890,575,539,6,26,8,67
sp,70912,SÃO JOSÉ DA BELA VISTA,3549508,22,22,6916,6916,4643,4945,148,154,18:09:55,0,0,101,2327,1,2052,71,79,0,3,0,9
sp,70939,SÃO JOSÉ DO BARREIRO,3549607,12,12,3579,3579,2683,2822,47,92,19:20:09,1,0,72,1225,2,1280,32,59,0,4,0,8
sp,70955,SÃO JOSÉ DO RIO PARDO,3549706,120,120,39191,39191,28069,29873,849,955,18:43:24,4,5,986,17402,10,8042,696,796,3,17,1,107
sp,70971,SÃO JOSÉ DO RIO PRETO,3549805,1041,763,344760,250032,184411,192489,3088,4990,19:30:38,58,36,6517,116713,100,50587,5164,4161,19,198,29,829
sp,70998,SÃO JOSÉ DOS CAMPOS,3549904,1561,1545,540217,533973,414742,433737,8257,10738,19:31:07,209,62,15294,237672,476,135025,14107,8548,86,639,79,2545
sp,70831,SÃO JOÃO DA BOA VISTA,3549102,202,202,67128,67128,49875,52797,1309,1613,19:29:48,17,7,1536,30945,25,14238,1366,1410,4,67,8,252
sp,70858,SÃO JOÃO DAS DUAS PONTES,3549201,8,8,2242,2242,1739,1819,42,38,18:18:44,0,1,41,850,0,809,25,12,0,1,0,0
sp,61883,SÃO JOÃO DE IRACEMA,3549250,5,5,1809,1809,1321,1365,19,25,19:00:25,0,0,37,600,0,637,17,27,0,1,0,2
sp,70874,SÃO JOÃO DO PAU D'ALHO,3549300,8,8,1906,1906,1470,1519,20,29,18:13:53,0,1,29,735,0,640,27,36,0,0,0,2
sp,61905,SÃO LOURENÇO DA SERRA,3549953,40,0,11946,0,0,0,0,0,14:45:33,0,0,0,0,0,0,0,0,0,0,0,0
sp,71013,SÃO LUÍS DO PARAITINGA,3550001,30,30,10204,10204,7622,8061,182,257,18:42:19,1,3,199,3899,4,3105,186,203,2,4,0,16
sp,71030,SÃO MANUEL,3550100,107,107,29305,29305,21394,23139,816,929,18:41:20,6,6,665,13164,12,6565,449,467,3,22,3,32
sp,71056,SÃO MIGUEL ARCANJO,3550209,80,76,24440,22912,16640,17776,449,687,19:32:07,5,7,419,10143,1,5281,340,404,1,14,2,23
sp,71072,SÃO PAULO,3550308,26683,24661,9145124,8454309,6058169,6477956,161483,258304,20:02:19,2938,1742,231430,2551153,5276,2825454,230528,162048,1531,14157,1729,30183
sp,71099,SÃO PEDRO,3550407,91,91,28554,28554,20341,21314,377,596,19:20:10,11,11,460,13897,6,5034,454,388,2,25,3,50
sp,71110,SÃO PEDRO DO TURVO,3550506,15,15,5673,5673,4282,4459,81,96,19:20:48,1,0,78,2612,0,1478,60,43,0,4,0,6
sp,71137,SÃO ROQUE,3550605,182,121,60260,39385,28819,30688,813,1056,19:29:49,19,3,1133,15237,15,10404,958,882,10,51,5,102
sp,71153,SÃO SEBASTIÃO,3550704,213,196,68037,62775,46376,48731,989,1366,19:32:07,21,19,1668,23214,20,19309,1283,641,6,62,8,125
sp,71170,SÃO SEBASTIÃO DA GRAMA,3550803,31,31,8398,8398,5996,6450,182,272,18:32:19,0,0,183,3612,2,1864,137,157,0,4,2,35
sp,71196,SÃO SIMÃO,3550902,34,34,11158,11158,8099,8562,185,278,18:51:32,1,3,371,4559,1,2718,203,210,1,9,1,22
sp,71218,SÃO VICENTE,3551009,766,573,256025,186444,129732,137292,3486,4074,19:30:38,68,34,4499,65313,81,51546,4373,3116,27,278,35,362
sp,71536,TABAPUÃ,3552601,27,27,8762,8762,6668,7108,181,259,19:16:13,2,0,129,4570,1,1748,114,90,1,1,2,10
sp,71552,TABATINGA,3552700,42,42,10716,10716,7948,8467,258,261,18:59:58,2,0,164,4883,3,2624,138,122,0,5,0,7
sp,71579,TABOÃO DA SERRA,3552809,599,597,212014,211561,159727,170183,4272,6184,19:29:47,87,43,6900,62537,116,79271,5881,3949,25,340,31,547
sp,71595,TACIBA,3552908,20,20,5069,5069,3973,4104,48,83,19:01:54,0,0,71,2098,0,1659,85,55,0,2,0,3
sp,71617,TAGUAÍ,3553005,30,30,9253,9253,7117,7444,154,173,19:22:06,1,0,205,4395,1,2279,135,92,0,5,0,4
sp,71633,TAIAÇU,3553104,15,15,4509,4509,3386,3591,104,101,19:07:18,0,0,69,1901,0,1319,48,49,0,0,0,0
sp,71650,TAIÚVA,3553203,15,15,4396,4396,3352,3489,74,63,19:07:56,0,3,102,2234,0,893,51,59,0,5,0,5
sp,71676,TAMBAÚ,3553302,51,51,15898,15898,11648,12384,337,399,19:14:58,3,3,399,6296,2,4187,315,398,1,13,1,30
sp,71692,TANABI,3553401,63,63,19937,19937,14984,15638,281,373,18:51:33,4,3,468,9496,7,4376,294,304,0,9,0,23
sp,71730,TAPIRATIBA,3553609,29,29,9228,9228,6914,7432,203,315,18:47:58,3,2,220,3626,0,2707,149,165,0,2,3,37
sp,71714,TAPIRAÍ,3553500,20,20,6269,6269,4396,4627,108,123,18:56:05,0,2,87,2520,2,1573,95,102,2,5,0,8
sp,62260,TAQUARAL,3553658,7,7,2275,2275,1775,1854,34,45,19:03:34,0,0,41,1078,0,617,16,20,0,0,0,3
sp,71757,TAQUARITINGA,3553708,125,125,38620,38620,27535,29295,878,882,18:42:20,16,10,1001,16556,13,8644,537,664,2,22,3,67
sp,71773,TAQUARITUBA,3553807,64,63,18080,17742,13186,14026,462,378,19:07:56,2,0,368,7745,3,4551,293,194,3,8,1,18
sp,61840,TAQUARIVAÍ,3553856,16,0,5121,0,0,0,0,0,14:45:35,0,0,0,0,0,0,0,0,0,0,0,0
sp,71790,TARABAI,3553906,17,17,5176,5176,3936,4110,61,113,19:15:31,1,1,101,1937,0,1742,90,53,0,2,1,8
sp,61042,TARUMÃ,3553955,35,35,11526,11526,8775,9118,163,180,19:10:40,2,0,191,5406,1,2828,156,181,0,2,0,8
sp,71811,TATUÍ,3554003,245,222,88765,80084,56067,60486,1807,2612,19:30:37,16,7,1762,36506,23,14907,1414,1242,1,80,11,98
sp,71838,TAUBATÉ,3554102,729,729,239956,239956,174354,184434,4344,5736,19:26:11,74,46,6569,104820,109,50107,6170,5173,26,267,24,969
sp,71854,TEJUPÁ,3554201,14,14,3456,3456,2586,2709,49,74,18:37:56,1,0,38,1336,1,1133,40,34,0,0,0,3
sp,71870,TEODORO SAMPAIO,3554300,55,55,17020,17020,11979,12467,217,271,19:22:52,1,3,212,5660,3,5812,162,108,0,7,0,11
sp,71897,TERRA ROXA,3554409,22,22,6363,6363,4794,5102,138,170,19:05:27,0,1,176,2805,0,1640,69,87,1,6,0,9
sp,71919,TIETÊ,3554508,98,98,29070,29070,22002,23157,437,718,18:33:25,10,4,741,14607,5,5460,592,489,2,37,9,46
sp,71935,TIMBURI,3554607,8,8,2427,2427,1788,1889,34,67,19:04:49,2,0,48,1018,1,648,28,42,0,1,0,0
sp,62049,TORRE DE PEDRA,3554656,9,9,2545,2545,1883,1988,36,69,17:52:45,1,1,44,1242,2,532,32,24,0,2,1,2
sp,71951,TORRINHA,3554706,21,21,6691,6691,5020,5337,164,153,18:36:23,0,0,101,3581,3,1150,69,96,0,7,0,13
sp,62448,TRABIJU,3554755,5,5,1649,1649,1243,1305,27,35,19:00:27,0,1,39,574,0,574,31,21,0,1,1,1
sp,71978,TREMEMBÉ,3554805,102,102,29627,29627,22451,23668,530,687,18:37:24,12,5,749,13500,4,6688,718,667,1,30,2,75
sp,71994,TRÊS FRONTEIRAS,3554904,17,17,5256,5256,3797,4041,118,126,18:44:36,2,0,77,2292,0,1274,72,73,2,2,0,3
sp,61620,TUIUTI,3554953,16,16,5542,5542,4114,4373,108,151,18:47:57,2,1,99,2803,2,1041,62,96,0,1,0,7
sp,72036,TUPI PAULISTA,3555109,41,41,10833,10833,8046,8388,130,212,18:32:20,2,3,220,5227,1,2263,150,165,0,2,4,9
sp,72010,TUPÃ,3555000,162,162,47261,47261,34365,35999,706,928,19:07:19,11,4,943,23559,3,8245,767,754,6,14,4,55
sp,72052,TURIÚBA,3555208,6,6,1661,1661,1244,1285,10,31,18:34:41,0,0,28,821,0,349,16,28,0,1,0,1
sp,72079,TURMALINA,3555307,7,7,1955,1955,1419,1500,22,59,18:54:56,0,1,38,668,0,627,28,56,0,0,0,1
sp,61468,UBARANA,3555356,14,14,4496,4496,3279,3440,62,99,18:44:35,0,0,77,1824,0,1268,55,50,0,2,0,3
sp,72095,UBATUBA,3555406,238,238,77900,77900,56014,58669,1064,1591,19:32:07,12,11,1506,33252,33,18571,1526,854,9,65,5,170
sp,72117,UBIRAJARA,3555505,12,12,3995,3995,2883,2997,52,62,18:37:25,0,1,58,1720,1,1022,41,34,0,0,1,5
sp,72133,UCHOA,3555604,29,29,8307,8307,6041,6431,154,236,18:46:42,1,0,220,3605,1,1932,119,144,0,3,0,16
sp,72150,UNIÃO PAULISTA,3555703,6,6,1703,1703,1293,1333,14,26,18:30:24,0,0,21,735,0,509,17,11,0,0,0,0
sp,72192,URU,3555901,5,5,1622,1622,1176,1235,16,43,19:07:57,0,1,20,785,0,320,13,28,0,4,0,5
sp,72214,URUPÊS,3556008,33,33,10624,10624,7958,8341,182,201,18:20:15,2,2,167,5613,0,1932,112,110,0,1,2,17
sp,72176,URÂNIA,3555802,27,27,6898,6898,5286,5589,137,166,18:12:25,0,2,84,3425,0,1590,108,67,0,0,0,10
sp,72230,VALENTIM GENTIL,3556107,31,31,10146,10146,7811,8186,156,219,18:33:25,1,1,193,4987,2,2349,162,106,2,2,0,6
sp,72257,VALINHOS,3556206,276,257,94676,87544,67747,71061,1314,2000,19:32:07,31,21,2412,40675,47,19859,2417,1637,17,102,17,512
sp,72273,VALPARAÍSO,3556305,44,44,15952,15952,10783,11240,209,248,19:12:25,1,0,215,6772,0,3446,189,143,0,3,0,14
sp,61549,VARGEM,3556354,20,20,6582,6582,4794,5133,138,201,19:01:54,2,2,196,3066,3,1294,102,99,1,2,1,26
sp,72311,VARGEM GRANDE DO SUL,3556404,93,93,30430,30430,21897,23353,785,671,18:32:16,5,5,743,13918,7,6003,516,622,1,11,3,63
sp,72737,VARGEM GRANDE PAULISTA,3556453,128,128,42997,42997,31472,33334,828,1034,19:08:28,18,7,1251,16390,22,11594,1188,828,7,56,5,106
sp,72354,VERA CRUZ,3556602,25,25,7886,7886,5826,6174,123,225,20:02:19,1,0,88,3683,1,1792,117,122,0,9,0,13
sp,72370,VINHEDO,3556701,172,71,65669,27118,20593,21413,334,486,20:02:19,10,6,740,12829,10,5423,848,510,5,45,3,164
sp,72397,VIRADOURO,3556800,47,47,13103,13103,10191,10717,238,288,18:32:18,2,2,316,6811,0,2700,162,172,1,8,1,16
sp,72419,VISTA ALEGRE DO ALTO,3556909,20,20,5990,5990,4417,4690,128,145,19:01:55,2,2,120,2747,1,1404,68,63,0,2,0,8
sp,62227,VITÓRIA BRASIL,3556958,7,7,1673,1673,1357,1433,34,42,18:45:12,0,0,23,813,0,493,10,17,0,1,0,0
sp,72435,VOTORANTIM,3557006,282,282,92608,92608,67184,71340,1757,2399,19:31:07,30,11,2595,38477,34,22000,2342,1348,16,87,13,231
sp,72451,VOTUPORANGA,3557105,243,239,68927,67796,50979,53562,975,1608,19:24:29,17,10,1383,33662,14,13650,1140,957,3,41,1,101
sp,72338,VÁRZEA PAULISTA,3556503,255,255,84729,84729,62454,66602,1672,2476,19:04:06,36,17,2528,35108,29,21261,2081,1100,2,112,10,170
sp,61921,ZACARIAS,3557154,8,8,2570,2570,1860,1957,32,65,18:33:53,0,0,31,1157,0,621,28,21,0,0,0,2
sp,61077,ÁGUAS DA PRATA,3500402,19,19,5911,5911,4499,4728,89,140,19:10:41,1,0,113,2743,1,1387,97,125,0,9,1,22
sp,61093,ÁGUAS DE LINDÓIA,3500501,48,0,14061,0,0,0,0,0,14:45:32,0,0,0,0,0,0,0,0,0,0,0,0
sp,70190,ÁGUAS DE SANTA BÁRBARA,3500550,15,15,5392,5392,3807,4011,66,138,18:48:54,2,3,94,2545,1,1024,74,55,0,1,1,7
sp,61115,ÁGUAS DE SÃO PEDRO,3500600,13,13,4335,4335,3215,3337,39,83,19:20:09,1,0,93,2037,1,904,86,72,0,5,1,15
sp,61239,ÁLVARES FLORENCE,3501202,13,13,3612,3612,2739,2875,62,74,19:24:02,0,0,46,1819,0,800,23,45,0,0,0,6
sp,61255,ÁLVARES MACHADO,3501301,58,58,17955,17955,13595,14324,343,386,19:13:23,2,2,339,8267,1,4420,256,268,2,9,5,24
sp,61271,ÁLVARO DE CARVALHO,3501400,10,10,2756,2756,1891,2069,71,107,18:43:24,0,1,38,1024,1,762,30,32,0,0,0,3
sp,67776,ÓLEO,3533809,10,10,2420,2420,1839,1929,36,54,19:02:32,1,0,67,1129,2,566,28,45,0,1,0,0
to,73008,ABREULÂNDIA,1700251,10,10,2525,2525,1972,2037,13,52,18:16:11,0,0,28,1013,0,884,20,27,0,0,0,0
to,73512,AGUIARNÓPOLIS,1700301,15,15,3952,3952,3048,3162,20,94,18:23:54,0,2,76,1221,0,1660,55,30,0,1,1,2
to,96954,ALIANÇA DO TOCANTINS,1700350,18,18,4304,4304,3292,3420,35,93,19:02:47,0,1,74,1738,0,1361,25,91,0,1,0,1
to,92070,ALMAS,1700400,23,23,5592,5592,4300,4508,39,169,18:24:57,0,0,91,1590,0,2446,37,131,0,1,1,3
to,92134,ALVORADA,1700707,31,31,8052,8052,5975,6210,41,194,18:22:49,0,2,80,3557,0,2101,81,151,1,2,0,0
to,92193,ANANÁS,1701002,32,32,7593,7593,6118,6342,55,169,18:44:23,0,0,135,2493,0,3337,54,96,0,2,0,1
to,73075,ANGICO,1701051,11,11,2806,2806,2212,2275,14,49,18:54:39,0,0,46,985,0,1101,33,47,0,0,0,0
to,96970,APARECIDA DO RIO NEGRO,1701101,18,18,4670,4670,3870,4006,27,109,18:13:32,0,0,87,1997,0,1683,29,72,0,1,0,1
to,73334,ARAGOMINAS,1701309,20,20,4450,4450,3519,3646,28,99,19:12:41,1,1,54,1484,0,1882,27,67,0,1,0,2
to,92371,ARAGUACEMA,1701903,20,20,5135,5135,3909,4069,21,139,18:57:35,0,2,67,1647,0,2084,26,82,0,0,0,1
to,73318,ARAGUANÃ,1702158,16,16,3552,3552,2837,2919,11,71,18:43:13,1,1,48,1397,0,1321,31,38,0,0,0,0
to,92436,ARAGUATINS,1702208,84,84,22359,22359,16965,17698,155,578,19:22:33,5,3,512,7176,5,8731,276,238,0,7,0,12
to,92398,ARAGUAÇU,1702000,25,25,6645,6645,5052,5239,29,158,19:11:44,2,1,62,3585,0,1177,44,174,0,1,0,6
to,92410,ARAGUAÍNA,1702109,416,388,124170,115870,92820,96476,1080,2576,19:32:13,27,10,2477,53336,15,32922,1916,1948,17,63,11,78
to,92452,ARAPOEMA,1702307,21,21,4628,4628,3461,3613,26,126,19:11:18,1,1,61,1658,0,1638,31,70,0,0,0,1
to,92479,ARRAIAS,1702406,34,34,8201,8201,5905,6222,41,276,19:03:09,1,1,90,1650,0,3928,39,192,0,3,1,0
to,96857,AUGUSTINÓPOLIS,1702554,47,47,13639,13639,10464,10941,105,372,19:14:52,4,4,250,4391,0,5553,144,115,0,2,0,1
to,92533,AURORA DO TOCANTINS,1702703,13,13,3314,3314,2435,2599,25,139,17:29:30,0,0,46,990,0,1288,28,82,0,1,0,0
to,92576,AXIXÁ DO TOCANTINS,1702901,39,39,9184,9184,7187,7500,54,259,18:56:33,0,0,100,2982,0,3979,40,85,0,0,0,1
to,92592,BABAÇULÂNDIA,1703008,31,31,6651,6651,5394,5646,60,192,19:16:11,2,1,89,1916,0,3268,38,78,0,0,0,2
to,73580,BANDEIRANTES DO TOCANTINS,1703057,13,13,2799,2799,2329,2389,14,46,18:27:08,0,0,53,1308,0,906,27,35,0,0,0,0
to,73610,BARRA DO OURO,1703073,14,14,4021,4021,3116,3265,18,131,19:25:19,1,1,45,1263,0,1758,16,32,0,0,0,0
to,96997,BARROLÂNDIA,1703107,18,18,4903,4903,3930,4083,42,111,18:30:15,0,0,77,2004,0,1710,30,107,0,0,0,2
to,92002,BERNARDO SAYÃO,1703206,17,17,3604,3604,2892,3002,19,91,17:52:44,1,0,48,1602,0,1155,31,54,0,1,0,0
to,73121,BOM JESUS DO TOCANTINS,1703305,15,15,3672,3672,2997,3122,21,104,18:10:52,0,2,54,1483,1,1390,26,38,0,3,0,0
to,73245,BRASILÂNDIA DO TOCANTINS,1703602,10,10,1994,1994,1597,1666,11,58,18:41:08,0,1,37,762,0,752,19,26,0,0,0,0
to,92738,BREJINHO DE NAZARÉ,1703701,16,15,4228,3939,3122,3253,27,104,18:41:08,1,0,47,1517,0,1427,15,113,0,1,0,1
to,92045,BURITI DO TOCANTINS,1703800,24,24,6689,6689,5314,5527,33,180,19:08:20,1,2,113,2296,0,2793,42,62,0,4,0,1
to,73067,CACHOEIRINHA,1703826,8,8,2029,2029,1618,1661,7,36,17:31:44,0,0,63,553,0,968,11,23,0,0,0,0
to,73091,CAMPOS LINDOS,1703842,25,25,6887,6887,5494,5710,34,182,19:08:20,0,0,160,2434,0,2712,56,131,0,0,0,1
to,73300,CARIRI DO TOCANTINS,1703867,12,12,3798,3798,2950,3047,19,78,18:46:31,1,0,60,1621,0,1184,22,61,0,0,0,1
to,73326,CARMOLÂNDIA,1703883,8,8,2413,2413,1899,1973,11,63,18:38:43,0,0,51,809,0,998,20,21,0,0,0,0
to,73423,CARRASCO BONITO,1703891,14,14,3567,3567,2676,2807,17,114,19:07:10,0,0,34,1031,0,1575,25,9,0,0,1,1
to,92088,CASEARA,1703909,13,13,3951,3951,3136,3247,18,93,18:50:13,1,1,66,1518,0,1470,19,60,1,0,0,0
to,73210,CENTENÁRIO,1704105,8,8,1930,1930,1528,1592,6,58,18:12:20,0,0,28,599,0,858,12,31,0,0,0,0
to,73482,CHAPADA DA NATIVIDADE,1705102,12,12,3103,3103,2356,2481,21,104,18:38:43,0,0,65,688,0,1550,7,44,0,1,0,1
to,73474,CHAPADA DE AREIA,1704600,9,9,2545,2545,1963,2012,11,38,18:31:51,1,0,65,1063,0,767,13,53,0,1,0,0
to,93114,COLINAS DO TOCANTINS,1705508,91,91,25353,25353,19520,20223,204,499,19:20:55,3,4,403,11628,2,6858,251,348,1,13,3,6
to,95290,COLMÉIA,1716703,29,28,6526,6219,4963,5171,43,165,18:47:44,0,0,76,3015,0,1727,40,100,0,1,0,4
to,92142,COMBINADO,1705557,14,14,3892,3892,3125,3263,29,109,18:39:53,0,1,71,1548,0,1339,25,141,0,0,0,0
to,93130,CONCEIÇÃO DO TOCANTINS,1705607,16,16,3643,3643,2568,2715,15,132,17:35:03,0,1,34,781,0,1636,9,103,1,1,1,1
to,93211,COUTO MAGALHÃES,1706001,18,18,4816,4816,3728,3843,20,95,18:18:43,3,1,50,1624,0,1989,21,39,0,0,0,1
to,93238,CRISTALÂNDIA,1706100,23,23,5530,5530,4398,4516,20,98,18:10:52,0,0,92,2327,1,1834,31,106,0,1,0,6
to,73555,CRIXÁS DO TOCANTINS,1706258,7,7,1827,1827,1422,1466,7,37,18:15:16,0,0,23,679,0,679,8,32,0,1,0,0
to,73032,DARCINÓPOLIS,1706506,17,17,4743,4743,3703,3828,23,102,19:02:27,0,0,75,1600,0,1929,30,66,0,2,0,1
to,93416,DIANÓPOLIS,1707009,51,51,13191,13191,10009,10516,125,382,18:21:52,1,0,338,3935,0,5368,112,248,0,1,2,4
to,92185,DIVINÓPOLIS DO TOCANTINS,1707108,22,22,5779,5779,4465,4675,40,170,18:25:54,0,0,103,2153,0,2086,49,72,0,1,1,0
to,93459,DOIS IRMÃOS DO TOCANTINS,1707207,18,18,5082,5082,3933,4100,24,143,18:38:43,0,0,105,1712,0,1986,25,103,0,1,0,1
to,93475,DUERÉ,1707306,17,17,3669,3669,2865,2966,24,77,17:55:45,0,0,49,1307,1,1352,46,102,1,1,0,6
to,73296,ESPERANTINA,1707405,24,20,6625,5368,4057,4200,26,117,19:10:36,1,0,75,1222,0,2671,47,41,0,0,0,0
to,96679,FIGUEIRÓPOLIS,1707652,18,18,4679,4679,3610,3723,25,88,18:59:45,1,2,49,2037,0,1365,44,107,1,1,0,3
to,93556,FILADÉLFIA,1707702,29,29,6244,6244,4833,5028,37,158,18:44:23,2,0,61,1965,0,2649,57,91,0,3,1,4
to,93653,FORMOSO DO ARAGUAIA,1708205,59,59,14141,14141,10805,11167,85,277,18:38:43,1,2,168,6319,0,4014,70,224,0,1,0,6
to,96830,FÁTIMA,1707553,12,12,3389,3389,2619,2718,30,69,17:53:54,0,0,48,1482,0,1010,22,55,0,0,1,1
to,92240,GOIANORTE,1708304,18,18,4496,4496,3640,3747,21,86,18:49:58,0,0,81,1893,0,1516,24,124,0,1,1,0
to,95338,GOIATINS,1709005,34,34,8809,8809,6988,7313,48,277,19:20:55,0,1,114,2163,0,4537,44,128,0,0,1,0
to,96270,GUARAÍ,1709302,64,64,17602,17602,14075,14604,111,418,18:17:49,2,2,339,7851,0,5367,195,313,1,2,0,3
to,93858,GURUPI,1709500,218,218,61239,61239,47419,49136,563,1154,18:36:12,9,7,1051,28803,5,15383,663,1420,4,28,5,41
to,73598,IPUEIRAS,1709807,8,8,1997,1997,1557,1603,9,37,18:12:03,0,0,28,527,0,965,4,33,0,0,0,0
to,94056,ITACAJÁ,1710508,22,22,5446,5446,4451,4612,29,132,18:31:51,0,0,63,1737,0,2542,28,79,0,1,0,1
to,94099,ITAGUATINS,1710706,25,25,4717,4717,3743,3890,21,126,18:25:54,0,0,64,1330,0,2252,41,54,0,1,0,1
to,73202,ITAPIRATINS,1710904,12,12,3403,3403,2749,2873,16,108,18:37:14,0,1,155,1106,0,1439,17,30,1,0,0,0
to,94170,ITAPORÃ DO TOCANTINS,1711100,10,10,2703,2703,2174,2234,16,44,18:15:02,0,0,45,1055,0,1022,7,45,0,0,0,0
to,73369,JAÚ DO TOCANTINS,1711506,14,14,3092,3092,2343,2434,20,71,18:18:43,1,0,25,1165,0,1083,7,60,0,0,0,2
to,73253,JUARINA,1711803,10,10,2277,2277,1808,1869,17,44,18:10:51,0,0,43,812,1,901,15,35,0,0,0,1
to,73385,LAGOA DA CONFUSÃO,1711902,37,37,10221,10221,8077,8235,30,128,19:20:55,1,0,135,4535,0,3194,83,128,0,1,0,0
to,73113,LAGOA DO TOCANTINS,1711951,15,15,3307,3307,2651,2774,19,104,18:57:35,0,1,87,1060,2,1443,17,41,0,0,0,0
to,73407,LAJEADO,1712009,18,18,3504,3504,2773,2843,21,49,18:21:53,0,0,54,1432,1,1187,30,67,0,1,0,1
to,73601,LAVANDEIRA,1712157,7,7,2002,2002,1577,1654,13,64,18:22:11,0,0,38,630,1,807,23,75,1,0,1,1
to,95699,LIZARDA,1712405,15,15,3099,3099,2244,2382,14,124,18:31:51,1,0,57,727,0,1412,11,35,0,1,0,0
to,73520,LUZINÓPOLIS,1712454,10,10,2601,2601,2093,2196,11,92,18:42:04,0,1,63,870,0,1109,22,26,0,1,0,1
to,92304,MARIANÓPOLIS DO TOCANTINS,1712504,16,16,3803,3803,2925,3046,29,92,18:36:12,0,1,48,1528,0,1265,30,50,0,2,0,1
to,73270,MATEIROS,1712702,10,10,2000,2000,1523,1588,13,52,19:14:52,0,0,23,494,0,984,8,14,0,0,0,0
to,73059,MAURILÂNDIA DO TOCANTINS,1712801,14,14,3586,3586,2778,2907,18,111,19:31:52,0,0,74,786,1,1869,21,25,0,0,0,2
to,94617,MIRACEMA DO TOCANTINS,1713205,65,65,14418,14418,11154,11631,107,370,18:17:12,5,2,326,4603,1,5810,136,249,1,7,0,14
to,94633,MIRANORTE,1713304,38,38,10079,10079,7878,8207,65,264,19:13:45,0,0,186,4303,1,3139,77,165,0,2,1,4
to,94692,MONTE DO CARMO,1713601,23,23,5125,5125,3920,4064,25,119,19:09:25,0,0,108,1709,0,1977,22,102,1,1,0,0
to,73563,MONTE SANTO DO TOCANTINS,1713700,10,10,2559,2559,1989,2066,18,59,18:36:12,1,0,16,1199,0,702,10,60,0,0,0,1
to,73342,MURICILÂNDIA,1713957,11,11,2874,2874,2292,2365,11,62,18:48:41,0,0,41,939,1,1254,26,24,0,0,1,6
to,94811,NATIVIDADE,1714203,30,30,6806,6806,5088,5354,41,225,19:09:24,1,1,131,2187,0,2522,40,203,0,2,0,1
to,94838,NAZARÉ,1714302,15,15,4125,4125,3339,3475,27,109,18:55:47,1,0,86,968,0,2150,56,75,0,3,0,0
to,96636,NOVA OLINDA,1714880,33,33,8132,8132,6456,6728,58,214,19:07:10,0,0,137,3064,0,3104,60,89,1,1,0,0
to,92401,NOVA ROSALÂNDIA,1715002,10,10,2880,2880,2333,2413,17,63,18:31:51,0,0,47,1312,0,901,38,34,0,0,0,1
to,94994,NOVO ACORDO,1715101,16,15,4119,3840,3017,3156,20,119,18:16:12,0,0,58,1509,0,1371,23,55,0,0,0,1
to,73148,NOVO ALEGRE,1715150,7,7,2099,2099,1532,1629,14,83,18:00:37,0,1,32,572,0,820,23,84,0,0,0,0
to,73172,NOVO JARDIM,1715259,10,10,2344,2344,1745,1819,11,63,17:59:26,0,0,34,614,0,1034,20,43,0,0,0,0
to,73466,OLIVEIRA DE FÁTIMA,1715507,6,6,1692,1692,1346,1383,9,28,18:28:20,0,0,22,657,0,632,13,22,0,0,0,0
to,73440,PALMAS,1721000,673,672,219783,219429,177665,182971,1844,3462,19:09:25,49,20,5731,103533,42,59400,4163,4323,12,133,15,244
to,73083,PALMEIRANTE,1715705,19,19,4317,4317,3419,3558,21,118,18:27:08,0,1,65,1367,0,1886,26,73,1,0,0,0
to,73040,PALMEIRAS DO TOCANTINS,1713809,16,16,4232,4232,3319,3438,23,96,17:52:44,0,0,62,1336,0,1841,33,46,1,0,0,0
to,96490,PALMEIRÓPOLIS,1715754,22,22,6163,6163,4792,4986,40,154,19:02:27,1,0,58,2777,0,1716,53,184,0,0,1,2
to,95214,PARANÃ,1716208,34,34,8577,8577,6059,6437,29,349,19:04:35,0,3,103,1562,0,4160,34,191,0,2,0,4
to,95192,PARAÍSO DO TOCANTINS,1716109,135,122,36056,32405,25347,26260,291,622,19:32:14,10,2,533,17269,5,6597,356,552,4,3,3,13
to,73261,PAU D'ARCO,1716307,16,16,3551,3551,2807,2897,15,75,19:10:58,1,0,56,1331,0,1333,18,67,0,1,0,0
to,95257,PEDRO AFONSO,1716505,47,47,10799,10799,8443,8757,64,250,18:35:05,1,2,195,4586,3,3415,94,141,0,3,1,2
to,95273,PEIXE,1716604,30,30,7284,7284,5533,5747,28,186,18:50:13,2,0,116,2029,1,3189,50,144,0,0,1,1
to,92487,PEQUIZEIRO,1716653,16,16,4371,4371,3528,3635,20,87,19:07:10,0,0,59,1616,0,1786,22,42,0,2,0,1
to,95370,PINDORAMA DO TOCANTINS,1717008,16,16,3710,3710,2876,3002,13,113,17:51:34,0,0,43,1283,0,1463,23,63,1,0,0,0
to,73016,PIRAQUÊ,1717206,12,12,2394,2394,1906,1956,6,44,18:33:55,0,0,41,826,0,983,15,39,0,1,1,0
to,95478,PIUM,1717503,23,23,5965,5965,4564,4706,27,115,18:12:20,0,0,80,2519,0,1825,40,99,0,0,0,1
to,95516,PONTE ALTA DO BOM JESUS,1717800,14,14,3642,3642,2798,2922,19,105,18:33:54,0,1,69,1014,0,1609,14,88,0,0,0,3
to,95532,PONTE ALTA DO TOCANTINS,1717909,24,24,5628,5628,4326,4528,32,170,18:37:14,2,2,77,2221,0,1852,26,141,0,1,0,4
to,92509,PORTO ALEGRE DO TOCANTINS,1718006,12,12,2639,2639,1977,2069,21,71,17:36:55,0,0,61,705,0,1140,14,49,0,1,0,7
to,95591,PORTO NACIONAL,1718204,166,165,47070,46757,37077,38403,372,954,19:08:38,7,4,1178,18464,4,16093,476,789,6,34,2,20
to,92525,PRAIA NORTE,1718303,24,24,5873,5873,4451,4644,38,155,18:44:43,1,1,96,1475,0,2766,52,57,0,2,0,1
to,96296,PRESIDENTE KENNEDY,1718402,12,12,2825,2825,2243,2353,17,93,18:24:57,2,1,55,1067,0,1051,10,55,0,1,0,1
to,73571,PUGMIL,1718451,9,9,2328,2328,1870,1923,12,41,17:51:50,0,0,54,1038,0,743,15,19,0,0,0,1
to,73229,RECURSOLÂNDIA,1718501,12,12,2936,2936,2428,2485,10,47,17:51:50,0,0,42,760,0,1591,11,24,0,0,0,0
to,73024,RIACHINHO,1718550,16,16,3503,3503,2856,2929,13,60,18:16:12,0,0,49,1220,0,1535,22,29,0,0,1,0
to,73431,RIO DA CONCEIÇÃO,1718659,9,9,2139,2139,1519,1580,15,46,17:39:55,0,0,39,527,0,894,16,40,1,0,0,2
to,73415,RIO DOS BOIS,1718709,10,10,2668,2668,2075,2164,13,76,17:38:24,0,1,44,840,1,1142,13,32,0,0,1,1
to,96792,RIO SONO,1718758,19,18,4294,4001,3375,3452,14,63,18:26:04,0,0,62,1587,0,1655,14,56,0,0,1,0
to,92541,SAMPAIO,1718808,14,14,4157,4157,2989,3139,27,123,19:20:55,0,0,47,966,0,1927,20,28,0,1,0,0
to,73156,SANDOLÂNDIA,1718840,15,15,3566,3566,2672,2769,11,86,18:23:28,0,0,24,1523,0,1002,15,104,0,0,1,3
to,73350,SANTA FÉ DO ARAGUAIA,1718865,22,22,5526,5526,4363,4527,20,144,19:10:58,0,0,62,2038,0,2164,34,63,0,0,0,2
to,73130,SANTA MARIA DO TOCANTINS,1718881,11,11,2546,2546,2036,2090,4,50,17:44:56,0,0,42,1050,0,897,13,33,0,1,0,0
to,73547,SANTA RITA DO TOCANTINS,1718899,8,8,2126,2126,1636,1676,8,32,17:44:56,0,0,54,898,0,643,4,35,0,1,1,0
to,92584,SANTA ROSA DO TOCANTINS,1718907,18,17,4257,4112,3224,3362,29,109,18:34:56,0,1,65,1207,0,1863,17,69,0,1,0,1
to,92606,SANTA TEREZA DO TOCANTINS,1719004,13,13,3061,3061,2492,2598,14,92,18:17:48,0,0,60,1296,0,1049,17,70,0,0,0,0
to,73539,SANTA TEREZINHA DO TOCANTINS,1720002,8,8,2106,2106,1639,1710,12,59,19:11:45,0,0,58,601,1,913,13,52,0,1,0,0
to,96598,SILVANÓPOLIS,1720655,17,17,4865,4865,3886,4025,28,111,19:13:45,1,0,59,1827,1,1834,36,124,0,2,0,2
to,73377,SUCUPIRA,1720853,7,7,1762,1762,1412,1475,10,53,19:10:36,1,0,28,725,0,608,12,35,0,1,0,2
to,73288,SÃO BENTO DO TOCANTINS,1720101,21,21,5456,5456,4229,4377,41,107,18:57:35,0,1,115,1476,0,2518,50,67,0,1,0,1
to,73105,SÃO FÉLIX DO TOCANTINS,1720150,8,8,1852,1852,1497,1560,7,56,17:31:44,0,0,45,510,0,878,18,45,0,0,0,1
to,73180,SÃO MIGUEL DO TOCANTINS,1720200,35,35,9833,9833,8168,8416,54,194,19:32:14,1,0,222,3258,0,4432,137,114,1,1,0,2
to,73393,SÃO SALVADOR DO TOCANTINS,1720259,12,12,2701,2701,1883,1961,5,73,17:54:11,0,2,21,586,0,1155,15,102,0,0,1,1
to,96032,SÃO SEBASTIÃO DO TOCANTINS,1720309,13,13,3364,3364,2624,2729,20,85,18:36:13,0,0,42,812,0,1712,34,22,1,1,0,0
to,92681,SÃO VALÉRIO,1720499,16,16,4075,4075,3058,3174,21,95,18:38:27,0,0,75,1087,0,1792,24,75,0,1,0,4
to,96130,SÍTIO NOVO DO TOCANTINS,1720804,33,33,8078,8078,6504,6730,55,171,18:27:08,0,1,133,2187,0,3992,94,96,0,0,0,1
to,73199,TABOCÃO,1708254,11,11,3073,3073,2382,2483,20,81,18:20:12,0,0,42,1131,0,1114,27,66,1,0,0,1
to,96156,TAGUATINGA,1720903,46,46,11231,11231,8347,8816,76,393,18:43:14,0,2,148,3353,0,4524,75,241,0,4,0,0
to,73164,TAIPAS DO TOCANTINS,1720937,7,7,2033,2033,1405,1488,16,67,18:15:02,0,0,23,366,0,973,15,27,0,1,0,0
to,73504,TALISMÃ,1720978,12,12,2560,2560,1869,1935,10,56,19:23:51,0,0,28,1008,0,763,14,55,0,0,1,0
to,96210,TOCANTINÓPOLIS,1721208,67,67,16077,16077,12882,13360,131,347,18:49:58,3,1,263,4330,0,7921,189,167,0,6,0,2
to,96199,TOCANTÍNIA,1721109,28,28,5453,5453,4563,4696,22,111,18:31:51,0,0,52,1234,0,3206,27,42,0,0,0,2
to,73458,TUPIRAMA,1721257,8,8,1851,1851,1449,1511,17,45,17:36:54,1,0,28,619,0,770,11,19,0,0,0,1
to,73237,TUPIRATINS,1721307,7,7,1797,1797,1392,1457,15,50,17:47:46,0,1,47,526,1,798,3,16,0,0,0,0
to,96652,WANDERLÂNDIA,1722081,30,30,7391,7391,5716,5987,50,221,18:47:44,1,1,100,2519,0,2933,84,72,0,2,0,4
to,96431,XAMBIOÁ,1722107,35,35,8639,8639,6861,7075,42,172,17:49:25,1,1,92,3568,1,3006,109,77,1,1,1,3
