cd_tse,uf,id_ibge7,id_ibge6,siafi,nome,capital,regiao
01007,ac,1200138,120013,0645,Bujari,0,Norte
01015,ac,1200179,120017,0647,Capixaba,0,Norte
01023,ac,1200807,120080,0649,Porto Acre,0,Norte
01031,ac,1200435,120043,0661,Santa Rosa do Purus,0,Norte
01040,ac,1200351,120035,0655,Marechal Thaumaturgo,0,Norte
01058,ac,1200104,120010,0105,Brasiléia,0,Norte
01066,ac,1200393,120039,0657,Porto Walter,0,Norte
01074,ac,1200203,120020,0107,Cruzeiro do Sul,0,Norte
01082,ac,1200427,120042,0659,Rodrigues Alves,0,Norte
01090,ac,1200336,120033,0109,Mâncio Lima,0,Norte
01104,ac,1200328,120032,0653,Jordão,0,Norte
01112,ac,1200252,120025,0651,Epitaciolândia,0,Norte
01120,ac,1200013,120001,0643,Acrelândia,0,Norte
01139,ac,1200302,120030,0113,Feijó,0,Norte
01392,ac,1200401,120040,0139,Rio Branco,1,Norte
01457,ac,1200500,120050,0145,Sena Madureira,0,Norte
01473,ac,1200609,120060,0147,Tarauacá,0,Norte
01490,ac,1200708,120070,0149,Xapuri,0,Norte
01511,ac,1200385,120038,0151,Plácido de Castro,0,Norte
01538,ac,1200450,120045,0153,Senador Guiomard,0,Norte
01554,ac,1200344,120034,0155,Manoel Urbano,0,Norte
01570,ac,1200054,120005,0157,Assis Brasil,0,Norte
27006,al,2706448,270644,2641,Paripueira,0,Nordeste
27014,al,2700102,270010,2701,Água Branca,0,Nordeste
27022,al,2706422,270642,2645,Pariconha,0,Nordeste
27030,al,2700201,270020,2703,Anadia,0,Nordeste
27049,al,2702553,270255,2643,Estrela de Alagoas,0,Nordeste
27057,al,2700300,270030,2705,Arapiraca,0,Nordeste
27065,al,2703759,270375,0562,Jequiá da Praia,0,Nordeste
27073,al,2700409,270040,2707,Atalaia,0,Nordeste
27081,al,2701357,270135,0560,Campestre,0,Nordeste
27090,al,2700508,270050,2709,Barra de Santo Antônio,0,Nordeste
27111,al,2700607,270060,2711,Barra de São Miguel,0,Nordeste
27138,al,2700706,270070,2713,Batalha,0,Nordeste
27154,al,2700805,270080,2715,Belém,0,Nordeste
27170,al,2700904,270090,2717,Belo Monte,0,Nordeste
27197,al,2701001,270100,2719,Boca da Mata,0,Nordeste
27219,al,2701100,270110,2721,Branquinha,0,Nordeste
27235,al,2701209,270120,2723,Cacimbinhas,0,Nordeste
27251,al,2701308,270130,2725,Cajueiro,0,Nordeste
27278,al,2701407,270140,2727,Campo Alegre,0,Nordeste
27294,al,2701506,270150,2729,Campo Grande,0,Nordeste
27316,al,2701605,270160,2731,Canapi,0,Nordeste
27332,al,2701704,270170,2733,Capela,0,Nordeste
27359,al,2701803,270180,2735,Carneiros,0,Nordeste
27375,al,2701902,270190,2737,Chã Preta,0,Nordeste
27391,al,2702009,270200,2739,Coité do Nóia,0,Nordeste
27413,al,2702108,270210,2741,Colônia Leopoldina,0,Nordeste
27430,al,2702207,270220,2743,Coqueiro Seco,0,Nordeste
27456,al,2702306,270230,2745,Coruripe,0,Nordeste
27472,al,2702405,270240,2747,Delmiro Gouveia,0,Nordeste
27499,al,2702504,270250,2749,Dois Riachos,0,Nordeste
27510,al,2702603,270260,2751,Feira Grande,0,Nordeste
27537,al,2702702,270270,2753,Feliz Deserto,0,Nordeste
27553,al,2702801,270280,2755,Flexeiras,0,Nordeste
27570,al,2702900,270290,2757,Girau do Ponciano,0,Nordeste
27596,al,2703007,270300,2759,Ibateguara,0,Nordeste
27618,al,2703106,270310,2761,Igaci,0,Nordeste
27634,al,2703205,270320,2763,Igreja Nova,0,Nordeste
27650,al,2703304,270330,2765,Inhapi,0,Nordeste
27677,al,2703403,270340,2767,Jacaré dos Homens,0,Nordeste
27693,al,2703502,270350,2769,Jacuípe,0,Nordeste
27715,al,2703601,270360,2771,Japaratinga,0,Nordeste
27731,al,2703700,270370,2773,Jaramataia,0,Nordeste
27758,al,2703809,270380,2775,Joaquim Gomes,0,Nordeste
27774,al,2703908,270390,2777,Jundiá,0,Nordeste
27790,al,2704005,270400,2779,Junqueiro,0,Nordeste
27812,al,2704104,270410,2781,Lagoa da Canoa,0,Nordeste
27839,al,2704203,270420,2783,Limoeiro de Anadia,0,Nordeste
27855,al,2704302,270430,2785,Maceió,1,Nordeste
27871,al,2704401,270440,2787,Major Isidoro,0,Nordeste
27898,al,2704500,270450,2789,Maragogi,0,Nordeste
27910,al,2704609,270460,2791,Maravilha,0,Nordeste
27936,al,2704708,270470,2793,Marechal Deodoro,0,Nordeste
27952,al,2704807,270480,2795,Maribondo,0,Nordeste
27979,al,2704906,270490,2797,Mar Vermelho,0,Nordeste
27995,al,2705002,270500,2799,Mata Grande,0,Nordeste
28010,al,2705101,270510,2801,Matriz de Camaragibe,0,Nordeste
28037,al,2705200,270520,2803,Messias,0,Nordeste
28053,al,2705309,270530,2805,Minador do Negrão,0,Nordeste
28070,al,2705408,270540,2807,Monteirópolis,0,Nordeste
28096,al,2705507,270550,2809,Murici,0,Nordeste
28118,al,2705606,270560,2811,Novo Lino,0,Nordeste
28134,al,2705705,270570,2813,Olho d'Água das Flores,0,Nordeste
28150,al,2705804,270580,2815,Olho d'Água do Casado,0,Nordeste
28177,al,2705903,270590,2817,Olho d'Água Grande,0,Nordeste
28193,al,2706000,270600,2819,Olivença,0,Nordeste
28215,al,2706109,270610,2821,Ouro Branco,0,Nordeste
28231,al,2706208,270620,2823,Palestina,0,Nordeste
28258,al,2706307,270630,2825,Palmeira dos Índios,0,Nordeste
28274,al,2706406,270640,2827,Pão de Açúcar,0,Nordeste
28290,al,2706505,270650,2829,Passo de Camaragibe,0,Nordeste
28312,al,2706604,270660,2831,Paulo Jacinto,0,Nordeste
28339,al,2706703,270670,2833,Penedo,0,Nordeste
28355,al,2706802,270680,2835,Piaçabuçu,0,Nordeste
28371,al,2706901,270690,2837,Pilar,0,Nordeste
28398,al,2707008,270700,2839,Pindoba,0,Nordeste
28410,al,2707107,270710,2841,Piranhas,0,Nordeste
28436,al,2707206,270720,2843,Poço das Trincheiras,0,Nordeste
28452,al,2707305,270730,2845,Porto Calvo,0,Nordeste
28479,al,2707404,270740,2847,Porto de Pedras,0,Nordeste
28495,al,2707503,270750,2849,Porto Real do Colégio,0,Nordeste
28517,al,2707602,270760,2851,Quebrangulo,0,Nordeste
28533,al,2707701,270770,2853,Rio Largo,0,Nordeste
28550,al,2707800,270780,2855,Roteiro,0,Nordeste
28576,al,2707909,270790,2857,Santa Luzia do Norte,0,Nordeste
28592,al,2708006,270800,2859,Santana do Ipanema,0,Nordeste
28614,al,2708105,270810,2861,Santana do Mundaú,0,Nordeste
28630,al,2708204,270820,2863,São Brás,0,Nordeste
28657,al,2708303,270830,2865,São José da Laje,0,Nordeste
28673,al,2708402,270840,2867,São José da Tapera,0,Nordeste
28690,al,2708501,270850,2869,São Luís do Quitunde,0,Nordeste
28711,al,2708600,270860,2871,São Miguel dos Campos,0,Nordeste
28738,al,2708709,270870,2873,São Miguel dos Milagres,0,Nordeste
28754,al,2708808,270880,2875,São Sebastião,0,Nordeste
28770,al,2708907,270890,2877,Satuba,0,Nordeste
28797,al,2709004,270900,2879,Tanque d'Arca,0,Nordeste
28819,al,2709103,270910,2881,Taquarana,0,Nordeste
28835,al,2709202,270920,2883,Traipu,0,Nordeste
28851,al,2709301,270930,2885,União dos Palmares,0,Nordeste
28878,al,2709400,270940,2887,Viçosa,0,Nordeste
28894,al,2702355,270235,2889,Craíbas,0,Nordeste
28916,al,2708956,270895,2891,Senador Rui Palmeira,0,Nordeste
28932,al,2709152,270915,0971,Teotônio Vilela,0,Nordeste
02003,am,1300144,130014,0969,Apuí,0,Norte
02011,am,1303205,130320,0201,Novo Airão,0,Norte
02020,am,1301654,130165,0967,Guajará,0,Norte
02038,am,1300102,130010,0203,Anori,0,Norte
02046,am,1301159,130115,0965,Careiro da Várzea,0,Norte
02054,am,1300201,130020,0205,Atalaia do Norte,0,Norte
02070,am,1300300,130030,0207,Autazes,0,Norte
02097,am,1300409,130040,0209,Barcelos,0,Norte
02119,am,1300508,130050,0211,Barreirinha,0,Norte
02135,am,1300607,130060,0213,Benjamin Constant,0,Norte
02151,am,1300706,130070,0215,Boca do Acre,0,Norte
02178,am,1300805,130080,0217,Borba,0,Norte
02194,am,1300904,130090,0219,Canutama,0,Norte
02216,am,1301001,130100,0221,Carauari,0,Norte
02232,am,1301100,130110,0223,Careiro,0,Norte
02259,am,1301209,130120,0225,Coari,0,Norte
02275,am,1301308,130130,0227,Codajás,0,Norte
02291,am,1301407,130140,0229,Eirunepé,0,Norte
02313,am,1301506,130150,0231,Envira,0,Norte
02330,am,1301605,130160,0233,Fonte Boa,0,Norte
02356,am,1301704,130170,0235,Humaitá,0,Norte
02372,am,1303601,130360,0237,Santa Isabel do Rio Negro,0,Norte
02399,am,1301803,130180,0239,Ipixuna,0,Norte
02410,am,1301902,130190,0241,Itacoatiara,0,Norte
02437,am,1302009,130200,0243,Itapiranga,0,Norte
02453,am,1302108,130210,0245,Japurá,0,Norte
02470,am,1302207,130220,0247,Juruá,0,Norte
02496,am,1302306,130230,0249,Jutaí,0,Norte
02518,am,1302405,130240,0251,Lábrea,0,Norte
02534,am,1302504,130250,0253,Manacapuru,0,Norte
02550,am,1302603,130260,0255,Manaus,1,Norte
02577,am,1302702,130270,0257,Manicoré,0,Norte
02593,am,1302801,130280,0259,Maraã,0,Norte
02615,am,1302900,130290,0261,Maués,0,Norte
02631,am,1303007,130300,0263,Nhamundá,0,Norte
02658,am,1303106,130310,0265,Nova Olinda do Norte,0,Norte
02674,am,1303304,130330,0267,Novo Aripuanã,0,Norte
02690,am,1303403,130340,0269,Parintins,0,Norte
02712,am,1303502,130350,0271,Pauini,0,Norte
02739,am,1303700,130370,0273,Santo Antônio do Içá,0,Norte
02755,am,1303908,130390,0275,São Paulo de Olivença,0,Norte
02771,am,1304005,130400,0277,Silves,0,Norte
02798,am,1304104,130410,0279,Tapauá,0,Norte
02810,am,1304203,130420,0281,Tefé,0,Norte
02836,am,1303809,130380,0283,São Gabriel da Cachoeira,0,Norte
02852,am,1304302,130430,0285,Urucará,0,Norte
02879,am,1304401,130440,0287,Urucurituba,0,Norte
02895,am,1300029,130002,0289,Alvarães,0,Norte
02917,am,1300060,130006,0291,Amaturá,0,Norte
02933,am,1300086,130008,0293,Anamã,0,Norte
02950,am,1300631,130063,0295,Beruri,0,Norte
02976,am,1300680,130068,0297,Boa Vista do Ramos,0,Norte
02992,am,1300839,130083,0299,Caapiranga,0,Norte
98353,am,1301852,130185,9835,Iranduba,0,Norte
98370,am,1301951,130195,9837,Itamarati,0,Norte
98396,am,1302553,130255,9839,Manaquiri,0,Norte
98418,am,1303536,130353,9841,Presidente Figueiredo,0,Norte
98434,am,1303569,130356,9843,Rio Preto da Eva,0,Norte
98450,am,1303957,130395,9845,São Sebastião do Uatumã,0,Norte
98477,am,1304062,130406,9847,Tabatinga,0,Norte
98493,am,1304260,130426,9849,Uarini,0,Norte
98515,am,1304237,130423,9851,Tonantins,0,Norte
06009,ap,1600550,160055,0673,Pracuúba,0,Norte
06017,ap,1600105,160010,0601,Amapá,0,Norte
06025,ap,1600535,160053,0671,Porto Grande,0,Norte
06033,ap,1600204,160020,0603,Calçoene,0,Norte
06041,ap,1600253,160025,0669,Itaubal,0,Norte
06050,ap,1600303,160030,0605,Macapá,1,Norte
06068,ap,1600212,160021,0667,Cutias,0,Norte
06076,ap,1600402,160040,0607,Mazagão,0,Norte
06084,ap,1600154,160015,0663,Pedra Branca do Amapari,0,Norte
06092,ap,1600501,160050,0609,Oiapoque,0,Norte
06106,ap,1600055,160005,0665,Serra do Navio,0,Norte
06114,ap,1600238,160023,0611,Ferreira Gomes,0,Norte
06122,ap,1600808,160080,0070,Vitória do Jari,0,Norte
06130,ap,1600279,160027,0613,Laranjal do Jari,0,Norte
06157,ap,1600600,160060,0615,Santana,0,Norte
06173,ap,1600709,160070,0617,Tartarugalzinho,0,Norte
30007,ba,2919553,291955,1112,Luís Eduardo Magalhães,0,Nordeste
30058,ba,2910727,291072,3117,Eunápolis,0,Nordeste
30660,ba,2917334,291733,3285,Iuiú,0,Nordeste
30678,ba,2917359,291735,9859,Jaborandi,0,Nordeste
30694,ba,2918555,291855,3069,Jussari,0,Nordeste
30716,ba,2901155,290115,3071,América Dourada,0,Nordeste
30732,ba,2902252,290225,3073,Arataca,0,Nordeste
30759,ba,2903235,290323,3075,Barro Alto,0,Nordeste
30775,ba,2903276,290327,1110,Barrocas,0,Nordeste
30791,ba,2904753,290475,3079,Buritirama,0,Nordeste
30813,ba,2906857,290685,3081,Capela do Alto Alegre,0,Nordeste
30830,ba,2906873,290687,3083,Capim Grosso,0,Nordeste
30856,ba,2906824,290682,3085,Canudos,0,Nordeste
30872,ba,2910057,291005,3087,Dias d'Ávila,0,Nordeste
30899,ba,2910750,291075,3089,Fátima,0,Nordeste
30910,ba,2910859,291085,3091,Filadélfia,0,Nordeste
30937,ba,2911253,291125,3093,Gavião,0,Nordeste
30953,ba,2911659,291165,3095,Guajeru,0,Nordeste
30970,ba,2911857,291185,3097,Heliópolis,0,Nordeste
30996,ba,2918357,291835,3099,João Dourado,0,Nordeste
33014,ba,2900108,290010,3301,Abaíra,0,Nordeste
33030,ba,2900207,290020,3303,Abaré,0,Nordeste
33057,ba,2900306,290030,3305,Acajutiba,0,Nordeste
33065,ba,2900355,290035,3253,Adustina,0,Nordeste
33073,ba,2900405,290040,3307,Água Fria,0,Nordeste
33090,ba,2900504,290050,3309,Érico Cardoso,0,Nordeste
33111,ba,2900603,290060,3311,Aiquara,0,Nordeste
33138,ba,2900702,290070,3313,Alagoinhas,0,Nordeste
33154,ba,2900801,290080,3315,Alcobaça,0,Nordeste
33170,ba,2900900,290090,3317,Almadina,0,Nordeste
33197,ba,2901007,290100,3319,Amargosa,0,Nordeste
33219,ba,2901106,290110,3321,Amélia Rodrigues,0,Nordeste
33235,ba,2901205,290120,3323,Anagé,0,Nordeste
33251,ba,2901304,290130,3325,Andaraí,0,Nordeste
33260,ba,2901353,290135,3255,Andorinha,0,Nordeste
33278,ba,2901403,290140,3327,Angical,0,Nordeste
33294,ba,2901502,290150,3329,Anguera,0,Nordeste
33316,ba,2901601,290160,3331,Antas,0,Nordeste
33332,ba,2901700,290170,3333,Antônio Cardoso,0,Nordeste
33359,ba,2901809,290180,3335,Antônio Gonçalves,0,Nordeste
33375,ba,2901908,290190,3337,Aporá,0,Nordeste
33383,ba,2902054,290205,3259,Araças,0,Nordeste
33391,ba,2902005,290200,3339,Aracatu,0,Nordeste
33405,ba,2901957,290195,3257,Apuarema,0,Nordeste
33413,ba,2902104,290210,3341,Araci,0,Nordeste
33430,ba,2902203,290220,3343,Aramari,0,Nordeste
33456,ba,2902302,290230,3345,Aratuípe,0,Nordeste
33472,ba,2902401,290240,3347,Aurelino Leal,0,Nordeste
33499,ba,2902500,290250,3349,Baianópolis,0,Nordeste
33510,ba,2902609,290260,3351,Baixa Grande,0,Nordeste
33529,ba,2902658,290265,3261,Banzaê,0,Nordeste
33537,ba,2902708,290270,3353,Barra,0,Nordeste
33553,ba,2902807,290280,3355,Barra da Estiva,0,Nordeste
33570,ba,2902906,290290,3357,Barra do Choça,0,Nordeste
33596,ba,2903003,290300,3359,Barra do Mendes,0,Nordeste
33618,ba,2903102,290310,3361,Barra do Rocha,0,Nordeste
33634,ba,2903201,290320,3363,Barreiras,0,Nordeste
33650,ba,2903300,290330,3365,Barro Preto,0,Nordeste
33677,ba,2903409,290340,3367,Belmonte,0,Nordeste
33693,ba,2903508,290350,3369,Belo Campo,0,Nordeste
33715,ba,2903607,290360,3371,Biritinga,0,Nordeste
33731,ba,2903706,290370,3373,Boa Nova,0,Nordeste
33758,ba,2903805,290380,3375,Boa Vista do Tupim,0,Nordeste
33774,ba,2903904,290390,3377,Bom Jesus da Lapa,0,Nordeste
33782,ba,2903953,290395,3263,Bom Jesus da Serra,0,Nordeste
33790,ba,2904001,290400,3379,Boninal,0,Nordeste
33804,ba,2904050,290405,3265,Bonito,0,Nordeste
33812,ba,2904100,290410,3381,Boquira,0,Nordeste
33839,ba,2904209,290420,3383,Botuporã,0,Nordeste
33855,ba,2904308,290430,3385,Brejões,0,Nordeste
33871,ba,2904407,290440,3387,Brejolândia,0,Nordeste
33898,ba,2904506,290450,3389,Brotas de Macaúbas,0,Nordeste
33910,ba,2904605,290460,3391,Brumado,0,Nordeste
33936,ba,2904704,290470,3393,Buerarema,0,Nordeste
33952,ba,2904803,290480,3395,Caatiba,0,Nordeste
33960,ba,2904852,290485,3267,Cabaceiras do Paraguaçu,0,Nordeste
33979,ba,2904902,290490,3397,Cachoeira,0,Nordeste
33995,ba,2905008,290500,3399,Caculé,0,Nordeste
34010,ba,2905107,290510,3401,Caém,0,Nordeste
34029,ba,2905156,290515,3269,Caetanos,0,Nordeste
34037,ba,2905206,290520,3403,Caetité,0,Nordeste
34053,ba,2905305,290530,3405,Cafarnaum,0,Nordeste
34070,ba,2905404,290540,3407,Cairu,0,Nordeste
34096,ba,2905503,290550,3409,Caldeirão Grande,0,Nordeste
34118,ba,2905602,290560,3411,Camacan,0,Nordeste
34134,ba,2905701,290570,3413,Camaçari,0,Nordeste
34150,ba,2905800,290580,3415,Camamu,0,Nordeste
34177,ba,2905909,290590,3417,Campo Alegre de Lourdes,0,Nordeste
34193,ba,2906006,290600,3419,Campo Formoso,0,Nordeste
34215,ba,2906105,290610,3421,Canápolis,0,Nordeste
34231,ba,2906204,290620,3423,Canarana,0,Nordeste
34258,ba,2906303,290630,3425,Canavieiras,0,Nordeste
34274,ba,2906402,290640,3427,Candeal,0,Nordeste
34290,ba,2906501,290650,3429,Candeias,0,Nordeste
34312,ba,2906600,290660,3431,Candiba,0,Nordeste
34339,ba,2906709,290670,3433,Cândido Sales,0,Nordeste
34355,ba,2906808,290680,3435,Cansanção,0,Nordeste
34363,ba,2906899,290689,3271,Caraíbas,0,Nordeste
34371,ba,2906907,290690,3437,Caravelas,0,Nordeste
34398,ba,2907004,290700,3439,Cardeal da Silva,0,Nordeste
34410,ba,2907103,290710,3441,Carinhanha,0,Nordeste
34436,ba,2907202,290720,3443,Casa Nova,0,Nordeste
34452,ba,2907301,290730,3445,Castro Alves,0,Nordeste
34479,ba,2907400,290740,3447,Catolândia,0,Nordeste
34495,ba,2907509,290750,3449,Catu,0,Nordeste
34509,ba,2907558,290755,3273,Caturama,0,Nordeste
34517,ba,2907608,290760,3451,Central,0,Nordeste
34533,ba,2907707,290770,3453,Chorrochó,0,Nordeste
34550,ba,2907806,290780,3455,Cícero Dantas,0,Nordeste
34576,ba,2907905,290790,3457,Cipó,0,Nordeste
34592,ba,2908002,290800,3459,Coaraci,0,Nordeste
34614,ba,2908101,290810,3461,Cocos,0,Nordeste
34630,ba,2908200,290820,3463,Conceição da Feira,0,Nordeste
34657,ba,2908309,290830,3465,Conceição do Almeida,0,Nordeste
34673,ba,2908408,290840,3467,Conceição do Coité,0,Nordeste
34690,ba,2908507,290850,3469,Conceição do Jacuípe,0,Nordeste
34711,ba,2908606,290860,3471,Conde,0,Nordeste
34738,ba,2908705,290870,3473,Condeúba,0,Nordeste
34754,ba,2908804,290880,3475,Contendas do Sincorá,0,Nordeste
34770,ba,2908903,290890,3477,Coração de Maria,0,Nordeste
34797,ba,2909000,290900,3479,Cordeiros,0,Nordeste
34819,ba,2909109,290910,3481,Coribe,0,Nordeste
34835,ba,2909208,290920,3483,Coronel João Sá,0,Nordeste
34851,ba,2909307,290930,3485,Correntina,0,Nordeste
34878,ba,2909406,290940,3487,Cotegipe,0,Nordeste
34894,ba,2909505,290950,3489,Cravolândia,0,Nordeste
34916,ba,2909604,290960,3491,Crisópolis,0,Nordeste
34932,ba,2909703,290970,3493,Cristópolis,0,Nordeste
34959,ba,2909802,290980,3495,Cruz das Almas,0,Nordeste
34975,ba,2909901,290990,3497,Curaçá,0,Nordeste
34991,ba,2910008,291000,3499,Dário Meira,0,Nordeste
35017,ba,2910107,291010,3501,Dom Basílio,0,Nordeste
35033,ba,2910206,291020,3503,Dom Macedo Costa,0,Nordeste
35050,ba,2910305,291030,3505,Elísio Medrado,0,Nordeste
35076,ba,2910404,291040,3507,Encruzilhada,0,Nordeste
35092,ba,2910503,291050,3509,Entre Rios,0,Nordeste
35114,ba,2910602,291060,3511,Esplanada,0,Nordeste
35130,ba,2910701,291070,3513,Euclides da Cunha,0,Nordeste
35149,ba,2910776,291077,3275,Feira da Mata,0,Nordeste
35157,ba,2910800,291080,3515,Feira de Santana,0,Nordeste
35173,ba,2910909,291090,3517,Firmino Alves,0,Nordeste
35190,ba,2911006,291100,3519,Floresta Azul,0,Nordeste
35211,ba,2911105,291110,3521,Formosa do Rio Preto,0,Nordeste
35238,ba,2911204,291120,3523,Gandu,0,Nordeste
35254,ba,2911303,291130,3525,Gentio do Ouro,0,Nordeste
35270,ba,2911402,291140,3527,Glória,0,Nordeste
35297,ba,2911501,291150,3529,Gongogi,0,Nordeste
35319,ba,2911600,291160,3531,Governador Mangabeira,0,Nordeste
35335,ba,2911709,291170,3533,Guanambi,0,Nordeste
35351,ba,2911808,291180,3535,Guaratinga,0,Nordeste
35378,ba,2911907,291190,3537,Iaçu,0,Nordeste
35394,ba,2912004,291200,3539,Ibiassucê,0,Nordeste
35416,ba,2912103,291210,3541,Ibicaraí,0,Nordeste
35432,ba,2912202,291220,3543,Ibicoara,0,Nordeste
35459,ba,2912301,291230,3545,Ibicuí,0,Nordeste
35475,ba,2912400,291240,3547,Ibipeba,0,Nordeste
35491,ba,2928406,292840,3549,Santa Rita de Cássia,0,Nordeste
35513,ba,2912509,291250,3551,Ibipitanga,0,Nordeste
35530,ba,2912608,291260,3553,Ibiquera,0,Nordeste
35556,ba,2912707,291270,3555,Ibirapitanga,0,Nordeste
35572,ba,2912806,291280,3557,Ibirapuã,0,Nordeste
35599,ba,2912905,291290,3559,Ibirataia,0,Nordeste
35610,ba,2913002,291300,3561,Ibitiara,0,Nordeste
35637,ba,2913101,291310,3563,Ibititá,0,Nordeste
35653,ba,2913200,291320,3565,Ibotirama,0,Nordeste
35670,ba,2913309,291330,3567,Ichu,0,Nordeste
35696,ba,2913408,291340,3569,Igaporã,0,Nordeste
35700,ba,2913457,291345,3277,Igrapiúna,0,Nordeste
35718,ba,2913507,291350,3571,Iguaí,0,Nordeste
35734,ba,2913606,291360,3573,Ilhéus,0,Nordeste
35750,ba,2913705,291370,3575,Inhambupe,0,Nordeste
35777,ba,2913804,291380,3577,Ipecaetá,0,Nordeste
35793,ba,2913903,291390,3579,Ipiaú,0,Nordeste
35815,ba,2914000,291400,3581,Ipirá,0,Nordeste
35831,ba,2914109,291410,3583,Ipupiara,0,Nordeste
35858,ba,2914208,291420,3585,Irajuba,0,Nordeste
35874,ba,2914307,291430,3587,Iramaia,0,Nordeste
35890,ba,2914406,291440,3589,Iraquara,0,Nordeste
35912,ba,2914505,291450,3591,Irará,0,Nordeste
35939,ba,2914604,291460,3593,Irecê,0,Nordeste
35947,ba,2914653,291465,3279,Itabela,0,Nordeste
35955,ba,2914703,291470,3595,Itaberaba,0,Nordeste
35971,ba,2914802,291480,3597,Itabuna,0,Nordeste
35998,ba,2914901,291490,3599,Itacaré,0,Nordeste
36013,ba,2915007,291500,3601,Itaeté,0,Nordeste
36030,ba,2915106,291510,3603,Itagi,0,Nordeste
36056,ba,2915205,291520,3605,Itagibá,0,Nordeste
36072,ba,2915304,291530,3607,Itagimirim,0,Nordeste
36080,ba,2915353,291535,3281,Itaguaçu da Bahia,0,Nordeste
36099,ba,2915403,291540,3609,Itaju do Colônia,0,Nordeste
36110,ba,2915502,291550,3611,Itajuípe,0,Nordeste
36137,ba,2915601,291560,3613,Itamaraju,0,Nordeste
36153,ba,2915700,291570,3615,Itamari,0,Nordeste
36170,ba,2915809,291580,3617,Itambé,0,Nordeste
36196,ba,2915908,291590,3619,Itanagra,0,Nordeste
36218,ba,2916005,291600,3621,Itanhém,0,Nordeste
36234,ba,2916104,291610,3623,Itaparica,0,Nordeste
36250,ba,2916203,291620,3625,Itapé,0,Nordeste
36277,ba,2916302,291630,3627,Itapebi,0,Nordeste
36293,ba,2916401,291640,3629,Itapetinga,0,Nordeste
36315,ba,2916500,291650,3631,Itapicuru,0,Nordeste
36331,ba,2916609,291660,3633,Itapitanga,0,Nordeste
36358,ba,2916708,291670,3635,Itaquara,0,Nordeste
36374,ba,2916807,291680,3637,Itarantim,0,Nordeste
36382,ba,2916856,291685,3283,Itatim,0,Nordeste
36390,ba,2916906,291690,3639,Itiruçu,0,Nordeste
36412,ba,2917003,291700,3641,Itiúba,0,Nordeste
36439,ba,2917102,291710,3643,Itororó,0,Nordeste
36455,ba,2917201,291720,3645,Ituaçu,0,Nordeste
36471,ba,2917300,291730,3647,Ituberá,0,Nordeste
36498,ba,2917409,291740,3649,Jacaraci,0,Nordeste
36510,ba,2917508,291750,3651,Jacobina,0,Nordeste
36536,ba,2917607,291760,3653,Jaguaquara,0,Nordeste
36552,ba,2917706,291770,3655,Jaguarari,0,Nordeste
36579,ba,2917805,291780,3657,Jaguaripe,0,Nordeste
36595,ba,2917904,291790,3659,Jandaíra,0,Nordeste
36617,ba,2918001,291800,3661,Jequié,0,Nordeste
36633,ba,2918100,291810,3663,Jeremoabo,0,Nordeste
36650,ba,2918209,291820,3665,Jiquiriçá,0,Nordeste
36676,ba,2918308,291830,3667,Jitaúna,0,Nordeste
36692,ba,2918407,291840,3669,Juazeiro,0,Nordeste
36706,ba,2918456,291845,3287,Jucuruçu,0,Nordeste
36714,ba,2918506,291850,3671,Jussara,0,Nordeste
36730,ba,2918605,291860,3673,Jussiape,0,Nordeste
36757,ba,2918704,291870,3675,Lafaiete Coutinho,0,Nordeste
36765,ba,2918753,291875,3289,Lagoa Real,0,Nordeste
36773,ba,2918803,291880,3677,Laje,0,Nordeste
36790,ba,2918902,291890,3679,Lajedão,0,Nordeste
36811,ba,2919009,291900,3681,Lajedinho,0,Nordeste
36820,ba,2919058,291905,3291,Lajedo do Tabocal,0,Nordeste
36838,ba,2919108,291910,3683,Lamarão,0,Nordeste
36854,ba,2919207,291920,3685,Lauro de Freitas,0,Nordeste
36870,ba,2919306,291930,3687,Lençóis,0,Nordeste
36897,ba,2919405,291940,3689,Licínio de Almeida,0,Nordeste
36919,ba,2919504,291950,3691,Livramento de Nossa Senhora,0,Nordeste
36935,ba,2919603,291960,3693,Macajuba,0,Nordeste
36951,ba,2919702,291970,3695,Macarani,0,Nordeste
36978,ba,2919801,291980,3697,Macaúbas,0,Nordeste
36994,ba,2919900,291990,3699,Macururé,0,Nordeste
37010,ba,2920007,292000,3701,Maiquinique,0,Nordeste
37036,ba,2920106,292010,3703,Mairi,0,Nordeste
37052,ba,2920205,292020,3705,Malhada,0,Nordeste
37079,ba,2920304,292030,3707,Malhada de Pedras,0,Nordeste
37095,ba,2920403,292040,3709,Manoel Vitorino,0,Nordeste
37117,ba,2920502,292050,3711,Maracás,0,Nordeste
37133,ba,2920601,292060,3713,Maragogipe,0,Nordeste
37150,ba,2920700,292070,3715,Maraú,0,Nordeste
37176,ba,2920809,292080,3717,Marcionílio Souza,0,Nordeste
37192,ba,2920908,292090,3719,Mascote,0,Nordeste
37214,ba,2921005,292100,3721,Mata de São João,0,Nordeste
37222,ba,2921054,292105,3295,Matina,0,Nordeste
37230,ba,2921104,292110,3723,Medeiros Neto,0,Nordeste
37257,ba,2921203,292120,3725,Miguel Calmon,0,Nordeste
37273,ba,2921302,292130,3727,Milagres,0,Nordeste
37290,ba,2921401,292140,3729,Mirangaba,0,Nordeste
37303,ba,2921450,292145,3297,Mirante,0,Nordeste
37311,ba,2921500,292150,3731,Monte Santo,0,Nordeste
37338,ba,2921609,292160,3733,Morpará,0,Nordeste
37354,ba,2921708,292170,3735,Morro do Chapéu,0,Nordeste
37370,ba,2921807,292180,3737,Mortugaba,0,Nordeste
37397,ba,2921906,292190,3739,Mucugê,0,Nordeste
37419,ba,2922003,292200,3741,Mucuri,0,Nordeste
37427,ba,2922052,292205,3299,Mulungu do Morro,0,Nordeste
37435,ba,2922102,292210,3743,Mundo Novo,0,Nordeste
37451,ba,2922201,292220,3745,Muniz Ferreira,0,Nordeste
37460,ba,2922250,292225,3005,Muquém de São Francisco,0,Nordeste
37478,ba,2922300,292230,3747,Muritiba,0,Nordeste
37494,ba,2922409,292240,3749,Mutuípe,0,Nordeste
37516,ba,2922508,292250,3751,Nazaré,0,Nordeste
37532,ba,2922607,292260,3753,Nilo Peçanha,0,Nordeste
37559,ba,2922706,292270,3755,Nova Canaã,0,Nordeste
37567,ba,2922730,292273,3007,Nova Fátima,0,Nordeste
37575,ba,2922805,292280,3757,Nova Itarana,0,Nordeste
37583,ba,2922854,292285,3011,Nova Redenção,0,Nordeste
37591,ba,2922904,292290,3759,Nova Soure,0,Nordeste
37613,ba,2923001,292300,3761,Nova Viçosa,0,Nordeste
37621,ba,2923050,292305,3015,Novo Triunfo,0,Nordeste
37630,ba,2923100,292310,3763,Olindina,0,Nordeste
37656,ba,2923209,292320,3765,Oliveira dos Brejinhos,0,Nordeste
37672,ba,2923308,292330,3767,Ouriçangas,0,Nordeste
37680,ba,2923357,292335,3017,Ourolândia,0,Nordeste
37699,ba,2923407,292340,3769,Palmas de Monte Alto,0,Nordeste
37710,ba,2923506,292350,3771,Palmeiras,0,Nordeste
37737,ba,2923605,292360,3773,Paramirim,0,Nordeste
37753,ba,2923704,292370,3775,Paratinga,0,Nordeste
37770,ba,2923803,292380,3777,Paripiranga,0,Nordeste
37796,ba,2923902,292390,3779,Pau Brasil,0,Nordeste
37818,ba,2924009,292400,3781,Paulo Afonso,0,Nordeste
37834,ba,2924108,292410,3783,Pedrão,0,Nordeste
37850,ba,2924207,292420,3785,Pedro Alexandre,0,Nordeste
37877,ba,2924306,292430,3787,Piatã,0,Nordeste
37893,ba,2924405,292440,3789,Pilão Arcado,0,Nordeste
37915,ba,2924504,292450,3791,Pindaí,0,Nordeste
37931,ba,2924603,292460,3793,Pindobaçu,0,Nordeste
37940,ba,2924678,292467,3019,Piraí do Norte,0,Nordeste
37958,ba,2924702,292470,3795,Piripá,0,Nordeste
37974,ba,2924801,292480,3797,Piritiba,0,Nordeste
37990,ba,2924900,292490,3799,Planaltino,0,Nordeste
38016,ba,2925006,292500,3801,Planalto,0,Nordeste
38032,ba,2925105,292510,3803,Poções,0,Nordeste
38059,ba,2925204,292520,3805,Pojuca,0,Nordeste
38067,ba,2925253,292525,3021,Ponto Novo,0,Nordeste
38075,ba,2925303,292530,3807,Porto Seguro,0,Nordeste
38091,ba,2925402,292540,3809,Potiraguá,0,Nordeste
38113,ba,2925501,292550,3811,Prado,0,Nordeste
38130,ba,2925600,292560,3813,Presidente Dutra,0,Nordeste
38156,ba,2925709,292570,3815,Presidente Jânio Quadros,0,Nordeste
38164,ba,2925758,292575,3023,Presidente Tancredo Neves,0,Nordeste
38172,ba,2925808,292580,3817,Queimadas,0,Nordeste
38199,ba,2925907,292590,3819,Quijingue,0,Nordeste
38210,ba,2926004,292600,3821,Remanso,0,Nordeste
38237,ba,2926103,292610,3823,Retirolândia,0,Nordeste
38253,ba,2926202,292620,3825,Riachão das Neves,0,Nordeste
38270,ba,2926301,292630,3827,Riachão do Jacuípe,0,Nordeste
38296,ba,2926400,292640,3829,Riacho de Santana,0,Nordeste
38318,ba,2926509,292650,3831,Ribeira do Amparo,0,Nordeste
38334,ba,2926608,292660,3833,Ribeira do Pombal,0,Nordeste
38342,ba,2926657,292665,3027,Ribeirão do Largo,0,Nordeste
38350,ba,2926707,292670,3835,Rio de Contas,0,Nordeste
38377,ba,2926806,292680,3837,Rio do Antônio,0,Nordeste
38393,ba,2926905,292690,3839,Rio do Pires,0,Nordeste
38415,ba,2927002,292700,3841,Rio Real,0,Nordeste
38431,ba,2927101,292710,3843,Rodelas,0,Nordeste
38458,ba,2927200,292720,3845,Ruy Barbosa,0,Nordeste
38474,ba,2927309,292730,3847,Salinas da Margarida,0,Nordeste
38490,ba,2927408,292740,3849,Salvador,1,Nordeste
38512,ba,2927507,292750,3851,Santa Bárbara,0,Nordeste
38539,ba,2927606,292760,3853,Santa Brígida,0,Nordeste
38555,ba,2927705,292770,3855,Santa Cruz Cabrália,0,Nordeste
38571,ba,2927804,292780,3857,Santa Cruz da Vitória,0,Nordeste
38598,ba,2927903,292790,3859,Santa Inês,0,Nordeste
38610,ba,2928000,292800,3861,Santaluz,0,Nordeste
38636,ba,2928109,292810,3863,Santa Maria da Vitória,0,Nordeste
38652,ba,2928208,292820,3865,Santana,0,Nordeste
38679,ba,2928307,292830,3867,Santanópolis,0,Nordeste
38695,ba,2928505,292850,3869,Santa Teresinha,0,Nordeste
38717,ba,2928604,292860,3871,Santo Amaro,0,Nordeste
38733,ba,2928703,292870,3873,Santo Antônio de Jesus,0,Nordeste
38750,ba,2928802,292880,3875,Santo Estêvão,0,Nordeste
38776,ba,2928901,292890,3877,São Desidério,0,Nordeste
38792,ba,2929008,292900,3879,São Félix,0,Nordeste
38806,ba,2928950,292895,3029,São Domingos,0,Nordeste
38814,ba,2929107,292910,3881,São Felipe,0,Nordeste
38822,ba,2929057,292905,3031,São Félix do Coribe,0,Nordeste
38830,ba,2929206,292920,3883,São Francisco do Conde,0,Nordeste
38857,ba,2929305,292930,3885,São Gonçalo dos Campos,0,Nordeste
38865,ba,2929370,292937,3033,São José do Jacuípe,0,Nordeste
38873,ba,2929404,292940,3887,São Miguel das Matas,0,Nordeste
38890,ba,2929503,292950,3889,São Sebastião do Passé,0,Nordeste
38911,ba,2929602,292960,3891,Sapeaçu,0,Nordeste
38938,ba,2929701,292970,3893,Sátiro Dias,0,Nordeste
38946,ba,2929750,292975,3037,Saubara,0,Nordeste
38954,ba,2929800,292980,3895,Saúde,0,Nordeste
38970,ba,2929909,292990,3897,Seabra,0,Nordeste
38997,ba,2930006,293000,3899,Sebastião Laranjeiras,0,Nordeste
39012,ba,2930105,293010,3901,Senhor do Bonfim,0,Nordeste
39039,ba,2930204,293020,3903,Sento Sé,0,Nordeste
39047,ba,2930154,293015,3039,Serra do Ramalho,0,Nordeste
39055,ba,2930303,293030,3905,Serra Dourada,0,Nordeste
39071,ba,2930402,293040,3907,Serra Preta,0,Nordeste
39098,ba,2930501,293050,3909,Serrinha,0,Nordeste
39110,ba,2930600,293060,3911,Serrolândia,0,Nordeste
39136,ba,2930709,293070,3913,Simões Filho,0,Nordeste
39144,ba,2930758,293075,3041,Sítio do Mato,0,Nordeste
39152,ba,2930808,293080,3915,Souto Soares,0,Nordeste
39179,ba,2930907,293090,3917,Tabocas do Brejo Velho,0,Nordeste
39195,ba,2931004,293100,3919,Tanhaçu,0,Nordeste
39217,ba,2931103,293110,3921,Tanquinho,0,Nordeste
39233,ba,2931202,293120,3923,Taperoá,0,Nordeste
39250,ba,2931301,293130,3925,Tapiramutá,0,Nordeste
39276,ba,2931400,293140,3927,Teodoro Sampaio,0,Nordeste
39292,ba,2931509,293150,3929,Teofilândia,0,Nordeste
39314,ba,2931608,293160,3931,Teolândia,0,Nordeste
39330,ba,2931707,293170,3933,Terra Nova,0,Nordeste
39357,ba,2931806,293180,3935,Tremedal,0,Nordeste
39373,ba,2931905,293190,3937,Tucano,0,Nordeste
39390,ba,2932002,293200,3939,Uauá,0,Nordeste
39411,ba,2932101,293210,3941,Ubaíra,0,Nordeste
39438,ba,2932200,293220,3943,Ubaitaba,0,Nordeste
39454,ba,2932309,293230,3945,Ubatã,0,Nordeste
39470,ba,2932408,293240,3947,Uibaí,0,Nordeste
39489,ba,2932457,293245,3047,Umburanas,0,Nordeste
39497,ba,2932507,293250,3949,Una,0,Nordeste
39519,ba,2932606,293260,3951,Urandi,0,Nordeste
39535,ba,2932705,293270,3953,Uruçuca,0,Nordeste
39551,ba,2932804,293280,3955,Utinga,0,Nordeste
39578,ba,2932903,293290,3957,Valença,0,Nordeste
39594,ba,2933000,293300,3959,Valente,0,Nordeste
39616,ba,2933109,293310,3961,Várzea do Poço,0,Nordeste
39624,ba,2933174,293317,3049,Varzedo,0,Nordeste
39632,ba,2933208,293320,3963,Vera Cruz,0,Nordeste
39640,ba,2933257,293325,3051,Vereda,0,Nordeste
39659,ba,2933307,293330,3965,Vitória da Conquista,0,Nordeste
39675,ba,2933406,293340,3967,Wagner,0,Nordeste
39691,ba,2933505,293350,3969,Wenceslau Guimarães,0,Nordeste
39713,ba,2933604,293360,3971,Xique-Xique,0,Nordeste
39730,ba,2919157,291915,3973,Lapão,0,Nordeste
39748,ba,2919926,291992,3293,Madre de Deus,0,Nordeste
39756,ba,2919959,291995,3975,Maetinga,0,Nordeste
39772,ba,2920452,292045,3977,Mansidão,0,Nordeste
39799,ba,2922656,292265,3979,Nordestina,0,Nordeste
39810,ba,2924058,292405,3981,Pé de Serra,0,Nordeste
39837,ba,2924652,292465,3983,Pintadas,0,Nordeste
39845,ba,2925931,292593,3025,Quixabeira,0,Nordeste
39853,ba,2925956,292595,3985,Rafael Jambeiro,0,Nordeste
39870,ba,2928059,292805,3987,Santa Luzia,0,Nordeste
39896,ba,2929255,292925,3989,São Gabriel,0,Nordeste
39900,ba,2930766,293076,3043,Sítio do Quinto,0,Nordeste
39918,ba,2931053,293105,3991,Tanque Novo,0,Nordeste
39926,ba,2929354,292935,3035,São José da Vitória,0,Nordeste
39934,ba,2931350,293135,3993,Teixeira de Freitas,0,Nordeste
39942,ba,2923035,292303,3013,Novo Horizonte,0,Nordeste
39950,ba,2933158,293315,3995,Várzea Nova,0,Nordeste
39969,ba,2922755,292275,3009,Nova Ibiá,0,Nordeste
39977,ba,2933059,293305,3997,Várzea da Roça,0,Nordeste
39985,ba,2930774,293077,3045,Sobradinho,0,Nordeste
39993,ba,2933455,293345,3999,Wanderley,0,Nordeste
13005,ce,2307254,230725,0985,Jijoca de Jericoacoara,0,Nordeste
13013,ce,2300101,230010,1301,Abaiara,0,Nordeste
13021,ce,2307635,230763,1261,Madalena,0,Nordeste
13030,ce,2300200,230020,1303,Acaraú,0,Nordeste
13048,ce,2310951,231095,1269,Pires Ferreira,0,Nordeste
13056,ce,2300309,230030,1305,Acopiara,0,Nordeste
13064,ce,2304657,230465,1249,Graça,0,Nordeste
13072,ce,2300408,230040,1307,Aiuaba,0,Nordeste
13080,ce,2313559,231355,1279,Tururu,0,Nordeste
13099,ce,2300507,230050,1309,Alcântaras,0,Nordeste
13102,ce,2311264,231126,9917,Quiterianópolis,0,Nordeste
13110,ce,2300606,230060,1311,Altaneira,0,Nordeste
13129,ce,2301950,230195,1235,Barreira,0,Nordeste
13137,ce,2300705,230070,1313,Alto Santo,0,Nordeste
13145,ce,2300150,230015,1231,Acarape,0,Nordeste
13153,ce,2300804,230080,1315,Antonina do Norte,0,Nordeste
13161,ce,2303956,230395,1239,Chorozinho,0,Nordeste
13170,ce,2300903,230090,1317,Apuiarés,0,Nordeste
13188,ce,2305233,230523,1253,Horizonte,0,Nordeste
13196,ce,2301000,230100,1319,Aquiraz,0,Nordeste
13200,ce,2304277,230427,1245,Ererê,0,Nordeste
13218,ce,2301109,230110,1321,Aracati,0,Nordeste
13226,ce,2304285,230428,1247,Eusébio,0,Nordeste
13234,ce,2301208,230120,1323,Aracoiaba,0,Nordeste
13242,ce,2304954,230495,1251,Guaiúba,0,Nordeste
13250,ce,2301307,230130,1325,Araripe,0,Nordeste
13269,ce,2311231,231123,1271,Potiretama,0,Nordeste
13277,ce,2301406,230140,1327,Aratuba,0,Nordeste
13285,ce,2310852,231085,1267,Pindoretama,0,Nordeste
13293,ce,2301505,230150,1329,Arneiroz,0,Nordeste
13307,ce,2309458,230945,1265,Ocara,0,Nordeste
13315,ce,2301604,230160,1331,Assaré,0,Nordeste
13323,ce,2313351,231335,1277,Tejuçuoca,0,Nordeste
13331,ce,2301703,230170,1333,Aurora,0,Nordeste
13340,ce,2305654,230565,1259,Ipaporanga,0,Nordeste
13358,ce,2301802,230180,1335,Baixio,0,Nordeste
13366,ce,2313252,231325,1275,Tarrafas,0,Nordeste
13374,ce,2301901,230190,1337,Barbalha,0,Nordeste
13382,ce,2301851,230185,1233,Banabuiú,0,Nordeste
13390,ce,2302008,230200,1339,Barro,0,Nordeste
13404,ce,2302057,230205,1237,Barroquinha,0,Nordeste
13412,ce,2302107,230210,1341,Baturité,0,Nordeste
13420,ce,2301257,230125,0989,Ararendá,0,Nordeste
13439,ce,2302206,230220,1343,Beberibe,0,Nordeste
13447,ce,2303659,230365,0983,Catunda,0,Nordeste
13455,ce,2302305,230230,1345,Bela Cruz,0,Nordeste
13463,ce,2303931,230393,0993,Choró,0,Nordeste
13471,ce,2302404,230240,1347,Boa Viagem,0,Nordeste
13480,ce,2306256,230625,0991,Itaitinga,0,Nordeste
13498,ce,2302503,230250,1349,Brejo Santo,0,Nordeste
13501,ce,2304459,230445,0987,Fortim,0,Nordeste
13510,ce,2302602,230260,1351,Camocim,0,Nordeste
13536,ce,2302701,230270,1353,Campos Sales,0,Nordeste
13552,ce,2302800,230280,1355,Canindé,0,Nordeste
13579,ce,2302909,230290,1357,Capistrano,0,Nordeste
13595,ce,2303006,230300,1359,Caridade,0,Nordeste
13617,ce,2303105,230310,1361,Cariré,0,Nordeste
13633,ce,2303204,230320,1363,Caririaçu,0,Nordeste
13650,ce,2303303,230330,1365,Cariús,0,Nordeste
13676,ce,2303402,230340,1367,Carnaubal,0,Nordeste
13692,ce,2303501,230350,1369,Cascavel,0,Nordeste
13714,ce,2303600,230360,1371,Catarina,0,Nordeste
13730,ce,2303709,230370,1373,Caucaia,0,Nordeste
13757,ce,2303808,230380,1375,Cedro,0,Nordeste
13773,ce,2303907,230390,1377,Chaval,0,Nordeste
13811,ce,2304004,230400,1381,Coreaú,0,Nordeste
13838,ce,2304103,230410,1383,Crateús,0,Nordeste
13854,ce,2304202,230420,1385,Crato,0,Nordeste
13870,ce,2304301,230430,1387,Farias Brito,0,Nordeste
13897,ce,2304400,230440,1389,Fortaleza,1,Nordeste
13919,ce,2304509,230450,1391,Frecheirinha,0,Nordeste
13935,ce,2304608,230460,1393,General Sampaio,0,Nordeste
13951,ce,2304707,230470,1395,Granja,0,Nordeste
13978,ce,2304806,230480,1397,Granjeiro,0,Nordeste
13994,ce,2304905,230490,1399,Groaíras,0,Nordeste
14010,ce,2305001,230500,1401,Guaraciaba do Norte,0,Nordeste
14036,ce,2305100,230510,1403,Guaramiranga,0,Nordeste
14052,ce,2305209,230520,1405,Hidrolândia,0,Nordeste
14060,ce,2305266,230526,1255,Ibaretama,0,Nordeste
14079,ce,2305308,230530,1407,Ibiapina,0,Nordeste
14095,ce,2305407,230540,1409,Icó,0,Nordeste
14117,ce,2305506,230550,1411,Iguatu,0,Nordeste
14133,ce,2305605,230560,1413,Independência,0,Nordeste
14150,ce,2305704,230570,1415,Ipaumirim,0,Nordeste
14176,ce,2305803,230580,1417,Ipu,0,Nordeste
14192,ce,2305902,230590,1419,Ipueiras,0,Nordeste
14214,ce,2306009,230600,1421,Iracema,0,Nordeste
14230,ce,2306108,230610,1423,Irauçuba,0,Nordeste
14257,ce,2306207,230620,1425,Itaiçaba,0,Nordeste
14273,ce,2306306,230630,1427,Itapagé,0,Nordeste
14290,ce,2306405,230640,1429,Itapipoca,0,Nordeste
14311,ce,2306504,230650,1431,Itapiúna,0,Nordeste
14338,ce,2306603,230660,1433,Itatira,0,Nordeste
14354,ce,2306702,230670,1435,Jaguaretama,0,Nordeste
14370,ce,2306801,230680,1437,Jaguaribara,0,Nordeste
14397,ce,2306900,230690,1439,Jaguaribe,0,Nordeste
14419,ce,2307007,230700,1441,Jaguaruana,0,Nordeste
14435,ce,2307106,230710,1443,Jardim,0,Nordeste
14451,ce,2307205,230720,1445,Jati,0,Nordeste
14478,ce,2307304,230730,1447,Juazeiro do Norte,0,Nordeste
14494,ce,2307403,230740,1449,Jucás,0,Nordeste
14516,ce,2307502,230750,1451,Lavras da Mangabeira,0,Nordeste
14532,ce,2307601,230760,1453,Limoeiro do Norte,0,Nordeste
14559,ce,2307700,230770,1455,Maranguape,0,Nordeste
14575,ce,2307809,230780,1457,Marco,0,Nordeste
14591,ce,2307908,230790,1459,Martinópole,0,Nordeste
14613,ce,2308005,230800,1461,Massapê,0,Nordeste
14630,ce,2308104,230810,1463,Mauriti,0,Nordeste
14656,ce,2308203,230820,1465,Meruoca,0,Nordeste
14672,ce,2308302,230830,1467,Milagres,0,Nordeste
14680,ce,2308377,230837,1263,Miraíma,0,Nordeste
14699,ce,2308401,230840,1469,Missão Velha,0,Nordeste
14710,ce,2308500,230850,1471,Mombaça,0,Nordeste
14737,ce,2308609,230860,1473,Monsenhor Tabosa,0,Nordeste
14753,ce,2308708,230870,1475,Morada Nova,0,Nordeste
14770,ce,2308807,230880,1477,Moraújo,0,Nordeste
14796,ce,2308906,230890,1479,Morrinhos,0,Nordeste
14818,ce,2309003,230900,1481,Mucambo,0,Nordeste
14834,ce,2309102,230910,1483,Mulungu,0,Nordeste
14850,ce,2309201,230920,1485,Nova Olinda,0,Nordeste
14877,ce,2309300,230930,1487,Nova Russas,0,Nordeste
14893,ce,2309409,230940,1489,Novo Oriente,0,Nordeste
14915,ce,2309508,230950,1491,Orós,0,Nordeste
14931,ce,2309607,230960,1493,Pacajus,0,Nordeste
14958,ce,2309706,230970,1495,Pacatuba,0,Nordeste
14974,ce,2309805,230980,1497,Pacoti,0,Nordeste
14990,ce,2309904,230990,1499,Pacujá,0,Nordeste
15016,ce,2310001,231000,1501,Palhano,0,Nordeste
15032,ce,2310100,231010,1503,Palmácia,0,Nordeste
15059,ce,2310209,231020,1505,Paracuru,0,Nordeste
15075,ce,2310308,231030,1507,Parambu,0,Nordeste
15091,ce,2310407,231040,1509,Paramoti,0,Nordeste
15113,ce,2310506,231050,1511,Pedra Branca,0,Nordeste
15130,ce,2310605,231060,1513,Penaforte,0,Nordeste
15156,ce,2310704,231070,1515,Pentecoste,0,Nordeste
15172,ce,2310803,231080,1517,Pereiro,0,Nordeste
15199,ce,2310902,231090,1519,Piquet Carneiro,0,Nordeste
15210,ce,2311009,231100,1521,Poranga,0,Nordeste
15237,ce,2311108,231110,1523,Porteiras,0,Nordeste
15253,ce,2311207,231120,1525,Potengi,0,Nordeste
15270,ce,2311306,231130,1527,Quixadá,0,Nordeste
15296,ce,2311405,231140,1529,Quixeramobim,0,Nordeste
15318,ce,2311504,231150,1531,Quixeré,0,Nordeste
15334,ce,2311603,231160,1533,Redenção,0,Nordeste
15350,ce,2311702,231170,1535,Reriutaba,0,Nordeste
15377,ce,2311801,231180,1537,Russas,0,Nordeste
15393,ce,2311900,231190,1539,Saboeiro,0,Nordeste
15415,ce,2312007,231200,1541,Santana do Acaraú,0,Nordeste
15431,ce,2312106,231210,1543,Santana do Cariri,0,Nordeste
15440,ce,2311959,231195,1273,Salitre,0,Nordeste
15458,ce,2312205,231220,1545,Santa Quitéria,0,Nordeste
15474,ce,2312304,231230,1547,São Benedito,0,Nordeste
15490,ce,2312403,231240,1549,São Gonçalo do Amarante,0,Nordeste
15512,ce,2312502,231250,1551,São João do Jaguaribe,0,Nordeste
15539,ce,2312601,231260,1553,São Luís do Curu,0,Nordeste
15555,ce,2312700,231270,1555,Senador Pompeu,0,Nordeste
15571,ce,2312809,231280,1557,Senador Sá,0,Nordeste
15598,ce,2312908,231290,1559,Sobral,0,Nordeste
15610,ce,2313005,231300,1561,Solonópole,0,Nordeste
15636,ce,2313104,231310,1563,Tabuleiro do Norte,0,Nordeste
15652,ce,2313203,231320,1565,Tamboril,0,Nordeste
15679,ce,2313302,231330,1567,Tauá,0,Nordeste
15695,ce,2313401,231340,1569,Tianguá,0,Nordeste
15717,ce,2313500,231350,1571,Trairi,0,Nordeste
15733,ce,2313609,231360,1573,Ubajara,0,Nordeste
15750,ce,2313708,231370,1575,Umari,0,Nordeste
15776,ce,2313807,231380,1577,Uruburetama,0,Nordeste
15792,ce,2313906,231390,1579,Uruoca,0,Nordeste
15814,ce,2314003,231400,1581,Várzea Alegre,0,Nordeste
15830,ce,2314102,231410,1583,Viçosa do Ceará,0,Nordeste
15857,ce,2307650,230765,1585,Maracanaú,0,Nordeste
15873,ce,2300754,230075,1587,Amontada,0,Nordeste
15881,ce,2304236,230423,1241,Croatá,0,Nordeste
15890,ce,2304251,230425,1589,Cruz,0,Nordeste
15911,ce,2304350,230435,1591,Forquilha,0,Nordeste
15920,ce,2305332,230533,1257,Ibicuitinga,0,Nordeste
15938,ce,2305357,230535,1593,Icapuí,0,Nordeste
15954,ce,2306553,230655,1595,Itarema,0,Nordeste
15970,ce,2308351,230835,1597,Milhã,0,Nordeste
15989,ce,2304269,230426,1243,Deputado Irapuan Pinheiro,0,Nordeste
15997,ce,2310258,231025,1599,Paraipaba,0,Nordeste
98531,ce,2311355,231135,9853,Quixelô,0,Nordeste
98558,ce,2313757,231375,9855,Umirim,0,Nordeste
98574,ce,2313955,231395,9857,Varjota,0,Nordeste
97012,df,5300108,530010,9701,Brasília,1,Centro-Oeste
56006,es,3204658,320465,2933,São Domingos do Norte,0,Sudeste
56014,es,3200102,320010,5601,Afonso Cláudio,0,Sudeste
56022,es,3200169,320016,5717,Água Doce do Norte,0,Sudeste
56030,es,3200201,320020,5603,Alegre,0,Sudeste
56049,es,3202652,320265,2931,Irupi,0,Sudeste
56057,es,3200300,320030,5605,Alfredo Chaves,0,Sudeste
56065,es,3200359,320035,5719,Alto Rio Novo,0,Sudeste
56073,es,3200409,320040,5607,Anchieta,0,Sudeste
56081,es,3205150,320515,2935,Vila Pavão,0,Sudeste
56090,es,3200508,320050,5609,Apiacá,0,Sudeste
56103,es,3203346,320334,2929,Marechal Floriano,0,Sudeste
56111,es,3200607,320060,5611,Aracruz,0,Sudeste
56120,es,3203320,320332,0760,Marataízes,0,Sudeste
56138,es,3200706,320070,5613,Atilio Vivacqua,0,Sudeste
56146,es,3201159,320115,0758,Brejetuba,0,Sudeste
56154,es,3200805,320080,5615,Baixo Guandu,0,Sudeste
56162,es,3204955,320495,0764,São Roque do Canaã,0,Sudeste
56170,es,3200904,320090,5617,Barra de São Francisco,0,Sudeste
56189,es,3205010,320501,0766,Sooretama,0,Sudeste
56197,es,3201001,320100,5619,Boa Esperança,0,Sudeste
56200,es,3204252,320425,0762,Ponto Belo,0,Sudeste
56219,es,3201100,320110,5621,Bom Jesus do Norte,0,Sudeste
56227,es,3205176,320517,0768,Vila Valério,0,Sudeste
56235,es,3201209,320120,5623,Cachoeiro de Itapemirim,0,Sudeste
56251,es,3201308,320130,5625,Cariacica,0,Sudeste
56278,es,3201407,320140,5627,Castelo,0,Sudeste
56294,es,3201506,320150,5629,Colatina,0,Sudeste
56308,es,3202256,320225,1114,Governador Lindenberg,0,Sudeste
56316,es,3201605,320160,5631,Conceição da Barra,0,Sudeste
56332,es,3201704,320170,5633,Conceição do Castelo,0,Sudeste
56359,es,3201803,320180,5635,Divino de São Lourenço,0,Sudeste
56375,es,3201902,320190,5637,Domingos Martins,0,Sudeste
56391,es,3202009,320200,5639,Dores do Rio Preto,0,Sudeste
56413,es,3202108,320210,5641,Ecoporanga,0,Sudeste
56430,es,3202207,320220,5643,Fundão,0,Sudeste
56456,es,3202306,320230,5645,Guaçuí,0,Sudeste
56472,es,3202405,320240,5647,Guarapari,0,Sudeste
56499,es,3202504,320250,5649,Ibiraçu,0,Sudeste
56502,es,3202553,320255,6011,Ibitirama,0,Sudeste
56510,es,3202603,320260,5651,Iconha,0,Sudeste
56537,es,3202702,320270,5653,Itaguaçu,0,Sudeste
56553,es,3202801,320280,5655,Itapemirim,0,Sudeste
56570,es,3202900,320290,5657,Itarana,0,Sudeste
56596,es,3203007,320300,5659,Iúna,0,Sudeste
56618,es,3203106,320310,5661,Jerônimo Monteiro,0,Sudeste
56626,es,3203130,320313,5721,João Neiva,0,Sudeste
56634,es,3203205,320320,5663,Linhares,0,Sudeste
56650,es,3203304,320330,5665,Mantenópolis,0,Sudeste
56677,es,3203403,320340,5667,Mimoso do Sul,0,Sudeste
56693,es,3203502,320350,5669,Montanha,0,Sudeste
56715,es,3203601,320360,5671,Mucurici,0,Sudeste
56731,es,3203700,320370,5673,Muniz Freire,0,Sudeste
56758,es,3203809,320380,5675,Muqui,0,Sudeste
56774,es,3203908,320390,5677,Nova Venécia,0,Sudeste
56790,es,3204005,320400,5679,Pancas,0,Sudeste
56812,es,3204104,320410,5681,Pinheiros,0,Sudeste
56839,es,3204203,320420,5683,Piúma,0,Sudeste
56855,es,3204302,320430,5685,Presidente Kennedy,0,Sudeste
56871,es,3204401,320440,5687,Rio Novo do Sul,0,Sudeste
56898,es,3204500,320450,5689,Santa Leopoldina,0,Sudeste
56910,es,3204609,320460,5691,Santa Teresa,0,Sudeste
56936,es,3204708,320470,5693,São Gabriel da Palha,0,Sudeste
56952,es,3204807,320480,5695,São José do Calçado,0,Sudeste
56979,es,3204906,320490,5697,São Mateus,0,Sudeste
56995,es,3205002,320500,5699,Serra,0,Sudeste
57010,es,3205101,320510,5701,Viana,0,Sudeste
57037,es,3205200,320520,5703,Vila Velha,0,Sudeste
57053,es,3205309,320530,5705,Vitória,1,Sudeste
57070,es,3203353,320335,5707,Marilândia,0,Sudeste
57096,es,3202454,320245,5709,Ibatiba,0,Sudeste
57118,es,3204351,320435,5711,Rio Bananal,0,Sudeste
57134,es,3203056,320305,5713,Jaguaré,0,Sudeste
57150,es,3204054,320405,5715,Pedro Canário,0,Sudeste
57916,es,3203163,320316,5723,Laranja da Terra,0,Sudeste
57932,es,3204559,320455,5725,Santa Maria de Jetibá,0,Sudeste
57959,es,3205036,320503,5727,Vargem Alta,0,Sudeste
57975,es,3205069,320506,5729,Venda Nova do Imigrante,0,Sudeste
57991,es,3200136,320013,5733,Águia Branca,0,Sudeste
92010,go,5200100,520010,9201,Abadiânia,0,Centro-Oeste
92029,go,5203559,520355,9775,Bonfinópolis,0,Centro-Oeste
92037,go,5200209,520020,9203,Água Limpa,0,Centro-Oeste
92053,go,5200308,520030,9205,Alexânia,0,Centro-Oeste
92061,go,5204953,520495,9781,Campos Verdes,0,Centro-Oeste
92096,go,5200506,520050,9209,Aloândia,0,Centro-Oeste
92100,go,5205455,520545,9785,Cezarina,0,Centro-Oeste
92118,go,5200605,520060,9211,Alto Paraíso de Goiás,0,Centro-Oeste
92126,go,5205521,520552,9791,Colinas do Sul,0,Centro-Oeste
92150,go,5200803,520080,9215,Alvorada do Norte,0,Centro-Oeste
92169,go,5213855,521385,9935,Morro Agudo de Goiás,0,Centro-Oeste
92177,go,5200902,520090,9217,Amorinópolis,0,Centro-Oeste
92207,go,5207352,520735,9795,Edealina,0,Centro-Oeste
92215,go,5201108,520110,9221,Anápolis,0,Centro-Oeste
92223,go,5207535,520753,9797,Faina,0,Centro-Oeste
92231,go,5201207,520120,9223,Anhanguera,0,Centro-Oeste
92258,go,5201306,520130,9225,Anicuns,0,Centro-Oeste
92266,go,5209150,520915,9799,Gouvelândia,0,Centro-Oeste
92274,go,5201405,520140,9227,Aparecida de Goiânia,0,Centro-Oeste
92282,go,5210562,521056,9919,Itaguari,0,Centro-Oeste
92290,go,5201504,520150,9229,Aporé,0,Centro-Oeste
92312,go,5201603,520160,9231,Araçu,0,Centro-Oeste
92320,go,5212956,521295,9927,Matrinchã,0,Centro-Oeste
92339,go,5201702,520170,9233,Aragarças,0,Centro-Oeste
92347,go,5213053,521305,9931,Mimoso de Goiás,0,Centro-Oeste
92355,go,5201801,520180,9235,Aragoiânia,0,Centro-Oeste
92363,go,5213756,521375,9933,Montividiu,0,Centro-Oeste
92444,go,5215256,521525,9735,Novo Planalto,0,Centro-Oeste
92460,go,5215652,521565,9737,Palestina de Goiás,0,Centro-Oeste
92495,go,5202502,520250,9249,Aruanã,0,Centro-Oeste
92517,go,5202601,520260,9251,Aurilândia,0,Centro-Oeste
92550,go,5202809,520280,9255,Avelinópolis,0,Centro-Oeste
92568,go,5219258,521925,9743,Santa Fé de Goiás,0,Centro-Oeste
92614,go,5203104,520310,9261,Baliza,0,Centro-Oeste
92622,go,5220058,522005,9747,São João da Paraúna,0,Centro-Oeste
92630,go,5203203,520320,9263,Barro Alto,0,Centro-Oeste
92649,go,5220157,522015,9749,São Luíz do Norte,0,Centro-Oeste
92657,go,5203302,520330,9265,Bela Vista de Goiás,0,Centro-Oeste
92665,go,5220264,522026,9751,São Miguel do Passa Quatro,0,Centro-Oeste
92673,go,5203401,520340,9267,Bom Jardim de Goiás,0,Centro-Oeste
92690,go,5203500,520350,9269,Bom Jesus de Goiás,0,Centro-Oeste
92703,go,5220454,522045,9753,Senador Canedo,0,Centro-Oeste
92711,go,5203609,520360,9271,Brazabrantes,0,Centro-Oeste
92720,go,5220686,522068,9755,Simolândia,0,Centro-Oeste
92754,go,5203807,520380,9275,Britânia,0,Centro-Oeste
92762,go,5221080,522108,9759,Teresina de Goiás,0,Centro-Oeste
92770,go,5203906,520390,9277,Buriti Alegre,0,Centro-Oeste
92789,go,5221452,522145,9761,Trombas,0,Centro-Oeste
92797,go,5204003,520400,9279,Cabeceiras,0,Centro-Oeste
92800,go,5221551,522155,9765,Turvelândia,0,Centro-Oeste
92819,go,5204102,520410,9281,Cachoeira Alta,0,Centro-Oeste
92827,go,5218789,521878,9995,Rio Quente,0,Centro-Oeste
92835,go,5204201,520420,9283,Cachoeira de Goiás,0,Centro-Oeste
92851,go,5204300,520430,9285,Caçu,0,Centro-Oeste
92860,go,5209457,520945,9993,Guarinos,0,Centro-Oeste
92878,go,5204409,520440,9287,Caiapônia,0,Centro-Oeste
92886,go,5205513,520551,0055,Cocalzinho de Goiás,0,Centro-Oeste
92894,go,5204508,520450,9289,Caldas Novas,0,Centro-Oeste
92908,go,5219738,521973,0053,Santo Antônio de Goiás,0,Centro-Oeste
92916,go,5204607,520460,9291,Campestre de Goiás,0,Centro-Oeste
92924,go,5205471,520547,0073,Chapadão do Céu,0,Centro-Oeste
92932,go,5204706,520470,9293,Campinorte,0,Centro-Oeste
92940,go,5200555,520055,0085,Alto Horizonte,0,Centro-Oeste
92959,go,5204805,520480,9295,Campo Alegre de Goiás,0,Centro-Oeste
92967,go,5205059,520505,0081,Castelândia,0,Centro-Oeste
92975,go,5204904,520490,9297,Campos Belos,0,Centro-Oeste
92983,go,5212055,521205,0049,Jesúpolis,0,Centro-Oeste
92991,go,5205000,520500,9299,Carmo do Rio Verde,0,Centro-Oeste
93009,go,5201454,520145,0071,Aparecida do Rio Doce,0,Centro-Oeste
93017,go,5205109,520510,9301,Catalão,0,Centro-Oeste
93025,go,5205497,520549,0077,Cidade Ocidental,0,Centro-Oeste
93033,go,5205208,520520,9303,Caturaí,0,Centro-Oeste
93041,go,5218391,521839,0051,Professor Jamil,0,Centro-Oeste
93050,go,5205307,520530,9305,Cavalcante,0,Centro-Oeste
93068,go,5216452,521645,0075,Perolândia,0,Centro-Oeste
93076,go,5205406,520540,9307,Ceres,0,Centro-Oeste
93084,go,5214879,521487,0087,Nova Iguaçu de Goiás,0,Centro-Oeste
93092,go,5208301,520830,9309,Divinópolis de Goiás,0,Centro-Oeste
93106,go,5203939,520393,0063,Buriti de Goiás,0,Centro-Oeste
93122,go,5204557,520455,0031,Caldazinha,0,Centro-Oeste
93149,go,5209291,520929,0065,Guaraíta,0,Centro-Oeste
93157,go,5205703,520570,9315,Córrego do Ouro,0,Centro-Oeste
93165,go,5209937,520993,0069,Inaciolândia,0,Centro-Oeste
93173,go,5205802,520580,9317,Corumbá de Goiás,0,Centro-Oeste
93181,go,5213772,521377,0079,Montividiu do Norte,0,Centro-Oeste
93190,go,5205901,520590,9319,Corumbaíba,0,Centro-Oeste
93203,go,5219712,521971,0083,Santo Antônio da Barra,0,Centro-Oeste
93220,go,5221197,522119,0057,Terezópolis de Goiás,0,Centro-Oeste
93246,go,5221577,522157,0059,Uirapuru,0,Centro-Oeste
93254,go,5206206,520620,9325,Cristalina,0,Centro-Oeste
93262,go,5203962,520396,0061,Buritinópolis,0,Centro-Oeste
93270,go,5206305,520630,9327,Cristianópolis,0,Centro-Oeste
93289,go,5222203,522220,0067,Vila Boa,0,Centro-Oeste
93297,go,5206404,520640,9329,Crixás,0,Centro-Oeste
93300,go,5221858,522185,1066,Valparaíso de Goiás,0,Centro-Oeste
93319,go,5206503,520650,9331,Cromínia,0,Centro-Oeste
93327,go,5215231,521523,1058,Novo Gama,0,Centro-Oeste
93335,go,5206602,520660,9333,Cumari,0,Centro-Oeste
93343,go,5200258,520025,1052,Águas Lindas de Goiás,0,Centro-Oeste
93351,go,5206701,520670,9335,Damianópolis,0,Centro-Oeste
93360,go,5200050,520005,1050,Abadia de Goiás,0,Centro-Oeste
93378,go,5206800,520680,9337,Damolândia,0,Centro-Oeste
93386,go,5200829,520082,1054,Amaralina,0,Centro-Oeste
93394,go,5206909,520690,9339,Davinópolis,0,Centro-Oeste
93408,go,5203575,520357,1056,Bonópolis,0,Centro-Oeste
93424,go,5218052,521805,1060,Porteirão,0,Centro-Oeste
93432,go,5207105,520710,9343,Diorama,0,Centro-Oeste
93440,go,5219456,521945,1062,Santa Rita do Novo Destino,0,Centro-Oeste
93483,go,5220280,522028,1064,São Patrício,0,Centro-Oeste
93491,go,5207402,520740,9349,Edéia,0,Centro-Oeste
93505,go,5222302,522230,1068,Vila Propício,0,Centro-Oeste
93513,go,5207501,520750,9351,Estrela do Norte,0,Centro-Oeste
93530,go,5207600,520760,9353,Fazenda Nova,0,Centro-Oeste
93548,go,5210158,521015,1074,Ipiranga de Goiás,0,Centro-Oeste
93564,go,5208152,520815,1072,Gameleira de Goiás,0,Centro-Oeste
93572,go,5207808,520780,9357,Firminópolis,0,Centro-Oeste
93580,go,5204854,520485,1070,Campo Limpo de Goiás,0,Centro-Oeste
93599,go,5207907,520790,9359,Flores de Goiás,0,Centro-Oeste
93602,go,5212253,521225,1076,Lagoa Santa,0,Centro-Oeste
93610,go,5208004,520800,9361,Formosa,0,Centro-Oeste
93637,go,5208103,520810,9363,Formoso,0,Centro-Oeste
93670,go,5208400,520840,9367,Goianápolis,0,Centro-Oeste
93696,go,5208509,520850,9369,Goiandira,0,Centro-Oeste
93718,go,5208608,520860,9371,Goianésia,0,Centro-Oeste
93734,go,5208707,520870,9373,Goiânia,1,Centro-Oeste
93750,go,5208806,520880,9375,Goianira,0,Centro-Oeste
93777,go,5208905,520890,9377,Goiás,0,Centro-Oeste
93793,go,5209101,520910,9379,Goiatuba,0,Centro-Oeste
93815,go,5209200,520920,9381,Guapó,0,Centro-Oeste
93831,go,5209408,520940,9383,Guarani de Goiás,0,Centro-Oeste
93874,go,5209606,520960,9387,Heitoraí,0,Centro-Oeste
93890,go,5209705,520970,9389,Hidrolândia,0,Centro-Oeste
93912,go,5209804,520980,9391,Hidrolina,0,Centro-Oeste
93939,go,5209903,520990,9393,Iaciara,0,Centro-Oeste
93955,go,5210000,521000,9395,Inhumas,0,Centro-Oeste
93971,go,5210109,521010,9397,Ipameri,0,Centro-Oeste
93998,go,5210208,521020,9399,Iporá,0,Centro-Oeste
94013,go,5210307,521030,9401,Israelândia,0,Centro-Oeste
94030,go,5210406,521040,9403,Itaberaí,0,Centro-Oeste
94072,go,5210604,521060,9407,Itaguaru,0,Centro-Oeste
94110,go,5210802,521080,9411,Itajá,0,Centro-Oeste
94137,go,5210901,521090,9413,Itapaci,0,Centro-Oeste
94153,go,5211008,521100,9415,Itapirapuã,0,Centro-Oeste
94196,go,5211206,521120,9419,Itapuranga,0,Centro-Oeste
94218,go,5211305,521130,9421,Itarumã,0,Centro-Oeste
94234,go,5211404,521140,9423,Itauçu,0,Centro-Oeste
94250,go,5211503,521150,9425,Itumbiara,0,Centro-Oeste
94277,go,5211602,521160,9427,Ivolândia,0,Centro-Oeste
94293,go,5211701,521170,9429,Jandaia,0,Centro-Oeste
94315,go,5211800,521180,9431,Jaraguá,0,Centro-Oeste
94331,go,5211909,521190,9433,Jataí,0,Centro-Oeste
94358,go,5212006,521200,9435,Jaupaci,0,Centro-Oeste
94374,go,5212105,521210,9437,Joviânia,0,Centro-Oeste
94390,go,5212204,521220,9439,Jussara,0,Centro-Oeste
94439,go,5212303,521230,9443,Leopoldo de Bulhões,0,Centro-Oeste
94455,go,5212501,521250,9445,Luziânia,0,Centro-Oeste
94471,go,5212600,521260,9447,Mairipotaba,0,Centro-Oeste
94498,go,5212709,521270,9449,Mambaí,0,Centro-Oeste
94510,go,5212808,521280,9451,Mara Rosa,0,Centro-Oeste
94536,go,5212907,521290,9453,Marzagão,0,Centro-Oeste
94552,go,5216304,521630,9455,Paranaiguara,0,Centro-Oeste
94579,go,5213004,521300,9457,Maurilândia,0,Centro-Oeste
94595,go,5213103,521310,9459,Mineiros,0,Centro-Oeste
94650,go,5213400,521340,9465,Moiporá,0,Centro-Oeste
94676,go,5213509,521350,9467,Monte Alegre de Goiás,0,Centro-Oeste
94714,go,5213707,521370,9471,Montes Claros de Goiás,0,Centro-Oeste
94730,go,5213806,521380,9473,Morrinhos,0,Centro-Oeste
94757,go,5213905,521390,9475,Mossâmedes,0,Centro-Oeste
94773,go,5214002,521400,9477,Mozarlândia,0,Centro-Oeste
94790,go,5214101,521410,9479,Mutunópolis,0,Centro-Oeste
94854,go,5214408,521440,9485,Nazário,0,Centro-Oeste
94870,go,5214507,521450,9487,Nerópolis,0,Centro-Oeste
94897,go,5214606,521460,9489,Niquelândia,0,Centro-Oeste
94919,go,5214705,521470,9491,Nova América,0,Centro-Oeste
94935,go,5214804,521480,9493,Nova Aurora,0,Centro-Oeste
94951,go,5214903,521490,9495,Nova Roma,0,Centro-Oeste
94978,go,5215009,521500,9497,Nova Veneza,0,Centro-Oeste
95010,go,5215207,521520,9501,Novo Brasil,0,Centro-Oeste
95036,go,5215306,521530,9503,Orizona,0,Centro-Oeste
95052,go,5215405,521540,9505,Ouro Verde de Goiás,0,Centro-Oeste
95079,go,5215504,521550,9507,Ouvidor,0,Centro-Oeste
95095,go,5215603,521560,9509,Padre Bernardo,0,Centro-Oeste
95117,go,5215702,521570,9511,Palmeiras de Goiás,0,Centro-Oeste
95133,go,5215801,521580,9513,Palmelo,0,Centro-Oeste
95150,go,5215900,521590,9515,Palminópolis,0,Centro-Oeste
95176,go,5216007,521600,9517,Panamá,0,Centro-Oeste
95230,go,5216403,521640,9523,Paraúna,0,Centro-Oeste
95311,go,5216809,521680,9531,Petrolina de Goiás,0,Centro-Oeste
95354,go,5216908,521690,9535,Pilar de Goiás,0,Centro-Oeste
95397,go,5217104,521710,9539,Piracanjuba,0,Centro-Oeste
95419,go,5217203,521720,9541,Piranhas,0,Centro-Oeste
95435,go,5217302,521730,9543,Pirenópolis,0,Centro-Oeste
95451,go,5217401,521740,9545,Pires do Rio,0,Centro-Oeste
95494,go,5217708,521770,9549,Pontalina,0,Centro-Oeste
95559,go,5218003,521800,9555,Porangatu,0,Centro-Oeste
95575,go,5218102,521810,9557,Portelândia,0,Centro-Oeste
95613,go,5218300,521830,9561,Posse,0,Centro-Oeste
95630,go,5218508,521850,9563,Quirinópolis,0,Centro-Oeste
95656,go,5218607,521860,9565,Rialma,0,Centro-Oeste
95672,go,5218706,521870,9567,Rianápolis,0,Centro-Oeste
95710,go,5218805,521880,9571,Rio Verde,0,Centro-Oeste
95737,go,5218904,521890,9573,Rubiataba,0,Centro-Oeste
95753,go,5219001,521900,9575,Sanclerlândia,0,Centro-Oeste
95770,go,5219100,521910,9577,Santa Bárbara de Goiás,0,Centro-Oeste
95796,go,5219209,521920,9579,Santa Cruz de Goiás,0,Centro-Oeste
95818,go,5219308,521930,9581,Santa Helena de Goiás,0,Centro-Oeste
95834,go,5219407,521940,9583,Santa Rita do Araguaia,0,Centro-Oeste
95850,go,5219506,521950,9585,Santa Rosa de Goiás,0,Centro-Oeste
95877,go,5219605,521960,9587,Santa Tereza de Goiás,0,Centro-Oeste
95893,go,5219704,521970,9589,Santa Terezinha de Goiás,0,Centro-Oeste
95915,go,5219803,521980,9591,São Domingos,0,Centro-Oeste
95931,go,5219902,521990,9593,São Francisco de Goiás,0,Centro-Oeste
95958,go,5217609,521760,9595,Planaltina,0,Centro-Oeste
95974,go,5220009,522000,9597,São João d'Aliança,0,Centro-Oeste
95990,go,5220108,522010,9599,São Luís de Montes Belos,0,Centro-Oeste
96016,go,5220207,522020,9601,São Miguel do Araguaia,0,Centro-Oeste
96059,go,5220405,522040,9605,São Simão,0,Centro-Oeste
96075,go,5220504,522050,9607,Serranópolis,0,Centro-Oeste
96091,go,5220603,522060,9609,Silvânia,0,Centro-Oeste
96113,go,5220702,522070,9611,Sítio d'Abadia,0,Centro-Oeste
96172,go,5221007,522100,9617,Taquaral de Goiás,0,Centro-Oeste
96237,go,5221304,522130,9623,Três Ranchos,0,Centro-Oeste
96253,go,5221403,522140,9625,Trindade,0,Centro-Oeste
96318,go,5221502,522150,9631,Turvânia,0,Centro-Oeste
96334,go,5221601,522160,9633,Uruaçu,0,Centro-Oeste
96350,go,5221700,522170,9635,Uruana,0,Centro-Oeste
96377,go,5221809,522180,9637,Urutaí,0,Centro-Oeste
96393,go,5221908,522190,9639,Varjão,0,Centro-Oeste
96415,go,5222005,522200,9641,Vianópolis,0,Centro-Oeste
96458,go,5200134,520013,9645,Acreúna,0,Centro-Oeste
96474,go,5213087,521308,9647,Minaçu,0,Centro-Oeste
96512,go,5214051,521405,9651,Mundo Novo,0,Centro-Oeste
96539,go,5214838,521483,9653,Nova Crixás,0,Centro-Oeste
96555,go,5214861,521486,9655,Nova Glória,0,Centro-Oeste
96571,go,5222054,522205,9657,Vicentinópolis,0,Centro-Oeste
96610,go,5200852,520085,9661,Americano do Brasil,0,Centro-Oeste
96695,go,5202155,520215,9669,Araguapaz,0,Centro-Oeste
96717,go,5202353,520235,9671,Arenópolis,0,Centro-Oeste
96733,go,5204250,520425,9673,Cachoeira Dourada,0,Centro-Oeste
96750,go,5207253,520725,9675,Doverlândia,0,Centro-Oeste
96776,go,5219753,521975,9677,Santo Antônio do Descoberto,0,Centro-Oeste
96814,go,5209952,520995,9681,Indiara,0,Centro-Oeste
96873,go,5204656,520465,9687,Campinaçu,0,Centro-Oeste
96890,go,5219357,521935,9689,Santa Isabel,0,Centro-Oeste
96911,go,5200159,520015,9769,Adelândia,0,Centro-Oeste
96938,go,5200175,520017,9771,Água Fria de Goiás,0,Centro-Oeste
07005,ma,2100154,210015,0104,Água Doce do Maranhão,0,Nordeste
07013,ma,2100105,210010,0701,Afonso Cunha,0,Nordeste
07021,ma,2100436,210043,0106,Alto Alegre do Maranhão,0,Nordeste
07030,ma,2100204,210020,0703,Alcântara,0,Nordeste
07048,ma,2100477,210047,0108,Alto Alegre do Pindaré,0,Nordeste
07056,ma,2100303,210030,0705,Aldeias Altas,0,Nordeste
07064,ma,2100832,210083,0112,Apicum-Açu,0,Nordeste
07072,ma,2100402,210040,0707,Altamira do Maranhão,0,Nordeste
07080,ma,2100550,210055,0110,Amapá do Maranhão,0,Nordeste
07099,ma,2100501,210050,0709,Alto Parnaíba,0,Nordeste
07102,ma,2100873,210087,0114,Araguanã,0,Nordeste
07110,ma,2100600,210060,0711,Amarante do Maranhão,0,Nordeste
07129,ma,2101251,210125,0116,Bacabeira,0,Nordeste
07137,ma,2100709,210070,0713,Anajatuba,0,Nordeste
07145,ma,2101350,210135,0118,Bacurituba,0,Nordeste
07153,ma,2100808,210080,0715,Anapurus,0,Nordeste
07161,ma,2101731,210173,0120,Belágua,0,Nordeste
07170,ma,2100907,210090,0717,Araioses,0,Nordeste
07188,ma,2101772,210177,0122,Bela Vista do Maranhão,0,Nordeste
07196,ma,2101004,210100,0719,Arari,0,Nordeste
07200,ma,2101939,210193,0124,Bernardo do Mearim,0,Nordeste
07218,ma,2101103,210110,0721,Axixá,0,Nordeste
07226,ma,2102374,210237,0138,Cachoeira Grande,0,Nordeste
07234,ma,2101202,210120,0723,Bacabal,0,Nordeste
07242,ma,2103752,210375,0154,Davinópolis,0,Nordeste
07250,ma,2101301,210130,0725,Bacuri,0,Nordeste
07269,ma,2102036,210203,0128,Bom Jesus das Selvas,0,Nordeste
07277,ma,2101400,210140,0727,Balsas,0,Nordeste
07285,ma,2102077,210207,0130,Bom Lugar,0,Nordeste
07293,ma,2101509,210150,0729,Barão de Grajaú,0,Nordeste
07307,ma,2102150,210215,0132,Brejo de Areia,0,Nordeste
07315,ma,2101608,210160,0731,Barra do Corda,0,Nordeste
07323,ma,2101970,210197,0126,Boa Vista do Gurupi,0,Nordeste
07331,ma,2101707,210170,0733,Barreirinhas,0,Nordeste
07340,ma,2102325,210232,0134,Buriticupu,0,Nordeste
07358,ma,2101806,210180,0735,Benedito Leite,0,Nordeste
07366,ma,2102358,210235,0136,Buritirana,0,Nordeste
07374,ma,2101905,210190,0737,Bequimão,0,Nordeste
07382,ma,2102556,210255,0140,Campestre do Maranhão,0,Nordeste
07390,ma,2102101,210210,0739,Brejo,0,Nordeste
07404,ma,2102754,210275,0142,Capinzal do Norte,0,Nordeste
07412,ma,2102200,210220,0741,Buriti,0,Nordeste
07420,ma,2103125,210312,0144,Central do Maranhão,0,Nordeste
07439,ma,2102309,210230,0743,Buriti Bravo,0,Nordeste
07447,ma,2103158,210315,0146,Centro do Guilherme,0,Nordeste
07455,ma,2102408,210240,0745,Cajapió,0,Nordeste
07463,ma,2103174,210317,0148,Centro Novo do Maranhão,0,Nordeste
07471,ma,2102507,210250,0747,Cajari,0,Nordeste
07480,ma,2103257,210325,0150,Cidelândia,0,Nordeste
07498,ma,2102606,210260,0749,Cândido Mendes,0,Nordeste
07501,ma,2103554,210355,0152,Conceição do Lago-Açu,0,Nordeste
07510,ma,2102705,210270,0751,Cantanhede,0,Nordeste
07528,ma,2104073,210407,0156,Feira Nova do Maranhão,0,Nordeste
07536,ma,2102804,210280,0753,Carolina,0,Nordeste
07544,ma,2104081,210408,0158,Fernando Falcão,0,Nordeste
07552,ma,2102903,210290,0755,Carutapera,0,Nordeste
07560,ma,2104099,210409,0160,Formosa da Serra Negra,0,Nordeste
07579,ma,2103000,210300,0757,Caxias,0,Nordeste
07595,ma,2103109,210310,0759,Cedral,0,Nordeste
07609,ma,2104552,210455,0162,Governador Edison Lobão,0,Nordeste
07617,ma,2103208,210320,0761,Chapadinha,0,Nordeste
07625,ma,2104628,210462,0164,Governador Luiz Rocha,0,Nordeste
07633,ma,2103307,210330,0763,Codó,0,Nordeste
07641,ma,2104651,210465,0166,Governador Newton Bello,0,Nordeste
07650,ma,2103406,210340,0765,Coelho Neto,0,Nordeste
07668,ma,2104677,210467,0168,Governador Nunes Freire,0,Nordeste
07676,ma,2103505,210350,0767,Colinas,0,Nordeste
07684,ma,2105153,210515,0170,Igarapé do Meio,0,Nordeste
07692,ma,2103604,210360,0769,Coroatá,0,Nordeste
07706,ma,2105351,210535,0172,Itaipava do Grajaú,0,Nordeste
07714,ma,2103703,210370,0771,Cururupu,0,Nordeste
07722,ma,2105427,210542,0174,Itinga do Maranhão,0,Nordeste
07730,ma,2103802,210380,0773,Dom Pedro,0,Nordeste
07749,ma,2105450,210545,0176,Jatobá,0,Nordeste
07757,ma,2103901,210390,0775,Duque Bacelar,0,Nordeste
07765,ma,2105476,210547,0178,Jenipapo dos Vieiras,0,Nordeste
07773,ma,2104008,210400,0777,Esperantinópolis,0,Nordeste
07781,ma,2105658,210565,0180,Junco do Maranhão,0,Nordeste
07790,ma,2104107,210410,0779,Fortaleza dos Nogueiras,0,Nordeste
07803,ma,2105948,210594,0184,Lago dos Rodrigues,0,Nordeste
07811,ma,2104206,210420,0781,Fortuna,0,Nordeste
07820,ma,2105922,210592,0182,Lagoa do Mato,0,Nordeste
07838,ma,2104305,210430,0783,Godofredo Viana,0,Nordeste
07846,ma,2105963,210596,0186,Lagoa Grande do Maranhão,0,Nordeste
07854,ma,2104404,210440,0785,Gonçalves Dias,0,Nordeste
07862,ma,2105989,210598,0188,Lajeado Novo,0,Nordeste
07870,ma,2104503,210450,0787,Governador Archer,0,Nordeste
07889,ma,2106326,210632,0190,Maracaçumé,0,Nordeste
07897,ma,2104602,210460,0789,Governador Eugênio Barros,0,Nordeste
07900,ma,2106359,210635,0192,Marajá do Sena,0,Nordeste
07919,ma,2104701,210470,0791,Graça Aranha,0,Nordeste
07927,ma,2106375,210637,0194,Maranhãozinho,0,Nordeste
07935,ma,2104800,210480,0793,Grajaú,0,Nordeste
07943,ma,2106631,210663,0196,Matões do Norte,0,Nordeste
07951,ma,2104909,210490,0795,Guimarães,0,Nordeste
07960,ma,2106672,210667,0198,Milagres do Maranhão,0,Nordeste
07978,ma,2105005,210500,0797,Humberto de Campos,0,Nordeste
07986,ma,2107258,210725,0200,Nova Colinas,0,Nordeste
07994,ma,2105104,210510,0799,Icatu,0,Nordeste
08001,ma,2107357,210735,0202,Nova Olinda do Maranhão,0,Nordeste
08010,ma,2105203,210520,0801,Igarapé Grande,0,Nordeste
08028,ma,2107456,210745,0204,Olinda Nova do Maranhão,0,Nordeste
08036,ma,2105302,210530,0803,Imperatriz,0,Nordeste
08044,ma,2108058,210805,0206,Paulino Neves,0,Nordeste
08052,ma,2111409,211140,0805,São Luís Gonzaga do Maranhão,0,Nordeste
08060,ma,2108256,210825,0208,Pedro do Rosário,0,Nordeste
08079,ma,2105401,210540,0807,Itapecuru Mirim,0,Nordeste
08087,ma,2108454,210845,0210,Peritoró,0,Nordeste
08095,ma,2105500,210550,0809,João Lisboa,0,Nordeste
08109,ma,2109056,210905,0212,Porto Rico do Maranhão,0,Nordeste
08117,ma,2105609,210560,0811,Joselândia,0,Nordeste
08125,ma,2109239,210923,0214,Presidente Médici,0,Nordeste
08133,ma,2105708,210570,0813,Lago da Pedra,0,Nordeste
08141,ma,2109270,210927,0216,Presidente Sarney,0,Nordeste
08150,ma,2105807,210580,0815,Lago do Junco,0,Nordeste
08168,ma,2109452,210945,0218,Raposa,0,Nordeste
08176,ma,2105906,210590,0817,Lago Verde,0,Nordeste
08184,ma,2109551,210955,0220,Ribamar Fiquene,0,Nordeste
08192,ma,2106003,210600,0819,Lima Campos,0,Nordeste
08206,ma,2109759,210975,0222,Santa Filomena do Maranhão,0,Nordeste
08214,ma,2106102,210610,0821,Loreto,0,Nordeste
08222,ma,2110237,211023,0224,Santana do Maranhão,0,Nordeste
08230,ma,2106201,210620,0823,Luís Domingues,0,Nordeste
08249,ma,2110278,211027,0226,Santo Amaro do Maranhão,0,Nordeste
08257,ma,2106300,210630,0825,Magalhães de Almeida,0,Nordeste
08265,ma,2110658,211065,0228,São Domingos do Azeitão,0,Nordeste
08273,ma,2106409,210640,0827,Mata Roma,0,Nordeste
08281,ma,2110856,211085,0230,São Francisco do Brejão,0,Nordeste
08290,ma,2106508,210650,0829,Matinha,0,Nordeste
08303,ma,2111029,211102,0232,São João do Carú,0,Nordeste
08311,ma,2106607,210660,0831,Matões,0,Nordeste
08320,ma,2111052,211105,0234,São João do Paraíso,0,Nordeste
08338,ma,2106706,210670,0833,Mirador,0,Nordeste
08346,ma,2111078,211107,0236,São João do Soter,0,Nordeste
08354,ma,2106805,210680,0835,Mirinzal,0,Nordeste
08362,ma,2111250,211125,0238,São José dos Basílios,0,Nordeste
08370,ma,2106904,210690,0837,Monção,0,Nordeste
08389,ma,2111532,211153,0240,São Pedro da Água Branca,0,Nordeste
08397,ma,2107001,210700,0839,Montes Altos,0,Nordeste
08400,ma,2111573,211157,0242,São Pedro dos Crentes,0,Nordeste
08419,ma,2107100,210710,0841,Morros,0,Nordeste
08427,ma,2111631,211163,0244,São Raimundo do Doca Bezerra,0,Nordeste
08435,ma,2107209,210720,0843,Nina Rodrigues,0,Nordeste
08443,ma,2111672,211167,0246,São Roberto,0,Nordeste
08451,ma,2107308,210730,0845,Nova Iorque,0,Nordeste
08460,ma,2111722,211172,0248,Satubinha,0,Nordeste
08478,ma,2107407,210740,0847,Olho d'Água das Cunhãs,0,Nordeste
08486,ma,2111748,211174,0250,Senador Alexandre Costa,0,Nordeste
08494,ma,2107506,210750,0849,Paço do Lumiar,0,Nordeste
08508,ma,2111763,211176,0252,Senador La Rocque,0,Nordeste
08516,ma,2107605,210760,0851,Palmeirândia,0,Nordeste
08524,ma,2111789,211178,0254,Serrano do Maranhão,0,Nordeste
08532,ma,2107704,210770,0853,Paraibano,0,Nordeste
08540,ma,2111953,211195,0256,Sucupira do Riachão,0,Nordeste
08559,ma,2107803,210780,0855,Parnarama,0,Nordeste
08567,ma,2112233,211223,0258,Trizidela do Vale,0,Nordeste
08575,ma,2107902,210790,0857,Passagem Franca,0,Nordeste
08583,ma,2112274,211227,0260,Tufilândia,0,Nordeste
08591,ma,2108009,210800,0859,Pastos Bons,0,Nordeste
08605,ma,2112456,211245,0262,Turilândia,0,Nordeste
08613,ma,2108207,210820,0861,Pedreiras,0,Nordeste
08621,ma,2112852,211285,0264,Vila Nova dos Martírios,0,Nordeste
08630,ma,2108306,210830,0863,Penalva,0,Nordeste
08656,ma,2108405,210840,0865,Peri Mirim,0,Nordeste
08672,ma,2108504,210850,0867,Pindaré-Mirim,0,Nordeste
08699,ma,2108603,210860,0869,Pinheiro,0,Nordeste
08710,ma,2108702,210870,0871,Pio XII,0,Nordeste
08737,ma,2108801,210880,0873,Pirapemas,0,Nordeste
08753,ma,2108900,210890,0875,Poção de Pedras,0,Nordeste
08770,ma,2109007,210900,0877,Porto Franco,0,Nordeste
08796,ma,2109106,210910,0879,Presidente Dutra,0,Nordeste
08818,ma,2109205,210920,0881,Presidente Juscelino,0,Nordeste
08834,ma,2109304,210930,0883,Presidente Vargas,0,Nordeste
08850,ma,2109403,210940,0885,Primeira Cruz,0,Nordeste
08877,ma,2109502,210950,0887,Riachão,0,Nordeste
08893,ma,2111201,211120,0889,São José de Ribamar,0,Nordeste
08915,ma,2109601,210960,0891,Rosário,0,Nordeste
08931,ma,2109700,210970,0893,Sambaíba,0,Nordeste
08958,ma,2109809,210980,0895,Santa Helena,0,Nordeste
08974,ma,2110005,211000,0897,Santa Luzia,0,Nordeste
08990,ma,2110104,211010,0899,Santa Quitéria do Maranhão,0,Nordeste
09016,ma,2110203,211020,0901,Santa Rita,0,Nordeste
09032,ma,2110302,211030,0903,Santo Antônio dos Lopes,0,Nordeste
09059,ma,2110401,211040,0905,São Benedito do Rio Preto,0,Nordeste
09075,ma,2110500,211050,0907,São Bento,0,Nordeste
09091,ma,2110609,211060,0909,São Bernardo,0,Nordeste
09113,ma,2110708,211070,0911,São Domingos do Maranhão,0,Nordeste
09130,ma,2110807,211080,0913,São Félix de Balsas,0,Nordeste
09156,ma,2110906,211090,0915,São Francisco do Maranhão,0,Nordeste
09172,ma,2111003,211100,0917,São João Batista,0,Nordeste
09199,ma,2111102,211110,0919,São João dos Patos,0,Nordeste
09210,ma,2111300,211130,0921,São Luís,1,Nordeste
09237,ma,2111508,211150,0923,São Mateus do Maranhão,0,Nordeste
09253,ma,2111607,211160,0925,São Raimundo das Mangabeiras,0,Nordeste
09270,ma,2111706,211170,0927,São Vicente Ferrer,0,Nordeste
09296,ma,2111805,211180,0929,Sítio Novo,0,Nordeste
09318,ma,2111904,211190,0931,Sucupira do Norte,0,Nordeste
09334,ma,2112001,211200,0933,Tasso Fragoso,0,Nordeste
09350,ma,2112100,211210,0935,Timbiras,0,Nordeste
09377,ma,2112209,211220,0937,Timon,0,Nordeste
09393,ma,2112308,211230,0939,Tuntum,0,Nordeste
09415,ma,2112407,211240,0941,Turiaçu,0,Nordeste
09431,ma,2112506,211250,0943,Tutóia,0,Nordeste
09458,ma,2112605,211260,0945,Urbano Santos,0,Nordeste
09474,ma,2112704,211270,0947,Vargem Grande,0,Nordeste
09490,ma,2112803,211280,0949,Viana,0,Nordeste
09512,ma,2112902,211290,0951,Vitória do Mearim,0,Nordeste
09539,ma,2113009,211300,0953,Vitorino Freire,0,Nordeste
09555,ma,2102002,210200,0955,Bom Jardim,0,Nordeste
09571,ma,2109908,210990,0957,Santa Inês,0,Nordeste
09598,ma,2108108,210810,0959,Paulo Ramos,0,Nordeste
09610,ma,2100055,210005,0961,Açailândia,0,Nordeste
09636,ma,2104057,210405,0963,Estreito,0,Nordeste
09652,ma,2110039,211003,1285,Santa Luzia do Paruá,0,Nordeste
09679,ma,2100956,210095,1281,Arame,0,Nordeste
09695,ma,2106755,210675,1283,Miranda do Norte,0,Nordeste
09717,ma,2114007,211400,1287,Zé Doca,0,Nordeste
40002,mg,3101631,310163,2681,Alfredo Vasconcelos,0,Sudeste
40010,mg,3100104,310010,4001,Abadia dos Dourados,0,Sudeste
40029,mg,3103751,310375,2903,Araporã,0,Sudeste
40037,mg,3100203,310020,4003,Abaeté,0,Sudeste
40045,mg,3108552,310855,0574,Brasilândia de Minas,0,Sudeste
40053,mg,3100302,310030,4005,Abre Campo,0,Sudeste
40061,mg,3112653,311265,2651,Capitão Andrade,0,Sudeste
40070,mg,3100401,310040,4007,Acaiaca,0,Sudeste
40088,mg,3114550,311455,2685,Carneirinho,0,Sudeste
40096,mg,3100500,310050,4009,Açucena,0,Sudeste
40100,mg,3115458,311545,2653,Catuji,0,Sudeste
40118,mg,3100609,310060,4011,Água Boa,0,Sudeste
40126,mg,3122355,312235,0604,Divisa Alegre,0,Sudeste
40134,mg,3100708,310070,4013,Água Comprida,0,Sudeste
40142,mg,3122454,312245,2657,Divisópolis,0,Sudeste
40150,mg,3100807,310080,4015,Aguanil,0,Sudeste
40169,mg,3123528,312352,2675,Durandé,0,Sudeste
40177,mg,3100906,310090,4017,Águas Formosas,0,Sudeste
40185,mg,3123858,312385,2663,Entre Folhas,0,Sudeste
40193,mg,3101003,310100,4019,Águas Vermelhas,0,Sudeste
40207,mg,3125952,312595,2683,Fervedouro,0,Sudeste
40215,mg,3101102,310110,4021,Aimorés,0,Sudeste
40223,mg,3126752,312675,0608,Franciscópolis,0,Sudeste
40231,mg,3101201,310120,4023,Aiuruoca,0,Sudeste
40240,mg,3130051,313005,2693,Icaraí de Minas,0,Sudeste
40258,mg,3101300,310130,4025,Alagoa,0,Sudeste
40266,mg,3131158,313115,2665,Ipaba,0,Sudeste
40274,mg,3101409,310140,4027,Albertina,0,Sudeste
40282,mg,3135050,313505,2893,Jaíba,0,Sudeste
40290,mg,3101508,310150,4029,Além Paraíba,0,Sudeste
40304,mg,3135076,313507,2655,Jampruca,0,Sudeste
40312,mg,3101607,310160,4031,Alfenas,0,Sudeste
40320,mg,3136652,313665,2691,Juatuba,0,Sudeste
40339,mg,3101706,310170,4033,Almenara,0,Sudeste
40347,mg,3137536,313753,2905,Lagoa Grande,0,Sudeste
40355,mg,3101805,310180,4035,Alpercata,0,Sudeste
40363,mg,3138625,313862,2687,Limeira do Oeste,0,Sudeste
40371,mg,3101904,310190,4037,Alpinópolis,0,Sudeste
40380,mg,3138658,313865,2695,Lontra,0,Sudeste
40398,mg,3102001,310200,4039,Alterosa,0,Sudeste
40401,mg,3139250,313925,2895,Mamonas,0,Sudeste
40410,mg,3102100,310210,4041,Alto Rio Doce,0,Sudeste
40428,mg,3140555,314055,2659,Mata Verde,0,Sudeste
40436,mg,3102209,310220,4043,Alvarenga,0,Sudeste
40444,mg,3140852,314085,2897,Matias Cardoso,0,Sudeste
40452,mg,3102308,310230,4045,Alvinópolis,0,Sudeste
40460,mg,3143450,314345,2697,Montezuma,0,Sudeste
40479,mg,3102407,310240,4047,Alvorada de Minas,0,Sudeste
40487,mg,3144359,314435,0656,Naque,0,Sudeste
40495,mg,3102506,310250,4049,Amparo do Serra,0,Sudeste
40509,mg,3145356,314535,0666,Novo Oriente de Minas,0,Sudeste
40517,mg,3102605,310260,4051,Andradas,0,Sudeste
40525,mg,3146750,314675,2661,Palmópolis,0,Sudeste
40533,mg,3102704,310270,4053,Cachoeira de Pajeú,0,Sudeste
40541,mg,3149150,314915,2899,Pedras de Maria da Cruz,0,Sudeste
40550,mg,3102803,310280,4055,Andrelândia,0,Sudeste
40568,mg,3149952,314995,0684,Periquito,0,Sudeste
40576,mg,3102902,310290,4057,Antônio Carlos,0,Sudeste
40584,mg,3152170,315217,0694,Ponto dos Volantes,0,Sudeste
40592,mg,3103009,310300,4059,Antônio Dias,0,Sudeste
40606,mg,3154457,315445,2901,Riachinho,0,Sudeste
40614,mg,3103108,310310,4061,Antônio Prado de Minas,0,Sudeste
40622,mg,3156452,315645,0698,Rosário da Limeira,0,Sudeste
40630,mg,3103207,310320,4063,Araçaí,0,Sudeste
40649,mg,3157252,315725,2667,Santa Bárbara do Leste,0,Sudeste
40657,mg,3103306,310330,4065,Aracitaba,0,Sudeste
40665,mg,3159357,315935,2669,Santa Rita de Minas,0,Sudeste
40673,mg,3103405,310340,4067,Araçuaí,0,Sudeste
40681,mg,3158953,315895,2673,Santana do Paraíso,0,Sudeste
40690,mg,3103504,310350,4069,Araguari,0,Sudeste
40703,mg,3162252,316225,0716,São João da Lagoa,0,Sudeste
40711,mg,3103603,310360,4071,Arantina,0,Sudeste
40720,mg,3162559,316255,2677,São João do Manhuaçu,0,Sudeste
40738,mg,3103702,310370,4073,Araponga,0,Sudeste
40746,mg,3162575,316257,2679,São João do Manteninha,0,Sudeste
40754,mg,3103801,310380,4075,Arapuá,0,Sudeste
40762,mg,3162658,316265,0720,São João do Pacuí,0,Sudeste
40770,mg,3103900,310390,4077,Araújos,0,Sudeste
40789,mg,3162955,316295,2649,São José da Lapa,0,Sudeste
40797,mg,3104007,310400,4079,Araxá,0,Sudeste
40800,mg,3165537,316553,0730,Sarzedo,0,Sudeste
40819,mg,3104106,310410,4081,Arceburgo,0,Sudeste
40827,mg,3165560,316556,0734,Sem-Peixe,0,Sudeste
40835,mg,3104205,310420,4083,Arcos,0,Sudeste
40843,mg,3165578,316557,2689,Senador Amaral,0,Sudeste
40851,mg,3104304,310430,4085,Areado,0,Sudeste
40860,mg,3170057,317005,2671,Ubaporanga,0,Sudeste
40878,mg,3104403,310440,4087,Argirita,0,Sudeste
40886,mg,3170529,317052,2699,Urucuia,0,Sudeste
40894,mg,3104502,310450,4089,Arinos,0,Sudeste
40908,mg,3170578,317057,0746,Vargem Alegre,0,Sudeste
40916,mg,3104601,310460,4091,Astolfo Dutra,0,Sudeste
40924,mg,3136579,313657,0638,Josenópolis,0,Sudeste
40932,mg,3104700,310470,4093,Ataléia,0,Sudeste
40940,mg,3136959,313695,0640,Juvenília,0,Sudeste
40959,mg,3104809,310480,4095,Augusto de Lima,0,Sudeste
40967,mg,3138351,313835,0642,Leme do Prado,0,Sudeste
40975,mg,3104908,310490,4097,Baependi,0,Sudeste
40983,mg,3138674,313867,0644,Luisburgo,0,Sudeste
40991,mg,3105004,310500,4099,Baldim,0,Sudeste
41009,mg,3138682,313868,0646,Luislândia,0,Sudeste
41017,mg,3105103,310510,4101,Bambuí,0,Sudeste
41025,mg,3140159,314015,0648,Mário Campos,0,Sudeste
41033,mg,3105202,310520,4103,Bandeira,0,Sudeste
41041,mg,3140530,314053,0650,Martins Soares,0,Sudeste
41050,mg,3105301,310530,4105,Bandeira do Sul,0,Sudeste
41068,mg,3142254,314225,0652,Miravânia,0,Sudeste
41076,mg,3105400,310540,4107,Barão de Cocais,0,Sudeste
41084,mg,3143153,314315,0654,Monte Formoso,0,Sudeste
41092,mg,3105509,310550,4109,Barão de Monte Alto,0,Sudeste
41106,mg,3144375,314437,0658,Natalândia,0,Sudeste
41114,mg,3105608,310560,4111,Barbacena,0,Sudeste
41122,mg,3144656,314465,0660,Ninheira,0,Sudeste
41130,mg,3105707,310570,4113,Barra Longa,0,Sudeste
41149,mg,3144672,314467,0662,Nova Belém,0,Sudeste
41157,mg,3169356,316935,4115,Três Marias,0,Sudeste
41165,mg,3145059,314505,0664,Nova Porteirinha,0,Sudeste
41173,mg,3105905,310590,4117,Barroso,0,Sudeste
41181,mg,3145372,314537,0668,Novorizonte,0,Sudeste
41190,mg,3106002,310600,4119,Bela Vista de Minas,0,Sudeste
41203,mg,3145455,314545,0670,Olhos-d'Água,0,Sudeste
41211,mg,3106101,310610,4121,Belmiro Braga,0,Sudeste
41220,mg,3145851,314585,0672,Oratórios,0,Sudeste
41238,mg,3106200,310620,4123,Belo Horizonte,1,Sudeste
41246,mg,3145877,314587,0674,Orizânia,0,Sudeste
41254,mg,3106309,310630,4125,Belo Oriente,0,Sudeste
41262,mg,3146255,314625,0676,Padre Carvalho,0,Sudeste
41270,mg,3106408,310640,4127,Belo Vale,0,Sudeste
41289,mg,3146552,314655,0678,Pai Pedro,0,Sudeste
41297,mg,3106507,310650,4129,Berilo,0,Sudeste
41300,mg,3147956,314795,0680,Patis,0,Sudeste
41319,mg,3106606,310660,4131,Bertópolis,0,Sudeste
41327,mg,3148756,314875,0682,Pedra Bonita,0,Sudeste
41335,mg,3106705,310670,4133,Betim,0,Sudeste
41343,mg,3150158,315015,0686,Piedade de Caratinga,0,Sudeste
41351,mg,3106804,310680,4135,Bias Fortes,0,Sudeste
41360,mg,3150539,315053,0688,Pingo-d'Água,0,Sudeste
41378,mg,3106903,310690,4137,Bicas,0,Sudeste
41386,mg,3150570,315057,0690,Pintópolis,0,Sudeste
41394,mg,3107000,310700,4139,Biquinhas,0,Sudeste
41408,mg,3152131,315213,0692,Ponto Chique,0,Sudeste
41416,mg,3107109,310710,4141,Boa Esperança,0,Sudeste
41424,mg,3154150,315415,0696,Reduto,0,Sudeste
41432,mg,3107208,310720,4143,Bocaina de Minas,0,Sudeste
41440,mg,3157278,315727,0700,Santa Bárbara do Monte Verde,0,Sudeste
41459,mg,3107307,310730,4145,Bocaiúva,0,Sudeste
41467,mg,3157336,315733,0702,Santa Cruz de Minas,0,Sudeste
41475,mg,3107406,310740,4147,Bom Despacho,0,Sudeste
41483,mg,3157377,315737,0704,Santa Cruz de Salinas,0,Sudeste
41491,mg,3107505,310750,4149,Bom Jardim de Minas,0,Sudeste
41505,mg,3157658,315765,0706,Santa Helena de Minas,0,Sudeste
41513,mg,3107604,310760,4151,Bom Jesus da Penha,0,Sudeste
41521,mg,3160454,316045,0708,Santo Antônio do Retiro,0,Sudeste
41530,mg,3107703,310770,4153,Bom Jesus do Amparo,0,Sudeste
41548,mg,3160959,316095,0710,São Domingos das Dores,0,Sudeste
41556,mg,3107802,310780,4155,Bom Jesus do Galho,0,Sudeste
41564,mg,3161056,316105,0712,São Félix de Minas,0,Sudeste
41572,mg,3107901,310790,4157,Bom Repouso,0,Sudeste
41580,mg,3161650,316165,0714,São Geraldo do Baixio,0,Sudeste
41599,mg,3108008,310800,4159,Bom Sucesso,0,Sudeste
41602,mg,3162450,316245,0718,São João das Missões,0,Sudeste
41610,mg,3108107,310810,4161,Bonfim,0,Sudeste
41629,mg,3162922,316292,0722,São Joaquim de Bicas,0,Sudeste
41637,mg,3108206,310820,4163,Bonfinópolis de Minas,0,Sudeste
41645,mg,3162948,316294,0724,São José da Barra,0,Sudeste
41653,mg,3108305,310830,4165,Borda da Mata,0,Sudeste
41661,mg,3102050,310205,0564,Alto Caparaó,0,Sudeste
41670,mg,3108404,310840,4167,Botelhos,0,Sudeste
41688,mg,3102852,310285,0566,Angelândia,0,Sudeste
41696,mg,3108503,310850,4169,Botumirim,0,Sudeste
41700,mg,3104452,310445,0568,Aricanduva,0,Sudeste
41718,mg,3108602,310860,4171,Brasília de Minas,0,Sudeste
41726,mg,3106655,310665,0570,Berizal,0,Sudeste
41734,mg,3108701,310870,4173,Brás Pires,0,Sudeste
41742,mg,3108255,310825,0572,Bonito de Minas,0,Sudeste
41750,mg,3108800,310880,4175,Braúnas,0,Sudeste
41769,mg,3109253,310925,0576,Bugre,0,Sudeste
41777,mg,3108909,310890,4177,Brazópolis,0,Sudeste
41785,mg,3109451,310945,0578,Cabeceira Grande,0,Sudeste
41793,mg,3109006,310900,4179,Brumadinho,0,Sudeste
41807,mg,3111150,311115,0580,Campo Azul,0,Sudeste
41815,mg,3109105,310910,4181,Bueno Brandão,0,Sudeste
41823,mg,3112059,311205,0582,Cantagalo,0,Sudeste
41831,mg,3109204,310920,4183,Buenópolis,0,Sudeste
41840,mg,3115359,311535,0584,Catas Altas,0,Sudeste
41858,mg,3109303,310930,4185,Buritis,0,Sudeste
41866,mg,3115474,311547,0586,Catuti,0,Sudeste
41874,mg,3109402,310940,4187,Buritizeiro,0,Sudeste
41882,mg,3116159,311615,0588,Chapada Gaúcha,0,Sudeste
41890,mg,3109501,310950,4189,Cabo Verde,0,Sudeste
41904,mg,3117836,311783,0590,Cônego Marinho,0,Sudeste
41912,mg,3109600,310960,4191,Cachoeira da Prata,0,Sudeste
41920,mg,3117876,311787,0592,Confins,0,Sudeste
41939,mg,3109709,310970,4193,Cachoeira de Minas,0,Sudeste
41947,mg,3119955,311995,0594,Córrego Fundo,0,Sudeste
41955,mg,3109808,310980,4195,Cachoeira Dourada,0,Sudeste
41963,mg,3120151,312015,0596,Crisólita,0,Sudeste
41971,mg,3109907,310990,4197,Caetanópolis,0,Sudeste
41980,mg,3120839,312083,0598,Cuparaque,0,Sudeste
41998,mg,3110004,311000,4199,Caeté,0,Sudeste
42005,mg,3120870,312087,0600,Curral de Dentro,0,Sudeste
42013,mg,3110103,311010,4201,Caiana,0,Sudeste
42021,mg,3121258,312125,0602,Delta,0,Sudeste
42030,mg,3110202,311020,4203,Cajuri,0,Sudeste
42048,mg,3122470,312247,0606,Dom Bosco,0,Sudeste
42056,mg,3110301,311030,4205,Caldas,0,Sudeste
42064,mg,3126950,312695,0610,Frei Lagonegro,0,Sudeste
42072,mg,3110400,311040,4207,Camacho,0,Sudeste
42080,mg,3127073,312707,0612,Fruta de Leite,0,Sudeste
42099,mg,3110509,311050,4209,Camanducaia,0,Sudeste
42102,mg,3127339,312733,0614,Gameleiras,0,Sudeste
42110,mg,3110608,311060,4211,Cambuí,0,Sudeste
42129,mg,3127354,312735,0616,Glaucilândia,0,Sudeste
42137,mg,3110707,311070,4213,Cambuquira,0,Sudeste
42145,mg,3127370,312737,0618,Goiabeira,0,Sudeste
42153,mg,3110806,311080,4215,Campanário,0,Sudeste
42161,mg,3127388,312738,0620,Goianá,0,Sudeste
42170,mg,3110905,311090,4217,Campanha,0,Sudeste
42188,mg,3128253,312825,0622,Guaraciama,0,Sudeste
42196,mg,3111002,311100,4219,Campestre,0,Sudeste
42200,mg,3129657,312965,0624,Ibiracatu,0,Sudeste
42218,mg,3111101,311110,4221,Campina Verde,0,Sudeste
42226,mg,3130556,313055,0626,Imbé de Minas,0,Sudeste
42234,mg,3111200,311120,4223,Campo Belo,0,Sudeste
42242,mg,3130655,313065,0628,Indaiabira,0,Sudeste
42250,mg,3111309,311130,4225,Campo do Meio,0,Sudeste
42269,mg,3135357,313535,0630,Japonvar,0,Sudeste
42277,mg,3111408,311140,4227,Campo Florido,0,Sudeste
42285,mg,3135456,313545,0632,Jenipapo de Minas,0,Sudeste
42293,mg,3111507,311150,4229,Campos Altos,0,Sudeste
42307,mg,3136520,313652,0634,José Gonçalves de Minas,0,Sudeste
42315,mg,3111606,311160,4231,Campos Gerais,0,Sudeste
42323,mg,3136553,313655,0636,José Raydan,0,Sudeste
42331,mg,3111705,311170,4233,Canaã,0,Sudeste
42340,mg,3164431,316443,0726,São Sebastião da Vargem Alegre,0,Sudeste
42358,mg,3111804,311180,4235,Canápolis,0,Sudeste
42366,mg,3164472,316447,0728,São Sebastião do Anta,0,Sudeste
42374,mg,3111903,311190,4237,Cana Verde,0,Sudeste
42382,mg,3166956,316695,0736,Serranópolis de Minas,0,Sudeste
42390,mg,3112000,311200,4239,Candeias,0,Sudeste
42404,mg,3165552,316555,0732,Setubinha,0,Sudeste
42412,mg,3112109,311210,4241,Caparaó,0,Sudeste
42420,mg,3168051,316805,0738,Taparuba,0,Sudeste
42439,mg,3112208,311220,4243,Capela Nova,0,Sudeste
42447,mg,3170438,317043,0742,União de Minas,0,Sudeste
42455,mg,3112307,311230,4245,Capelinha,0,Sudeste
42463,mg,3170479,317047,0744,Uruana de Minas,0,Sudeste
42471,mg,3112406,311240,4247,Capetinga,0,Sudeste
42480,mg,3170651,317065,0748,Vargem Grande do Rio Pardo,0,Sudeste
42498,mg,3112505,311250,4249,Capim Branco,0,Sudeste
42501,mg,3170750,317075,0750,Varjão de Minas,0,Sudeste
42510,mg,3112604,311260,4251,Capinópolis,0,Sudeste
42528,mg,3171030,317103,0752,Verdelândia,0,Sudeste
42536,mg,3112703,311270,4253,Capitão Enéas,0,Sudeste
42544,mg,3171071,317107,0754,Veredinha,0,Sudeste
42552,mg,3112802,311280,4255,Capitólio,0,Sudeste
42560,mg,3171154,317115,0756,Vermelho Novo,0,Sudeste
42579,mg,3112901,311290,4257,Caputira,0,Sudeste
42587,mg,3169059,316905,0740,Tocos do Moji,0,Sudeste
42595,mg,3113008,311300,4259,Caraí,0,Sudeste
42617,mg,3113107,311310,4261,Caranaíba,0,Sudeste
42633,mg,3113206,311320,4263,Carandaí,0,Sudeste
42650,mg,3113305,311330,4265,Carangola,0,Sudeste
42676,mg,3113404,311340,4267,Caratinga,0,Sudeste
42692,mg,3113503,311350,4269,Carbonita,0,Sudeste
42714,mg,3113602,311360,4271,Careaçu,0,Sudeste
42730,mg,3113701,311370,4273,Carlos Chagas,0,Sudeste
42757,mg,3113800,311380,4275,Carmésia,0,Sudeste
42773,mg,3113909,311390,4277,Carmo da Cachoeira,0,Sudeste
42790,mg,3114006,311400,4279,Carmo da Mata,0,Sudeste
42811,mg,3114105,311410,4281,Carmo de Minas,0,Sudeste
42838,mg,3114204,311420,4283,Carmo do Cajuru,0,Sudeste
42854,mg,3114303,311430,4285,Carmo do Paranaíba,0,Sudeste
42870,mg,3114402,311440,4287,Carmo do Rio Claro,0,Sudeste
42897,mg,3114501,311450,4289,Carmópolis de Minas,0,Sudeste
42919,mg,3114600,311460,4291,Carrancas,0,Sudeste
42935,mg,3114709,311470,4293,Carvalhópolis,0,Sudeste
42951,mg,3114808,311480,4295,Carvalhos,0,Sudeste
42978,mg,3114907,311490,4297,Casa Grande,0,Sudeste
42994,mg,3115003,311500,4299,Cascalho Rico,0,Sudeste
43010,mg,3115102,311510,4301,Cássia,0,Sudeste
43036,mg,3115201,311520,4303,Conceição da Barra de Minas,0,Sudeste
43052,mg,3115300,311530,4305,Cataguases,0,Sudeste
43079,mg,3115409,311540,4307,Catas Altas da Noruega,0,Sudeste
43095,mg,3115508,311550,4309,Caxambu,0,Sudeste
43117,mg,3115607,311560,4311,Cedro do Abaeté,0,Sudeste
43133,mg,3115706,311570,4313,Central de Minas,0,Sudeste
43150,mg,3115805,311580,4315,Centralina,0,Sudeste
43176,mg,3115904,311590,4317,Chácara,0,Sudeste
43192,mg,3116001,311600,4319,Chalé,0,Sudeste
43214,mg,3116100,311610,4321,Chapada do Norte,0,Sudeste
43230,mg,3116209,311620,4323,Chiador,0,Sudeste
43257,mg,3116308,311630,4325,Cipotânea,0,Sudeste
43273,mg,3116407,311640,4327,Claraval,0,Sudeste
43290,mg,3116506,311650,4329,Claro dos Poções,0,Sudeste
43311,mg,3116605,311660,4331,Cláudio,0,Sudeste
43338,mg,3116704,311670,4333,Coimbra,0,Sudeste
43354,mg,3116803,311680,4335,Coluna,0,Sudeste
43370,mg,3116902,311690,4337,Comendador Gomes,0,Sudeste
43397,mg,3117009,311700,4339,Comercinho,0,Sudeste
43419,mg,3117108,311710,4341,Conceição da Aparecida,0,Sudeste
43435,mg,3117207,311720,4343,Conceição das Pedras,0,Sudeste
43451,mg,3117306,311730,4345,Conceição das Alagoas,0,Sudeste
43478,mg,3117405,311740,4347,Conceição de Ipanema,0,Sudeste
43494,mg,3117504,311750,4349,Conceição do Mato Dentro,0,Sudeste
43516,mg,3117603,311760,4351,Conceição do Pará,0,Sudeste
43532,mg,3117702,311770,4353,Conceição do Rio Verde,0,Sudeste
43559,mg,3117801,311780,4355,Conceição dos Ouros,0,Sudeste
43575,mg,3117900,311790,4357,Congonhal,0,Sudeste
43591,mg,3118007,311800,4359,Congonhas,0,Sudeste
43613,mg,3118106,311810,4361,Congonhas do Norte,0,Sudeste
43630,mg,3118205,311820,4363,Conquista,0,Sudeste
43656,mg,3118304,311830,4365,Conselheiro Lafaiete,0,Sudeste
43672,mg,3118403,311840,4367,Conselheiro Pena,0,Sudeste
43699,mg,3118502,311850,4369,Consolação,0,Sudeste
43710,mg,3118601,311860,4371,Contagem,0,Sudeste
43737,mg,3118700,311870,4373,Coqueiral,0,Sudeste
43753,mg,3118809,311880,4375,Coração de Jesus,0,Sudeste
43770,mg,3118908,311890,4377,Cordisburgo,0,Sudeste
43796,mg,3119005,311900,4379,Cordislândia,0,Sudeste
43818,mg,3119104,311910,4381,Corinto,0,Sudeste
43834,mg,3119203,311920,4383,Coroaci,0,Sudeste
43850,mg,3119302,311930,4385,Coromandel,0,Sudeste
43877,mg,3119401,311940,4387,Coronel Fabriciano,0,Sudeste
43893,mg,3119500,311950,4389,Coronel Murta,0,Sudeste
43915,mg,3119609,311960,4391,Coronel Pacheco,0,Sudeste
43931,mg,3119708,311970,4393,Coronel Xavier Chaves,0,Sudeste
43958,mg,3119807,311980,4395,Córrego Danta,0,Sudeste
43974,mg,3119906,311990,4397,Córrego do Bom Jesus,0,Sudeste
43990,mg,3120003,312000,4399,Córrego Novo,0,Sudeste
44016,mg,3120102,312010,4401,Couto de Magalhães de Minas,0,Sudeste
44032,mg,3120201,312020,4403,Cristais,0,Sudeste
44059,mg,3120300,312030,4405,Cristália,0,Sudeste
44075,mg,3120409,312040,4407,Cristiano Otoni,0,Sudeste
44091,mg,3120508,312050,4409,Cristina,0,Sudeste
44113,mg,3120607,312060,4411,Crucilândia,0,Sudeste
44130,mg,3120706,312070,4413,Cruzeiro da Fortaleza,0,Sudeste
44156,mg,3120805,312080,4415,Cruzília,0,Sudeste
44172,mg,3120904,312090,4417,Curvelo,0,Sudeste
44199,mg,3121001,312100,4419,Datas,0,Sudeste
44210,mg,3121100,312110,4421,Delfim Moreira,0,Sudeste
44237,mg,3121209,312120,4423,Delfinópolis,0,Sudeste
44253,mg,3121308,312130,4425,Descoberto,0,Sudeste
44270,mg,3121407,312140,4427,Desterro de Entre Rios,0,Sudeste
44296,mg,3121506,312150,4429,Desterro do Melo,0,Sudeste
44318,mg,3121605,312160,4431,Diamantina,0,Sudeste
44334,mg,3121704,312170,4433,Diogo de Vasconcelos,0,Sudeste
44350,mg,3121803,312180,4435,Dionísio,0,Sudeste
44377,mg,3121902,312190,4437,Divinésia,0,Sudeste
44393,mg,3122009,312200,4439,Divino,0,Sudeste
44415,mg,3122108,312210,4441,Divino das Laranjeiras,0,Sudeste
44431,mg,3122207,312220,4443,Divinolândia de Minas,0,Sudeste
44458,mg,3122306,312230,4445,Divinópolis,0,Sudeste
44474,mg,3122405,312240,4447,Divisa Nova,0,Sudeste
44490,mg,3122504,312250,4449,Dom Cavati,0,Sudeste
44512,mg,3122603,312260,4451,Dom Joaquim,0,Sudeste
44539,mg,3122702,312270,4453,Dom Silvério,0,Sudeste
44555,mg,3122801,312280,4455,Dom Viçoso,0,Sudeste
44571,mg,3122900,312290,4457,Dona Eusébia,0,Sudeste
44598,mg,3123007,312300,4459,Dores de Campos,0,Sudeste
44610,mg,3123106,312310,4461,Dores de Guanhães,0,Sudeste
44636,mg,3123205,312320,4463,Dores do Indaiá,0,Sudeste
44652,mg,3123304,312330,4465,Dores do Turvo,0,Sudeste
44679,mg,3123403,312340,4467,Doresópolis,0,Sudeste
44695,mg,3123502,312350,4469,Douradoquara,0,Sudeste
44717,mg,3123601,312360,4471,Elói Mendes,0,Sudeste
44733,mg,3123700,312370,4473,Engenheiro Caldas,0,Sudeste
44750,mg,3123809,312380,4475,Engenheiro Navarro,0,Sudeste
44776,mg,3123908,312390,4477,Entre Rios de Minas,0,Sudeste
44792,mg,3124005,312400,4479,Ervália,0,Sudeste
44814,mg,3124104,312410,4481,Esmeraldas,0,Sudeste
44830,mg,3124203,312420,4483,Espera Feliz,0,Sudeste
44857,mg,3124302,312430,4485,Espinosa,0,Sudeste
44873,mg,3124401,312440,4487,Espírito Santo do Dourado,0,Sudeste
44890,mg,3124500,312450,4489,Estiva,0,Sudeste
44911,mg,3124609,312460,4491,Estrela Dalva,0,Sudeste
44938,mg,3124708,312470,4493,Estrela do Indaiá,0,Sudeste
44954,mg,3124807,312480,4495,Estrela do Sul,0,Sudeste
44970,mg,3124906,312490,4497,Eugenópolis,0,Sudeste
44997,mg,3125002,312500,4499,Ewbank da Câmara,0,Sudeste
45012,mg,3125101,312510,4501,Extrema,0,Sudeste
45039,mg,3125200,312520,4503,Fama,0,Sudeste
45055,mg,3125309,312530,4505,Faria Lemos,0,Sudeste
45071,mg,3125408,312540,4507,Felício dos Santos,0,Sudeste
45098,mg,3125507,312550,4509,São Gonçalo do Rio Preto,0,Sudeste
45110,mg,3125606,312560,4511,Felisburgo,0,Sudeste
45136,mg,3125705,312570,4513,Felixlândia,0,Sudeste
45152,mg,3125804,312580,4515,Fernandes Tourinho,0,Sudeste
45179,mg,3125903,312590,4517,Ferros,0,Sudeste
45195,mg,3126000,312600,4519,Florestal,0,Sudeste
45217,mg,3126109,312610,4521,Formiga,0,Sudeste
45233,mg,3126208,312620,4523,Formoso,0,Sudeste
45250,mg,3126307,312630,4525,Fortaleza de Minas,0,Sudeste
45276,mg,3126406,312640,4527,Fortuna de Minas,0,Sudeste
45292,mg,3126505,312650,4529,Francisco Badaró,0,Sudeste
45314,mg,3126604,312660,4531,Francisco Dumont,0,Sudeste
45330,mg,3126703,312670,4533,Francisco Sá,0,Sudeste
45357,mg,3126802,312680,4535,Frei Gaspar,0,Sudeste
45373,mg,3126901,312690,4537,Frei Inocêncio,0,Sudeste
45390,mg,3127008,312700,4539,Fronteira,0,Sudeste
45411,mg,3127107,312710,4541,Frutal,0,Sudeste
45438,mg,3127206,312720,4543,Funilândia,0,Sudeste
45454,mg,3127305,312730,4545,Galiléia,0,Sudeste
45470,mg,3127404,312740,4547,Gonçalves,0,Sudeste
45497,mg,3127503,312750,4549,Gonzaga,0,Sudeste
45519,mg,3127602,312760,4551,Gouveia,0,Sudeste
45535,mg,3127701,312770,4553,Governador Valadares,0,Sudeste
45551,mg,3127800,312780,4555,Grão Mogol,0,Sudeste
45578,mg,3127909,312790,4557,Grupiara,0,Sudeste
45594,mg,3128006,312800,4559,Guanhães,0,Sudeste
45616,mg,3128105,312810,4561,Guapé,0,Sudeste
45632,mg,3128204,312820,4563,Guaraciaba,0,Sudeste
45659,mg,3128303,312830,4565,Guaranésia,0,Sudeste
45675,mg,3128402,312840,4567,Guarani,0,Sudeste
45691,mg,3128501,312850,4569,Guarará,0,Sudeste
45713,mg,3128600,312860,4571,Guarda-Mor,0,Sudeste
45730,mg,3128709,312870,4573,Guaxupé,0,Sudeste
45756,mg,3128808,312880,4575,Guidoval,0,Sudeste
45772,mg,3128907,312890,4577,Guimarânia,0,Sudeste
45799,mg,3129004,312900,4579,Guiricema,0,Sudeste
45810,mg,3129103,312910,4581,Gurinhatã,0,Sudeste
45837,mg,3129202,312920,4583,Heliodora,0,Sudeste
45853,mg,3129301,312930,4585,Iapu,0,Sudeste
45870,mg,3129400,312940,4587,Ibertioga,0,Sudeste
45896,mg,3129509,312950,4589,Ibiá,0,Sudeste
45918,mg,3129608,312960,4591,Ibiaí,0,Sudeste
45934,mg,3129707,312970,4593,Ibiraci,0,Sudeste
45950,mg,3129806,312980,4595,Ibirité,0,Sudeste
45977,mg,3129905,312990,4597,Ibitiúra de Minas,0,Sudeste
45993,mg,3130002,313000,4599,Ibituruna,0,Sudeste
46019,mg,3130101,313010,4601,Igarapé,0,Sudeste
46035,mg,3130200,313020,4603,Igaratinga,0,Sudeste
46051,mg,3130309,313030,4605,Iguatama,0,Sudeste
46078,mg,3130408,313040,4607,Ijaci,0,Sudeste
46094,mg,3130507,313050,4609,Ilicínea,0,Sudeste
46116,mg,3130606,313060,4611,Inconfidentes,0,Sudeste
46132,mg,3130705,313070,4613,Indianópolis,0,Sudeste
46159,mg,3130804,313080,4615,Ingaí,0,Sudeste
46175,mg,3130903,313090,4617,Inhapim,0,Sudeste
46191,mg,3131000,313100,4619,Inhaúma,0,Sudeste
46213,mg,3131109,313110,4621,Inimutaba,0,Sudeste
46230,mg,3131208,313120,4623,Ipanema,0,Sudeste
46256,mg,3131307,313130,4625,Ipatinga,0,Sudeste
46272,mg,3131406,313140,4627,Ipiaçu,0,Sudeste
46299,mg,3131505,313150,4629,Ipuiúna,0,Sudeste
46310,mg,3131604,313160,4631,Iraí de Minas,0,Sudeste
46337,mg,3131703,313170,4633,Itabira,0,Sudeste
46353,mg,3131802,313180,4635,Itabirinha,0,Sudeste
46370,mg,3131901,313190,4637,Itabirito,0,Sudeste
46396,mg,3132008,313200,4639,Itacambira,0,Sudeste
46418,mg,3132107,313210,4641,Itacarambi,0,Sudeste
46434,mg,3132206,313220,4643,Itaguara,0,Sudeste
46450,mg,3132305,313230,4645,Itaipé,0,Sudeste
46477,mg,3132404,313240,4647,Itajubá,0,Sudeste
46493,mg,3132503,313250,4649,Itamarandiba,0,Sudeste
46515,mg,3132602,313260,4651,Itamarati de Minas,0,Sudeste
46531,mg,3132701,313270,4653,Itambacuri,0,Sudeste
46558,mg,3132800,313280,4655,Itambé do Mato Dentro,0,Sudeste
46574,mg,3132909,313290,4657,Itamogi,0,Sudeste
46590,mg,3133006,313300,4659,Itamonte,0,Sudeste
46612,mg,3133105,313310,4661,Itanhandu,0,Sudeste
46639,mg,3133204,313320,4663,Itanhomi,0,Sudeste
46655,mg,3133303,313330,4665,Itaobim,0,Sudeste
46671,mg,3133402,313340,4667,Itapagipe,0,Sudeste
46698,mg,3133501,313350,4669,Itapecerica,0,Sudeste
46710,mg,3133600,313360,4671,Itapeva,0,Sudeste
46736,mg,3133709,313370,4673,Itatiaiuçu,0,Sudeste
46752,mg,3133808,313380,4675,Itaúna,0,Sudeste
46779,mg,3133907,313390,4677,Itaverava,0,Sudeste
46795,mg,3134004,313400,4679,Itinga,0,Sudeste
46817,mg,3134103,313410,4681,Itueta,0,Sudeste
46833,mg,3134202,313420,4683,Ituiutaba,0,Sudeste
46850,mg,3134301,313430,4685,Itumirim,0,Sudeste
46876,mg,3134400,313440,4687,Iturama,0,Sudeste
46892,mg,3134509,313450,4689,Itutinga,0,Sudeste
46914,mg,3134608,313460,4691,Jaboticatubas,0,Sudeste
46930,mg,3134707,313470,4693,Jacinto,0,Sudeste
46957,mg,3134806,313480,4695,Jacuí,0,Sudeste
46973,mg,3134905,313490,4697,Jacutinga,0,Sudeste
46990,mg,3135001,313500,4699,Jaguaraçu,0,Sudeste
47015,mg,3135100,313510,4701,Janaúba,0,Sudeste
47031,mg,3135209,313520,4703,Januária,0,Sudeste
47058,mg,3135308,313530,4705,Japaraíba,0,Sudeste
47074,mg,3135407,313540,4707,Jeceaba,0,Sudeste
47090,mg,3135506,313550,4709,Jequeri,0,Sudeste
47112,mg,3135605,313560,4711,Jequitaí,0,Sudeste
47139,mg,3135704,313570,4713,Jequitibá,0,Sudeste
47155,mg,3135803,313580,4715,Jequitinhonha,0,Sudeste
47171,mg,3135902,313590,4717,Jesuânia,0,Sudeste
47198,mg,3136009,313600,4719,Joaíma,0,Sudeste
47210,mg,3136108,313610,4721,Joanésia,0,Sudeste
47236,mg,3136207,313620,4723,João Monlevade,0,Sudeste
47252,mg,3136306,313630,4725,João Pinheiro,0,Sudeste
47279,mg,3136405,313640,4727,Joaquim Felício,0,Sudeste
47295,mg,3136504,313650,4729,Jordânia,0,Sudeste
47317,mg,3136603,313660,4731,Nova União,0,Sudeste
47333,mg,3136702,313670,4733,Juiz de Fora,0,Sudeste
47350,mg,3136801,313680,4735,Juramento,0,Sudeste
47376,mg,3136900,313690,4737,Juruaia,0,Sudeste
47392,mg,3137007,313700,4739,Ladainha,0,Sudeste
47414,mg,3137106,313710,4741,Lagamar,0,Sudeste
47430,mg,3137205,313720,4743,Lagoa da Prata,0,Sudeste
47457,mg,3137304,313730,4745,Lagoa dos Patos,0,Sudeste
47473,mg,3137403,313740,4747,Lagoa Dourada,0,Sudeste
47490,mg,3137502,313750,4749,Lagoa Formosa,0,Sudeste
47511,mg,3137601,313760,4751,Lagoa Santa,0,Sudeste
47538,mg,3137700,313770,4753,Lajinha,0,Sudeste
47554,mg,3137809,313780,4755,Lambari,0,Sudeste
47570,mg,3137908,313790,4757,Lamim,0,Sudeste
47597,mg,3138005,313800,4759,Laranjal,0,Sudeste
47619,mg,3138104,313810,4761,Lassance,0,Sudeste
47635,mg,3138203,313820,4763,Lavras,0,Sudeste
47651,mg,3138302,313830,4765,Leandro Ferreira,0,Sudeste
47678,mg,3138401,313840,4767,Leopoldina,0,Sudeste
47694,mg,3138500,313850,4769,Liberdade,0,Sudeste
47716,mg,3138609,313860,4771,Lima Duarte,0,Sudeste
47732,mg,3138708,313870,4773,Luminárias,0,Sudeste
47759,mg,3138807,313880,4775,Luz,0,Sudeste
47775,mg,3138906,313890,4777,Machacalis,0,Sudeste
47791,mg,3139003,313900,4779,Machado,0,Sudeste
47813,mg,3139102,313910,4781,Madre de Deus de Minas,0,Sudeste
47830,mg,3139201,313920,4783,Malacacheta,0,Sudeste
47856,mg,3139300,313930,4785,Manga,0,Sudeste
47872,mg,3139409,313940,4787,Manhuaçu,0,Sudeste
47899,mg,3139508,313950,4789,Manhumirim,0,Sudeste
47910,mg,3139607,313960,4791,Mantena,0,Sudeste
47937,mg,3139706,313970,4793,Maravilhas,0,Sudeste
47953,mg,3139805,313980,4795,Mar de Espanha,0,Sudeste
47970,mg,3139904,313990,4797,Maria da Fé,0,Sudeste
47996,mg,3140001,314000,4799,Mariana,0,Sudeste
48011,mg,3140100,314010,4801,Marilac,0,Sudeste
48038,mg,3140209,314020,4803,Maripá de Minas,0,Sudeste
48054,mg,3140308,314030,4805,Marliéria,0,Sudeste
48070,mg,3140407,314040,4807,Marmelópolis,0,Sudeste
48097,mg,3140506,314050,4809,Martinho Campos,0,Sudeste
48119,mg,3140605,314060,4811,Materlândia,0,Sudeste
48135,mg,3140704,314070,4813,Mateus Leme,0,Sudeste
48151,mg,3140803,314080,4815,Matias Barbosa,0,Sudeste
48178,mg,3140902,314090,4817,Matipó,0,Sudeste
48194,mg,3141009,314100,4819,Mato Verde,0,Sudeste
48216,mg,3141108,314110,4821,Matozinhos,0,Sudeste
48232,mg,3141207,314120,4823,Matutina,0,Sudeste
48259,mg,3141306,314130,4825,Medeiros,0,Sudeste
48275,mg,3141405,314140,4827,Medina,0,Sudeste
48291,mg,3141504,314150,4829,Mendes Pimentel,0,Sudeste
48313,mg,3141603,314160,4831,Mercês,0,Sudeste
48330,mg,3141702,314170,4833,Mesquita,0,Sudeste
48356,mg,3141801,314180,4835,Minas Novas,0,Sudeste
48372,mg,3141900,314190,4837,Minduri,0,Sudeste
48399,mg,3142007,314200,4839,Mirabela,0,Sudeste
48410,mg,3142106,314210,4841,Miradouro,0,Sudeste
48437,mg,3142205,314220,4843,Miraí,0,Sudeste
48453,mg,3142304,314230,4845,Moeda,0,Sudeste
48470,mg,3142403,314240,4847,Moema,0,Sudeste
48496,mg,3142502,314250,4849,Monjolos,0,Sudeste
48518,mg,3142601,314260,4851,Monsenhor Paulo,0,Sudeste
48534,mg,3142700,314270,4853,Montalvânia,0,Sudeste
48550,mg,3142809,314280,4855,Monte Alegre de Minas,0,Sudeste
48577,mg,3142908,314290,4857,Monte Azul,0,Sudeste
48593,mg,3143005,314300,4859,Monte Belo,0,Sudeste
48615,mg,3143104,314310,4861,Monte Carmelo,0,Sudeste
48631,mg,3143203,314320,4863,Monte Santo de Minas,0,Sudeste
48658,mg,3143302,314330,4865,Montes Claros,0,Sudeste
48674,mg,3143401,314340,4867,Monte Sião,0,Sudeste
48690,mg,3143500,314350,4869,Morada Nova de Minas,0,Sudeste
48712,mg,3143609,314360,4871,Morro da Garça,0,Sudeste
48739,mg,3143708,314370,4873,Morro do Pilar,0,Sudeste
48755,mg,3143807,314380,4875,Munhoz,0,Sudeste
48771,mg,3143906,314390,4877,Muriaé,0,Sudeste
48798,mg,3144003,314400,4879,Mutum,0,Sudeste
48810,mg,3144102,314410,4881,Muzambinho,0,Sudeste
48836,mg,3144201,314420,4883,Nacip Raydan,0,Sudeste
48852,mg,3144300,314430,4885,Nanuque,0,Sudeste
48879,mg,3144409,314440,4887,Natércia,0,Sudeste
48895,mg,3144508,314450,4889,Nazareno,0,Sudeste
48917,mg,3144607,314460,4891,Nepomuceno,0,Sudeste
48933,mg,3144706,314470,4893,Nova Era,0,Sudeste
48950,mg,3144805,314480,4895,Nova Lima,0,Sudeste
48976,mg,3144904,314490,4897,Nova Módica,0,Sudeste
48992,mg,3145000,314500,4899,Nova Ponte,0,Sudeste
49018,mg,3145109,314510,4901,Nova Resende,0,Sudeste
49034,mg,3145208,314520,4903,Nova Serrana,0,Sudeste
49050,mg,3145307,314530,4905,Novo Cruzeiro,0,Sudeste
49077,mg,3145406,314540,4907,Olaria,0,Sudeste
49093,mg,3145505,314550,4909,Olímpio Noronha,0,Sudeste
49115,mg,3145604,314560,4911,Oliveira,0,Sudeste
49131,mg,3145703,314570,4913,Oliveira Fortes,0,Sudeste
49158,mg,3145802,314580,4915,Onça de Pitangui,0,Sudeste
49174,mg,3145901,314590,4917,Ouro Branco,0,Sudeste
49190,mg,3146008,314600,4919,Ouro Fino,0,Sudeste
49212,mg,3146107,314610,4921,Ouro Preto,0,Sudeste
49239,mg,3146206,314620,4923,Ouro Verde de Minas,0,Sudeste
49255,mg,3146305,314630,4925,Padre Paraíso,0,Sudeste
49271,mg,3146404,314640,4927,Paineiras,0,Sudeste
49298,mg,3146503,314650,4929,Pains,0,Sudeste
49310,mg,3146602,314660,4931,Paiva,0,Sudeste
49336,mg,3146701,314670,4933,Palma,0,Sudeste
49352,mg,3127057,312705,4935,Fronteira dos Vales,0,Sudeste
49379,mg,3146909,314690,4937,Papagaios,0,Sudeste
49395,mg,3147006,314700,4939,Paracatu,0,Sudeste
49417,mg,3147105,314710,4941,Pará de Minas,0,Sudeste
49433,mg,3147204,314720,4943,Paraguaçu,0,Sudeste
49450,mg,3147303,314730,4945,Paraisópolis,0,Sudeste
49476,mg,3147402,314740,4947,Paraopeba,0,Sudeste
49492,mg,3147501,314750,4949,Passabém,0,Sudeste
49514,mg,3147600,314760,4951,Passa Quatro,0,Sudeste
49530,mg,3147709,314770,4953,Passa Tempo,0,Sudeste
49557,mg,3147808,314780,4955,Passa-Vinte,0,Sudeste
49573,mg,3147907,314790,4957,Passos,0,Sudeste
49590,mg,3148004,314800,4959,Patos de Minas,0,Sudeste
49611,mg,3148103,314810,4961,Patrocínio,0,Sudeste
49638,mg,3148202,314820,4963,Patrocínio do Muriaé,0,Sudeste
49654,mg,3148301,314830,4965,Paula Cândido,0,Sudeste
49670,mg,3148400,314840,4967,Paulistas,0,Sudeste
49697,mg,3148509,314850,4969,Pavão,0,Sudeste
49719,mg,3148608,314860,4971,Peçanha,0,Sudeste
49735,mg,3148707,314870,4973,Pedra Azul,0,Sudeste
49751,mg,3148806,314880,4975,Pedra do Anta,0,Sudeste
49778,mg,3148905,314890,4977,Pedra do Indaiá,0,Sudeste
49794,mg,3149002,314900,4979,Pedra Dourada,0,Sudeste
49816,mg,3149101,314910,4981,Pedralva,0,Sudeste
49832,mg,3149200,314920,4983,Pedrinópolis,0,Sudeste
49859,mg,3149309,314930,4985,Pedro Leopoldo,0,Sudeste
49875,mg,3149408,314940,4987,Pedro Teixeira,0,Sudeste
49891,mg,3149507,314950,4989,Pequeri,0,Sudeste
49913,mg,3149606,314960,4991,Pequi,0,Sudeste
49930,mg,3149705,314970,4993,Perdigão,0,Sudeste
49956,mg,3149804,314980,4995,Perdizes,0,Sudeste
49972,mg,3149903,314990,4997,Perdões,0,Sudeste
49999,mg,3150000,315000,4999,Pescador,0,Sudeste
50016,mg,3150109,315010,5001,Piau,0,Sudeste
50032,mg,3150208,315020,5003,Piedade de Ponte Nova,0,Sudeste
50059,mg,3150307,315030,5005,Piedade do Rio Grande,0,Sudeste
50075,mg,3150406,315040,5007,Piedade dos Gerais,0,Sudeste
50091,mg,3150505,315050,5009,Pimenta,0,Sudeste
50113,mg,3150604,315060,5011,Piracema,0,Sudeste
50130,mg,3150703,315070,5013,Pirajuba,0,Sudeste
50156,mg,3150802,315080,5015,Piranga,0,Sudeste
50172,mg,3150901,315090,5017,Piranguçu,0,Sudeste
50199,mg,3151008,315100,5019,Piranguinho,0,Sudeste
50210,mg,3151107,315110,5021,Pirapetinga,0,Sudeste
50237,mg,3151206,315120,5023,Pirapora,0,Sudeste
50253,mg,3151305,315130,5025,Piraúba,0,Sudeste
50270,mg,3151404,315140,5027,Pitangui,0,Sudeste
50296,mg,3151503,315150,5029,Piumhi,0,Sudeste
50318,mg,3151602,315160,5031,Planura,0,Sudeste
50334,mg,3151701,315170,5033,Poço Fundo,0,Sudeste
50350,mg,3151800,315180,5035,Poços de Caldas,0,Sudeste
50377,mg,3151909,315190,5037,Pocrane,0,Sudeste
50393,mg,3152006,315200,5039,Pompéu,0,Sudeste
50415,mg,3152105,315210,5041,Ponte Nova,0,Sudeste
50431,mg,3152204,315220,5043,Porteirinha,0,Sudeste
50458,mg,3152303,315230,5045,Porto Firme,0,Sudeste
50474,mg,3152402,315240,5047,Poté,0,Sudeste
50490,mg,3152501,315250,5049,Pouso Alegre,0,Sudeste
50512,mg,3152600,315260,5051,Pouso Alto,0,Sudeste
50539,mg,3152709,315270,5053,Prados,0,Sudeste
50555,mg,3152808,315280,5055,Prata,0,Sudeste
50571,mg,3152907,315290,5057,Pratápolis,0,Sudeste
50598,mg,3153004,315300,5059,Pratinha,0,Sudeste
50610,mg,3153103,315310,5061,Presidente Bernardes,0,Sudeste
50636,mg,3153202,315320,5063,Presidente Juscelino,0,Sudeste
50652,mg,3153301,315330,5065,Presidente Kubitschek,0,Sudeste
50679,mg,3153400,315340,5067,Presidente Olegário,0,Sudeste
50695,mg,3153509,315350,5069,Alto Jequitibá,0,Sudeste
50717,mg,3153608,315360,5071,Prudente de Morais,0,Sudeste
50733,mg,3153707,315370,5073,Quartel Geral,0,Sudeste
50750,mg,3153806,315380,5075,Queluzito,0,Sudeste
50776,mg,3153905,315390,5077,Raposos,0,Sudeste
50792,mg,3154002,315400,5079,Raul Soares,0,Sudeste
50814,mg,3154101,315410,5081,Recreio,0,Sudeste
50830,mg,3154200,315420,5083,Resende Costa,0,Sudeste
50857,mg,3154309,315430,5085,Resplendor,0,Sudeste
50873,mg,3154408,315440,5087,Ressaquinha,0,Sudeste
50890,mg,3154507,315450,5089,Riacho dos Machados,0,Sudeste
50911,mg,3154606,315460,5091,Ribeirão das Neves,0,Sudeste
50938,mg,3154705,315470,5093,Ribeirão Vermelho,0,Sudeste
50954,mg,3154804,315480,5095,Rio Acima,0,Sudeste
50970,mg,3154903,315490,5097,Rio Casca,0,Sudeste
50997,mg,3155009,315500,5099,Rio Doce,0,Sudeste
51012,mg,3155108,315510,5101,Rio do Prado,0,Sudeste
51039,mg,3155207,315520,5103,Rio Espera,0,Sudeste
51055,mg,3155306,315530,5105,Rio Manso,0,Sudeste
51071,mg,3155405,315540,5107,Rio Novo,0,Sudeste
51098,mg,3155504,315550,5109,Rio Paranaíba,0,Sudeste
51110,mg,3155603,315560,5111,Rio Pardo de Minas,0,Sudeste
51136,mg,3155702,315570,5113,Rio Piracicaba,0,Sudeste
51152,mg,3155801,315580,5115,Rio Pomba,0,Sudeste
51179,mg,3155900,315590,5117,Rio Preto,0,Sudeste
51195,mg,3156007,315600,5119,Rio Vermelho,0,Sudeste
51217,mg,3156106,315610,5121,Ritápolis,0,Sudeste
51233,mg,3156205,315620,5123,Rochedo de Minas,0,Sudeste
51250,mg,3156304,315630,5125,Rodeiro,0,Sudeste
51276,mg,3156403,315640,5127,Romaria,0,Sudeste
51292,mg,3156502,315650,5129,Rubelita,0,Sudeste
51314,mg,3156601,315660,5131,Rubim,0,Sudeste
51330,mg,3156700,315670,5133,Sabará,0,Sudeste
51357,mg,3156809,315680,5135,Sabinópolis,0,Sudeste
51373,mg,3156908,315690,5137,Sacramento,0,Sudeste
51390,mg,3157005,315700,5139,Salinas,0,Sudeste
51411,mg,3157104,315710,5141,Salto da Divisa,0,Sudeste
51438,mg,3157203,315720,5143,Santa Bárbara,0,Sudeste
51454,mg,3157302,315730,5145,Santa Bárbara do Tugúrio,0,Sudeste
51470,mg,3157401,315740,5147,Santa Cruz do Escalvado,0,Sudeste
51497,mg,3157500,315750,5149,Santa Efigênia de Minas,0,Sudeste
51519,mg,3157609,315760,5151,Santa Fé de Minas,0,Sudeste
51535,mg,3157708,315770,5153,Santa Juliana,0,Sudeste
51551,mg,3157807,315780,5155,Santa Luzia,0,Sudeste
51578,mg,3157906,315790,5157,Santa Margarida,0,Sudeste
51594,mg,3158003,315800,5159,Santa Maria de Itabira,0,Sudeste
51616,mg,3158102,315810,5161,Santa Maria do Salto,0,Sudeste
51632,mg,3158201,315820,5163,Santa Maria do Suaçuí,0,Sudeste
51659,mg,3158300,315830,5165,Santana da Vargem,0,Sudeste
51675,mg,3158409,315840,5167,Santana de Cataguases,0,Sudeste
51691,mg,3158508,315850,5169,Santana de Pirapama,0,Sudeste
51713,mg,3158607,315860,5171,Santana do Deserto,0,Sudeste
51730,mg,3158706,315870,5173,Santana do Garambéu,0,Sudeste
51756,mg,3158805,315880,5175,Santana do Jacaré,0,Sudeste
51772,mg,3158904,315890,5177,Santana do Manhuaçu,0,Sudeste
51799,mg,3159001,315900,5179,Santana do Riacho,0,Sudeste
51810,mg,3159100,315910,5181,Santana dos Montes,0,Sudeste
51837,mg,3159209,315920,5183,Santa Rita de Caldas,0,Sudeste
51853,mg,3159308,315930,5185,Santa Rita de Jacutinga,0,Sudeste
51870,mg,3159407,315940,5187,Santa Rita de Ibitipoca,0,Sudeste
51896,mg,3159506,315950,5189,Santa Rita do Itueto,0,Sudeste
51918,mg,3159605,315960,5191,Santa Rita do Sapucaí,0,Sudeste
51934,mg,3159704,315970,5193,Santa Rosa da Serra,0,Sudeste
51950,mg,3159803,315980,5195,Santa Vitória,0,Sudeste
51977,mg,3159902,315990,5197,Santo Antônio do Amparo,0,Sudeste
51993,mg,3160009,316000,5199,Santo Antônio do Aventureiro,0,Sudeste
52019,mg,3160108,316010,5201,Santo Antônio do Grama,0,Sudeste
52035,mg,3160207,316020,5203,Santo Antônio do Itambé,0,Sudeste
52051,mg,3160306,316030,5205,Santo Antônio do Jacinto,0,Sudeste
52078,mg,3160405,316040,5207,Santo Antônio do Monte,0,Sudeste
52094,mg,3160504,316050,5209,Santo Antônio do Rio Abaixo,0,Sudeste
52116,mg,3160603,316060,5211,Santo Hipólito,0,Sudeste
52132,mg,3160702,316070,5213,Santos Dumont,0,Sudeste
52159,mg,3160801,316080,5215,São Bento Abade,0,Sudeste
52175,mg,3160900,316090,5217,São Brás do Suaçuí,0,Sudeste
52191,mg,3161007,316100,5219,São Domingos do Prata,0,Sudeste
52213,mg,3161106,316110,5221,São Francisco,0,Sudeste
52230,mg,3161205,316120,5223,São Francisco de Paula,0,Sudeste
52256,mg,3161304,316130,5225,São Francisco de Sales,0,Sudeste
52272,mg,3161403,316140,5227,São Francisco do Glória,0,Sudeste
52299,mg,3161502,316150,5229,São Geraldo,0,Sudeste
52310,mg,3161601,316160,5231,São Geraldo da Piedade,0,Sudeste
52337,mg,3161700,316170,5233,São Gonçalo do Abaeté,0,Sudeste
52353,mg,3161809,316180,5235,São Gonçalo do Pará,0,Sudeste
52370,mg,3161908,316190,5237,São Gonçalo do Rio Abaixo,0,Sudeste
52396,mg,3162005,316200,5239,São Gonçalo do Sapucaí,0,Sudeste
52418,mg,3162104,316210,5241,São Gotardo,0,Sudeste
52434,mg,3162203,316220,5243,São João Batista do Glória,0,Sudeste
52450,mg,3162302,316230,5245,São João da Mata,0,Sudeste
52477,mg,3162401,316240,5247,São João da Ponte,0,Sudeste
52493,mg,3162500,316250,5249,São João del Rei,0,Sudeste
52515,mg,3162609,316260,5251,São João do Oriente,0,Sudeste
52531,mg,3162708,316270,5253,São João do Paraíso,0,Sudeste
52558,mg,3162807,316280,5255,São João Evangelista,0,Sudeste
52574,mg,3162906,316290,5257,São João Nepomuceno,0,Sudeste
52590,mg,3163003,316300,5259,São José da Safira,0,Sudeste
52612,mg,3163102,316310,5261,São José da Varginha,0,Sudeste
52639,mg,3163201,316320,5263,São José do Alegre,0,Sudeste
52655,mg,3163300,316330,5265,São José do Divino,0,Sudeste
52671,mg,3163409,316340,5267,São José do Goiabal,0,Sudeste
52698,mg,3163508,316350,5269,São José do Jacuri,0,Sudeste
52710,mg,3163607,316360,5271,São José do Mantimento,0,Sudeste
52736,mg,3163706,316370,5273,São Lourenço,0,Sudeste
52752,mg,3163805,316380,5275,São Miguel do Anta,0,Sudeste
52779,mg,3163904,316390,5277,São Pedro da União,0,Sudeste
52795,mg,3164001,316400,5279,São Pedro dos Ferros,0,Sudeste
52817,mg,3164100,316410,5281,São Pedro do Suaçuí,0,Sudeste
52833,mg,3164209,316420,5283,São Romão,0,Sudeste
52850,mg,3164308,316430,5285,São Roque de Minas,0,Sudeste
52876,mg,3164407,316440,5287,São Sebastião da Bela Vista,0,Sudeste
52892,mg,3164506,316450,5289,São Sebastião do Maranhão,0,Sudeste
52914,mg,3164605,316460,5291,São Sebastião do Oeste,0,Sudeste
52930,mg,3164704,316470,5293,São Sebastião do Paraíso,0,Sudeste
52957,mg,3164803,316480,5295,São Sebastião do Rio Preto,0,Sudeste
52973,mg,3164902,316490,5297,São Sebastião do Rio Verde,0,Sudeste
52990,mg,3165008,316500,5299,São Tiago,0,Sudeste
53015,mg,3165107,316510,5301,São Tomás de Aquino,0,Sudeste
53031,mg,3165206,316520,5303,São Thomé das Letras,0,Sudeste
53058,mg,3165305,316530,5305,São Vicente de Minas,0,Sudeste
53074,mg,3165404,316540,5307,Sapucaí-Mirim,0,Sudeste
53090,mg,3165503,316550,5309,Sardoá,0,Sudeste
53112,mg,3165602,316560,5311,Senador Cortes,0,Sudeste
53139,mg,3165701,316570,5313,Senador Firmino,0,Sudeste
53155,mg,3165800,316580,5315,Senador José Bento,0,Sudeste
53171,mg,3165909,316590,5317,Senador Modestino Gonçalves,0,Sudeste
53198,mg,3166006,316600,5319,Senhora de Oliveira,0,Sudeste
53210,mg,3166105,316610,5321,Senhora do Porto,0,Sudeste
53236,mg,3166204,316620,5323,Senhora dos Remédios,0,Sudeste
53252,mg,3166303,316630,5325,Sericita,0,Sudeste
53279,mg,3166402,316640,5327,Seritinga,0,Sudeste
53295,mg,3166501,316650,5329,Serra Azul de Minas,0,Sudeste
53317,mg,3166600,316660,5331,Serra da Saudade,0,Sudeste
53333,mg,3166709,316670,5333,Serra dos Aimorés,0,Sudeste
53350,mg,3166808,316680,5335,Serra do Salitre,0,Sudeste
53376,mg,3166907,316690,5337,Serrania,0,Sudeste
53392,mg,3167004,316700,5339,Serranos,0,Sudeste
53414,mg,3167103,316710,5341,Serro,0,Sudeste
53430,mg,3167202,316720,5343,Sete Lagoas,0,Sudeste
53457,mg,3167301,316730,5345,Silveirânia,0,Sudeste
53473,mg,3167400,316740,5347,Silvianópolis,0,Sudeste
53490,mg,3167509,316750,5349,Simão Pereira,0,Sudeste
53511,mg,3167608,316760,5351,Simonésia,0,Sudeste
53538,mg,3167707,316770,5353,Sobrália,0,Sudeste
53554,mg,3167806,316780,5355,Soledade de Minas,0,Sudeste
53570,mg,3167905,316790,5357,Tabuleiro,0,Sudeste
53597,mg,3168002,316800,5359,Taiobeiras,0,Sudeste
53619,mg,3168101,316810,5361,Tapira,0,Sudeste
53635,mg,3168200,316820,5363,Tapiraí,0,Sudeste
53651,mg,3168309,316830,5365,Taquaraçu de Minas,0,Sudeste
53678,mg,3168408,316840,5367,Tarumirim,0,Sudeste
53694,mg,3168507,316850,5369,Teixeiras,0,Sudeste
53716,mg,3168606,316860,5371,Teófilo Otoni,0,Sudeste
53732,mg,3168705,316870,5373,Timóteo,0,Sudeste
53759,mg,3168804,316880,5375,Tiradentes,0,Sudeste
53775,mg,3168903,316890,5377,Tiros,0,Sudeste
53791,mg,3169000,316900,5379,Tocantins,0,Sudeste
53813,mg,3169109,316910,5381,Toledo,0,Sudeste
53830,mg,3169208,316920,5383,Tombos,0,Sudeste
53856,mg,3169307,316930,5385,Três Corações,0,Sudeste
53872,mg,3169406,316940,5387,Três Pontas,0,Sudeste
53899,mg,3169505,316950,5389,Tumiritinga,0,Sudeste
53910,mg,3169604,316960,5391,Tupaciguara,0,Sudeste
53937,mg,3169703,316970,5393,Turmalina,0,Sudeste
53953,mg,3169802,316980,5395,Turvolândia,0,Sudeste
53970,mg,3169901,316990,5397,Ubá,0,Sudeste
53996,mg,3170008,317000,5399,Ubaí,0,Sudeste
54011,mg,3170107,317010,5401,Uberaba,0,Sudeste
54038,mg,3170206,317020,5403,Uberlândia,0,Sudeste
54054,mg,3170305,317030,5405,Umburatiba,0,Sudeste
54070,mg,3170404,317040,5407,Unaí,0,Sudeste
54097,mg,3170503,317050,5409,Urucânia,0,Sudeste
54119,mg,3170602,317060,5411,Vargem Bonita,0,Sudeste
54135,mg,3170701,317070,5413,Varginha,0,Sudeste
54151,mg,3170800,317080,5415,Várzea da Palma,0,Sudeste
54178,mg,3170909,317090,5417,Varzelândia,0,Sudeste
54194,mg,3171006,317100,5419,Vazante,0,Sudeste
54216,mg,3172202,317220,5421,Wenceslau Braz,0,Sudeste
54232,mg,3171105,317110,5423,Veríssimo,0,Sudeste
54259,mg,3171204,317120,5425,Vespasiano,0,Sudeste
54275,mg,3171303,317130,5427,Viçosa,0,Sudeste
54291,mg,3171402,317140,5429,Vieiras,0,Sudeste
54313,mg,3171501,317150,5431,Mathias Lobato,0,Sudeste
54330,mg,3171600,317160,5433,Virgem da Lapa,0,Sudeste
54356,mg,3171709,317170,5435,Virgínia,0,Sudeste
54372,mg,3171808,317180,5437,Virginópolis,0,Sudeste
54399,mg,3171907,317190,5439,Virgolândia,0,Sudeste
54410,mg,3172004,317200,5441,Visconde do Rio Branco,0,Sudeste
54437,mg,3172103,317210,5443,Volta Grande,0,Sudeste
54453,mg,3133758,313375,5731,Itaú de Minas,0,Sudeste
55000,ms,5006002,500600,0143,Nova Alvorada do Sul,0,Centro-Oeste
55018,ms,5000252,500025,0141,Alcinópolis,0,Centro-Oeste
55026,ms,5005251,500525,0163,Laguna Carapã,0,Centro-Oeste
55034,ms,5004809,500480,0161,Japorã,0,Centro-Oeste
55042,ms,5006259,500625,0159,Novo Horizonte do Sul,0,Centro-Oeste
55050,ms,5006275,500627,1196,Paraíso das Águas,0,Centro-Oeste
55069,ms,5003900,500390,1178,Figueirão,0,Centro-Oeste
90034,ms,5000203,500020,9003,Água Clara,0,Centro-Oeste
90115,ms,5000609,500060,9011,Amambai,0,Centro-Oeste
90131,ms,5000708,500070,9013,Anastácio,0,Centro-Oeste
90158,ms,5000807,500080,9015,Anaurilândia,0,Centro-Oeste
90174,ms,5000906,500090,9017,Antônio João,0,Centro-Oeste
90190,ms,5001003,500100,9019,Aparecida do Taboado,0,Centro-Oeste
90212,ms,5001102,500110,9021,Aquidauana,0,Centro-Oeste
90298,ms,5001508,500150,9029,Bandeirantes,0,Centro-Oeste
90379,ms,5001904,500190,9037,Bataguassu,0,Centro-Oeste
90395,ms,5002001,500200,9039,Batayporã,0,Centro-Oeste
90417,ms,5002100,500210,9041,Bela Vista,0,Centro-Oeste
90433,ms,5002209,500220,9043,Bonito,0,Centro-Oeste
90450,ms,5002308,500230,9045,Brasilândia,0,Centro-Oeste
90492,ms,5002605,500260,9049,Camapuã,0,Centro-Oeste
90514,ms,5002704,500270,9051,Campo Grande,1,Centro-Oeste
90530,ms,5002803,500280,9053,Caracol,0,Centro-Oeste
90557,ms,5002407,500240,9055,Caarapó,0,Centro-Oeste
90573,ms,5002902,500290,9057,Cassilândia,0,Centro-Oeste
90611,ms,5003108,500310,9061,Corguinho,0,Centro-Oeste
90638,ms,5003207,500320,9063,Corumbá,0,Centro-Oeste
90654,ms,5003306,500330,9065,Coxim,0,Centro-Oeste
90735,ms,5003702,500370,9073,Dourados,0,Centro-Oeste
90751,ms,5003801,500380,9075,Fátima do Sul,0,Centro-Oeste
90794,ms,5004007,500400,9079,Glória de Dourados,0,Centro-Oeste
90816,ms,5004106,500410,9081,Guia Lopes da Laguna,0,Centro-Oeste
90859,ms,5004304,500430,9085,Iguatemi,0,Centro-Oeste
90875,ms,5004403,500440,9087,Inocência,0,Centro-Oeste
90891,ms,5004502,500450,9089,Itaporã,0,Centro-Oeste
90930,ms,5004700,500470,9093,Ivinhema,0,Centro-Oeste
90972,ms,5004908,500490,9097,Jaraguari,0,Centro-Oeste
90999,ms,5005004,500500,9099,Jardim,0,Centro-Oeste
91014,ms,5005103,500510,9101,Jateí,0,Centro-Oeste
91030,ms,5005202,500520,9103,Ladário,0,Centro-Oeste
91073,ms,5005400,500540,9107,Maracaju,0,Centro-Oeste
91111,ms,5005608,500560,9111,Miranda,0,Centro-Oeste
91138,ms,5005707,500570,9113,Naviraí,0,Centro-Oeste
91154,ms,5005806,500580,9115,Nioaque,0,Centro-Oeste
91235,ms,5006200,500620,9123,Nova Andradina,0,Centro-Oeste
91251,ms,5006309,500630,9125,Paranaíba,0,Centro-Oeste
91278,ms,5006408,500640,9127,Pedro Gomes,0,Centro-Oeste
91316,ms,5006606,500660,9131,Ponta Porã,0,Centro-Oeste
91375,ms,5006903,500690,9137,Porto Murtinho,0,Centro-Oeste
91413,ms,5007109,500710,9141,Ribas do Rio Pardo,0,Centro-Oeste
91430,ms,5007208,500720,9143,Rio Brilhante,0,Centro-Oeste
91456,ms,5007307,500730,9145,Rio Negro,0,Centro-Oeste
91472,ms,5007406,500740,9147,Rio Verde de Mato Grosso,0,Centro-Oeste
91499,ms,5007505,500750,9149,Rochedo,0,Centro-Oeste
91570,ms,5007901,500790,9157,Sidrolândia,0,Centro-Oeste
91596,ms,5008008,500800,9159,Terenos,0,Centro-Oeste
91650,ms,5008305,500830,9165,Três Lagoas,0,Centro-Oeste
91693,ms,5000856,500085,9169,Angélica,0,Centro-Oeste
91715,ms,5001243,500124,9171,Aral Moreira,0,Centro-Oeste
91731,ms,5003751,500375,9173,Eldorado,0,Centro-Oeste
91758,ms,5003454,500345,9175,Deodápolis,0,Centro-Oeste
91782,ms,5002951,500295,9787,Chapadão do Sul,0,Centro-Oeste
91790,ms,5005681,500568,9179,Mundo Novo,0,Centro-Oeste
91804,ms,5003488,500348,9793,Dois Irmãos do Buriti,0,Centro-Oeste
91820,ms,5005152,500515,9923,Juti,0,Centro-Oeste
91847,ms,5006358,500635,9739,Paranhos,0,Centro-Oeste
91863,ms,5007554,500755,9745,Santa Rita do Pardo,0,Centro-Oeste
91880,ms,5007935,500793,9757,Sonora,0,Centro-Oeste
91901,ms,5008404,500840,9187,Vicentina,0,Centro-Oeste
98019,ms,5002159,500215,9801,Bodoquena,0,Centro-Oeste
98035,ms,5003256,500325,9803,Costa Rica,0,Centro-Oeste
98051,ms,5003504,500350,9805,Douradina,0,Centro-Oeste
98078,ms,5004601,500460,9807,Itaquiraí,0,Centro-Oeste
98094,ms,5007695,500769,9809,São Gabriel do Oeste,0,Centro-Oeste
98116,ms,5007802,500780,9811,Selvíria,0,Centro-Oeste
98132,ms,5007703,500770,9813,Sete Quedas,0,Centro-Oeste
98159,ms,5007950,500795,9815,Tacuru,0,Centro-Oeste
98175,ms,5007976,500797,9817,Taquarussu,0,Centro-Oeste
98590,ms,5003157,500315,9997,Coronel Sapucaia,0,Centro-Oeste
73709,mt,5101837,510183,,Boa Esperança do Norte,0,Centro-Oeste
89788,mt,5103254,510325,1080,Colniza,0,Centro-Oeste
89796,mt,5103205,510320,8979,Colíder,0,Centro-Oeste
89800,mt,5103437,510343,1084,Curvelândia,0,Centro-Oeste
89818,mt,5106208,510620,8981,Nova Brasilândia,0,Centro-Oeste
89826,mt,5106190,510619,1088,Nova Santa Helena,0,Centro-Oeste
89834,mt,5106307,510630,8983,Paranatinga,0,Centro-Oeste
89843,mt,5107792,510779,1098,Santo Antônio do Leste,0,Centro-Oeste
89850,mt,5107909,510790,8985,Sinop,0,Centro-Oeste
89877,mt,5100250,510025,8987,Alta Floresta,0,Centro-Oeste
89893,mt,5101258,510125,8989,Araputanga,0,Centro-Oeste
89915,mt,5105002,510500,8991,Jauru,0,Centro-Oeste
89931,mt,5107107,510710,8993,São José dos Quatro Marcos,0,Centro-Oeste
89958,mt,5107206,510720,8995,Rio Branco,0,Centro-Oeste
89960,mt,5107578,510757,1092,Rondolândia,0,Centro-Oeste
89974,mt,5107750,510775,8997,Salto do Céu,0,Centro-Oeste
89990,mt,5106752,510675,8999,Pontes e Lacerda,0,Centro-Oeste
90018,mt,5100102,510010,9001,Acorizal,0,Centro-Oeste
90026,mt,5107297,510729,6087,São José do Povo,0,Centro-Oeste
90042,mt,5100359,510035,0127,Alto Boa Vista,0,Centro-Oeste
90050,mt,5100300,510030,9005,Alto Araguaia,0,Centro-Oeste
90069,mt,5107065,510706,0097,Querência,0,Centro-Oeste
90077,mt,5100409,510040,9007,Alto Garças,0,Centro-Oeste
90085,mt,5102694,510269,0129,Canabrava do Norte,0,Centro-Oeste
90093,mt,5100508,510050,9009,Alto Paraguai,0,Centro-Oeste
90107,mt,5107248,510724,0123,Santa Carmem,0,Centro-Oeste
90123,mt,5108907,510890,0111,Nova Maringá,0,Centro-Oeste
90140,mt,5108808,510880,0121,Nova Guarita,0,Centro-Oeste
90166,mt,5108857,510885,0103,Nova Marilândia,0,Centro-Oeste
90182,mt,5106851,510685,0101,Porto Estrela,0,Centro-Oeste
90204,mt,5103957,510395,0135,Glória D'Oeste,0,Centro-Oeste
90220,mt,5107941,510794,0125,Tabaporã,0,Centro-Oeste
90239,mt,5101209,510120,9023,Araguainha,0,Centro-Oeste
90247,mt,5107354,510735,0133,São José do Xingu,0,Centro-Oeste
90255,mt,5101308,510130,9025,Arenápolis,0,Centro-Oeste
90263,mt,5100805,510080,9773,Apiacás,0,Centro-Oeste
90271,mt,5101407,510140,9027,Aripuanã,0,Centro-Oeste
90280,mt,5103353,510335,0131,Confresa,0,Centro-Oeste
90301,mt,5105234,510523,0137,Lambari D'Oeste,0,Centro-Oeste
90310,mt,5101605,510160,9031,Barão de Melgaço,0,Centro-Oeste
90328,mt,5107263,510726,0115,Santo Afonso,0,Centro-Oeste
90336,mt,5101704,510170,9033,Barra do Bugres,0,Centro-Oeste
90344,mt,5106455,510645,0091,Planalto da Serra,0,Centro-Oeste
90352,mt,5101803,510180,9035,Barra do Garças,0,Centro-Oeste
90360,mt,5108956,510895,0119,Nova Monte Verde,0,Centro-Oeste
90387,mt,5106158,510615,0117,Nova Bandeirantes,0,Centro-Oeste
90409,mt,5107404,510740,0093,São Pedro da Cipa,0,Centro-Oeste
90425,mt,5103379,510337,0089,Cotriguaçu,0,Centro-Oeste
90441,mt,5107198,510719,0099,Ribeirãozinho,0,Centro-Oeste
90468,mt,5101902,510190,9873,Brasnorte,0,Centro-Oeste
90476,mt,5102504,510250,9047,Cáceres,0,Centro-Oeste
90484,mt,5102637,510263,9777,Campo Novo do Parecis,0,Centro-Oeste
90506,mt,5102678,510267,9779,Campo Verde,0,Centro-Oeste
90522,mt,5103056,510305,9789,Cláudia,0,Centro-Oeste
90549,mt,5102850,510285,9783,Castanheira,0,Centro-Oeste
90565,mt,5104906,510490,9861,Jangada,0,Centro-Oeste
90581,mt,5105176,510517,9921,Juruena,0,Centro-Oeste
90590,mt,5103007,510300,9059,Chapada dos Guimarães,0,Centro-Oeste
90603,mt,5105259,510525,9925,Lucas do Rio Verde,0,Centro-Oeste
90620,mt,5105606,510560,9929,Matupá,0,Centro-Oeste
90646,mt,5106224,510622,9937,Nova Mutum,0,Centro-Oeste
90662,mt,5107180,510718,9741,Ribeirão Cascalheira,0,Centro-Oeste
90670,mt,5103403,510340,9067,Cuiabá,1,Centro-Oeste
90689,mt,5108006,510800,9763,Tapurah,0,Centro-Oeste
90697,mt,5103502,510350,9069,Diamantino,0,Centro-Oeste
90700,mt,5106653,510665,0095,Pontal do Araguaia,0,Centro-Oeste
90719,mt,5103601,510360,9071,Dom Aquino,0,Centro-Oeste
90727,mt,5107875,510787,1046,Sapezal,0,Centro-Oeste
90743,mt,5102686,510268,1032,Campos de Júlio,0,Centro-Oeste
90760,mt,5102793,510279,1034,Carlinda,0,Centro-Oeste
90778,mt,5103908,510390,9077,General Carneiro,0,Centro-Oeste
90786,mt,5103700,510370,1036,Feliz Natal,0,Centro-Oeste
90808,mt,5106265,510626,1044,Novo Mundo,0,Centro-Oeste
90824,mt,5103858,510385,1038,Gaúcha do Norte,0,Centro-Oeste
90832,mt,5104203,510420,9083,Guiratinga,0,Centro-Oeste
90840,mt,5108303,510830,1048,União do Sul,0,Centro-Oeste
90867,mt,5106182,510618,1040,Nova Lacerda,0,Centro-Oeste
90883,mt,5106240,510624,1042,Nova Ubiratã,0,Centro-Oeste
90905,mt,5101852,510185,1078,Bom Jesus do Araguaia,0,Centro-Oeste
90913,mt,5104609,510460,9091,Itiquira,0,Centro-Oeste
90921,mt,5107883,510788,1100,Serra Nova Dourada,0,Centro-Oeste
90948,mt,5106315,510631,1090,Novo Santo Antônio,0,Centro-Oeste
90956,mt,5104807,510480,9095,Jaciara,0,Centro-Oeste
90964,mt,5106174,510617,1086,Nova Nazaré,0,Centro-Oeste
90980,mt,5107743,510774,1094,Santa Cruz do Xingu,0,Centro-Oeste
91006,mt,5103361,510336,1082,Conquista D'Oeste,0,Centro-Oeste
91022,mt,5108352,510835,1102,Vale de São Domingos,0,Centro-Oeste
91049,mt,5107768,510776,1096,Santa Rita do Trivelato,0,Centro-Oeste
91057,mt,5105309,510530,9105,Luciara,0,Centro-Oeste
91081,mt,5104526,510452,1184,Ipiranga do Norte,0,Centro-Oeste
91090,mt,5105507,510550,9109,Vila Bela da Santíssima Trindade,0,Centro-Oeste
91103,mt,5104542,510454,1186,Itanhangá,0,Centro-Oeste
91170,mt,5105903,510590,9117,Nobres,0,Centro-Oeste
91197,mt,5106000,510600,9119,Nortelândia,0,Centro-Oeste
91219,mt,5106109,510610,9121,Nossa Senhora do Livramento,0,Centro-Oeste
91294,mt,5106505,510650,9129,Poconé,0,Centro-Oeste
91332,mt,5106703,510670,9133,Ponte Branca,0,Centro-Oeste
91359,mt,5106802,510680,9135,Porto dos Gaúchos,0,Centro-Oeste
91391,mt,5107008,510700,9139,Poxoréo,0,Centro-Oeste
91510,mt,5107602,510760,9151,Rondonópolis,0,Centro-Oeste
91537,mt,5107701,510770,9153,Rosário Oeste,0,Centro-Oeste
91553,mt,5107800,510780,9155,Santo Antônio do Leverger,0,Centro-Oeste
91618,mt,5108105,510810,9161,Tesouro,0,Centro-Oeste
91634,mt,5108204,510820,9163,Torixoréu,0,Centro-Oeste
91677,mt,5108402,510840,9167,Várzea Grande,0,Centro-Oeste
91774,mt,5105622,510562,9177,Mirassol d'Oeste,0,Centro-Oeste
91812,mt,5106372,510637,9181,Pedra Preta,0,Centro-Oeste
91839,mt,5107859,510785,9183,São Félix do Araguaia,0,Centro-Oeste
91855,mt,5107958,510795,9185,Tangará da Serra,0,Centro-Oeste
91898,mt,5105200,510520,9189,Juscimeira,0,Centro-Oeste
91910,mt,5100201,510020,9191,Água Boa,0,Centro-Oeste
91936,mt,5102702,510270,9193,Canarana,0,Centro-Oeste
91952,mt,5106257,510625,9195,Nova Xavantina,0,Centro-Oeste
91979,mt,5107776,510777,9197,Santa Terezinha,0,Centro-Oeste
91995,mt,5107305,510730,9199,São José do Rio Claro,0,Centro-Oeste
98191,mt,5105101,510510,9819,Juara,0,Centro-Oeste
98310,mt,5105150,510515,9831,Juína,0,Centro-Oeste
98337,mt,5103452,510345,9833,Denise,0,Centro-Oeste
98612,mt,5100607,510060,9911,Alto Taquari,0,Centro-Oeste
98639,mt,5101001,510100,9869,Araguaiana,0,Centro-Oeste
98655,mt,5102603,510260,9863,Campinápolis,0,Centro-Oeste
98671,mt,5103106,510310,9865,Cocalinho,0,Centro-Oeste
98698,mt,5104559,510455,9901,Itaúba,0,Centro-Oeste
98710,mt,5105580,510558,9899,Marcelândia,0,Centro-Oeste
98736,mt,5106232,510623,9893,Nova Olímpia,0,Centro-Oeste
98752,mt,5106216,510621,9889,Nova Canaã do Norte,0,Centro-Oeste
98779,mt,5106281,510628,9867,Novo São Joaquim,0,Centro-Oeste
98795,mt,5106273,510627,9903,Novo Horizonte do Norte,0,Centro-Oeste
98817,mt,5106422,510642,9891,Peixoto de Azevedo,0,Centro-Oeste
98833,mt,5106299,510629,9885,Paranaíta,0,Centro-Oeste
98850,mt,5106778,510677,9895,Porto Alegre do Norte,0,Centro-Oeste
98876,mt,5106828,510682,9875,Porto Esperidião,0,Centro-Oeste
98892,mt,5107040,510704,9871,Primavera do Leste,0,Centro-Oeste
98914,mt,5107156,510715,9879,Reserva do Cabaçal,0,Centro-Oeste
98930,mt,5107925,510792,9907,Sorriso,0,Centro-Oeste
98957,mt,5108055,510805,9909,Terra Nova do Norte,0,Centro-Oeste
98973,mt,5108501,510850,9905,Vera,0,Centro-Oeste
98990,mt,5108600,510860,9897,Vila Rica,0,Centro-Oeste
99015,mt,5103304,510330,9883,Comodoro,0,Centro-Oeste
99031,mt,5103809,510380,9881,Figueirópolis D'Oeste,0,Centro-Oeste
99058,mt,5104104,510410,9887,Guarantã do Norte,0,Centro-Oeste
99074,mt,5104500,510450,9877,Indiavaí,0,Centro-Oeste
04006,pa,1503093,150309,0627,Goianésia do Pará,0,Norte
04014,pa,1500107,150010,0401,Abaetetuba,0,Norte
04022,pa,1507953,150795,0395,Tailândia,0,Norte
04030,pa,1500206,150020,0403,Acará,0,Norte
04049,pa,1501576,150157,0575,Bom Jesus do Tocantins,0,Norte
04057,pa,1500305,150030,0405,Afuá,0,Norte
04065,pa,1507474,150747,0393,São João de Pirabas,0,Norte
04073,pa,1500404,150040,0407,Alenquer,0,Norte
04081,pa,1508084,150808,0397,Tucumã,0,Norte
04090,pa,1500503,150050,0409,Almeirim,0,Norte
04103,pa,1504059,150405,0587,Mãe do Rio,0,Norte
04111,pa,1500602,150060,0411,Altamira,0,Norte
04120,pa,1502954,150295,0377,Eldorado do Carajás,0,Norte
04138,pa,1500701,150070,0413,Anajás,0,Norte
04146,pa,1506559,150655,0371,Santa Luzia do Pará,0,Norte
04154,pa,1500800,150080,0415,Ananindeua,0,Norte
04162,pa,1505494,150549,0379,Palestina do Pará,0,Norte
04170,pa,1500909,150090,0417,Augusto Corrêa,0,Norte
04189,pa,1503457,150345,0621,Ipixuna do Pará,0,Norte
04197,pa,1501006,150100,0419,Aveiro,0,Norte
04200,pa,1503754,150375,0631,Jacareacanga,0,Norte
04219,pa,1501105,150110,0421,Bagre,0,Norte
04227,pa,1501725,150172,0639,Brasil Novo,0,Norte
04235,pa,1501204,150120,0423,Baião,0,Norte
04243,pa,1506351,150635,0369,Santa Bárbara do Pará,0,Norte
04251,pa,1501303,150130,0425,Barcarena,0,Norte
04260,pa,1500347,150034,0383,Água Azul do Norte,0,Norte
04278,pa,1501402,150140,0427,Belém,1,Norte
04286,pa,1508050,150805,0635,Trairão,0,Norte
04294,pa,1501501,150150,0429,Benevides,0,Norte
04308,pa,1505551,150555,0387,Pau D'Arco,0,Norte
04316,pa,1501600,150160,0431,Bonito,0,Norte
04324,pa,1508126,150812,0623,Ulianópolis,0,Norte
04332,pa,1501709,150170,0433,Bragança,0,Norte
04340,pa,1500958,150095,0389,Aurora do Pará,0,Norte
04359,pa,1501808,150180,0435,Breves,0,Norte
04367,pa,1507979,150797,0637,Terra Santa,0,Norte
04375,pa,1501907,150190,0437,Bujaru,0,Norte
04383,pa,1505031,150503,0633,Novo Progresso,0,Norte
04391,pa,1502004,150200,0439,Cachoeira do Arari,0,Norte
04405,pa,1508357,150835,0641,Vitória do Xingu,0,Norte
04413,pa,1502103,150210,0441,Cametá,0,Norte
04421,pa,1505064,150506,0629,Novo Repartimento,0,Norte
04430,pa,1502202,150220,0443,Capanema,0,Norte
04448,pa,1501782,150178,0625,Breu Branco,0,Norte
04456,pa,1502301,150230,0445,Capitão Poço,0,Norte
04464,pa,1507151,150715,0381,São Domingos do Araguaia,0,Norte
04472,pa,1502400,150240,0447,Castanhal,0,Norte
04480,pa,1504950,150495,0391,Nova Esperança do Piriá,0,Norte
04499,pa,1502509,150250,0449,Chaves,0,Norte
04502,pa,1500131,150013,0375,Abel Figueiredo,0,Norte
04510,pa,1502608,150260,0451,Colares,0,Norte
04529,pa,1502764,150276,0385,Cumaru do Norte,0,Norte
04537,pa,1502707,150270,0453,Conceição do Araguaia,0,Norte
04545,pa,1507961,150796,0373,Terra Alta,0,Norte
04553,pa,1502806,150280,0455,Curralinho,0,Norte
04561,pa,1503044,150304,0052,Floresta do Araguaia,0,Norte
04570,pa,1502905,150290,0457,Curuçá,0,Norte
04588,pa,1501253,150125,0042,Bannach,0,Norte
04596,pa,1503002,150300,0459,Faro,0,Norte
04600,pa,1504976,150497,0056,Nova Ipixuna,0,Norte
04618,pa,1503101,150310,0461,Gurupá,0,Norte
04626,pa,1505650,150565,0060,Placas,0,Norte
04634,pa,1503200,150320,0463,Igarapé-Açu,0,Norte
04642,pa,1504422,150442,0054,Marituba,0,Norte
04650,pa,1503309,150330,0465,Igarapé-Miri,0,Norte
04669,pa,1508035,150803,0068,Tracuateua,0,Norte
04677,pa,1503408,150340,0467,Inhangapi,0,Norte
04685,pa,1506112,150611,0062,Quatipuru,0,Norte
04693,pa,1503507,150350,0469,Irituia,0,Norte
04707,pa,1502152,150215,0048,Canaã dos Carajás,0,Norte
04715,pa,1503606,150360,0471,Itaituba,0,Norte
04723,pa,1500859,150085,0040,Anapu,0,Norte
04731,pa,1503705,150370,0473,Itupiranga,0,Norte
04740,pa,1502855,150285,0050,Curuá,0,Norte
04758,pa,1503804,150380,0475,Jacundá,0,Norte
04766,pa,1501956,150195,0046,Cachoeira do Piriá,0,Norte
04774,pa,1503903,150390,0477,Juruti,0,Norte
04782,pa,1505635,150563,0058,Piçarra,0,Norte
04790,pa,1504000,150400,0479,Limoeiro do Ajuru,0,Norte
04804,pa,1501451,150145,0044,Belterra,0,Norte
04812,pa,1504109,150410,0481,Magalhães Barata,0,Norte
04820,pa,1507466,150746,0064,São João da Ponta,0,Norte
04839,pa,1504208,150420,0483,Marabá,0,Norte
04847,pa,1507755,150775,0066,Sapucaia,0,Norte
04855,pa,1504307,150430,0485,Maracanã,0,Norte
04863,pa,1504752,150475,1190,Mojuí dos Campos,0,Norte
04871,pa,1504406,150440,0487,Marapanim,0,Norte
04898,pa,1504505,150450,0489,Melgaço,0,Norte
04910,pa,1504604,150460,0491,Mocajuba,0,Norte
04936,pa,1504703,150470,0493,Moju,0,Norte
04952,pa,1504802,150480,0495,Monte Alegre,0,Norte
04979,pa,1504901,150490,0497,Muaná,0,Norte
04995,pa,1505007,150500,0499,Nova Timboteua,0,Norte
05010,pa,1505106,150510,0501,Óbidos,0,Norte
05037,pa,1505205,150520,0503,Oeiras do Pará,0,Norte
05053,pa,1505304,150530,0505,Oriximiná,0,Norte
05070,pa,1505403,150540,0507,Ourém,0,Norte
05096,pa,1505502,150550,0509,Paragominas,0,Norte
05118,pa,1505601,150560,0511,Peixe-Boi,0,Norte
05134,pa,1505700,150570,0513,Ponta de Pedras,0,Norte
05150,pa,1505809,150580,0515,Portel,0,Norte
05177,pa,1505908,150590,0517,Porto de Moz,0,Norte
05193,pa,1506005,150600,0519,Prainha,0,Norte
05215,pa,1506104,150610,0521,Primavera,0,Norte
05231,pa,1506203,150620,0523,Salinópolis,0,Norte
05258,pa,1506302,150630,0525,Salvaterra,0,Norte
05274,pa,1506401,150640,0527,Santa Cruz do Arari,0,Norte
05290,pa,1506500,150650,0529,Santa Isabel do Pará,0,Norte
05312,pa,1506609,150660,0531,Santa Maria do Pará,0,Norte
05339,pa,1506708,150670,0533,Santana do Araguaia,0,Norte
05355,pa,1506807,150680,0535,Santarém,0,Norte
05371,pa,1506906,150690,0537,Santarém Novo,0,Norte
05398,pa,1507003,150700,0539,Santo Antônio do Tauá,0,Norte
05410,pa,1507102,150710,0541,São Caetano de Odivelas,0,Norte
05436,pa,1507201,150720,0543,São Domingos do Capim,0,Norte
05452,pa,1507300,150730,0545,São Félix do Xingu,0,Norte
05479,pa,1507409,150740,0547,São Francisco do Pará,0,Norte
05495,pa,1507508,150750,0549,São João do Araguaia,0,Norte
05517,pa,1507607,150760,0551,São Miguel do Guamá,0,Norte
05533,pa,1507706,150770,0553,São Sebastião da Boa Vista,0,Norte
05550,pa,1507805,150780,0555,Senador José Porfírio,0,Norte
05576,pa,1507904,150790,0557,Soure,0,Norte
05592,pa,1508001,150800,0559,Tomé-Açu,0,Norte
05614,pa,1508100,150810,0561,Tucuruí,0,Norte
05630,pa,1508209,150820,0563,Vigia,0,Norte
05657,pa,1508308,150830,0565,Viseu,0,Norte
05673,pa,1506138,150613,0567,Redenção,0,Norte
05690,pa,1506161,150616,0569,Rio Maria,0,Norte
05711,pa,1508407,150840,0571,Xinguara,0,Norte
05738,pa,1506187,150618,0573,Rondon do Pará,0,Norte
05754,pa,1508159,150815,0399,Uruará,0,Norte
05770,pa,1504455,150445,0589,Medicilândia,0,Norte
05797,pa,1507458,150745,0619,São Geraldo do Araguaia,0,Norte
05819,pa,1502756,150275,0579,Concórdia do Pará,0,Norte
05835,pa,1505536,150553,0595,Parauapebas,0,Norte
05851,pa,1502772,150277,0581,Curionópolis,0,Norte
05878,pa,1503077,150307,0585,Garrafão do Norte,0,Norte
05894,pa,1506195,150619,0597,Rurópolis,0,Norte
05916,pa,1505486,150548,0593,Pacajá,0,Norte
05932,pa,1501758,150175,0577,Brejo Grande do Araguaia,0,Norte
05959,pa,1505437,150543,0591,Ourilândia do Norte,0,Norte
05975,pa,1502939,150293,0583,Dom Eliseu,0,Norte
05991,pa,1506583,150658,0599,Santa Maria das Barreiras,0,Norte
19003,pb,2512762,251276,0506,Riachão do Poço,0,Nordeste
19011,pb,2500106,250010,1901,Água Branca,0,Nordeste
19020,pb,2515971,251597,0534,Sobrado,0,Nordeste
19038,pb,2500205,250020,1903,Aguiar,0,Nordeste
19046,pb,2514453,251445,0526,São José dos Ramos,0,Nordeste
19054,pb,2500304,250030,1905,Alagoa Grande,0,Nordeste
19062,pb,2504033,250403,0464,Capim,0,Nordeste
19070,pb,2500403,250040,1907,Alagoa Nova,0,Nordeste
19089,pb,2505238,250523,0474,Cuité de Mamanguape,0,Nordeste
19097,pb,2500502,250050,1909,Alagoinha,0,Nordeste
19100,pb,2505279,250527,0476,Curral de Cima,0,Nordeste
19119,pb,2500601,250060,1911,Alhandra,0,Nordeste
19127,pb,2512754,251275,0504,Riachão do Bacamarte,0,Nordeste
19135,pb,2500700,250070,1913,São João do Rio do Peixe,0,Nordeste
19143,pb,2509339,250933,0488,Matinhas,0,Nordeste
19151,pb,2500809,250080,1915,Araçagi,0,Nordeste
19160,pb,2508554,250855,0482,Logradouro,0,Nordeste
19178,pb,2500908,250090,1917,Arara,0,Nordeste
19186,pb,2515930,251593,0532,Sertãozinho,0,Nordeste
19194,pb,2501005,250100,1919,Araruna,0,Nordeste
19208,pb,2512747,251274,0502,Riachão,0,Nordeste
19216,pb,2501104,250110,1921,Areia,0,Nordeste
19224,pb,2513943,251394,0520,São Domingos do Cariri,0,Nordeste
19232,pb,2501203,250120,1923,Areial,0,Nordeste
19240,pb,2504074,250407,0466,Caraúbas,0,Nordeste
19259,pb,2501302,250130,1925,Aroeiras,0,Nordeste
19267,pb,2513851,251385,0516,Santo André,0,Nordeste
19275,pb,2505352,250535,0478,Damião,0,Nordeste
19283,pb,2516151,251615,0536,Sossêgo,0,Nordeste
19291,pb,2501401,250140,1929,Baía da Traição,0,Nordeste
19305,pb,2501534,250153,0452,Baraúna,0,Nordeste
19313,pb,2501500,250150,1931,Bananeiras,0,Nordeste
19321,pb,2501351,250135,0450,Assunção,0,Nordeste
19330,pb,2501609,250160,1933,Barra de Santa Rosa,0,Nordeste
19348,pb,2517407,251740,0542,Zabelê,0,Nordeste
19356,pb,2501708,250170,1935,Barra de São Miguel,0,Nordeste
19364,pb,2503555,250355,0460,Cacimbas,0,Nordeste
19372,pb,2501807,250180,1937,Bayeux,0,Nordeste
19380,pb,2503753,250375,0462,Cajazeirinhas,0,Nordeste
19399,pb,2501906,250190,1939,Belém,0,Nordeste
19402,pb,2513927,251392,0518,São Bentinho,0,Nordeste
19410,pb,2502003,250200,1941,Belém do Brejo do Cruz,0,Nordeste
19429,pb,2513968,251396,0522,São Domingos,0,Nordeste
19437,pb,2502102,250210,1943,Boa Ventura,0,Nordeste
19445,pb,2514552,251455,0528,São José de Princesa,0,Nordeste
19453,pb,2502201,250220,1945,Bom Jesus,0,Nordeste
19461,pb,2509156,250915,0486,Marizópolis,0,Nordeste
19470,pb,2502300,250230,1947,Bom Sucesso,0,Nordeste
19488,pb,2509370,250937,0490,Mato Grosso,0,Nordeste
19496,pb,2502409,250240,1949,Bonito de Santa Fé,0,Nordeste
19500,pb,2502052,250205,0456,Bernardino Batista,0,Nordeste
19518,pb,2502508,250250,1951,Boqueirão,0,Nordeste
19526,pb,2512077,251207,0498,Poço de José de Moura,0,Nordeste
19534,pb,2502607,250260,1953,Igaracy,0,Nordeste
19542,pb,2514651,251465,0530,São José do Brejo do Cruz,0,Nordeste
19550,pb,2502706,250270,1955,Borborema,0,Nordeste
19569,pb,2513356,251335,0512,Santa Inês,0,Nordeste
19577,pb,2502805,250280,1957,Brejo do Cruz,0,Nordeste
19585,pb,2500734,250073,0444,Amparo,0,Nordeste
19593,pb,2502904,250290,1959,Brejo dos Santos,0,Nordeste
19607,pb,2504157,250415,0468,Casserengue,0,Nordeste
19615,pb,2503001,250300,1961,Caaporã,0,Nordeste
19623,pb,2506251,250625,0480,Gado Bravo,0,Nordeste
19631,pb,2503100,250310,1963,Cabaceiras,0,Nordeste
19640,pb,2512036,251203,0496,Poço Dantas,0,Nordeste
19658,pb,2503209,250320,1965,Cabedelo,0,Nordeste
19666,pb,2513653,251365,0514,Joca Claudino,0,Nordeste
19674,pb,2503308,250330,1967,Cachoeira dos Índios,0,Nordeste
19682,pb,2516755,251675,0538,Tenório,0,Nordeste
19690,pb,2503407,250340,1969,Cacimba de Areia,0,Nordeste
19704,pb,2504850,250485,0472,Coxixola,0,Nordeste
19712,pb,2503506,250350,1971,Cacimba de Dentro,0,Nordeste
19720,pb,2510659,251065,0494,Parari,0,Nordeste
19739,pb,2503605,250360,1973,Caiçara,0,Nordeste
19747,pb,2512721,251272,0500,Pedro Régis,0,Nordeste
19755,pb,2503704,250370,1975,Cajazeiras,0,Nordeste
19763,pb,2500536,250053,0440,Alcantil,0,Nordeste
19771,pb,2503803,250380,1977,Caldas Brandão,0,Nordeste
19780,pb,2501575,250157,0454,Barra de Santana,0,Nordeste
19798,pb,2503902,250390,1979,Camalaú,0,Nordeste
19801,pb,2504355,250435,0470,Caturité,0,Nordeste
19810,pb,2504009,250400,1981,Campina Grande,0,Nordeste
19828,pb,2512788,251278,0508,Riacho de Santo Antônio,0,Nordeste
19836,pb,2504108,250410,1983,Carrapateira,0,Nordeste
19844,pb,2500775,250077,0446,Aparecida,0,Nordeste
19852,pb,2504207,250420,1985,Catingueira,0,Nordeste
19860,pb,2513984,251398,0524,São Francisco,0,Nordeste
19879,pb,2504306,250430,1987,Catolé do Rocha,0,Nordeste
19887,pb,2517209,251720,0540,Vieirópolis,0,Nordeste
19895,pb,2504405,250440,1989,Conceição,0,Nordeste
19909,pb,2501153,250115,0448,Areia de Baraúnas,0,Nordeste
19917,pb,2504504,250450,1991,Condado,0,Nordeste
19925,pb,2500577,250057,0442,Algodão de Jandaíra,0,Nordeste
19933,pb,2504603,250460,1993,Conde,0,Nordeste
19941,pb,2502151,250215,0458,Boa Vista,0,Nordeste
19950,pb,2504702,250470,1995,Congo,0,Nordeste
19968,pb,2509057,250905,0484,Marcação,0,Nordeste
19976,pb,2504801,250480,1997,Coremas,0,Nordeste
19984,pb,2509396,250939,0492,Maturéia,0,Nordeste
19992,pb,2504900,250490,1999,Cruz do Espírito Santo,0,Nordeste
20001,pb,2513158,251315,0510,Santa Cecília,0,Nordeste
20010,pb,2505006,250500,2001,Cubati,0,Nordeste
20036,pb,2505105,250510,2003,Cuité,0,Nordeste
20052,pb,2505204,250520,2005,Cuitegi,0,Nordeste
20079,pb,2505303,250530,2007,Curral Velho,0,Nordeste
20095,pb,2505402,250540,2009,Desterro,0,Nordeste
20117,pb,2505501,250550,2011,Vista Serrana,0,Nordeste
20133,pb,2505600,250560,2013,Diamante,0,Nordeste
20150,pb,2505709,250570,2015,Dona Inês,0,Nordeste
20176,pb,2505808,250580,2017,Duas Estradas,0,Nordeste
20192,pb,2505907,250590,2019,Emas,0,Nordeste
20214,pb,2506004,250600,2021,Esperança,0,Nordeste
20230,pb,2506103,250610,2023,Fagundes,0,Nordeste
20257,pb,2506202,250620,2025,Frei Martinho,0,Nordeste
20273,pb,2506301,250630,2027,Guarabira,0,Nordeste
20290,pb,2506400,250640,2029,Gurinhém,0,Nordeste
20311,pb,2506509,250650,2031,Gurjão,0,Nordeste
20338,pb,2506608,250660,2033,Ibiara,0,Nordeste
20354,pb,2506707,250670,2035,Imaculada,0,Nordeste
20370,pb,2506806,250680,2037,Ingá,0,Nordeste
20397,pb,2506905,250690,2039,Itabaiana,0,Nordeste
20419,pb,2507002,250700,2041,Itaporanga,0,Nordeste
20435,pb,2507101,250710,2043,Itapororoca,0,Nordeste
20451,pb,2507200,250720,2045,Itatuba,0,Nordeste
20478,pb,2507309,250730,2047,Jacaraú,0,Nordeste
20494,pb,2507408,250740,2049,Jericó,0,Nordeste
20516,pb,2507507,250750,2051,João Pessoa,1,Nordeste
20532,pb,2507606,250760,2053,Juarez Távora,0,Nordeste
20559,pb,2507705,250770,2055,Juazeirinho,0,Nordeste
20575,pb,2507804,250780,2057,Junco do Seridó,0,Nordeste
20591,pb,2507903,250790,2059,Juripiranga,0,Nordeste
20613,pb,2508000,250800,2061,Juru,0,Nordeste
20630,pb,2508109,250810,2063,Lagoa,0,Nordeste
20656,pb,2508208,250820,2065,Lagoa de Dentro,0,Nordeste
20672,pb,2508307,250830,2067,Lagoa Seca,0,Nordeste
20699,pb,2508406,250840,2069,Lastro,0,Nordeste
20710,pb,2508505,250850,2071,Livramento,0,Nordeste
20737,pb,2508604,250860,2073,Lucena,0,Nordeste
20753,pb,2508703,250870,2075,Mãe d'Água,0,Nordeste
20770,pb,2508802,250880,2077,Malta,0,Nordeste
20796,pb,2508901,250890,2079,Mamanguape,0,Nordeste
20818,pb,2509008,250900,2081,Manaíra,0,Nordeste
20834,pb,2509107,250910,2083,Mari,0,Nordeste
20850,pb,2509206,250920,2085,Massaranduba,0,Nordeste
20877,pb,2509305,250930,2087,Mataraca,0,Nordeste
20893,pb,2509404,250940,2089,Mogeiro,0,Nordeste
20915,pb,2509503,250950,2091,Montadas,0,Nordeste
20931,pb,2509602,250960,2093,Monte Horebe,0,Nordeste
20958,pb,2509701,250970,2095,Monteiro,0,Nordeste
20974,pb,2509800,250980,2097,Mulungu,0,Nordeste
20990,pb,2509909,250990,2099,Natuba,0,Nordeste
21016,pb,2510006,251000,2101,Nazarezinho,0,Nordeste
21032,pb,2510105,251010,2103,Nova Floresta,0,Nordeste
21059,pb,2510204,251020,2105,Nova Olinda,0,Nordeste
21075,pb,2510303,251030,2107,Nova Palmeira,0,Nordeste
21091,pb,2510402,251040,2109,Olho d'Água,0,Nordeste
21113,pb,2510501,251050,2111,Olivedos,0,Nordeste
21130,pb,2510600,251060,2113,Ouro Velho,0,Nordeste
21156,pb,2510709,251070,2115,Passagem,0,Nordeste
21172,pb,2510808,251080,2117,Patos,0,Nordeste
21199,pb,2510907,251090,2119,Paulista,0,Nordeste
21210,pb,2511004,251100,2121,Pedra Branca,0,Nordeste
21237,pb,2511103,251110,2123,Pedra Lavrada,0,Nordeste
21253,pb,2511202,251120,2125,Pedras de Fogo,0,Nordeste
21270,pb,2511301,251130,2127,Piancó,0,Nordeste
21296,pb,2511400,251140,2129,Picuí,0,Nordeste
21318,pb,2511509,251150,2131,Pilar,0,Nordeste
21334,pb,2511608,251160,2133,Pilões,0,Nordeste
21350,pb,2511707,251170,2135,Pilõezinhos,0,Nordeste
21377,pb,2511806,251180,2137,Pirpirituba,0,Nordeste
21393,pb,2511905,251190,2139,Pitimbu,0,Nordeste
21415,pb,2512002,251200,2141,Pocinhos,0,Nordeste
21431,pb,2512101,251210,2143,Pombal,0,Nordeste
21458,pb,2512200,251220,2145,Prata,0,Nordeste
21474,pb,2512309,251230,2147,Princesa Isabel,0,Nordeste
21490,pb,2512408,251240,2149,Puxinanã,0,Nordeste
21512,pb,2512507,251250,2151,Queimadas,0,Nordeste
21539,pb,2512606,251260,2153,Quixabá,0,Nordeste
21555,pb,2512705,251270,2155,Remígio,0,Nordeste
21571,pb,2512804,251280,2157,Riacho dos Cavalos,0,Nordeste
21598,pb,2512903,251290,2159,Rio Tinto,0,Nordeste
21610,pb,2513000,251300,2161,Salgadinho,0,Nordeste
21636,pb,2513109,251310,2163,Salgado de São Félix,0,Nordeste
21652,pb,2513208,251320,2165,Santa Cruz,0,Nordeste
21679,pb,2513307,251330,2167,Santa Helena,0,Nordeste
21695,pb,2513406,251340,2169,Santa Luzia,0,Nordeste
21717,pb,2513505,251350,2171,Santana de Mangueira,0,Nordeste
21733,pb,2513604,251360,2173,Santana dos Garrotes,0,Nordeste
21750,pb,2513703,251370,2175,Santa Rita,0,Nordeste
21776,pb,2513802,251380,2177,Santa Teresinha,0,Nordeste
21792,pb,2513901,251390,2179,São Bento,0,Nordeste
21814,pb,2514008,251400,2181,São João do Cariri,0,Nordeste
21830,pb,2514107,251410,2183,São João do Tigre,0,Nordeste
21857,pb,2514206,251420,2185,São José da Lagoa Tapada,0,Nordeste
21873,pb,2514305,251430,2187,São José de Caiana,0,Nordeste
21890,pb,2514404,251440,2189,São José de Espinharas,0,Nordeste
21911,pb,2514503,251450,2191,São José de Piranhas,0,Nordeste
21938,pb,2514602,251460,2193,São José do Bonfim,0,Nordeste
21954,pb,2514701,251470,2195,São José do Sabugi,0,Nordeste
21970,pb,2514800,251480,2197,São José dos Cordeiros,0,Nordeste
21997,pb,2514909,251490,2199,São Mamede,0,Nordeste
22012,pb,2515005,251500,2201,São Miguel de Taipu,0,Nordeste
22039,pb,2515104,251510,2203,São Sebastião de Lagoa de Roça,0,Nordeste
22055,pb,2515203,251520,2205,São Sebastião do Umbuzeiro,0,Nordeste
22071,pb,2515302,251530,2207,Sapé,0,Nordeste
22098,pb,2515401,251540,2209,São Vicente do Seridó,0,Nordeste
22110,pb,2515500,251550,2211,Serra Branca,0,Nordeste
22136,pb,2515609,251560,2213,Serra da Raiz,0,Nordeste
22152,pb,2515708,251570,2215,Serra Grande,0,Nordeste
22179,pb,2515807,251580,2217,Serra Redonda,0,Nordeste
22195,pb,2515906,251590,2219,Serraria,0,Nordeste
22217,pb,2516003,251600,2221,Solânea,0,Nordeste
22233,pb,2516102,251610,2223,Soledade,0,Nordeste
22250,pb,2516201,251620,2225,Sousa,0,Nordeste
22276,pb,2516300,251630,2227,Sumé,0,Nordeste
22292,pb,2516409,251640,2229,Tacima,0,Nordeste
22314,pb,2516508,251650,2231,Taperoá,0,Nordeste
22330,pb,2516607,251660,2233,Tavares,0,Nordeste
22357,pb,2516706,251670,2235,Teixeira,0,Nordeste
22373,pb,2516805,251680,2237,Triunfo,0,Nordeste
22390,pb,2516904,251690,2239,Uiraúna,0,Nordeste
22411,pb,2517001,251700,2241,Umbuzeiro,0,Nordeste
22438,pb,2517100,251710,2243,Várzea,0,Nordeste
23000,pe,2611533,261153,2637,Quixaba,0,Nordeste
23019,pe,2600104,260010,2301,Afogados da Ingazeira,0,Nordeste
23027,pe,2608453,260845,2289,Lagoa do Carro,0,Nordeste
23035,pe,2600203,260020,2303,Afrânio,0,Nordeste
23043,pe,2612471,261247,2639,Santa Cruz da Baixa Verde,0,Nordeste
23051,pe,2600302,260030,2305,Agrestina,0,Nordeste
23060,pe,2616506,261650,2293,Xexéu,0,Nordeste
23078,pe,2600401,260040,2307,Água Preta,0,Nordeste
23086,pe,2616183,261618,2291,Vertente do Lério,0,Nordeste
23094,pe,2600500,260050,2309,Águas Belas,0,Nordeste
23108,pe,2612455,261245,2297,Santa Cruz,0,Nordeste
23116,pe,2600609,260060,2311,Alagoinha,0,Nordeste
23124,pe,2608255,260825,2295,Jucati,0,Nordeste
23132,pe,2600708,260070,2313,Aliança,0,Nordeste
23140,pe,2605152,260515,2299,Dormentes,0,Nordeste
23159,pe,2600807,260080,2315,Altinho,0,Nordeste
23167,pe,2603926,260392,2635,Carnaubeira da Penha,0,Nordeste
23175,pe,2600906,260090,2317,Amaraji,0,Nordeste
23183,pe,2608750,260875,0552,Lagoa Grande,0,Nordeste
23191,pe,2601003,260100,2319,Angelim,0,Nordeste
23205,pe,2601052,260105,0544,Araçoiaba,0,Nordeste
23213,pe,2601102,260110,2321,Araripina,0,Nordeste
23221,pe,2604155,260415,0546,Casinhas,0,Nordeste
23230,pe,2601201,260120,2323,Arcoverde,0,Nordeste
23248,pe,2609154,260915,0554,Manari,0,Nordeste
23256,pe,2601300,260130,2325,Barra de Guabiraba,0,Nordeste
23264,pe,2608057,260805,0550,Jatobá,0,Nordeste
23272,pe,2601409,260140,2327,Barreiros,0,Nordeste
23280,pe,2614857,261485,0558,Tamandaré,0,Nordeste
23299,pe,2601508,260150,2329,Belém de Maria,0,Nordeste
23302,pe,2607950,260795,0548,Jaqueira,0,Nordeste
23310,pe,2601607,260160,2331,Belém do São Francisco,0,Nordeste
23329,pe,2612554,261255,0556,Santa Filomena,0,Nordeste
23337,pe,2601706,260170,2333,Belo Jardim,0,Nordeste
23353,pe,2601805,260180,2335,Betânia,0,Nordeste
23370,pe,2601904,260190,2337,Bezerros,0,Nordeste
23396,pe,2602001,260200,2339,Bodocó,0,Nordeste
23418,pe,2602100,260210,2341,Bom Conselho,0,Nordeste
23434,pe,2602209,260220,2343,Bom Jardim,0,Nordeste
23450,pe,2602308,260230,2345,Bonito,0,Nordeste
23477,pe,2602407,260240,2347,Brejão,0,Nordeste
23493,pe,2602506,260250,2349,Brejinho,0,Nordeste
23515,pe,2602605,260260,2351,Brejo da Madre de Deus,0,Nordeste
23531,pe,2602704,260270,2353,Buenos Aires,0,Nordeste
23558,pe,2602803,260280,2355,Buíque,0,Nordeste
23574,pe,2602902,260290,2357,Cabo de Santo Agostinho,0,Nordeste
23590,pe,2603009,260300,2359,Cabrobó,0,Nordeste
23612,pe,2603108,260310,2361,Cachoeirinha,0,Nordeste
23639,pe,2603207,260320,2363,Caetés,0,Nordeste
23655,pe,2603306,260330,2365,Calçado,0,Nordeste
23671,pe,2603405,260340,2367,Calumbi,0,Nordeste
23698,pe,2603504,260350,2369,Camocim de São Félix,0,Nordeste
23710,pe,2603603,260360,2371,Camutanga,0,Nordeste
23736,pe,2603702,260370,2373,Canhotinho,0,Nordeste
23752,pe,2603801,260380,2375,Capoeiras,0,Nordeste
23779,pe,2603900,260390,2377,Carnaíba,0,Nordeste
23795,pe,2604007,260400,2379,Carpina,0,Nordeste
23817,pe,2604106,260410,2381,Caruaru,0,Nordeste
23833,pe,2604205,260420,2383,Catende,0,Nordeste
23850,pe,2604304,260430,2385,Cedro,0,Nordeste
23876,pe,2604403,260440,2387,Chã de Alegria,0,Nordeste
23892,pe,2604502,260450,2389,Chã Grande,0,Nordeste
23914,pe,2604601,260460,2391,Condado,0,Nordeste
23930,pe,2604700,260470,2393,Correntes,0,Nordeste
23957,pe,2604809,260480,2395,Cortês,0,Nordeste
23973,pe,2604908,260490,2397,Cumaru,0,Nordeste
23990,pe,2605004,260500,2399,Cupira,0,Nordeste
24015,pe,2605103,260510,2401,Custódia,0,Nordeste
24031,pe,2605202,260520,2403,Escada,0,Nordeste
24058,pe,2605301,260530,2405,Exu,0,Nordeste
24074,pe,2605400,260540,2407,Feira Nova,0,Nordeste
24090,pe,2605509,260550,2409,Ferreiros,0,Nordeste
24112,pe,2605608,260560,2411,Flores,0,Nordeste
24139,pe,2605707,260570,2413,Floresta,0,Nordeste
24155,pe,2605806,260580,2415,Frei Miguelinho,0,Nordeste
24171,pe,2605905,260590,2417,Gameleira,0,Nordeste
24198,pe,2606002,260600,2419,Garanhuns,0,Nordeste
24210,pe,2606101,260610,2421,Glória do Goitá,0,Nordeste
24236,pe,2606200,260620,2423,Goiana,0,Nordeste
24252,pe,2606309,260630,2425,Granito,0,Nordeste
24279,pe,2606408,260640,2427,Gravatá,0,Nordeste
24295,pe,2606507,260650,2429,Iati,0,Nordeste
24317,pe,2606606,260660,2431,Ibimirim,0,Nordeste
24333,pe,2606705,260670,2433,Ibirajuba,0,Nordeste
24350,pe,2606804,260680,2435,Igarassu,0,Nordeste
24376,pe,2606903,260690,2437,Iguaraci,0,Nordeste
24392,pe,2607000,260700,2439,Inajá,0,Nordeste
24414,pe,2607109,260710,2441,Ingazeira,0,Nordeste
24430,pe,2607208,260720,2443,Ipojuca,0,Nordeste
24457,pe,2607307,260730,2445,Ipubi,0,Nordeste
24473,pe,2607406,260740,2447,Itacuruba,0,Nordeste
24490,pe,2607505,260750,2449,Itaíba,0,Nordeste
24511,pe,2607604,260760,2451,Ilha de Itamaracá,0,Nordeste
24538,pe,2607703,260770,2453,Itapetim,0,Nordeste
24554,pe,2607802,260780,2455,Itaquitinga,0,Nordeste
24570,pe,2607901,260790,2457,Jaboatão dos Guararapes,0,Nordeste
24597,pe,2608008,260800,2459,Jataúba,0,Nordeste
24619,pe,2608107,260810,2461,João Alfredo,0,Nordeste
24635,pe,2608206,260820,2463,Joaquim Nabuco,0,Nordeste
24651,pe,2608305,260830,2465,Jupi,0,Nordeste
24678,pe,2608404,260840,2467,Jurema,0,Nordeste
24694,pe,2608503,260850,2469,Lagoa de Itaenga,0,Nordeste
24716,pe,2608602,260860,2471,Lagoa do Ouro,0,Nordeste
24732,pe,2608701,260870,2473,Lagoa dos Gatos,0,Nordeste
24759,pe,2608800,260880,2475,Lajedo,0,Nordeste
24775,pe,2608909,260890,2477,Limoeiro,0,Nordeste
24791,pe,2609006,260900,2479,Macaparana,0,Nordeste
24813,pe,2609105,260910,2481,Machados,0,Nordeste
24830,pe,2609204,260920,2483,Maraial,0,Nordeste
24856,pe,2609303,260930,2485,Mirandiba,0,Nordeste
24872,pe,2609402,260940,2487,Moreno,0,Nordeste
24899,pe,2609501,260950,2489,Nazaré da Mata,0,Nordeste
24910,pe,2609600,260960,2491,Olinda,0,Nordeste
24937,pe,2609709,260970,2493,Orobó,0,Nordeste
24953,pe,2609808,260980,2495,Orocó,0,Nordeste
24970,pe,2609907,260990,2497,Ouricuri,0,Nordeste
24996,pe,2610004,261000,2499,Palmares,0,Nordeste
25011,pe,2610103,261010,2501,Palmeirina,0,Nordeste
25038,pe,2610202,261020,2503,Panelas,0,Nordeste
25054,pe,2610301,261030,2505,Paranatama,0,Nordeste
25070,pe,2610400,261040,2507,Parnamirim,0,Nordeste
25097,pe,2610509,261050,2509,Passira,0,Nordeste
25119,pe,2610608,261060,2511,Paudalho,0,Nordeste
25135,pe,2610707,261070,2513,Paulista,0,Nordeste
25151,pe,2610806,261080,2515,Pedra,0,Nordeste
25178,pe,2610905,261090,2517,Pesqueira,0,Nordeste
25194,pe,2611002,261100,2519,Petrolândia,0,Nordeste
25216,pe,2611101,261110,2521,Petrolina,0,Nordeste
25232,pe,2611200,261120,2523,Poção,0,Nordeste
25259,pe,2611309,261130,2525,Pombos,0,Nordeste
25275,pe,2611408,261140,2527,Primavera,0,Nordeste
25291,pe,2611507,261150,2529,Quipapá,0,Nordeste
25313,pe,2611606,261160,2531,Recife,1,Nordeste
25330,pe,2611705,261170,2533,Riacho das Almas,0,Nordeste
25356,pe,2611804,261180,2535,Ribeirão,0,Nordeste
25372,pe,2611903,261190,2537,Rio Formoso,0,Nordeste
25399,pe,2612000,261200,2539,Sairé,0,Nordeste
25410,pe,2612109,261210,2541,Salgadinho,0,Nordeste
25437,pe,2612208,261220,2543,Salgueiro,0,Nordeste
25453,pe,2612307,261230,2545,Saloá,0,Nordeste
25470,pe,2612406,261240,2547,Sanharó,0,Nordeste
25496,pe,2612505,261250,2549,Santa Cruz do Capibaribe,0,Nordeste
25518,pe,2612604,261260,2551,Santa Maria da Boa Vista,0,Nordeste
25534,pe,2612703,261270,2553,Santa Maria do Cambucá,0,Nordeste
25550,pe,2612802,261280,2555,Santa Terezinha,0,Nordeste
25577,pe,2612901,261290,2557,São Benedito do Sul,0,Nordeste
25593,pe,2613008,261300,2559,São Bento do Una,0,Nordeste
25615,pe,2613107,261310,2561,São Caitano,0,Nordeste
25631,pe,2613206,261320,2563,São João,0,Nordeste
25658,pe,2613305,261330,2565,São Joaquim do Monte,0,Nordeste
25674,pe,2613404,261340,2567,São José da Coroa Grande,0,Nordeste
25690,pe,2613503,261350,2569,São José do Belmonte,0,Nordeste
25712,pe,2613602,261360,2571,São José do Egito,0,Nordeste
25739,pe,2613701,261370,2573,São Lourenço da Mata,0,Nordeste
25755,pe,2613800,261380,2575,São Vicente Ferrer,0,Nordeste
25771,pe,2613909,261390,2577,Serra Talhada,0,Nordeste
25798,pe,2614006,261400,2579,Serrita,0,Nordeste
25810,pe,2614105,261410,2581,Sertânia,0,Nordeste
25836,pe,2614204,261420,2583,Sirinhaém,0,Nordeste
25852,pe,2614303,261430,2585,Moreilândia,0,Nordeste
25879,pe,2614402,261440,2587,Solidão,0,Nordeste
25895,pe,2614501,261450,2589,Surubim,0,Nordeste
25917,pe,2614600,261460,2591,Tabira,0,Nordeste
25933,pe,2614709,261470,2593,Tacaimbó,0,Nordeste
25950,pe,2614808,261480,2595,Tacaratu,0,Nordeste
25976,pe,2607653,260765,2597,Itambé,0,Nordeste
25992,pe,2615003,261500,2599,Taquaritinga do Norte,0,Nordeste
26018,pe,2615102,261510,2601,Terezinha,0,Nordeste
26034,pe,2615201,261520,2603,Terra Nova,0,Nordeste
26050,pe,2615300,261530,2605,Timbaúba,0,Nordeste
26077,pe,2615409,261540,2607,Toritama,0,Nordeste
26093,pe,2615508,261550,2609,Tracunhaém,0,Nordeste
26115,pe,2615607,261560,2611,Trindade,0,Nordeste
26131,pe,2615706,261570,2613,Triunfo,0,Nordeste
26158,pe,2615805,261580,2615,Tupanatinga,0,Nordeste
26174,pe,2615904,261590,2617,Tuparetama,0,Nordeste
26190,pe,2616001,261600,2619,Venturosa,0,Nordeste
26212,pe,2616100,261610,2621,Verdejante,0,Nordeste
26239,pe,2616209,261620,2623,Vertentes,0,Nordeste
26255,pe,2616308,261630,2625,Vicência,0,Nordeste
26271,pe,2616407,261640,2627,Vitória de Santo Antão,0,Nordeste
26298,pe,2603454,260345,2629,Camaragibe,0,Nordeste
26310,pe,2600054,260005,2631,Abreu e Lima,0,Nordeste
26336,pe,2607752,260775,2633,Itapissuma,0,Nordeste
30015,pe,2605459,260545,3001,Fernando de Noronha,0,Nordeste
10006,pi,2201960,220196,2283,Brasileira,0,Nordeste
10014,pi,2200103,220010,1001,Agricolândia,0,Nordeste
10022,pi,2200277,220027,2269,Alegrete do Piauí,0,Nordeste
10030,pi,2200202,220020,1003,Água Branca,0,Nordeste
10049,pi,2201150,220115,2245,Baixa Grande do Ribeiro,0,Nordeste
10057,pi,2200301,220030,1005,Alto Longá,0,Nordeste
10065,pi,2201919,220191,2287,Bom Princípio do Piauí,0,Nordeste
10073,pi,2200400,220040,1007,Altos,0,Nordeste
10081,pi,2201929,220192,2251,Bonfim do Piauí,0,Nordeste
10090,pi,2200509,220050,1009,Amarante,0,Nordeste
10103,pi,2202026,220202,1297,Buriti dos Montes,0,Nordeste
10111,pi,2200608,220060,1011,Angical do Piauí,0,Nordeste
10120,pi,2202059,220205,1299,Cabeceiras do Piauí,0,Nordeste
10138,pi,2200707,220070,1013,Anísio de Abreu,0,Nordeste
10146,pi,2202091,220209,2271,Caldeirão Grande do Piauí,0,Nordeste
10154,pi,2200806,220080,1015,Antônio Almeida,0,Nordeste
10162,pi,2202251,220225,2247,Canavieira,0,Nordeste
10170,pi,2200905,220090,1017,Aroazes,0,Nordeste
10189,pi,2202737,220273,0995,Coivaras,0,Nordeste
10197,pi,2201002,220100,1019,Arraial,0,Nordeste
10200,pi,2202752,220275,2249,Colônia do Gurguéia,0,Nordeste
10219,pi,2201101,220110,1021,Avelino Lopes,0,Nordeste
10227,pi,2202778,220277,2253,Colônia do Piauí,0,Nordeste
10235,pi,2201200,220120,1023,Barras,0,Nordeste
10243,pi,2202851,220285,2255,Coronel José Dias,0,Nordeste
10251,pi,2201309,220130,1025,Barreiras do Piauí,0,Nordeste
10260,pi,2203750,220375,2257,Fartura do Piauí,0,Nordeste
10278,pi,2201408,220140,1027,Barro Duro,0,Nordeste
10286,pi,2205151,220515,2273,Jacobina do Piauí,0,Nordeste
10294,pi,2201507,220150,1029,Batalha,0,Nordeste
10308,pi,2205250,220525,0997,Jardim do Mulato,0,Nordeste
10316,pi,2201606,220160,1031,Beneditinos,0,Nordeste
10324,pi,2205557,220555,0999,Lagoa Alegre,0,Nordeste
10332,pi,2201705,220170,1033,Bertolínia,0,Nordeste
10340,pi,2205565,220556,2259,Lagoa do Barro do Piauí,0,Nordeste
10359,pi,2201804,220180,1035,Bocaina,0,Nordeste
10367,pi,2205953,220595,2275,Marcolândia,0,Nordeste
10375,pi,2201903,220190,1037,Bom Jesus,0,Nordeste
10383,pi,2207777,220777,2277,Patos do Piauí,0,Nordeste
10391,pi,2202000,220200,1039,Buriti dos Lopes,0,Nordeste
10405,pi,2207751,220775,1293,Passagem Franca do Piauí,0,Nordeste
10413,pi,2202109,220210,1041,Campinas do Piauí,0,Nordeste
10421,pi,2208650,220865,2279,Queimada Nova,0,Nordeste
10430,pi,2202208,220220,1043,Campo Maior,0,Nordeste
10448,pi,2209153,220915,1295,Santa Cruz dos Milagres,0,Nordeste
10456,pi,2202307,220230,1045,Canto do Buriti,0,Nordeste
10464,pi,2209377,220937,2261,Santa Rosa do Piauí,0,Nordeste
10472,pi,2202406,220240,1047,Capitão de Campos,0,Nordeste
10480,pi,2209351,220935,2281,Santana do Piauí,0,Nordeste
10499,pi,2202505,220250,1049,Caracol,0,Nordeste
10502,pi,2209559,220955,2263,São Braz do Piauí,0,Nordeste
10510,pi,2202604,220260,1051,Castelo do Piauí,0,Nordeste
10529,pi,2210052,221005,2285,São José do Divino,0,Nordeste
10537,pi,2202703,220270,1053,Cocal,0,Nordeste
10545,pi,2210656,221065,1379,Sigefredo Pacheco,0,Nordeste
10553,pi,2202802,220280,1055,Conceição do Canindé,0,Nordeste
10561,pi,2210359,221035,2265,São Lourenço do Piauí,0,Nordeste
10570,pi,2202901,220290,1057,Corrente,0,Nordeste
10588,pi,2211357,221135,2267,Várzea Branca,0,Nordeste
10596,pi,2203008,220300,1059,Cristalândia do Piauí,0,Nordeste
10600,pi,2201176,220117,0272,Barra D'Alcântara,0,Nordeste
10618,pi,2203107,220310,1061,Cristino Castro,0,Nordeste
10626,pi,2201556,220155,0274,Bela Vista do Piauí,0,Nordeste
10634,pi,2203206,220320,1063,Curimatá,0,Nordeste
10642,pi,2201988,220198,0284,Brejo do Piauí,0,Nordeste
10650,pi,2203305,220330,1065,Demerval Lobão,0,Nordeste
10669,pi,2201770,220177,0280,Boa Hora,0,Nordeste
10677,pi,2203404,220340,1067,Dom Expedito Lopes,0,Nordeste
10685,pi,2203453,220345,1289,Dom Inocêncio,0,Nordeste
10693,pi,2203503,220350,1069,Elesbão Veloso,0,Nordeste
10707,pi,2202455,220245,0296,Capitão Gervásio Oliveira,0,Nordeste
10715,pi,2203602,220360,1071,Eliseu Martins,0,Nordeste
10723,pi,2202133,220213,0292,Campo Grande do Piauí,0,Nordeste
10731,pi,2203701,220370,1073,Esperantina,0,Nordeste
10740,pi,2202174,220217,0294,Campo Largo do Piauí,0,Nordeste
10758,pi,2203800,220380,1075,Flores do Piauí,0,Nordeste
10766,pi,2203230,220323,0308,Currais,0,Nordeste
10774,pi,2203909,220390,1077,Floriano,0,Nordeste
10782,pi,2204352,220435,0318,Geminiano,0,Nordeste
10790,pi,2204006,220400,1079,Francinópolis,0,Nordeste
10804,pi,2204550,220455,0320,Guaribas,0,Nordeste
10812,pi,2204105,220410,1081,Francisco Ayres,0,Nordeste
10820,pi,2204659,220465,0322,Ilha Grande,0,Nordeste
10839,pi,2204204,220420,1083,Francisco Santos,0,Nordeste
10847,pi,2205532,220553,0334,Jurema,0,Nordeste
10855,pi,2204303,220430,1085,Fronteiras,0,Nordeste
10863,pi,2205573,220557,0338,Lagoa de São Francisco,0,Nordeste
10871,pi,2204402,220440,1087,Gilbués,0,Nordeste
10880,pi,2206654,220665,0350,Morro Cabeça no Tempo,0,Nordeste
10898,pi,2204501,220450,1089,Guadalupe,0,Nordeste
10901,pi,2206951,220695,0358,Novo Santo Antônio,0,Nordeste
10910,pi,2204600,220460,1091,Hugo Napoleão,0,Nordeste
10928,pi,2206753,220675,0356,Nossa Senhora de Nazaré,0,Nordeste
10936,pi,2204709,220470,1093,Inhuma,0,Nordeste
10944,pi,2207553,220755,0364,Paquetá,0,Nordeste
10952,pi,2204808,220480,1095,Ipiranga do Piauí,0,Nordeste
10960,pi,2207959,220795,0370,Nova Santa Rita,0,Nordeste
10979,pi,2204907,220490,1097,Isaías Coelho,0,Nordeste
10987,pi,2209971,220997,0388,São João do Arraial,0,Nordeste
10995,pi,2205003,220500,1099,Itainópolis,0,Nordeste
11010,pi,2205102,220510,1101,Itaueira,0,Nordeste
11037,pi,2205201,220520,1103,Jaicós,0,Nordeste
11053,pi,2205300,220530,1105,Jerumenha,0,Nordeste
11070,pi,2205409,220540,1107,Joaquim Pires,0,Nordeste
11088,pi,2209856,220985,1291,São João da Canabrava,0,Nordeste
11096,pi,2205508,220550,1109,José de Freitas,0,Nordeste
11118,pi,2205607,220560,1111,Landri Sales,0,Nordeste
11134,pi,2205706,220570,1113,Luís Correia,0,Nordeste
11150,pi,2205805,220580,1115,Luzilândia,0,Nordeste
11177,pi,2205904,220590,1117,Manoel Emídio,0,Nordeste
11193,pi,2206001,220600,1119,Marcos Parente,0,Nordeste
11215,pi,2206100,220610,1121,Matias Olímpio,0,Nordeste
11231,pi,2206209,220620,1123,Miguel Alves,0,Nordeste
11258,pi,2206308,220630,1125,Miguel Leão,0,Nordeste
11274,pi,2206407,220640,1127,Monsenhor Gil,0,Nordeste
11290,pi,2206506,220650,1129,Monsenhor Hipólito,0,Nordeste
11312,pi,2206605,220660,1131,Monte Alegre do Piauí,0,Nordeste
11339,pi,2206704,220670,1133,Nazaré do Piauí,0,Nordeste
11355,pi,2206803,220680,1135,Nossa Senhora dos Remédios,0,Nordeste
11371,pi,2206902,220690,1137,Novo Oriente do Piauí,0,Nordeste
11398,pi,2207009,220700,1139,Oeiras,0,Nordeste
11410,pi,2203420,220342,1141,Domingos Mourão,0,Nordeste
11436,pi,2207207,220720,1143,Padre Marcos,0,Nordeste
11452,pi,2207306,220730,1145,Paes Landim,0,Nordeste
11479,pi,2207405,220740,1147,Palmeira do Piauí,0,Nordeste
11495,pi,2207504,220750,1149,Palmeirais,0,Nordeste
11517,pi,2207603,220760,1151,Parnaguá,0,Nordeste
11533,pi,2207702,220770,1153,Parnaíba,0,Nordeste
11550,pi,2207801,220780,1155,Paulistana,0,Nordeste
11576,pi,2207900,220790,1157,Pedro II,0,Nordeste
11592,pi,2208007,220800,1159,Picos,0,Nordeste
11614,pi,2208106,220810,1161,Pimenteiras,0,Nordeste
11630,pi,2208205,220820,1163,Pio IX,0,Nordeste
11657,pi,2208304,220830,1165,Piracuruca,0,Nordeste
11673,pi,2208403,220840,1167,Piripiri,0,Nordeste
11690,pi,2208502,220850,1169,Porto,0,Nordeste
11711,pi,2208601,220860,1171,Prata do Piauí,0,Nordeste
11738,pi,2208700,220870,1173,Redenção do Gurguéia,0,Nordeste
11754,pi,2208809,220880,1175,Regeneração,0,Nordeste
11770,pi,2208908,220890,1177,Ribeiro Gonçalves,0,Nordeste
11797,pi,2209005,220900,1179,Rio Grande do Piauí,0,Nordeste
11819,pi,2209104,220910,1181,Santa Cruz do Piauí,0,Nordeste
11835,pi,2209203,220920,1183,Santa Filomena,0,Nordeste
11851,pi,2209302,220930,1185,Santa Luz,0,Nordeste
11878,pi,2209401,220940,1187,Santo Antônio de Lisboa,0,Nordeste
11894,pi,2209500,220950,1189,Santo Inácio do Piauí,0,Nordeste
11916,pi,2209609,220960,1191,São Félix do Piauí,0,Nordeste
11932,pi,2209708,220970,1193,São Francisco do Piauí,0,Nordeste
11959,pi,2209807,220980,1195,São Gonçalo do Piauí,0,Nordeste
11975,pi,2209906,220990,1197,São João da Serra,0,Nordeste
11991,pi,2210003,221000,1199,São João do Piauí,0,Nordeste
12009,pi,2209872,220987,0384,São João da Fronteira,0,Nordeste
12017,pi,2210102,221010,1201,São José do Peixe,0,Nordeste
12025,pi,2209955,220995,0386,São João da Varjota,0,Nordeste
12033,pi,2210201,221020,1203,São José do Piauí,0,Nordeste
12041,pi,2210623,221062,0396,Sebastião Barros,0,Nordeste
12050,pi,2210300,221030,1205,São Julião,0,Nordeste
12068,pi,2210631,221063,0398,Sebastião Leal,0,Nordeste
12076,pi,2210409,221040,1207,São Miguel do Tapuio,0,Nordeste
12084,pi,2200459,220045,0268,Alvorada do Gurguéia,0,Nordeste
12092,pi,2210508,221050,1209,São Pedro do Piauí,0,Nordeste
12106,pi,2201051,220105,0270,Assunção do Piauí,0,Nordeste
12114,pi,2210607,221060,1211,São Raimundo Nonato,0,Nordeste
12122,pi,2201739,220173,0278,Betânia do Piauí,0,Nordeste
12130,pi,2210706,221070,1213,Simões,0,Nordeste
12149,pi,2201945,220194,0282,Boqueirão do Piauí,0,Nordeste
12157,pi,2210805,221080,1215,Simplício Mendes,0,Nordeste
12165,pi,2202554,220255,0300,Caridade do Piauí,0,Nordeste
12173,pi,2210904,221090,1217,Socorro do Piauí,0,Nordeste
12181,pi,2203271,220327,0312,Curral Novo do Piauí,0,Nordeste
12190,pi,2211001,221100,1219,Teresina,1,Nordeste
12203,pi,2205524,220552,0332,Júlio Borges,0,Nordeste
12211,pi,2211100,221110,1221,União,0,Nordeste
12220,pi,2205599,220559,0342,Lagoa do Sítio,0,Nordeste
12238,pi,2211209,221120,1223,Uruçuí,0,Nordeste
12246,pi,2206357,220635,0348,Milton Brandão,0,Nordeste
12254,pi,2211308,221130,1225,Valença do Piauí,0,Nordeste
12262,pi,2207355,220735,0362,Pajeú do Piauí,0,Nordeste
12270,pi,2211407,221140,1227,Várzea Grande,0,Nordeste
12289,pi,2207850,220785,0366,Pavussu,0,Nordeste
12297,pi,2203354,220335,1229,Dirceu Arcoverde,0,Nordeste
12300,pi,2208858,220885,0374,Riacho Frio,0,Nordeste
12319,pi,2200251,220025,9767,Alagoinha do Piauí,0,Nordeste
12327,pi,2200053,220005,0266,Acauã,0,Nordeste
12335,pi,2201572,220157,0276,Belém do Piauí,0,Nordeste
12343,pi,2202075,220207,0286,Cajazeiras do Piauí,0,Nordeste
12351,pi,2202117,220211,0290,Campo Alegre do Fidalgo,0,Nordeste
12360,pi,2202711,220271,0304,Cocal de Telha,0,Nordeste
12378,pi,2204154,220415,0316,Francisco Macedo,0,Nordeste
12386,pi,2205359,220535,0326,João Costa,0,Nordeste
12394,pi,2205276,220527,0324,Jatobá do Piauí,0,Nordeste
12408,pi,2205458,220545,0328,Joca Marques,0,Nordeste
12416,pi,2205516,220551,0330,Juazeiro do Piauí,0,Nordeste
12424,pi,2205581,220558,0340,Lagoa do Piauí,0,Nordeste
12432,pi,2205540,220554,0336,Lagoinha do Piauí,0,Nordeste
12440,pi,2205854,220585,0344,Madeiro,0,Nordeste
12459,pi,2206670,220667,0352,Morro do Chapéu do Piauí,0,Nordeste
12467,pi,2206050,220605,0346,Massapê do Piauí,0,Nordeste
12475,pi,2206696,220669,0354,Murici dos Portelas,0,Nordeste
12483,pi,2207108,220710,0360,Olho D'Água do Piauí,0,Nordeste
12491,pi,2207934,220793,0368,Pedro Laurentino,0,Nordeste
12505,pi,2209658,220965,0380,São Francisco de Assis do Piauí,0,Nordeste
12513,pi,2210938,221093,0400,Sussuapara,0,Nordeste
12521,pi,2210979,221097,0404,Tanque do Piauí,0,Nordeste
12530,pi,2210953,221095,0402,Tamboril do Piauí,0,Nordeste
12548,pi,2211605,221160,0408,Vila Nova do Piauí,0,Nordeste
12556,pi,2211506,221150,0406,Vera Mendes,0,Nordeste
12564,pi,2211704,221170,0410,Wall Ferraz,0,Nordeste
12572,pi,2202083,220208,0288,Cajueiro da Praia,0,Nordeste
12580,pi,2203255,220325,0310,Curralinhos,0,Nordeste
12599,pi,2208551,220855,0372,Porto Alegre do Piauí,0,Nordeste
12602,pi,2208874,220887,0376,Ribeira do Piauí,0,Nordeste
12610,pi,2209757,220975,0382,São Gonçalo do Gurguéia,0,Nordeste
12629,pi,2210375,221037,0390,São Luis do Piauí,0,Nordeste
12637,pi,2203859,220385,0314,Floresta do Piauí,0,Nordeste
12653,pi,2209450,220945,0378,Santo Antônio dos Milagres,0,Nordeste
12661,pi,2210383,221038,0392,São Miguel da Baixa Grande,0,Nordeste
12670,pi,2202539,220253,0298,Caraúbas do Piauí,0,Nordeste
12688,pi,2202653,220265,0302,Caxingó,0,Nordeste
12696,pi,2202729,220272,0306,Cocal dos Alves,0,Nordeste
12700,pi,2210391,221039,0394,São Miguel do Fidalgo,0,Nordeste
12718,pi,2207793,220779,1104,Pau D'Arco do Piauí,0,Nordeste
12726,pi,2206720,220672,1180,Nazária,0,Nordeste
12734,pi,2200954,220095,1188,Aroeiras do Itaim,0,Nordeste
74004,pr,4108551,410855,9947,Godoy Moreira,0,Sul
74012,pr,4100103,410010,7401,Abatiá,0,Sul
74020,pr,4109757,410975,9949,Ibema,0,Sul
74039,pr,4100202,410020,7403,Adrianópolis,0,Sul
74047,pr,4113452,411345,9959,Lindoeste,0,Sul
74055,pr,4100301,410030,7405,Agudos do Sul,0,Sul
74063,pr,4117453,411745,9965,Ouro Verde do Oeste,0,Sul
74071,pr,4100400,410040,7407,Almirante Tamandaré,0,Sul
74080,pr,4124020,412402,9969,Santa Tereza do Oeste,0,Sul
74098,pr,4100608,410060,7409,Alto Paraná,0,Sul
74101,pr,4101051,410105,5463,Anahy,0,Sul
74110,pr,4100707,410070,7411,Alto Piquiri,0,Sul
74128,pr,4101150,410115,5509,Ângulo,0,Sul
74136,pr,4100806,410080,7413,Alvorada do Sul,0,Sul
74144,pr,4103024,410302,5471,Boa Esperança do Iguaçu,0,Sul
74152,pr,4100905,410090,7415,Amaporã,0,Sul
74160,pr,4103222,410322,9979,Bom Sucesso do Sul,0,Sul
74179,pr,4101002,410100,7417,Ampére,0,Sul
74187,pr,4103370,410337,5521,Brasilândia do Sul,0,Sul
74195,pr,4101101,410110,7419,Andirá,0,Sul
74209,pr,4103479,410347,5491,Cafezal do Sul,0,Sul
74217,pr,4101200,410120,7421,Antonina,0,Sul
74225,pr,4104428,410442,5499,Candói,0,Sul
74233,pr,4101309,410130,7423,Antônio Olinto,0,Sul
74241,pr,4106571,410657,5473,Cruzeiro do Iguaçu,0,Sul
74250,pr,4101408,410140,7425,Apucarana,0,Sul
74268,pr,4107124,410712,5465,Diamante do Sul,0,Sul
74276,pr,4101507,410150,7427,Arapongas,0,Sul
74284,pr,4107538,410753,5529,Entre Rios do Oeste,0,Sul
74292,pr,4101606,410160,7429,Arapoti,0,Sul
74306,pr,4107553,410755,5511,Farol,0,Sul
74314,pr,4101705,410170,7431,Araruna,0,Sul
74322,pr,4107652,410765,9983,Fazenda Rio Grande,0,Sul
74330,pr,4114906,411490,7433,Marilândia do Sul,0,Sul
74349,pr,4107850,410785,5475,Flor da Serra do Sul,0,Sul
74357,pr,4101804,410180,7435,Araucária,0,Sul
74365,pr,4109658,410965,9981,Honório Serpa,0,Sul
74373,pr,4101903,410190,7437,Assaí,0,Sul
74381,pr,4110052,411005,5467,Iguatu,0,Sul
74390,pr,4102109,410210,7439,Astorga,0,Sul
74403,pr,4110656,411065,5485,Iracema do Oeste,0,Sul
74411,pr,4102208,410220,7441,Atalaia,0,Sul
74420,pr,4117297,411729,5517,Novo Itacolomi,0,Sul
74438,pr,4102307,410230,7443,Balsa Nova,0,Sul
74446,pr,4111258,411125,5451,Itaperuçu,0,Sul
74454,pr,4102406,410240,7445,Bandeirantes,0,Sul
74462,pr,4111555,411155,9955,Ivaté,0,Sul
74470,pr,4102505,410250,7447,Barbosa Ferraz,0,Sul
74489,pr,4113429,411342,5507,Lidianópolis,0,Sul
74497,pr,4102604,410260,7449,Barracão,0,Sul
74500,pr,4115358,411535,5487,Maripá,0,Sul
74519,pr,4102703,410270,7451,Barra do Jacaré,0,Sul
74527,pr,4115739,411573,5503,Mato Rico,0,Sul
74535,pr,4102802,410280,7453,Bela Vista do Paraíso,0,Sul
74543,pr,4115754,411575,5459,Mauá da Serra,0,Sul
74551,pr,4102901,410290,7455,Bituruna,0,Sul
74560,pr,4115853,411585,5531,Mercedes,0,Sul
74578,pr,4103008,410300,7457,Boa Esperança,0,Sul
74586,pr,4117057,411705,5479,Nova Laranjeiras,0,Sul
74594,pr,4103107,410310,7459,Bocaiúva do Sul,0,Sul
74608,pr,4117214,411721,5457,Nova Santa Bárbara,0,Sul
74616,pr,4103206,410320,7461,Bom Sucesso,0,Sul
74624,pr,4118451,411845,5533,Pato Bragado,0,Sul
74632,pr,4103305,410330,7463,Borrazópolis,0,Sul
74640,pr,4119251,411925,5495,Pinhal de São Bento,0,Sul
74659,pr,4103404,410340,7465,Cafeara,0,Sul
74667,pr,4119657,411965,5461,Pitangueiras,0,Sul
74675,pr,4103503,410350,7467,Califórnia,0,Sul
74683,pr,4120853,412085,5535,Quatro Pontes,0,Sul
74691,pr,4103602,410360,7469,Cambará,0,Sul
74705,pr,4121257,412125,5527,Ramilândia,0,Sul
74713,pr,4103701,410370,7471,Cambé,0,Sul
74721,pr,4121356,412135,5513,Rancho Alegre D'Oeste,0,Sul
74730,pr,4103800,410380,7473,Cambira,0,Sul
74748,pr,4122156,412215,5481,Rio Bonito do Iguaçu,0,Sul
74756,pr,4103909,410390,7475,Campina da Lagoa,0,Sul
74764,pr,4123824,412382,5469,Santa Lúcia,0,Sul
74772,pr,4104006,410400,7477,Campina Grande do Sul,0,Sul
74780,pr,4104055,410405,8475,Campo Bonito,0,Sul
74799,pr,4104105,410410,7479,Campo do Tenente,0,Sul
74802,pr,4123857,412385,5505,Santa Maria do Oeste,0,Sul
74810,pr,4104204,410420,7481,Campo Largo,0,Sul
74829,pr,4123956,412395,5519,Santa Mônica,0,Sul
74837,pr,4104303,410430,7483,Campo Mourão,0,Sul
74845,pr,4125555,412555,5515,São Manoel do Paraná,0,Sul
74853,pr,4104402,410440,7485,Cândido de Abreu,0,Sul
74861,pr,4125753,412575,5489,São Pedro do Iguaçu,0,Sul
74870,pr,4104501,410450,7487,Capanema,0,Sul
74888,pr,4127882,412788,5455,Tunas do Paraná,0,Sul
74896,pr,4104600,410460,7489,Capitão Leônidas Marques,0,Sul
74900,pr,4128534,412853,5497,Ventania,0,Sul
74918,pr,4104709,410470,7491,Carlópolis,0,Sul
74926,pr,4128625,412862,5523,Alto Paraíso,0,Sul
74934,pr,4104808,410480,7493,Cascavel,0,Sul
74942,pr,4128633,412863,5449,Doutor Ulysses,0,Sul
74950,pr,4104907,410490,7495,Castro,0,Sul
74969,pr,4128658,412865,5483,Virmond,0,Sul
74977,pr,4105003,410500,7497,Catanduvas,0,Sul
74985,pr,4113254,411325,5501,Laranjal,0,Sul
74993,pr,4105102,410510,7499,Centenário do Sul,0,Sul
75000,pr,4110953,411095,5525,Itaipulândia,0,Sul
75019,pr,4105201,410520,7501,Cerro Azul,0,Sul
75027,pr,4116950,411695,5477,Nova Esperança do Sudoeste,0,Sul
75035,pr,4105409,410540,7503,Chopinzinho,0,Sul
75043,pr,4119152,411915,5453,Pinhais,0,Sul
75051,pr,4105508,410550,7505,Cianorte,0,Sul
75060,pr,4126272,412627,5493,Saudade do Iguaçu,0,Sul
75078,pr,4105607,410560,7507,Cidade Gaúcha,0,Sul
75086,pr,4101853,410185,0832,Ariranha do Ivaí,0,Sul
75094,pr,4105706,410570,7509,Clevelândia,0,Sul
75108,pr,4101655,410165,0830,Arapuã,0,Sul
75116,pr,4114401,411440,7511,Mangueirinha,0,Sul
75124,pr,4102752,410275,0834,Bela Vista da Caroba,0,Sul
75132,pr,4105805,410580,7513,Colombo,0,Sul
75140,pr,4103040,410304,0836,Boa Ventura de São Roque,0,Sul
75159,pr,4105904,410590,7515,Colorado,0,Sul
75167,pr,4103156,410315,0838,Bom Jesus do Sul,0,Sul
75175,pr,4106001,410600,7517,Congonhinhas,0,Sul
75183,pr,4103958,410395,0840,Campina do Simão,0,Sul
75191,pr,4106100,410610,7519,Conselheiro Mairinck,0,Sul
75205,pr,4104253,410425,0842,Campo Magro,0,Sul
75213,pr,4106209,410620,7521,Contenda,0,Sul
75221,pr,4104659,410465,0844,Carambeí,0,Sul
75230,pr,4106308,410630,7523,Corbélia,0,Sul
75248,pr,4106456,410645,0846,Coronel Domingos Soares,0,Sul
75256,pr,4106407,410640,7525,Cornélio Procópio,0,Sul
75264,pr,4106852,410685,0848,Cruzmaltina,0,Sul
75272,pr,4106506,410650,7527,Coronel Vivida,0,Sul
75280,pr,4106555,410655,8479,Corumbataí do Sul,0,Sul
75299,pr,4106605,410660,7529,Cruzeiro do Oeste,0,Sul
75302,pr,4107520,410752,0850,Esperança Nova,0,Sul
75310,pr,4106704,410670,7531,Cruzeiro do Sul,0,Sul
75329,pr,4107546,410754,0852,Espigão Alto do Iguaçu,0,Sul
75337,pr,4106803,410680,7533,Cruz Machado,0,Sul
75345,pr,4107736,410773,0854,Fernandes Pinheiro,0,Sul
75353,pr,4106902,410690,7535,Curitiba,1,Sul
75361,pr,4108452,410845,0856,Foz do Jordão,0,Sul
75370,pr,4107009,410700,7537,Curiúva,0,Sul
75388,pr,4108650,410865,0858,Goioxim,0,Sul
75396,pr,4107108,410710,7539,Diamante do Norte,0,Sul
75400,pr,4107157,410715,9915,Diamante D'Oeste,0,Sul
75418,pr,4107207,410720,7541,Dois Vizinhos,0,Sul
75426,pr,4108957,410895,0860,Guamiranga,0,Sul
75434,pr,4107306,410730,7543,Doutor Camargo,0,Sul
75442,pr,4110078,411007,0862,Imbaú,0,Sul
75450,pr,4107405,410740,7545,Enéas Marques,0,Sul
75469,pr,4114351,411435,0864,Manfrinópolis,0,Sul
75477,pr,4107504,410750,7547,Engenheiro Beltrão,0,Sul
75485,pr,4115457,411545,0866,Marquinho,0,Sul
75493,pr,4107603,410760,7549,Faxinal,0,Sul
75507,pr,4118857,411885,0868,Perobal,0,Sul
75515,pr,4107702,410770,7551,Fênix,0,Sul
75523,pr,4119954,411995,0870,Pontal do Paraná,0,Sul
75531,pr,4107801,410780,7553,Floraí,0,Sul
75540,pr,4120150,412015,0872,Porto Barreiro,0,Sul
75558,pr,4107900,410790,7555,Floresta,0,Sul
75566,pr,4120333,412033,0874,Prado Ferreira,0,Sul
75574,pr,4108007,410800,7557,Florestópolis,0,Sul
75582,pr,4120655,412065,0876,Quarto Centenário,0,Sul
75590,pr,4108106,410810,7559,Flórida,0,Sul
75604,pr,4121752,412175,0878,Reserva do Iguaçu,0,Sul
75612,pr,4108205,410820,7561,Formosa do Oeste,0,Sul
75620,pr,4122172,412217,0880,Rio Branco do Ivaí,0,Sul
75639,pr,4108304,410830,7563,Foz do Iguaçu,0,Sul
75647,pr,4126355,412635,0882,Serranópolis do Iguaçu,0,Sul
75655,pr,4108403,410840,7565,Francisco Beltrão,0,Sul
75663,pr,4126678,412667,0884,Tamarana,0,Sul
75671,pr,4108502,410850,7567,General Carneiro,0,Sul
75698,pr,4108601,410860,7569,Goioerê,0,Sul
75710,pr,4108809,410880,7571,Guaíra,0,Sul
75736,pr,4108908,410890,7573,Guairaçá,0,Sul
75744,pr,4122651,412265,8473,Rosário do Ivaí,0,Sul
75752,pr,4109005,410900,7575,Guapirama,0,Sul
75760,pr,4117271,411727,9913,Nova Tebas,0,Sul
75779,pr,4109104,410910,7577,Guaporema,0,Sul
75787,pr,4126652,412665,8477,Sulina,0,Sul
75795,pr,4109203,410920,7579,Guaraci,0,Sul
75809,pr,4113734,411373,8481,Luiziana,0,Sul
75817,pr,4109302,410930,7581,Guaraniaçu,0,Sul
75833,pr,4109401,410940,7583,Guarapuava,0,Sul
75850,pr,4109500,410950,7585,Guaraqueçaba,0,Sul
75876,pr,4109609,410960,7587,Guaratuba,0,Sul
75892,pr,4109708,410970,7589,Ibaiti,0,Sul
75914,pr,4109807,410980,7591,Ibiporã,0,Sul
75930,pr,4109906,410990,7593,Icaraíma,0,Sul
75957,pr,4110003,411000,7595,Iguaraçu,0,Sul
75973,pr,4110102,411010,7597,Imbituva,0,Sul
75990,pr,4110201,411020,7599,Inácio Martins,0,Sul
76015,pr,4110300,411030,7601,Inajá,0,Sul
76031,pr,4110508,411050,7603,Ipiranga,0,Sul
76058,pr,4110607,411060,7605,Iporã,0,Sul
76074,pr,4110706,411070,7607,Irati,0,Sul
76090,pr,4110805,411080,7609,Iretama,0,Sul
76112,pr,4110904,411090,7611,Itaguajé,0,Sul
76139,pr,4111001,411100,7613,Itambaracá,0,Sul
76155,pr,4111100,411110,7615,Itambé,0,Sul
76171,pr,4111209,411120,7617,Itapejara d'Oeste,0,Sul
76198,pr,4111308,411130,7619,Itaúna do Sul,0,Sul
76210,pr,4111407,411140,7621,Ivaí,0,Sul
76236,pr,4111506,411150,7623,Ivaiporã,0,Sul
76252,pr,4111605,411160,7625,Ivatuba,0,Sul
76279,pr,4111704,411170,7627,Jaboti,0,Sul
76295,pr,4111803,411180,7629,Jacarezinho,0,Sul
76317,pr,4111902,411190,7631,Jaguapitã,0,Sul
76333,pr,4112009,411200,7633,Jaguariaíva,0,Sul
76350,pr,4112108,411210,7635,Jandaia do Sul,0,Sul
76376,pr,4112207,411220,7637,Janiópolis,0,Sul
76392,pr,4112306,411230,7639,Japira,0,Sul
76414,pr,4112405,411240,7641,Japurá,0,Sul
76430,pr,4112504,411250,7643,Jardim Alegre,0,Sul
76457,pr,4112603,411260,7645,Jardim Olinda,0,Sul
76473,pr,4112702,411270,7647,Jataizinho,0,Sul
76490,pr,4112801,411280,7649,Joaquim Távora,0,Sul
76511,pr,4112900,411290,7651,Jundiaí do Sul,0,Sul
76538,pr,4113007,411300,7653,Jussara,0,Sul
76554,pr,4113106,411310,7655,Kaloré,0,Sul
76570,pr,4113205,411320,7657,Lapa,0,Sul
76597,pr,4113304,411330,7659,Laranjeiras do Sul,0,Sul
76619,pr,4113403,411340,7661,Leópolis,0,Sul
76635,pr,4113502,411350,7663,Loanda,0,Sul
76651,pr,4113601,411360,7665,Lobato,0,Sul
76678,pr,4113700,411370,7667,Londrina,0,Sul
76694,pr,4113809,411380,7669,Lupionópolis,0,Sul
76716,pr,4113908,411390,7671,Mallet,0,Sul
76732,pr,4114005,411400,7673,Mamborê,0,Sul
76759,pr,4114104,411410,7675,Mandaguaçu,0,Sul
76775,pr,4114203,411420,7677,Mandaguari,0,Sul
76791,pr,4114302,411430,7679,Mandirituba,0,Sul
76813,pr,4114500,411450,7681,Manoel Ribas,0,Sul
76830,pr,4114609,411460,7683,Marechal Cândido Rondon,0,Sul
76856,pr,4114708,411470,7685,Maria Helena,0,Sul
76872,pr,4114807,411480,7687,Marialva,0,Sul
76899,pr,4115101,411510,7689,Mariluz,0,Sul
76910,pr,4115200,411520,7691,Maringá,0,Sul
76937,pr,4115309,411530,7693,Mariópolis,0,Sul
76953,pr,4115408,411540,7695,Marmeleiro,0,Sul
76970,pr,4115507,411550,7697,Marumbi,0,Sul
76996,pr,4115606,411560,7699,Matelândia,0,Sul
77011,pr,4115804,411580,7701,Medianeira,0,Sul
77038,pr,4115903,411590,7703,Mirador,0,Sul
77054,pr,4116000,411600,7705,Miraselva,0,Sul
77070,pr,4116109,411610,7707,Moreira Sales,0,Sul
77097,pr,4116208,411620,7709,Morretes,0,Sul
77119,pr,4116307,411630,7711,Munhoz de Melo,0,Sul
77135,pr,4116406,411640,7713,Nossa Senhora das Graças,0,Sul
77151,pr,4116505,411650,7715,Nova Aliança do Ivaí,0,Sul
77178,pr,4116604,411660,7717,Nova América da Colina,0,Sul
77194,pr,4116802,411680,7719,Nova Cantu,0,Sul
77216,pr,4116901,411690,7721,Nova Esperança,0,Sul
77232,pr,4117008,411700,7723,Nova Fátima,0,Sul
77259,pr,4117107,411710,7725,Nova Londrina,0,Sul
77275,pr,4117305,411730,7727,Ortigueira,0,Sul
77291,pr,4117404,411740,7729,Ourizona,0,Sul
77313,pr,4117503,411750,7731,Paiçandu,0,Sul
77330,pr,4117602,411760,7733,Palmas,0,Sul
77356,pr,4117701,411770,7735,Palmeira,0,Sul
77372,pr,4117800,411780,7737,Palmital,0,Sul
77399,pr,4117909,411790,7739,Palotina,0,Sul
77410,pr,4118006,411800,7741,Paraíso do Norte,0,Sul
77437,pr,4118105,411810,7743,Paranacity,0,Sul
77453,pr,4118204,411820,7745,Paranaguá,0,Sul
77470,pr,4118303,411830,7747,Paranapoema,0,Sul
77496,pr,4118402,411840,7749,Paranavaí,0,Sul
77518,pr,4118501,411850,7751,Pato Branco,0,Sul
77534,pr,4118600,411860,7753,Paula Freitas,0,Sul
77550,pr,4118709,411870,7755,Paulo Frontin,0,Sul
77577,pr,4118808,411880,7757,Peabiru,0,Sul
77593,pr,4119004,411900,7759,Pérola d'Oeste,0,Sul
77615,pr,4119103,411910,7761,Piên,0,Sul
77631,pr,4119202,411920,7763,Pinhalão,0,Sul
77658,pr,4119301,411930,7765,Pinhão,0,Sul
77674,pr,4119400,411940,7767,Piraí do Sul,0,Sul
77690,pr,4119509,411950,7769,Piraquara,0,Sul
77712,pr,4119608,411960,7771,Pitanga,0,Sul
77739,pr,4119707,411970,7773,Planaltina do Paraná,0,Sul
77755,pr,4119806,411980,7775,Planalto,0,Sul
77771,pr,4119905,411990,7777,Ponta Grossa,0,Sul
77798,pr,4120002,412000,7779,Porecatu,0,Sul
77810,pr,4120101,412010,7781,Porto Amazonas,0,Sul
77836,pr,4120200,412020,7783,Porto Rico,0,Sul
77852,pr,4120309,412030,7785,Porto Vitória,0,Sul
77879,pr,4120408,412040,7787,Presidente Castelo Branco,0,Sul
77895,pr,4120507,412050,7789,Primeiro de Maio,0,Sul
77917,pr,4120606,412060,7791,Prudentópolis,0,Sul
77933,pr,4120705,412070,7793,Quatiguá,0,Sul
77950,pr,4120804,412080,7795,Quatro Barras,0,Sul
77976,pr,4121000,412100,7797,Querência do Norte,0,Sul
77992,pr,4121109,412110,7799,Quinta do Sol,0,Sul
78018,pr,4121208,412120,7801,Quitandinha,0,Sul
78034,pr,4121307,412130,7803,Rancho Alegre,0,Sul
78050,pr,4121406,412140,7805,Realeza,0,Sul
78077,pr,4121505,412150,7807,Rebouças,0,Sul
78093,pr,4121604,412160,7809,Renascença,0,Sul
78115,pr,4121703,412170,7811,Reserva,0,Sul
78131,pr,4121802,412180,7813,Ribeirão Claro,0,Sul
78158,pr,4121901,412190,7815,Ribeirão do Pinhal,0,Sul
78174,pr,4122008,412200,7817,Rio Azul,0,Sul
78190,pr,4122107,412210,7819,Rio Bom,0,Sul
78212,pr,4122206,412220,7821,Rio Branco do Sul,0,Sul
78239,pr,4122305,412230,7823,Rio Negro,0,Sul
78255,pr,4122404,412240,7825,Rolândia,0,Sul
78271,pr,4122503,412250,7827,Roncador,0,Sul
78298,pr,4122602,412260,7829,Rondon,0,Sul
78310,pr,4122701,412270,7831,Sabáudia,0,Sul
78336,pr,4122800,412280,7833,Salgado Filho,0,Sul
78352,pr,4122909,412290,7835,Salto do Itararé,0,Sul
78379,pr,4123006,412300,7837,Salto do Lontra,0,Sul
78395,pr,4123105,412310,7839,Santa Amélia,0,Sul
78417,pr,4123204,412320,7841,Santa Cecília do Pavão,0,Sul
78433,pr,4123303,412330,7843,Santa Cruz de Monte Castelo,0,Sul
78450,pr,4123402,412340,7845,Santa Fé,0,Sul
78476,pr,4123600,412360,7847,Santa Inês,0,Sul
78492,pr,4123709,412370,7849,Santa Isabel do Ivaí,0,Sul
78514,pr,4123808,412380,7851,Santa Izabel do Oeste,0,Sul
78530,pr,4123907,412390,7853,Santa Mariana,0,Sul
78557,pr,4124004,412400,7855,Santana do Itararé,0,Sul
78573,pr,4124400,412440,7857,Santo Antônio do Sudoeste,0,Sul
78590,pr,4124103,412410,7859,Santo Antônio da Platina,0,Sul
78611,pr,4124202,412420,7861,Santo Antônio do Caiuá,0,Sul
78638,pr,4124301,412430,7863,Santo Antônio do Paraíso,0,Sul
78654,pr,4124509,412450,7865,Santo Inácio,0,Sul
78670,pr,4124608,412460,7867,São Carlos do Ivaí,0,Sul
78697,pr,4124707,412470,7869,São Jerônimo da Serra,0,Sul
78719,pr,4124806,412480,7871,São João,0,Sul
78735,pr,4124905,412490,7873,São João do Caiuá,0,Sul
78751,pr,4125001,412500,7875,São João do Ivaí,0,Sul
78778,pr,4125100,412510,7877,São João do Triunfo,0,Sul
78794,pr,4125308,412530,7879,São Jorge do Ivaí,0,Sul
78816,pr,4125209,412520,7881,São Jorge d'Oeste,0,Sul
78832,pr,4125407,412540,7883,São José da Boa Vista,0,Sul
78859,pr,4125506,412550,7885,São José dos Pinhais,0,Sul
78875,pr,4125605,412560,7887,São Mateus do Sul,0,Sul
78891,pr,4125704,412570,7889,São Miguel do Iguaçu,0,Sul
78913,pr,4125803,412580,7891,São Pedro do Ivaí,0,Sul
78930,pr,4125902,412590,7893,São Pedro do Paraná,0,Sul
78956,pr,4126009,412600,7895,São Sebastião da Amoreira,0,Sul
78972,pr,4126108,412610,7897,São Tomé,0,Sul
78999,pr,4126207,412620,7899,Sapopema,0,Sul
79014,pr,4126306,412630,7901,Sengés,0,Sul
79030,pr,4126405,412640,7903,Sertaneja,0,Sul
79057,pr,4126504,412650,7905,Sertanópolis,0,Sul
79073,pr,4126603,412660,7907,Siqueira Campos,0,Sul
79090,pr,4126702,412670,7909,Tamboara,0,Sul
79111,pr,4126801,412680,7911,Tapejara,0,Sul
79138,pr,4127007,412700,7913,Teixeira Soares,0,Sul
79154,pr,4127106,412710,7915,Telêmaco Borba,0,Sul
79170,pr,4127205,412720,7917,Terra Boa,0,Sul
79197,pr,4127304,412730,7919,Terra Rica,0,Sul
79219,pr,4127403,412740,7921,Terra Roxa,0,Sul
79235,pr,4127502,412750,7923,Tibagi,0,Sul
79251,pr,4127601,412760,7925,Tijucas do Sul,0,Sul
79278,pr,4127700,412770,7927,Toledo,0,Sul
79294,pr,4127809,412780,7929,Tomazina,0,Sul
79316,pr,4127908,412790,7931,Tuneiras do Oeste,0,Sul
79332,pr,4128005,412800,7933,Ubiratã,0,Sul
79359,pr,4128104,412810,7935,Umuarama,0,Sul
79375,pr,4128203,412820,7937,União da Vitória,0,Sul
79391,pr,4128302,412830,7939,Uniflor,0,Sul
79413,pr,4128401,412840,7941,Uraí,0,Sul
79430,pr,4128500,412850,7943,Wenceslau Braz,0,Sul
79456,pr,4128609,412860,7945,Verê,0,Sul
79472,pr,4128708,412870,7947,Vitorino,0,Sul
79499,pr,4128807,412880,7949,Xambrê,0,Sul
79510,pr,4100509,410050,7951,Altônia,0,Sul
79537,pr,4102000,410200,7953,Assis Chateaubriand,0,Sul
79553,pr,4120903,412090,7955,Quedas do Iguaçu,0,Sul
79570,pr,4105300,410530,7957,Céu Azul,0,Sul
79596,pr,4108700,410870,7959,Grandes Rios,0,Sul
79618,pr,4110409,411040,7961,Indianópolis,0,Sul
79634,pr,4115705,411570,7963,Matinhos,0,Sul
79650,pr,4116703,411670,7965,Nova Aurora,0,Sul
79677,pr,4117206,411720,7967,Nova Olímpia,0,Sul
79693,pr,4118907,411890,7969,Pérola,0,Sul
79715,pr,4123501,412350,7971,Santa Helena,0,Sul
79731,pr,4126900,412690,7973,Tapira,0,Sul
79758,pr,4115002,411500,7975,Marilena,0,Sul
79774,pr,4108320,410832,7977,Francisco Alves,0,Sul
79790,pr,4117222,411722,7979,Nova Santa Rosa,0,Sul
79812,pr,4103057,410305,7981,Boa Vista da Aparecida,0,Sul
79839,pr,4103354,410335,7983,Braganey,0,Sul
79855,pr,4103453,410345,7985,Cafelândia,0,Sul
79871,pr,4127858,412785,7987,Três Barras do Paraná,0,Sul
79898,pr,4128559,412855,7989,Vera Cruz do Oeste,0,Sul
79910,pr,4120358,412035,7991,Pranchita,0,Sul
79936,pr,4127957,412795,7993,Tupãssi,0,Sul
79952,pr,4117255,411725,7995,Nova Prata do Iguaçu,0,Sul
79979,pr,4112751,411275,7997,Jesuítas,0,Sul
79995,pr,4125357,412535,7999,São Jorge do Patrocínio,0,Sul
84514,pr,4104451,410445,8451,Cantagalo,0,Sul
84530,pr,4127965,412796,8453,Turvo,0,Sul
84557,pr,4100459,410045,8455,Altamira do Paraná,0,Sul
84573,pr,4107751,410775,8457,Figueira,0,Sul
84590,pr,4113759,411375,8459,Lunardelli,0,Sul
84611,pr,4126256,412625,8461,Sarandi,0,Sul
84638,pr,4112959,411295,8463,Juranda,0,Sul
84654,pr,4107256,410725,8465,Douradina,0,Sul
84670,pr,4124053,412405,8467,Santa Terezinha de Itaipu,0,Sul
84697,pr,4116059,411605,8469,Missal,0,Sul
84719,pr,4125456,412545,8471,São José das Palmeiras,0,Sul
58009,rj,3304151,330415,6007,Quissamã,0,Sudeste
58017,rj,3300100,330010,5801,Angra dos Reis,0,Sudeste
58025,rj,3304128,330412,2923,Quatis,0,Sudeste
58033,rj,3300209,330020,5803,Araruama,0,Sudeste
58041,rj,3300456,330045,2909,Belford Roxo,0,Sudeste
58050,rj,3300308,330030,5805,Barra do Piraí,0,Sudeste
58068,rj,3301157,330115,2915,Cardoso Moreira,0,Sudeste
58076,rj,3300407,330040,5807,Barra Mansa,0,Sudeste
58084,rj,3306156,330615,2917,Varre-Sai,0,Sudeste
58092,rj,3300506,330050,5809,Bom Jardim,0,Sudeste
58106,rj,3301850,330185,2907,Guapimirim,0,Sudeste
58114,rj,3300605,330060,5811,Bom Jesus do Itabapoana,0,Sudeste
58122,rj,3304144,330414,2911,Queimados,0,Sudeste
58130,rj,3300704,330070,5813,Cabo Frio,0,Sudeste
58149,rj,3302270,330227,2913,Japeri,0,Sudeste
58157,rj,3300803,330080,5815,Cachoeiras de Macacu,0,Sudeste
58165,rj,3300951,330095,2927,Comendador Levy Gasparian,0,Sudeste
58173,rj,3300902,330090,5817,Cambuci,0,Sudeste
58181,rj,3300159,330015,2919,Aperibé,0,Sudeste
58190,rj,3301009,330100,5819,Campos dos Goytacazes,0,Sudeste
58203,rj,3304524,330452,2921,Rio das Ostras,0,Sudeste
58211,rj,3301108,330110,5821,Cantagalo,0,Sudeste
58220,rj,3300225,330022,2925,Areal,0,Sudeste
58238,rj,3301207,330120,5823,Carmo,0,Sudeste
58246,rj,3303955,330395,0778,Pinheiral,0,Sudeste
58254,rj,3301306,330130,5825,Casimiro de Abreu,0,Sudeste
58262,rj,3301876,330187,0774,Iguaba Grande,0,Sudeste
58270,rj,3301405,330140,5827,Conceição de Macabu,0,Sudeste
58289,rj,3304755,330475,0782,São Francisco de Itabapoana,0,Sudeste
58297,rj,3301504,330150,5829,Cordeiro,0,Sudeste
58300,rj,3300936,330093,0772,Carapebus,0,Sudeste
58319,rj,3301603,330160,5831,Duas Barras,0,Sudeste
58327,rj,3304110,330411,0780,Porto Real,0,Sudeste
58335,rj,3301702,330170,5833,Duque de Caxias,0,Sudeste
58343,rj,3305133,330513,0784,São José de Ubá,0,Sudeste
58351,rj,3301801,330180,5835,Engenheiro Paulo de Frontin,0,Sudeste
58360,rj,3305752,330575,0788,Tanguá,0,Sudeste
58378,rj,3301900,330190,5837,Itaboraí,0,Sudeste
58386,rj,3302452,330245,0776,Macuco,0,Sudeste
58394,rj,3302007,330200,5839,Itaguaí,0,Sudeste
58408,rj,3300233,330023,0770,Armação dos Búzios,0,Sudeste
58416,rj,3302106,330210,5841,Itaocara,0,Sudeste
58424,rj,3305554,330555,0786,Seropédica,0,Sudeste
58432,rj,3302205,330220,5843,Itaperuna,0,Sudeste
58440,rj,3302254,330225,6003,Itatiaia,0,Sudeste
58459,rj,3302304,330230,5845,Laje do Muriaé,0,Sudeste
58467,rj,3302858,330285,1116,Mesquita,0,Sudeste
58475,rj,3302403,330240,5847,Macaé,0,Sudeste
58491,rj,3302502,330250,5849,Magé,0,Sudeste
58513,rj,3302601,330260,5851,Mangaratiba,0,Sudeste
58530,rj,3302700,330270,5853,Maricá,0,Sudeste
58556,rj,3302809,330280,5855,Mendes,0,Sudeste
58572,rj,3302908,330290,5857,Miguel Pereira,0,Sudeste
58599,rj,3303005,330300,5859,Miracema,0,Sudeste
58610,rj,3303104,330310,5861,Natividade,0,Sudeste
58637,rj,3303203,330320,5863,Nilópolis,0,Sudeste
58653,rj,3303302,330330,5865,Niterói,0,Sudeste
58670,rj,3303401,330340,5867,Nova Friburgo,0,Sudeste
58696,rj,3303500,330350,5869,Nova Iguaçu,0,Sudeste
58718,rj,3303609,330360,5871,Paracambi,0,Sudeste
58734,rj,3303708,330370,5873,Paraíba do Sul,0,Sudeste
58750,rj,3303807,330380,5875,Paraty,0,Sudeste
58777,rj,3303906,330390,5877,Petrópolis,0,Sudeste
58793,rj,3304003,330400,5879,Piraí,0,Sudeste
58815,rj,3304102,330410,5881,Porciúncula,0,Sudeste
58831,rj,3304201,330420,5883,Resende,0,Sudeste
58858,rj,3304300,330430,5885,Rio Bonito,0,Sudeste
58874,rj,3304409,330440,5887,Rio Claro,0,Sudeste
58890,rj,3304508,330450,5889,Rio das Flores,0,Sudeste
58912,rj,3304607,330460,5891,Santa Maria Madalena,0,Sudeste
58939,rj,3304706,330470,5893,Santo Antônio de Pádua,0,Sudeste
58955,rj,3304805,330480,5895,São Fidélis,0,Sudeste
58971,rj,3304904,330490,5897,São Gonçalo,0,Sudeste
58998,rj,3305000,330500,5899,São João da Barra,0,Sudeste
59013,rj,3305109,330510,5901,São João de Meriti,0,Sudeste
59030,rj,3305208,330520,5903,São Pedro da Aldeia,0,Sudeste
59056,rj,3305307,330530,5905,São Sebastião do Alto,0,Sudeste
59072,rj,3305406,330540,5907,Sapucaia,0,Sudeste
59099,rj,3305505,330550,5909,Saquarema,0,Sudeste
59110,rj,3305604,330560,5911,Silva Jardim,0,Sudeste
59137,rj,3305703,330570,5913,Sumidouro,0,Sudeste
59153,rj,3305802,330580,5915,Teresópolis,0,Sudeste
59170,rj,3305901,330590,5917,Trajano de Moraes,0,Sudeste
59196,rj,3306008,330600,5919,Três Rios,0,Sudeste
59218,rj,3306107,330610,5921,Valença,0,Sudeste
59234,rj,3306206,330620,5923,Vassouras,0,Sudeste
59250,rj,3306305,330630,5925,Volta Redonda,0,Sudeste
59277,rj,3300258,330025,5927,Arraial do Cabo,0,Sudeste
59293,rj,3302056,330205,5929,Italva,0,Sudeste
59315,rj,3303856,330385,6005,Paty do Alferes,0,Sudeste
59331,rj,3305158,330515,6009,São José do Vale do Rio Preto,0,Sudeste
60011,rj,3304557,330455,6001,Rio de Janeiro,1,Sudeste
16004,rn,2414159,241415,0434,Tenente Laurentino Cruz,0,Nordeste
16012,rn,2400109,240010,1601,Acari,0,Nordeste
16020,rn,2413359,241335,1927,Serra do Mel,0,Nordeste
16039,rn,2400208,240020,1603,Açu,0,Nordeste
16047,rn,2401859,240185,0414,Caiçara do Norte,0,Nordeste
16055,rn,2400307,240030,1605,Afonso Bezerra,0,Nordeste
16063,rn,2412559,241255,0430,São Miguel do Gostoso,0,Nordeste
16071,rn,2400406,240040,1607,Água Nova,0,Nordeste
16080,rn,2404853,240485,0418,Itajá,0,Nordeste
16098,rn,2400505,240050,1609,Alexandria,0,Nordeste
16101,rn,2401651,240165,0412,Bodó,0,Nordeste
16110,rn,2400604,240060,1611,Almino Afonso,0,Nordeste
16128,rn,2414456,241445,0436,Triunfo Potiguar,0,Nordeste
16136,rn,2400703,240070,1613,Alto do Rodrigues,0,Nordeste
16144,rn,2403756,240375,0416,Fernando Pedroza,0,Nordeste
16152,rn,2400802,240080,1615,Angicos,0,Nordeste
16160,rn,2407252,240725,0420,Major Sales,0,Nordeste
16179,rn,2400901,240090,1617,Antônio Martins,0,Nordeste
16187,rn,2414753,241475,0438,Venha-Ver,0,Nordeste
16195,rn,2401008,240100,1619,Apodi,0,Nordeste
16209,rn,2413557,241355,0432,Serrinha dos Pintos,0,Nordeste
16217,rn,2401107,240110,1621,Areia Branca,0,Nordeste
16225,rn,2411056,241105,0428,Tibau,0,Nordeste
16233,rn,2401206,240120,1623,Arês,0,Nordeste
16241,rn,2409332,240933,0424,Santa Maria,0,Nordeste
16250,rn,2401305,240130,1625,Campo Grande,0,Nordeste
16268,rn,2408953,240895,0422,Rio do Fogo,0,Nordeste
16276,rn,2401404,240140,1627,Baía Formosa,0,Nordeste
16284,rn,2410256,241025,0426,Porto do Mangue,0,Nordeste
16292,rn,2401503,240150,1629,Barcelona,0,Nordeste
16306,rn,2406155,240615,1108,Jundiá,0,Nordeste
16314,rn,2401602,240160,1631,Bento Fernandes,0,Nordeste
16330,rn,2401701,240170,1633,Bom Jesus,0,Nordeste
16357,rn,2401800,240180,1635,Brejinho,0,Nordeste
16373,rn,2401909,240190,1637,Caiçara do Rio do Vento,0,Nordeste
16390,rn,2402006,240200,1639,Caicó,0,Nordeste
16411,rn,2402105,240210,1641,Campo Redondo,0,Nordeste
16438,rn,2402204,240220,1643,Canguaretama,0,Nordeste
16454,rn,2402303,240230,1645,Caraúbas,0,Nordeste
16470,rn,2402402,240240,1647,Carnaúba dos Dantas,0,Nordeste
16497,rn,2402501,240250,1649,Carnaubais,0,Nordeste
16519,rn,2402600,240260,1651,Ceará-Mirim,0,Nordeste
16535,rn,2402709,240270,1653,Cerro Corá,0,Nordeste
16551,rn,2402808,240280,1655,Coronel Ezequiel,0,Nordeste
16578,rn,2402907,240290,1657,Coronel João Pessoa,0,Nordeste
16594,rn,2403004,240300,1659,Cruzeta,0,Nordeste
16616,rn,2403103,240310,1661,Currais Novos,0,Nordeste
16632,rn,2403202,240320,1663,Doutor Severiano,0,Nordeste
16659,rn,2403301,240330,1665,Encanto,0,Nordeste
16675,rn,2403400,240340,1667,Equador,0,Nordeste
16691,rn,2403509,240350,1669,Espírito Santo,0,Nordeste
16713,rn,2403608,240360,1671,Extremoz,0,Nordeste
16730,rn,2403707,240370,1673,Felipe Guerra,0,Nordeste
16756,rn,2403806,240380,1675,Florânia,0,Nordeste
16772,rn,2403905,240390,1677,Francisco Dantas,0,Nordeste
16799,rn,2404101,240410,1679,Galinhos,0,Nordeste
16810,rn,2404200,240420,1681,Goianinha,0,Nordeste
16837,rn,2404309,240430,1683,Governador Dix-Sept Rosado,0,Nordeste
16853,rn,2404408,240440,1685,Grossos,0,Nordeste
16870,rn,2404507,240450,1687,Guamaré,0,Nordeste
16896,rn,2404606,240460,1689,Ielmo Marinho,0,Nordeste
16918,rn,2404705,240470,1691,Ipanguaçu,0,Nordeste
16934,rn,2404804,240480,1693,Ipueira,0,Nordeste
16950,rn,2404903,240490,1695,Itaú,0,Nordeste
16977,rn,2405009,240500,1697,Jaçanã,0,Nordeste
16993,rn,2405108,240510,1699,Jandaíra,0,Nordeste
17019,rn,2405207,240520,1701,Janduís,0,Nordeste
17035,rn,2405306,240530,1703,Boa Saúde,0,Nordeste
17051,rn,2405405,240540,1705,Japi,0,Nordeste
17078,rn,2405504,240550,1707,Jardim de Angicos,0,Nordeste
17094,rn,2405603,240560,1709,Jardim de Piranhas,0,Nordeste
17116,rn,2405702,240570,1711,Jardim do Seridó,0,Nordeste
17132,rn,2405801,240580,1713,João Câmara,0,Nordeste
17159,rn,2405900,240590,1715,João Dias,0,Nordeste
17175,rn,2406007,240600,1717,José da Penha,0,Nordeste
17191,rn,2406106,240610,1719,Jucurutu,0,Nordeste
17213,rn,2407609,240760,1721,Messias Targino,0,Nordeste
17230,rn,2406205,240620,1723,Lagoa d'Anta,0,Nordeste
17256,rn,2406304,240630,1725,Lagoa de Pedras,0,Nordeste
17272,rn,2406403,240640,1727,Lagoa de Velhos,0,Nordeste
17299,rn,2406502,240650,1729,Lagoa Nova,0,Nordeste
17310,rn,2406601,240660,1731,Lagoa Salgada,0,Nordeste
17337,rn,2406700,240670,1733,Lajes,0,Nordeste
17353,rn,2406809,240680,1735,Lajes Pintadas,0,Nordeste
17370,rn,2406908,240690,1737,Lucrécia,0,Nordeste
17396,rn,2407005,240700,1739,Luís Gomes,0,Nordeste
17418,rn,2407104,240710,1741,Macaíba,0,Nordeste
17434,rn,2407203,240720,1743,Macau,0,Nordeste
17450,rn,2407302,240730,1745,Marcelino Vieira,0,Nordeste
17477,rn,2407401,240740,1747,Martins,0,Nordeste
17493,rn,2407500,240750,1749,Maxaranguape,0,Nordeste
17515,rn,2404002,240400,1751,Frutuoso Gomes,0,Nordeste
17531,rn,2407708,240770,1753,Montanhas,0,Nordeste
17558,rn,2407807,240780,1755,Monte Alegre,0,Nordeste
17574,rn,2407906,240790,1757,Monte das Gameleiras,0,Nordeste
17590,rn,2408003,240800,1759,Mossoró,0,Nordeste
17612,rn,2408102,240810,1761,Natal,1,Nordeste
17639,rn,2408201,240820,1763,Nísia Floresta,0,Nordeste
17655,rn,2408300,240830,1765,Nova Cruz,0,Nordeste
17671,rn,2408409,240840,1767,Olho-d'Água do Borges,0,Nordeste
17698,rn,2408508,240850,1769,Ouro Branco,0,Nordeste
17710,rn,2408607,240860,1771,Paraná,0,Nordeste
17736,rn,2408706,240870,1773,Paraú,0,Nordeste
17752,rn,2408805,240880,1775,Parazinho,0,Nordeste
17779,rn,2408904,240890,1777,Parelhas,0,Nordeste
17795,rn,2403251,240325,1779,Parnamirim,0,Nordeste
17817,rn,2409100,240910,1781,Passa e Fica,0,Nordeste
17833,rn,2409209,240920,1783,Passagem,0,Nordeste
17850,rn,2409308,240930,1785,Patu,0,Nordeste
17876,rn,2409407,240940,1787,Pau dos Ferros,0,Nordeste
17892,rn,2409506,240950,1789,Pedra Grande,0,Nordeste
17914,rn,2409605,240960,1791,Pedra Preta,0,Nordeste
17930,rn,2409704,240970,1793,Pedro Avelino,0,Nordeste
17957,rn,2409803,240980,1795,Pedro Velho,0,Nordeste
17973,rn,2409902,240990,1797,Pendências,0,Nordeste
17990,rn,2410009,241000,1799,Pilões,0,Nordeste
18015,rn,2410108,241010,1801,Poço Branco,0,Nordeste
18031,rn,2410207,241020,1803,Portalegre,0,Nordeste
18058,rn,2410306,241030,1805,Serra Caiada,0,Nordeste
18074,rn,2410405,241040,1807,Pureza,0,Nordeste
18090,rn,2410504,241050,1809,Rafael Fernandes,0,Nordeste
18112,rn,2410702,241070,1811,Riacho da Cruz,0,Nordeste
18139,rn,2410801,241080,1813,Riacho de Santana,0,Nordeste
18155,rn,2410900,241090,1815,Riachuelo,0,Nordeste
18171,rn,2411007,241100,1817,Rodolfo Fernandes,0,Nordeste
18198,rn,2411106,241110,1819,Ruy Barbosa,0,Nordeste
18210,rn,2411908,241190,1821,São Francisco do Oeste,0,Nordeste
18236,rn,2411205,241120,1823,Santa Cruz,0,Nordeste
18252,rn,2411429,241142,1825,Santana do Seridó,0,Nordeste
18279,rn,2411403,241140,1827,Santana do Matos,0,Nordeste
18295,rn,2411502,241150,1829,Santo Antônio,0,Nordeste
18317,rn,2411601,241160,1831,São Bento do Norte,0,Nordeste
18333,rn,2411700,241170,1833,São Bento do Trairí,0,Nordeste
18350,rn,2411809,241180,1835,São Fernando,0,Nordeste
18376,rn,2412005,241200,1837,São Gonçalo do Amarante,0,Nordeste
18392,rn,2412104,241210,1839,São João do Sabugi,0,Nordeste
18414,rn,2412203,241220,1841,São José de Mipibu,0,Nordeste
18430,rn,2412302,241230,1843,São José do Campestre,0,Nordeste
18457,rn,2412401,241240,1845,São José do Seridó,0,Nordeste
18473,rn,2412500,241250,1847,São Miguel,0,Nordeste
18490,rn,2412609,241260,1849,São Paulo do Potengi,0,Nordeste
18511,rn,2412708,241270,1851,São Pedro,0,Nordeste
18538,rn,2412807,241280,1853,São Rafael,0,Nordeste
18554,rn,2412906,241290,1855,São Tomé,0,Nordeste
18570,rn,2413003,241300,1857,São Vicente,0,Nordeste
18597,rn,2413102,241310,1859,Senador Elói de Souza,0,Nordeste
18619,rn,2413201,241320,1861,Senador Georgino Avelino,0,Nordeste
18635,rn,2413300,241330,1863,Serra de São Bento,0,Nordeste
18651,rn,2413409,241340,1865,Serra Negra do Norte,0,Nordeste
18678,rn,2413508,241350,1867,Serrinha,0,Nordeste
18694,rn,2413607,241360,1869,Severiano Melo,0,Nordeste
18716,rn,2413706,241370,1871,Sítio Novo,0,Nordeste
18732,rn,2413805,241380,1873,Taboleiro Grande,0,Nordeste
18759,rn,2413904,241390,1875,Taipu,0,Nordeste
18775,rn,2414001,241400,1877,Tangará,0,Nordeste
18791,rn,2414100,241410,1879,Tenente Ananias,0,Nordeste
18813,rn,2414209,241420,1881,Tibau do Sul,0,Nordeste
18830,rn,2414308,241430,1883,Timbaúba dos Batistas,0,Nordeste
18856,rn,2414407,241440,1885,Touros,0,Nordeste
18872,rn,2414506,241450,1887,Umarizal,0,Nordeste
18899,rn,2414605,241460,1889,Upanema,0,Nordeste
18910,rn,2414704,241470,1891,Várzea,0,Nordeste
18937,rn,2410603,241060,1893,Rafael Godeiro,0,Nordeste
18953,rn,2414803,241480,1895,Vera Cruz,0,Nordeste
18970,rn,2414902,241490,1897,Viçosa,0,Nordeste
18996,rn,2415008,241500,1899,Vila Flor,0,Nordeste
30031,rn,2401453,240145,3003,Baraúna,0,Nordeste
00019,ro,1100106,110010,0001,Guajará-Mirim,0,Norte
00035,ro,1100205,110020,0003,Porto Velho,1,Norte
00051,ro,1100122,110012,0005,Ji-Paraná,0,Norte
00078,ro,1100023,110002,0007,Ariquemes,0,Norte
00094,ro,1100049,110004,0009,Cacoal,0,Norte
00116,ro,1100189,110018,0011,Pimenta Bueno,0,Norte
00132,ro,1100304,110030,0013,Vilhena,0,Norte
00159,ro,1100114,110011,0015,Jaru,0,Norte
00175,ro,1100155,110015,0017,Ouro Preto do Oeste,0,Norte
00191,ro,1100254,110025,0019,Presidente Médici,0,Norte
00213,ro,1100080,110008,0021,Costa Marques,0,Norte
00230,ro,1100064,110006,0023,Colorado do Oeste,0,Norte
00256,ro,1100098,110009,0025,Espigão D'Oeste,0,Norte
00272,ro,1100056,110005,0027,Cerejeiras,0,Norte
00299,ro,1100288,110028,0029,Rolim de Moura,0,Norte
00310,ro,1100015,110001,0033,Alta Floresta D'Oeste,0,Norte
00337,ro,1100346,110034,0035,Alvorada D'Oeste,0,Norte
00353,ro,1100296,110029,0043,Santa Luzia D'Oeste,0,Norte
00370,ro,1100148,110014,0041,Nova Brasilândia D'Oeste,0,Norte
00396,ro,1100130,110013,0039,Machadinho D'Oeste,0,Norte
00418,ro,1100320,110032,0045,São Miguel do Guaporé,0,Norte
00434,ro,1100338,110033,0047,Nova Mamoré,0,Norte
00450,ro,1100031,110003,0037,Cabixi,0,Norte
00477,ro,1100809,110080,0681,Candeias do Jamari,0,Norte
00493,ro,1101104,110110,0683,Itapuã do Oeste,0,Norte
00515,ro,1100502,110050,0689,Novo Horizonte do Oeste,0,Norte
00531,ro,1100908,110090,0691,Castanheiras,0,Norte
00558,ro,1101807,110180,0979,Vale do Paraíso,0,Norte
00566,ro,1101708,110170,0977,Urupá,0,Norte
00574,ro,1101302,110130,0697,Mirante da Serra,0,Norte
00582,ro,1101500,110150,0699,Seringueiras,0,Norte
00590,ro,1101609,110160,0975,Theobroma,0,Norte
00604,ro,1101203,110120,0695,Ministro Andreazza,0,Norte
00612,ro,1101005,110100,0693,Governador Jorge Teixeira,0,Norte
00620,ro,1100601,110060,0677,Cacaulândia,0,Norte
00639,ro,1100403,110040,0675,Alto Paraíso,0,Norte
00647,ro,1100262,110026,0687,Rio Crespo,0,Norte
00655,ro,1100072,110007,0981,Corumbiara,0,Norte
00663,ro,1101401,110140,0685,Monte Negro,0,Norte
00671,ro,1100700,110070,0679,Campo Novo de Rondônia,0,Norte
00680,ro,1100940,110094,0008,Cujubim,0,Norte
00698,ro,1101757,110175,0024,Vale do Anari,0,Norte
00701,ro,1101450,110145,0012,Parecis,0,Norte
00710,ro,1101484,110148,0018,São Felipe D'Oeste,0,Norte
00728,ro,1101476,110147,0016,Primavera de Rondônia,0,Norte
00736,ro,1100379,110037,0002,Alto Alegre dos Parecis,0,Norte
00744,ro,1101435,110143,0010,Nova União,0,Norte
00752,ro,1101559,110155,0022,Teixeirópolis,0,Norte
00779,ro,1100452,110045,0004,Buritis,0,Norte
00787,ro,1101468,110146,0014,Pimenteiras do Oeste,0,Norte
00795,ro,1101492,110149,0020,São Francisco do Guaporé,0,Norte
00809,ro,1100924,110092,0006,Chupinguaia,0,Norte
03000,rr,1400233,140023,0030,Caroebe,0,Norte
03018,rr,1400100,140010,0301,Boa Vista,1,Norte
03026,rr,1400282,140028,0032,Iracema,0,Norte
03034,rr,1400209,140020,0303,Caracaraí,0,Norte
03042,rr,1400027,140002,0026,Amajari,0,Norte
03050,rr,1400050,140005,0305,Alto Alegre,0,Norte
03069,rr,1400175,140017,0028,Cantá,0,Norte
03077,rr,1400159,140015,0307,Bonfim,0,Norte
03085,rr,1400472,140047,0036,Rorainópolis,0,Norte
03093,rr,1400308,140030,0309,Mucajaí,0,Norte
03107,rr,1400704,140070,0038,Uiramutã,0,Norte
03115,rr,1400407,140040,0311,Normandia,0,Norte
03123,rr,1400456,140045,0034,Pacaraima,0,Norte
03131,rr,1400506,140050,0313,São João da Baliza,0,Norte
03158,rr,1400605,140060,0315,São Luiz,0,Norte
84735,rs,4301552,430155,8487,Áurea,0,Sul
84743,rs,4321634,432163,7331,Três Arroios,0,Sul
84751,rs,4313359,431335,7377,Nova Roma do Sul,0,Sul
84760,rs,4315156,431515,7361,Progresso,0,Sul
84778,rs,4314555,431455,7367,Pirapó,0,Sul
84786,rs,4310850,431085,7393,Jaboticaba,0,Sul
84794,rs,4318440,431844,7347,São Jorge,0,Sul
84808,rs,4300554,430055,8495,Alto Alegre,0,Sul
84816,rs,4313060,431306,7379,Nova Hartz,0,Sul
84824,rs,4306452,430645,8427,Dois Lajeados,0,Sul
84832,rs,4318051,431805,7351,São Domingos do Sul,0,Sul
84840,rs,4322152,432215,7323,Tunas,0,Sul
84859,rs,4318424,431842,7349,São João da Urtiga,0,Sul
84867,rs,4309258,430925,8405,Guabiju,0,Sul
84875,rs,4315354,431535,7357,Quinze de Novembro,0,Sul
84883,rs,4306734,430673,8425,Doutor Maurício Cardoso,0,Sul
84891,rs,4304689,430468,8443,Capela de Santana,0,Sul
84905,rs,4311122,431112,7391,Jaquirana,0,Sul
84913,rs,4322558,432255,7319,Vanini,0,Sul
84921,rs,4302451,430245,8483,Boqueirão do Leão,0,Sul
84930,rs,4307864,430786,8411,Fagundes Varela,0,Sul
84948,rs,4300059,430005,8499,Água Santa,0,Sul
84956,rs,4320651,432065,7315,Silveira Martins,0,Sul
84964,rs,4309951,430995,7299,Ibirapuitã,0,Sul
84972,rs,4309753,430975,8401,Ibarama,0,Sul
84980,rs,4313953,431395,7375,Pantano Grande,0,Sul
84999,rs,4310439,431043,8399,Ipê,0,Sul
85006,rs,4321956,432195,7325,Trindade do Sul,0,Sul
85014,rs,4300109,430010,8501,Agudo,0,Sul
85022,rs,4307054,430705,8415,Ernestina,0,Sul
85030,rs,4300208,430020,8503,Ajuricaba,0,Sul
85049,rs,4306353,430635,8429,Dezesseis de Novembro,0,Sul
85057,rs,4300307,430030,8505,Alecrim,0,Sul
85065,rs,4302659,430265,8449,Brochier,0,Sul
85073,rs,4300406,430040,8507,Alegrete,0,Sul
85081,rs,4306973,430697,8417,Erebango,0,Sul
85090,rs,4300505,430050,8509,Alpestre,0,Sul
85103,rs,4306932,430693,8419,Entre-Ijuís,0,Sul
85111,rs,4300604,430060,8511,Alvorada,0,Sul
85120,rs,4313037,431303,7381,Nova Esperança do Sul,0,Sul
85138,rs,4300703,430070,8513,Anta Gorda,0,Sul
85146,rs,4314159,431415,7371,Paverama,0,Sul
85154,rs,4300802,430080,8515,Antônio Prado,0,Sul
85162,rs,4321436,432143,7333,Terra de Areia,0,Sul
85170,rs,4300901,430090,8517,Aratiba,0,Sul
85189,rs,4309555,430955,8403,Harmonia,0,Sul
85197,rs,4301008,430100,8519,Arroio do Meio,0,Sul
85200,rs,4304101,430410,8445,Campos Borges,0,Sul
85219,rs,4301107,430110,8521,Arroio dos Ratos,0,Sul
85227,rs,4305157,430515,8437,Cerro Grande,0,Sul
85235,rs,4301206,430120,8523,Arroio do Tigre,0,Sul
85243,rs,4310462,431046,7399,Ipiranga do Sul,0,Sul
85251,rs,4301305,430130,8525,Arroio Grande,0,Sul
85260,rs,4311254,431125,7389,Lagoão,0,Sul
85278,rs,4301404,430140,8527,Arvorezinha,0,Sul
85286,rs,4307559,430755,7301,Estação,0,Sul
85294,rs,4301503,430150,8529,Augusto Pestana,0,Sul
85308,rs,4301057,430105,8489,Arroio do Sal,0,Sul
85316,rs,4301602,430160,8531,Bagé,0,Sul
85324,rs,4318481,431848,7343,São José do Hortêncio,0,Sul
85332,rs,4301701,430170,8533,Barão de Cotegipe,0,Sul
85340,rs,4314456,431445,7369,Pinhal,0,Sul
85359,rs,4301800,430180,8535,Barracão,0,Sul
85367,rs,4321667,432166,7329,Três Cachoeiras,0,Sul
85375,rs,4301909,430190,8537,Barra do Ribeiro,0,Sul
85383,rs,4319752,431975,7293,São Vendelino,0,Sul
85391,rs,4302006,430200,8539,Barros Cassal,0,Sul
85405,rs,4315172,431517,7359,Protásio Alves,0,Sul
85413,rs,4302105,430210,8541,Bento Gonçalves,0,Sul
85421,rs,4315131,431513,7363,Pouso Novo,0,Sul
85430,rs,4302204,430220,8543,Boa Vista do Buricá,0,Sul
85448,rs,4307831,430783,8413,Eugênio de Castro,0,Sul
85456,rs,4302303,430230,8545,Bom Jesus,0,Sul
85464,rs,4306056,430605,8431,Cristal,0,Sul
85472,rs,4302402,430240,8547,Bom Retiro do Sul,0,Sul
85480,rs,4319158,431915,7341,São Miguel das Missões,0,Sul
85499,rs,4302501,430250,8549,Bossoroca,0,Sul
85502,rs,4309050,430905,8407,Glorinha,0,Sul
85510,rs,4302600,430260,8551,Braga,0,Sul
85529,rs,4320263,432026,7317,Segredo,0,Sul
85537,rs,4302709,430270,8553,Butiá,0,Sul
85545,rs,4300455,430045,8497,Alegria,0,Sul
85553,rs,4302808,430280,8555,Caçapava do Sul,0,Sul
85561,rs,4316436,431643,7339,Saldanha Marinho,0,Sul
85570,rs,4302907,430290,8557,Cacequi,0,Sul
85588,rs,4318465,431846,7345,São José do Herval,0,Sul
85596,rs,4303004,430300,8559,Cachoeira do Sul,0,Sul
85600,rs,4323507,432350,7307,Vista Alegre,0,Sul
85618,rs,4303103,430310,8561,Cachoeirinha,0,Sul
85626,rs,4310751,431075,7395,Ivorá,0,Sul
85634,rs,4303202,430320,8563,Cacique Doble,0,Sul
85642,rs,4323408,432340,7309,Vila Maria,0,Sul
85650,rs,4303301,430330,8565,Caibaté,0,Sul
85669,rs,4321329,432132,7313,Taquaruçu do Sul,0,Sul
85677,rs,4303400,430340,8567,Caiçara,0,Sul
85685,rs,4310330,431033,7297,Imbé,0,Sul
85693,rs,4303509,430350,8569,Camaquã,0,Sul
85707,rs,4320230,432023,7335,Sede Nova,0,Sul
85715,rs,4303608,430360,8571,Cambará do Sul,0,Sul
85723,rs,4322251,432225,7321,Tupandi,0,Sul
85731,rs,4303707,430370,8573,Campina das Missões,0,Sul
85740,rs,4315750,431575,7353,Riozinho,0,Sul
85758,rs,4303806,430380,8575,Campinas do Sul,0,Sul
85766,rs,4315453,431545,7355,Relvado,0,Sul
85774,rs,4303905,430390,8577,Campo Bom,0,Sul
85782,rs,4310363,431036,7295,Imigrante,0,Sul
85790,rs,4304002,430400,8579,Campo Novo,0,Sul
85804,rs,4305454,430545,8433,Cidreira,0,Sul
85812,rs,4304200,430420,8581,Candelária,0,Sul
85820,rs,4312351,431235,7387,Montauri,0,Sul
85839,rs,4304309,430430,8583,Cândido Godói,0,Sul
85847,rs,4323705,432370,7303,Vista Gaúcha,0,Sul
85855,rs,4304408,430440,8585,Canela,0,Sul
85863,rs,4323606,432360,7305,Vista Alegre do Prata,0,Sul
85871,rs,4304507,430450,8587,Canguçu,0,Sul
85880,rs,4304952,430495,8441,Caseiros,0,Sul
85898,rs,4304606,430460,8589,Canoas,0,Sul
85901,rs,4310553,431055,7397,Itacurubi,0,Sul
85910,rs,4304705,430470,8591,Carazinho,0,Sul
85928,rs,4306957,430695,8421,Entre Rios do Sul,0,Sul
85936,rs,4304804,430480,8593,Carlos Barbosa,0,Sul
85944,rs,4305173,430517,8435,Cerro Grande do Sul,0,Sul
85952,rs,4304903,430490,8595,Casca,0,Sul
85960,rs,4303558,430355,8447,Camargo,0,Sul
85979,rs,4305009,430500,8597,Catuípe,0,Sul
85987,rs,4314027,431402,7373,Paraíso do Sul,0,Sul
85995,rs,4305108,430510,8599,Caxias do Sul,0,Sul
86010,rs,4305207,430520,8601,Cerro Largo,0,Sul
86029,rs,4308052,430805,8409,Faxinalzinho,0,Sul
86037,rs,4305306,430530,8603,Chapada,0,Sul
86045,rs,4300638,430063,8493,Amaral Ferrador,0,Sul
86053,rs,4305405,430540,8605,Chiapetta,0,Sul
86061,rs,4323309,432330,7311,Vila Flores,0,Sul
86070,rs,4305504,430550,8607,Ciríaco,0,Sul
86088,rs,4305132,430513,8439,Cerro Branco,0,Sul
86096,rs,4305603,430560,8609,Colorado,0,Sul
86100,rs,4300661,430066,8491,André da Rocha,0,Sul
86118,rs,4305702,430570,8611,Condor,0,Sul
86126,rs,4314753,431475,7365,Poço das Antas,0,Sul
86134,rs,4305801,430580,8613,Constantina,0,Sul
86142,rs,4321857,432185,7327,Três Palmeiras,0,Sul
86150,rs,4305900,430590,8615,Coronel Bicaco,0,Sul
86169,rs,4312757,431275,7383,Nova Alvorada,0,Sul
86177,rs,4306007,430600,8617,Crissiumal,0,Sul
86185,rs,4312450,431245,7385,Morro Redondo,0,Sul
86193,rs,4306106,430610,8619,Cruz Alta,0,Sul
86207,rs,4316956,431695,7337,Santa Maria do Herval,0,Sul
86215,rs,4306205,430620,8621,Cruzeiro do Sul,0,Sul
86223,rs,4301651,430165,8485,Barão,0,Sul
86231,rs,4306304,430630,8623,David Canabarro,0,Sul
86240,rs,4306767,430676,8423,Eldorado do Sul,0,Sul
86258,rs,4306403,430640,8625,Dois Irmãos,0,Sul
86274,rs,4306502,430650,8627,Dom Feliciano,0,Sul
86282,rs,4300570,430057,6045,Alto Feliz,0,Sul
86290,rs,4306601,430660,8629,Dom Pedrito,0,Sul
86304,rs,4300646,430064,5969,Ametista do Sul,0,Sul
86312,rs,4306700,430670,8631,Dona Francisca,0,Sul
86320,rs,4300851,430085,5779,Arambaré,0,Sul
86339,rs,4306809,430680,8633,Encantado,0,Sul
86347,rs,4301750,430175,5771,Barão do Triunfo,0,Sul
86355,rs,4306908,430690,8635,Encruzilhada do Sul,0,Sul
86363,rs,4301859,430185,6069,Barra do Guarita,0,Sul
86371,rs,4307005,430700,8637,Erechim,0,Sul
86380,rs,4301925,430192,5959,Barra do Rio Azul,0,Sul
86398,rs,4307104,430710,8639,Herval,0,Sul
86401,rs,4301958,430195,5943,Barra Funda,0,Sul
86410,rs,4307203,430720,8641,Erval Grande,0,Sul
86428,rs,4302154,430215,5981,Boa Vista das Missões,0,Sul
86436,rs,4307302,430730,8643,Erval Seco,0,Sul
86444,rs,4302378,430237,6071,Bom Progresso,0,Sul
86452,rs,4307401,430740,8645,Esmeralda,0,Sul
86460,rs,4303673,430367,6013,Campestre da Serra,0,Sul
86479,rs,4307500,430750,8647,Espumoso,0,Sul
86487,rs,4304358,430435,6083,Candiota,0,Sul
86495,rs,4307609,430760,8649,Estância Velha,0,Sul
86509,rs,4304697,430469,6025,Capitão,0,Sul
86517,rs,4307708,430770,8651,Esteio,0,Sul
86525,rs,4304853,430485,5961,Carlos Gomes,0,Sul
86533,rs,4307807,430780,8653,Estrela,0,Sul
86541,rs,4305116,430511,5963,Centenário,0,Sul
86550,rs,4307906,430790,8655,Farroupilha,0,Sul
86568,rs,4305371,430537,5965,Charrua,0,Sul
86576,rs,4308003,430800,8657,Faxinal do Soturno,0,Sul
86584,rs,4305587,430558,6029,Colinas,0,Sul
86592,rs,4308102,430810,8659,Feliz,0,Sul
86606,rs,4305850,430585,5945,Coqueiros do Sul,0,Sul
86614,rs,4308201,430820,8661,Flores da Cunha,0,Sul
86622,rs,4305871,430587,6055,Coronel Barros,0,Sul
86630,rs,4308300,430830,8663,Fontoura Xavier,0,Sul
86649,rs,4305975,430597,5797,Coxilha,0,Sul
86657,rs,4308409,430840,8665,Formigueiro,0,Sul
86665,rs,4306320,430632,6073,Derrubadas,0,Sul
86673,rs,4308508,430850,8667,Frederico Westphalen,0,Sul
86681,rs,4306429,430642,5971,Dois Irmãos das Missões,0,Sul
86690,rs,4308607,430860,8669,Garibaldi,0,Sul
86703,rs,4306924,430692,5947,Engenho Velho,0,Sul
86711,rs,4308706,430870,8671,Gaurama,0,Sul
86720,rs,4308656,430865,6081,Garruchos,0,Sul
86738,rs,4308805,430880,8673,General Câmara,0,Sul
86746,rs,4308854,430885,5799,Gentil,0,Sul
86754,rs,4319802,431980,8675,São Vicente do Sul,0,Sul
86762,rs,4309126,430912,5949,Gramado dos Loureiros,0,Sul
86770,rs,4308904,430890,8677,Getúlio Vargas,0,Sul
86789,rs,4309159,430915,5763,Gramado Xavier,0,Sul
86797,rs,4309001,430900,8679,Giruá,0,Sul
86800,rs,4309654,430965,6085,Hulha Negra,0,Sul
86819,rs,4309100,430910,8681,Gramado,0,Sul
86827,rs,4310413,431041,6051,Inhacorá,0,Sul
86835,rs,4309209,430920,8683,Gravataí,0,Sul
86843,rs,4310579,431057,6027,Itapuca,0,Sul
86851,rs,4309308,430930,8685,Guaíba,0,Sul
86860,rs,4311429,431142,5983,Lajeado do Bugre,0,Sul
86878,rs,4309407,430940,8687,Guaporé,0,Sul
86886,rs,4311270,431127,5951,Lagoa dos Três Cantos,0,Sul
86894,rs,4309506,430950,8689,Guarani das Missões,0,Sul
86908,rs,4311627,431162,6017,Lindolfo Collor,0,Sul
86916,rs,4309605,430960,8691,Horizontina,0,Sul
86924,rs,4311643,431164,6047,Linha Nova,0,Sul
86932,rs,4305355,430535,8693,Charqueadas,0,Sul
86940,rs,4311759,431175,6079,Manoel Viana,0,Sul
86959,rs,4309704,430970,8695,Humaitá,0,Sul
86967,rs,4311775,431177,5783,Maquiné,0,Sul
86975,rs,4309803,430980,8697,Ibiaçá,0,Sul
86983,rs,4311791,431179,6039,Maratá,0,Sul
86991,rs,4309902,430990,8699,Ibiraiaras,0,Sul
87009,rs,4311981,431198,5759,Mariana Pimentel,0,Sul
87017,rs,4310009,431000,8701,Ibirubá,0,Sul
87025,rs,4312138,431213,5931,Mato Castelhano,0,Sul
87033,rs,4310108,431010,8703,Igrejinha,0,Sul
87041,rs,4312153,431215,6031,Mato Leitão,0,Sul
87050,rs,4310207,431020,8705,Ijuí,0,Sul
87068,rs,4312252,431225,5773,Minas do Leão,0,Sul
87076,rs,4310306,431030,8707,Ilópolis,0,Sul
87084,rs,4312385,431238,5993,Monte Belo do Sul,0,Sul
87092,rs,4310405,431040,8709,Independência,0,Sul
87106,rs,4312427,431242,5933,Mormaço,0,Sul
87114,rs,4310504,431050,8711,Iraí,0,Sul
87122,rs,4312443,431244,5775,Morrinhos do Sul,0,Sul
87130,rs,4310603,431060,8713,Itaqui,0,Sul
87149,rs,4312476,431247,6019,Morro Reuter,0,Sul
87157,rs,4310702,431070,8715,Itatiba do Sul,0,Sul
87165,rs,4312625,431262,5935,Muliterno,0,Sul
87173,rs,4310801,431080,8717,Ivoti,0,Sul
87181,rs,4312674,431267,5937,Nicolau Vergueiro,0,Sul
87190,rs,4310900,431090,8719,Jacutinga,0,Sul
87203,rs,4312955,431295,5953,Nova Boa Vista,0,Sul
87211,rs,4311007,431100,8721,Jaguarão,0,Sul
87220,rs,4313086,431308,5991,Nova Pádua,0,Sul
87238,rs,4311106,431110,8723,Jaguari,0,Sul
87246,rs,4313375,431337,5757,Nova Santa Rita,0,Sul
87254,rs,4311205,431120,8725,Júlio de Castilhos,0,Sul
87262,rs,4313490,431349,5985,Novo Barreiro,0,Sul
87270,rs,4311304,431130,8727,Lagoa Vermelha,0,Sul
87289,rs,4313425,431342,6057,Novo Machado,0,Sul
87297,rs,4311403,431140,8729,Lajeado,0,Sul
87300,rs,4313441,431344,5973,Novo Tiradentes,0,Sul
87319,rs,4311502,431150,8731,Lavras do Sul,0,Sul
87327,rs,4314035,431403,6041,Pareci Novo,0,Sul
87335,rs,4311601,431160,8733,Liberato Salzano,0,Sul
87343,rs,4314076,431407,5765,Passo do Sobrado,0,Sul
87351,rs,4311700,431170,8735,Machadinho,0,Sul
87360,rs,4314423,431442,6021,Picada Café,0,Sul
87378,rs,4311809,431180,8737,Marau,0,Sul
87386,rs,4314472,431447,5787,Pinhal Grande,0,Sul
87394,rs,4311908,431190,8739,Marcelino Ramos,0,Sul
87408,rs,4314498,431449,5975,Pinheirinho do Vale,0,Sul
87416,rs,4312005,431200,8741,Mariano Moro,0,Sul
87424,rs,4314779,431477,5939,Pontão,0,Sul
87432,rs,4312104,431210,8743,Mata,0,Sul
87440,rs,4314787,431478,5967,Ponte Preta,0,Sul
87459,rs,4312203,431220,8745,Maximiliano de Almeida,0,Sul
87467,rs,4315057,431505,6065,Porto Mauá,0,Sul
87475,rs,4312302,431230,8747,Miraguaí,0,Sul
87483,rs,4315073,431507,6067,Porto Vera Cruz,0,Sul
87491,rs,4312401,431240,8749,Montenegro,0,Sul
87505,rs,4315149,431514,6023,Presidente Lucena,0,Sul
87513,rs,4312500,431250,8751,Mostardas,0,Sul
87521,rs,4315321,431532,5789,Quevedos,0,Sul
87530,rs,4312609,431260,8753,Muçum,0,Sul
87548,rs,4315552,431555,5955,Rio dos Índios,0,Sul
87556,rs,4312658,431265,8755,Não-Me-Toque,0,Sul
87564,rs,4316428,431642,5987,Sagrada Família,0,Sul
87572,rs,4312708,431270,8757,Nonoai,0,Sul
87580,rs,4316477,431647,6061,Salvador das Missões,0,Sul
87599,rs,4312807,431280,8759,Nova Araçá,0,Sul
87602,rs,4316758,431675,6033,Santa Clara do Sul,0,Sul
87610,rs,4312906,431290,8761,Nova Bassano,0,Sul
87629,rs,4317251,431725,5995,Santa Tereza,0,Sul
87637,rs,4313003,431300,8763,Nova Bréscia,0,Sul
87645,rs,4317558,431755,5941,Santo Antônio do Palma,0,Sul
87653,rs,4313102,431310,8765,Nova Palma,0,Sul
87661,rs,4317756,431775,5957,Santo Antônio do Planalto,0,Sul
87670,rs,4313201,431320,8767,Nova Petrópolis,0,Sul
87688,rs,4317954,431795,5977,Santo Expedito do Sul,0,Sul
87696,rs,4313300,431330,8769,Nova Prata,0,Sul
87700,rs,4318432,431843,5791,São João do Polêsine,0,Sul
87718,rs,4313409,431340,8771,Novo Hamburgo,0,Sul
87726,rs,4318622,431862,6015,São José dos Ausentes,0,Sul
87734,rs,4313508,431350,8773,Osório,0,Sul
87742,rs,4318499,431849,6059,São José do Inhacorá,0,Sul
87750,rs,4313607,431360,8775,Paim Filho,0,Sul
87769,rs,4318457,431845,5989,São José das Missões,0,Sul
87777,rs,4313706,431370,8777,Palmeira das Missões,0,Sul
87785,rs,4319125,431912,5793,São Martinho da Serra,0,Sul
87793,rs,4313805,431380,8779,Palmitinho,0,Sul
87807,rs,4319356,431935,6043,São Pedro da Serra,0,Sul
87815,rs,4313904,431390,8781,Panambi,0,Sul
87823,rs,4319372,431937,6063,São Pedro do Butiá,0,Sul
87831,rs,4314001,431400,8783,Paraí,0,Sul
87840,rs,4319711,431971,5997,São Valentim do Sul,0,Sul
87858,rs,4314100,431410,8785,Passo Fundo,0,Sul
87866,rs,4319737,431973,6075,São Valério do Sul,0,Sul
87874,rs,4314209,431420,8787,Pedro Osório,0,Sul
87882,rs,4320354,432035,5781,Sentinela do Sul,0,Sul
87890,rs,4314308,431430,8789,Pejuçara,0,Sul
87904,rs,4320453,432045,6035,Sério,0,Sul
87912,rs,4314407,431440,8791,Pelotas,0,Sul
87920,rs,4320552,432055,5761,Sertão Santana,0,Sul
87939,rs,4314506,431450,8793,Pinheiro Machado,0,Sul
87947,rs,4320677,432067,5767,Sinimbu,0,Sul
87955,rs,4314605,431460,8795,Piratini,0,Sul
87963,rs,4321477,432147,6077,Tiradentes do Sul,0,Sul
87971,rs,4314704,431470,8797,Planalto,0,Sul
87980,rs,4321626,432162,6037,Travesseiro,0,Sul
87998,rs,4314803,431480,8799,Portão,0,Sul
88005,rs,4321832,432183,5777,Três Forquilhas,0,Sul
88013,rs,4314902,431490,8801,Porto Alegre,1,Sul
88021,rs,4322186,432218,5979,Tupanci do Sul,0,Sul
88030,rs,4315008,431500,8803,Porto Lucena,0,Sul
88048,rs,4322350,432235,5999,União da Serra,0,Sul
88056,rs,4315107,431510,8805,Porto Xavier,0,Sul
88064,rs,4322533,432253,5769,Vale do Sol,0,Sul
88072,rs,4315206,431520,8807,Putinga,0,Sul
88080,rs,4322541,432254,6049,Vale Real,0,Sul
88099,rs,4315305,431530,8809,Quaraí,0,Sul
88102,rs,4323457,432345,5795,Vila Nova do Sul,0,Sul
88110,rs,4315404,431540,8811,Redentora,0,Sul
88129,rs,4323754,432375,6053,Vitória das Missões,0,Sul
88137,rs,4315503,431550,8813,Restinga Seca,0,Sul
88145,rs,4323804,432380,5785,Xangri-lá,0,Sul
88153,rs,4315602,431560,8815,Rio Grande,0,Sul
88161,rs,4302253,430225,0960,Boa Vista do Sul,0,Sul
88170,rs,4315701,431570,8817,Rio Pardo,0,Sul
88188,rs,4306379,430637,0974,Dilermando de Aguiar,0,Sul
88196,rs,4315800,431580,8819,Roca Sales,0,Sul
88200,rs,4304671,430467,0962,Capivari do Sul,0,Sul
88218,rs,4315909,431590,8821,Rodeio Bonito,0,Sul
88226,rs,4313011,431301,1004,Nova Candelária,0,Sul
88234,rs,4316006,431600,8823,Rolante,0,Sul
88242,rs,4308250,430825,0986,Floriano Peixoto,0,Sul
88250,rs,4316105,431610,8825,Ronda Alta,0,Sul
88269,rs,4305447,430544,0970,Chuvisca,0,Sul
88277,rs,4316204,431620,8827,Rondinha,0,Sul
88285,rs,4307450,430745,0980,Esperança do Sul,0,Sul
88293,rs,4316303,431630,8829,Roque Gonzales,0,Sul
88307,rs,4306759,430675,0978,Doutor Ricardo,0,Sul
88315,rs,4316402,431640,8831,Rosário do Sul,0,Sul
88323,rs,4309571,430957,0988,Herveiras,0,Sul
88331,rs,4316501,431650,8833,Salvador do Sul,0,Sul
88340,rs,4304713,430471,0964,Caraá,0,Sul
88358,rs,4316600,431660,8835,Sananduva,0,Sul
88366,rs,4308078,430807,0984,Fazenda Vilanova,0,Sul
88374,rs,4316709,431670,8837,Santa Bárbara do Sul,0,Sul
88382,rs,4310538,431053,0990,Itaara,0,Sul
88390,rs,4316808,431680,8839,Santa Cruz do Sul,0,Sul
88404,rs,4307815,430781,0982,Estrela Velha,0,Sul
88412,rs,4316907,431690,8841,Santa Maria,0,Sul
88420,rs,4302055,430205,0958,Benjamin Constant do Sul,0,Sul
88439,rs,4317004,431700,8843,Santana da Boa Vista,0,Sul
88447,rs,4311718,431171,0994,Maçambará,0,Sul
88455,rs,4317103,431710,8845,Sant'Ana do Livramento,0,Sul
88463,rs,4306551,430655,0976,Dom Pedro de Alcântara,0,Sul
88471,rs,4317202,431720,8847,Santa Rosa,0,Sul
88480,rs,4322376,432237,1024,Unistalda,0,Sul
88498,rs,4317301,431730,8849,Santa Vitória do Palmar,0,Sul
88501,rs,4322327,432232,1020,Turuçu,0,Sul
88510,rs,4317400,431740,8851,Santiago,0,Sul
88528,rs,4306072,430607,0972,Cristal do Sul,0,Sul
88536,rs,4317509,431750,8853,Santo Ângelo,0,Sul
88544,rs,4312617,431261,1002,Muitos Capões,0,Sul
88552,rs,4317608,431760,8855,Santo Antônio da Patrulha,0,Sul
88560,rs,4313334,431333,1006,Nova Ramada,0,Sul
88579,rs,4317707,431770,8857,Santo Antônio das Missões,0,Sul
88587,rs,4311130,431113,0992,Jari,0,Sul
88595,rs,4317806,431780,8859,Santo Augusto,0,Sul
88609,rs,4322343,432234,1022,Ubiretama,0,Sul
88617,rs,4317905,431790,8861,Santo Cristo,0,Sul
88625,rs,4301875,430187,0956,Barra do Quaraí,0,Sul
88633,rs,4318002,431800,8863,São Borja,0,Sul
88641,rs,4305124,430512,0966,Cerrito,0,Sul
88650,rs,4318101,431810,8865,São Francisco de Assis,0,Sul
88668,rs,4322525,432252,1026,Vale Verde,0,Sul
88676,rs,4318200,431820,8867,São Francisco de Paula,0,Sul
88684,rs,4313391,431339,1008,Novo Cabrais,0,Sul
88692,rs,4318309,431830,8869,São Gabriel,0,Sul
88706,rs,4320578,432057,1014,Sete de Setembro,0,Sul
88714,rs,4318408,431840,8871,São Jerônimo,0,Sul
88722,rs,4320859,432085,1016,Tabaí,0,Sul
88730,rs,4318507,431850,8873,São José do Norte,0,Sul
88749,rs,4323358,432335,1030,Vila Lângaro,0,Sul
88757,rs,4318606,431860,8875,São José do Ouro,0,Sul
88765,rs,4320321,432032,1012,Senador Salgado Filho,0,Sul
88773,rs,4318705,431870,8877,São Leopoldo,0,Sul
88781,rs,4322855,432285,1028,Vespasiano Correa,0,Sul
88790,rs,4318804,431880,8879,São Lourenço do Sul,0,Sul
88803,rs,4312377,431237,1000,Monte Alegre dos Campos,0,Sul
88811,rs,4318903,431890,8881,São Luiz Gonzaga,0,Sul
88820,rs,4312054,431205,0998,Marques de Souza,0,Sul
88838,rs,4319000,431900,8883,São Marcos,0,Sul
88846,rs,4305439,430543,0968,Chuí,0,Sul
88854,rs,4319109,431910,8885,São Martinho,0,Sul
88862,rs,4300877,430087,0952,Araricá,0,Sul
88870,rs,4319208,431920,8887,São Nicolau,0,Sul
88889,rs,4314068,431406,1010,Passa Sete,0,Sul
88897,rs,4319307,431930,8889,São Paulo das Missões,0,Sul
88900,rs,4321493,432149,1018,Toropi,0,Sul
88919,rs,4319406,431940,8891,São Pedro do Sul,0,Sul
88927,rs,4301636,430163,0954,Balneário Pinhal,0,Sul
88935,rs,4319505,431950,8893,São Sebastião do Caí,0,Sul
88943,rs,4311734,431173,0996,Mampituba,0,Sul
88951,rs,4319604,431960,8895,São Sepé,0,Sul
88978,rs,4319703,431970,8897,São Valentim,0,Sul
88986,rs,4300034,430003,1118,Aceguá,0,Sul
88994,rs,4319901,431990,8899,Sapiranga,0,Sul
89001,rs,4300471,430047,1120,Almirante Tamandaré do Sul,0,Sul
89010,rs,4320008,432000,8901,Sapucaia do Sul,0,Sul
89028,rs,4301073,430107,1122,Arroio do Padre,0,Sul
89036,rs,4320107,432010,8903,Sarandi,0,Sul
89044,rs,4302220,430222,1124,Boa Vista do Cadeado,0,Sul
89052,rs,4320206,432020,8905,Seberi,0,Sul
89060,rs,4302238,430223,1126,Boa Vista do Incra,0,Sul
89079,rs,4320305,432030,8907,Selbach,0,Sul
89087,rs,4302584,430258,1128,Bozano,0,Sul
89095,rs,4320404,432040,8909,Serafina Corrêa,0,Sul
89109,rs,4304614,430461,1130,Canudos do Vale,0,Sul
89117,rs,4320503,432050,8911,Sertão,0,Sul
89125,rs,4304622,430462,1132,Capão Bonito do Sul,0,Sul
89133,rs,4320602,432060,8913,Severiano de Almeida,0,Sul
89141,rs,4304655,430465,1134,Capão do Cipó,0,Sul
89150,rs,4304630,430463,8915,Capão da Canoa,0,Sul
89168,rs,4305835,430583,1136,Coqueiro Baixo,0,Sul
89176,rs,4320701,432070,8917,Sobradinho,0,Sul
89184,rs,4305934,430593,1138,Coronel Pilar,0,Sul
89192,rs,4320800,432080,8919,Soledade,0,Sul
89206,rs,4306130,430613,1140,Cruzaltense,0,Sul
89214,rs,4320909,432090,8921,Tapejara,0,Sul
89222,rs,4308433,430843,1142,Forquetinha,0,Sul
89230,rs,4321006,432100,8923,Tapera,0,Sul
89247,rs,4316733,431673,1166,Santa Cecília do Sul,0,Sul
89249,rs,4310652,431065,1144,Itati,0,Sul
89257,rs,4321105,432110,8925,Tapes,0,Sul
89265,rs,4310876,431087,1146,Jacuizinho,0,Sul
89273,rs,4321204,432120,8927,Taquara,0,Sul
89281,rs,4311239,431123,1148,Lagoa Bonita do Sul,0,Sul
89290,rs,4321303,432130,8929,Taquari,0,Sul
89303,rs,4312179,431217,1150,Mato Queimado,0,Sul
89311,rs,4321402,432140,8931,Tenente Portela,0,Sul
89320,rs,4313466,431346,1152,Novo Xingu,0,Sul
89338,rs,4321501,432150,8933,Torres,0,Sul
89346,rs,4314134,431413,1154,Paulo Bento,0,Sul
89354,rs,4321600,432160,8935,Tramandaí,0,Sul
89362,rs,4314464,431446,1158,Pinhal da Serra,0,Sul
89370,rs,4321709,432170,8937,Três Coroas,0,Sul
89389,rs,4315313,431531,1162,Quatro Irmãos,0,Sul
89397,rs,4321808,432180,8939,Três de Maio,0,Sul
89400,rs,4315958,431595,1164,Rolador,0,Sul
89419,rs,4321907,432190,8941,Três Passos,0,Sul
89435,rs,4322004,432200,8943,Triunfo,0,Sul
89443,rs,4316972,431697,1168,Santa Margarida do Sul,0,Sul
89451,rs,4322103,432210,8945,Tucunduva,0,Sul
89460,rs,4318614,431861,1170,São José do Sul,0,Sul
89478,rs,4322202,432220,8947,Tupanciretã,0,Sul
89486,rs,4319364,431936,1172,São Pedro das Missões,0,Sul
89494,rs,4322301,432230,8949,Tuparendi,0,Sul
89508,rs,4321469,432146,1174,Tio Hugo,0,Sul
89516,rs,4322400,432240,8951,Uruguaiana,0,Sul
89524,rs,4323770,432377,1176,Westfalia,0,Sul
89532,rs,4322509,432250,8953,Vacaria,0,Sul
89540,rs,4314548,431454,1160,Pinto Bandeira,0,Sul
89559,rs,4322608,432260,8955,Venâncio Aires,0,Sul
89567,rs,4314175,431417,1156,Pedras Altas,0,Sul
89575,rs,4322707,432270,8957,Vera Cruz,0,Sul
89591,rs,4322806,432280,8959,Veranópolis,0,Sul
89613,rs,4322905,432290,8961,Viadutos,0,Sul
89630,rs,4323002,432300,8963,Viamão,0,Sul
89656,rs,4323101,432310,8965,Vicente Dutra,0,Sul
89672,rs,4313656,431365,8967,Palmares do Sul,0,Sul
89699,rs,4323200,432320,8969,Victor Graeff,0,Sul
89710,rs,4321352,432135,8971,Tavares,0,Sul
89737,rs,4304663,430466,8973,Capão do Leão,0,Sul
89753,rs,4316451,431645,8975,Salto do Jacuí,0,Sul
89770,rs,4305959,430595,8977,Cotiporã,0,Sul
98213,rs,4321451,432145,9821,Teutônia,0,Sul
98230,rs,4302352,430235,9823,Bom Princípio,0,Sul
98256,rs,4314050,431405,9825,Parobé,0,Sul
98272,rs,4308458,430845,9827,Fortaleza dos Valos,0,Sul
98299,rs,4311155,431115,9829,Jóia,0,Sul
80004,sc,4211058,421105,5561,Monte Carlo,0,Sul
80012,sc,4200101,420010,8001,Abelardo Luz,0,Sul
80020,sc,4207650,420765,9951,Iporã do Oeste,0,Sul
80039,sc,4200200,420020,8003,Agrolândia,0,Sul
80047,sc,4209854,420985,9961,Lindóia do Sul,0,Sul
80055,sc,4200309,420030,8005,Agronômica,0,Sul
80063,sc,4201257,420125,9941,Apiúna,0,Sul
80071,sc,4200408,420040,8007,Água Doce,0,Sul
80080,sc,4205159,420515,9945,Doutor Pedrinho,0,Sul
80098,sc,4200507,420050,8009,Águas de Chapecó,0,Sul
80101,sc,4209151,420915,9957,José Boiteux,0,Sul
80110,sc,4200606,420060,8011,Águas Mornas,0,Sul
80128,sc,4219358,421935,9977,Vitor Meireles,0,Sul
80136,sc,4200705,420070,8013,Alfredo Wagner,0,Sul
80144,sc,4218855,421885,9973,União do Oeste,0,Sul
80152,sc,4200804,420080,8015,Anchieta,0,Sul
80160,sc,4218954,421895,9975,Urupema,0,Sul
80179,sc,4200903,420090,8017,Angelina,0,Sul
80187,sc,4207759,420775,9953,Iraceminha,0,Sul
80195,sc,4201000,420100,8019,Anita Garibaldi,0,Sul
80209,sc,4218251,421825,9971,Timbó Grande,0,Sul
80217,sc,4201109,420110,8021,Anitápolis,0,Sul
80225,sc,4200051,420005,9939,Abdon Batista,0,Sul
80233,sc,4201208,420120,8023,Antônio Carlos,0,Sul
80241,sc,4215653,421565,9967,Santa Rosa do Sul,0,Sul
80250,sc,4201307,420130,8025,Araquari,0,Sul
80268,sc,4204152,420415,9943,Celso Ramos,0,Sul
80276,sc,4201406,420140,8027,Araranguá,0,Sul
80284,sc,4217550,421755,9989,Serra Alta,0,Sul
80292,sc,4201505,420150,8029,Armazém,0,Sul
80306,sc,4204251,420425,5543,Cocal do Sul,0,Sul
80314,sc,4201604,420160,8031,Arroio Trinta,0,Sul
80322,sc,4211454,421145,5589,Nova Itaberaba,0,Sul
80330,sc,4201703,420170,8033,Ascurra,0,Sul
80349,sc,4215679,421567,5555,Santa Terezinha,0,Sul
80357,sc,4201802,420180,8035,Atalanta,0,Sul
80365,sc,4210852,421085,5559,Mirim Doce,0,Sul
80373,sc,4201901,420190,8037,Aurora,0,Sul
80381,sc,4204178,420417,5567,Cerro Negro,0,Sul
80390,sc,4202008,420200,8039,Balneário Camboriú,0,Sul
80403,sc,4212254,421225,5541,Passo de Torres,0,Sul
80411,sc,4202107,420210,8041,Barra Velha,0,Sul
80420,sc,4202859,420285,5557,Braço do Trombudo,0,Sul
80438,sc,4202206,420220,8043,Benedito Novo,0,Sul
80446,sc,4217758,421775,5595,Sul Brasil,0,Sul
80454,sc,4202305,420230,8045,Biguaçu,0,Sul
80462,sc,4219150,421915,5563,Vargem,0,Sul
80470,sc,4202404,420240,8047,Blumenau,0,Sul
80489,sc,4201273,420127,5597,Arabutã,0,Sul
80497,sc,4202602,420260,8049,Bom Retiro,0,Sul
80500,sc,4200556,420055,5577,Águas Frias,0,Sul
80519,sc,4202701,420270,8051,Botuverá,0,Sul
80527,sc,4206652,420665,5583,Guatambú,0,Sul
80535,sc,4202800,420280,8053,Braço do Norte,0,Sul
80543,sc,4213153,421315,5593,Planalto Alegre,0,Sul
80551,sc,4202909,420290,8055,Brusque,0,Sul
80560,sc,4215075,421507,5749,Riqueza,0,Sul
80578,sc,4203006,420300,8057,Caçador,0,Sul
80586,sc,4209458,420945,5739,Lajeado Grande,0,Sul
80594,sc,4203105,420310,8059,Caibi,0,Sul
80608,sc,4215059,421505,5571,Rio Rufino,0,Sul
80616,sc,4203204,420320,8061,Camboriú,0,Sul
80624,sc,4212270,421227,5743,Passos Maia,0,Sul
80632,sc,4203303,420330,8063,Campo Alegre,0,Sul
80640,sc,4216255,421625,5753,São João do Oeste,0,Sul
80659,sc,4203402,420340,8065,Campo Belo do Sul,0,Sul
80667,sc,4203154,420315,5553,Calmon,0,Sul
80675,sc,4203501,420350,8067,Campo Erê,0,Sul
80683,sc,4202057,420205,5549,Balneário Barra do Sul,0,Sul
80691,sc,4203600,420360,8069,Campos Novos,0,Sul
80705,sc,4212239,421223,5747,Paraíso,0,Sul
80713,sc,4203709,420370,8071,Canelinha,0,Sul
80721,sc,4215554,421555,5751,Santa Helena,0,Sul
80730,sc,4203808,420380,8073,Canoinhas,0,Sul
80748,sc,4202156,420215,5745,Belmonte,0,Sul
80756,sc,4203907,420390,8075,Capinzal,0,Sul
80764,sc,4211652,421165,5591,Novo Horizonte,0,Sul
80772,sc,4204004,420400,8077,Catanduvas,0,Sul
80780,sc,4217154,421715,5755,São Miguel da Boa Vista,0,Sul
80799,sc,4204103,420410,8079,Caxambu do Sul,0,Sul
80802,sc,4201653,420165,5599,Arvoredo,0,Sul
80810,sc,4204202,420420,8081,Chapecó,0,Sul
80829,sc,4207684,420768,5737,Ipuaçu,0,Sul
80837,sc,4204301,420430,8083,Concórdia,0,Sul
80845,sc,4211850,421185,5741,Ouro Verde,0,Sul
80853,sc,4204400,420440,8085,Coronel Freitas,0,Sul
80861,sc,4207858,420785,5585,Irati,0,Sul
80870,sc,4204509,420450,8087,Corupá,0,Sul
80888,sc,4205431,420543,5581,Formosa do Sul,0,Sul
80896,sc,4204608,420460,8089,Criciúma,0,Sul
80900,sc,4210050,421005,5575,Macieira,0,Sul
80918,sc,4204707,420470,8091,Cunha Porã,0,Sul
80926,sc,4213351,421335,5569,Ponte Alta do Norte,0,Sul
80934,sc,4204806,420480,8093,Curitibanos,0,Sul
80942,sc,4216057,421605,5573,São Cristovão do Sul,0,Sul
80950,sc,4204905,420490,8095,Descanso,0,Sul
80969,sc,4219176,421917,5565,Vargem Bonita,0,Sul
80977,sc,4205001,420500,8097,Dionísio Cerqueira,0,Sul
80985,sc,4202453,420245,5537,Bombinhas,0,Sul
80993,sc,4205100,420510,8099,Dona Emma,0,Sul
81000,sc,4215455,421545,5547,Sangão,0,Sul
81019,sc,4205209,420520,8101,Erval Velho,0,Sul
81027,sc,4203956,420395,5545,Capivari de Baixo,0,Sul
81035,sc,4205308,420530,8103,Faxinal dos Guedes,0,Sul
81043,sc,4204350,420435,5579,Cordilheira Alta,0,Sul
81051,sc,4205407,420540,8105,Florianópolis,1,Sul
81060,sc,4205456,420545,0973,Forquilhinha,0,Sul
81078,sc,4205506,420550,8107,Fraiburgo,0,Sul
81086,sc,4211256,421125,5539,Morro Grande,0,Sul
81094,sc,4205605,420560,8109,Galvão,0,Sul
81108,sc,4204459,420445,5735,Coronel Martins,0,Sul
81116,sc,4206009,420600,8111,Governador Celso Ramos,0,Sul
81124,sc,4216354,421635,5551,São João do Itaperiú,0,Sul
81132,sc,4205704,420570,8113,Garopaba,0,Sul
81140,sc,4208955,420895,5587,Jardinópolis,0,Sul
81159,sc,4205803,420580,8115,Garuva,0,Sul
81167,sc,4205191,420519,0914,Ermo,0,Sul
81175,sc,4205902,420590,8117,Gaspar,0,Sul
81183,sc,4217253,421725,0944,São Pedro de Alcântara,0,Sul
81191,sc,4206108,420610,8119,Grão Pará,0,Sul
81205,sc,4215695,421569,0940,Santiago do Sul,0,Sul
81213,sc,4206207,420620,8121,Gravatal,0,Sul
81221,sc,4202131,420213,0896,Bela Vista do Toldo,0,Sul
81230,sc,4206306,420630,8123,Guabiruba,0,Sul
81248,sc,4203253,420325,0906,Capão Alto,0,Sul
81256,sc,4206405,420640,8125,Guaraciaba,0,Sul
81264,sc,4211892,421189,0930,Painel,0,Sul
81272,sc,4206504,420650,8127,Guaramirim,0,Sul
81280,sc,4202438,420243,0898,Bocaina do Sul,0,Sul
81299,sc,4206603,420660,8129,Guarujá do Sul,0,Sul
81302,sc,4200754,420075,0886,Alto Bela Vista,0,Sul
81310,sc,4206702,420670,8131,Herval d'Oeste,0,Sul
81329,sc,4205555,420555,0918,Frei Rogério,0,Sul
81337,sc,4206801,420680,8133,Ibicaré,0,Sul
81345,sc,4218350,421835,0948,Treviso,0,Sul
81353,sc,4206900,420690,8135,Ibirama,0,Sul
81361,sc,4207577,420757,0922,Iomerê,0,Sul
81370,sc,4207007,420700,8137,Içara,0,Sul
81388,sc,4202537,420253,0900,Bom Jesus,0,Sul
81396,sc,4207106,420710,8139,Ilhota,0,Sul
81400,sc,4206751,420675,0920,Ibiam,0,Sul
81418,sc,4207205,420720,8141,Imaruí,0,Sul
81426,sc,4205175,420517,0912,Entre Rios,0,Sul
81434,sc,4207304,420730,8143,Imbituba,0,Sul
81442,sc,4211876,421187,0928,Paial,0,Sul
81450,sc,4207403,420740,8145,Imbuia,0,Sul
81469,sc,4202578,420257,0902,Bom Jesus do Oeste,0,Sul
81477,sc,4207502,420750,8147,Indaial,0,Sul
81485,sc,4215752,421575,0942,São Bernardino,0,Sul
81493,sc,4207601,420760,8149,Ipira,0,Sul
81507,sc,4215687,421568,0938,Santa Terezinha do Progresso,0,Sul
81515,sc,4207700,420770,8151,Ipumirim,0,Sul
81523,sc,4215356,421535,0936,Saltinho,0,Sul
81531,sc,4207809,420780,8153,Irani,0,Sul
81540,sc,4209177,420917,0924,Jupiá,0,Sul
81558,sc,4207908,420790,8155,Irineópolis,0,Sul
81566,sc,4212056,421205,0932,Palmeira,0,Sul
81574,sc,4208005,420800,8157,Itá,0,Sul
81582,sc,4202081,420208,0892,Bandeirante,0,Sul
81590,sc,4208104,420810,8159,Itaiópolis,0,Sul
81604,sc,4205357,420535,0916,Flor do Sertão,0,Sul
81612,sc,4208203,420820,8161,Itajaí,0,Sul
81620,sc,4204756,420475,0910,Cunhataí,0,Sul
81639,sc,4208302,420830,8163,Itapema,0,Sul
81647,sc,4214151,421415,0934,Princesa,0,Sul
81655,sc,4208401,420840,8165,Itapiranga,0,Sul
81663,sc,4208450,420845,9985,Itapoá,0,Sul
81671,sc,4208500,420850,8167,Ituporanga,0,Sul
81680,sc,4217956,421795,0946,Tigrinhos,0,Sul
81698,sc,4208609,420860,8169,Jaborá,0,Sul
81701,sc,4204194,420419,0908,Chapadão do Lageado,0,Sul
81710,sc,4208708,420870,8171,Jacinto Machado,0,Sul
81728,sc,4201950,420195,0888,Balneário Arroio do Silva,0,Sul
81736,sc,4208807,420880,8173,Jaguaruna,0,Sul
81744,sc,4202073,420207,0890,Balneário Gaivota,0,Sul
81752,sc,4208906,420890,8175,Jaraguá do Sul,0,Sul
81760,sc,4202099,420209,0894,Barra Bonita,0,Sul
81779,sc,4209003,420900,8177,Joaçaba,0,Sul
81787,sc,4202875,420287,0904,Brunópolis,0,Sul
81795,sc,4209102,420910,8179,Joinville,0,Sul
81809,sc,4210035,421003,0926,Luzerna,0,Sul
81817,sc,4209201,420920,8181,Lacerdópolis,0,Sul
81825,sc,4219853,421985,0950,Zortéa,0,Sul
81833,sc,4209300,420930,8183,Lages,0,Sul
81850,sc,4209409,420940,8185,Laguna,0,Sul
81876,sc,4209508,420950,8187,Laurentino,0,Sul
81892,sc,4209607,420960,8189,Lauro Muller,0,Sul
81914,sc,4209706,420970,8191,Lebon Régis,0,Sul
81930,sc,4209805,420980,8193,Leoberto Leal,0,Sul
81957,sc,4209904,420990,8195,Lontras,0,Sul
81973,sc,4210001,421000,8197,Luiz Alves,0,Sul
81990,sc,4210100,421010,8199,Mafra,0,Sul
82015,sc,4210209,421020,8201,Major Gercino,0,Sul
82031,sc,4210308,421030,8203,Major Vieira,0,Sul
82058,sc,4210506,421050,8205,Maravilha,0,Sul
82066,sc,4210555,421055,9963,Marema,0,Sul
82074,sc,4210605,421060,8207,Massaranduba,0,Sul
82090,sc,4210704,421070,8209,Matos Costa,0,Sul
82112,sc,4210803,421080,8211,Meleiro,0,Sul
82139,sc,4210902,421090,8213,Modelo,0,Sul
82155,sc,4211009,421100,8215,Mondaí,0,Sul
82171,sc,4211108,421110,8217,Monte Castelo,0,Sul
82198,sc,4211207,421120,8219,Morro da Fumaça,0,Sul
82210,sc,4211306,421130,8221,Navegantes,0,Sul
82236,sc,4211405,421140,8223,Nova Erechim,0,Sul
82252,sc,4211504,421150,8225,Nova Trento,0,Sul
82279,sc,4211603,421160,8227,Nova Veneza,0,Sul
82295,sc,4211702,421170,8229,Orleans,0,Sul
82317,sc,4211801,421180,8231,Ouro,0,Sul
82333,sc,4211900,421190,8233,Palhoça,0,Sul
82350,sc,4212007,421200,8235,Palma Sola,0,Sul
82376,sc,4212106,421210,8237,Palmitos,0,Sul
82392,sc,4212205,421220,8239,Papanduva,0,Sul
82414,sc,4212304,421230,8241,Paulo Lopes,0,Sul
82430,sc,4212403,421240,8243,Pedras Grandes,0,Sul
82457,sc,4212502,421250,8245,Penha,0,Sul
82473,sc,4212601,421260,8247,Peritiba,0,Sul
82490,sc,4212700,421270,8249,Petrolândia,0,Sul
82511,sc,4212809,421280,8251,Balneário Piçarras,0,Sul
82538,sc,4212908,421290,8253,Pinhalzinho,0,Sul
82554,sc,4213005,421300,8255,Pinheiro Preto,0,Sul
82570,sc,4213104,421310,8257,Piratuba,0,Sul
82597,sc,4213203,421320,8259,Pomerode,0,Sul
82619,sc,4213302,421330,8261,Ponte Alta,0,Sul
82635,sc,4213401,421340,8263,Ponte Serrada,0,Sul
82651,sc,4213500,421350,8265,Porto Belo,0,Sul
82678,sc,4213609,421360,8267,Porto União,0,Sul
82694,sc,4213708,421370,8269,Pouso Redondo,0,Sul
82716,sc,4213807,421380,8271,Praia Grande,0,Sul
82732,sc,4213906,421390,8273,Presidente Castello Branco,0,Sul
82759,sc,4214003,421400,8275,Presidente Getúlio,0,Sul
82775,sc,4214102,421410,8277,Presidente Nereu,0,Sul
82791,sc,4214201,421420,8279,Quilombo,0,Sul
82813,sc,4214300,421430,8281,Rancho Queimado,0,Sul
82830,sc,4214409,421440,8283,Rio das Antas,0,Sul
82856,sc,4214508,421450,8285,Rio do Campo,0,Sul
82872,sc,4214607,421460,8287,Rio do Oeste,0,Sul
82899,sc,4214706,421470,8289,Rio dos Cedros,0,Sul
82910,sc,4214805,421480,8291,Rio do Sul,0,Sul
82937,sc,4214904,421490,8293,Rio Fortuna,0,Sul
82953,sc,4215000,421500,8295,Rio Negrinho,0,Sul
82970,sc,4215109,421510,8297,Rodeio,0,Sul
82996,sc,4215208,421520,8299,Romelândia,0,Sul
83011,sc,4215307,421530,8301,Salete,0,Sul
83038,sc,4215406,421540,8303,Salto Veloso,0,Sul
83054,sc,4215505,421550,8305,Santa Cecília,0,Sul
83070,sc,4215604,421560,8307,Santa Rosa de Lima,0,Sul
83097,sc,4215703,421570,8309,Santo Amaro da Imperatriz,0,Sul
83119,sc,4215802,421580,8311,São Bento do Sul,0,Sul
83135,sc,4215901,421590,8313,São Bonifácio,0,Sul
83151,sc,4216008,421600,8315,São Carlos,0,Sul
83178,sc,4216107,421610,8317,São Domingos,0,Sul
83194,sc,4216206,421620,8319,São Francisco do Sul,0,Sul
83216,sc,4216305,421630,8321,São João Batista,0,Sul
83232,sc,4216404,421640,8323,São João do Sul,0,Sul
83259,sc,4216503,421650,8325,São Joaquim,0,Sul
83275,sc,4216602,421660,8327,São José,0,Sul
83291,sc,4216701,421670,8329,São José do Cedro,0,Sul
83313,sc,4216800,421680,8331,São José do Cerrito,0,Sul
83330,sc,4216909,421690,8333,São Lourenço do Oeste,0,Sul
83356,sc,4217006,421700,8335,São Ludgero,0,Sul
83372,sc,4217105,421710,8337,São Martinho,0,Sul
83399,sc,4217204,421720,8339,São Miguel do Oeste,0,Sul
83410,sc,4217303,421730,8341,Saudades,0,Sul
83437,sc,4217402,421740,8343,Schroeder,0,Sul
83453,sc,4217501,421750,8345,Seara,0,Sul
83470,sc,4217600,421760,8347,Siderópolis,0,Sul
83496,sc,4217709,421770,8349,Sombrio,0,Sul
83518,sc,4217808,421780,8351,Taió,0,Sul
83534,sc,4217907,421790,8353,Tangará,0,Sul
83550,sc,4218004,421800,8355,Tijucas,0,Sul
83577,sc,4218202,421820,8357,Timbó,0,Sul
83593,sc,4218301,421830,8359,Três Barras,0,Sul
83615,sc,4218400,421840,8361,Treze de Maio,0,Sul
83631,sc,4218509,421850,8363,Treze Tílias,0,Sul
83658,sc,4218608,421860,8365,Trombudo Central,0,Sul
83674,sc,4218707,421870,8367,Tubarão,0,Sul
83682,sc,4218756,421875,9991,Tunápolis,0,Sul
83690,sc,4218806,421880,8369,Turvo,0,Sul
83712,sc,4218905,421890,8371,Urubici,0,Sul
83739,sc,4219002,421900,8373,Urussanga,0,Sul
83755,sc,4219101,421910,8375,Vargeão,0,Sul
83771,sc,4219200,421920,8377,Vidal Ramos,0,Sul
83798,sc,4219309,421930,8379,Videira,0,Sul
83810,sc,4219408,421940,8381,Witmarsum,0,Sul
83836,sc,4219507,421950,8383,Xanxerê,0,Sul
83852,sc,4219606,421960,8385,Xavantina,0,Sul
83879,sc,4219705,421970,8387,Xaxim,0,Sul
83895,sc,4202503,420250,8389,Bom Jardim da Serra,0,Sul
83909,sc,4220000,422000,1192,Balneário Rincão,0,Sul
83917,sc,4210407,421040,8391,Maracajá,0,Sul
83925,sc,4212650,421265,1194,Pescaria Brava,0,Sul
83933,sc,4218103,421810,8393,Timbé do Sul,0,Sul
83950,sc,4204558,420455,8395,Correia Pinto,0,Sul
83976,sc,4211751,421175,8397,Otacílio Costa,0,Sul
31003,se,2806404,280640,2647,Santana do São Francisco,0,Nordeste
31011,se,2800100,280010,3101,Amparo de São Francisco,0,Nordeste
31038,se,2800209,280020,3103,Aquidabã,0,Nordeste
31054,se,2800308,280030,3105,Aracaju,1,Nordeste
31070,se,2800407,280040,3107,Arauá,0,Nordeste
31097,se,2800506,280050,3109,Areia Branca,0,Nordeste
31119,se,2800605,280060,3111,Barra dos Coqueiros,0,Nordeste
31135,se,2800704,280070,3113,Brejo Grande,0,Nordeste
31151,se,2800670,280067,3115,Boquim,0,Nordeste
31194,se,2801009,280100,3119,Campo do Brito,0,Nordeste
31216,se,2801108,280110,3121,Canhoba,0,Nordeste
31232,se,2801207,280120,3123,Canindé de São Francisco,0,Nordeste
31259,se,2801306,280130,3125,Capela,0,Nordeste
31275,se,2801405,280140,3127,Carira,0,Nordeste
31291,se,2801504,280150,3129,Carmópolis,0,Nordeste
31313,se,2801603,280160,3131,Cedro de São João,0,Nordeste
31330,se,2801702,280170,3133,Cristinápolis,0,Nordeste
31356,se,2804458,280445,3135,Nossa Senhora Aparecida,0,Nordeste
31372,se,2801900,280190,3137,Cumbe,0,Nordeste
31399,se,2802007,280200,3139,Divina Pastora,0,Nordeste
31410,se,2802106,280210,3141,Estância,0,Nordeste
31437,se,2802205,280220,3143,Feira Nova,0,Nordeste
31453,se,2802304,280230,3145,Frei Paulo,0,Nordeste
31470,se,2802502,280250,3147,General Maynard,0,Nordeste
31496,se,2802403,280240,3149,Gararu,0,Nordeste
31518,se,2802601,280260,3151,Gracho Cardoso,0,Nordeste
31534,se,2802700,280270,3153,Ilha das Flores,0,Nordeste
31550,se,2802809,280280,3155,Indiaroba,0,Nordeste
31577,se,2802908,280290,3157,Itabaiana,0,Nordeste
31593,se,2803005,280300,3159,Itabaianinha,0,Nordeste
31615,se,2803104,280310,3161,Itabi,0,Nordeste
31631,se,2803203,280320,3163,Itaporanga d'Ajuda,0,Nordeste
31658,se,2803302,280330,3165,Japaratuba,0,Nordeste
31674,se,2803401,280340,3167,Japoatã,0,Nordeste
31690,se,2803500,280350,3169,Lagarto,0,Nordeste
31712,se,2803609,280360,3171,Laranjeiras,0,Nordeste
31739,se,2803708,280370,3173,Macambira,0,Nordeste
31755,se,2803807,280380,3175,Malhada dos Bois,0,Nordeste
31771,se,2803906,280390,3177,Malhador,0,Nordeste
31798,se,2804003,280400,3179,Maruim,0,Nordeste
31810,se,2804102,280410,3181,Moita Bonita,0,Nordeste
31836,se,2804201,280420,3183,Monte Alegre de Sergipe,0,Nordeste
31852,se,2804300,280430,3185,Muribeca,0,Nordeste
31879,se,2804409,280440,3187,Neópolis,0,Nordeste
31895,se,2804508,280450,3189,Nossa Senhora da Glória,0,Nordeste
31917,se,2804607,280460,3191,Nossa Senhora das Dores,0,Nordeste
31933,se,2804706,280470,3193,Nossa Senhora de Lourdes,0,Nordeste
31950,se,2804805,280480,3195,Nossa Senhora do Socorro,0,Nordeste
31976,se,2804904,280490,3197,Pacatuba,0,Nordeste
31992,se,2805000,280500,3199,Pedra Mole,0,Nordeste
32018,se,2805109,280510,3201,Pedrinhas,0,Nordeste
32034,se,2805208,280520,3203,Pinhão,0,Nordeste
32050,se,2805307,280530,3205,Pirambu,0,Nordeste
32077,se,2805406,280540,3207,Poço Redondo,0,Nordeste
32093,se,2805505,280550,3209,Poço Verde,0,Nordeste
32115,se,2805604,280560,3211,Porto da Folha,0,Nordeste
32131,se,2805703,280570,3213,Propriá,0,Nordeste
32158,se,2805802,280580,3215,Riachão do Dantas,0,Nordeste
32174,se,2805901,280590,3217,Riachuelo,0,Nordeste
32190,se,2806008,280600,3219,Ribeirópolis,0,Nordeste
32212,se,2806107,280610,3221,Rosário do Catete,0,Nordeste
32239,se,2806206,280620,3223,Salgado,0,Nordeste
32255,se,2806305,280630,3225,Santa Luzia do Itanhy,0,Nordeste
32298,se,2806503,280650,3229,Santa Rosa de Lima,0,Nordeste
32310,se,2806602,280660,3231,Santo Amaro das Brotas,0,Nordeste
32336,se,2806701,280670,3233,São Cristóvão,0,Nordeste
32352,se,2806800,280680,3235,São Domingos,0,Nordeste
32379,se,2806909,280690,3237,São Francisco,0,Nordeste
32395,se,2807006,280700,3239,São Miguel do Aleixo,0,Nordeste
32417,se,2807105,280710,3241,Simão Dias,0,Nordeste
32433,se,2807204,280720,3243,Siriri,0,Nordeste
32450,se,2807303,280730,3245,Telha,0,Nordeste
32476,se,2807402,280740,3247,Tobias Barreto,0,Nordeste
32492,se,2807501,280750,3249,Tomar do Geru,0,Nordeste
32514,se,2807600,280760,3251,Umbaúba,0,Nordeste
61000,sp,3515350,351535,7255,Euclides da Cunha Paulista,0,Sudeste
61018,sp,3500105,350010,6101,Adamantina,0,Sudeste
61026,sp,3507456,350745,7247,Borebi,0,Sudeste
61034,sp,3500204,350020,6103,Adolfo,0,Sudeste
61042,sp,3553955,355395,7267,Tarumã,0,Sudeste
61050,sp,3500303,350030,6105,Aguaí,0,Sudeste
61069,sp,3532058,353205,7263,Motuca,0,Sudeste
61077,sp,3500402,350040,6107,Águas da Prata,0,Sudeste
61085,sp,3519253,351925,7259,Iaras,0,Sudeste
61093,sp,3500501,350050,6109,Águas de Lindóia,0,Sudeste
61107,sp,3518859,351885,7257,Guatapará,0,Sudeste
61115,sp,3500600,350060,6111,Águas de São Pedro,0,Sudeste
61123,sp,3513850,351385,7249,Dirce Reis,0,Sudeste
61131,sp,3500709,350070,6113,Agudos,0,Sudeste
61140,sp,3515194,351519,7253,Espírito Santo do Turvo,0,Sudeste
61158,sp,3500808,350080,6115,Alfredo Marcondes,0,Sudeste
61166,sp,3544251,354425,7265,Rosana,0,Sudeste
61174,sp,3500907,350090,6117,Altair,0,Sudeste
61182,sp,3514957,351495,7251,Embaúba,0,Sudeste
61190,sp,3501004,350100,6119,Altinópolis,0,Sudeste
61204,sp,3520442,352044,2943,Ilha Solteira,0,Sudeste
61212,sp,3501103,350110,6121,Alto Alegre,0,Sudeste
61220,sp,3501152,350115,3065,Alumínio,0,Sudeste
61239,sp,3501202,350120,6123,Álvares Florence,0,Sudeste
61247,sp,3537156,353715,2963,Pedrinhas Paulista,0,Sudeste
61255,sp,3501301,350130,6125,Álvares Machado,0,Sudeste
61263,sp,3502754,350275,3067,Araçariguama,0,Sudeste
61271,sp,3501400,350140,6127,Álvaro de Carvalho,0,Sudeste
61280,sp,3506359,350635,2965,Bertioga,0,Sudeste
61298,sp,3501509,350150,6129,Alvinlândia,0,Sudeste
61301,sp,3552551,355255,2945,Suzanápolis,0,Sudeste
61310,sp,3501608,350160,6131,Americana,0,Sudeste
61328,sp,3548054,354805,2939,Santo Antônio do Aracanguá,0,Sudeste
61336,sp,3501707,350170,6133,Américo Brasiliense,0,Sudeste
61344,sp,3510153,351015,2947,Canitar,0,Sudeste
61352,sp,3501806,350180,6135,Américo de Campos,0,Sudeste
61360,sp,3505351,350535,2997,Barra do Chapéu,0,Sudeste
61379,sp,3501905,350190,6137,Amparo,0,Sudeste
61387,sp,3515129,351512,2961,Emilianópolis,0,Sudeste
61395,sp,3502002,350200,6139,Analândia,0,Sudeste
61409,sp,3533254,353325,2979,Novais,0,Sudeste
61417,sp,3502101,350210,6141,Andradina,0,Sudeste
61425,sp,3532843,353284,2985,Nova Canaã Paulista,0,Sudeste
61433,sp,3502200,350220,6143,Angatuba,0,Sudeste
61441,sp,3545159,354515,5445,Saltinho,0,Sudeste
61450,sp,3502309,350230,6145,Anhembi,0,Sudeste
61468,sp,3555356,355535,2971,Ubarana,0,Sudeste
61476,sp,3502408,350240,6147,Anhumas,0,Sudeste
61484,sp,3509254,350925,2967,Cajati,0,Sudeste
61492,sp,3502507,350250,6149,Aparecida,0,Sudeste
61506,sp,3509452,350945,2999,Campina do Monte Alegre,0,Sudeste
61514,sp,3502606,350260,6151,Aparecida d'Oeste,0,Sudeste
61522,sp,3503950,350395,2981,Aspásia,0,Sudeste
61530,sp,3502705,350270,6153,Apiaí,0,Sudeste
61549,sp,3556354,355635,2957,Vargem,0,Sudeste
61557,sp,3502804,350280,6155,Araçatuba,0,Sudeste
61565,sp,3540754,354075,2993,Potim,0,Sudeste
61573,sp,3502903,350290,6157,Araçoiaba da Serra,0,Sudeste
61581,sp,3500758,350075,2995,Alambari,0,Sudeste
61590,sp,3503000,350300,6159,Aramina,0,Sudeste
61603,sp,3522158,352215,3053,Itaóca,0,Sudeste
61611,sp,3503109,350310,6161,Arandu,0,Sudeste
61620,sp,3554953,355495,2955,Tuiuti,0,Sudeste
61638,sp,3503208,350320,6163,Araraquara,0,Sudeste
61646,sp,3503158,350315,2991,Arapeí,0,Sudeste
61654,sp,3503307,350330,6165,Araras,0,Sudeste
61662,sp,3557303,355730,2959,Estiva Gerbi,0,Sudeste
61670,sp,3503406,350340,6167,Arealva,0,Sudeste
61689,sp,3515152,351515,2949,Engenheiro Coelho,0,Sudeste
61697,sp,3503505,350350,6169,Areias,0,Sudeste
61700,sp,3543253,354325,3057,Ribeirão Grande,0,Sudeste
61719,sp,3503604,350360,6171,Areiópolis,0,Sudeste
61727,sp,3519071,351907,2951,Hortolândia,0,Sudeste
61735,sp,3503703,350370,6173,Ariranha,0,Sudeste
61743,sp,3519055,351905,2953,Holambra,0,Sudeste
61751,sp,3503802,350380,6175,Artur Nogueira,0,Sudeste
61760,sp,3514924,351492,2975,Elisiário,0,Sudeste
61778,sp,3503901,350390,6177,Arujá,0,Sudeste
61786,sp,3507159,350715,3059,Bom Sucesso de Itararé,0,Sudeste
61794,sp,3504008,350400,6179,Assis,0,Sudeste
61808,sp,3540259,354025,2987,Pontalinda,0,Sudeste
61816,sp,3504107,350410,6181,Atibaia,0,Sudeste
61824,sp,3536257,353625,2989,Parisi,0,Sudeste
61832,sp,3504206,350420,6183,Auriflama,0,Sudeste
61840,sp,3553856,355385,3063,Taquarivaí,0,Sudeste
61859,sp,3504305,350430,6185,Avaí,0,Sudeste
61867,sp,3528858,352885,2977,Marapoama,0,Sudeste
61875,sp,3504404,350440,6187,Avanhandava,0,Sudeste
61883,sp,3549250,354925,2941,São João de Iracema,0,Sudeste
61891,sp,3504503,350450,6189,Avaré,0,Sudeste
61905,sp,3549953,354995,5447,São Lourenço da Serra,0,Sudeste
61913,sp,3504602,350460,6191,Bady Bassitt,0,Sudeste
61921,sp,3557154,355715,2973,Zacarias,0,Sudeste
61930,sp,3504701,350470,6193,Balbinos,0,Sudeste
61948,sp,3522653,352265,3055,Itapirapuã Paulista,0,Sudeste
61956,sp,3504800,350480,6195,Bálsamo,0,Sudeste
61964,sp,3529658,352965,2983,Mesópolis,0,Sudeste
61972,sp,3504909,350490,6197,Bananal,0,Sudeste
61980,sp,3532827,353282,3061,Nova Campina,0,Sudeste
61999,sp,3505104,350510,6199,Barbosa,0,Sudeste
62006,sp,3520426,352042,2969,Ilha Comprida,0,Sudeste
62014,sp,3505005,350500,6201,Barão de Antonina,0,Sudeste
62022,sp,3527256,352725,2937,Lourdes,0,Sudeste
62030,sp,3505203,350520,6203,Bariri,0,Sudeste
62049,sp,3554656,355465,3227,Torre de Pedra,0,Sudeste
62057,sp,3505302,350530,6205,Barra Bonita,0,Sudeste
62065,sp,3503356,350335,0790,Arco-Íris,0,Sudeste
62073,sp,3505401,350540,6207,Barra do Turvo,0,Sudeste
62081,sp,3507753,350775,0792,Brejo Alegre,0,Sudeste
62090,sp,3505500,350550,6209,Barretos,0,Sudeste
62103,sp,3509957,350995,0794,Canas,0,Sudeste
62111,sp,3505609,350560,6211,Barrinha,0,Sudeste
62120,sp,3540853,354085,0812,Pracinha,0,Sudeste
62138,sp,3505708,350570,6213,Barueri,0,Sudeste
62146,sp,3541059,354105,0814,Pratânia,0,Sudeste
62154,sp,3505807,350580,6215,Bastos,0,Sudeste
62162,sp,3541653,354165,0816,Quadra,0,Sudeste
62170,sp,3505906,350590,6217,Batatais,0,Sudeste
62189,sp,3546256,354625,0820,Santa Cruz da Esperança,0,Sudeste
62197,sp,3506003,350600,6219,Bauru,0,Sudeste
62200,sp,3547650,354765,0822,Santa Salete,0,Sudeste
62219,sp,3506102,350610,6221,Bebedouro,0,Sudeste
62227,sp,3556958,355695,0828,Vitória Brasil,0,Sudeste
62235,sp,3506201,350620,6223,Bento de Abreu,0,Sudeste
62243,sp,3521150,352115,0800,Ipiguá,0,Sudeste
62251,sp,3506300,350630,6225,Bernardino de Campos,0,Sudeste
62260,sp,3553658,355365,0824,Taquaral,0,Sudeste
62278,sp,3506409,350640,6227,Bilac,0,Sudeste
62286,sp,3515657,351565,0796,Fernão,0,Sudeste
62294,sp,3506508,350650,6229,Birigui,0,Sudeste
62308,sp,3516853,351685,0798,Gavião Peixoto,0,Sudeste
62316,sp,3506607,350660,6231,Biritiba-Mirim,0,Sudeste
62324,sp,3525854,352585,0802,Jumirim,0,Sudeste
62332,sp,3506706,350670,6233,Boa Esperança do Sul,0,Sudeste
62340,sp,3532157,353215,0804,Nantes,0,Sudeste
62359,sp,3506805,350680,6235,Bocaina,0,Sudeste
62367,sp,3532868,353286,0806,Nova Castilho,0,Sudeste
62375,sp,3506904,350690,6237,Bofete,0,Sudeste
62383,sp,3534757,353475,0808,Ouroeste,0,Sudeste
62391,sp,3507001,350700,6239,Boituva,0,Sudeste
62405,sp,3536570,353657,0810,Paulistânia,0,Sudeste
62413,sp,3507100,350710,6241,Bom Jesus dos Perdões,0,Sudeste
62421,sp,3543238,354323,0818,Ribeirão dos Índios,0,Sudeste
62430,sp,3507209,350720,6243,Borá,0,Sudeste
62448,sp,3554755,355475,0826,Trabiju,0,Sudeste
62456,sp,3507308,350730,6245,Boracéia,0,Sudeste
62472,sp,3507407,350740,6247,Borborema,0,Sudeste
62499,sp,3507506,350750,6249,Botucatu,0,Sudeste
62510,sp,3507605,350760,6251,Bragança Paulista,0,Sudeste
62553,sp,3507704,350770,6255,Braúna,0,Sudeste
62570,sp,3507803,350780,6257,Brodowski,0,Sudeste
62596,sp,3507902,350790,6259,Brotas,0,Sudeste
62618,sp,3508009,350800,6261,Buri,0,Sudeste
62634,sp,3508108,350810,6263,Buritama,0,Sudeste
62650,sp,3508207,350820,6265,Buritizal,0,Sudeste
62677,sp,3508306,350830,6267,Cabrália Paulista,0,Sudeste
62693,sp,3508405,350840,6269,Cabreúva,0,Sudeste
62715,sp,3508504,350850,6271,Caçapava,0,Sudeste
62731,sp,3508603,350860,6273,Cachoeira Paulista,0,Sudeste
62758,sp,3508702,350870,6275,Caconde,0,Sudeste
62774,sp,3508801,350880,6277,Cafelândia,0,Sudeste
62790,sp,3508900,350890,6279,Caiabu,0,Sudeste
62812,sp,3509007,350900,6281,Caieiras,0,Sudeste
62839,sp,3509106,350910,6283,Caiuá,0,Sudeste
62855,sp,3509205,350920,6285,Cajamar,0,Sudeste
62871,sp,3509304,350930,6287,Cajobi,0,Sudeste
62898,sp,3509403,350940,6289,Cajuru,0,Sudeste
62910,sp,3509502,350950,6291,Campinas,0,Sudeste
62936,sp,3509601,350960,6293,Campo Limpo Paulista,0,Sudeste
62952,sp,3509700,350970,6295,Campos do Jordão,0,Sudeste
62979,sp,3509809,350980,6297,Campos Novos Paulista,0,Sudeste
62995,sp,3509908,350990,6299,Cananéia,0,Sudeste
63010,sp,3510005,351000,6301,Cândido Mota,0,Sudeste
63037,sp,3510104,351010,6303,Cândido Rodrigues,0,Sudeste
63053,sp,3510203,351020,6305,Capão Bonito,0,Sudeste
63070,sp,3510302,351030,6307,Capela do Alto,0,Sudeste
63096,sp,3510401,351040,6309,Capivari,0,Sudeste
63118,sp,3510500,351050,6311,Caraguatatuba,0,Sudeste
63134,sp,3510609,351060,6313,Carapicuíba,0,Sudeste
63150,sp,3510708,351070,6315,Cardoso,0,Sudeste
63177,sp,3510807,351080,6317,Casa Branca,0,Sudeste
63193,sp,3510906,351090,6319,Cássia dos Coqueiros,0,Sudeste
63215,sp,3511003,351100,6321,Castilho,0,Sudeste
63231,sp,3511102,351110,6323,Catanduva,0,Sudeste
63258,sp,3511201,351120,6325,Catiguá,0,Sudeste
63274,sp,3511300,351130,6327,Cedral,0,Sudeste
63290,sp,3511409,351140,6329,Cerqueira César,0,Sudeste
63312,sp,3511508,351150,6331,Cerquilho,0,Sudeste
63339,sp,3511607,351160,6333,Cesário Lange,0,Sudeste
63355,sp,3511706,351170,6335,Charqueada,0,Sudeste
63371,sp,3557204,355720,6337,Chavantes,0,Sudeste
63398,sp,3511904,351190,6339,Clementina,0,Sudeste
63410,sp,3512001,351200,6341,Colina,0,Sudeste
63436,sp,3512100,351210,6343,Colômbia,0,Sudeste
63452,sp,3512209,351220,6345,Conchal,0,Sudeste
63479,sp,3512308,351230,6347,Conchas,0,Sudeste
63495,sp,3512407,351240,6349,Cordeirópolis,0,Sudeste
63517,sp,3512506,351250,6351,Coroados,0,Sudeste
63533,sp,3512605,351260,6353,Coronel Macedo,0,Sudeste
63550,sp,3512704,351270,6355,Corumbataí,0,Sudeste
63576,sp,3512803,351280,6357,Cosmópolis,0,Sudeste
63592,sp,3512902,351290,6359,Cosmorama,0,Sudeste
63614,sp,3513009,351300,6361,Cotia,0,Sudeste
63630,sp,3513108,351310,6363,Cravinhos,0,Sudeste
63657,sp,3513207,351320,6365,Cristais Paulista,0,Sudeste
63673,sp,3513306,351330,6367,Cruzália,0,Sudeste
63690,sp,3513405,351340,6369,Cruzeiro,0,Sudeste
63711,sp,3513504,351350,6371,Cubatão,0,Sudeste
63738,sp,3513603,351360,6373,Cunha,0,Sudeste
63754,sp,3513702,351370,6375,Descalvado,0,Sudeste
63770,sp,3513801,351380,6377,Diadema,0,Sudeste
63797,sp,3513900,351390,6379,Divinolândia,0,Sudeste
63819,sp,3514007,351400,6381,Dobrada,0,Sudeste
63835,sp,3514106,351410,6383,Dois Córregos,0,Sudeste
63851,sp,3514205,351420,6385,Dolcinópolis,0,Sudeste
63878,sp,3514304,351430,6387,Dourado,0,Sudeste
63894,sp,3514403,351440,6389,Dracena,0,Sudeste
63916,sp,3514502,351450,6391,Duartina,0,Sudeste
63932,sp,3514601,351460,6393,Dumont,0,Sudeste
63959,sp,3514700,351470,6395,Echaporã,0,Sudeste
63975,sp,3514809,351480,6397,Eldorado,0,Sudeste
63991,sp,3514908,351490,6399,Elias Fausto,0,Sudeste
64017,sp,3515004,351500,6401,Embu das Artes,0,Sudeste
64033,sp,3515103,351510,6403,Embu-Guaçu,0,Sudeste
64050,sp,3515202,351520,6405,Estrela d'Oeste,0,Sudeste
64076,sp,3515301,351530,6407,Estrela do Norte,0,Sudeste
64092,sp,3515400,351540,6409,Fartura,0,Sudeste
64114,sp,3515509,351550,6411,Fernandópolis,0,Sudeste
64130,sp,3515608,351560,6413,Fernando Prestes,0,Sudeste
64157,sp,3515707,351570,6415,Ferraz de Vasconcelos,0,Sudeste
64173,sp,3515806,351580,6417,Flora Rica,0,Sudeste
64190,sp,3515905,351590,6419,Floreal,0,Sudeste
64211,sp,3516002,351600,6421,Flórida Paulista,0,Sudeste
64238,sp,3516101,351610,6423,Florínia,0,Sudeste
64254,sp,3516200,351620,6425,Franca,0,Sudeste
64270,sp,3516309,351630,6427,Francisco Morato,0,Sudeste
64297,sp,3516408,351640,6429,Franco da Rocha,0,Sudeste
64319,sp,3516507,351650,6431,Gabriel Monteiro,0,Sudeste
64335,sp,3516606,351660,6433,Gália,0,Sudeste
64351,sp,3516705,351670,6435,Garça,0,Sudeste
64378,sp,3516804,351680,6437,Gastão Vidigal,0,Sudeste
64394,sp,3516903,351690,6439,General Salgado,0,Sudeste
64416,sp,3517000,351700,6441,Getulina,0,Sudeste
64432,sp,3517109,351710,6443,Glicério,0,Sudeste
64459,sp,3517208,351720,6445,Guaiçara,0,Sudeste
64475,sp,3517307,351730,6447,Guaimbê,0,Sudeste
64491,sp,3517406,351740,6449,Guaíra,0,Sudeste
64513,sp,3517505,351750,6451,Guapiaçu,0,Sudeste
64530,sp,3517604,351760,6453,Guapiara,0,Sudeste
64556,sp,3517703,351770,6455,Guará,0,Sudeste
64572,sp,3517802,351780,6457,Guaraçaí,0,Sudeste
64599,sp,3517901,351790,6459,Guaraci,0,Sudeste
64610,sp,3518008,351800,6461,Guarani d'Oeste,0,Sudeste
64637,sp,3518107,351810,6463,Guarantã,0,Sudeste
64653,sp,3518206,351820,6465,Guararapes,0,Sudeste
64670,sp,3518305,351830,6467,Guararema,0,Sudeste
64696,sp,3518404,351840,6469,Guaratinguetá,0,Sudeste
64718,sp,3518503,351850,6471,Guareí,0,Sudeste
64734,sp,3518602,351860,6473,Guariba,0,Sudeste
64750,sp,3518701,351870,6475,Guarujá,0,Sudeste
64777,sp,3518800,351880,6477,Guarulhos,0,Sudeste
64793,sp,3518909,351890,6479,Guzolândia,0,Sudeste
64815,sp,3519006,351900,6481,Herculândia,0,Sudeste
64831,sp,3519105,351910,6483,Iacanga,0,Sudeste
64858,sp,3519204,351920,6485,Iacri,0,Sudeste
64874,sp,3519303,351930,6487,Ibaté,0,Sudeste
64890,sp,3519402,351940,6489,Ibirá,0,Sudeste
64912,sp,3519501,351950,6491,Ibirarema,0,Sudeste
64939,sp,3519600,351960,6493,Ibitinga,0,Sudeste
64955,sp,3519709,351970,6495,Ibiúna,0,Sudeste
64971,sp,3519808,351980,6497,Icém,0,Sudeste
64998,sp,3519907,351990,6499,Iepê,0,Sudeste
65013,sp,3520004,352000,6501,Igaraçu do Tietê,0,Sudeste
65030,sp,3520103,352010,6503,Igarapava,0,Sudeste
65056,sp,3520202,352020,6505,Igaratá,0,Sudeste
65072,sp,3520301,352030,6507,Iguape,0,Sudeste
65099,sp,3520400,352040,6509,Ilhabela,0,Sudeste
65110,sp,3520509,352050,6511,Indaiatuba,0,Sudeste
65137,sp,3520608,352060,6513,Indiana,0,Sudeste
65153,sp,3520707,352070,6515,Indiaporã,0,Sudeste
65170,sp,3520806,352080,6517,Inúbia Paulista,0,Sudeste
65196,sp,3520905,352090,6519,Ipaussu,0,Sudeste
65218,sp,3521002,352100,6521,Iperó,0,Sudeste
65234,sp,3521101,352110,6523,Ipeúna,0,Sudeste
65250,sp,3521200,352120,6525,Iporanga,0,Sudeste
65277,sp,3521309,352130,6527,Ipuã,0,Sudeste
65293,sp,3521408,352140,6529,Iracemápolis,0,Sudeste
65315,sp,3521507,352150,6531,Irapuã,0,Sudeste
65331,sp,3521606,352160,6533,Irapuru,0,Sudeste
65358,sp,3521705,352170,6535,Itaberá,0,Sudeste
65374,sp,3521804,352180,6537,Itaí,0,Sudeste
65390,sp,3521903,352190,6539,Itajobi,0,Sudeste
65412,sp,3522000,352200,6541,Itaju,0,Sudeste
65439,sp,3522109,352210,6543,Itanhaém,0,Sudeste
65455,sp,3522208,352220,6545,Itapecerica da Serra,0,Sudeste
65471,sp,3522307,352230,6547,Itapetininga,0,Sudeste
65498,sp,3522406,352240,6549,Itapeva,0,Sudeste
65510,sp,3522505,352250,6551,Itapevi,0,Sudeste
65536,sp,3522604,352260,6553,Itapira,0,Sudeste
65552,sp,3522703,352270,6555,Itápolis,0,Sudeste
65579,sp,3522802,352280,6557,Itaporanga,0,Sudeste
65595,sp,3522901,352290,6559,Itapuí,0,Sudeste
65617,sp,3523008,352300,6561,Itapura,0,Sudeste
65633,sp,3523107,352310,6563,Itaquaquecetuba,0,Sudeste
65650,sp,3523206,352320,6565,Itararé,0,Sudeste
65676,sp,3523305,352330,6567,Itariri,0,Sudeste
65692,sp,3523404,352340,6569,Itatiba,0,Sudeste
65714,sp,3523503,352350,6571,Itatinga,0,Sudeste
65730,sp,3523602,352360,6573,Itirapina,0,Sudeste
65757,sp,3523701,352370,6575,Itirapuã,0,Sudeste
65773,sp,3523800,352380,6577,Itobi,0,Sudeste
65790,sp,3523909,352390,6579,Itu,0,Sudeste
65811,sp,3524006,352400,6581,Itupeva,0,Sudeste
65838,sp,3524105,352410,6583,Ituverava,0,Sudeste
65854,sp,3524204,352420,6585,Jaborandi,0,Sudeste
65870,sp,3524303,352430,6587,Jaboticabal,0,Sudeste
65897,sp,3524402,352440,6589,Jacareí,0,Sudeste
65919,sp,3524501,352450,6591,Jaci,0,Sudeste
65935,sp,3524600,352460,6593,Jacupiranga,0,Sudeste
65951,sp,3524709,352470,6595,Jaguariúna,0,Sudeste
65978,sp,3524808,352480,6597,Jales,0,Sudeste
65994,sp,3524907,352490,6599,Jambeiro,0,Sudeste
66010,sp,3525003,352500,6601,Jandira,0,Sudeste
66036,sp,3525102,352510,6603,Jardinópolis,0,Sudeste
66052,sp,3525201,352520,6605,Jarinu,0,Sudeste
66079,sp,3525300,352530,6607,Jaú,0,Sudeste
66095,sp,3525409,352540,6609,Jeriquara,0,Sudeste
66117,sp,3525508,352550,6611,Joanópolis,0,Sudeste
66133,sp,3525607,352560,6613,João Ramalho,0,Sudeste
66150,sp,3525706,352570,6615,José Bonifácio,0,Sudeste
66176,sp,3525805,352580,6617,Júlio Mesquita,0,Sudeste
66192,sp,3525904,352590,6619,Jundiaí,0,Sudeste
66214,sp,3526001,352600,6621,Junqueirópolis,0,Sudeste
66230,sp,3526100,352610,6623,Juquiá,0,Sudeste
66257,sp,3526209,352620,6625,Juquitiba,0,Sudeste
66273,sp,3526308,352630,6627,Lagoinha,0,Sudeste
66290,sp,3526407,352640,6629,Laranjal Paulista,0,Sudeste
66311,sp,3526506,352650,6631,Lavínia,0,Sudeste
66338,sp,3526605,352660,6633,Lavrinhas,0,Sudeste
66354,sp,3526704,352670,6635,Leme,0,Sudeste
66370,sp,3526803,352680,6637,Lençóis Paulista,0,Sudeste
66397,sp,3526902,352690,6639,Limeira,0,Sudeste
66419,sp,3527009,352700,6641,Lindóia,0,Sudeste
66435,sp,3527108,352710,6643,Lins,0,Sudeste
66451,sp,3527207,352720,6645,Lorena,0,Sudeste
66478,sp,3527306,352730,6647,Louveira,0,Sudeste
66494,sp,3527405,352740,6649,Lucélia,0,Sudeste
66516,sp,3527504,352750,6651,Lucianópolis,0,Sudeste
66532,sp,3527603,352760,6653,Luís Antônio,0,Sudeste
66559,sp,3527702,352770,6655,Luiziânia,0,Sudeste
66575,sp,3527801,352780,6657,Lupércio,0,Sudeste
66591,sp,3527900,352790,6659,Lutécia,0,Sudeste
66613,sp,3528007,352800,6661,Macatuba,0,Sudeste
66630,sp,3528106,352810,6663,Macaubal,0,Sudeste
66656,sp,3528205,352820,6665,Macedônia,0,Sudeste
66672,sp,3528304,352830,6667,Magda,0,Sudeste
66699,sp,3528403,352840,6669,Mairinque,0,Sudeste
66710,sp,3528502,352850,6671,Mairiporã,0,Sudeste
66737,sp,3528601,352860,6673,Manduri,0,Sudeste
66753,sp,3528700,352870,6675,Marabá Paulista,0,Sudeste
66770,sp,3528809,352880,6677,Maracaí,0,Sudeste
66796,sp,3528908,352890,6679,Mariápolis,0,Sudeste
66818,sp,3529005,352900,6681,Marília,0,Sudeste
66834,sp,3529104,352910,6683,Marinópolis,0,Sudeste
66850,sp,3529203,352920,6685,Martinópolis,0,Sudeste
66877,sp,3529302,352930,6687,Matão,0,Sudeste
66893,sp,3529401,352940,6689,Mauá,0,Sudeste
66915,sp,3529500,352950,6691,Mendonça,0,Sudeste
66931,sp,3529609,352960,6693,Meridiano,0,Sudeste
66958,sp,3529708,352970,6695,Miguelópolis,0,Sudeste
66974,sp,3529807,352980,6697,Mineiros do Tietê,0,Sudeste
66990,sp,3529906,352990,6699,Miracatu,0,Sudeste
67016,sp,3530003,353000,6701,Mira Estrela,0,Sudeste
67032,sp,3530102,353010,6703,Mirandópolis,0,Sudeste
67059,sp,3530201,353020,6705,Mirante do Paranapanema,0,Sudeste
67075,sp,3530300,353030,6707,Mirassol,0,Sudeste
67091,sp,3530409,353040,6709,Mirassolândia,0,Sudeste
67113,sp,3530508,353050,6711,Mococa,0,Sudeste
67130,sp,3530607,353060,6713,Mogi das Cruzes,0,Sudeste
67156,sp,3530706,353070,6715,Mogi Guaçu,0,Sudeste
67172,sp,3530805,353080,6717,Mogi Mirim,0,Sudeste
67199,sp,3530904,353090,6719,Mombuca,0,Sudeste
67210,sp,3531001,353100,6721,Monções,0,Sudeste
67237,sp,3531100,353110,6723,Mongaguá,0,Sudeste
67253,sp,3531209,353120,6725,Monte Alegre do Sul,0,Sudeste
67270,sp,3531308,353130,6727,Monte Alto,0,Sudeste
67296,sp,3531407,353140,6729,Monte Aprazível,0,Sudeste
67318,sp,3531506,353150,6731,Monte Azul Paulista,0,Sudeste
67334,sp,3531605,353160,6733,Monte Castelo,0,Sudeste
67350,sp,3531704,353170,6735,Monteiro Lobato,0,Sudeste
67377,sp,3531803,353180,6737,Monte Mor,0,Sudeste
67393,sp,3531902,353190,6739,Morro Agudo,0,Sudeste
67415,sp,3532009,353200,6741,Morungaba,0,Sudeste
67431,sp,3532108,353210,6743,Murutinga do Sul,0,Sudeste
67458,sp,3532207,353220,6745,Narandiba,0,Sudeste
67474,sp,3532306,353230,6747,Natividade da Serra,0,Sudeste
67490,sp,3532405,353240,6749,Nazaré Paulista,0,Sudeste
67512,sp,3532504,353250,6751,Neves Paulista,0,Sudeste
67539,sp,3532603,353260,6753,Nhandeara,0,Sudeste
67555,sp,3532702,353270,6755,Nipoã,0,Sudeste
67571,sp,3532801,353280,6757,Nova Aliança,0,Sudeste
67598,sp,3532900,353290,6759,Nova Europa,0,Sudeste
67610,sp,3533007,353300,6761,Nova Granada,0,Sudeste
67636,sp,3533106,353310,6763,Nova Guataporanga,0,Sudeste
67652,sp,3533205,353320,6765,Nova Independência,0,Sudeste
67679,sp,3533304,353330,6767,Nova Luzitânia,0,Sudeste
67695,sp,3533403,353340,6769,Nova Odessa,0,Sudeste
67717,sp,3533502,353350,6771,Novo Horizonte,0,Sudeste
67733,sp,3533601,353360,6773,Nuporanga,0,Sudeste
67750,sp,3533700,353370,6775,Ocauçu,0,Sudeste
67776,sp,3533809,353380,6777,Óleo,0,Sudeste
67792,sp,3533908,353390,6779,Olímpia,0,Sudeste
67814,sp,3534005,353400,6781,Onda Verde,0,Sudeste
67830,sp,3534104,353410,6783,Oriente,0,Sudeste
67857,sp,3534203,353420,6785,Orindiúva,0,Sudeste
67873,sp,3534302,353430,6787,Orlândia,0,Sudeste
67890,sp,3534401,353440,6789,Osasco,0,Sudeste
67911,sp,3534500,353450,6791,Oscar Bressane,0,Sudeste
67938,sp,3534609,353460,6793,Osvaldo Cruz,0,Sudeste
67954,sp,3534708,353470,6795,Ourinhos,0,Sudeste
67970,sp,3534807,353480,6797,Ouro Verde,0,Sudeste
67997,sp,3534906,353490,6799,Pacaembu,0,Sudeste
68012,sp,3535002,353500,6801,Palestina,0,Sudeste
68039,sp,3535101,353510,6803,Palmares Paulista,0,Sudeste
68055,sp,3535200,353520,6805,Palmeira d'Oeste,0,Sudeste
68071,sp,3535309,353530,6807,Palmital,0,Sudeste
68098,sp,3535408,353540,6809,Panorama,0,Sudeste
68110,sp,3535507,353550,6811,Paraguaçu Paulista,0,Sudeste
68136,sp,3535606,353560,6813,Paraibuna,0,Sudeste
68152,sp,3535705,353570,6815,Paraíso,0,Sudeste
68179,sp,3535804,353580,6817,Paranapanema,0,Sudeste
68195,sp,3535903,353590,6819,Paranapuã,0,Sudeste
68217,sp,3536000,353600,6821,Parapuã,0,Sudeste
68233,sp,3536109,353610,6823,Pardinho,0,Sudeste
68250,sp,3536208,353620,6825,Pariquera-Açu,0,Sudeste
68276,sp,3536307,353630,6827,Patrocínio Paulista,0,Sudeste
68292,sp,3536406,353640,6829,Paulicéia,0,Sudeste
68314,sp,3536505,353650,6831,Paulínia,0,Sudeste
68330,sp,3536604,353660,6833,Paulo de Faria,0,Sudeste
68357,sp,3536703,353670,6835,Pederneiras,0,Sudeste
68373,sp,3536802,353680,6837,Pedra Bela,0,Sudeste
68390,sp,3536901,353690,6839,Pedranópolis,0,Sudeste
68411,sp,3537008,353700,6841,Pedregulho,0,Sudeste
68438,sp,3537107,353710,6843,Pedreira,0,Sudeste
68454,sp,3537206,353720,6845,Pedro de Toledo,0,Sudeste
68470,sp,3537305,353730,6847,Penápolis,0,Sudeste
68497,sp,3537404,353740,6849,Pereira Barreto,0,Sudeste
68519,sp,3537503,353750,6851,Pereiras,0,Sudeste
68535,sp,3537602,353760,6853,Peruíbe,0,Sudeste
68551,sp,3537701,353770,6855,Piacatu,0,Sudeste
68578,sp,3537800,353780,6857,Piedade,0,Sudeste
68594,sp,3537909,353790,6859,Pilar do Sul,0,Sudeste
68616,sp,3538006,353800,6861,Pindamonhangaba,0,Sudeste
68632,sp,3538105,353810,6863,Pindorama,0,Sudeste
68659,sp,3515186,351518,6865,Espírito Santo do Pinhal,0,Sudeste
68675,sp,3538204,353820,6867,Pinhalzinho,0,Sudeste
68691,sp,3538303,353830,6869,Piquerobi,0,Sudeste
68713,sp,3538501,353850,6871,Piquete,0,Sudeste
68730,sp,3538600,353860,6873,Piracaia,0,Sudeste
68756,sp,3538709,353870,6875,Piracicaba,0,Sudeste
68772,sp,3538808,353880,6877,Piraju,0,Sudeste
68799,sp,3538907,353890,6879,Pirajuí,0,Sudeste
68810,sp,3539004,353900,6881,Pirangi,0,Sudeste
68837,sp,3539103,353910,6883,Pirapora do Bom Jesus,0,Sudeste
68853,sp,3539202,353920,6885,Pirapozinho,0,Sudeste
68870,sp,3539301,353930,6887,Pirassununga,0,Sudeste
68896,sp,3539400,353940,6889,Piratininga,0,Sudeste
68918,sp,3539509,353950,6891,Pitangueiras,0,Sudeste
68934,sp,3539608,353960,6893,Planalto,0,Sudeste
68950,sp,3539707,353970,6895,Platina,0,Sudeste
68977,sp,3539806,353980,6897,Poá,0,Sudeste
68993,sp,3539905,353990,6899,Poloni,0,Sudeste
69019,sp,3540002,354000,6901,Pompéia,0,Sudeste
69035,sp,3540101,354010,6903,Pongaí,0,Sudeste
69051,sp,3540200,354020,6905,Pontal,0,Sudeste
69078,sp,3540309,354030,6907,Pontes Gestal,0,Sudeste
69094,sp,3540408,354040,6909,Populina,0,Sudeste
69116,sp,3540507,354050,6911,Porangaba,0,Sudeste
69132,sp,3540606,354060,6913,Porto Feliz,0,Sudeste
69159,sp,3540705,354070,6915,Porto Ferreira,0,Sudeste
69175,sp,3540804,354080,6917,Potirendaba,0,Sudeste
69191,sp,3540903,354090,6919,Pradópolis,0,Sudeste
69213,sp,3541000,354100,6921,Praia Grande,0,Sudeste
69230,sp,3541109,354110,6923,Presidente Alves,0,Sudeste
69256,sp,3541208,354120,6925,Presidente Bernardes,0,Sudeste
69272,sp,3541307,354130,6927,Presidente Epitácio,0,Sudeste
69299,sp,3541406,354140,6929,Presidente Prudente,0,Sudeste
69310,sp,3541505,354150,6931,Presidente Venceslau,0,Sudeste
69337,sp,3541604,354160,6933,Promissão,0,Sudeste
69353,sp,3541703,354170,6935,Quatá,0,Sudeste
69370,sp,3541802,354180,6937,Queiroz,0,Sudeste
69396,sp,3541901,354190,6939,Queluz,0,Sudeste
69418,sp,3542008,354200,6941,Quintana,0,Sudeste
69434,sp,3542107,354210,6943,Rafard,0,Sudeste
69450,sp,3542206,354220,6945,Rancharia,0,Sudeste
69477,sp,3542305,354230,6947,Redenção da Serra,0,Sudeste
69493,sp,3542404,354240,6949,Regente Feijó,0,Sudeste
69515,sp,3542503,354250,6951,Reginópolis,0,Sudeste
69531,sp,3542602,354260,6953,Registro,0,Sudeste
69558,sp,3542701,354270,6955,Restinga,0,Sudeste
69574,sp,3542800,354280,6957,Ribeira,0,Sudeste
69590,sp,3542909,354290,6959,Ribeirão Bonito,0,Sudeste
69612,sp,3543006,354300,6961,Ribeirão Branco,0,Sudeste
69639,sp,3543105,354310,6963,Ribeirão Corrente,0,Sudeste
69655,sp,3543204,354320,6965,Ribeirão do Sul,0,Sudeste
69671,sp,3543303,354330,6967,Ribeirão Pires,0,Sudeste
69698,sp,3543402,354340,6969,Ribeirão Preto,0,Sudeste
69710,sp,3543501,354350,6971,Riversul,0,Sudeste
69736,sp,3543600,354360,6973,Rifaina,0,Sudeste
69752,sp,3543709,354370,6975,Rincão,0,Sudeste
69779,sp,3543808,354380,6977,Rinópolis,0,Sudeste
69795,sp,3543907,354390,6979,Rio Claro,0,Sudeste
69817,sp,3544004,354400,6981,Rio das Pedras,0,Sudeste
69833,sp,3544103,354410,6983,Rio Grande da Serra,0,Sudeste
69850,sp,3544202,354420,6985,Riolândia,0,Sudeste
69876,sp,3544301,354430,6987,Roseira,0,Sudeste
69892,sp,3544400,354440,6989,Rubiácea,0,Sudeste
69914,sp,3544509,354450,6991,Rubinéia,0,Sudeste
69930,sp,3544608,354460,6993,Sabino,0,Sudeste
69957,sp,3544707,354470,6995,Sagres,0,Sudeste
69973,sp,3544806,354480,6997,Sales,0,Sudeste
69990,sp,3544905,354490,6999,Sales Oliveira,0,Sudeste
70017,sp,3545001,354500,7001,Salesópolis,0,Sudeste
70033,sp,3545100,354510,7003,Salmourão,0,Sudeste
70050,sp,3545209,354520,7005,Salto,0,Sudeste
70076,sp,3545308,354530,7007,Salto de Pirapora,0,Sudeste
70092,sp,3545407,354540,7009,Salto Grande,0,Sudeste
70114,sp,3545506,354550,7011,Sandovalina,0,Sudeste
70130,sp,3545605,354560,7013,Santa Adélia,0,Sudeste
70157,sp,3545704,354570,7015,Santa Albertina,0,Sudeste
70173,sp,3545803,354580,7017,Santa Bárbara d'Oeste,0,Sudeste
70190,sp,3500550,350055,7019,Águas de Santa Bárbara,0,Sudeste
70211,sp,3546009,354600,7021,Santa Branca,0,Sudeste
70238,sp,3546108,354610,7023,Santa Clara d'Oeste,0,Sudeste
70254,sp,3546207,354620,7025,Santa Cruz da Conceição,0,Sudeste
70270,sp,3546306,354630,7027,Santa Cruz das Palmeiras,0,Sudeste
70297,sp,3546405,354640,7029,Santa Cruz do Rio Pardo,0,Sudeste
70319,sp,3546504,354650,7031,Santa Ernestina,0,Sudeste
70335,sp,3546603,354660,7033,Santa Fé do Sul,0,Sudeste
70351,sp,3546702,354670,7035,Santa Gertrudes,0,Sudeste
70378,sp,3546801,354680,7037,Santa Isabel,0,Sudeste
70394,sp,3546900,354690,7039,Santa Lúcia,0,Sudeste
70416,sp,3547007,354700,7041,Santa Maria da Serra,0,Sudeste
70432,sp,3547106,354710,7043,Santa Mercedes,0,Sudeste
70459,sp,3547205,354720,7045,Santana da Ponte Pensa,0,Sudeste
70475,sp,3547304,354730,7047,Santana de Parnaíba,0,Sudeste
70491,sp,3547403,354740,7049,Santa Rita d'Oeste,0,Sudeste
70513,sp,3547502,354750,7051,Santa Rita do Passa Quatro,0,Sudeste
70530,sp,3547601,354760,7053,Santa Rosa de Viterbo,0,Sudeste
70556,sp,3547700,354770,7055,Santo Anastácio,0,Sudeste
70572,sp,3547809,354780,7057,Santo André,0,Sudeste
70599,sp,3547908,354790,7059,Santo Antônio da Alegria,0,Sudeste
70610,sp,3548005,354800,7061,Santo Antônio de Posse,0,Sudeste
70637,sp,3548104,354810,7063,Santo Antônio do Jardim,0,Sudeste
70653,sp,3548203,354820,7065,Santo Antônio do Pinhal,0,Sudeste
70670,sp,3548302,354830,7067,Santo Expedito,0,Sudeste
70696,sp,3548401,354840,7069,Santópolis do Aguapeí,0,Sudeste
70718,sp,3548500,354850,7071,Santos,0,Sudeste
70734,sp,3548609,354860,7073,São Bento do Sapucaí,0,Sudeste
70750,sp,3548708,354870,7075,São Bernardo do Campo,0,Sudeste
70777,sp,3548807,354880,7077,São Caetano do Sul,0,Sudeste
70793,sp,3548906,354890,7079,São Carlos,0,Sudeste
70815,sp,3549003,354900,7081,São Francisco,0,Sudeste
70831,sp,3549102,354910,7083,São João da Boa Vista,0,Sudeste
70858,sp,3549201,354920,7085,São João das Duas Pontes,0,Sudeste
70874,sp,3549300,354930,7087,São João do Pau d'Alho,0,Sudeste
70890,sp,3549409,354940,7089,São Joaquim da Barra,0,Sudeste
70912,sp,3549508,354950,7091,São José da Bela Vista,0,Sudeste
70939,sp,3549607,354960,7093,São José do Barreiro,0,Sudeste
70955,sp,3549706,354970,7095,São José do Rio Pardo,0,Sudeste
70971,sp,3549805,354980,7097,São José do Rio Preto,0,Sudeste
70998,sp,3549904,354990,7099,São José dos Campos,0,Sudeste
71013,sp,3550001,355000,7101,São Luís do Paraitinga,0,Sudeste
71030,sp,3550100,355010,7103,São Manuel,0,Sudeste
71056,sp,3550209,355020,7105,São Miguel Arcanjo,0,Sudeste
71072,sp,3550308,355030,7107,São Paulo,1,Sudeste
71099,sp,3550407,355040,7109,São Pedro,0,Sudeste
71110,sp,3550506,355050,7111,São Pedro do Turvo,0,Sudeste
71137,sp,3550605,355060,7113,São Roque,0,Sudeste
71153,sp,3550704,355070,7115,São Sebastião,0,Sudeste
71170,sp,3550803,355080,7117,São Sebastião da Grama,0,Sudeste
71196,sp,3550902,355090,7119,São Simão,0,Sudeste
71218,sp,3551009,355100,7121,São Vicente,0,Sudeste
71234,sp,3551108,355110,7123,Sarapuí,0,Sudeste
71250,sp,3551207,355120,7125,Sarutaiá,0,Sudeste
71277,sp,3551306,355130,7127,Sebastianópolis do Sul,0,Sudeste
71293,sp,3551405,355140,7129,Serra Azul,0,Sudeste
71315,sp,3551504,355150,7131,Serrana,0,Sudeste
71331,sp,3551603,355160,7133,Serra Negra,0,Sudeste
71358,sp,3551702,355170,7135,Sertãozinho,0,Sudeste
71374,sp,3551801,355180,7137,Sete Barras,0,Sudeste
71390,sp,3551900,355190,7139,Severínia,0,Sudeste
71412,sp,3552007,355200,7141,Silveiras,0,Sudeste
71439,sp,3552106,355210,7143,Socorro,0,Sudeste
71455,sp,3552205,355220,7145,Sorocaba,0,Sudeste
71471,sp,3552304,355230,7147,Sud Mennucci,0,Sudeste
71498,sp,3552403,355240,7149,Sumaré,0,Sudeste
71510,sp,3552502,355250,7151,Suzano,0,Sudeste
71536,sp,3552601,355260,7153,Tabapuã,0,Sudeste
71552,sp,3552700,355270,7155,Tabatinga,0,Sudeste
71579,sp,3552809,355280,7157,Taboão da Serra,0,Sudeste
71595,sp,3552908,355290,7159,Taciba,0,Sudeste
71617,sp,3553005,355300,7161,Taguaí,0,Sudeste
71633,sp,3553104,355310,7163,Taiaçu,0,Sudeste
71650,sp,3553203,355320,7165,Taiúva,0,Sudeste
71676,sp,3553302,355330,7167,Tambaú,0,Sudeste
71692,sp,3553401,355340,7169,Tanabi,0,Sudeste
71714,sp,3553500,355350,7171,Tapiraí,0,Sudeste
71730,sp,3553609,355360,7173,Tapiratiba,0,Sudeste
71757,sp,3553708,355370,7175,Taquaritinga,0,Sudeste
71773,sp,3553807,355380,7177,Taquarituba,0,Sudeste
71790,sp,3553906,355390,7179,Tarabai,0,Sudeste
71811,sp,3554003,355400,7181,Tatuí,0,Sudeste
71838,sp,3554102,355410,7183,Taubaté,0,Sudeste
71854,sp,3554201,355420,7185,Tejupá,0,Sudeste
71870,sp,3554300,355430,7187,Teodoro Sampaio,0,Sudeste
71897,sp,3554409,355440,7189,Terra Roxa,0,Sudeste
71919,sp,3554508,355450,7191,Tietê,0,Sudeste
71935,sp,3554607,355460,7193,Timburi,0,Sudeste
71951,sp,3554706,355470,7195,Torrinha,0,Sudeste
71978,sp,3554805,355480,7197,Tremembé,0,Sudeste
71994,sp,3554904,355490,7199,Três Fronteiras,0,Sudeste
72010,sp,3555000,355500,7201,Tupã,0,Sudeste
72036,sp,3555109,355510,7203,Tupi Paulista,0,Sudeste
72052,sp,3555208,355520,7205,Turiúba,0,Sudeste
72079,sp,3555307,355530,7207,Turmalina,0,Sudeste
72095,sp,3555406,355540,7209,Ubatuba,0,Sudeste
72117,sp,3555505,355550,7211,Ubirajara,0,Sudeste
72133,sp,3555604,355560,7213,Uchoa,0,Sudeste
72150,sp,3555703,355570,7215,União Paulista,0,Sudeste
72176,sp,3555802,355580,7217,Urânia,0,Sudeste
72192,sp,3555901,355590,7219,Uru,0,Sudeste
72214,sp,3556008,355600,7221,Urupês,0,Sudeste
72230,sp,3556107,355610,7223,Valentim Gentil,0,Sudeste
72257,sp,3556206,355620,7225,Valinhos,0,Sudeste
72273,sp,3556305,355630,7227,Valparaíso,0,Sudeste
72311,sp,3556404,355640,7231,Vargem Grande do Sul,0,Sudeste
72338,sp,3556503,355650,7233,Várzea Paulista,0,Sudeste
72354,sp,3556602,355660,7235,Vera Cruz,0,Sudeste
72370,sp,3556701,355670,7237,Vinhedo,0,Sudeste
72397,sp,3556800,355680,7239,Viradouro,0,Sudeste
72419,sp,3556909,355690,7241,Vista Alegre do Alto,0,Sudeste
72435,sp,3557006,355700,7243,Votorantim,0,Sudeste
72451,sp,3557105,355710,7245,Votuporanga,0,Sudeste
72737,sp,3556453,355645,7273,Vargem Grande Paulista,0,Sudeste
73008,to,1700251,170025,0337,Abreulândia,0,Norte
73016,to,1717206,171720,0355,Piraquê,0,Norte
73024,to,1718550,171855,0193,Riachinho,0,Norte
73032,to,1706506,170650,0179,Darcinópolis,0,Norte
73040,to,1713809,171380,0185,Palmeiras do Tocantins,0,Norte
73059,to,1712801,171280,0183,Maurilândia do Tocantins,0,Norte
73067,to,1703826,170382,0171,Cachoeirinha,0,Norte
73075,to,1701051,170105,0165,Angico,0,Norte
73083,to,1715705,171570,0189,Palmeirante,0,Norte
73091,to,1703842,170384,0173,Campos Lindos,0,Norte
73105,to,1720150,172015,0363,São Félix do Tocantins,0,Norte
73113,to,1711951,171195,0353,Lagoa do Tocantins,0,Norte
73121,to,1703305,170330,0341,Bom Jesus do Tocantins,0,Norte
73130,to,1718881,171888,0361,Santa Maria do Tocantins,0,Norte
73148,to,1715150,171515,9703,Novo Alegre,0,Norte
73156,to,1718840,171884,0331,Sandolândia,0,Norte
73164,to,1720937,172093,0325,Taipas do Tocantins,0,Norte
73172,to,1715259,171525,0321,Novo Jardim,0,Norte
73180,to,1720200,172020,0199,São Miguel do Tocantins,0,Norte
73199,to,1708254,170825,0345,Fortaleza do Tabocão,0,Norte
73202,to,1710904,171090,0347,Itapiratins,0,Norte
73210,to,1704105,170410,0343,Centenário,0,Norte
73229,to,1718501,171850,0357,Recursolândia,0,Norte
73237,to,1721307,172130,0365,Tupiratins,0,Norte
73245,to,1703602,170360,0339,Brasilândia do Tocantins,0,Norte
73253,to,1711803,171180,0349,Juarina,0,Norte
73261,to,1716307,171630,0191,Pau D'Arco,0,Norte
73270,to,1712702,171270,0317,Mateiros,0,Norte
73288,to,1720101,172010,0197,São Bento do Tocantins,0,Norte
73296,to,1707405,170740,0181,Esperantina,0,Norte
73300,to,1703867,170386,0327,Cariri do Tocantins,0,Norte
73318,to,1702158,170215,0169,Araguanã,0,Norte
73326,to,1703883,170388,0175,Carmolândia,0,Norte
73334,to,1701309,170130,0167,Aragominas,0,Norte
73342,to,1713957,171395,0187,Muricilândia,0,Norte
73350,to,1718865,171886,0195,Santa Fé do Araguaia,0,Norte
73369,to,1711506,171150,0329,Jaú do Tocantins,0,Norte
73377,to,1720853,172085,0335,Sucupira,0,Norte
73385,to,1711902,171190,0367,Lagoa da Confusão,0,Norte
73393,to,1720259,172025,0333,São Salvador do Tocantins,0,Norte
73407,to,1712009,171200,0351,Lajeado,0,Norte
73415,to,1718709,171870,0359,Rio dos Bois,0,Norte
73423,to,1703891,170389,0177,Carrasco Bonito,0,Norte
73431,to,1718659,171865,0323,Rio da Conceição,0,Norte
73440,to,1721000,172100,9733,Palmas,1,Norte
73458,to,1721257,172125,0102,Tupirama,0,Norte
73466,to,1715507,171550,0092,Oliveira de Fátima,0,Norte
73474,to,1704600,170460,0078,Chapada de Areia,0,Norte
73482,to,1705102,170510,0080,Chapada da Natividade,0,Norte
73504,to,1720978,172097,0100,Talismã,0,Norte
73512,to,1700301,170030,0072,Aguiarnópolis,0,Norte
73520,to,1712454,171245,0088,Luzinópolis,0,Norte
73539,to,1720002,172000,0098,Santa Terezinha do Tocantins,0,Norte
73547,to,1718899,171889,0096,Santa Rita do Tocantins,0,Norte
73555,to,1706258,170625,0082,Crixás do Tocantins,0,Norte
73563,to,1713700,171370,0090,Monte Santo do Tocantins,0,Norte
73571,to,1718451,171845,0094,Pugmil,0,Norte
73580,to,1703057,170305,0074,Bandeirantes do Tocantins,0,Norte
73598,to,1709807,170980,0084,Ipueiras,0,Norte
73601,to,1712157,171215,0086,Lavandeira,0,Norte
73610,to,1703073,170307,0076,Barra do Ouro,0,Norte
92002,to,1703206,170320,9695,Bernardo Sayão,0,Norte
92045,to,1703800,170380,9715,Buriti do Tocantins,0,Norte
92070,to,1700400,170040,9207,Almas,0,Norte
92088,to,1703909,170390,9717,Caseara,0,Norte
92134,to,1700707,170070,9213,Alvorada,0,Norte
92142,to,1705557,170555,9697,Combinado,0,Norte
92185,to,1707108,170710,9719,Divinópolis do Tocantins,0,Norte
92193,to,1701002,170100,9219,Ananás,0,Norte
92240,to,1708304,170830,9699,Goianorte,0,Norte
92304,to,1712504,171250,9711,Marianópolis do Tocantins,0,Norte
92371,to,1701903,170190,9237,Araguacema,0,Norte
92398,to,1702000,170200,9239,Araguaçu,0,Norte
92401,to,1715002,171500,9721,Nova Rosalândia,0,Norte
92410,to,1702109,170210,9241,Araguaína,0,Norte
92436,to,1702208,170220,9243,Araguatins,0,Norte
92452,to,1702307,170230,9245,Arapoema,0,Norte
92479,to,1702406,170240,9247,Arraias,0,Norte
92487,to,1716653,171665,9705,Pequizeiro,0,Norte
92509,to,1718006,171800,9723,Porto Alegre do Tocantins,0,Norte
92525,to,1718303,171830,9725,Praia Norte,0,Norte
92533,to,1702703,170270,9253,Aurora do Tocantins,0,Norte
92541,to,1718808,171880,9727,Sampaio,0,Norte
92576,to,1702901,170290,9257,Axixá do Tocantins,0,Norte
92584,to,1718907,171890,9729,Santa Rosa do Tocantins,0,Norte
92592,to,1703008,170300,9259,Babaçulândia,0,Norte
92606,to,1719004,171900,9731,Santa Tereza do Tocantins,0,Norte
92681,to,1720499,172049,9691,São Valério,0,Norte
92738,to,1703701,170370,9273,Brejinho de Nazaré,0,Norte
93114,to,1705508,170550,9311,Colinas do Tocantins,0,Norte
93130,to,1705607,170560,9313,Conceição do Tocantins,0,Norte
93211,to,1706001,170600,9321,Couto Magalhães,0,Norte
93238,to,1706100,170610,9323,Cristalândia,0,Norte
93416,to,1707009,170700,9341,Dianópolis,0,Norte
93459,to,1707207,170720,9345,Dois Irmãos do Tocantins,0,Norte
93475,to,1707306,170730,9347,Dueré,0,Norte
93556,to,1707702,170770,9355,Filadélfia,0,Norte
93653,to,1708205,170820,9365,Formoso do Araguaia,0,Norte
93858,to,1709500,170950,9385,Gurupi,0,Norte
94056,to,1710508,171050,9405,Itacajá,0,Norte
94099,to,1710706,171070,9409,Itaguatins,0,Norte
94170,to,1711100,171110,9417,Itaporã do Tocantins,0,Norte
94617,to,1713205,171320,9461,Miracema do Tocantins,0,Norte
94633,to,1713304,171330,9463,Miranorte,0,Norte
94692,to,1713601,171360,9469,Monte do Carmo,0,Norte
94811,to,1714203,171420,9481,Natividade,0,Norte
94838,to,1714302,171430,9483,Nazaré,0,Norte
94994,to,1715101,171510,9499,Novo Acordo,0,Norte
95192,to,1716109,171610,9519,Paraíso do Tocantins,0,Norte
95214,to,1716208,171620,9521,Paranã,0,Norte
95257,to,1716505,171650,9525,Pedro Afonso,0,Norte
95273,to,1716604,171660,9527,Peixe,0,Norte
95290,to,1716703,171670,9529,Colméia,0,Norte
95338,to,1709005,170900,9533,Goiatins,0,Norte
95370,to,1717008,171700,9537,Pindorama do Tocantins,0,Norte
95478,to,1717503,171750,9547,Pium,0,Norte
95516,to,1717800,171780,9551,Ponte Alta do Bom Jesus,0,Norte
95532,to,1717909,171790,9553,Ponte Alta do Tocantins,0,Norte
95591,to,1718204,171820,9559,Porto Nacional,0,Norte
95699,to,1712405,171240,9569,Lizarda,0,Norte
96032,to,1720309,172030,9603,São Sebastião do Tocantins,0,Norte
96130,to,1720804,172080,9613,Sítio Novo do Tocantins,0,Norte
96156,to,1720903,172090,9615,Taguatinga,0,Norte
96199,to,1721109,172110,9619,Tocantínia,0,Norte
96210,to,1721208,172120,9621,Tocantinópolis,0,Norte
96270,to,1709302,170930,9627,Guaraí,0,Norte
96296,to,1718402,171840,9629,Presidente Kennedy,0,Norte
96431,to,1722107,172210,9643,Xambioá,0,Norte
96490,to,1715754,171575,9649,Palmeirópolis,0,Norte
96598,to,1720655,172065,9659,Silvanópolis,0,Norte
96636,to,1714880,171488,9663,Nova Olinda,0,Norte
96652,to,1722081,172208,9665,Wanderlândia,0,Norte
96679,to,1707652,170765,9667,Figueirópolis,0,Norte
96792,to,1718758,171875,9679,Rio Sono,0,Norte
96830,to,1707553,170755,9683,Fátima,0,Norte
96857,to,1702554,170255,9685,Augustinópolis,0,Norte
96954,to,1700350,170035,9441,Aliança do Tocantins,0,Norte
96970,to,1701101,170110,9713,Aparecida do Rio Negro,0,Norte
96997,to,1703107,170310,9693,Barrolândia,0,Norte
