protocolo,uf,empresa,empresa_fantasia,cnpj,pesquisa_propria,data_registro,data_inicio,data_fim,data_divulgacao,amostra,custo,margem_erro_pp,margem_origem,margem_teorica_aas_pp,abrangencia_texto,plano_amostral_len,metodologia_len,contratantes,pagantes,origem_recurso,tse_dt_geracao
BR008352026,BR,"QUAEST PESQUISAS, CONSULTORIA E PROJETOS LTDA.",,22445600000104,N,2026-01-08,2026-01-08,2026-01-11,2026-01-14,2004,465820.00,2,texto,2.19,,3159,576,BANCO GENIAL S.A.,BANCO GENIAL S.A.,S,04/10/2026 05:47:24
BR067312026,BR,BOAS IDEIAS INTELIGENCIA EM PESQUISA E ESTRATEGIA DIGITAL LTDA,"BOAS IDEIAS, ESTRATEGIA E INTELIGENCIA DIGITAL.",13475743000160,N,2026-01-07,2026-01-08,2026-01-12,2026-01-13,2000,46000.00,2.2,texto,2.19,,1302,158,CANAL MEIO S.A. | CANAL MEIO S.A.,CANAL MEIO S.A. | CANAL MEIO S.A.,S | S,04/10/2026 05:47:24
BR082332026,BR,100% CIDADES PARTICIPACOES LTDA,100 CIDADES,52908063000144,N,2026-01-16,2026-01-15,2026-01-19,2026-01-22,2000,160000.00,2.2,texto,2.19,,3152,189,FUTURA CONSULTORIA E ASSESSORIA LTDA / FUTURA,FUTURA CONSULTORIA E ASSESSORIA LTDA / FUTURA,S,04/10/2026 05:47:24
BR028042026,BR,ATLASINTEL TECNOLOGIA DE DADOS LTDA,ATLASINTEL,19259002000128,S,2026-01-15,2026-01-15,2026-01-20,2026-01-21,5000,75000.00,1,texto,1.39,,1093,169,ATLASINTEL TECNOLOGIA DE DADOS LTDA,ATLASINTEL TECNOLOGIA DE DADOS LTDA,N,04/10/2026 05:47:24
BR005052026,BR,INSTITUTO PARANA DE PESQUISAS E ANALISE DE CONSUMIDOR LTDA,,81908345000140,N,2026-01-16,2026-01-17,2026-01-21,2026-01-22,1502,125000.00,2.6,texto,2.53,,2936,219,DON7 MEDIA LTDA / DON7 MEDIA,DON7 MEDIA LTDA / DON7 MEDIA,S,04/10/2026 05:47:24
BR091232026,BR,DATA POVO INSTITUTO DE PESQUISAS MARKETING E CONSULTORIA LTDA,DATA POVO CONSULTORIA,24091590000173,N,2026-01-28,2026-01-18,2026-01-21,2026-02-03,1300,68000.00,2.72,texto,2.72,"universo pesquisado é o eleitorado dos 26 estados do Brasil, com 16 anos ou mais, que esteja apto a votar",1301,217,RADIO E TELEVISAO RECORD S.A,RADIO E TELEVISAO RECORD S.A,S,04/10/2026 05:47:24
BR008782026,BR,INSTITUTO PARANA DE PESQUISAS E ANALISE DE CONSUMIDOR LTDA,,81908345000140,N,2026-01-17,2026-01-18,2026-01-22,2026-01-23,1300,70000.00,2.8,texto,2.72,,2936,220,MOVIMENTO DEMOCRATICO BRASILEIRO - BRASIL - BR - NACIONAL / MDB,MOVIMENTO DEMOCRATICO BRASILEIRO - BRASIL - BR - NACIONAL / MDB,S,04/10/2026 05:47:24
BR030242026,BR,100% CIDADES PARTICIPACOES LTDA,100 CIDADES,52908063000144,N,2026-01-21,2026-01-20,2026-01-23,2026-01-27,1200,96000.00,2.8,texto,2.83,,3027,201,FUTURA CONSULTORIA E ASSESSORIA LTDA / FUTURA,FUTURA CONSULTORIA E ASSESSORIA LTDA / FUTURA,S,04/10/2026 05:47:24
BR040542026,BR,ANOVA - INOVACAO E INTELIGENCIA EM PESQUISAS LTDA,ANOVA INSTITUTO DE PESQUISA,10956929000142,N,2026-01-22,2026-01-24,2026-01-26,2026-01-28,2000,2000.00,2.2,texto,2.19,,3535,241,PB AGORA SERVICOS DE INTERNET E COMUNICACOES LTDA / PB AGORA,PB AGORA SERVICOS DE INTERNET E COMUNICACOES LTDA / PB AGORA,S,04/10/2026 05:47:24
BR041482026,BR,100% CIDADES PARTICIPACOES LTDA,100 CIDADES,52908063000144,N,2026-01-23,2026-01-24,2026-01-27,2026-01-29,800,64000.00,3.5,texto,3.46,,2944,198,FUTURA CONSULTORIA E ASSESSORIA LTDA / FUTURA,FUTURA CONSULTORIA E ASSESSORIA LTDA / FUTURA,S,04/10/2026 05:47:24
BR082542026,BR,INSTITUTO PARANA DE PESQUISAS E ANALISE DE CONSUMIDOR LTDA,,81908345000140,S,2026-01-23,2026-01-25,2026-01-28,2026-01-29,2080,50000.00,2.2,texto,2.15,,3110,210,INSTITUTO PARANA DE PESQUISAS E ANALISE DE CONSUMIDOR LTDA,INSTITUTO PARANA DE PESQUISAS E ANALISE DE CONSUMIDOR LTDA,N,04/10/2026 05:47:24
BR005292026,BR,SETA INSTITUTO DE PESQUISA LTDA,INSTITUTO SETA DE PESQUISA,10783981000144,S,2026-01-27,2026-01-28,2026-01-30,2026-02-02,1500,15000.00,2.5,texto,2.53,,1968,186,SETA INSTITUTO DE PESQUISA LTDA,SETA INSTITUTO DE PESQUISA LTDA,N,04/10/2026 05:47:24
BR045192026,BR,GERP MERCADOLOGIA LTDA,GRUPO GERP GERP MERCADO GERP OPINIAO GERPAUDIT,05270800000146,S,2026-01-29,2026-01-26,2026-01-30,2026-02-04,2000,20000.00,2.24,texto,2.19,"universo considerado infinito e um nível de confiança de 95,55%, a margem de erro para projeções dos dados é estimada em",1770,543,GERP MERCADOLOGIA LTDA,GERP MERCADOLOGIA LTDA,N,04/10/2026 05:47:24
BR071282026,BR,BADRA COMUNICACAO LTDA,BADRA COMUNICACAO,04209958000148,S,2026-01-31,2026-01-27,2026-01-30,2026-02-06,1500,8000.00,2.5,texto,2.53,"universo, ou seja, o eleitorado da região de São Paulo",1551,220,BADRA COMUNICACAO LTDA,BADRA COMUNICACAO LTDA,N,04/10/2026 05:47:24
BR037962026,BR,JOTA JORNALISMO S/A,JOTA JORNALISMO,21050733000100,S,2026-01-26,2026-01-05,2026-01-31,2026-02-01,5000,110000.00,1.6,texto,1.39,,571,165,JOTA JORNALISMO S/A,JOTA JORNALISMO S/A,N,04/10/2026 05:47:24
BR020422026,BR,100% CIDADES PARTICIPACOES LTDA,100 CIDADES,52908063000144,N,2026-02-03,2026-01-29,2026-02-02,2026-02-09,1000,80000.00,3.1,texto,3.10,,3001,206,FUTURA CONSULTORIA E ASSESSORIA LTDA / FUTURA,FUTURA CONSULTORIA E ASSESSORIA LTDA / FUTURA,S,04/10/2026 05:47:24
BR084252026,BR,BOAS IDEIAS INTELIGENCIA EM PESQUISA E ESTRATEGIA DIGITAL LTDA,"BOAS IDEIAS, ESTRATEGIA E INTELIGENCIA DIGITAL.",13475743000160,N,2026-01-29,2026-01-30,2026-02-02,2026-02-04,1500,27600.00,2.5,texto,2.53,,1302,158,CANAL MEIO S.A.,CANAL MEIO S.A.,S,04/10/2026 05:47:24
BR015132026,BR,DATA CONTROL INSTITUTO DE PESQUISA LTDA - ME,DATA CONTROL INSTITUTO DE PESQUISA,02170847000140,N,2026-02-02,2026-01-30,2026-02-03,2026-02-08,800,15000.00,3.5,texto,3.46,,2482,1101,E. A. DE CARVALHO E CIA LTDA. / AMBIENTA - SOLUCOES AMBIENTAIS,E. A. DE CARVALHO E CIA LTDA. / AMBIENTA - SOLUCOES AMBIENTAIS,Recursos Próprios,04/10/2026 05:47:24
BR051802026,BR,REAL TIME MIDIA LTDA,REAL TIME BIG DATA,22345021000181,S,2026-01-29,2026-02-02,2026-02-03,2026-02-04,2000,80000.00,2,texto,2.19,,3299,222,REAL TIME MIDIA LTDA,REAL TIME MIDIA LTDA,N,04/10/2026 05:47:24
BR068152026,BR,REAL TIME MIDIA LTDA,REAL TIME BIG DATA,22345021000181,S,2026-01-30,2026-02-03,2026-02-04,2026-02-05,2000,80000.00,2,texto,2.19,,3347,221,REAL TIME MIDIA LTDA,REAL TIME MIDIA LTDA,N,04/10/2026 05:47:24
BR065592026,BR,DATAFOLHA INSTITUTO DE PESQUISAS LTDA.,,07630546000175,N,2026-01-30,2026-02-02,2026-02-05,2026-02-05,1022,115000.00,3,texto,3.07,"Universo: População com 16 anos ou mais, do estado de Pernambuco",2249,239,REDE NORDESTE DE COMUNICACAO LTDA / RADIO CBN RADIO MIX,REDE NORDESTE DE COMUNICACAO LTDA / RADIO CBN RADIO MIX,S,04/10/2026 05:47:24
BR074072026,BR,J J COELHO,INSTITUTO PHOENIX & ASSOCIADOS,04942645000102,N,2026-01-31,2026-02-02,2026-02-05,2026-02-06,605,7000.00,4,texto,3.98,,1448,307,FRANCO & RODRIGUES COMUNICACAO SOCIAL  E EMPREENDIMENTOS LTDA / JORNAL CORREIO CONTINENTAL RO,FRANCO & RODRIGUES COMUNICACAO SOCIAL  E EMPREENDIMENTOS LTDA / JORNAL CORREIO CONTINENTAL RO,Recursos Próprios,04/10/2026 05:47:24
BR068542026,BR,RANKING BRASIL INTELIGENCIA LTDA,RANKING BRASIL INTELIGENCIA,49860741000131,N,2026-02-02,2026-02-02,2026-02-06,2026-02-08,2000,20000.00,2.2,texto,2.19,,3366,338,RADIO FM D A LTDA / RADIO FM CAARAPO,RADIO FM D A LTDA / RADIO FM CAARAPO,Recursos Próprios,04/10/2026 05:47:24
BR022762026,BR,100% CIDADES PARTICIPACOES LTDA,100 CIDADES,52908063000144,N,2026-02-04,2026-02-03,2026-02-07,2026-02-10,2000,160000.00,2.2,texto,2.19,,3171,189,FUTURA CONSULTORIA E ASSESSORIA LTDA / FUTURA,FUTURA CONSULTORIA E ASSESSORIA LTDA / FUTURA,S,04/10/2026 05:47:24
BR030572026,BR,ANDRE CAVALCANTE FALABELLA LTDA,INSTITUTO DE PESQUISA MULTIPLA,22198794000182,S,2026-02-06,2026-02-03,2026-02-07,2026-02-12,1200,15000.00,2.8,texto,2.83,,2415,212,ANDRE CAVALCANTE FALABELLA LTDA,ANDRE CAVALCANTE FALABELLA LTDA,N,04/10/2026 05:47:24
BR064282026,BR,REAL TIME MIDIA LTDA,REAL TIME BIG DATA,22345021000181,S,2026-02-03,2026-02-06,2026-02-07,2026-02-09,2000,80000.00,2,texto,2.19,,3191,178,REAL TIME MIDIA LTDA,REAL TIME MIDIA LTDA,N,04/10/2026 05:47:24
BR002492026,BR,"QUAEST PESQUISAS, CONSULTORIA E PROJETOS LTDA.",,22445600000104,N,2026-02-05,2026-02-05,2026-02-09,2026-02-11,2004,465820.00,2,texto,2.19,,3139,570,BANCO GENIAL S.A.,BANCO GENIAL S.A.,S,04/10/2026 05:47:24
BR007892026,BR,REAL TIME MIDIA LTDA,REAL TIME BIG DATA,22345021000181,S,2026-02-04,2026-02-07,2026-02-09,2026-02-10,2000,80000.00,2,texto,2.19,,3397,222,REAL TIME MIDIA LTDA,REAL TIME MIDIA LTDA,N,04/10/2026 05:47:24
BR042912026,BR,COLECTTA INSTITUTO DE PESQUISA E ESTATISTICA LTDA,,53568314000151,N,2026-02-05,2026-02-05,2026-02-09,2026-02-11,2004,92000.00,2,texto,2.19,,1991,707,IA4U PROJETOS E PARTICIPACOES LTDA / IA4U,IA4U PROJETOS E PARTICIPACOES LTDA / IA4U,S,04/10/2026 05:47:24
BR065102026,BR,IPESPE INST DE PESQUISAS SOCIAIS POLITICAS E ECONOMICAS,,11849437000110,N,2026-02-05,2026-02-06,2026-02-09,2026-02-11,1500,80000.00,2.6,texto,2.53,,1882,576,SINDICATO DA MICRO E PEQUENA INDUSTRIA DO TIPO ARTESANAL DO ESTADO DE SAO PAULO / SIMPI,SINDICATO DA MICRO E PEQUENA INDUSTRIA DO TIPO ARTESANAL DO ESTADO DE SAO PAULO / SIMPI,S,04/10/2026 05:47:24
BR081812026,BR,100% CIDADES PARTICIPACOES LTDA,100 CIDADES,52908063000144,N,2026-02-05,2026-02-07,2026-02-09,2026-02-11,800,64000.00,3.5,texto,3.46,,3022,209,FUTURA CONSULTORIA E ASSESSORIA LTDA / FUTURA,FUTURA CONSULTORIA E ASSESSORIA LTDA / FUTURA,S,04/10/2026 05:47:24
BR002802026,BR,REAL TIME MIDIA LTDA,REAL TIME BIG DATA,22345021000181,S,2026-02-05,2026-02-09,2026-02-10,2026-02-11,2000,80000.00,2,texto,2.19,,3390,227,REAL TIME MIDIA LTDA,REAL TIME MIDIA LTDA,N,04/10/2026 05:47:24
BR076832026,BR,INSTITUTO PARANA DE PESQUISAS E ANALISE DE CONSUMIDOR LTDA,,81908345000140,S,2026-02-05,2026-02-06,2026-02-10,2026-02-11,1580,40000.00,2.5,texto,2.47,,3123,217,INSTITUTO PARANA DE PESQUISAS E ANALISE DE CONSUMIDOR LTDA,INSTITUTO PARANA DE PESQUISAS E ANALISE DE CONSUMIDOR LTDA,N,04/10/2026 05:47:24
BR085432026,BR,PERCENT PESQUISA DE MERCADO E OPINIAO LTDA,PERCENT PESQUISA DE MERCADO E OPINIAO,10544202000158,S,2026-02-15,2026-02-09,2026-02-17,2026-02-21,1200,30000.00,2.83,texto,2.83,,1571,908,PERCENT PESQUISA DE MERCADO E OPINIAO LTDA,PERCENT PESQUISA DE MERCADO E OPINIAO LTDA,N,04/10/2026 05:47:24
BR067802026,BR,INSTITUTO DATATRENDS LTDA,DATATRENDS,51772470000104,S,2026-02-22,2026-02-23,2026-02-24,2026-02-28,1200,15000.00,2.83,texto,2.83,,2464,1614,INSTITUTO DATATRENDS LTDA,INSTITUTO DATATRENDS LTDA,N,04/10/2026 05:47:24
BR076002026,BR,ATLASINTEL TECNOLOGIA DE DADOS LTDA,ATLASINTEL,19259002000128,S,2026-02-19,2026-02-19,2026-02-24,2026-02-25,5000,75000.00,1,texto,1.39,,1093,169,ATLASINTEL TECNOLOGIA DE DADOS LTDA,ATLASINTEL TECNOLOGIA DE DADOS LTDA,N,04/10/2026 05:47:24
BR079742026,BR,INSTITUTO PARANA DE PESQUISAS E ANALISE DE CONSUMIDOR LTDA,,81908345000140,S,2026-02-21,2026-02-22,2026-02-25,2026-02-27,2080,50000.00,2.2,texto,2.15,,3107,210,INSTITUTO PARANA DE PESQUISAS E ANALISE DE CONSUMIDOR LTDA,INSTITUTO PARANA DE PESQUISAS E ANALISE DE CONSUMIDOR LTDA,N,04/10/2026 05:47:24
BR030862026,BR,BADRA COMUNICACAO LTDA,BADRA COMUNICACAO,04209958000148,S,2026-02-21,2026-02-23,2026-02-27,2026-02-27,3000,8000.00,3,texto,1.79,"universo, ou seja, o eleitorado da região de Mogi das Cruzes",1565,226,BADRA COMUNICACAO LTDA,BADRA COMUNICACAO LTDA,N,04/10/2026 05:47:24
BR043202026,BR,SECULUS CONSULTORIA E ASSESSORIA LTDA ME,SECULUS CONSULTORIA E ASSESSORIA LTDA,24374946000186,N,2026-02-26,2026-02-25,2026-02-27,2026-03-04,1535,40000.00,2.5,texto,2.50,,2205,1551,S2R COMUNICACAO LTDA / BAHIA NOTICIAS,S2R COMUNICACAO LTDA / BAHIA NOTICIAS,S,04/10/2026 05:47:24
BR024102026,BR,INSTITUTO PARANA DE PESQUISAS E ANALISE DE CONSUMIDOR LTDA,,81908345000140,N,2026-02-24,2026-02-25,2026-02-28,2026-03-02,1500,130000.00,2.6,texto,2.53,,3136,219,DON7 MEDIA LTDA / DON7 MEDIA,DON7 MEDIA LTDA / DON7 MEDIA,S,04/10/2026 05:47:24
BR029212026,BR,J J COELHO,INSTITUTO PHOENIX & ASSOCIADOS,04942645000102,N,2026-02-25,2026-02-25,2026-02-28,2026-03-03,1200,8250.00,2.8,texto,2.83,,1462,295,FRANCO & RODRIGUES COMUNICACAO SOCIAL  E EMPREENDIMENTOS LTDA / JORNAL CORREIO CONTINENTAL RO,FRANCO & RODRIGUES COMUNICACAO SOCIAL  E EMPREENDIMENTOS LTDA / JORNAL CORREIO CONTINENTAL RO,Recursos Próprios,04/10/2026 05:47:24
BR087612026,BR,SETA INSTITUTO DE PESQUISA LTDA,INSTITUTO SETA DE PESQUISA,10783981000144,S,2026-02-27,2026-02-26,2026-02-28,2026-03-05,1500,15000.00,2.5,texto,2.53,,1967,176,SETA INSTITUTO DE PESQUISA LTDA,SETA INSTITUTO DE PESQUISA LTDA,N,04/10/2026 05:47:24
BR093532026,BR,REAL TIME MIDIA LTDA,REAL TIME BIG DATA,22345021000181,S,2026-02-25,2026-02-28,2026-03-02,2026-03-03,2000,80000.00,2,texto,2.19,,3191,178,REAL TIME MIDIA LTDA,REAL TIME MIDIA LTDA,N,04/10/2026 05:47:24
BR023362026,BR,MAPA MARKETING E PARTICIPACOES LTDA,,83203646000101,N,2026-02-25,2026-02-26,2026-03-03,2026-03-03,1008,54000.00,3.1,texto,3.09,"Universo: O público pesquisado é composto por eleitores de 16 anos ou mais, residentes no estado de Santa Catarina",3007,163,"RADIO CANOINHAS LTDA / JOVEM PAN FLORIPA 101,7 FM E JOVEM PAN NEWS 103,3 FM","RADIO CANOINHAS LTDA / JOVEM PAN FLORIPA 101,7 FM E JOVEM PAN NEWS 103,3 FM",S,04/10/2026 05:47:24
BR037422026,BR,VETOR ARROW INSTITUTO DE PESQUISA E OPINIAO LTDA,,55686336000141,S,2026-02-27,2026-02-27,2026-03-03,2026-03-05,9000,180000.00,2.5,texto,1.03,,1300,158,J C CHAVES CARNEIRO / BLOG DO JESO,J C CHAVES CARNEIRO / BLOG DO JESO,S,04/10/2026 05:47:24
BR066242026,BR,DCASTRO COMUNICACAO E MARKETING LTDA,DIRETO AO PONTO PESQUISAS,11642489000111,S,2026-03-01,2026-02-27,2026-03-03,2026-03-07,1200,35500.00,3,texto,2.83,"Universo: População do estado do Amazonas, com 16 anos ou mais",2289,280,DCASTRO COMUNICACAO E MARKETING LTDA,DCASTRO COMUNICACAO E MARKETING LTDA,N,04/10/2026 05:47:24
BR037782026,BR,INSTITUTO PARANA DE PESQUISAS E ANALISE DE CONSUMIDOR LTDA,,81908345000140,N,2026-02-28,2026-03-01,2026-03-04,2026-03-06,1500,135050.00,2.6,texto,2.53,,3135,220,PARTIDO LIBERAL (PL) / PARTIDO LIBERAL,PARTIDO LIBERAL (PL) / PARTIDO LIBERAL,S,04/10/2026 05:47:24
BR037152026,BR,DATAFOLHA INSTITUTO DE PESQUISAS LTDA.,,07630546000175,N,2026-02-27,2026-03-03,2026-03-05,2026-03-05,2004,307641.60,4,texto,2.19,"Universo: População brasileira, com 16 anos ou mais",2270,240,EMPRESA FOLHA DA MANHA S.A.,EMPRESA FOLHA DA MANHA S.A.,S,04/10/2026 05:47:24
BR067982026,BR,DATAFOLHA INSTITUTO DE PESQUISAS LTDA.,,07630546000175,N,2026-02-27,2026-03-03,2026-03-05,2026-03-05,1608,185706.64,4,texto,2.44,"Universo: População com 16 anos ou mais, do estado de São Paulo",2274,240,EMPRESA FOLHA DA MANHA S.A.,EMPRESA FOLHA DA MANHA S.A.,S,04/10/2026 05:47:24
BR042392026,BR,VIAVOX CONSULTORIA ADMINISTRATIVA E PESQUISAS DE OPINIAO LTDA,,14476135000132,N,2026-03-04,2026-03-05,2026-03-06,2026-03-10,400,5000.00,,ausente,4.90,,2138,1212,pessoa_fisica,pessoa_fisica,S,04/10/2026 05:47:24
BR053592026,BR,RANKING BRASIL INTELIGENCIA LTDA,RANKING BRASIL INTELIGENCIA,49860741000131,N,2026-02-28,2026-03-01,2026-03-06,2026-03-06,2000,20000.00,2.2,texto,2.19,,3318,280,RADIO FM D A LTDA / RADIO FM D.A.,RADIO FM D A LTDA / RADIO FM D.A.,Recursos Próprios,04/10/2026 05:47:24
BR066072026,BR,100% CIDADES PARTICIPACOES LTDA,100 CIDADES,52908063000144,N,2026-03-05,2026-03-02,2026-03-06,2026-03-11,2000,160000.00,2.2,texto,2.19,,3203,189,FUTURA CONSULTORIA E ASSESSORIA LTDA / FUTURA,FUTURA CONSULTORIA E ASSESSORIA LTDA / FUTURA,S,04/10/2026 05:47:24
BR074952026,BR,INSTITUTO GAZETA LTDA,IGAPE- INSTITUTO GAZETA DE PEQUISAS,04851508000154,N,2026-03-06,2026-03-03,2026-03-06,2026-03-12,1200,5000.00,2.8,texto,2.83,"universo da pesquisa é composto por eleitores do estado de Goiás, com idade a partir de 16 anos",1030,280,TV ATUAL LTDA / TV ATUAL RECORD NEWS,TV ATUAL LTDA / TV ATUAL RECORD NEWS,S,04/10/2026 05:47:24
BR000942026,BR,INSTITUTO PARANA DE PESQUISAS E ANALISE DE CONSUMIDOR LTDA,,81908345000140,N,2026-03-03,2026-03-04,2026-03-07,2026-03-09,1350,35000.00,2.7,texto,2.67,,3142,226,RADIO SAO JOAO DEL REI LTDA,RADIO SAO JOAO DEL REI LTDA,S,04/10/2026 05:47:24
BR019022026,BR,REAL TIME MIDIA LTDA,REAL TIME BIG DATA,22345021000181,S,2026-03-03,2026-03-06,2026-03-07,2026-03-09,2000,80000.00,2,texto,2.19,,3438,226,REAL TIME MIDIA LTDA,REAL TIME MIDIA LTDA,N,04/10/2026 05:47:24
BR005742026,BR,INSTITUTO PARANA DE PESQUISAS E ANALISE DE CONSUMIDOR LTDA,,81908345000140,S,2026-03-04,2026-03-05,2026-03-08,2026-03-10,1300,35000.00,2.8,texto,2.72,,3140,222,INSTITUTO PARANA DE PESQUISAS E ANALISE DE CONSUMIDOR LTDA,INSTITUTO PARANA DE PESQUISAS E ANALISE DE CONSUMIDOR LTDA,N,04/10/2026 05:47:24
BR011742026,BR,SETA INSTITUTO DE PESQUISA LTDA,INSTITUTO SETA DE PESQUISA,10783981000144,S,2026-03-14,2026-03-07,2026-03-09,2026-03-20,1500,15000.00,2.5,texto,2.53,,1971,173,SETA INSTITUTO DE PESQUISA LTDA,SETA INSTITUTO DE PESQUISA LTDA,N,04/10/2026 05:47:24
BR029952026,BR,A. F. BARBOSA & CIA. LTDA - ME,INSTITUTO DE PESQUISA RESULTADO IPR,06270812000133,N,2026-03-05,2026-03-05,2026-03-09,2026-03-11,784,12500.00,3.5,texto,3.50,Universo: Eleitores dos municípios de maior eleitorado de Mato Grosso do Sul dentro das 12 Regiões Imediatas referenciad,2616,1412,CORREIO DO ESTADO LTDA,CORREIO DO ESTADO LTDA,S,04/10/2026 05:47:24
BR058092026,BR,"QUAEST PESQUISAS, CONSULTORIA E PROJETOS LTDA.",,22445600000104,N,2026-03-05,2026-03-06,2026-03-09,2026-03-11,2004,465820.00,2,texto,2.19,,3139,570,BANCO GENIAL S.A.,BANCO GENIAL S.A.,S,04/10/2026 05:47:24
BR003862026,BR,BOAS IDEIAS INTELIGENCIA EM PESQUISA E ESTRATEGIA DIGITAL LTDA,"BOAS IDEIAS, ESTRATEGIA E INTELIGENCIA DIGITAL.",13475743000160,N,2026-03-05,2026-03-06,2026-03-10,2026-03-11,1500,27600.00,2.5,texto,2.53,,1300,158,CANAL MEIO S.A.,CANAL MEIO S.A.,S,04/10/2026 05:47:24
BR043672026,BR,REAL TIME MIDIA LTDA,REAL TIME BIG DATA,22345021000181,S,2026-03-05,2026-03-09,2026-03-10,2026-03-11,2000,80000.00,2,texto,2.19,,3442,231,REAL TIME MIDIA LTDA,REAL TIME MIDIA LTDA,N,04/10/2026 05:47:24
BR029442026,BR,"QUAEST PESQUISAS, CONSULTORIA E PROJETOS LTDA.",,22445600000104,N,2026-03-07,2026-03-05,2026-03-11,2026-03-13,1500,337730.00,3,texto,2.53,,3139,582,REALTIME1 PORTAL DE NOTICIAS LTDA / RT1 AMAZONAS,REALTIME1 PORTAL DE NOTICIAS LTDA / RT1 AMAZONAS,S,04/10/2026 05:47:24
BR031652026,BR,ALFA INTELIGENCIA E SERVICOS DE SOFTWARE E OPINIAO S/A,ALFA INTELIGENCIA,22400349000153,S,2026-03-06,2026-03-06,2026-03-11,2026-03-12,1000,50000.00,,ausente,3.10,,2038,315,ALFA INTELIGENCIA E SERVICOS DE SOFTWARE E OPINIAO S/A,ALFA INTELIGENCIA E SERVICOS DE SOFTWARE E OPINIAO S/A,N,04/10/2026 05:47:24
BR060872026,BR,INSTITUTO PARANA DE PESQUISAS E ANALISE DE CONSUMIDOR LTDA,,81908345000140,S,2026-03-07,2026-03-08,2026-03-11,2026-03-13,1500,40000.00,2.6,texto,2.53,,3142,228,INSTITUTO PARANA DE PESQUISAS E ANALISE DE CONSUMIDOR LTDA,INSTITUTO PARANA DE PESQUISAS E ANALISE DE CONSUMIDOR LTDA,N,04/10/2026 05:47:24
BR079462026,BR,REAL TIME MIDIA LTDA,REAL TIME BIG DATA,22345021000181,S,2026-03-06,2026-03-10,2026-03-11,2026-03-12,2000,80000.00,2,texto,2.19,,3443,222,REAL TIME MIDIA LTDA,REAL TIME MIDIA LTDA,N,04/10/2026 05:47:24
BR040312026,BR,J J COELHO,INSTITUTO PHOENIX & ASSOCIADOS,04942645000102,N,2026-03-06,2026-03-08,2026-03-12,2026-03-12,1055,8500.00,3,texto,3.02,,1487,295,FRANCO & RODRIGUES COMUNICACAO SOCIAL  E EMPREENDIMENTOS LTDA / JORNAL CORREIO CONTINENTAL RO,FRANCO & RODRIGUES COMUNICACAO SOCIAL  E EMPREENDIMENTOS LTDA / JORNAL CORREIO CONTINENTAL RO,Recursos Próprios,04/10/2026 05:47:24
BR050442026,BR,REAL TIME MIDIA LTDA,REAL TIME BIG DATA,22345021000181,S,2026-03-07,2026-03-11,2026-03-12,2026-03-13,2000,80000.00,2,texto,2.19,,3443,229,REAL TIME MIDIA LTDA,REAL TIME MIDIA LTDA,N,04/10/2026 05:47:24
BR090112026,BR,REAL TIME MIDIA LTDA,REAL TIME BIG DATA,22345021000181,S,2026-03-10,2026-03-13,2026-03-14,2026-03-16,2000,80000.00,2,texto,2.19,,3445,231,REAL TIME MIDIA LTDA,REAL TIME MIDIA LTDA,N,04/10/2026 05:47:24
BR070042026,BR,INSTITUTO PARANA DE PESQUISAS E ANALISE DE CONSUMIDOR LTDA,,81908345000140,S,2026-03-11,2026-03-12,2026-03-15,2026-03-17,1220,35000.00,2.9,texto,2.81,,3169,219,INSTITUTO PARANA DE PESQUISAS E ANALISE DE CONSUMIDOR LTDA,INSTITUTO PARANA DE PESQUISAS E ANALISE DE CONSUMIDOR LTDA,N,04/10/2026 05:47:24
BR046652026,BR,REAL TIME MIDIA LTDA,REAL TIME BIG DATA,22345021000181,S,2026-03-11,2026-03-14,2026-03-16,2026-03-17,1500,60000.00,2,texto,2.53,,3441,234,REAL TIME MIDIA LTDA,REAL TIME MIDIA LTDA,N,04/10/2026 05:47:24
BR088332026,BR,REAL TIME MIDIA LTDA,REAL TIME BIG DATA,22345021000181,S,2026-03-12,2026-03-16,2026-03-17,2026-03-18,1500,60000.00,2,texto,2.53,,3441,222,REAL TIME MIDIA LTDA,REAL TIME MIDIA LTDA,N,04/10/2026 05:47:24
BR013412026,BR,DATA TEMPO LIMITADA,,42532542000155,N,2026-03-13,2026-03-14,2026-03-18,2026-03-19,2000,170000.00,,ausente,2.19,"universo da pesquisa é composto por eleitores de Minas Gerais, com idade a partir de 16 anos",960,263,SEMPRE EDITORA LTDA,SEMPRE EDITORA LTDA,Recursos Próprios,04/10/2026 05:47:24
BR019052026,BR,INSTITUTO FRANCA DE PESQUISAS LTDA,INSTITUTO FRANCA DE PESQUISA PESQUISA E ASSESSORIA,24899123000174,S,2026-03-12,2026-03-16,2026-03-18,2026-03-18,1224,10000.00,3,texto,2.80,,3479,606,INSTITUTO FRANCA DE PESQUISAS LTDA,INSTITUTO FRANCA DE PESQUISAS LTDA,N,04/10/2026 05:47:24
BR035332026,BR,CONSULTORIA E PESQUISA TECNICA LTDA,CONSULT PESQUISA,04843093000177,N,2026-03-13,2026-03-15,2026-03-18,2026-03-19,1700,35000.00,2.37,texto,2.38,,3681,448,EMPRESA JORNALISTICA TRIBUNA DO NORTE LTDA - EM RECUPERACAO JUDICIAL,EMPRESA JORNALISTICA TRIBUNA DO NORTE LTDA - EM RECUPERACAO JUDICIAL,S,04/10/2026 05:47:24
BR041032026,BR,REAL TIME MIDIA LTDA,REAL TIME BIG DATA,22345021000181,S,2026-03-13,2026-03-17,2026-03-18,2026-03-19,1500,60000.00,2,texto,2.53,,3440,225,REAL TIME MIDIA LTDA,REAL TIME MIDIA LTDA,N,04/10/2026 05:47:24
BR050682026,BR,DATAFOLHA INSTITUTO DE PESQUISAS LTDA.,,07630546000175,N,2026-03-17,2026-03-16,2026-03-18,2026-03-23,816,81600.00,3,texto,3.43,"Universo: População com 16 anos ou mais, do estado do Ceará",2240,234,EMPRESA JORNALISTICA O POVO S A / JORNAL O POVO,EMPRESA JORNALISTICA O POVO S A / JORNAL O POVO,S,04/10/2026 05:47:24
BR099312026,BR,FACTUM COMUNICACAO LTDA,FACTUM COMUNICACAO,38168812000113,S,2026-03-14,2026-03-16,2026-03-18,2026-03-20,500,15000.00,4.37,texto,4.38,,1020,283,FACTUM COMUNICACAO LTDA,FACTUM COMUNICACAO LTDA,N,04/10/2026 05:47:24
BR030932026,BR,INSTITUTO VERITA LTDA,VERITA,00654576000172,S,2026-03-23,2026-03-13,2026-03-19,2026-03-29,1220,93940.00,3,texto,2.81,,2631,186,INSTITUTO VERITA LTDA,INSTITUTO VERITA LTDA,N,04/10/2026 05:47:24
BR051742026,BR,INSTITUTO VERITA LTDA,VERITA,00654576000172,S,2026-03-23,2026-03-13,2026-03-19,2026-03-29,3025,232925.00,2,texto,1.78,,2622,186,INSTITUTO VERITA LTDA,INSTITUTO VERITA LTDA,N,04/10/2026 05:47:24
BR096922026,BR,INSTITUTO VERITA LTDA,VERITA,00654576000172,S,2026-03-23,2026-03-13,2026-03-19,2026-03-29,1220,93940.00,3,texto,2.81,,2623,186,INSTITUTO VERITA LTDA,INSTITUTO VERITA LTDA,N,04/10/2026 05:47:24
BR005072026,BR,NEOBE GESTAO E SERVICOS LTDA,NEOKEMP PESQUISAS,29855711000120,N,2026-03-17,2026-03-18,2026-03-20,2026-03-23,1008,45000.00,3.1,texto,3.09,Universo: Eleitores do Estado do Paraná,2403,605,UNIAO BRASIL - PARANA - PR - ESTADUAL / UNIAO BRASIL - PARANA - PR - ESTADUAL,UNIAO BRASIL - PARANA - PR - ESTADUAL / UNIAO BRASIL - PARANA - PR - ESTADUAL,S,04/10/2026 05:47:24
BR019472026,BR,"ECM - EDICAO, COMUNICACAO & MARKETING LTDA",ECM-PESQUISAS,35851783000100,S,2026-03-13,2026-03-16,2026-03-20,2026-03-19,1200,12000.00,2.83,texto,2.83,,2961,268,"ECM - EDICAO, COMUNICACAO & MARKETING LTDA","ECM - EDICAO, COMUNICACAO & MARKETING LTDA",N,04/10/2026 05:47:24
BR047492026,BR,RANKING BRASIL INTELIGENCIA LTDA,RANKING BRASIL INTELIGENCIA,49860741000131,N,2026-03-16,2026-03-16,2026-03-20,2026-03-22,1000,10000.00,3.1,texto,3.10,,3723,284,RADIO FM D A LTDA / RADIO FM D.A.,RADIO FM D A LTDA / RADIO FM D.A.,S,04/10/2026 05:47:24
BR049482026,BR,DATA CONTROL INSTITUTO DE PESQUISA LTDA - ME,DATA CONTROL INSTITUTO DE PESQUISA,02170847000140,N,2026-03-19,2026-03-17,2026-03-20,2026-03-25,600,15000.00,4,texto,4.00,,2516,1119,E. A. DE CARVALHO E CIA LTDA. / AMBIENTA - SOLUCOES AMBIENTAIS,E. A. DE CARVALHO E CIA LTDA. / AMBIENTA - SOLUCOES AMBIENTAIS,Recursos Próprios,04/10/2026 05:47:24
BR015642026,BR,ECONOMETRICA PESQUISA LTDA,ECONOMETRICA PESQUISA,44470818000143,N,2026-03-25,2026-03-18,2026-03-21,2026-03-31,1556,40000.00,2.5,texto,2.48,,1740,351,H M BOGEA E CIA LTDA / JORNAL PEQUENO,H M BOGEA E CIA LTDA / JORNAL PEQUENO,S,04/10/2026 05:47:24
BR025312026,BR,REAL TIME MIDIA LTDA,REAL TIME BIG DATA,22345021000181,S,2026-03-17,2026-03-20,2026-03-21,2026-03-23,1600,64000.00,2,texto,2.45,,3350,221,REAL TIME MIDIA LTDA,REAL TIME MIDIA LTDA,N,04/10/2026 05:47:24
BR047002026,BR,INSTITUTO PARANA DE PESQUISAS E ANALISE DE CONSUMIDOR LTDA,,81908345000140,S,2026-03-17,2026-03-18,2026-03-21,2026-03-23,1400,35000.00,2.7,texto,2.62,,3169,218,INSTITUTO PARANA DE PESQUISAS E ANALISE DE CONSUMIDOR LTDA,INSTITUTO PARANA DE PESQUISAS E ANALISE DE CONSUMIDOR LTDA,N,04/10/2026 05:47:24
BR070462026,BR,F. FACANHA DE ALMEIDA,DELTA AGENCIA DE PESQUISA,08984712000102,N,2026-03-16,2026-03-16,2026-03-21,2026-03-22,1006,26000.00,3.1,texto,3.09,universo pesquisa é o mesmo daquele encontrado na amostra não sendo necessário nenhum tipo de ponderação,1446,254,RADIO E TELEVISAO NORTE LTDA,RADIO E TELEVISAO NORTE LTDA,S,04/10/2026 05:47:24
BR096582026,BR,ANOVA - INOVACAO E INTELIGENCIA EM PESQUISAS LTDA,ANOVA INSTITUTO DE PESQUISA,10956929000142,N,2026-03-20,2026-03-19,2026-03-21,2026-03-26,2000,20000.00,2.2,texto,2.19,,3434,241,PB AGORA SERVICOS DE INTERNET E COMUNICACOES LTDA / PB AGORA,PB AGORA SERVICOS DE INTERNET E COMUNICACOES LTDA / PB AGORA,S,04/10/2026 05:47:24
BR042272026,BR,ATLASINTEL TECNOLOGIA DE DADOS LTDA,ATLASINTEL,19259002000128,S,2026-03-18,2026-03-18,2026-03-23,2026-03-24,5000,75000.00,1,texto,1.39,,1091,165,ATLASINTEL TECNOLOGIA DE DADOS LTDA,ATLASINTEL TECNOLOGIA DE DADOS LTDA,N,04/10/2026 05:47:24
BR057632026,BR,REAL TIME MIDIA LTDA,REAL TIME BIG DATA,22345021000181,S,2026-03-18,2026-03-21,2026-03-23,2026-03-24,1600,64000.00,2,texto,2.45,,3344,228,REAL TIME MIDIA LTDA,REAL TIME MIDIA LTDA,N,04/10/2026 05:47:24
BR060582026,BR,ATLASINTEL TECNOLOGIA DE DADOS LTDA,ATLASINTEL,19259002000128,S,2026-03-25,2026-03-16,2026-03-23,2026-03-31,4200,75000.00,2,texto,1.51,,1095,169,ATLASINTEL TECNOLOGIA DE DADOS LTDA,ATLASINTEL TECNOLOGIA DE DADOS LTDA,N,04/10/2026 05:47:24
BR006642026,BR,REAL TIME MIDIA LTDA,REAL TIME BIG DATA,22345021000181,S,2026-03-19,2026-03-23,2026-03-24,2026-03-25,1600,64000.00,2,texto,2.45,,3412,226,REAL TIME MIDIA LTDA,REAL TIME MIDIA LTDA,N,04/10/2026 05:47:24
BR019602026,BR,INSTITUTO VERITA LTDA,VERITA,00654576000172,S,2026-04-01,2026-03-18,2026-03-24,2026-04-07,1030,79310.00,3.5,texto,3.05,,2622,186,INSTITUTO VERITA LTDA,INSTITUTO VERITA LTDA,N,04/10/2026 05:47:24
BR027432026,BR,INSTITUTO VERITA LTDA,VERITA,00654576000172,S,2026-03-23,2026-03-18,2026-03-24,2026-03-29,1220,93940.00,3,texto,2.81,,2621,186,INSTITUTO VERITA LTDA,INSTITUTO VERITA LTDA,N,04/10/2026 05:47:24
BR031832026,BR,INSTITUTO VERITA LTDA,VERITA,00654576000172,S,2026-03-23,2026-03-18,2026-03-24,2026-03-29,1030,79310.00,3.5,texto,3.05,,2623,186,INSTITUTO VERITA LTDA,INSTITUTO VERITA LTDA,N,04/10/2026 05:47:24
BR035832026,BR,INSTITUTO VERITA LTDA,VERITA,00654576000172,S,2026-03-23,2026-03-18,2026-03-24,2026-03-29,1525,117425.00,3,texto,2.51,,2622,186,INSTITUTO VERITA LTDA,INSTITUTO VERITA LTDA,N,04/10/2026 05:47:24
BR049072026,BR,INSTITUTO VERITA LTDA,VERITA,00654576000172,S,2026-03-23,2026-03-18,2026-03-24,2026-03-29,1220,93940.00,3,texto,2.81,,2622,186,INSTITUTO VERITA LTDA,INSTITUTO VERITA LTDA,N,04/10/2026 05:47:24
BR066382026,BR,INSTITUTO VERITA LTDA,VERITA,00654576000172,S,2026-03-23,2026-03-18,2026-03-24,2026-03-29,1525,117425.00,3,texto,2.51,,2625,186,INSTITUTO VERITA LTDA,INSTITUTO VERITA LTDA,N,04/10/2026 05:47:24
BR083852026,BR,INSTITUTO VERITA LTDA,VERITA,00654576000172,S,2026-03-23,2026-03-18,2026-03-24,2026-03-29,2020,155540.00,,ausente,2.18,,2608,186,INSTITUTO VERITA LTDA,INSTITUTO VERITA LTDA,N,04/10/2026 05:47:24
BR095542026,BR,INSTITUTO VERITA LTDA,VERITA,00654576000172,S,2026-03-23,2026-03-18,2026-03-24,2026-03-29,1220,93940.00,3,texto,2.81,,2631,186,INSTITUTO VERITA LTDA,INSTITUTO VERITA LTDA,N,04/10/2026 05:47:24
BR095782026,BR,INSTITUTO VERITA LTDA,VERITA,00654576000172,S,2026-03-23,2026-03-18,2026-03-24,2026-03-29,1220,93940.00,3,texto,2.81,,2628,186,INSTITUTO VERITA LTDA,INSTITUTO VERITA LTDA,N,04/10/2026 05:47:24
BR023002026,BR,"QUAEST PESQUISAS, CONSULTORIA E PROJETOS LTDA.",,22445600000104,N,2026-03-22,2026-03-22,2026-03-25,2026-03-28,1104,194810.00,3,texto,2.95,,3137,588,SA ESTADO DE MINAS,SA ESTADO DE MINAS,S,04/10/2026 05:47:24
BR053762026,BR,INTELIGENCIA EM PESQUISA E CONSULTORIA LTDA,IPEC,40735589000190,N,2026-03-19,2026-03-19,2026-03-25,2026-03-25,800,90000.00,3,texto,3.46,,1885,217,RADIO COSTA DO SOL LTDA,RADIO COSTA DO SOL LTDA,S,04/10/2026 05:47:24
BR054052026,BR,QUALITTA EMPREEDIMENTOS LTDA,QUALITTA EMPREENDIMENTOS,36461578000192,N,2026-03-21,2026-03-22,2026-03-25,2026-03-27,1200,18000.00,2.8,texto,2.83,,2281,309,TELEVISAO FUTURO E PRODUCOES LTDA / TELEVISAO FUTURO,TELEVISAO FUTURO E PRODUCOES LTDA / TELEVISAO FUTURO,Recursos Próprios,04/10/2026 05:47:24
BR058302026,BR,INSTITUTO VERITA LTDA,VERITA,00654576000172,S,2026-03-23,2026-03-21,2026-03-25,2026-03-29,1525,117425.00,3,texto,2.51,,2622,186,INSTITUTO VERITA LTDA,INSTITUTO VERITA LTDA,N,04/10/2026 05:47:24
BR087132026,BR,PNH PESQUISA DE MERCADO E OPINIAO PUBLICA LTDA.,AFFARE INSTITUTE,47683946000163,N,2026-03-22,2026-03-23,2026-03-26,2026-03-28,1500,22500.00,2.58,texto,2.53,,2239,560,O2 SOLUCOES LTDA / PLANOB SOLUCOES,O2 SOLUCOES LTDA / PLANOB SOLUCOES,S,04/10/2026 05:47:24
BR093812026,BR,MEDIA - INTELIGENCIA EM PESQUISA LTDA,MEDIA - INTELIGENCIA EM PESQUISA,61362466000121,N,2026-03-23,2026-03-23,2026-03-26,2026-03-29,-2000,21000.00,2.2,texto,,,3058,303,POTENGI COMUNICACAO LTDA,POTENGI COMUNICACAO LTDA,Recursos Próprios,04/10/2026 05:47:24
BR028462026,BR,GERP MERCADOLOGIA LTDA,GRUPO GERP GERP MERCADO GERP OPINIAO GERPAUDIT,05270800000146,N,2026-03-19,2026-03-21,2026-03-27,2026-03-25,2000,22500.00,2.24,texto,2.19,"universo considerado infinito e um nível de confiança de 95,55%, a margem de erro para projeções dos dados é estimada em",1746,538,AESP ASSOC EMISSORAS DE RADIO E TELEVISAO EST SAO PAULO,AESP ASSOC EMISSORAS DE RADIO E TELEVISAO EST SAO PAULO,S,04/10/2026 05:47:24
BR033752026,BR,INSTITUTO PIAUIENSE DE OPINIAO PUBLICA LTDA - EPP,AMOSTRAGEM OPINIAO E MERCADO,10320257000184,N,2026-03-27,2026-03-23,2026-03-27,2026-04-02,1137,70000.00,2.85,texto,2.91,,1216,306,SISTEMA MEIO NORTE DE COMUNICACAO LTDA / MEIO NORTE,SISTEMA MEIO NORTE DE COMUNICACAO LTDA / MEIO NORTE,S,04/10/2026 05:47:24
BR050672026,BR,100% CIDADES PARTICIPACOES LTDA,100 CIDADES,52908063000144,N,2026-03-26,2026-03-24,2026-03-27,2026-04-01,1200,96000.00,2.8,texto,2.83,,3032,204,FUTURA CONSULTORIA E ASSESSORIA LTDA / FUTURA,FUTURA CONSULTORIA E ASSESSORIA LTDA / FUTURA,S,04/10/2026 05:47:24
BR008732026,BR,INSTITUTO PARANA DE PESQUISAS E ANALISE DE CONSUMIDOR LTDA,,81908345000140,S,2026-03-24,2026-03-25,2026-03-28,2026-03-30,2080,50000.00,2.2,texto,2.15,,3140,210,INSTITUTO PARANA DE PESQUISAS E ANALISE DE CONSUMIDOR LTDA,INSTITUTO PARANA DE PESQUISAS E ANALISE DE CONSUMIDOR LTDA,N,04/10/2026 05:47:24
BR027782026,BR,METADATA SOLUCOES INTELIGENTES LTDA,METADATA,41744280000120,N,2026-03-26,2026-03-27,2026-03-28,2026-04-01,1000,10000.00,3.1,texto,3.10,"universo da pesquisa é composto pelo eleitorado da cidade de Natal, estado Rio Grande do Norte",3298,850,FM NORDESTE LTDA. / FM NORDESTE,FM NORDESTE LTDA. / FM NORDESTE,S,04/10/2026 05:47:24
BR034912026,BR,SETA INSTITUTO DE PESQUISA LTDA,INSTITUTO SETA DE PESQUISA,10783981000144,S,2026-03-25,2026-03-26,2026-03-28,2026-03-31,1500,15000.00,2.5,texto,2.53,,1971,173,SETA INSTITUTO DE PESQUISA LTDA,SETA INSTITUTO DE PESQUISA LTDA,N,04/10/2026 05:47:24
BR058232026,BR,VERITAS PLANEJAMENTO E ASSESSORIA LTDA,VERITAS PLANEJAMENTO,27844225000180,S,2026-03-25,2026-03-26,2026-03-28,2026-03-31,1000,50000.00,3,texto,3.10,,3614,230,VERITAS PLANEJAMENTO E ASSESSORIA LTDA,VERITAS PLANEJAMENTO E ASSESSORIA LTDA,N,04/10/2026 05:47:24
BR062762026,BR,REAL TIME MIDIA LTDA,REAL TIME BIG DATA,22345021000181,S,2026-03-24,2026-03-27,2026-03-28,2026-03-30,1600,64000.00,2,texto,2.45,,3406,222,REAL TIME MIDIA LTDA,REAL TIME MIDIA LTDA,N,04/10/2026 05:47:24
BR068082026,BR,ATLASINTEL TECNOLOGIA DE DADOS LTDA,ATLASINTEL,19259002000128,S,2026-03-23,2026-03-23,2026-03-28,2026-03-29,1000,75000.00,3,texto,3.10,,1094,166,ATLASINTEL TECNOLOGIA DE DADOS LTDA,ATLASINTEL TECNOLOGIA DE DADOS LTDA,N,04/10/2026 05:47:24
BR010792026,BR,ATLASINTEL TECNOLOGIA DE DADOS LTDA,ATLASINTEL,19259002000128,S,2026-03-24,2026-03-24,2026-03-29,2026-03-30,2200,75000.00,2,texto,2.09,,1098,172,ATLASINTEL TECNOLOGIA DE DADOS LTDA,ATLASINTEL TECNOLOGIA DE DADOS LTDA,N,04/10/2026 05:47:24
BR069042026,BR,NOVA IBRAPE PESQUISAS DE OPINIAO PUBLICA LTDA,NOVO IBRAPE,42098826000185,N,2026-03-24,2026-03-24,2026-03-29,2026-03-30,1000,1000.00,3,texto,3.10,universo pesquisado,2798,388,CAMPO GRANDE NOTICIAS LTDA / CAMPO GRANDE NEWS LTDA,CAMPO GRANDE NOTICIAS LTDA / CAMPO GRANDE NEWS LTDA,S,04/10/2026 05:47:24
BR071392026,BR,DATA CONTROL INSTITUTO DE PESQUISA LTDA - ME,DATA CONTROL INSTITUTO DE PESQUISA,02170847000140,N,2026-03-26,2026-03-22,2026-03-29,2026-04-01,1354,35000.00,2.6,texto,2.66,,2549,1101,E. A. DE CARVALHO E CIA LTDA. / AMBIENTA - SOLUCOES AMBIENTAIS,E. A. DE CARVALHO E CIA LTDA. / AMBIENTA - SOLUCOES AMBIENTAIS,Recursos Próprios,04/10/2026 05:47:24
BR078752026,BR,NEXUS PESQUISA E INTELIGENCIA DE DADOS LTDA,NEXUS,11077560000160,N,2026-03-24,2026-03-27,2026-03-29,2026-03-30,2000,164888.89,2,texto,2.19,,1751,473,BANCO BTG PACTUAL S.A.,BANCO BTG PACTUAL S.A.,S,04/10/2026 05:47:24
BR005202026,BR,ATLASINTEL TECNOLOGIA DE DADOS LTDA,ATLASINTEL,19259002000128,S,2026-03-25,2026-03-25,2026-03-30,2026-03-31,1200,75000.00,3,texto,2.83,,1093,168,ATLASINTEL TECNOLOGIA DE DADOS LTDA,ATLASINTEL TECNOLOGIA DE DADOS LTDA,N,04/10/2026 05:47:24
BR014432026,BR,INSTITUTO VERITA LTDA,VERITA,00654576000172,S,2026-03-23,2026-03-24,2026-03-30,2026-03-29,2030,156310.00,2.5,texto,2.18,,2630,186,INSTITUTO VERITA LTDA,INSTITUTO VERITA LTDA,N,04/10/2026 05:47:24
BR016662026,BR,ATLASINTEL TECNOLOGIA DE DADOS LTDA,ATLASINTEL,19259002000128,S,2026-03-25,2026-03-25,2026-03-30,2026-03-31,1200,75000.00,3,texto,2.83,,1103,177,ATLASINTEL TECNOLOGIA DE DADOS LTDA,ATLASINTEL TECNOLOGIA DE DADOS LTDA,N,04/10/2026 05:47:24
BR029122026,BR,INSTITUTO VERITA LTDA,VERITA,00654576000172,S,2026-03-23,2026-03-24,2026-03-30,2026-03-29,1220,93940.00,3,texto,2.81,,2623,186,INSTITUTO VERITA LTDA,INSTITUTO VERITA LTDA,N,04/10/2026 05:47:24
BR030382026,BR,DOXA ARTE & COMUNICAO S/S LTDA,DOXA,07317438000147,S,2026-03-25,2026-03-26,2026-03-30,2026-03-31,1064,15000.00,3.1,texto,3.00,,2686,1483,DOXA ARTE & COMUNICAO S/S LTDA,DOXA ARTE & COMUNICAO S/S LTDA,N,04/10/2026 05:47:24
BR035492026,BR,INSTITUTO PARANA DE PESQUISAS E ANALISE DE CONSUMIDOR LTDA,,81908345000140,N,2026-03-26,2026-03-27,2026-03-30,2026-04-01,1500,130000.00,2.6,texto,2.53,,3169,219,DON7 MEDIA LTDA / DON7 MEDIA,DON7 MEDIA LTDA / DON7 MEDIA,S,04/10/2026 05:47:24
BR042152026,BR,INSTITUTO VERITA LTDA,VERITA,00654576000172,S,2026-03-23,2026-03-24,2026-03-30,2026-03-29,2010,154770.00,2.5,texto,2.19,,2628,186,INSTITUTO VERITA LTDA,INSTITUTO VERITA LTDA,N,04/10/2026 05:47:24
BR042752026,BR,INSTITUTO VERITA LTDA,VERITA,00654576000172,S,2026-03-23,2026-03-24,2026-03-30,2026-03-29,1220,93940.00,3,texto,2.81,,2621,186,INSTITUTO VERITA LTDA,INSTITUTO VERITA LTDA,N,04/10/2026 05:47:24
BR045672026,BR,INSTITUTO VERITA LTDA,VERITA,00654576000172,S,2026-03-23,2026-03-24,2026-03-30,2026-03-29,1525,117425.00,3,texto,2.51,,2620,186,INSTITUTO VERITA LTDA,INSTITUTO VERITA LTDA,N,04/10/2026 05:47:24
BR045942026,BR,INSTITUTO VERITA LTDA,VERITA,00654576000172,S,2026-03-23,2026-03-24,2026-03-30,2026-03-29,1220,93940.00,3,texto,2.81,,2632,186,INSTITUTO VERITA LTDA,INSTITUTO VERITA LTDA,N,04/10/2026 05:47:24
BR053152026,BR,ATLASINTEL TECNOLOGIA DE DADOS LTDA,ATLASINTEL,19259002000128,S,2026-03-25,2026-03-25,2026-03-30,2026-03-31,1200,75000.00,3,texto,2.83,,1095,169,ATLASINTEL TECNOLOGIA DE DADOS LTDA,ATLASINTEL TECNOLOGIA DE DADOS LTDA,N,04/10/2026 05:47:24
BR056862026,BR,ATLASINTEL TECNOLOGIA DE DADOS LTDA,ATLASINTEL,19259002000128,S,2026-03-25,2026-03-25,2026-03-30,2026-03-31,2200,75000.00,2,texto,2.09,,1101,175,ATLASINTEL TECNOLOGIA DE DADOS LTDA,ATLASINTEL TECNOLOGIA DE DADOS LTDA,N,04/10/2026 05:47:24
BR086112026,BR,INSTITUTO VERITA LTDA,VERITA,00654576000172,S,2026-03-23,2026-03-24,2026-03-30,2026-03-29,2010,154770.00,2.5,texto,2.19,,2626,186,INSTITUTO VERITA LTDA,INSTITUTO VERITA LTDA,N,04/10/2026 05:47:24
BR093712026,BR,JOTA JORNALISMO S/A,JOTA JORNALISMO,21050733000100,S,2026-03-24,2026-03-01,2026-03-30,2026-03-30,5000,110000.00,1.6,texto,1.39,,548,167,JOTA JORNALISMO S/A,JOTA JORNALISMO S/A,N,04/10/2026 05:47:24
BR091102026,BR,INSTITUTO PARANA DE PESQUISAS E ANALISE DE CONSUMIDOR LTDA,,81908345000140,N,2026-03-27,2026-03-28,2026-03-31,2026-04-02,1300,45000.00,2.8,texto,2.72,,3169,219,OPCAO NOTICIAS LTDA,OPCAO NOTICIAS LTDA,S,04/10/2026 05:47:24
BR035942026,BR,100% CIDADES PARTICIPACOES LTDA,100 CIDADES,52908063000144,N,2026-03-31,2026-03-30,2026-04-01,2026-04-06,1000,63000.00,3.1,texto,3.10,,2971,197,TELEFOX AGENCIA DE NOTICIAS E TELECOMUNICACOES LTDA / GRUPO TELEFOX E EDITORA DE COMUNICACOES,TELEFOX AGENCIA DE NOTICIAS E TELECOMUNICACOES LTDA / GRUPO TELEFOX E EDITORA DE COMUNICACOES,S,04/10/2026 05:47:24
BR071202026,BR,A J TECH LTDA,VETOR TECNOLOGIA E PESQUISAS,55498337000162,N,2026-04-08,2026-03-28,2026-04-01,2026-04-14,1775,40000.00,2.32,texto,2.33,,805,1463,"EMPRESA DE INFORMACOES, DIVULGACOES E NOTICIAS LTDA","EMPRESA DE INFORMACOES, DIVULGACOES E NOTICIAS LTDA",S,04/10/2026 05:47:24
BR060092026,BR,SETA INSTITUTO DE PESQUISA LTDA,INSTITUTO SETA DE PESQUISA,10783981000144,S,2026-03-31,2026-03-31,2026-04-02,2026-04-06,1500,15000.00,2.5,texto,2.53,,1971,173,SETA INSTITUTO DE PESQUISA LTDA,SETA INSTITUTO DE PESQUISA LTDA,N,04/10/2026 05:47:24
BR044092026,BR,INSTITUTO DIVULGA LTDA,INSTITUTO DIVULGA,21703109000165,N,2026-04-08,2026-04-02,2026-04-03,2026-04-14,302,8000.00,5.5,texto,5.64,,2545,657,WERICK AMERICA DOS SANTOS  LTDA / PORTAL TV AMERICA,WERICK AMERICA DOS SANTOS  LTDA / PORTAL TV AMERICA,S,04/10/2026 05:47:24
BR084552026,BR,"ECM - EDICAO, COMUNICACAO & MARKETING LTDA",ECM-PESQUISAS,35851783000100,S,2026-03-29,2026-03-30,2026-04-03,2026-04-04,1200,11000.00,2.83,texto,2.83,,2961,268,"ECM - EDICAO, COMUNICACAO & MARKETING LTDA","ECM - EDICAO, COMUNICACAO & MARKETING LTDA",N,04/10/2026 05:47:24
BR003622026,BR,INSTITUTO VERITA LTDA,VERITA,00654576000172,S,2026-03-28,2026-03-29,2026-04-04,2026-04-03,1220,93940.00,3,texto,2.81,,2647,186,INSTITUTO VERITA LTDA,INSTITUTO VERITA LTDA,N,04/10/2026 05:47:24
BR011292026,BR,INSTITUTO VERITA LTDA,VERITA,00654576000172,S,2026-03-28,2026-03-29,2026-04-04,2026-04-03,2030,156310.00,2.5,texto,2.18,,2650,186,INSTITUTO VERITA LTDA,INSTITUTO VERITA LTDA,N,04/10/2026 05:47:24
BR014692026,BR,INSTITUTO VERITA LTDA,VERITA,00654576000172,S,2026-03-28,2026-03-29,2026-04-04,2026-04-03,1030,79310.00,3.5,texto,3.05,,2639,186,INSTITUTO VERITA LTDA,INSTITUTO VERITA LTDA,N,04/10/2026 05:47:24
BR016372026,BR,INSTITUTO VERITA LTDA,VERITA,00654576000172,S,2026-03-28,2026-03-29,2026-04-04,2026-04-03,1220,93940.00,3,texto,2.81,,2637,186,INSTITUTO VERITA LTDA,INSTITUTO VERITA LTDA,N,04/10/2026 05:47:24
BR017982026,BR,INSTITUTO VERITA LTDA,VERITA,00654576000172,S,2026-03-28,2026-03-29,2026-04-04,2026-04-03,1525,117425.00,2.5,texto,2.51,,2646,186,INSTITUTO VERITA LTDA,INSTITUTO VERITA LTDA,N,04/10/2026 05:47:24
BR024762026,BR,INSTITUTO VERITA LTDA,VERITA,00654576000172,S,2026-03-29,2026-03-13,2026-04-04,2026-04-04,40500,3118500.00,1,texto,0.49,,2644,3834,INSTITUTO VERITA LTDA,INSTITUTO VERITA LTDA,N,04/10/2026 05:47:24
BR034612026,BR,INSTITUTO VERITA LTDA,VERITA,00654576000172,S,2026-03-28,2026-03-29,2026-04-04,2026-04-03,2020,155540.00,2.5,texto,2.18,,2651,186,INSTITUTO VERITA LTDA,INSTITUTO VERITA LTDA,N,04/10/2026 05:47:24
BR041182026,BR,INSTITUTO VERITA LTDA,VERITA,00654576000172,S,2026-03-28,2026-03-29,2026-04-04,2026-04-03,1220,93940.00,3,texto,2.81,,2639,186,INSTITUTO VERITA LTDA,INSTITUTO VERITA LTDA,N,04/10/2026 05:47:24
BR048902026,BR,CENTRO DE ESTUDOS E PESQUISAS POLITICAS HISTORICAS E DE ORGANIZACOES (CEPPHOR),CEPPHOR,07465676000108,S,2026-04-02,2026-04-04,2026-04-05,2026-04-08,400,20000.00,4.9,texto,4.90,,1487,368,CENTRO DE ESTUDOS E PESQUISAS POLITICAS HISTORICAS E DE ORGANIZACOES (CEPPHOR),CENTRO DE ESTUDOS E PESQUISAS POLITICAS HISTORICAS E DE ORGANIZACOES (CEPPHOR),N,04/10/2026 05:47:24
BR078732026,BR,100% CIDADES PARTICIPACOES LTDA,100 CIDADES,52908063000144,N,2026-04-04,2026-04-01,2026-04-06,2026-04-10,800,64000.00,3.5,texto,3.46,,2899,209,FUTURA CONSULTORIA E ASSESSORIA LTDA / FUTURA,FUTURA CONSULTORIA E ASSESSORIA LTDA / FUTURA,S,04/10/2026 05:47:24
BR006052026,BR,BOAS IDEIAS INTELIGENCIA EM PESQUISA E ESTRATEGIA DIGITAL LTDA,"BOAS IDEIAS, ESTRATEGIA E INTELIGENCIA DIGITAL.",13475743000160,N,2026-04-02,2026-04-03,2026-04-07,2026-04-08,1500,27600.00,13,texto,2.53,,1573,158,CANAL MEIO S.A.,CANAL MEIO S.A.,S,04/10/2026 05:47:24
BR099642026,BR,REAL TIME MIDIA LTDA,REAL TIME BIG DATA,22345021000181,S,2026-04-02,2026-04-06,2026-04-07,2026-04-08,1600,64000.00,2,texto,2.45,,3392,227,REAL TIME MIDIA LTDA,REAL TIME MIDIA LTDA,N,04/10/2026 05:47:24
BR044202026,BR,INSTITUTO FRANCA DE PESQUISAS LTDA,INSTITUTO FRANCA DE PESQUISA PESQUISA E ASSESSORIA,24899123000174,S,2026-04-03,2026-04-06,2026-04-08,2026-04-08,1200,15000.00,2.8,texto,2.83,,3520,607,INSTITUTO FRANCA DE PESQUISAS LTDA,INSTITUTO FRANCA DE PESQUISAS LTDA,N,04/10/2026 05:47:24
BR037702026,BR,DATAFOLHA INSTITUTO DE PESQUISAS LTDA.,,07630546000175,N,2026-04-05,2026-04-07,2026-04-09,2026-04-11,2004,307641.60,4,texto,2.19,"Universo: População brasileira, com 16 anos ou mais",2272,236,EMPRESA FOLHA DA MANHA S.A.,EMPRESA FOLHA DA MANHA S.A.,S,04/10/2026 05:47:24
BR007392026,BR,"JS PORTAIS, COMUNICACAO E PUBLICIDADE LTDA",INSTITUTO GP1 DE PESQUISA,26269731000120,N,2026-04-07,2026-04-07,2026-04-10,2026-04-13,1137,60000.00,2.91,texto,2.91,,1472,258,J C S HOLANDA  LTDA / JC COMUNICACAO,J C S HOLANDA  LTDA / JC COMUNICACAO,S,04/10/2026 05:47:24
BR040892026,BR,RANKING BRASIL INTELIGENCIA LTDA,RANKING BRASIL INTELIGENCIA,49860741000131,N,2026-04-04,2026-04-05,2026-04-10,2026-04-10,2000,20000.00,2.2,texto,2.19,,3902,304,RADIO FM D A LTDA / RADIO FM D.A.,RADIO FM D A LTDA / RADIO FM D.A.,S,04/10/2026 05:47:24
BR082822026,BR,100% CIDADES PARTICIPACOES LTDA,100 CIDADES,52908063000144,N,2026-04-08,2026-04-07,2026-04-11,2026-04-14,2000,160000.00,2.2,texto,2.19,,3203,189,FUTURA CONSULTORIA E ASSESSORIA LTDA / FUTURA,FUTURA CONSULTORIA E ASSESSORIA LTDA / FUTURA,S,04/10/2026 05:47:24
BR089712026,BR,PNH PESQUISA DE MERCADO E OPINIAO PUBLICA LTDA.,AFFARE INSTITUTE,47683946000163,N,2026-04-06,2026-04-07,2026-04-11,2026-04-12,1500,22500.00,2.58,texto,2.53,,2294,560,O2 SOLUCOES LTDA / PLANOB SOLUCOES,O2 SOLUCOES LTDA / PLANOB SOLUCOES,S,04/10/2026 05:47:24
BR020802026,BR,INSTITUTO PARANA DE PESQUISAS E ANALISE DE CONSUMIDOR LTDA,,81908345000140,N,2026-04-07,2026-04-10,2026-04-12,2026-04-13,1500,135025.00,2.6,texto,2.53,,3157,220,PARTIDO LIBERAL (PL) / PARTIDO LIBERAL,PARTIDO LIBERAL (PL) / PARTIDO LIBERAL,S,04/10/2026 05:47:24
BR028472026,BR,MDA-PESQUISA DE OPINIAO PUBLICA E CONSULT. ESTATIST. LTDA - EPP,,19090489000168,N,2026-04-08,2026-04-08,2026-04-12,2026-04-14,2002,230038.00,2.2,texto,2.19,universo desta pesquisa compreende os eleitores e eleitoras do Brasil com idade de 16 anos ou mais,2757,297,CONFEDERACAO NACIONAL DO TRANSPORTE,CONFEDERACAO NACIONAL DO TRANSPORTE,S,04/10/2026 05:47:24
BR092852026,BR,"QUAEST PESQUISAS, CONSULTORIA E PROJETOS LTDA.",,22445600000104,N,2026-04-09,2026-04-10,2026-04-13,2026-04-15,2004,465820.00,2,texto,2.19,,3138,570,BANCO GENIAL S.A.,BANCO GENIAL S.A.,S,04/10/2026 05:47:24
BR095922026,BR,INSTITUTO PIAUIENSE DE OPINIAO PUBLICA LTDA - EPP,AMOSTRAGEM OPINIAO E MERCADO,10320257000184,N,2026-04-16,2026-04-09,2026-04-13,2026-04-22,1000,16000.00,3.1,texto,3.10,,1395,399,SISTEMA TIMON DE RADIODIFUSAO LTDA. / TV MEIO NORTE,SISTEMA TIMON DE RADIODIFUSAO LTDA. / TV MEIO NORTE,S,04/10/2026 05:47:24
BR034112026,BR,INSTITUTO PIAUIENSE DE OPINIAO PUBLICA LTDA - EPP,AMOSTRAGEM OPINIAO E MERCADO,10320257000184,N,2026-04-16,2026-04-10,2026-04-14,2026-04-22,600,12000.00,3.92,texto,4.00,,1394,298,SISTEMA TIMON DE RADIODIFUSAO LTDA. / TV MEIO NORTE,SISTEMA TIMON DE RADIODIFUSAO LTDA. / TV MEIO NORTE,S,04/10/2026 05:47:24
BR084532026,BR,INSTITUTO PARANA DE PESQUISAS E ANALISE DE CONSUMIDOR LTDA,,81908345000140,S,2026-04-10,2026-04-11,2026-04-14,2026-04-16,1600,50000.00,2.5,texto,2.45,,3158,223,INSTITUTO PARANA DE PESQUISAS E ANALISE DE CONSUMIDOR LTDA,INSTITUTO PARANA DE PESQUISAS E ANALISE DE CONSUMIDOR LTDA,N,04/10/2026 05:47:24
BR090552026,BR,DOXA ARTE & COMUNICAO S/S LTDA,DOXA,07317438000147,N,2026-04-09,2026-04-09,2026-04-14,2026-04-15,2000,60000.00,3.1,texto,2.19,,2691,466,DDD91 LTDA / DDD91 | DDD91 LTDA / DDD91,DDD91 LTDA / DDD91 | DDD91 LTDA / DDD91,S | S,04/10/2026 05:47:24
BR012212026,BR,DATAFOLHA INSTITUTO DE PESQUISAS LTDA.,,07630546000175,N,2026-04-10,2026-04-13,2026-04-15,2026-04-16,1022,120000.00,3,texto,3.07,"Universo: População com 16 anos ou mais, do estado de Pernambuco",2248,239,REDE NORDESTE DE COMUNICACAO LTDA / RADIO CBN RADIO MIX,REDE NORDESTE DE COMUNICACAO LTDA / RADIO CBN RADIO MIX,S,04/10/2026 05:47:24
BR036382026,BR,A J TECH LTDA,VETOR TECNOLOGIA E PESQUISAS,55498337000162,N,2026-04-20,2026-04-10,2026-04-15,2026-04-26,1615,41000.00,2.44,texto,2.44,,856,1750,CONECTA PIAUI PRODUTORA E COMUNICACAO LTDA / CONECTA PIAUI PORTAL E PRODUTORA,CONECTA PIAUI PRODUTORA E COMUNICACAO LTDA / CONECTA PIAUI PORTAL E PRODUTORA,S,04/10/2026 05:47:24
BR031352026,BR,100% CIDADES PARTICIPACOES LTDA,100 CIDADES,52908063000144,N,2026-04-27,2026-04-14,2026-04-16,2026-05-03,1000,80000.00,3.1,texto,3.10,,2901,197,FUTURA CONSULTORIA E ASSESSORIA LTDA / FUTURA,FUTURA CONSULTORIA E ASSESSORIA LTDA / FUTURA,S,04/10/2026 05:47:24
BR058212026,BR,MORAIS & DIAS INSTITUTO DE OPINI O P BLICA LTDA  - ME,,23723322000164,N,2026-04-18,2026-04-14,2026-04-16,2026-04-24,312,4000.00,5.55,texto,5.55,,763,1390,pessoa_fisica,pessoa_fisica,S,04/10/2026 05:47:24
BR089052026,BR,INSTITUTO DE PESQUISAS PERFIL LTDA,,10175843000182,N,2026-04-11,2026-04-13,2026-04-16,2026-04-17,1800,40000.00,2.3,texto,2.31,,1998,268,BDC COMUNICACOES LTDA,BDC COMUNICACOES LTDA,Recursos Próprios,04/10/2026 05:47:24
BR019492026,BR,EXATUS CONSULTORIA E PESQUISA LTDA,EXATUS CONSULTORIA E PESQUISA,36443750000185,N,2026-04-22,2026-04-14,2026-04-17,2026-04-28,1518,30000.00,2.51,texto,2.52,universo pesquisado,2999,863,A DE O VIANA EDITORA E COMUNICACAO LTDA / GRUPO AGORA RN,A DE O VIANA EDITORA E COMUNICACAO LTDA / GRUPO AGORA RN,S,04/10/2026 05:47:24
BR074272026,BR,J J COELHO,INSTITUTO PHOENIX & ASSOCIADOS,04942645000102,N,2026-04-10,2026-04-13,2026-04-17,2026-04-16,1355,8600.00,2.7,texto,2.66,,2030,262,FRANCO & RODRIGUES COMUNICACAO SOCIAL  E EMPREENDIMENTOS LTDA / JORNAL CORREIO CONTINENTAL RO,FRANCO & RODRIGUES COMUNICACAO SOCIAL  E EMPREENDIMENTOS LTDA / JORNAL CORREIO CONTINENTAL RO,Recursos Próprios,04/10/2026 05:47:24
BR094462026,BR,OPINIAO PESQUISAS SOCIAIS LTDA,OPINIAO PESQUISAS SOCIAIS,04994119000188,N,2026-04-13,2026-04-14,2026-04-17,2026-04-19,2000,45000.00,2.2,texto,2.19,,2403,188,BLOG DO MAGNO MARTINS COMUNICACAO LTDA / BLOG DO MAGNO MARTINS,BLOG DO MAGNO MARTINS COMUNICACAO LTDA / BLOG DO MAGNO MARTINS,S,04/10/2026 05:47:24
BR018682026,BR,PARLA MENTORS CONSULTORIA LTDA,PARLA MENTORS CONSULTORIA,61407109000132,N,2026-04-16,2026-04-16,2026-04-18,2026-04-22,400,8000.00,4.71,texto,4.90,,1218,337,J E FERREIRA / TVM TELECOM,J E FERREIRA / TVM TELECOM,S,04/10/2026 05:47:24
BR078242026,BR,INSTITUTO PIAUIENSE DE OPINIAO PUBLICA LTDA - EPP,AMOSTRAGEM OPINIAO E MERCADO,10320257000184,N,2026-04-20,2026-04-15,2026-04-18,2026-04-26,400,12000.00,4.8,texto,4.90,,1387,298,SISTEMA TIMON DE RADIODIFUSAO LTDA. / TV MEIO NORTE,SISTEMA TIMON DE RADIODIFUSAO LTDA. / TV MEIO NORTE,S,04/10/2026 05:47:24
BR079702026,BR,INSTITUTO PIAUIENSE DE OPINIAO PUBLICA LTDA - EPP,AMOSTRAGEM OPINIAO E MERCADO,10320257000184,N,2026-04-20,2026-04-15,2026-04-18,2026-04-26,400,12000.00,4.8,texto,4.90,,1389,298,SISTEMA TIMON DE RADIODIFUSAO LTDA. / TV MEIO NORTE,SISTEMA TIMON DE RADIODIFUSAO LTDA. / TV MEIO NORTE,S,04/10/2026 05:47:24
BR092822026,BR,INSTITUTO VERITA LTDA,VERITA,00654576000172,S,2026-04-13,2026-04-14,2026-04-18,2026-04-19,1220,93940.00,3,texto,2.81,,2648,186,INSTITUTO VERITA LTDA,INSTITUTO VERITA LTDA,N,04/10/2026 05:47:24
BR024192026,BR,"DATAPRESS INSTITUTO DE PESQUISA, COMUNICACAO E PUBLICIDADE LTDA",,66990367000108,N,2026-04-20,2026-04-18,2026-04-19,2026-04-26,601,15000.00,3.99,texto,4.00,,749,219,MARZO COMUNICACOES LTDA | MARZO COMUNICACOES LTDA,MARZO COMUNICACOES LTDA | MARZO COMUNICACOES LTDA,S | S,04/10/2026 05:47:24
BR003662026,BR,INSTITUTO PIAUIENSE DE OPINIAO PUBLICA LTDA - EPP,AMOSTRAGEM OPINIAO E MERCADO,10320257000184,N,2026-04-20,2026-04-16,2026-04-20,2026-04-26,400,12000.00,4.8,texto,4.90,,1386,298,SISTEMA TIMON DE RADIODIFUSAO LTDA. / TV MEIO NORTE,SISTEMA TIMON DE RADIODIFUSAO LTDA. / TV MEIO NORTE,S,04/10/2026 05:47:24
BR026972026,BR,BRASMARKET ANALISE E INVESTIGACAO DE MERCADO LTDA,BRASMARKET,49875610000128,N,2026-04-16,2026-04-17,2026-04-21,2026-04-22,1200,35000.00,2.84,texto,2.83,"Universo: eleitores com 16 anos ou mais, aptos a votar no Estado do Rio Grande do Sul, conforme dados do Tribunal Superi",2823,294,PORTO ALEGRE SERVICOS DIGITAIS LTDA / PORTO ALEGRE DIGITAL,PORTO ALEGRE SERVICOS DIGITAIS LTDA / PORTO ALEGRE DIGITAL,S,04/10/2026 05:47:24
BR019202026,BR,INSTITUTO PARANA DE PESQUISAS E ANALISE DE CONSUMIDOR LTDA,,81908345000140,S,2026-04-18,2026-04-21,2026-04-23,2026-04-24,1680,45000.00,2.4,texto,2.39,,3143,222,INSTITUTO PARANA DE PESQUISAS E ANALISE DE CONSUMIDOR LTDA,INSTITUTO PARANA DE PESQUISAS E ANALISE DE CONSUMIDOR LTDA,N,04/10/2026 05:47:24
BR071042026,BR,INSTITUTO DATATRENDS LTDA,DATATRENDS,51772470000104,S,2026-04-20,2026-04-22,2026-04-23,2026-04-26,1200,15000.00,2.83,texto,2.83,universo pesquisado,2375,1945,INSTITUTO DATATRENDS LTDA,INSTITUTO DATATRENDS LTDA,N,04/10/2026 05:47:24
BR021392026,BR,100% CIDADES PARTICIPACOES LTDA,100 CIDADES,52908063000144,N,2026-04-27,2026-04-22,2026-04-24,2026-05-03,1000,80000.00,3.1,texto,3.10,,2930,206,FUTURA CONSULTORIA E ASSESSORIA LTDA / FUTURA,FUTURA CONSULTORIA E ASSESSORIA LTDA / FUTURA,S,04/10/2026 05:47:24
BR016562026,BR,"QUAEST PESQUISAS, CONSULTORIA E PROJETOS LTDA.",,22445600000104,N,2026-04-21,2026-04-21,2026-04-25,2026-04-27,1104,215479.57,3,texto,2.95,,3137,580,BANCO GENIAL S.A.,BANCO GENIAL S.A.,S,04/10/2026 05:47:24
BR017552026,BR,"QUAEST PESQUISAS, CONSULTORIA E PROJETOS LTDA.",,22445600000104,N,2026-04-21,2026-04-21,2026-04-25,2026-04-27,900,181155.18,3,texto,3.27,,3135,578,BANCO GENIAL S.A.,BANCO GENIAL S.A.,S,04/10/2026 05:47:24
BR019712026,BR,100% CIDADES PARTICIPACOES LTDA,100 CIDADES,52908063000144,N,2026-04-28,2026-04-24,2026-04-25,2026-05-04,800,64000.00,3.5,texto,3.46,,2914,206,FUTURA CONSULTORIA E ASSESSORIA LTDA / FUTURA,FUTURA CONSULTORIA E ASSESSORIA LTDA / FUTURA,S,04/10/2026 05:47:24
BR035092026,BR,INSTITUTO DATA AZ DE PESQUISA LTDA,INSTITUTO DE PESQUISA DATA AZ,55105999000125,N,2026-04-22,2026-04-20,2026-04-25,2026-04-28,800,6000.00,3.46,texto,3.46,,779,1676,JOSE DE ARIMATEIA AZEVEDO LTDA / PORTAL AZ,JOSE DE ARIMATEIA AZEVEDO LTDA / PORTAL AZ,S,04/10/2026 05:47:24
BR062072026,BR,"QUAEST PESQUISAS, CONSULTORIA E PROJETOS LTDA.",,22445600000104,N,2026-04-21,2026-04-21,2026-04-25,2026-04-27,1200,205008.84,3,texto,2.83,,3137,588,BANCO GENIAL S.A.,BANCO GENIAL S.A.,S,04/10/2026 05:47:24
BR075192026,BR,INSTITUTO VOX BRASIL OPINIAO E PESQUISAS LTDA,,45613076000120,S,2026-04-20,2026-04-22,2026-04-25,2026-04-26,1480,50000.00,2.55,texto,2.55,,2522,378,INSTITUTO VOX BRASIL OPINIAO E PESQUISAS LTDA,INSTITUTO VOX BRASIL OPINIAO E PESQUISAS LTDA,N,04/10/2026 05:47:24
BR004302026,BR,"QUAEST PESQUISAS, CONSULTORIA E PROJETOS LTDA.",,22445600000104,N,2026-04-22,2026-04-22,2026-04-26,2026-04-28,1482,233840.06,3,texto,2.55,,3137,586,BANCO GENIAL S.A.,BANCO GENIAL S.A.,S,04/10/2026 05:47:24
BR010752026,BR,NEXUS PESQUISA E INTELIGENCIA DE DADOS LTDA,NEXUS,11077560000160,N,2026-04-21,2026-04-24,2026-04-26,2026-04-27,2000,164888.89,2,texto,2.19,,1751,473,BANCO BTG PACTUAL S.A. | BANCO BTG PACTUAL S.A.,BANCO BTG PACTUAL S.A. | BANCO BTG PACTUAL S.A.,S | S,04/10/2026 05:47:24
BR034732026,BR,"QUAEST PESQUISAS, CONSULTORIA E PROJETOS LTDA.",,22445600000104,N,2026-04-22,2026-04-22,2026-04-26,2026-04-28,900,183218.59,3,texto,3.27,,3135,584,BANCO GENIAL S.A.,BANCO GENIAL S.A.,S,04/10/2026 05:47:24
BR079922026,BR,ATLASINTEL TECNOLOGIA DE DADOS LTDA,ATLASINTEL,19259002000128,S,2026-04-22,2026-04-22,2026-04-27,2026-04-28,5000,75000.00,1,texto,1.39,,1091,165,ATLASINTEL TECNOLOGIA DE DADOS LTDA,ATLASINTEL TECNOLOGIA DE DADOS LTDA,N,04/10/2026 05:47:24
BR087032026,BR,"QUAEST PESQUISAS, CONSULTORIA E PROJETOS LTDA.",,22445600000104,N,2026-04-23,2026-04-23,2026-04-27,2026-04-29,1200,246482.01,3,texto,2.83,,3137,579,BANCO GENIAL S.A.,BANCO GENIAL S.A.,S,04/10/2026 05:47:24
BR099282026,BR,"QUAEST PESQUISAS, CONSULTORIA E PROJETOS LTDA.",,22445600000104,N,2026-04-23,2026-04-23,2026-04-27,2026-04-29,1650,279386.89,2,texto,2.41,,3137,583,BANCO GENIAL S.A.,BANCO GENIAL S.A.,S,04/10/2026 05:47:24
BR013472026,BR,"QUAEST PESQUISAS, CONSULTORIA E PROJETOS LTDA.",,22445600000104,N,2026-04-24,2026-04-24,2026-04-28,2026-04-30,1002,204886.89,3,texto,3.10,,3137,579,BANCO GENIAL S.A.,BANCO GENIAL S.A.,S,04/10/2026 05:47:24
BR013682026,BR,"QUAEST PESQUISAS, CONSULTORIA E PROJETOS LTDA.",,22445600000104,N,2026-04-24,2026-04-24,2026-04-28,2026-04-30,1104,239169.81,3,texto,2.95,,3137,579,BANCO GENIAL S.A.,BANCO GENIAL S.A.,S,04/10/2026 05:47:24
BR069152026,BR,"QUAEST PESQUISAS, CONSULTORIA E PROJETOS LTDA.",,22445600000104,N,2026-04-24,2026-04-24,2026-04-28,2026-04-30,1104,225272.25,3,texto,2.95,,3137,591,BANCO GENIAL S.A.,BANCO GENIAL S.A.,S,04/10/2026 05:47:24
BR088162026,BR,"QUAEST PESQUISAS, CONSULTORIA E PROJETOS LTDA.",,22445600000104,N,2026-04-24,2026-04-25,2026-04-28,2026-04-30,804,95877.00,3,texto,3.46,,3135,588,A GAZETA DO ESPIRITO SANTO RADIO E TV LTDA / TV GAZETA,A GAZETA DO ESPIRITO SANTO RADIO E TV LTDA / TV GAZETA,S,04/10/2026 05:47:24
BR091712026,BR,INSTITUTO NOVO PERFIL PESQUISAS LTDA,PERFIL PESQUISAS,44338241000110,S,2026-04-22,2026-04-22,2026-04-28,2026-04-28,1068,26000.00,3,texto,3.00,,2565,783,INSTITUTO NOVO PERFIL PESQUISAS LTDA,INSTITUTO NOVO PERFIL PESQUISAS LTDA,N,04/10/2026 05:47:24
BR002572026,BR,NEOBE GESTAO E SERVICOS LTDA,NEOKEMP PESQUISAS,29855711000120,N,2026-04-23,2026-04-27,2026-04-29,2026-04-29,1008,45000.00,3.1,texto,3.09,Universo: Eleitores do Estado do Paraná,2504,605,REDE PARANA NOTICIAS LTDA / A REDE,REDE PARANA NOTICIAS LTDA / A REDE,S,04/10/2026 05:47:24
BR005762026,BR,100% CIDADES PARTICIPACOES LTDA,100 CIDADES,52908063000144,N,2026-04-30,2026-04-27,2026-04-29,2026-05-06,1200,96000.00,2.8,texto,2.83,,2933,201,FUTURA CONSULTORIA E ASSESSORIA LTDA / FUTURA,FUTURA CONSULTORIA E ASSESSORIA LTDA / FUTURA,S,04/10/2026 05:47:24
BR013812026,BR,F. FACANHA DE ALMEIDA,DELTA AGENCIA DE PESQUISA,08984712000102,N,2026-04-25,2026-04-25,2026-04-30,2026-05-01,1006,33000.00,3.1,texto,3.09,universo pesquisa é o mesmo daquele encontrado na amostra não sendo necessário nenhum tipo de ponderação,1446,254,GLOBAL PRESS LATINA LTDA / ALERTA CIDADE.COM | RAIMUNDO ADEMIR M. DE SOUZA / JORNAL DE NOTICIAS DA HORA,GLOBAL PRESS LATINA LTDA / ALERTA CIDADE.COM | RAIMUNDO ADEMIR M. DE SOUZA / JORNAL DE NOTICIAS DA HORA,S | S,04/10/2026 05:47:24
BR031762026,BR,SETA INSTITUTO DE PESQUISA LTDA,INSTITUTO SETA DE PESQUISA,10783981000144,S,2026-04-28,2026-04-29,2026-04-30,2026-05-04,450,4000.00,3.8,texto,4.62,,1979,194,SETA INSTITUTO DE PESQUISA LTDA,SETA INSTITUTO DE PESQUISA LTDA,N,04/10/2026 05:47:24
BR003532026,BR,SETA INSTITUTO DE PESQUISA LTDA,INSTITUTO SETA DE PESQUISA,10783981000144,S,2026-04-28,2026-04-29,2026-05-01,2026-05-04,1500,15000.00,2.5,texto,2.53,,1978,183,SETA INSTITUTO DE PESQUISA LTDA,SETA INSTITUTO DE PESQUISA LTDA,N,04/10/2026 05:47:24
BR011652026,BR,A. F. BARBOSA & CIA. LTDA - ME,INSTITUTO DE PESQUISA RESULTADO IPR,06270812000133,N,2026-04-27,2026-04-27,2026-05-01,2026-05-03,784,12500.00,3.5,texto,3.50,Universo: Eleitores dos municípios de maior eleitorado de Mato Grosso do Sul dentro das 12 Regiões Imediatas referenciad,2717,1860,CORREIO DO ESTADO LTDA,CORREIO DO ESTADO LTDA,S,04/10/2026 05:47:24
BR031752026,BR,INSTITUTO FRANCA DE PESQUISAS LTDA,INSTITUTO FRANCA DE PESQUISA PESQUISA E ASSESSORIA,24899123000174,S,2026-04-30,2026-04-27,2026-05-01,2026-05-06,1067,15000.00,3,texto,3.00,,3575,608,INSTITUTO FRANCA DE PESQUISAS LTDA,INSTITUTO FRANCA DE PESQUISAS LTDA,N,04/10/2026 05:47:24
BR076872026,BR,M B BARROS CONSULTORIA LTDA - ME,INSTITUTO DATASENSUS,17159578000198,N,2026-04-27,2026-04-30,2026-05-02,2026-05-03,800,20000.00,9,texto,3.46,"Universo: População com 16 anos ou mais, do estado do Rio Grande do Norte",2843,279,RADIO RESISTENCIA DE MOSSORO LTDA | RADIO RESISTENCIA DE MOSSORO LTDA | RADIO RESISTENCIA DE MOSSORO LTDA,RADIO RESISTENCIA DE MOSSORO LTDA | RADIO RESISTENCIA DE MOSSORO LTDA | RADIO RESISTENCIA DE MOSSORO LTDA,S | S | S,04/10/2026 05:47:24
BR007262026,BR,PERCENT PESQUISA DE MERCADO E OPINIAO LTDA,PERCENT PESQUISA DE MERCADO E OPINIAO,10544202000158,N,2026-04-28,2026-04-29,2026-05-03,2026-05-04,1200,30000.00,2.83,texto,2.83,,1568,1017,CBA TV ABERTA DE COMUNICACAO LTDA / O DOC COMUNICACAO,CBA TV ABERTA DE COMUNICACAO LTDA / O DOC COMUNICACAO,S,04/10/2026 05:47:24
BR036582026,BR,INSTITUTO PIAUIENSE DE OPINIAO PUBLICA LTDA - EPP,AMOSTRAGEM OPINIAO E MERCADO,10320257000184,N,2026-05-04,2026-04-30,2026-05-03,2026-05-10,400,11500.00,4.8,texto,4.90,,1386,298,SISTEMA TIMON DE RADIODIFUSAO LTDA. / TV MEIO NORTE,SISTEMA TIMON DE RADIODIFUSAO LTDA. / TV MEIO NORTE,S,04/10/2026 05:47:24
BR057822026,BR,V. C. H. A. SERVICOS LTDA.,VERITATE,05255333000185,N,2026-05-02,2026-04-29,2026-05-03,2026-05-08,1500,60000.00,2.5,texto,2.53,Universo: População do Estado do Pará com idade a partir de 16 anos,1788,561,A R CAMPOS DE SOUZA / BLOG DO JK,A R CAMPOS DE SOUZA / BLOG DO JK,S,04/10/2026 05:47:24
BR063302026,BR,INSTITUTO PIAUIENSE DE OPINIAO PUBLICA LTDA - EPP,AMOSTRAGEM OPINIAO E MERCADO,10320257000184,N,2026-05-04,2026-04-30,2026-05-03,2026-05-10,400,11500.00,4.8,texto,4.90,,1393,298,SISTEMA TIMON DE RADIODIFUSAO LTDA. / TV MEIO NORTE,SISTEMA TIMON DE RADIODIFUSAO LTDA. / TV MEIO NORTE,S,04/10/2026 05:47:24
BR083372026,BR,INSTITUTO DATATRENDS LTDA,DATATRENDS,51772470000104,S,2026-04-30,2026-04-30,2026-05-03,2026-05-06,4000,50000.00,1.55,texto,1.55,universo pesquisado,3477,854,INSTITUTO DATATRENDS LTDA,INSTITUTO DATATRENDS LTDA,N,04/10/2026 05:47:24
BR005752026,BR,INSTITUTO PIAUIENSE DE OPINIAO PUBLICA LTDA - EPP,AMOSTRAGEM OPINIAO E MERCADO,10320257000184,N,2026-05-04,2026-04-30,2026-05-04,2026-05-10,400,11500.00,4.8,texto,4.90,,1396,298,SISTEMA TIMON DE RADIODIFUSAO LTDA. / TV MEIO NORTE,SISTEMA TIMON DE RADIODIFUSAO LTDA. / TV MEIO NORTE,S,04/10/2026 05:47:24
BR036272026,BR,REAL TIME MIDIA LTDA,REAL TIME BIG DATA,22345021000181,S,2026-04-29,2026-05-02,2026-05-04,2026-05-05,2000,80000.00,2,texto,2.19,,3332,178,REAL TIME MIDIA LTDA,REAL TIME MIDIA LTDA,N,04/10/2026 05:47:24
BR053562026,BR,BOAS IDEIAS INTELIGENCIA EM PESQUISA E ESTRATEGIA DIGITAL LTDA,"BOAS IDEIAS, ESTRATEGIA E INTELIGENCIA DIGITAL.",13475743000160,N,2026-04-30,2026-05-01,2026-05-05,2026-05-06,1500,27600.00,13,texto,2.53,,1571,158,CANAL MEIO S.A.,CANAL MEIO S.A.,S,04/10/2026 05:47:24
BR089142026,BR,SETA INSTITUTO DE PESQUISA LTDA,INSTITUTO SETA DE PESQUISA,10783981000144,S,2026-05-02,2026-05-03,2026-05-05,2026-05-08,1500,15000.00,2.5,texto,2.53,,1978,183,SETA INSTITUTO DE PESQUISA LTDA,SETA INSTITUTO DE PESQUISA LTDA,N,04/10/2026 05:47:24
BR031452026,BR,J J COELHO,INSTITUTO PHOENIX & ASSOCIADOS,04942645000102,N,2026-05-01,2026-05-03,2026-05-06,2026-05-07,1203,12900.00,,ausente,2.83,Universo - Características da população e dos domicílios; https://cidades,3111,190,FRANCO & RODRIGUES COMUNICACAO SOCIAL  E EMPREENDIMENTOS LTDA / JORNAL CORREIO CONTINENTAL RO,FRANCO & RODRIGUES COMUNICACAO SOCIAL  E EMPREENDIMENTOS LTDA / JORNAL CORREIO CONTINENTAL RO,Recursos Próprios,04/10/2026 05:47:24
BR037722026,BR,INSTITUTO PIAUIENSE DE OPINIAO PUBLICA LTDA - EPP,AMOSTRAGEM OPINIAO E MERCADO,10320257000184,N,2026-05-15,2026-05-04,2026-05-06,2026-05-21,400,11500.00,4.8,texto,4.90,,1383,298,SISTEMA TIMON DE RADIODIFUSAO LTDA. / TV MEIO NORTE,SISTEMA TIMON DE RADIODIFUSAO LTDA. / TV MEIO NORTE,S,04/10/2026 05:47:24
BR069162026,BR,NEOBE GESTAO E SERVICOS LTDA,NEOKEMP PESQUISAS,29855711000120,N,2026-04-30,2026-05-04,2026-05-06,2026-05-06,1008,25000.00,3.1,texto,3.09,Universo: Eleitores do Estado de Santa Catarina com 16 (dezesseis) anos ou mais,3105,797,JORNAL O CORREIO DO POVO LTDA / JORNAL O CORREIO DO POVO,JORNAL O CORREIO DO POVO LTDA / JORNAL O CORREIO DO POVO,S,04/10/2026 05:47:24
BR090222026,BR,RANKING BRASIL INTELIGENCIA LTDA,RANKING BRASIL INTELIGENCIA,49860741000131,N,2026-05-02,2026-05-03,2026-05-07,2026-05-08,2000,20000.00,2.2,texto,2.19,,3881,304,RADIO FM D A LTDA / RADIO FM D.A.,RADIO FM D A LTDA / RADIO FM D.A.,S,04/10/2026 05:47:24
BR026022026,BR,ANDRE CAVALCANTE FALABELLA LTDA,INSTITUTO DE PESQUISA MULTIPLA,22198794000182,S,2026-05-11,2026-05-07,2026-05-08,2026-05-17,300,10000.00,5.7,texto,5.66,,2268,218,ANDRE CAVALCANTE FALABELLA LTDA,ANDRE CAVALCANTE FALABELLA LTDA,N,04/10/2026 05:47:24
BR036782026,BR,100% CIDADES PARTICIPACOES LTDA,100 CIDADES,52908063000144,N,2026-05-05,2026-05-04,2026-05-08,2026-05-11,2000,160000.00,2.2,texto,2.19,,3203,189,FUTURA CONSULTORIA E ASSESSORIA LTDA / FUTURA,FUTURA CONSULTORIA E ASSESSORIA LTDA / FUTURA,S,04/10/2026 05:47:24
BR040592026,BR,VETOR ARROW INSTITUTO DE PESQUISA E OPINIAO LTDA,,55686336000141,S,2026-05-07,2026-05-07,2026-05-08,2026-05-13,4729,94580.00,1.4,texto,1.43,,1153,601,VETOR ARROW INSTITUTO DE PESQUISA E OPINIAO LTDA,VETOR ARROW INSTITUTO DE PESQUISA E OPINIAO LTDA,N,04/10/2026 05:47:24
BR054362026,BR,INSTITUTO PIAUIENSE DE OPINIAO PUBLICA LTDA - EPP,AMOSTRAGEM OPINIAO E MERCADO,10320257000184,N,2026-05-15,2026-05-05,2026-05-08,2026-05-21,400,11500.00,4.8,texto,4.90,,1383,298,SISTEMA TIMON DE RADIODIFUSAO LTDA. / TV MEIO NORTE,SISTEMA TIMON DE RADIODIFUSAO LTDA. / TV MEIO NORTE,S,04/10/2026 05:47:24
BR066462026,BR,INSTITUTO DATA AZ DE PESQUISA LTDA,INSTITUTO DE PESQUISA DATA AZ,55105999000125,N,2026-05-08,2026-05-07,2026-05-08,2026-05-14,400,4500.00,4.9,texto,4.90,,786,1701,JOSE DE ARIMATEIA AZEVEDO LTDA / PORTAL AZ,JOSE DE ARIMATEIA AZEVEDO LTDA / PORTAL AZ,S,04/10/2026 05:47:24
BR020522026,BR,INSTITUTO VOX BRASIL OPINIAO E PESQUISAS LTDA,,45613076000120,S,2026-05-05,2026-05-08,2026-05-09,2026-05-11,1200,15000.00,2.85,texto,2.83,,2867,384,INSTITUTO VOX BRASIL OPINIAO E PESQUISAS LTDA,INSTITUTO VOX BRASIL OPINIAO E PESQUISAS LTDA,N,04/10/2026 05:47:24
BR047272026,BR,METADATA SOLUCOES INTELIGENTES LTDA,METADATA,41744280000120,N,2026-05-05,2026-05-07,2026-05-09,2026-05-11,1550,50000.00,2.5,texto,2.49,"universo da pesquisa é composto pelo eleitorado apto do estado do Rio Grande do Norte, com base nos dados oficiais do Tr",3981,1466,FM NORDESTE LTDA. / FM NORDESTE,FM NORDESTE LTDA. / FM NORDESTE,S,04/10/2026 05:47:24
BR021132026,BR,LAIS CRISTINA RODRIGUES DE OLIVEIRA LTDA,IPSENSUS PESQUISAS,64500153000180,N,2026-05-05,2026-05-09,2026-05-10,2026-05-11,400,4000.00,4.9,texto,4.90,,2484,621,pessoa_fisica,pessoa_fisica,Recursos Próprios,04/10/2026 05:47:24
BR043152026,BR,INSTITUTO PARANA DE PESQUISAS E ANALISE DE CONSUMIDOR LTDA,,81908345000140,N,2026-05-05,2026-05-08,2026-05-10,2026-05-11,1500,135225.00,2.6,texto,2.53,,3157,220,PARTIDO LIBERAL (PL) / PARTIDO LIBERAL,PARTIDO LIBERAL (PL) / PARTIDO LIBERAL,S,04/10/2026 05:47:24
BR072932026,BR,INSTITUTO VERITA LTDA,VERITA,00654576000172,N,2026-05-05,2026-05-06,2026-05-10,2026-05-11,1220,85000.00,3,texto,2.81,,2648,186,PARTIDO LIBERAL 9 ZONA ELEITORAL - DF - REGIONAL (DF) / PL 9 ZONAL - DF,PARTIDO LIBERAL 9 ZONA ELEITORAL - DF - REGIONAL (DF) / PL 9 ZONAL - DF,S,04/10/2026 05:47:24
BR033692026,BR,GERP MERCADOLOGIA LTDA,GRUPO GERP GERP MERCADO GERP OPINIAO GERPAUDIT,05270800000146,S,2026-05-08,2026-05-07,2026-05-11,2026-05-14,2000,20000.00,2.24,texto,2.19,"universo considerado infinito e um nível de confiança de 95,55%, a margem de erro para projeções dos dados é estimada em",1696,538,GERP MERCADOLOGIA LTDA,GERP MERCADOLOGIA LTDA,N,04/10/2026 05:47:24
BR035982026,BR,"QUAEST PESQUISAS, CONSULTORIA E PROJETOS LTDA.",,22445600000104,N,2026-05-07,2026-05-08,2026-05-11,2026-05-13,2004,433255.92,2,texto,2.19,,3137,570,BANCO GENIAL S.A.,BANCO GENIAL S.A.,S,04/10/2026 05:47:24
BR047622026,BR,REAL TIME MIDIA LTDA,REAL TIME BIG DATA,22345021000181,S,2026-05-06,2026-05-09,2026-05-11,2026-05-12,1600,64000.00,2,texto,2.45,,3358,235,REAL TIME MIDIA LTDA,REAL TIME MIDIA LTDA,N,04/10/2026 05:47:24
BR009462026,BR,REAL TIME MIDIA LTDA,REAL TIME BIG DATA,22345021000181,S,2026-05-07,2026-05-11,2026-05-12,2026-05-13,1600,64000.00,2,texto,2.45,,3423,222,REAL TIME MIDIA LTDA,REAL TIME MIDIA LTDA,N,04/10/2026 05:47:24
BR024232026,BR,INSTITUTO VOX BRASIL OPINIAO E PESQUISAS LTDA,,45613076000120,S,2026-05-08,2026-05-09,2026-05-12,2026-05-14,2100,50000.00,2.15,texto,2.14,,2487,340,INSTITUTO VOX BRASIL OPINIAO E PESQUISAS LTDA,INSTITUTO VOX BRASIL OPINIAO E PESQUISAS LTDA,N,04/10/2026 05:47:24
BR089772026,BR,ROGERIO M. P. MOURA - ME,DATA MAX,11186543000161,N,2026-05-14,2026-05-11,2026-05-12,2026-05-20,500,5000.00,4.32,texto,4.38,,1321,216,GRAFICA E EDITORA CULTURA DO SABER LTDA,GRAFICA E EDITORA CULTURA DO SABER LTDA,S,04/10/2026 05:47:24
BR095702026,BR,INSTITUTO PARANA DE PESQUISAS E ANALISE DE CONSUMIDOR LTDA,,81908345000140,N,2026-05-07,2026-05-10,2026-05-12,2026-05-13,1510,45000.00,2.6,texto,2.52,,3157,219,S2R COMUNICACAO LTDA / BAHIA NOTICIAS,S2R COMUNICACAO LTDA / BAHIA NOTICIAS,S,04/10/2026 05:47:24
BR006952026,BR,LAIS CRISTINA RODRIGUES DE OLIVEIRA LTDA,IPSENSUS PESQUISAS,64500153000180,S,2026-05-08,2026-05-09,2026-05-13,2026-05-14,1500,10000.00,2.5,texto,2.53,Universo - Características da população e dos domicílios; https://cidades,3549,457,LAIS CRISTINA RODRIGUES DE OLIVEIRA LTDA,LAIS CRISTINA RODRIGUES DE OLIVEIRA LTDA,N,04/10/2026 05:47:24
BR038122026,BR,ATLASINTEL TECNOLOGIA DE DADOS LTDA,ATLASINTEL,19259002000128,S,2026-05-08,2026-05-08,2026-05-13,2026-05-14,1200,75000.00,3,texto,2.83,,1096,167,ATLASINTEL TECNOLOGIA DE DADOS LTDA,ATLASINTEL TECNOLOGIA DE DADOS LTDA,N,04/10/2026 05:47:24
BR060372026,BR,INSTITUTO DE PESQUISAS PERFIL LTDA,,10175843000182,N,2026-05-09,2026-05-11,2026-05-13,2026-05-15,604,10000.00,4,texto,3.99,,2436,624,BDC COMUNICACOES LTDA,BDC COMUNICACOES LTDA,Recursos Próprios,04/10/2026 05:47:24
BR071922026,BR,ATLASINTEL TECNOLOGIA DE DADOS LTDA,ATLASINTEL,19259002000128,S,2026-05-08,2026-05-08,2026-05-13,2026-05-14,1200,75000.00,3,texto,2.83,,1096,171,ATLASINTEL TECNOLOGIA DE DADOS LTDA,ATLASINTEL TECNOLOGIA DE DADOS LTDA,N,04/10/2026 05:47:24
BR002902026,BR,DATAFOLHA INSTITUTO DE PESQUISAS LTDA.,,07630546000175,N,2026-05-09,2026-05-12,2026-05-14,2026-05-15,2004,307641.60,4,texto,2.19,Universo: Eleitorado brasileiro,2288,217,EMPRESA FOLHA DA MANHA S.A.,EMPRESA FOLHA DA MANHA S.A.,S,04/10/2026 05:47:24
BR052272026,BR,ECONOMETRICA PESQUISA LTDA,ECONOMETRICA PESQUISA,44470818000143,N,2026-05-18,2026-05-11,2026-05-14,2026-05-24,1607,40000.00,2.4,texto,2.44,,1740,351,EMPRESA PACOTILHA S.A. / O IMPARCIAL | EMPRESA PACOTILHA S.A. / O IMPARCIAL,EMPRESA PACOTILHA S.A. / O IMPARCIAL | EMPRESA PACOTILHA S.A. / O IMPARCIAL,S | S,04/10/2026 05:47:24
BR059872026,BR,DOXA ARTE & COMUNICAO S/S LTDA,DOXA,07317438000147,N,2026-05-09,2026-05-09,2026-05-14,2026-05-15,2000,60000.00,3.1,texto,2.19,,2692,466,DDD91 LTDA / DDD91,DDD91 LTDA / DDD91,S,04/10/2026 05:47:24
BR067132026,BR,QUALITTA EMPREEDIMENTOS LTDA,QUALITTA EMPREENDIMENTOS,36461578000192,S,2026-05-10,2026-05-12,2026-05-14,2026-05-16,1200,22000.00,2.8,texto,2.83,,2222,311,QUALITTA EMPREEDIMENTOS LTDA,QUALITTA EMPREEDIMENTOS LTDA,N,04/10/2026 05:47:24
BR012472026,BR,PARLA MENTORS CONSULTORIA LTDA,PARLA MENTORS CONSULTORIA,61407109000132,N,2026-05-10,2026-05-13,2026-05-15,2026-05-16,400,8000.00,4.71,texto,4.90,,1237,342,J E FERREIRA / TVM TELECOM,J E FERREIRA / TVM TELECOM,S,04/10/2026 05:47:24
BR058882026,BR,INSTITUTO VERITA LTDA,VERITA,00654576000172,N,2026-05-10,2026-05-11,2026-05-15,2026-05-16,3330,150000.00,2,texto,1.70,,2644,193,SISTEMA DE COMUNICACAO LEIA JA LTDA / LEIA JA,SISTEMA DE COMUNICACAO LEIA JA LTDA / LEIA JA,S,04/10/2026 05:47:24
BR087952026,BR,"ECM - EDICAO, COMUNICACAO & MARKETING LTDA",ECM-PESQUISAS,35851783000100,S,2026-05-11,2026-05-12,2026-05-16,2026-05-17,1200,11000.00,2.83,texto,2.83,,2929,279,"ECM - EDICAO, COMUNICACAO & MARKETING LTDA","ECM - EDICAO, COMUNICACAO & MARKETING LTDA",N,04/10/2026 05:47:24
BR092092026,BR,A J TECH LTDA,VETOR TECNOLOGIA E PESQUISAS,55498337000162,N,2026-05-14,2026-05-12,2026-05-16,2026-05-20,1600,37000.00,2.45,texto,2.45,,854,1777,CONECTA PIAUI PRODUTORA E COMUNICACAO LTDA / CONECTA PIAUI PORTAL E PRODUTORA,CONECTA PIAUI PRODUTORA E COMUNICACAO LTDA / CONECTA PIAUI PORTAL E PRODUTORA,S,04/10/2026 05:47:24
BR092732026,BR,F. FACANHA DE ALMEIDA,DELTA AGENCIA DE PESQUISA,08984712000102,N,2026-05-18,2026-05-13,2026-05-16,2026-05-24,800,18000.00,3.5,texto,3.46,universo pesquisa é o mesmo daquele encontrado na amostra não sendo necessário nenhum tipo de ponderação,1446,254,RAIMUNDO ADEMIR M. DE SOUZA / JORNAL DE NOTICIAS DA HORA,RAIMUNDO ADEMIR M. DE SOUZA / JORNAL DE NOTICIAS DA HORA,S,04/10/2026 05:47:24
BR070892026,BR,ESTIMATIVA EDITORA COMUNICACAO E GRAFICA EIRELI,INSTITUTO ESTIMATIVA,35575890000144,N,2026-05-18,2026-05-16,2026-05-17,2026-05-24,301,2500.00,5.66,texto,5.65,,777,1712,R10 COMUNICACAO LTDA / PORTAL R10,R10 COMUNICACAO LTDA / PORTAL R10,S,04/10/2026 05:47:24
BR032432026,BR,ATLASINTEL TECNOLOGIA DE DADOS LTDA,ATLASINTEL,19259002000128,S,2026-05-13,2026-05-13,2026-05-18,2026-05-19,1200,75000.00,3,texto,2.83,,1089,164,ATLASINTEL TECNOLOGIA DE DADOS LTDA,ATLASINTEL TECNOLOGIA DE DADOS LTDA,N,04/10/2026 05:47:24
BR069392026,BR,ATLASINTEL TECNOLOGIA DE DADOS LTDA,ATLASINTEL,19259002000128,S,2026-05-13,2026-05-13,2026-05-18,2026-05-19,5000,75000.00,1,texto,1.39,,1091,169,ATLASINTEL TECNOLOGIA DE DADOS LTDA,ATLASINTEL TECNOLOGIA DE DADOS LTDA,N,04/10/2026 05:47:24
BR017442026,BR,REAL TIME MIDIA LTDA,REAL TIME BIG DATA,22345021000181,S,2026-05-14,2026-05-18,2026-05-19,2026-05-20,1600,64000.00,2,texto,2.45,,3397,222,REAL TIME MIDIA LTDA,REAL TIME MIDIA LTDA,N,04/10/2026 05:47:24
BR024162026,BR,INSTITUTO VOX BRASIL OPINIAO E PESQUISAS LTDA,,45613076000120,S,2026-05-14,2026-05-17,2026-05-19,2026-05-20,2100,50000.00,2.15,texto,2.14,,2487,340,INSTITUTO VOX BRASIL OPINIAO E PESQUISAS LTDA,INSTITUTO VOX BRASIL OPINIAO E PESQUISAS LTDA,N,04/10/2026 05:47:24
BR093012026,BR,VETOR ARROW INSTITUTO DE PESQUISA E OPINIAO LTDA,,55686336000141,S,2026-05-18,2026-05-15,2026-05-19,2026-05-21,9000,180000.00,1,texto,1.03,,1101,495,VETOR ARROW INSTITUTO DE PESQUISA E OPINIAO LTDA,VETOR ARROW INSTITUTO DE PESQUISA E OPINIAO LTDA,N,04/10/2026 05:47:24
BR004322026,BR,ANDRE CAVALCANTE FALABELLA LTDA,INSTITUTO DE PESQUISA MULTIPLA,22198794000182,S,2026-05-18,2026-05-16,2026-05-20,2026-05-24,1070,20000.00,3,texto,3.00,,2593,213,ANDRE CAVALCANTE FALABELLA LTDA,ANDRE CAVALCANTE FALABELLA LTDA,N,04/10/2026 05:47:24
BR057332026,BR,"OPNUS ESTRATEGIA, PESQUISA DE OPINIAO E MERCADO EIRELI",OPNUS,14703935000149,S,2026-05-15,2026-05-17,2026-05-20,2026-05-21,1100,35000.00,3,texto,2.95,universo pesquisado (ou população de estudo) é o eleitorado do Estado do Ceará com total de 6,2493,1111,"OPNUS ESTRATEGIA, PESQUISA DE OPINIAO E MERCADO EIRELI","OPNUS ESTRATEGIA, PESQUISA DE OPINIAO E MERCADO EIRELI",N,04/10/2026 05:47:24
BR071142026,BR,REAL TIME MIDIA LTDA,REAL TIME BIG DATA,22345021000181,S,2026-05-15,2026-05-19,2026-05-20,2026-05-21,1600,64000.00,2,texto,2.45,,3432,229,REAL TIME MIDIA LTDA,REAL TIME MIDIA LTDA,N,04/10/2026 05:47:24
BR038502026,BR,PNH PESQUISA DE MERCADO E OPINIAO PUBLICA LTDA.,AFFARE INSTITUTE,47683946000163,N,2026-05-16,2026-05-16,2026-05-21,2026-05-22,1500,22500.00,2.58,texto,2.53,"Universo: eleitoras e eleitores com 16 anos de idade ou mais, residentes e aptos a votar no estado do Rio Grande do Nort",1696,1234,RN NEGOCIOS EDITORA LTDA / NOVO JORNALISMO,RN NEGOCIOS EDITORA LTDA / NOVO JORNALISMO,S,04/10/2026 05:47:24
BR065292026,BR,100% CIDADES PARTICIPACOES LTDA,100 CIDADES,52908063000144,N,2026-05-15,2026-05-15,2026-05-21,2026-05-21,2000,160000.00,2.2,texto,2.19,,3203,189,FUTURA CONSULTORIA E ASSESSORIA LTDA / FUTURA,FUTURA CONSULTORIA E ASSESSORIA LTDA / FUTURA,S,04/10/2026 05:47:24
BR020842026,BR,"ECM - EDICAO, COMUNICACAO & MARKETING LTDA",ECM-PESQUISAS,35851783000100,S,2026-05-17,2026-05-18,2026-05-22,2026-05-23,1200,11000.00,2.83,texto,2.83,,2929,279,"ECM - EDICAO, COMUNICACAO & MARKETING LTDA","ECM - EDICAO, COMUNICACAO & MARKETING LTDA",N,04/10/2026 05:47:24
BR042722026,BR,ERIVALDO TRINDADE DE ARAUJO,ITEM PESQUISAS TECNICAS,10307514000148,N,2026-05-23,2026-05-18,2026-05-22,2026-05-29,1250,15000.00,2.77,texto,2.77,,2166,628,TV PONTA NEGRA LTDA,TV PONTA NEGRA LTDA,S,04/10/2026 05:47:24
BR068352026,BR,IPEN - INSTITUTO DE PESQUISA DO NORTE LTDA,IPEN - INSTITUTO DE PESQUISA DO NORTE,01864538000107,N,2026-05-20,2026-05-17,2026-05-22,2026-05-26,1200,60000.00,2.8,texto,2.83,universo,1817,186,N.C. DE SOUZA LTDA / BRASIL NORTE COMUNICACAO,N.C. DE SOUZA LTDA / BRASIL NORTE COMUNICACAO,S,04/10/2026 05:47:24
BR074892026,BR,DATAFOLHA INSTITUTO DE PESQUISAS LTDA.,,07630546000175,N,2026-05-16,2026-05-20,2026-05-22,2026-05-22,2004,307641.60,4,texto,2.19,Universo: Eleitorado brasileiro,2286,219,EMPRESA FOLHA DA MANHA S.A.,EMPRESA FOLHA DA MANHA S.A.,S,04/10/2026 05:47:24
BR079712026,BR,GERP MERCADOLOGIA LTDA,GRUPO GERP GERP MERCADO GERP OPINIAO GERPAUDIT,05270800000146,S,2026-05-16,2026-05-19,2026-05-22,2026-05-22,2000,20000.00,2.24,texto,2.19,"universo considerado infinito e um nível de confiança de 95,55%, a margem de erro para projeções dos dados é estimada em",1696,540,GERP MERCADOLOGIA LTDA,GERP MERCADOLOGIA LTDA,N,04/10/2026 05:47:24
BR012552026,BR,C. GOMES MARKETING,INSTITUTO AMAZONIA DE PESQUISA - IAP,23854801000110,S,2026-05-17,2026-05-19,2026-05-23,2026-05-23,1600,19000.00,2.45,texto,2.45,,1020,191,C. GOMES MARKETING,C. GOMES MARKETING,N,04/10/2026 05:47:24
BR029972026,BR,JOTA JORNALISMO S/A,JOTA JORNALISMO,21050733000100,S,2026-05-21,2026-04-20,2026-05-23,2026-05-27,6000,110000.00,13.5,texto,1.27,,699,166,JOTA JORNALISMO S/A,JOTA JORNALISMO S/A,N,04/10/2026 05:47:24
BR045502026,BR,INSTITUTO DATA CENSUS POTIGUAR LTDA,,47798321000147,N,2026-05-19,2026-05-20,2026-05-23,2026-05-25,2000,10000.00,2.2,texto,2.19,universo pesquisado,3276,939,MEGA ASSESSORIA E COMUNICACAO LTDA / MEGA PORTAL RN,MEGA ASSESSORIA E COMUNICACAO LTDA / MEGA PORTAL RN,S,04/10/2026 05:47:24
BR021542026,BR,INSTITUTO INDEXA PESQUISAS LTDA,INDEXA PESQUISAS,10340949000194,S,2026-05-21,2026-05-22,2026-05-24,2026-05-27,2000,164000.00,2.2,texto,2.19,,2444,322,INSTITUTO INDEXA PESQUISAS LTDA,INSTITUTO INDEXA PESQUISAS LTDA,N,04/10/2026 05:47:24
BR041932026,BR,NEXUS PESQUISA E INTELIGENCIA DE DADOS LTDA,NEXUS,11077560000160,N,2026-05-19,2026-05-22,2026-05-24,2026-05-25,2000,164888.89,2,texto,2.19,,1735,474,BANCO BTG PACTUAL S.A.,BANCO BTG PACTUAL S.A.,S,04/10/2026 05:47:24
BR002822026,BR,REAL TIME MIDIA LTDA,REAL TIME BIG DATA,22345021000181,S,2026-05-20,2026-05-23,2026-05-25,2026-05-26,1600,64000.00,2,texto,2.45,,3401,224,REAL TIME MIDIA LTDA,REAL TIME MIDIA LTDA,N,04/10/2026 05:47:24
BR006152026,BR,NOVA IBRAPE PESQUISAS DE OPINIAO PUBLICA LTDA,NOVO IBRAPE,42098826000185,N,2026-05-20,2026-05-20,2026-05-25,2026-05-26,1000,29000.00,3.1,texto,3.10,universo correspondente ao público-alvo da pesquisa,3277,552,CAMPO GRANDE NOTICIAS LTDA / CAMPO GRANDE NEWS LTDA,CAMPO GRANDE NOTICIAS LTDA / CAMPO GRANDE NEWS LTDA,S,04/10/2026 05:47:24
BR009352026,BR,INSTITUTO VERITA LTDA,VERITA,00654576000172,S,2026-05-21,2026-05-22,2026-05-26,2026-05-27,1220,93940.00,3,texto,2.81,,2636,186,INSTITUTO VERITA LTDA,INSTITUTO VERITA LTDA,N,04/10/2026 05:47:24
BR010742026,BR,INSTITUTO VERITA LTDA,VERITA,00654576000172,S,2026-05-21,2026-05-22,2026-05-26,2026-05-27,1220,93940.00,3,texto,2.81,,2648,186,INSTITUTO VERITA LTDA,INSTITUTO VERITA LTDA,N,04/10/2026 05:47:24
BR015532026,BR,INSTITUTO VERITA LTDA,VERITA,00654576000172,S,2026-05-21,2026-05-22,2026-05-26,2026-05-27,1220,93940.00,3,texto,2.81,,2639,186,INSTITUTO VERITA LTDA,INSTITUTO VERITA LTDA,N,04/10/2026 05:47:24
BR027852026,BR,INSTITUTO VERITA LTDA,VERITA,00654576000172,S,2026-05-23,2026-05-22,2026-05-26,2026-05-29,2020,155540.00,2.5,texto,2.18,,2641,186,INSTITUTO VERITA LTDA,INSTITUTO VERITA LTDA,N,04/10/2026 05:47:24
BR035622026,BR,REAL TIME MIDIA LTDA,REAL TIME BIG DATA,22345021000181,S,2026-05-21,2026-05-25,2026-05-26,2026-05-27,1600,64000.00,2,texto,2.45,,3401,224,REAL TIME MIDIA LTDA,REAL TIME MIDIA LTDA,N,04/10/2026 05:47:24
BR042762026,BR,INSTITUTO VERITA LTDA,VERITA,00654576000172,S,2026-05-21,2026-05-22,2026-05-26,2026-05-27,3330,256410.00,2,texto,1.70,,2644,193,INSTITUTO VERITA LTDA,INSTITUTO VERITA LTDA,N,04/10/2026 05:47:24
BR048872026,BR,INSTITUTO VERITA LTDA,VERITA,00654576000172,S,2026-05-21,2026-05-22,2026-05-26,2026-05-27,1030,79310.00,3.5,texto,3.05,,2640,186,INSTITUTO VERITA LTDA,INSTITUTO VERITA LTDA,N,04/10/2026 05:47:24
BR065402026,BR,INSTITUTO VERITA LTDA,VERITA,00654576000172,S,2026-05-21,2026-05-22,2026-05-26,2026-05-27,1220,93940.00,3,texto,2.81,,2639,186,INSTITUTO VERITA LTDA,INSTITUTO VERITA LTDA,N,04/10/2026 05:47:24
BR081862026,BR,INSTITUTO VERITA LTDA,VERITA,00654576000172,S,2026-05-21,2026-05-22,2026-05-26,2026-05-27,3025,232925.00,2,texto,1.78,,2639,186,INSTITUTO VERITA LTDA,INSTITUTO VERITA LTDA,N,04/10/2026 05:47:24
BR088312026,BR,INSTITUTO VERITA LTDA,VERITA,00654576000172,S,2026-05-21,2026-05-22,2026-05-26,2026-05-27,1220,93940.00,3,texto,2.81,,2648,186,INSTITUTO VERITA LTDA,INSTITUTO VERITA LTDA,N,04/10/2026 05:47:24
BR098432026,BR,INSTITUTO VERITA LTDA,VERITA,00654576000172,S,2026-05-21,2026-05-22,2026-05-26,2026-05-27,1525,117425.00,2.5,texto,2.51,,2641,186,INSTITUTO VERITA LTDA,INSTITUTO VERITA LTDA,N,04/10/2026 05:47:24
BR029182026,BR,BOAS IDEIAS INTELIGENCIA EM PESQUISA E ESTRATEGIA DIGITAL LTDA,"BOAS IDEIAS, ESTRATEGIA E INTELIGENCIA DIGITAL.",13475743000160,N,2026-05-22,2026-05-23,2026-05-27,2026-05-28,1500,27600.00,13,texto,2.53,,1571,158,CANAL MEIO S.A.,CANAL MEIO S.A.,S,04/10/2026 05:47:24
BR042422026,BR,DATAFOLHA INSTITUTO DE PESQUISAS LTDA.,,07630546000175,N,2026-05-22,2026-05-25,2026-05-27,2026-05-28,1022,115000.00,3,texto,3.07,Universo: Eleitorado do estado de Pernambuco,2423,216,NASSAU EDITORA RADIO E TV LTDA - EM RECUPERACAO JUDICIAL,NASSAU EDITORA RADIO E TV LTDA - EM RECUPERACAO JUDICIAL,S,04/10/2026 05:47:24
BR048462026,BR,ANOVA - INOVACAO E INTELIGENCIA EM PESQUISAS LTDA,ANOVA INSTITUTO DE PESQUISA,10956929000142,N,2026-05-24,2026-05-25,2026-05-27,2026-05-30,2000,20000.00,2.2,texto,2.19,,3434,241,PB AGORA SERVICOS DE INTERNET E COMUNICACOES LTDA / PB AGORA,PB AGORA SERVICOS DE INTERNET E COMUNICACOES LTDA / PB AGORA,S,04/10/2026 05:47:24
BR062872026,BR,BOAS IDEIAS INTELIGENCIA EM PESQUISA E ESTRATEGIA DIGITAL LTDA,"BOAS IDEIAS, ESTRATEGIA E INTELIGENCIA DIGITAL.",13475743000160,N,2026-05-22,2026-05-23,2026-05-27,2026-05-28,1000,37553.00,3.1,texto,3.10,,1571,161,FUNDACAO BARCARENA DE COMUNICACAO E ASSISTENCIA SOCIAL / FBCAS,FUNDACAO BARCARENA DE COMUNICACAO E ASSISTENCIA SOCIAL / FBCAS,S,04/10/2026 05:47:24
BR065942026,BR,ATLASINTEL TECNOLOGIA DE DADOS LTDA,ATLASINTEL,19259002000128,N,2026-05-22,2026-05-22,2026-05-27,2026-05-28,1000,60000.00,3,texto,3.10,,1103,182,RADIO FM CIDADE DO SOL LTDA,RADIO FM CIDADE DO SOL LTDA,S,04/10/2026 05:47:24
BR075352026,BR,OPINIAO ESTATISTICA EIRELI,INSTITUTO OPINIAO,18697679000185,N,2026-05-24,2026-05-25,2026-05-27,2026-05-30,1000,76000.00,3.1,texto,3.10,,3234,356,FEDERACAO DAS INDUSTRIAS DO ESTADO DE MATO GROSSO SUL,FEDERACAO DAS INDUSTRIAS DO ESTADO DE MATO GROSSO SUL,S,04/10/2026 05:47:24
BR079092026,BR,MEDIA - INTELIGENCIA EM PESQUISA LTDA,MEDIA - INTELIGENCIA EM PESQUISA,61362466000121,N,2026-05-23,2026-05-21,2026-05-27,2026-05-29,2000,20000.00,2.2,texto,2.19,,3657,305,POTENGI COMUNICACAO LTDA,POTENGI COMUNICACAO LTDA,Recursos Próprios,04/10/2026 05:47:24
BR018782026,BR,SETA INSTITUTO DE PESQUISA LTDA,INSTITUTO SETA DE PESQUISA,10783981000144,S,2026-05-25,2026-05-26,2026-05-28,2026-05-31,1500,15000.00,2.5,texto,2.53,,1976,181,SETA INSTITUTO DE PESQUISA LTDA,SETA INSTITUTO DE PESQUISA LTDA,N,04/10/2026 05:47:24
BR048822026,BR,"PODERDATA PESQUISA, JORNALISMO E COMUNICACAO LTDA",PODERDATA,29550908000150,S,2026-05-23,2026-05-25,2026-05-28,2026-05-29,2400,103715.00,2,texto,2.00,Universo: eleitoras e eleitores com 16 anos de idade ou mais,2632,226,"PODERDATA PESQUISA, JORNALISMO E COMUNICACAO LTDA","PODERDATA PESQUISA, JORNALISMO E COMUNICACAO LTDA",N,04/10/2026 05:47:24
BR087942026,BR,INSTITUTO VOX BRASIL OPINIAO E PESQUISAS LTDA,,45613076000120,S,2026-05-24,2026-05-26,2026-05-28,2026-05-30,1480,50000.00,2.55,texto,2.55,,2522,378,INSTITUTO VOX BRASIL OPINIAO E PESQUISAS LTDA,INSTITUTO VOX BRASIL OPINIAO E PESQUISAS LTDA,N,04/10/2026 05:47:24
BR053252026,BR,VILANI E BARBOSA NEGOCIOS LTDA,DATA RD,31884294000195,N,2026-05-27,2026-05-27,2026-05-29,2026-06-02,1509,19700.00,2.52,texto,2.52,universo de eleitores com acesso a telefone,3752,3730,PAPO ABERTO SERVICOS DE COMUNICACAO LTDA / PAPO ABERTO,PAPO ABERTO SERVICOS DE COMUNICACAO LTDA / PAPO ABERTO,S,04/10/2026 05:47:24
BR070452026,BR,EXATUS CONSULTORIA E PESQUISA LTDA,EXATUS CONSULTORIA E PESQUISA,36443750000185,N,2026-05-29,2026-05-26,2026-05-29,2026-06-04,1500,30000.00,2.53,texto,2.53,universo pesquisado,3336,863,A DE O VIANA EDITORA E COMUNICACAO LTDA / GRUPO AGORA RN,A DE O VIANA EDITORA E COMUNICACAO LTDA / GRUPO AGORA RN,S,04/10/2026 05:47:24
BR058642026,BR,REAL TIME MIDIA LTDA,REAL TIME BIG DATA,22345021000181,S,2026-05-26,2026-05-29,2026-05-30,2026-06-01,2000,80000.00,2,texto,2.19,,3403,178,REAL TIME MIDIA LTDA,REAL TIME MIDIA LTDA,N,04/10/2026 05:47:24
BR002092026,BR,INSTITUTO VERITA LTDA,VERITA,00654576000172,S,2026-05-26,2026-05-27,2026-05-31,2026-06-01,1220,93940.00,3,texto,2.81,,2637,186,INSTITUTO VERITA LTDA,INSTITUTO VERITA LTDA,N,04/10/2026 05:47:24
BR003452026,BR,INSTITUTO VERITA LTDA,VERITA,00654576000172,S,2026-05-26,2026-05-27,2026-05-31,2026-06-01,1220,93940.00,3,texto,2.81,,2647,186,INSTITUTO VERITA LTDA,INSTITUTO VERITA LTDA,N,04/10/2026 05:47:24
BR004002026,BR,INSTITUTO VERITA LTDA,VERITA,00654576000172,S,2026-05-26,2026-05-27,2026-05-31,2026-06-01,1525,117425.00,2.5,texto,2.51,,2644,186,INSTITUTO VERITA LTDA,INSTITUTO VERITA LTDA,N,04/10/2026 05:47:24
BR040702026,BR,INSTITUTO VERITA LTDA,VERITA,00654576000172,S,2026-05-26,2026-05-27,2026-05-31,2026-06-01,2020,155540.00,2.5,texto,2.18,,2651,186,INSTITUTO VERITA LTDA,INSTITUTO VERITA LTDA,N,04/10/2026 05:47:24
BR045352026,BR,INSTITUTO VERITA LTDA,VERITA,00654576000172,S,2026-05-29,2026-05-27,2026-05-31,2026-06-04,1525,117425.00,2.5,texto,2.51,,2638,186,INSTITUTO VERITA LTDA,INSTITUTO VERITA LTDA,N,04/10/2026 05:47:24
BR054032026,BR,INSTITUTO VERITA LTDA,VERITA,00654576000172,S,2026-05-26,2026-05-27,2026-05-31,2026-06-01,2030,156310.00,2.5,texto,2.18,,2646,186,INSTITUTO VERITA LTDA,INSTITUTO VERITA LTDA,N,04/10/2026 05:47:24
BR054992026,BR,INSTITUTO VERITA LTDA,VERITA,00654576000172,S,2026-05-26,2026-05-27,2026-05-31,2026-06-01,1220,93940.00,3,texto,2.81,,2645,186,INSTITUTO VERITA LTDA,INSTITUTO VERITA LTDA,N,04/10/2026 05:47:24
BR056712026,BR,AGORASEI PESQUISA LTDA,AGORASEI PESQUISA,14263830000116,N,2026-05-26,2026-05-28,2026-05-31,2026-06-01,1500,30000.00,2.5,texto,2.53,,1512,936,RADIO NATAL REIS MAGOS LTDA,RADIO NATAL REIS MAGOS LTDA,S,04/10/2026 05:47:24
BR063602026,BR,INSTITUTO VERITA LTDA,VERITA,00654576000172,S,2026-05-26,2026-05-27,2026-05-31,2026-06-01,1030,79310.00,3.5,texto,3.05,,2637,186,INSTITUTO VERITA LTDA,INSTITUTO VERITA LTDA,N,04/10/2026 05:47:24
BR098982026,BR,INSTITUTO VERITA LTDA,VERITA,00654576000172,S,2026-05-26,2026-05-27,2026-05-31,2026-06-01,1525,117425.00,2.5,texto,2.51,,2646,186,INSTITUTO VERITA LTDA,INSTITUTO VERITA LTDA,N,04/10/2026 05:47:24
BR051192026,BR,BADRA COMUNICACAO LTDA,BADRA COMUNICACAO,04209958000148,S,2026-05-27,2026-05-28,2026-06-01,2026-06-02,1500,18000.00,3,texto,2.53,"universo, ou seja, o eleitorado do Estado de São Paulo",1552,230,BADRA COMUNICACAO LTDA,BADRA COMUNICACAO LTDA,N,04/10/2026 05:47:24
BR090482026,BR,REAL TIME MIDIA LTDA,REAL TIME BIG DATA,22345021000181,S,2026-05-27,2026-05-30,2026-06-01,2026-06-02,1600,64000.00,2,texto,2.45,,3402,228,REAL TIME MIDIA LTDA,REAL TIME MIDIA LTDA,N,04/10/2026 05:47:24
BR011472026,BR,NUMEN DATA PESQUISA E CONSULTORIA LTDA,NUMEN DATA,14293213000163,S,2026-05-30,2026-06-01,2026-06-02,2026-06-05,1500,21000.00,3,texto,2.53,Universo: 5,1003,241,NUMEN DATA PESQUISA E CONSULTORIA LTDA,NUMEN DATA PESQUISA E CONSULTORIA LTDA,N,04/10/2026 05:47:24
BR059472026,BR,INSTITUTO PARANA DE PESQUISAS E ANALISE DE CONSUMIDOR LTDA,,81908345000140,S,2026-05-28,2026-05-31,2026-06-02,2026-06-03,1000,40000.00,3.2,texto,3.10,,3157,218,INSTITUTO PARANA DE PESQUISAS E ANALISE DE CONSUMIDOR LTDA,INSTITUTO PARANA DE PESQUISAS E ANALISE DE CONSUMIDOR LTDA,N,04/10/2026 05:47:24
BR009622026,BR,INTELIGENCIA EM PESQUISA E CONSULTORIA LTDA,IPEC,40735589000190,N,2026-05-28,2026-05-28,2026-06-03,2026-06-03,800,90000.00,3,texto,3.46,,1885,217,RADIO COSTA DO SOL LTDA,RADIO COSTA DO SOL LTDA,S,04/10/2026 05:47:24
BR027612026,BR,BRASMARKET ANALISE E INVESTIGACAO DE MERCADO LTDA,BRASMARKET,49875610000128,N,2026-05-30,2026-06-01,2026-06-03,2026-06-05,1200,35000.00,2.84,texto,2.83,"Universo: eleitores com 16 anos ou mais, aptos a votar no Estado do Rio Grande do Sul, conforme dados do Tribunal Superi",2862,298,PORTO ALEGRE SERVICOS DIGITAIS LTDA / PORTO ALEGRE DIGITAL,PORTO ALEGRE SERVICOS DIGITAIS LTDA / PORTO ALEGRE DIGITAL,S,04/10/2026 05:47:24
BR043282026,BR,INSTITUTO NOVO PERFIL PESQUISAS LTDA,PERFIL PESQUISAS,44338241000110,N,2026-06-01,2026-05-29,2026-06-03,2026-06-07,1480,44000.00,2.5,texto,2.55,,2739,948,JACIMAR SERVICOS DE COMUNICACOES LTDA / ANTENA FM,JACIMAR SERVICOS DE COMUNICACOES LTDA / ANTENA FM,S,04/10/2026 05:47:24
BR075552026,BR,INSTITUTO PARANA DE PESQUISAS E ANALISE DE CONSUMIDOR LTDA,,81908345000140,S,2026-05-29,2026-06-01,2026-06-03,2026-06-04,1680,45000.00,2.4,texto,2.39,,3159,228,INSTITUTO PARANA DE PESQUISAS E ANALISE DE CONSUMIDOR LTDA,INSTITUTO PARANA DE PESQUISAS E ANALISE DE CONSUMIDOR LTDA,N,04/10/2026 05:47:24
BR080162026,BR,INSTITUTO VOX BRASIL OPINIAO E PESQUISAS LTDA,,45613076000120,S,2026-05-30,2026-06-01,2026-06-03,2026-06-05,2100,50000.00,2.15,texto,2.14,,2487,342,INSTITUTO VOX BRASIL OPINIAO E PESQUISAS LTDA,INSTITUTO VOX BRASIL OPINIAO E PESQUISAS LTDA,N,04/10/2026 05:47:24
BR083982026,BR,100% CIDADES PARTICIPACOES LTDA,100 CIDADES,52908063000144,N,2026-06-03,2026-06-01,2026-06-03,2026-06-09,800,64000.00,3.5,texto,3.46,,2838,206,FUTURA CONSULTORIA E ASSESSORIA LTDA / FUTURA,FUTURA CONSULTORIA E ASSESSORIA LTDA / FUTURA,S,04/10/2026 05:47:24
BR017922026,BR,GERP MERCADOLOGIA LTDA,GRUPO GERP GERP MERCADO GERP OPINIAO GERPAUDIT,05270800000146,S,2026-06-03,2026-06-01,2026-06-05,2026-06-09,2000,20000.00,2.24,texto,2.19,"universo considerado infinito e um nível de confiança de 95,55%, a margem de erro para projeções dos dados é estimada em",1698,538,GERP MERCADOLOGIA LTDA,GERP MERCADOLOGIA LTDA,N,04/10/2026 05:47:24
BR037682026,BR,RANKING BRASIL INTELIGENCIA LTDA,RANKING BRASIL INTELIGENCIA,49860741000131,N,2026-05-30,2026-06-01,2026-06-05,2026-06-05,2000,20000.00,2.2,texto,2.19,,3880,304,RADIO FM D A LTDA / RADIO FM D.A.,RADIO FM D A LTDA / RADIO FM D.A.,S,04/10/2026 05:47:24
BR002112026,BR,INSTITUTO VERITA LTDA,VERITA,00654576000172,S,2026-06-01,2026-06-02,2026-06-06,2026-06-07,2010,154770.00,2.5,texto,2.19,,2644,186,INSTITUTO VERITA LTDA,INSTITUTO VERITA LTDA,N,04/10/2026 05:47:24
BR006682026,BR,INSTITUTO VERITA LTDA,VERITA,00654576000172,S,2026-06-01,2026-06-02,2026-06-06,2026-06-07,1220,93940.00,3,texto,2.81,,2637,186,INSTITUTO VERITA LTDA,INSTITUTO VERITA LTDA,N,04/10/2026 05:47:24
BR014282026,BR,INSTITUTO DATA AZ DE PESQUISA LTDA,INSTITUTO DE PESQUISA DATA AZ,55105999000125,N,2026-06-09,2026-05-28,2026-06-06,2026-06-15,1200,15000.00,2.48,texto,2.83,,777,1728,JOSE DE ARIMATEIA AZEVEDO LTDA / PORTAL AZ,JOSE DE ARIMATEIA AZEVEDO LTDA / PORTAL AZ,S,04/10/2026 05:47:24
BR027962026,BR,INSTITUTO VERITA LTDA,VERITA,00654576000172,S,2026-06-01,2026-06-02,2026-06-06,2026-06-07,1030,79310.00,3.5,texto,3.05,,2623,186,INSTITUTO VERITA LTDA,INSTITUTO VERITA LTDA,N,04/10/2026 05:47:24
BR030742026,BR,F. FACANHA DE ALMEIDA,DELTA AGENCIA DE PESQUISA,08984712000102,N,2026-05-31,2026-06-01,2026-06-06,2026-06-06,1200,36000.00,3,texto,2.83,universo pesquisa é o mesmo daquele encontrado na amostra não sendo necessário nenhum tipo de ponderação,1450,254,RADIO E TELEVISAO NORTE LTDA,RADIO E TELEVISAO NORTE LTDA,S,04/10/2026 05:47:24
BR055202026,BR,INSTITUTO VERITA LTDA,VERITA,00654576000172,S,2026-06-01,2026-06-02,2026-06-06,2026-06-07,1220,93940.00,3,texto,2.81,,2638,186,INSTITUTO VERITA LTDA,INSTITUTO VERITA LTDA,N,04/10/2026 05:47:24
BR082972026,BR,INSTITUTO VERITA LTDA,VERITA,00654576000172,S,2026-06-02,2026-06-02,2026-06-06,2026-06-08,2010,154770.00,2.5,texto,2.19,,2642,186,INSTITUTO VERITA LTDA,INSTITUTO VERITA LTDA,N,04/10/2026 05:47:24
BR084892026,BR,INSTITUTO VERITA LTDA,VERITA,00654576000172,S,2026-06-02,2026-06-02,2026-06-06,2026-06-08,1525,117425.00,2.5,texto,2.51,,2641,186,INSTITUTO VERITA LTDA,INSTITUTO VERITA LTDA,N,04/10/2026 05:47:24
BR089082026,BR,INSTITUTO VERITA LTDA,VERITA,00654576000172,S,2026-06-01,2026-06-02,2026-06-06,2026-06-07,2030,156310.00,2.5,texto,2.18,,2650,186,INSTITUTO VERITA LTDA,INSTITUTO VERITA LTDA,N,04/10/2026 05:47:24
BR093962026,BR,INSTITUTO VERITA LTDA,VERITA,00654576000172,S,2026-06-01,2026-06-02,2026-06-06,2026-06-07,1220,93940.00,3,texto,2.81,,2648,186,INSTITUTO VERITA LTDA,INSTITUTO VERITA LTDA,N,04/10/2026 05:47:24
BR002022026,BR,INSTITUTO PIAUIENSE DE OPINIAO PUBLICA LTDA - EPP,AMOSTRAGEM OPINIAO E MERCADO,10320257000184,N,2026-06-10,2026-06-04,2026-06-07,2026-06-16,300,9000.00,5.54,texto,5.66,,1382,298,FUNDACAO 14 DE AGOSTO / TV COSTA NORTE,FUNDACAO 14 DE AGOSTO / TV COSTA NORTE,S,04/10/2026 05:47:24
BR008792026,BR,"ECM - EDICAO, COMUNICACAO & MARKETING LTDA",ECM-PESQUISAS,35851783000100,S,2026-06-03,2026-06-04,2026-06-07,2026-06-09,1200,11000.00,2.83,texto,2.83,,3389,534,"ECM - EDICAO, COMUNICACAO & MARKETING LTDA","ECM - EDICAO, COMUNICACAO & MARKETING LTDA",N,04/10/2026 05:47:24
BR015242026,BR,INSTITUTO VERITA LTDA,VERITA,00654576000172,S,2026-06-03,2026-06-03,2026-06-07,2026-06-09,1220,96380.00,3,texto,2.81,,3055,186,INSTITUTO VERITA LTDA,INSTITUTO VERITA LTDA,N,04/10/2026 05:47:24
BR038112026,BR,REAL TIME MIDIA LTDA,REAL TIME BIG DATA,22345021000181,S,2026-06-03,2026-06-06,2026-06-08,2026-06-09,1600,64000.00,2,texto,2.45,,3468,231,REAL TIME MIDIA LTDA,REAL TIME MIDIA LTDA,N,04/10/2026 05:47:24
BR076612026,BR,"QUAEST PESQUISAS, CONSULTORIA E PROJETOS LTDA.",,22445600000104,N,2026-06-04,2026-06-05,2026-06-08,2026-06-10,2004,433255.92,2,texto,2.19,,3137,570,BANCO GENIAL S.A.,BANCO GENIAL S.A.,S,04/10/2026 05:47:24
BR028972026,BR,INSTITUTO DATATRENDS LTDA,DATATRENDS,51772470000104,S,2026-06-05,2026-06-07,2026-06-09,2026-06-11,1200,15000.00,2.83,texto,2.83,universo pesquisado,2931,2630,INSTITUTO DATATRENDS LTDA,INSTITUTO DATATRENDS LTDA,N,04/10/2026 05:47:24
BR033272026,BR,INSTITUTO DATATRENDS LTDA,DATATRENDS,51772470000104,S,2026-06-05,2026-06-07,2026-06-09,2026-06-11,1200,15000.00,2.83,texto,2.83,universo pesquisado,2718,2632,INSTITUTO DATATRENDS LTDA,INSTITUTO DATATRENDS LTDA,N,04/10/2026 05:47:24
BR059292026,BR,INSTITUTO PARANA DE PESQUISAS E ANALISE DE CONSUMIDOR LTDA,,81908345000140,S,2026-06-04,2026-06-07,2026-06-09,2026-06-10,1300,40000.00,2.8,texto,2.72,,3153,223,INSTITUTO PARANA DE PESQUISAS E ANALISE DE CONSUMIDOR LTDA,INSTITUTO PARANA DE PESQUISAS E ANALISE DE CONSUMIDOR LTDA,N,04/10/2026 05:47:24
BR021092026,BR,IPEMS INSTITUTO DE PESQUISAS DE MATO GROSSO DO SUL LTDA,,36781946000180,N,2026-06-04,2026-06-05,2026-06-10,2026-06-10,950,25000.00,3.18,texto,3.18,Universo: Eleitorado do estado de Mato Grosso do Sul,2794,237,DRCOSTA'S JORNALISMO LTDA / JORNAL DE DOMINGO MS,DRCOSTA'S JORNALISMO LTDA / JORNAL DE DOMINGO MS,S,04/10/2026 05:47:24
BR027952026,BR,REAL TIME MIDIA LTDA,REAL TIME BIG DATA,22345021000181,S,2026-06-05,2026-06-09,2026-06-10,2026-06-11,1600,64000.00,2,texto,2.45,,3396,227,REAL TIME MIDIA LTDA,REAL TIME MIDIA LTDA,N,04/10/2026 05:47:24
BR034962026,BR,ALFA INTELIGENCIA E SERVICOS DE SOFTWARE E OPINIAO S/A,ALFA INTELIGENCIA,22400349000153,S,2026-06-05,2026-06-05,2026-06-10,2026-06-11,1400,50000.00,,ausente,2.62,,1743,313,ALFA INTELIGENCIA E SERVICOS DE SOFTWARE E OPINIAO S/A,ALFA INTELIGENCIA E SERVICOS DE SOFTWARE E OPINIAO S/A,N,04/10/2026 05:47:24
BR019922026,BR,NUMEN DATA PESQUISA E CONSULTORIA LTDA,NUMEN DATA,14293213000163,N,2026-06-06,2026-06-08,2026-06-11,2026-06-12,2400,35000.00,2,texto,2.00,universo da pesquisa é constituído por eleitoras e eleitores com 16 anos de idade ou mais,3639,307,CENTRO DE ESTUDOS E PESQUISAS POLITICAS HISTORICAS E DE ORGANIZACOES (CEPPHOR) / CEPPHOR,CENTRO DE ESTUDOS E PESQUISAS POLITICAS HISTORICAS E DE ORGANIZACOES (CEPPHOR) / CEPPHOR,S,04/10/2026 05:47:24
BR024482026,BR,INSTITUTO VOX BRASIL OPINIAO E PESQUISAS LTDA,,45613076000120,S,2026-06-09,2026-06-10,2026-06-11,2026-06-15,1100,8000.00,3,texto,2.95,,2921,364,INSTITUTO VOX BRASIL OPINIAO E PESQUISAS LTDA,INSTITUTO VOX BRASIL OPINIAO E PESQUISAS LTDA,N,04/10/2026 05:47:24
BR032972026,BR,INSTITUTO FRANCA DE PESQUISAS LTDA,INSTITUTO FRANCA DE PESQUISA PESQUISA E ASSESSORIA,24899123000174,S,2026-06-12,2026-06-08,2026-06-11,2026-06-18,711,10580.00,3.7,texto,3.68,,2858,612,INSTITUTO FRANCA DE PESQUISAS LTDA,INSTITUTO FRANCA DE PESQUISAS LTDA,N,04/10/2026 05:47:24
BR052102026,BR,INSTITUTO VOX BRASIL OPINIAO E PESQUISAS LTDA,,45613076000120,N,2026-06-08,2026-06-08,2026-06-11,2026-06-14,1200,65000.00,2.83,texto,2.83,,2724,376,MACEIO FM RADIOS DIFUSORAS LTDA / JOVEM PAN NEWS,MACEIO FM RADIOS DIFUSORAS LTDA / JOVEM PAN NEWS,S,04/10/2026 05:47:24
BR064722026,BR,J J COELHO,INSTITUTO PHOENIX & ASSOCIADOS,04942645000102,N,2026-06-08,2026-06-08,2026-06-11,2026-06-14,1301,8500.00,2.7,texto,2.72,,2056,262,FRANCO & RODRIGUES COMUNICACAO SOCIAL  E EMPREENDIMENTOS LTDA / JORNAL CORREIO CONTINENTAL RO,FRANCO & RODRIGUES COMUNICACAO SOCIAL  E EMPREENDIMENTOS LTDA / JORNAL CORREIO CONTINENTAL RO,Recursos Próprios,04/10/2026 05:47:24
BR014612026,BR,100% CIDADES PARTICIPACOES LTDA,100 CIDADES,52908063000144,N,2026-06-10,2026-06-08,2026-06-12,2026-06-16,2000,160000.00,2.2,texto,2.19,,3203,189,FUTURA CONSULTORIA E ASSESSORIA LTDA / FUTURA,FUTURA CONSULTORIA E ASSESSORIA LTDA / FUTURA,S,04/10/2026 05:47:24
BR042962026,BR,MAPA MARKETING E PARTICIPACOES LTDA,,83203646000101,N,2026-06-06,2026-06-06,2026-06-12,2026-06-12,1008,54000.00,3.1,texto,3.09,"Universo: O público pesquisado é composto por eleitores de 16 anos ou mais, residentes no estado de Santa Catarina",3007,163,"RADIO CANOINHAS LTDA / JOVEM PAN FLORIPA 101,7 FM E JOVEM PAN NEWS 103,3 FM","RADIO CANOINHAS LTDA / JOVEM PAN FLORIPA 101,7 FM E JOVEM PAN NEWS 103,3 FM",S,04/10/2026 05:47:24
BR005472026,BR,A. F. BARBOSA & CIA. LTDA - ME,INSTITUTO DE PESQUISA RESULTADO IPR,06270812000133,N,2026-06-10,2026-06-09,2026-06-13,2026-06-16,784,12500.00,3.5,texto,3.50,Universo: Eleitores dos municípios de maior eleitorado de Mato Grosso do Sul dentro das 12 Regiões Imediatas referenciad,2618,1902,CORREIO DO ESTADO LTDA,CORREIO DO ESTADO LTDA,S,04/10/2026 05:47:24
BR057602026,BR,INSTITUTO DE PESQUISAS PERFIL LTDA,,10175843000182,N,2026-06-08,2026-06-08,2026-06-13,2026-06-14,1800,40000.00,2.3,texto,2.31,universo da pesquisa,2443,268,BDC COMUNICACOES LTDA,BDC COMUNICACOES LTDA,Recursos Próprios,04/10/2026 05:47:24
BR013262026,BR,ATLASINTEL TECNOLOGIA DE DADOS LTDA,ATLASINTEL,19259002000128,S,2026-06-09,2026-06-09,2026-06-14,2026-06-15,1200,75000.00,3,texto,2.83,,1074,168,ATLASINTEL TECNOLOGIA DE DADOS LTDA,ATLASINTEL TECNOLOGIA DE DADOS LTDA,N,04/10/2026 05:47:24
BR015762026,BR,METADATA SOLUCOES INTELIGENTES LTDA,METADATA,41744280000120,S,2026-06-10,2026-06-12,2026-06-14,2026-06-16,1550,50000.00,2.5,texto,2.49,"universo da pesquisa é composto pelo eleitorado apto do estado do Rio Grande do Norte, com base nos dados oficiais do Tr",3979,1448,METADATA SOLUCOES INTELIGENTES LTDA,METADATA SOLUCOES INTELIGENTES LTDA,N,04/10/2026 05:47:24
BR038572026,BR,DOXA ARTE & COMUNICAO S/S LTDA,DOXA,07317438000147,N,2026-06-09,2026-06-08,2026-06-14,2026-06-15,2000,60000.00,3.1,texto,2.19,,2671,465,DDD91 LTDA / DDD91,DDD91 LTDA / DDD91,S,04/10/2026 05:47:24
BR042562026,BR,MDA-PESQUISA DE OPINIAO PUBLICA E CONSULT. ESTATIST. LTDA - EPP,,19090489000168,N,2026-06-10,2026-06-10,2026-06-14,2026-06-16,2002,230038.00,2.2,texto,2.19,universo desta pesquisa compreende os eleitores e eleitoras do Brasil com idade de 16 anos ou mais,2758,297,CONFEDERACAO NACIONAL DO TRANSPORTE,CONFEDERACAO NACIONAL DO TRANSPORTE,S,04/10/2026 05:47:24
BR066452026,BR,NEXUS PESQUISA E INTELIGENCIA DE DADOS LTDA,NEXUS,11077560000160,N,2026-06-09,2026-06-12,2026-06-14,2026-06-15,2000,164888.89,2,texto,2.19,,1751,473,BANCO BTG PACTUAL S.A.,BANCO BTG PACTUAL S.A.,S,04/10/2026 05:47:24
BR069972026,BR,IPESPE INST DE PESQUISAS SOCIAIS POLITICAS E ECONOMICAS,,11849437000110,N,2026-06-10,2026-06-11,2026-06-14,2026-06-16,1000,60000.00,3.2,texto,3.10,,1894,464,EDITORA FOLHA DE PERNAMBUCO LTDA / FOLHA DE PERNAMBUCO,EDITORA FOLHA DE PERNAMBUCO LTDA / FOLHA DE PERNAMBUCO,S,04/10/2026 05:47:24
BR044192026,BR,REAL TIME MIDIA LTDA,REAL TIME BIG DATA,22345021000181,S,2026-06-10,2026-06-13,2026-06-15,2026-06-16,2000,80000.00,2,texto,2.19,,3430,226,REAL TIME MIDIA LTDA,REAL TIME MIDIA LTDA,N,04/10/2026 05:47:24
BR074792026,BR,DATA TEMPO LIMITADA,,42532542000155,N,2026-06-18,2026-06-12,2026-06-15,2026-06-24,1000,55780.00,,ausente,3.10,"universo da pesquisa é composto por eleitores de Minas Gerais, com idade a partir de 16 anos",951,263,SEMPRE EDITORA LTDA,SEMPRE EDITORA LTDA,S,04/10/2026 05:47:24
BR095212026,BR,AMERICAN ANALYTICS DO BRASIL CONSULTORIA LTDA,AMERICAN ANALYTICS,34972238000109,N,2026-06-10,2026-06-11,2026-06-15,2026-06-16,2000,50000.00,2.2,texto,2.19,,3574,164,TIMES BRASIL MEDIA LTDA,TIMES BRASIL MEDIA LTDA,Recursos Próprios,04/10/2026 05:47:24
BR007382026,BR,SETA INSTITUTO DE PESQUISA LTDA,INSTITUTO SETA DE PESQUISA,10783981000144,S,2026-06-14,2026-06-15,2026-06-17,2026-06-20,1500,15000.00,2.5,texto,2.53,,1977,183,SETA INSTITUTO DE PESQUISA LTDA,SETA INSTITUTO DE PESQUISA LTDA,N,04/10/2026 05:47:24
BR017032026,BR,INSTITUTO VERITA LTDA,VERITA,00654576000172,S,2026-06-12,2026-06-13,2026-06-17,2026-06-18,1220,93940.00,3,texto,2.81,,2645,186,INSTITUTO VERITA LTDA,INSTITUTO VERITA LTDA,N,04/10/2026 05:47:24
BR067042026,BR,NEOBE GESTAO E SERVICOS LTDA,NEOKEMP PESQUISAS,29855711000120,N,2026-06-11,2026-06-15,2026-06-17,2026-06-17,1008,25000.00,3.1,texto,3.09,Universo: Eleitores do Estado de Santa Catarina com 16 (dezesseis) anos ou mais,3100,797,JORNAL O CORREIO DO POVO LTDA / JORNAL O CORREIO DO POVO,JORNAL O CORREIO DO POVO LTDA / JORNAL O CORREIO DO POVO,S,04/10/2026 05:47:24
BR088792026,BR,REAL TIME MIDIA LTDA,REAL TIME BIG DATA,22345021000181,S,2026-06-12,2026-06-16,2026-06-17,2026-06-18,1600,64000.00,2,texto,2.45,,3426,221,REAL TIME MIDIA LTDA,REAL TIME MIDIA LTDA,N,04/10/2026 05:47:24
BR038402026,BR,INSTITUTO PIAUIENSE DE OPINIAO PUBLICA LTDA - EPP,AMOSTRAGEM OPINIAO E MERCADO,10320257000184,N,2026-06-22,2026-06-12,2026-06-18,2026-06-28,1137,70000.00,2.85,texto,2.91,,1379,306,SISTEMA TIMON DE RADIODIFUSAO LTDA. / TV MEIO NORTE,SISTEMA TIMON DE RADIODIFUSAO LTDA. / TV MEIO NORTE,S,04/10/2026 05:47:24
BR039692026,BR,DIAGNOSTICO PESQUISAS DE COMPORTAMENTO EIRELI,DIAGNOSTICO PESQUISAS DE COMPORTAMENTO,15015873000145,N,2026-06-16,2026-06-15,2026-06-18,2026-06-22,1100,65000.00,3,texto,2.95,"universo, em função das seguintes variáveis:Gênero: Masculino 47,0% e Feminino 53,0%",1997,583,"ASSOCIACAO COMERCIAL, INDUSTRIAL E DE SERVICOS DO ESTADO DE GOIAS","ASSOCIACAO COMERCIAL, INDUSTRIAL E DE SERVICOS DO ESTADO DE GOIAS",S,04/10/2026 05:47:24
BR066852026,BR,REAL TIME MIDIA LTDA,REAL TIME BIG DATA,22345021000181,S,2026-06-13,2026-06-17,2026-06-18,2026-06-19,1600,64000.00,2,texto,2.45,,3390,226,REAL TIME MIDIA LTDA,REAL TIME MIDIA LTDA,N,04/10/2026 05:47:24
BR096572026,BR,GERP MERCADOLOGIA LTDA,GRUPO GERP GERP MERCADO GERP OPINIAO GERPAUDIT,05270800000146,S,2026-06-18,2026-06-15,2026-06-19,2026-06-24,2000,20000.00,2.24,texto,2.19,"universo considerado infinito e um nível de confiança de 95,55%, a margem de erro para projeções dos dados é estimada em",1698,538,GERP MERCADOLOGIA LTDA,GERP MERCADOLOGIA LTDA,N,04/10/2026 05:47:24
BR099562026,BR,DATAFOLHA INSTITUTO DE PESQUISAS LTDA.,,07630546000175,N,2026-06-13,2026-06-17,2026-06-19,2026-06-19,2004,307641.60,4,texto,2.19,,954,1699,EMPRESA FOLHA DA MANHA S.A.,EMPRESA FOLHA DA MANHA S.A.,S,04/10/2026 05:47:24
BR006552026,BR,INSTITUTO VERITA LTDA,VERITA,00654576000172,S,2026-06-15,2026-06-16,2026-06-20,2026-06-21,1220,93940.00,3,texto,2.81,,2638,186,INSTITUTO VERITA LTDA,INSTITUTO VERITA LTDA,N,04/10/2026 05:47:24
BR017472026,BR,INSTITUTO VERITA LTDA,VERITA,00654576000172,S,2026-06-15,2026-06-16,2026-06-20,2026-06-21,1220,93940.00,3,texto,2.81,,2637,186,INSTITUTO VERITA LTDA,INSTITUTO VERITA LTDA,N,04/10/2026 05:47:24
BR044622026,BR,INSTITUTO VERITA LTDA,VERITA,00654576000172,S,2026-06-15,2026-06-16,2026-06-20,2026-06-21,1220,93940.00,3,texto,2.81,,2648,186,INSTITUTO VERITA LTDA,INSTITUTO VERITA LTDA,N,04/10/2026 05:47:24
BR059452026,BR,DCASTRO COMUNICACAO E MARKETING LTDA,DIRETO AO PONTO PESQUISAS,11642489000111,S,2026-06-16,2026-06-15,2026-06-20,2026-06-22,1200,41500.00,3,texto,2.83,"Universo: População do estado do Amazonas, com 16 anos ou mais",2291,280,DCASTRO COMUNICACAO E MARKETING LTDA,DCASTRO COMUNICACAO E MARKETING LTDA,N,04/10/2026 05:47:24
BR073972026,BR,INSTITUTO VERITA LTDA,VERITA,00654576000172,S,2026-06-15,2026-06-16,2026-06-20,2026-06-21,1030,79310.00,3.5,texto,3.05,,2623,186,INSTITUTO VERITA LTDA,INSTITUTO VERITA LTDA,N,04/10/2026 05:47:24
BR089442026,BR,INSTITUTO INDEXA PESQUISAS LTDA,INDEXA PESQUISAS,10340949000194,S,2026-06-17,2026-06-18,2026-06-20,2026-06-23,2000,164000.00,2.19,texto,2.19,,2911,306,INSTITUTO INDEXA PESQUISAS LTDA,INSTITUTO INDEXA PESQUISAS LTDA,N,04/10/2026 05:47:24
BR061502026,BR,JOTA JORNALISMO S/A,JOTA JORNALISMO,21050733000100,S,2026-06-18,2026-06-01,2026-06-21,2026-06-24,6000,110000.00,1.6,texto,1.27,,553,166,JOTA JORNALISMO S/A,JOTA JORNALISMO S/A,N,04/10/2026 05:47:24
BR083442026,BR,ATLASINTEL TECNOLOGIA DE DADOS LTDA,ATLASINTEL,19259002000128,N,2026-06-16,2026-06-16,2026-06-21,2026-06-22,1200,80000.00,3,texto,2.83,,1090,164,SISTEMA TIMON DE RADIODIFUSAO LTDA. / TV MEIO NORTE,SISTEMA TIMON DE RADIODIFUSAO LTDA. / TV MEIO NORTE,S,04/10/2026 05:47:24
BR000492026,BR,PERCENT PESQUISA DE MERCADO E OPINIAO LTDA,PERCENT PESQUISA DE MERCADO E OPINIAO,10544202000158,N,2026-06-18,2026-06-18,2026-06-22,2026-06-24,1200,30000.00,2.83,texto,2.83,,1567,1017,CBA TV ABERTA DE COMUNICACAO LTDA / O DOC COMUNICACAO,CBA TV ABERTA DE COMUNICACAO LTDA / O DOC COMUNICACAO,S,04/10/2026 05:47:24
BR052702026,BR,ALMEIDA E CAVALCANTI LTDA,INSTITUTO CONECTA DE PESQUISA,35535043000156,S,2026-06-20,2026-06-19,2026-06-22,2026-06-26,2000,30000.00,2.19,texto,2.19,,3345,3353,ALMEIDA E CAVALCANTI LTDA,ALMEIDA E CAVALCANTI LTDA,N,04/10/2026 05:47:24
BR090442026,BR,REAL TIME MIDIA LTDA,REAL TIME BIG DATA,22345021000181,S,2026-06-17,2026-06-20,2026-06-22,2026-06-23,1600,64000.00,2,texto,2.45,,3423,234,REAL TIME MIDIA LTDA,REAL TIME MIDIA LTDA,N,04/10/2026 05:47:24
BR067762026,BR,INSTITUTO FRANCA DE PESQUISAS LTDA,INSTITUTO FRANCA DE PESQUISA PESQUISA E ASSESSORIA,24899123000174,S,2026-06-20,2026-06-18,2026-06-23,2026-06-26,1067,15790.00,3,texto,3.00,,2823,611,INSTITUTO FRANCA DE PESQUISAS LTDA,INSTITUTO FRANCA DE PESQUISAS LTDA,N,04/10/2026 05:47:24
BR038332026,BR,A J TECH LTDA,VETOR TECNOLOGIA E PESQUISAS,55498337000162,N,2026-06-23,2026-06-17,2026-06-24,2026-06-29,1600,38000.00,2.45,texto,2.45,,849,1729,CONECTA PIAUI PRODUTORA E COMUNICACAO LTDA / CONECTA PIAUI PORTAL E PRODUTORA,CONECTA PIAUI PRODUTORA E COMUNICACAO LTDA / CONECTA PIAUI PORTAL E PRODUTORA,S,04/10/2026 05:47:24
BR057222026,BR,"PODERDATA PESQUISA, JORNALISMO E COMUNICACAO LTDA",PODERDATA,29550908000150,S,2026-06-19,2026-06-21,2026-06-24,2026-06-25,2400,103715.00,2,texto,2.00,Universo: eleitoras e eleitores com 16 anos de idade ou mais,3393,226,"PODERDATA PESQUISA, JORNALISMO E COMUNICACAO LTDA","PODERDATA PESQUISA, JORNALISMO E COMUNICACAO LTDA",N,04/10/2026 05:47:24
BR082162026,BR,ERIVALDO TRINDADE DE ARAUJO,ITEM PESQUISAS TECNICAS,10307514000148,N,2026-06-20,2026-06-22,2026-06-24,2026-06-26,1250,15000.00,2.77,texto,2.77,,1838,630,TV PONTA NEGRA LTDA,TV PONTA NEGRA LTDA,S,04/10/2026 05:47:24
BR018522026,BR,D. EGLE SANTOS BARBOSA LTDA,COMUNIDADOS,07085372000107,N,2026-06-23,2026-06-23,2026-06-25,2026-06-29,1066,30000.00,3,texto,3.00,Universo: eleitorado do estado do amazonas,2006,214,JENAV SEVICOS EMPRESARIAIS E COMERCIO DE PRODUTOS ALIMENTICIOS LTDA,JENAV SEVICOS EMPRESARIAIS E COMERCIO DE PRODUTOS ALIMENTICIOS LTDA,S,04/10/2026 05:47:24
BR032682026,BR,INSTITUTO DATATRENDS LTDA,DATATRENDS,51772470000104,S,2026-06-22,2026-06-23,2026-06-25,2026-06-28,1200,15000.00,2.83,texto,2.83,universo pesquisado,2930,2630,INSTITUTO DATATRENDS LTDA,INSTITUTO DATATRENDS LTDA,N,04/10/2026 05:47:24
BR050972026,BR,AGILI PESQUISAS E MARKETING EIRELI,AGILI PESQUISAS,09610985000141,N,2026-06-18,2026-06-17,2026-06-25,2026-06-24,1100,37500.00,3,texto,2.95,Universo: Eleitores do Brasil,2475,568,"MATRIA - MULHERES ASSOCIADAS, MAES E TRABALHADORAS DO BRASIL / MATRIA","MATRIA - MULHERES ASSOCIADAS, MAES E TRABALHADORAS DO BRASIL / MATRIA",S,04/10/2026 05:47:24
BR066302026,BR,INSTITUTO VOX BRASIL OPINIAO E PESQUISAS LTDA,,45613076000120,S,2026-06-20,2026-06-23,2026-06-25,2026-06-26,2100,50000.00,2.15,texto,2.14,,2890,340,INSTITUTO VOX BRASIL OPINIAO E PESQUISAS LTDA,INSTITUTO VOX BRASIL OPINIAO E PESQUISAS LTDA,N,04/10/2026 05:47:24
BR085212026,BR,NEXUS PESQUISA E INTELIGENCIA DE DADOS LTDA,NEXUS,11077560000160,N,2026-06-23,2026-06-26,2026-06-28,2026-06-29,2000,164888.89,2,texto,2.19,,1751,473,BANCO BTG PACTUAL S.A.,BANCO BTG PACTUAL S.A.,S,04/10/2026 05:47:24
BR031382026,BR,INSTITUTO DATA CENSUS POTIGUAR LTDA,,47798321000147,N,2026-06-23,2026-06-25,2026-06-29,2026-06-29,2000,10000.00,2.2,texto,2.19,,1918,2082,MEGA ASSESSORIA E COMUNICACAO LTDA / MEGA PORTAL RN,MEGA ASSESSORIA E COMUNICACAO LTDA / MEGA PORTAL RN,S,04/10/2026 05:47:24
BR045822026,BR,ATLASINTEL TECNOLOGIA DE DADOS LTDA,ATLASINTEL,19259002000128,S,2026-06-25,2026-06-25,2026-06-30,2026-07-01,5000,75000.00,1,texto,1.39,,1091,165,ATLASINTEL TECNOLOGIA DE DADOS LTDA,ATLASINTEL TECNOLOGIA DE DADOS LTDA,N,04/10/2026 05:47:24
BR067332026,BR,F. FACANHA DE ALMEIDA,DELTA AGENCIA DE PESQUISA,08984712000102,N,2026-06-26,2026-06-27,2026-06-30,2026-07-02,800,25000.00,3.5,texto,3.46,universo pesquisa é o mesmo daquele encontrado na amostra não sendo necessário nenhum tipo de ponderação,1446,254,W.D COMERCIO E SERVICOS LTDA / W.D EMPREENDIMENTOS,W.D COMERCIO E SERVICOS LTDA / W.D EMPREENDIMENTOS,S,04/10/2026 05:47:24
BR078012026,BR,REAL TIME MIDIA LTDA,REAL TIME BIG DATA,22345021000181,S,2026-06-25,2026-06-29,2026-06-30,2026-07-01,1600,64000.00,2,texto,2.45,,3385,318,REAL TIME MIDIA LTDA,REAL TIME MIDIA LTDA,N,04/10/2026 05:47:24
BR053712026,BR,INSTITUTO PARANA DE PESQUISAS E ANALISE DE CONSUMIDOR LTDA,,81908345000140,S,2026-06-26,2026-06-29,2026-07-01,2026-07-02,1600,45000.00,2.5,texto,2.45,,3131,225,INSTITUTO PARANA DE PESQUISAS E ANALISE DE CONSUMIDOR LTDA,INSTITUTO PARANA DE PESQUISAS E ANALISE DE CONSUMIDOR LTDA,N,04/10/2026 05:47:24
BR060262026,BR,PNH PESQUISA DE MERCADO E OPINIAO PUBLICA LTDA.,AFFARE INSTITUTE,47683946000163,N,2026-06-27,2026-06-26,2026-07-01,2026-07-03,1500,22500.00,2.58,texto,2.53,"Universo: eleitoras e eleitores com 16 anos ou mais, residentes e aptos a votar no Rio Grande do Norte",2685,1918,RN NEGOCIOS EDITORA LTDA / NOVO JORNALISMO,RN NEGOCIOS EDITORA LTDA / NOVO JORNALISMO,S,04/10/2026 05:47:24
BR009562026,BR,INSTITUTO GAZETA LTDA,IGAPE- INSTITUTO GAZETA DE PEQUISAS,04851508000154,N,2026-06-27,2026-06-26,2026-07-02,2026-07-03,3000,12000.00,1.8,texto,1.79,"universo da pesquisa é composto por eleitores de Goiás, com idade a partir de 16 anos",1022,279,TV ATUAL LTDA / TV ATUAL | TV ATUAL LTDA / TV ATUAL,TV ATUAL LTDA / TV ATUAL | TV ATUAL LTDA / TV ATUAL,S | S,04/10/2026 05:47:24
BR057732026,BR,INSTITUTO FRANCA DE PESQUISAS LTDA,INSTITUTO FRANCA DE PESQUISA PESQUISA E ASSESSORIA,24899123000174,N,2026-06-30,2026-06-30,2026-07-02,2026-07-06,1116,30000.00,2.9,texto,2.93,,2810,196,RADIO JORNAL FM A VOZ DO POVO DE ARACAJU SERGIPE LTDA / RADIO JORNAL FM A VOZ DO POVO DE ARACAJU,RADIO JORNAL FM A VOZ DO POVO DE ARACAJU SERGIPE LTDA / RADIO JORNAL FM A VOZ DO POVO DE ARACAJU,S,04/10/2026 05:47:24
BR097142026,BR,INSTITUTO FRANCA DE PESQUISAS LTDA,INSTITUTO FRANCA DE PESQUISA PESQUISA E ASSESSORIA,24899123000174,N,2026-07-03,2026-06-30,2026-07-02,2026-07-09,1116,30000.00,2.9,texto,2.93,,2800,195,RADIO JORNAL FM A VOZ DO POVO DE ARACAJU SERGIPE LTDA / RADIO JORNAL FM A VOZ DO POVO DE ARACAJU,RADIO JORNAL FM A VOZ DO POVO DE ARACAJU SERGIPE LTDA / RADIO JORNAL FM A VOZ DO POVO DE ARACAJU,S,04/10/2026 05:47:24
BR004092026,BR,BRASMARKET ANALISE E INVESTIGACAO DE MERCADO LTDA,BRASMARKET,49875610000128,N,2026-06-30,2026-07-01,2026-07-03,2026-07-06,1200,35000.00,2.84,texto,2.83,"Universo: eleitores com 16 anos ou mais, aptos a votar no Estado do Rio Grande do Sul, conforme dados do Tribunal Superi",2802,294,PORTO ALEGRE SERVICOS DIGITAIS LTDA / PORTO ALEGRE DIGITAL,PORTO ALEGRE SERVICOS DIGITAIS LTDA / PORTO ALEGRE DIGITAL,S,04/10/2026 05:47:24
BR056202026,BR,DMP PESQUISA E EVENTOS LTDA,DMP PESQUISA E EVENTOS,22714052000162,N,2026-06-26,2026-07-01,2026-07-03,2026-07-02,1200,40000.00,2.8,texto,2.83,Universo e abrangência territorial,2059,261,REDE DE RADIO E TELEVISAO TIRADENTES LTDA,REDE DE RADIO E TELEVISAO TIRADENTES LTDA,S,04/10/2026 05:47:24
BR064812026,BR,DATAFOLHA INSTITUTO DE PESQUISAS LTDA.,,07630546000175,N,2026-06-29,2026-07-01,2026-07-03,2026-07-05,1608,185706.64,4,texto,2.44,Universo: Eleitorado do estado de São Paulo,2512,217,EMPRESA FOLHA DA MANHA S.A.,EMPRESA FOLHA DA MANHA S.A.,S,04/10/2026 05:47:24
BR093502026,BR,RANKING BRASIL INTELIGENCIA LTDA,RANKING BRASIL INTELIGENCIA,49860741000131,N,2026-06-27,2026-06-29,2026-07-03,2026-07-03,2000,20000.00,2.2,texto,2.19,,3884,304,RADIO FM D A LTDA / RADIO FM D.A.,RADIO FM D A LTDA / RADIO FM D.A.,S,04/10/2026 05:47:24
BR018932026,BR,OPINIAO PESQUISAS SOCIAIS LTDA,OPINIAO PESQUISAS SOCIAIS,04994119000188,N,2026-07-01,2026-07-01,2026-07-04,2026-07-07,2000,45000.00,2.2,texto,2.19,,2393,257,BLOG DO MAGNO MARTINS COMUNICACAO LTDA / BLOG DO MAGNO MARTINS,BLOG DO MAGNO MARTINS COMUNICACAO LTDA / BLOG DO MAGNO MARTINS,S,04/10/2026 05:47:24
BR042452026,BR,I. M. MENDONCA,INSTITUTO IDEALIZE,31367504000178,N,2026-07-16,2026-07-03,2026-07-04,2026-07-22,403,4000.00,4.88,texto,4.88,,781,1704,pessoa_fisica,pessoa_fisica,S,04/10/2026 05:47:24
BR016262026,BR,CONSULTORIA E PESQUISA TECNICA LTDA,CONSULT PESQUISA,04843093000177,N,2026-07-03,2026-07-03,2026-07-05,2026-07-09,1700,40000.00,2.37,texto,2.38,,3851,444,EMPRESA JORNALISTICA TRIBUNA DO NORTE LTDA - EM RECUPERACAO JUDICIAL,EMPRESA JORNALISTICA TRIBUNA DO NORTE LTDA - EM RECUPERACAO JUDICIAL,S,04/10/2026 05:47:24
BR034392026,BR,INSTITUTO VERITA LTDA,VERITA,00654576000172,S,2026-06-30,2026-07-01,2026-07-05,2026-07-06,1220,93940.00,3,texto,2.81,,2636,186,INSTITUTO VERITA LTDA,INSTITUTO VERITA LTDA,N,04/10/2026 05:47:24
BR041612026,BR,INSTITUTO VERITA LTDA,VERITA,00654576000172,S,2026-06-30,2026-07-01,2026-07-05,2026-07-06,2000,154000.00,2.5,texto,2.19,,2641,186,INSTITUTO VERITA LTDA,INSTITUTO VERITA LTDA,N,04/10/2026 05:47:24
BR042432026,BR,INSTITUTO VERITA LTDA,VERITA,00654576000172,S,2026-06-30,2026-07-01,2026-07-05,2026-07-06,1525,117425.00,2.5,texto,2.51,,2638,186,INSTITUTO VERITA LTDA,INSTITUTO VERITA LTDA,N,04/10/2026 05:47:24
BR047792026,BR,INSTITUTO VERITA LTDA,VERITA,00654576000172,S,2026-06-30,2026-07-01,2026-07-05,2026-07-06,1030,79310.00,3.5,texto,3.05,,2637,186,INSTITUTO VERITA LTDA,INSTITUTO VERITA LTDA,N,04/10/2026 05:47:24
BR056282026,BR,BOAS IDEIAS INTELIGENCIA EM PESQUISA E ESTRATEGIA DIGITAL LTDA,"BOAS IDEIAS, ESTRATEGIA E INTELIGENCIA DIGITAL.",13475743000160,N,2026-07-02,2026-07-03,2026-07-06,2026-07-08,1500,27600.00,13,texto,2.53,,1571,158,CANAL MEIO S.A.,CANAL MEIO S.A.,S,04/10/2026 05:47:24
BR059972026,BR,100% CIDADES PARTICIPACOES LTDA,100 CIDADES,52908063000144,N,2026-07-01,2026-07-03,2026-07-06,2026-07-07,1600,128000.00,2.4,texto,2.45,,3092,201,FUTURA CONSULTORIA E ASSESSORIA LTDA / FUTURA,FUTURA CONSULTORIA E ASSESSORIA LTDA / FUTURA,S,04/10/2026 05:47:24
BR071542026,BR,"ECM - EDICAO, COMUNICACAO & MARKETING LTDA",ECM-PESQUISAS,35851783000100,S,2026-07-02,2026-07-02,2026-07-06,2026-07-08,1500,13000.00,2.53,texto,2.53,,3425,445,"ECM - EDICAO, COMUNICACAO & MARKETING LTDA","ECM - EDICAO, COMUNICACAO & MARKETING LTDA",N,04/10/2026 05:47:24
BR088212026,BR,SETA INSTITUTO DE PESQUISA LTDA,INSTITUTO SETA DE PESQUISA,10783981000144,S,2026-07-03,2026-07-04,2026-07-06,2026-07-09,1500,15000.00,2.5,texto,2.53,,1990,182,SETA INSTITUTO DE PESQUISA LTDA,SETA INSTITUTO DE PESQUISA LTDA,N,04/10/2026 05:47:24
BR030672026,BR,GERP MERCADOLOGIA LTDA,GRUPO GERP GERP MERCADO GERP OPINIAO GERPAUDIT,05270800000146,N,2026-07-02,2026-07-03,2026-07-07,2026-07-08,2000,34899.00,2.24,texto,2.19,"universo considerado infinito e um nível de confiança de 95,55%, a margem de erro para projeções dos dados é estimada em",1696,539,AESP ASSOC EMISSORAS DE RADIO E TELEVISAO EST SAO PAULO,AESP ASSOC EMISSORAS DE RADIO E TELEVISAO EST SAO PAULO,S,04/10/2026 05:47:24
BR041692026,BR,REAL TIME MIDIA LTDA,REAL TIME BIG DATA,22345021000181,S,2026-07-02,2026-07-06,2026-07-07,2026-07-08,1600,64000.00,2,texto,2.45,,3324,385,REAL TIME MIDIA LTDA,REAL TIME MIDIA LTDA,N,04/10/2026 05:47:24
BR053232026,BR,V. C. H. A. SERVICOS LTDA.,VERITATE,05255333000185,N,2026-07-03,2026-07-02,2026-07-07,2026-07-09,1400,60000.00,2.6,texto,2.62,Universo: População do Estado do Pará com idade a partir de 16 anos,1787,559,A R CAMPOS DE SOUZA / BLOG DO JK,A R CAMPOS DE SOUZA / BLOG DO JK,S,04/10/2026 05:47:24
BR076502026,BR,INSTITUTO FRANCA DE PESQUISAS LTDA,INSTITUTO FRANCA DE PESQUISA PESQUISA E ASSESSORIA,24899123000174,S,2026-07-03,2026-07-01,2026-07-07,2026-07-09,1066,15000.00,3,texto,3.00,,2803,613,INSTITUTO FRANCA DE PESQUISAS LTDA,INSTITUTO FRANCA DE PESQUISAS LTDA,N,04/10/2026 05:47:24
BR024022026,BR,REAL TIME MIDIA LTDA,REAL TIME BIG DATA,22345021000181,S,2026-07-03,2026-07-07,2026-07-08,2026-07-09,1600,64000.00,2,texto,2.45,,3382,387,REAL TIME MIDIA LTDA,REAL TIME MIDIA LTDA,N,04/10/2026 05:47:24
BR030842026,BR,INSTITUTO VOX BRASIL OPINIAO E PESQUISAS LTDA,,45613076000120,N,2026-07-06,2026-07-06,2026-07-08,2026-07-12,1200,65000.00,2.83,texto,2.83,,2472,376,MACEIO FM RADIOS DIFUSORAS LTDA / JOVEM PAN NEWS,MACEIO FM RADIOS DIFUSORAS LTDA / JOVEM PAN NEWS,S,04/10/2026 05:47:24
BR049392026,BR,VILANI E BARBOSA NEGOCIOS LTDA,DATA RD,31884294000195,N,2026-07-06,2026-07-07,2026-07-09,2026-07-12,1509,19700.00,2.52,texto,2.52,universo de eleitores com acesso a telefone,3649,3425,CONECTA PRO SOLUCOES INTELIGENTES LTDA,CONECTA PRO SOLUCOES INTELIGENTES LTDA,S,04/10/2026 05:47:24
BR032072026,BR,INSTITUTO PAULISTA DE PESQUISA E OPINIAO PUBLICA LTDA,IPPOP,65571662000167,S,2026-06-26,2026-07-01,2026-07-10,2026-07-02,1200,15000.00,2.9,texto,2.83,Universo de eleitores da Região do Alto Tietê,1164,742,INSTITUTO PAULISTA DE PESQUISA E OPINIAO PUBLICA LTDA,INSTITUTO PAULISTA DE PESQUISA E OPINIAO PUBLICA LTDA,N,04/10/2026 05:47:24
BR077632026,BR,EXATUS CONSULTORIA E PESQUISA LTDA,EXATUS CONSULTORIA E PESQUISA,36443750000185,N,2026-07-15,2026-07-07,2026-07-10,2026-07-21,1500,30000.00,2.53,texto,2.53,universo pesquisado,3336,863,A DE O VIANA EDITORA E COMUNICACAO LTDA / GRUPO AGORA RN,A DE O VIANA EDITORA E COMUNICACAO LTDA / GRUPO AGORA RN,S,04/10/2026 05:47:24
BR005582026,BR,INSTITUTO VERITA LTDA,VERITA,00654576000172,S,2026-07-06,2026-07-07,2026-07-11,2026-07-12,2010,154770.00,2.5,texto,2.19,,2638,186,INSTITUTO VERITA LTDA,INSTITUTO VERITA LTDA,N,04/10/2026 05:47:24
BR010302026,BR,INSTITUTO VERITA LTDA,VERITA,00654576000172,S,2026-07-06,2026-07-07,2026-07-11,2026-07-12,1220,93940.00,3,texto,2.81,,2644,186,INSTITUTO VERITA LTDA,INSTITUTO VERITA LTDA,N,04/10/2026 05:47:24
BR030032026,BR,INSTITUTO VERITA LTDA,VERITA,00654576000172,S,2026-07-06,2026-07-07,2026-07-11,2026-07-12,1525,117425.00,2.5,texto,2.51,,2634,186,INSTITUTO VERITA LTDA,INSTITUTO VERITA LTDA,N,04/10/2026 05:47:24
BR051212026,BR,DATAVERO PESQUISA E CONSULTORIA LTDA,DATAVERO INSTITUTO DE PESQUISAS,43941908000102,S,2026-07-08,2026-07-09,2026-07-11,2026-07-14,1500,20000.00,2.53,texto,2.53,,2601,505,DATAVERO PESQUISA E CONSULTORIA LTDA,DATAVERO PESQUISA E CONSULTORIA LTDA,N,04/10/2026 05:47:24
BR054952026,BR,INSTITUTO VERITA LTDA,VERITA,00654576000172,S,2026-07-06,2026-07-07,2026-07-11,2026-07-12,2020,155540.00,2.5,texto,2.18,,2647,186,INSTITUTO VERITA LTDA,INSTITUTO VERITA LTDA,N,04/10/2026 05:47:24
BR072942026,BR,100% CIDADES PARTICIPACOES LTDA,100 CIDADES,52908063000144,N,2026-07-08,2026-07-07,2026-07-11,2026-07-14,2000,160000.00,2.2,texto,2.19,,3038,189,FUTURA CONSULTORIA E ASSESSORIA LTDA / FUTURA,FUTURA CONSULTORIA E ASSESSORIA LTDA / FUTURA,S,04/10/2026 05:47:24
BR086942026,BR,INSTITUTO VERITA LTDA,VERITA,00654576000172,S,2026-07-06,2026-07-07,2026-07-11,2026-07-12,1220,93940.00,3,texto,2.81,,2631,186,INSTITUTO VERITA LTDA,INSTITUTO VERITA LTDA,N,04/10/2026 05:47:24
BR017092026,BR,MDA-PESQUISA DE OPINIAO PUBLICA E CONSULT. ESTATIST. LTDA - EPP,,19090489000168,N,2026-07-08,2026-07-07,2026-07-12,2026-07-14,600,20000.00,4,texto,4.00,"Universo desta pesquisa compreende os eleitores de UBERABA/MG com idade a partir de 16 anos, residentes em todas as regi",1934,251,LIGRE PROPAGANDA LTDA / SOLIS PROPAGANDA,LIGRE PROPAGANDA LTDA / SOLIS PROPAGANDA,S,04/10/2026 05:47:24
BR054392026,BR,ALMEIDA E CAVALCANTI LTDA,INSTITUTO CONECTA DE PESQUISA,35535043000156,S,2026-07-07,2026-07-08,2026-07-12,2026-07-13,2000,30000.00,2.19,texto,2.19,,3379,3345,ALMEIDA E CAVALCANTI LTDA,ALMEIDA E CAVALCANTI LTDA,N,04/10/2026 05:47:24
BR063452026,BR,DOXA ARTE & COMUNICAO S/S LTDA,DOXA,07317438000147,S,2026-07-09,2026-07-08,2026-07-12,2026-07-15,2000,30000.00,3.1,texto,2.19,,2591,466,DOXA ARTE & COMUNICAO S/S LTDA,DOXA ARTE & COMUNICAO S/S LTDA,N,04/10/2026 05:47:24
BR079812026,BR,NEXUS PESQUISA E INTELIGENCIA DE DADOS LTDA,NEXUS,11077560000160,N,2026-07-07,2026-07-10,2026-07-12,2026-07-13,2000,164888.89,2,texto,2.19,,1742,473,BANCO BTG PACTUAL S.A.,BANCO BTG PACTUAL S.A.,S,04/10/2026 05:47:24
BR093302026,BR,INSTITUTO PIAUIENSE DE OPINIAO PUBLICA LTDA - EPP,AMOSTRAGEM OPINIAO E MERCADO,10320257000184,N,2026-07-13,2026-07-07,2026-07-12,2026-07-19,1137,70000.00,2.85,texto,2.91,,1373,306,SISTEMA TIMON DE RADIODIFUSAO LTDA. / TV MEIO NORTE,SISTEMA TIMON DE RADIODIFUSAO LTDA. / TV MEIO NORTE,S,04/10/2026 05:47:24
BR007732026,BR,REAL TIME MIDIA LTDA,REAL TIME BIG DATA,22345021000181,S,2026-07-08,2026-07-11,2026-07-13,2026-07-14,1600,24000.00,2,texto,2.45,,3324,387,REAL TIME MIDIA LTDA,REAL TIME MIDIA LTDA,N,04/10/2026 05:47:24
BR010272026,BR,INSTITUTO VERITA LTDA,VERITA,00654576000172,S,2026-07-08,2026-07-09,2026-07-13,2026-07-14,1220,93940.00,3,texto,2.81,,2644,186,INSTITUTO VERITA LTDA,INSTITUTO VERITA LTDA,N,04/10/2026 05:47:24
BR034792026,BR,"QUAEST PESQUISAS, CONSULTORIA E PROJETOS LTDA.",,22445600000104,N,2026-07-10,2026-07-10,2026-07-13,2026-07-16,804,95877.00,3,texto,3.46,,3123,588,A GAZETA DO ESPIRITO SANTO RADIO E TV LTDA / TV GAZETA,A GAZETA DO ESPIRITO SANTO RADIO E TV LTDA / TV GAZETA,S,04/10/2026 05:47:24
BR062592026,BR,INSTITUTO VERITA LTDA,VERITA,00654576000172,S,2026-07-08,2026-07-09,2026-07-13,2026-07-14,1220,93940.00,3,texto,2.81,,2635,186,INSTITUTO VERITA LTDA,INSTITUTO VERITA LTDA,N,04/10/2026 05:47:24
BR071812026,BR,"QUAEST PESQUISAS, CONSULTORIA E PROJETOS LTDA.",,22445600000104,N,2026-07-09,2026-07-10,2026-07-13,2026-07-15,2004,433255.92,2,texto,2.19,,3127,570,BANCO GENIAL S.A.,BANCO GENIAL S.A.,S,04/10/2026 05:47:24
BR072372026,BR,INSTITUTO VERITA LTDA,VERITA,00654576000172,S,2026-07-08,2026-07-09,2026-07-13,2026-07-14,1220,93940.00,3,texto,2.81,,2639,186,INSTITUTO VERITA LTDA,INSTITUTO VERITA LTDA,N,04/10/2026 05:47:24
BR095762026,BR,IPC - INSTITUTO DE PESQUISA CATARINENSE LTDA,IPC - INSTITUTO DE PESQUISA,09256171000150,N,2026-07-08,2026-07-09,2026-07-13,2026-07-14,1050,55000.00,3,texto,3.02,,3939,517,ASSOCIACAO CATARINENSE DE JORNAIS / ASSOCIACAO CATARINENSE DE JORNAIS,ASSOCIACAO CATARINENSE DE JORNAIS / ASSOCIACAO CATARINENSE DE JORNAIS,S,04/10/2026 05:47:24
BR016892026,BR,PERCENT PESQUISA DE MERCADO E OPINIAO LTDA,PERCENT PESQUISA DE MERCADO E OPINIAO,10544202000158,N,2026-07-17,2026-07-11,2026-07-14,2026-07-23,500,12000.00,4.38,texto,4.38,,1604,876,MCS COMUNICACOES LTDA / PAINEL DIARIO,MCS COMUNICACOES LTDA / PAINEL DIARIO,S,04/10/2026 05:47:24
BR031482026,BR,REAL TIME MIDIA LTDA,REAL TIME BIG DATA,22345021000181,S,2026-07-09,2026-07-13,2026-07-14,2026-07-15,1600,24000.00,2,texto,2.45,,3348,387,REAL TIME MIDIA LTDA,REAL TIME MIDIA LTDA,N,04/10/2026 05:47:24
BR054082026,BR,J J COELHO,INSTITUTO PHOENIX & ASSOCIADOS,04942645000102,N,2026-07-10,2026-07-11,2026-07-14,2026-07-16,1011,7550.00,3.1,texto,3.08,,2033,262,FRANCO & RODRIGUES COMUNICACAO SOCIAL  E EMPREENDIMENTOS LTDA / JORNAL CORREIO CONTINENTAL RO,FRANCO & RODRIGUES COMUNICACAO SOCIAL  E EMPREENDIMENTOS LTDA / JORNAL CORREIO CONTINENTAL RO,Recursos Próprios,04/10/2026 05:47:24
BR062362026,BR,"ECM - EDICAO, COMUNICACAO & MARKETING LTDA",ECM-PESQUISAS,35851783000100,N,2026-07-10,2026-07-11,2026-07-14,2026-07-16,1500,30000.00,2.53,texto,2.53,,3495,445,REDE RIO FM LTDA / REDE RIO FM,REDE RIO FM LTDA / REDE RIO FM,S,04/10/2026 05:47:24
BR000592026,BR,"PODERDATA PESQUISA, JORNALISMO E COMUNICACAO LTDA",PODERDATA,29550908000150,S,2026-07-10,2026-07-12,2026-07-15,2026-07-16,2400,103715.00,2,texto,2.00,Universo: eleitoras e eleitores com 16 anos de idade ou mais,3383,226,"PODERDATA PESQUISA, JORNALISMO E COMUNICACAO LTDA","PODERDATA PESQUISA, JORNALISMO E COMUNICACAO LTDA",N,04/10/2026 05:47:24
BR018772026,BR,GOVNET PESQUISA E TECNOLOGIA DA INFORMACAO LTDA,,09415165000107,N,2026-07-10,2026-07-12,2026-07-15,2026-07-16,400,20000.00,4.9,texto,4.90,,1043,455,SAO CARLOS NO TOQUE LTDA / SAO CARLOS NO TOQUE,SAO CARLOS NO TOQUE LTDA / SAO CARLOS NO TOQUE,S,04/10/2026 05:47:24
BR058802026,BR,REAL TIME MIDIA LTDA,REAL TIME BIG DATA,22345021000181,S,2026-07-10,2026-07-14,2026-07-15,2026-07-16,1600,24000.00,2,texto,2.45,,3322,390,REAL TIME MIDIA LTDA,REAL TIME MIDIA LTDA,N,04/10/2026 05:47:24
BR069942026,BR,F. FACANHA DE ALMEIDA,DELTA AGENCIA DE PESQUISA,08984712000102,N,2026-07-11,2026-07-11,2026-07-15,2026-07-17,1006,26000.00,3.1,texto,3.09,universo pesquisa é o mesmo daquele encontrado na amostra não sendo necessário nenhum tipo de ponderação,1446,667,RADIO E TELEVISAO NORTE LTDA,RADIO E TELEVISAO NORTE LTDA,S,04/10/2026 05:47:24
BR038192026,BR,INSTITUTO DE PESQUISAS PERFIL LTDA,,10175843000182,N,2026-07-12,2026-07-13,2026-07-16,2026-07-18,1800,40000.00,2.31,texto,2.31,"universo, adotou-se um delineamento amostral probabilístico por conglomerados,",3649,612,BDC COMUNICACOES LTDA,BDC COMUNICACOES LTDA,S,04/10/2026 05:47:24
BR078342026,BR,INSTITUTO VERITA LTDA,VERITA,00654576000172,S,2026-07-11,2026-07-12,2026-07-16,2026-07-17,1525,117425.00,2.5,texto,2.51,,2635,186,INSTITUTO VERITA LTDA,INSTITUTO VERITA LTDA,N,04/10/2026 05:47:24
BR051822026,BR,EVA FRANCIELI DE SOUZA PEREIRA,IGAPE INSTITUTO GAUCHO DE PESQUISAS DE OPINIAO,37524035000130,S,2026-07-14,2026-07-14,2026-07-17,2026-07-20,1200,10000.00,2.8,texto,2.83,"Universo: eleitores com 16 anos ou mais, aptos a votar nos municípios de Pelotas, Canguçu, Capão do Leão, Jaguarão, Arro",1843,648,EVA FRANCIELI DE SOUZA PEREIRA,EVA FRANCIELI DE SOUZA PEREIRA,N,04/10/2026 05:47:24
BR011682026,BR,INSTITUTO DATA CENSUS POTIGUAR LTDA,,47798321000147,N,2026-07-14,2026-07-15,2026-07-19,2026-07-20,2000,10000.00,2.2,texto,2.19,,1888,2078,MEGA ASSESSORIA E COMUNICACAO LTDA / MEGA PORTAL RN,MEGA ASSESSORIA E COMUNICACAO LTDA / MEGA PORTAL RN,S,04/10/2026 05:47:24
BR013182026,BR,PARLA MENTORS CONSULTORIA LTDA,PARLA MENTORS CONSULTORIA,61407109000132,S,2026-07-14,2026-07-14,2026-07-19,2026-07-20,1500,20000.00,2.5,texto,2.53,,1411,338,PARLA MENTORS CONSULTORIA LTDA,PARLA MENTORS CONSULTORIA LTDA,N,04/10/2026 05:47:24
BR029042026,BR,INSTITUTO INDEXA PESQUISAS LTDA,INDEXA PESQUISAS,10340949000194,S,2026-07-15,2026-07-16,2026-07-19,2026-07-21,2000,164000.00,2.19,texto,2.19,,3097,322,INSTITUTO INDEXA PESQUISAS LTDA,INSTITUTO INDEXA PESQUISAS LTDA,N,04/10/2026 05:47:24
BR072902026,BR,INSTITUTO GAZETA LTDA,IGAPE- INSTITUTO GAZETA DE PEQUISAS,04851508000154,N,2026-07-15,2026-07-15,2026-07-19,2026-07-21,2000,12000.00,2.2,texto,2.19,"universo da pesquisa é composto por eleitores do Distrito Federal, com idade a partir de 16 anos",1043,281,TV ATUAL LTDA / TV ATUAL,TV ATUAL LTDA / TV ATUAL,S,04/10/2026 05:47:24
BR075862026,BR,PARLA MENTORS CONSULTORIA LTDA,PARLA MENTORS CONSULTORIA,61407109000132,N,2026-07-15,2026-07-14,2026-07-19,2026-07-21,1500,20000.00,2.5,texto,2.53,,1411,338,J E FERREIRA / TVM TELECOM,J E FERREIRA / TVM TELECOM,S,04/10/2026 05:47:24
BR098232026,BR,JOTA JORNALISMO S/A,JOTA JORNALISMO,21050733000100,S,2026-07-20,2026-06-24,2026-07-19,2026-07-26,6000,110000.00,13.5,texto,1.27,,692,165,JOTA JORNALISMO S/A,JOTA JORNALISMO S/A,N,04/10/2026 05:47:24
BR000642026,BR,INSTITUTO MAIS,INSTITUTO MAIS,41296892000105,N,2026-07-15,2026-07-15,2026-07-20,2026-07-21,1200,25000.00,2.8,texto,2.83,Universo - Características da população e dos domicílios; https://cidades,3199,354,ASSOCIACAO DAS EMPRESAS DE ENGENHARIA E LIMPEZA URBANA DO BRASIL / ALUBRAS,ASSOCIACAO DAS EMPRESAS DE ENGENHARIA E LIMPEZA URBANA DO BRASIL / ALUBRAS,Recursos Próprios,04/10/2026 05:47:24
BR012392026,BR,FALPE PESQUISAS S/S LTDA,PALPE PESQUISAS,12282147000109,N,2026-07-20,2026-07-12,2026-07-20,2026-07-26,5000,50000.00,1.38,texto,1.39,"Universo: O universo da pesquisa é composto pelos eleitores do estado de Alagoas, com 16 anos ou mais",1993,2560,MOVIMENTO DEMOCRATICO BRASILEIRO - ALAGOAS - AL - ESTADUAL / MDB ALAGOAS,MOVIMENTO DEMOCRATICO BRASILEIRO - ALAGOAS - AL - ESTADUAL / MDB ALAGOAS,S,04/10/2026 05:47:24
BR024112026,BR,VERITAS PLANEJAMENTO E ASSESSORIA LTDA,VERITAS PLANEJAMENTO,27844225000180,N,2026-07-16,2026-07-17,2026-07-20,2026-07-22,1000,80000.00,3,texto,3.10,,3395,221,CAFE QUENTE PRODUCOES LTDA,CAFE QUENTE PRODUCOES LTDA,S,04/10/2026 05:47:24
BR044682026,BR,ATLASINTEL TECNOLOGIA DE DADOS LTDA,ATLASINTEL,19259002000128,N,2026-07-15,2026-07-15,2026-07-20,2026-07-21,1200,80000.00,3,texto,2.83,,1089,164,SISTEMA TIMON DE RADIODIFUSAO LTDA. / TV MEIO NORTE,SISTEMA TIMON DE RADIODIFUSAO LTDA. / TV MEIO NORTE,S,04/10/2026 05:47:24
BR050262026,BR,GERP MERCADOLOGIA LTDA,GRUPO GERP GERP MERCADO GERP OPINIAO GERPAUDIT,05270800000146,S,2026-07-16,2026-07-15,2026-07-20,2026-07-22,2000,20000.00,2.24,texto,2.19,"universo considerado infinito e um nível de confiança de 95,55%, a margem de erro para projeções dos dados é estimada em",1696,538,GERP MERCADOLOGIA LTDA,GERP MERCADOLOGIA LTDA,N,04/10/2026 05:47:24
BR092472026,BR,REAL TIME MIDIA LTDA,REAL TIME BIG DATA,22345021000181,S,2026-07-15,2026-07-18,2026-07-20,2026-07-21,2000,30000.00,2,texto,2.19,,3353,373,REAL TIME MIDIA LTDA,REAL TIME MIDIA LTDA,N,04/10/2026 05:47:24
BR004552026,BR,RANKING BRASIL INTELIGENCIA LTDA,RANKING BRASIL INTELIGENCIA,49860741000131,N,2026-07-16,2026-07-17,2026-07-21,2026-07-22,1000,10000.00,3.1,texto,3.10,,3491,286,RADIO FM D A LTDA / RADIO FM D.A.,RADIO FM D A LTDA / RADIO FM D.A.,S,04/10/2026 05:47:24
BR006362026,BR,REAL TIME MIDIA LTDA,REAL TIME BIG DATA,22345021000181,S,2026-07-16,2026-07-20,2026-07-21,2026-07-22,1600,24000.00,2,texto,2.45,,3428,396,REAL TIME MIDIA LTDA,REAL TIME MIDIA LTDA,N,04/10/2026 05:47:24
BR031772026,BR,QUALITTA EMPREEDIMENTOS LTDA,QUALITTA EMPREENDIMENTOS,36461578000192,S,2026-07-16,2026-07-17,2026-07-21,2026-07-22,1200,22000.00,2.8,texto,2.83,,3251,310,QUALITTA EMPREEDIMENTOS LTDA,QUALITTA EMPREEDIMENTOS LTDA,N,04/10/2026 05:47:24
BR073352026,BR,ATLASINTEL TECNOLOGIA DE DADOS LTDA,ATLASINTEL,19259002000128,N,2026-07-16,2026-07-16,2026-07-21,2026-07-22,1200,60000.00,3,texto,2.83,,1103,178,RADIO FM CIDADE DO SOL LTDA,RADIO FM CIDADE DO SOL LTDA,S,04/10/2026 05:47:24
BR012252026,BR,MAPA MARKETING E PARTICIPACOES LTDA,,83203646000101,N,2026-07-17,2026-07-17,2026-07-22,2026-07-23,1008,54000.00,3.1,texto,3.09,"Universo: O público pesquisado é composto por eleitores de 16 anos ou mais, residentes no estado de Santa Catarina",3158,163,"RADIO CANOINHAS LTDA / JOVEM PAN FLORIPA 101,7 FM E JOVEM PAN NEWS 103,3 FM","RADIO CANOINHAS LTDA / JOVEM PAN FLORIPA 101,7 FM E JOVEM PAN NEWS 103,3 FM",S,04/10/2026 05:47:24
BR019792026,BR,ERIVALDO TRINDADE DE ARAUJO,ITEM PESQUISAS TECNICAS,10307514000148,N,2026-07-17,2026-07-19,2026-07-22,2026-07-23,1250,15000.00,2.77,texto,2.77,,1851,630,TV PONTA NEGRA LTDA,TV PONTA NEGRA LTDA,S,04/10/2026 05:47:24
BR030702026,BR,INSTITUTO DATATRENDS LTDA,DATATRENDS,51772470000104,S,2026-07-19,2026-07-20,2026-07-22,2026-07-25,1200,50000.00,2.83,texto,2.83,universo pesquisado,3477,854,INSTITUTO DATATRENDS LTDA,INSTITUTO DATATRENDS LTDA,N,04/10/2026 05:47:24
BR056782026,BR,NEOBE GESTAO E SERVICOS LTDA,NEOKEMP PESQUISAS,29855711000120,N,2026-07-16,2026-07-20,2026-07-22,2026-07-22,1008,25000.00,3.1,texto,3.09,Universo: Eleitores do Estado do Paraná com 16 (dezesseis) anos ou mais,3281,789,JORNAL O CORREIO DO POVO LTDA / JORNAL O CORREIO DO POVO,JORNAL O CORREIO DO POVO LTDA / JORNAL O CORREIO DO POVO,S,04/10/2026 05:47:24
BR055422026,BR,REAL TIME MIDIA LTDA,REAL TIME BIG DATA,22345021000181,S,2026-07-18,2026-07-19,2026-07-23,2026-07-24,1600,24000.00,2,texto,2.45,,3380,387,REAL TIME MIDIA LTDA,REAL TIME MIDIA LTDA,N,04/10/2026 05:47:24
BR084032026,BR,RANKING BRASIL INTELIGENCIA LTDA,RANKING BRASIL INTELIGENCIA,49860741000131,N,2026-07-18,2026-07-18,2026-07-23,2026-07-24,2000,20000.00,2.2,texto,2.19,,3888,304,RADIO FM D A LTDA / RADIO FM D.A.,RADIO FM D A LTDA / RADIO FM D.A.,S,04/10/2026 05:47:24
BR011662026,BR,DATAFOLHA INSTITUTO DE PESQUISAS LTDA.,,07630546000175,N,2026-07-18,2026-07-22,2026-07-24,2026-07-24,2004,307541.60,4,texto,2.19,Universo: Eleitorado brasileiro,2245,216,EMPRESA FOLHA DA MANHA S.A.,EMPRESA FOLHA DA MANHA S.A.,S,04/10/2026 05:47:24
BR059532026,BR,NEOBE GESTAO E SERVICOS LTDA,NEOKEMP PESQUISAS,29855711000120,N,2026-07-21,2026-07-22,2026-07-24,2026-07-27,1008,25000.00,3.1,texto,3.09,Universo: Eleitores do Estado de Santa Catarina com 16 (dezesseis) anos ou mais,3346,797,JORNAL O CORREIO DO POVO LTDA / JORNAL O CORREIO DO POVO,JORNAL O CORREIO DO POVO LTDA / JORNAL O CORREIO DO POVO,S,04/10/2026 05:47:24
BR080542026,BR,100% CIDADES PARTICIPACOES LTDA,100 CIDADES,52908063000144,N,2026-07-23,2026-07-21,2026-07-24,2026-07-29,1200,96000.00,2.8,texto,2.83,,2893,469,FUTURA CONSULTORIA E ASSESSORIA LTDA / FUTURA,FUTURA CONSULTORIA E ASSESSORIA LTDA / FUTURA,S,04/10/2026 05:47:24
BR013272026,BR,100% CIDADES PARTICIPACOES LTDA,100 CIDADES,52908063000144,N,2026-07-28,2026-07-24,2026-07-25,2026-08-03,1000,80000.00,3.1,texto,3.10,,2892,462,FUTURA CONSULTORIA E ASSESSORIA LTDA / FUTURA,FUTURA CONSULTORIA E ASSESSORIA LTDA / FUTURA,S,04/10/2026 05:47:24
BR034452026,BR,"QUAEST PESQUISAS, CONSULTORIA E PROJETOS LTDA.",,22445600000104,N,2026-07-21,2026-07-21,2026-07-25,2026-07-27,1104,215479.58,3,texto,2.95,,3126,580,BANCO GENIAL S.A.,BANCO GENIAL S.A.,S,04/10/2026 05:47:24
BR067522026,BR,"QUAEST PESQUISAS, CONSULTORIA E PROJETOS LTDA.",,22445600000104,N,2026-07-21,2026-07-21,2026-07-25,2026-07-27,900,181155.11,3,texto,3.27,,3124,578,BANCO GENIAL S.A.,BANCO GENIAL S.A.,S,04/10/2026 05:47:24
BR076702026,BR,"QUAEST PESQUISAS, CONSULTORIA E PROJETOS LTDA.",,22445600000104,N,2026-07-21,2026-07-21,2026-07-25,2026-07-27,1200,205008.84,3,texto,2.83,,3126,588,BANCO GENIAL S.A.,BANCO GENIAL S.A.,S,04/10/2026 05:47:24
BR080862026,BR,REAL TIME MIDIA LTDA,REAL TIME BIG DATA,22345021000181,S,2026-07-21,2026-07-22,2026-07-25,2026-07-27,1600,24000.00,2,texto,2.45,,3385,386,REAL TIME MIDIA LTDA,REAL TIME MIDIA LTDA,N,04/10/2026 05:47:24
BR081332026,BR,FOCUS PESQUISA LTDA,INSTITUTO FOCUS,68011909000189,N,2026-07-23,2026-07-24,2026-07-25,2026-07-29,400,5000.00,4.88,texto,4.90,,3464,2932,SISTEMA DE COMUNICACAO VALE DO IPOJUCA LTDA / GRUPO VANGUARDA,SISTEMA DE COMUNICACAO VALE DO IPOJUCA LTDA / GRUPO VANGUARDA,S,04/10/2026 05:47:24
BR087072026,BR,IPESPE INST DE PESQUISAS SOCIAIS POLITICAS E ECONOMICAS,,11849437000110,N,2026-07-22,2026-07-22,2026-07-25,2026-07-28,1000,60000.00,3.2,texto,3.10,,1888,463,EDITORA FOLHA DE PERNAMBUCO LTDA / FOLHA DE PERNAMBUCO,EDITORA FOLHA DE PERNAMBUCO LTDA / FOLHA DE PERNAMBUCO,S,04/10/2026 05:47:24
BR087742026,BR,RUMON MARKETING DIGITAL E PESQUISAS LTDA,ACADEMIA DE PESQUISA,41555199000100,N,2026-07-22,2026-07-25,2026-07-25,2026-07-27,400,8000.00,4.9,texto,4.90,,2677,629,CNV COMERCIO E SERVICOS DE PRODUTOS PARA EDUCACAO LTDA / CNV EDUCACIONAL,CNV COMERCIO E SERVICOS DE PRODUTOS PARA EDUCACAO LTDA / CNV EDUCACIONAL,Recursos Próprios,04/10/2026 05:47:24
BR014892026,BR,NEXUS PESQUISA E INTELIGENCIA DE DADOS LTDA,NEXUS,11077560000160,N,2026-07-21,2026-07-24,2026-07-26,2026-07-27,2000,164888.89,2,texto,2.19,,1815,473,BANCO BTG PACTUAL S.A.,BANCO BTG PACTUAL S.A.,S,04/10/2026 05:47:24
BR038102026,BR,"QUAEST PESQUISAS, CONSULTORIA E PROJETOS LTDA.",,22445600000104,N,2026-07-22,2026-07-22,2026-07-26,2026-07-28,900,183218.60,3,texto,3.27,,3124,584,BANCO GENIAL S.A.,BANCO GENIAL S.A.,S,04/10/2026 05:47:24
BR052252026,BR,PERFIL PESQUISAS TECNICAS LTDA,PERFIL PESQUISAS TECNICAS,40808743000107,N,2026-07-23,2026-07-23,2026-07-26,2026-07-29,1600,15000.00,2.45,texto,2.45,"universo composto pelos eleitores do estado do Rio Grande do Norte, a aleatorização da amostra foi planejada sobre a cob",2565,196,BG MIDIAS E ASSESSORIA DIGITAL LTDA / BG MIDIAS,BG MIDIAS E ASSESSORIA DIGITAL LTDA / BG MIDIAS,S,04/10/2026 05:47:24
BR078782026,BR,INSTITUTO MAIS,INSTITUTO MAIS,41296892000105,N,2026-07-21,2026-07-21,2026-07-26,2026-07-27,1200,9500.00,2.8,texto,2.83,Universo - Características da população e dos domicílios; https://cidades,3602,366,EDINA RIBEIRO DE ARAUJO LTDA / MAIS COMUNICAO E MARKETING,EDINA RIBEIRO DE ARAUJO LTDA / MAIS COMUNICAO E MARKETING,Recursos Próprios,04/10/2026 05:47:24
BR093332026,BR,"QUAEST PESQUISAS, CONSULTORIA E PROJETOS LTDA.",,22445600000104,N,2026-07-22,2026-07-22,2026-07-26,2026-07-28,1482,233840.06,3,texto,2.55,,3126,586,BANCO GENIAL S.A.,BANCO GENIAL S.A.,S,04/10/2026 05:47:24
BR008222026,BR,PERCENT PESQUISA DE MERCADO E OPINIAO LTDA,PERCENT PESQUISA DE MERCADO E OPINIAO,10544202000158,N,2026-07-22,2026-07-23,2026-07-27,2026-07-28,1200,29550.00,2.83,texto,2.83,,1568,1017,CBA TV ABERTA DE COMUNICACAO LTDA / O DOC COMUNICACAO,CBA TV ABERTA DE COMUNICACAO LTDA / O DOC COMUNICACAO,S,04/10/2026 05:47:24
BR058562026,BR,"QUAEST PESQUISAS, CONSULTORIA E PROJETOS LTDA.",,22445600000104,N,2026-07-23,2026-07-23,2026-07-27,2026-07-29,1200,246482.02,3,texto,2.83,,3126,579,BANCO GENIAL S.A.,BANCO GENIAL S.A.,S,04/10/2026 05:47:24
BR059082026,BR,INSTITUTO DATA AZ DE PESQUISA LTDA,INSTITUTO DE PESQUISA DATA AZ,55105999000125,N,2026-07-28,2026-07-20,2026-07-27,2026-08-03,1200,15000.00,2.48,texto,2.83,,783,1864,JOSE DE ARIMATEIA AZEVEDO LTDA / PORTAL AZ,JOSE DE ARIMATEIA AZEVEDO LTDA / PORTAL AZ,S,04/10/2026 05:47:24
BR060742026,BR,REAL TIME MIDIA LTDA,REAL TIME BIG DATA,22345021000181,S,2026-07-22,2026-07-23,2026-07-27,2026-07-28,2000,30000.00,2,texto,2.19,,3387,396,REAL TIME MIDIA LTDA,REAL TIME MIDIA LTDA,N,04/10/2026 05:47:24
BR067512026,BR,TS2 SOLUCOES EMPRESARIAL LTDA,TS2 SOLUCOES,38061259000115,N,2026-07-21,2026-07-22,2026-07-27,2026-07-27,1800,46204.00,2.3,texto,2.31,,3622,330,SISTEMA OESTE DE COMUNICACAO LTDA / TCM TV CABO MOSSORO,SISTEMA OESTE DE COMUNICACAO LTDA / TCM TV CABO MOSSORO,S,04/10/2026 05:47:24
BR086022026,BR,ATLASINTEL TECNOLOGIA DE DADOS LTDA,ATLASINTEL,19259002000128,S,2026-07-22,2026-07-22,2026-07-27,2026-07-28,5000,80000.00,1,texto,1.39,,1091,165,ATLASINTEL TECNOLOGIA DE DADOS LTDA,ATLASINTEL TECNOLOGIA DE DADOS LTDA,N,04/10/2026 05:47:24
BR099982026,BR,"QUAEST PESQUISAS, CONSULTORIA E PROJETOS LTDA.",,22445600000104,N,2026-07-23,2026-07-23,2026-07-27,2026-07-29,1650,279386.90,2,texto,2.41,,3126,583,BANCO GENIAL S.A.,BANCO GENIAL S.A.,S,04/10/2026 05:47:24
BR010842026,BR,INSTITUTO VOX BRASIL OPINIAO E PESQUISAS LTDA,,45613076000120,S,2026-07-25,2026-07-26,2026-07-28,2026-07-31,2100,50000.00,2.15,texto,2.14,,2519,340,INSTITUTO VOX BRASIL OPINIAO E PESQUISAS LTDA,INSTITUTO VOX BRASIL OPINIAO E PESQUISAS LTDA,N,04/10/2026 05:47:24
BR018712026,BR,"QUAEST PESQUISAS, CONSULTORIA E PROJETOS LTDA.",,22445600000104,N,2026-07-24,2026-07-24,2026-07-28,2026-07-30,1104,225272.26,3,texto,2.95,,3126,591,BANCO GENIAL S.A.,BANCO GENIAL S.A.,S,04/10/2026 05:47:24
BR032382026,BR,"QUAEST PESQUISAS, CONSULTORIA E PROJETOS LTDA.",,22445600000104,N,2026-07-24,2026-07-24,2026-07-28,2026-07-30,1002,204886.90,3,texto,3.10,,3126,579,BANCO GENIAL S.A.,BANCO GENIAL S.A.,S,04/10/2026 05:47:24
BR044882026,BR,ALFA INTELIGENCIA E SERVICOS DE SOFTWARE E OPINIAO S/A,ALFA INTELIGENCIA,22400349000153,N,2026-07-25,2026-07-23,2026-07-28,2026-07-31,2700,280800.00,,ausente,1.89,,2010,338,RADIO TRANSAMERICA DE SAO PAULO LTDA,RADIO TRANSAMERICA DE SAO PAULO LTDA,S,04/10/2026 05:47:24
BR054252026,BR,100% CIDADES PARTICIPACOES LTDA,100 CIDADES,52908063000144,N,2026-07-28,2026-07-27,2026-07-28,2026-08-03,1000,80000.00,3.1,texto,3.10,,2824,471,FUTURA CONSULTORIA E ASSESSORIA LTDA / FUTURA,FUTURA CONSULTORIA E ASSESSORIA LTDA / FUTURA,S,04/10/2026 05:47:24
BR072352026,BR,INTELIGENCIA EM PESQUISA E CONSULTORIA LTDA,IPEC,40735589000190,N,2026-07-22,2026-07-22,2026-07-28,2026-07-28,800,90000.00,3,texto,3.46,,1885,217,RADIO COSTA DO SOL LTDA,RADIO COSTA DO SOL LTDA,S,04/10/2026 05:47:24
BR080632026,BR,"QUAEST PESQUISAS, CONSULTORIA E PROJETOS LTDA.",,22445600000104,N,2026-07-24,2026-07-24,2026-07-28,2026-07-30,1104,239169.82,3,texto,2.95,,3126,579,BANCO GENIAL S.A.,BANCO GENIAL S.A.,S,04/10/2026 05:47:24
BR090712026,BR,INSTITUTO PARANA DE PESQUISAS E ANALISE DE CONSUMIDOR LTDA,,81908345000140,S,2026-07-23,2026-07-25,2026-07-28,2026-07-29,1680,50000.00,2.4,texto,2.39,,3421,220,INSTITUTO PARANA DE PESQUISAS E ANALISE DE CONSUMIDOR LTDA,INSTITUTO PARANA DE PESQUISAS E ANALISE DE CONSUMIDOR LTDA,N,04/10/2026 05:47:24
BR009682026,BR,REAL TIME MIDIA LTDA,REAL TIME BIG DATA,22345021000181,S,2026-07-24,2026-07-25,2026-07-29,2026-07-30,2000,30000.00,2,texto,2.19,,3387,394,REAL TIME MIDIA LTDA,REAL TIME MIDIA LTDA,N,04/10/2026 05:47:24
BR032892026,BR,BADRA COMUNICACAO LTDA,BADRA COMUNICACAO,04209958000148,S,2026-07-23,2026-07-24,2026-07-29,2026-07-29,1500,18000.00,2.5,texto,2.53,"universo, ou seja, o eleitorado de Pernambuco",1538,221,BADRA COMUNICACAO LTDA,BADRA COMUNICACAO LTDA,N,04/10/2026 05:47:24
BR059132026,BR,NOVA IBRAPE PESQUISAS DE OPINIAO PUBLICA LTDA,NOVO IBRAPE,42098826000185,N,2026-07-25,2026-07-25,2026-07-29,2026-07-31,1000,29000.00,3.1,texto,3.10,universo correspondente ao público-alvo da pesquisa,3253,552,CAMPO GRANDE NOTICIAS LTDA / CAMPO GRANDE NEWS LTDA,CAMPO GRANDE NOTICIAS LTDA / CAMPO GRANDE NEWS LTDA,S,04/10/2026 05:47:24
BR077732026,BR,INSTITUTO DATATRENDS LTDA,DATATRENDS,51772470000104,S,2026-07-27,2026-07-27,2026-07-29,2026-08-02,1200,15000.00,2.83,texto,2.83,universo pesquisado,2729,2632,INSTITUTO DATATRENDS LTDA,INSTITUTO DATATRENDS LTDA,N,04/10/2026 05:47:24
BR078452026,BR,"PODERDATA PESQUISA, JORNALISMO E COMUNICACAO LTDA",PODERDATA,29550908000150,S,2026-07-24,2026-07-26,2026-07-29,2026-07-30,2400,103715.00,2,texto,2.00,Universo: eleitoras e eleitores com 16 anos de idade ou mais,3384,226,"PODERDATA PESQUISA, JORNALISMO E COMUNICACAO LTDA","PODERDATA PESQUISA, JORNALISMO E COMUNICACAO LTDA",N,04/10/2026 05:47:24
BR064932026,BR,INSTITUTO PARANA DE PESQUISAS E ANALISE DE CONSUMIDOR LTDA,,81908345000140,S,2026-07-25,2026-07-28,2026-07-30,2026-07-31,1600,45000.00,2.5,texto,2.45,,3420,225,INSTITUTO PARANA DE PESQUISAS E ANALISE DE CONSUMIDOR LTDA,INSTITUTO PARANA DE PESQUISAS E ANALISE DE CONSUMIDOR LTDA,N,04/10/2026 05:47:24
BR076012026,BR,DATAFOLHA INSTITUTO DE PESQUISAS LTDA.,,07630546000175,N,2026-07-25,2026-07-28,2026-07-30,2026-07-31,1022,115000.00,3,texto,3.07,Universo: Eleitorado do estado de Pernambuco,2592,216,NASSAU EDITORA RADIO E TV LTDA - EM RECUPERACAO JUDICIAL,NASSAU EDITORA RADIO E TV LTDA - EM RECUPERACAO JUDICIAL,S,04/10/2026 05:47:24
BR078382026,BR,PIMENTEL & CARPENTIERI CONSULTORIA DE MARKETING LTDA,PIMENTEL & CARPENTIERI CONSULTORIA DE MARKETING LTDA,44185256000196,S,2026-07-25,2026-07-27,2026-07-30,2026-07-31,800,12000.00,,ausente,3.46,,921,295,PIMENTEL & CARPENTIERI CONSULTORIA DE MARKETING LTDA,PIMENTEL & CARPENTIERI CONSULTORIA DE MARKETING LTDA,N,04/10/2026 05:47:24
BR083542026,BR,REAL TIME MIDIA LTDA,REAL TIME BIG DATA,22345021000181,S,2026-07-25,2026-07-27,2026-07-30,2026-07-31,1600,24000.00,2,texto,2.45,,3375,392,REAL TIME MIDIA LTDA,REAL TIME MIDIA LTDA,N,04/10/2026 05:47:24
BR012102026,BR,INSTITUTO DE PESQUISAS PERFIL LTDA,,10175843000182,S,2026-07-27,2026-07-29,2026-07-31,2026-08-02,600,18000.00,4,texto,4.00,"universo, adotou-se um delineamento amostral probabilístico por conglomerados,",3628,612,INSTITUTO DE PESQUISAS PERFIL LTDA,INSTITUTO DE PESQUISAS PERFIL LTDA,N,04/10/2026 05:47:24
BR082462026,BR,BADRA COMUNICACAO LTDA,BADRA COMUNICACAO,04209958000148,S,2026-07-28,2026-07-29,2026-07-31,2026-08-03,1060,18000.00,3,texto,3.01,"universo, ou seja, o eleitorado do Distrito Federal",1544,227,BADRA COMUNICACAO LTDA,BADRA COMUNICACAO LTDA,N,04/10/2026 05:47:24
BR017152026,BR,INSTITUTO VERITA LTDA,VERITA,00654576000172,S,2026-07-27,2026-07-28,2026-08-01,2026-08-02,1030,79310.00,3.5,texto,3.05,"universo pesquisado compreende eleitores a partir de 16 anos, realizou-se adequação metodológica da variável escolaridad",3868,1421,INSTITUTO VERITA LTDA,INSTITUTO VERITA LTDA,N,04/10/2026 05:47:24
BR022492026,BR,INSTITUTO VERITA LTDA,VERITA,00654576000172,S,2026-07-27,2026-07-28,2026-08-01,2026-08-02,2010,154770.00,2.5,texto,2.19,"universo pesquisado compreende eleitores a partir de 16 anos, realizou-se adequação metodológica da variável escolaridad",3887,1422,INSTITUTO VERITA LTDA,INSTITUTO VERITA LTDA,N,04/10/2026 05:47:24
BR049562026,BR,INSTITUTO VERITA LTDA,VERITA,00654576000172,S,2026-07-27,2026-07-28,2026-08-01,2026-08-02,1220,93940.00,3,texto,2.81,"universo pesquisado compreende eleitores a partir de 16 anos, realizou-se adequação metodológica da variável escolaridad",3892,1424,INSTITUTO VERITA LTDA,INSTITUTO VERITA LTDA,N,04/10/2026 05:47:24
BR076962026,BR,REAL TIME MIDIA LTDA,REAL TIME BIG DATA,22345021000181,S,2026-07-28,2026-07-28,2026-08-01,2026-08-03,1600,24000.00,2,texto,2.45,,3357,389,REAL TIME MIDIA LTDA,REAL TIME MIDIA LTDA,N,04/10/2026 05:47:24
BR098852026,BR,INSTITUTO VERITA LTDA,VERITA,00654576000172,S,2026-07-28,2026-07-28,2026-08-01,2026-08-03,1525,117425.00,2.5,texto,2.51,"universo pesquisado compreende eleitores a partir de 16 anos, realizou-se adequação metodológica da variável escolaridad",3868,1420,INSTITUTO VERITA LTDA,INSTITUTO VERITA LTDA,N,04/10/2026 05:47:24
BR018942026,BR,A J TECH LTDA,VETOR TECNOLOGIA E PESQUISAS,55498337000162,N,2026-07-31,2026-07-28,2026-08-02,2026-08-06,1602,37000.00,2.45,texto,2.45,,808,1881,CONECTA PIAUI PRODUTORA E COMUNICACAO LTDA / CONECTA PIAUI PORTAL E PRODUTORA,CONECTA PIAUI PRODUTORA E COMUNICACAO LTDA / CONECTA PIAUI PORTAL E PRODUTORA,S,04/10/2026 05:47:24
BR028742026,BR,NEXUS PESQUISA E INTELIGENCIA DE DADOS LTDA,NEXUS,11077560000160,N,2026-07-28,2026-07-31,2026-08-02,2026-08-03,2000,164888.89,2,texto,2.19,,1815,474,BANCO BTG PACTUAL S.A.,BANCO BTG PACTUAL S.A.,S,04/10/2026 05:47:24
BR055732026,BR,NEXUS PESQUISA E INTELIGENCIA DE DADOS LTDA,NEXUS,11077560000160,N,2026-07-29,2026-07-30,2026-08-02,2026-08-04,1200,90000.00,3.5,texto,2.83,,1709,486,FEDERACAO DAS ASSOCIACOES DAS RADIOS COMUNITARIAS DO ESTADO DO TOCANTINS / FARCOM-TO,FEDERACAO DAS ASSOCIACOES DAS RADIOS COMUNITARIAS DO ESTADO DO TOCANTINS / FARCOM-TO,S,04/10/2026 05:47:24
BR065502026,BR,LAIS CRISTINA RODRIGUES DE OLIVEIRA LTDA,IPSENSUS PESQUISAS,64500153000180,N,2026-07-31,2026-08-01,2026-08-02,2026-08-06,400,5000.00,4.8,texto,4.90,,2597,623,HALYSSON JOAREZ REZENDE 99263319634,HALYSSON JOAREZ REZENDE 99263319634,Recursos Próprios,04/10/2026 05:47:24
BR093322026,BR,ATLASINTEL TECNOLOGIA DE DADOS LTDA,ATLASINTEL,19259002000128,N,2026-07-28,2026-07-28,2026-08-02,2026-08-03,1000,39000.00,3,texto,3.10,,1088,163,AC 24 HORAS LTDA / AC 24 HORAS,AC 24 HORAS LTDA / AC 24 HORAS,S,04/10/2026 05:47:24
BR039652026,BR,"ECM - EDICAO, COMUNICACAO & MARKETING LTDA",ECM-PESQUISAS,35851783000100,S,2026-07-30,2026-07-31,2026-08-03,2026-08-05,1500,30000.00,2.53,texto,2.53,,3224,445,"ECM - EDICAO, COMUNICACAO & MARKETING LTDA","ECM - EDICAO, COMUNICACAO & MARKETING LTDA",N,04/10/2026 05:47:24
BR045792026,BR,BOAS IDEIAS INTELIGENCIA EM PESQUISA E ESTRATEGIA DIGITAL LTDA,"BOAS IDEIAS, ESTRATEGIA E INTELIGENCIA DIGITAL.",13475743000160,N,2026-07-30,2026-07-31,2026-08-03,2026-08-05,1500,27600.00,13,texto,2.53,,1572,158,CANAL MEIO S.A.,CANAL MEIO S.A.,S,04/10/2026 05:47:24
BR065912026,BR,"QUAEST PESQUISAS, CONSULTORIA E PROJETOS LTDA.",,22445600000104,N,2026-07-30,2026-07-31,2026-08-03,2026-08-05,2004,433255.92,2,texto,2.19,,3127,570,BANCO GENIAL S.A.,BANCO GENIAL S.A.,S,04/10/2026 05:47:24
BR087302026,BR,NOVA IBRAPE PESQUISAS DE OPINIAO PUBLICA LTDA,NOVO IBRAPE,42098826000185,N,2026-07-29,2026-07-29,2026-08-03,2026-08-04,1000,19000.00,3.1,texto,3.10,universo correspondente ao público-alvo da pesquisa,3283,611,RTV CIDADA SERVICO DE COMUNICACAO LTDA / REDE CIDADA SERVICOS DE COMUNICACAO,RTV CIDADA SERVICO DE COMUNICACAO LTDA / REDE CIDADA SERVICOS DE COMUNICACAO,S,04/10/2026 05:47:24
BR096502026,BR,REAL TIME MIDIA LTDA,REAL TIME BIG DATA,22345021000181,S,2026-07-29,2026-07-30,2026-08-03,2026-08-04,1600,24000.00,2,texto,2.45,,3294,386,REAL TIME MIDIA LTDA,REAL TIME MIDIA LTDA,N,04/10/2026 05:47:24
BR031212026,BR,KLIK INTELIGENCIA LTDA,KLIK,25159754000110,N,2026-07-30,2026-07-30,2026-08-04,2026-08-05,1200,10000.00,3,texto,2.83,,3980,3038,TRANSMISSAO POLITICA LTDA / TRANSMISSAO POLITICA,TRANSMISSAO POLITICA LTDA / TRANSMISSAO POLITICA,S,04/10/2026 05:47:24
BR078472026,BR,VILANI E BARBOSA NEGOCIOS LTDA,DATA RD,31884294000195,N,2026-07-30,2026-07-31,2026-08-04,2026-08-05,1509,19700.00,2.52,texto,2.52,universo de eleitores com acesso a telefone,3651,3425,PAPO ABERTO SERVICOS DE COMUNICACAO LTDA / PAPO ABERTO,PAPO ABERTO SERVICOS DE COMUNICACAO LTDA / PAPO ABERTO,S,04/10/2026 05:47:24
BR017842026,BR,REAL TIME MIDIA LTDA,REAL TIME BIG DATA,22345021000181,S,2026-07-31,2026-08-01,2026-08-05,2026-08-06,1600,24000.00,2,texto,2.45,,3385,400,REAL TIME MIDIA LTDA,REAL TIME MIDIA LTDA,N,04/10/2026 05:47:24
BR089512026,BR,AGORASEI PESQUISA LTDA,AGORASEI PESQUISA,14263830000116,S,2026-08-05,2026-08-02,2026-08-05,2026-08-11,1500,19450.00,2.5,texto,2.53,"universo de eleitores, não será aplicada ponderação estatística para a variável renda, sendo adotado fator de ponderação",2536,976,AGORASEI PESQUISA LTDA,AGORASEI PESQUISA LTDA,N,04/10/2026 05:47:24
BR081092026,BR,100% CIDADES PARTICIPACOES LTDA,100 CIDADES,52908063000144,N,2026-08-05,2026-08-03,2026-08-06,2026-08-11,2000,160000.00,2.2,texto,2.19,,3150,454,FUTURA CONSULTORIA E ASSESSORIA LTDA / FUTURA,FUTURA CONSULTORIA E ASSESSORIA LTDA / FUTURA,S,04/10/2026 05:47:24
BR094412026,BR,SETA INSTITUTO DE PESQUISA LTDA,INSTITUTO SETA DE PESQUISA,10783981000144,S,2026-08-04,2026-08-05,2026-08-06,2026-08-10,550,5000.00,4,texto,4.18,,1987,195,SETA INSTITUTO DE PESQUISA LTDA,SETA INSTITUTO DE PESQUISA LTDA,N,04/10/2026 05:47:24
BR010782026,BR,J J COELHO,INSTITUTO PHOENIX & ASSOCIADOS,04942645000102,N,2026-08-03,2026-08-04,2026-08-07,2026-08-06,1311,12000.00,2.7,texto,2.71,Universo - Características da população e dos domicílios; https://cidades,3633,188,FRANCO & RODRIGUES COMUNICACAO SOCIAL  E EMPREENDIMENTOS LTDA / JORNAL CORREIO CONTINENTAL RO,FRANCO & RODRIGUES COMUNICACAO SOCIAL  E EMPREENDIMENTOS LTDA / JORNAL CORREIO CONTINENTAL RO,Recursos Próprios,04/10/2026 05:47:24
BR079962026,BR,SETA INSTITUTO DE PESQUISA LTDA,INSTITUTO SETA DE PESQUISA,10783981000144,N,2026-08-05,2026-08-06,2026-08-07,2026-08-11,450,5000.00,3.8,texto,4.62,,1988,191,AY SERVICO DE AGENCIAMENTO E PORTAL DE NOTICIAS LTDA / AY MULTIMIDIAS,AY SERVICO DE AGENCIAMENTO E PORTAL DE NOTICIAS LTDA / AY MULTIMIDIAS,S,04/10/2026 05:47:24
BR006622026,BR,INSTITUTO PIAUIENSE DE OPINIAO PUBLICA LTDA - EPP,AMOSTRAGEM OPINIAO E MERCADO,10320257000184,N,2026-08-10,2026-08-04,2026-08-08,2026-08-16,1700,51000.00,2.38,texto,2.38,,1388,399,SISTEMA TIMON DE RADIODIFUSAO LTDA. / TV MEIO NORTE,SISTEMA TIMON DE RADIODIFUSAO LTDA. / TV MEIO NORTE,S,04/10/2026 05:47:24
BR022282026,BR,SETA INSTITUTO DE PESQUISA LTDA,INSTITUTO SETA DE PESQUISA,10783981000144,N,2026-08-06,2026-08-07,2026-08-08,2026-08-12,450,5000.00,4,texto,4.62,,1988,193,AY SERVICO DE AGENCIAMENTO E PORTAL DE NOTICIAS LTDA / AY MULTIMIDIAS,AY SERVICO DE AGENCIAMENTO E PORTAL DE NOTICIAS LTDA / AY MULTIMIDIAS,S,04/10/2026 05:47:24
BR030252026,BR,AMERICAN ANALYTICS DO BRASIL CONSULTORIA LTDA,AMERICAN ANALYTICS,34972238000109,N,2026-08-03,2026-08-04,2026-08-08,2026-08-09,1500,30000.00,2.5,texto,2.53,,3276,178,TIMES BRASIL MEDIA LTDA,TIMES BRASIL MEDIA LTDA,Recursos Próprios,04/10/2026 05:47:24
BR031132026,BR,INSTITUTO TRAVESSIA DIAGNOSTICO LTDA,,28343797000149,N,2026-08-04,2026-08-05,2026-08-08,2026-08-10,800,32000.00,4,texto,3.46,,1321,355,EMPRESA CRUZEIRENSE DE TELEC DE RADIO E TV LTDA / TV E RADIO JURUA,EMPRESA CRUZEIRENSE DE TELEC DE RADIO E TV LTDA / TV E RADIO JURUA,S,04/10/2026 05:47:24
BR057362026,BR,METADATA SOLUCOES INTELIGENTES LTDA,METADATA,41744280000120,S,2026-08-04,2026-08-06,2026-08-08,2026-08-10,1536,50000.00,2.5,texto,2.50,"universo da pesquisa é composto pelo eleitorado apto do estado do Rio Grande do Norte, com base nos dados oficiais do Tr",3992,1446,METADATA SOLUCOES INTELIGENTES LTDA,METADATA SOLUCOES INTELIGENTES LTDA,N,04/10/2026 05:47:24
BR080362026,BR,BOAS IDEIAS INTELIGENCIA EM PESQUISA E ESTRATEGIA DIGITAL LTDA,"BOAS IDEIAS, ESTRATEGIA E INTELIGENCIA DIGITAL.",13475743000160,N,2026-08-04,2026-08-05,2026-08-08,2026-08-10,1800,69878.92,11,texto,2.31,,1571,166,ASSOCIACAO COMERCIAL DE SAO PAULO,ASSOCIACAO COMERCIAL DE SAO PAULO,S,04/10/2026 05:47:24
BR092282026,BR,VISAO PESQUISAS DE OPINIAO LTDA,,07331137000178,S,2026-08-01,2026-08-03,2026-08-08,2026-08-07,880,15000.00,,ausente,3.30,,9,1356,VISAO PESQUISAS DE OPINIAO LTDA,VISAO PESQUISAS DE OPINIAO LTDA,N,04/10/2026 05:47:24
BR006092026,BR,SETA INSTITUTO DE PESQUISA LTDA,INSTITUTO SETA DE PESQUISA,10783981000144,S,2026-08-07,2026-08-08,2026-08-09,2026-08-13,800,7000.00,3,texto,3.46,,1989,194,SETA INSTITUTO DE PESQUISA LTDA,SETA INSTITUTO DE PESQUISA LTDA,N,04/10/2026 05:47:24
BR039212026,BR,OPINIAO PESQUISAS SOCIAIS LTDA,OPINIAO PESQUISAS SOCIAIS,04994119000188,N,2026-08-06,2026-08-06,2026-08-09,2026-08-12,2000,45000.00,2.2,texto,2.19,,2398,257,BLOG DO MAGNO MARTINS COMUNICACAO LTDA / BLOG DO MAGNO MARTINS,BLOG DO MAGNO MARTINS COMUNICACAO LTDA / BLOG DO MAGNO MARTINS,S,04/10/2026 05:47:24
BR065962026,BR,PALVER CONSULTORIA E DESENVOLVIMENTO TECNOLOGICO LTDA.,PALVER,41522141000151,S,2026-08-04,2026-08-03,2026-08-09,2026-08-10,5000,30000.00,4,texto,1.39,,2119,520,PALVER CONSULTORIA E DESENVOLVIMENTO TECNOLOGICO LTDA.,PALVER CONSULTORIA E DESENVOLVIMENTO TECNOLOGICO LTDA.,N,04/10/2026 05:47:24
BR069352026,BR,MDA-PESQUISA DE OPINIAO PUBLICA E CONSULT. ESTATIST. LTDA - EPP,,19090489000168,N,2026-08-05,2026-08-05,2026-08-09,2026-08-11,2002,230038.00,2.2,texto,2.19,universo desta pesquisa compreende os eleitores e eleitoras do Brasil com idade de 16 anos ou mais,2750,297,CONFEDERACAO NACIONAL DO TRANSPORTE,CONFEDERACAO NACIONAL DO TRANSPORTE,S,04/10/2026 05:47:24
BR076042026,BR,F. FACANHA DE ALMEIDA,DELTA AGENCIA DE PESQUISA,08984712000102,N,2026-08-05,2026-08-04,2026-08-09,2026-08-11,1006,26000.00,3.1,texto,3.09,universo pesquisa é o mesmo daquele encontrado na amostra não sendo necessário nenhum tipo de ponderação,1446,357,RADIO E TELEVISAO NORTE LTDA,RADIO E TELEVISAO NORTE LTDA,S,04/10/2026 05:47:24
BR077012026,BR,SETA INSTITUTO DE PESQUISA LTDA,INSTITUTO SETA DE PESQUISA,10783981000144,S,2026-08-06,2026-08-07,2026-08-09,2026-08-12,1500,15000.00,2.5,texto,2.53,,1990,181,SETA INSTITUTO DE PESQUISA LTDA,SETA INSTITUTO DE PESQUISA LTDA,N,04/10/2026 05:47:24
BR084282026,BR,NEXUS PESQUISA E INTELIGENCIA DE DADOS LTDA,NEXUS,11077560000160,N,2026-08-04,2026-08-07,2026-08-09,2026-08-10,2000,164888.89,2,texto,2.19,,1815,474,BANCO BTG PACTUAL S.A.,BANCO BTG PACTUAL S.A.,S,04/10/2026 05:47:24
BR014952026,BR,PERCENT PESQUISA DE MERCADO E OPINIAO LTDA,PERCENT PESQUISA DE MERCADO E OPINIAO,10544202000158,N,2026-08-10,2026-08-07,2026-08-10,2026-08-16,1200,29550.00,2.83,texto,2.83,,1410,1011,CBA TV ABERTA DE COMUNICACAO LTDA / O DOC COMUNICACAO,CBA TV ABERTA DE COMUNICACAO LTDA / O DOC COMUNICACAO,S,04/10/2026 05:47:24
BR036562026,BR,ENFOQUE ASSESSORIA DE COMUNICACAO INTEGRADA LTDA - ME,,62292602000117,S,2026-08-05,2026-08-05,2026-08-10,2026-08-11,800,8500.00,3.5,texto,3.46,"universo pesquisado, não sendo necessário qualquer tipo de ponderação quanto ao sexo, idade e nível econômico",822,288,ENFOQUE ASSESSORIA DE COMUNICACAO INTEGRADA LTDA - ME,ENFOQUE ASSESSORIA DE COMUNICACAO INTEGRADA LTDA - ME,N,04/10/2026 05:47:24
BR052052026,BR,REAL TIME MIDIA LTDA,REAL TIME BIG DATA,22345021000181,S,2026-08-05,2026-08-06,2026-08-10,2026-08-11,1600,24000.00,2,texto,2.45,,3387,387,REAL TIME MIDIA LTDA,REAL TIME MIDIA LTDA,N,04/10/2026 05:47:24
BR080452026,BR,GERP MERCADOLOGIA LTDA,GRUPO GERP GERP MERCADO GERP OPINIAO GERPAUDIT,05270800000146,S,2026-08-04,2026-08-06,2026-08-10,2026-08-10,2400,20000.00,2.04,texto,2.00,"universo considerado infinito e um nível de confiança de 95,55%, a margem de erro para projeções dos dados é estimada em",1711,539,GERP MERCADOLOGIA LTDA,GERP MERCADOLOGIA LTDA,N,04/10/2026 05:47:24
BR093462026,BR,INSTITUTO DATA CENSUS POTIGUAR LTDA,,47798321000147,N,2026-08-10,2026-08-08,2026-08-10,2026-08-16,500,5000.00,4.4,texto,4.38,universo eleitoral de referência 45,2820,1318,GISELLE MURIELLE QUEIROZ DE AZEVEDO,GISELLE MURIELLE QUEIROZ DE AZEVEDO,S,04/10/2026 05:47:24
BR094182026,BR,CONSULTORIA E PESQUISA TECNICA LTDA,CONSULT PESQUISA,04843093000177,N,2026-08-08,2026-08-08,2026-08-10,2026-08-14,1700,40000.00,2.37,texto,2.38,,3752,444,EMPRESA JORNALISTICA TRIBUNA DO NORTE LTDA - EM RECUPERACAO JUDICIAL,EMPRESA JORNALISTICA TRIBUNA DO NORTE LTDA - EM RECUPERACAO JUDICIAL,S,04/10/2026 05:47:24
BR042442026,BR,ANDRE CAVALCANTE FALABELLA LTDA,INSTITUTO DE PESQUISA MULTIPLA,22198794000182,N,2026-08-06,2026-08-08,2026-08-11,2026-08-12,900,20000.00,3.3,texto,3.27,,2590,213,NIVALDO A. GALINDO FILHO / BLOG DO NII JUNIOR,NIVALDO A. GALINDO FILHO / BLOG DO NII JUNIOR,S,04/10/2026 05:47:24
BR068332026,BR,REAL TIME MIDIA LTDA,REAL TIME BIG DATA,22345021000181,S,2026-08-06,2026-08-07,2026-08-11,2026-08-12,1600,24000.00,2,texto,2.45,,3358,393,REAL TIME MIDIA LTDA,REAL TIME MIDIA LTDA,N,04/10/2026 05:47:24
BR083142026,BR,ATLASINTEL TECNOLOGIA DE DADOS LTDA,ATLASINTEL,19259002000128,N,2026-08-06,2026-08-06,2026-08-11,2026-08-12,1800,55000.00,2,texto,2.31,,1089,164,FOCUS COMUNICACAO E MIDIA LTDA,FOCUS COMUNICACAO E MIDIA LTDA,S,04/10/2026 05:47:24
BR027862026,BR,"ECM - EDICAO, COMUNICACAO & MARKETING LTDA",ECM-PESQUISAS,35851783000100,N,2026-08-13,2026-08-09,2026-08-12,2026-08-19,1500,30000.00,2.53,texto,2.53,,3182,445,REDE RIO FM LTDA / REDE RIO FM,REDE RIO FM LTDA / REDE RIO FM,S,04/10/2026 05:47:24
BR034932026,BR,RANKING BRASIL INTELIGENCIA LTDA,RANKING BRASIL INTELIGENCIA,49860741000131,N,2026-08-07,2026-08-07,2026-08-12,2026-08-13,2000,20000.00,2.2,texto,2.19,,3884,304,RADIO FM D A LTDA / RADIO FM D.A.,RADIO FM D A LTDA / RADIO FM D.A.,S,04/10/2026 05:47:24
BR053372026,BR,DATAVERO PESQUISA E CONSULTORIA LTDA,DATAVERO INSTITUTO DE PESQUISAS,43941908000102,S,2026-08-08,2026-08-10,2026-08-12,2026-08-14,1500,20000.00,2.53,texto,2.53,,3599,396,DATAVERO PESQUISA E CONSULTORIA LTDA,DATAVERO PESQUISA E CONSULTORIA LTDA,N,04/10/2026 05:47:24
BR057142026,BR,INSTITUTO PIAUIENSE DE OPINIAO PUBLICA LTDA - EPP,AMOSTRAGEM OPINIAO E MERCADO,10320257000184,N,2026-08-14,2026-08-08,2026-08-12,2026-08-20,1137,70000.00,2.85,texto,2.91,,1373,306,SISTEMA TIMON DE RADIODIFUSAO LTDA. / TV MEIO NORTE,SISTEMA TIMON DE RADIODIFUSAO LTDA. / TV MEIO NORTE,S,04/10/2026 05:47:24
BR058082026,BR,INSTITUTO FRANCA DE PESQUISAS LTDA,INSTITUTO FRANCA DE PESQUISA PESQUISA E ASSESSORIA,24899123000174,S,2026-08-07,2026-08-10,2026-08-12,2026-08-13,2400,50000.00,2,texto,2.00,,2810,608,RIBEIRO SERVICOS DE COMUNICACOES LTDA / TV LIVRE,RIBEIRO SERVICOS DE COMUNICACOES LTDA / TV LIVRE,S,04/10/2026 05:47:24
BR060482026,BR,NEOBE GESTAO E SERVICOS LTDA,NEOKEMP PESQUISAS,29855711000120,N,2026-08-06,2026-08-10,2026-08-12,2026-08-12,1008,25000.00,3.1,texto,3.09,Universo: Eleitores do Estado do Paraná com 16 (dezesseis) anos ou mais,3281,789,JORNAL O CORREIO DO POVO LTDA / JORNAL O CORREIO DO POVO,JORNAL O CORREIO DO POVO LTDA / JORNAL O CORREIO DO POVO,S,04/10/2026 05:47:24
BR068682026,BR,"PODERDATA PESQUISA, JORNALISMO E COMUNICACAO LTDA",PODERDATA,29550908000150,S,2026-08-07,2026-08-09,2026-08-12,2026-08-13,2400,103715.00,2,texto,2.00,Universo: eleitoras e eleitores com 16 anos de idade ou mais,3408,226,"PODERDATA PESQUISA, JORNALISMO E COMUNICACAO LTDA","PODERDATA PESQUISA, JORNALISMO E COMUNICACAO LTDA",N,04/10/2026 05:47:24
BR009942026,BR,DATAFOLHA INSTITUTO DE PESQUISAS LTDA.,,07630546000175,N,2026-08-07,2026-08-10,2026-08-13,2026-08-13,1022,102400.00,3,texto,3.07,Universo: Eleitores do estado do Ceará,2325,222,EMPRESA JORNALISTICA O POVO S A / JORNAL O POVO,EMPRESA JORNALISTICA O POVO S A / JORNAL O POVO,S,04/10/2026 05:47:24
BR067732026,BR,"QUAEST PESQUISAS, CONSULTORIA E PROJETOS LTDA.",,22445600000104,N,2026-08-08,2026-08-10,2026-08-13,2026-08-14,2004,314628.00,2,texto,2.19,,3127,570,EDITORA GLOBO S/A / EDITORA GLOBO | GLOBO COMUNICACAO E PARTICIPACOES S/A / TV/REDE/GLOBO.COM/CANAIS GLOBO/GLOBOPLAY/ELETROMIDIA,EDITORA GLOBO S/A / EDITORA GLOBO | GLOBO COMUNICACAO E PARTICIPACOES S/A / TV/REDE/GLOBO.COM/CANAIS GLOBO/GLOBOPLAY/ELETROMIDIA,S | S,04/10/2026 05:47:24
BR078402026,BR,INSTITUTO DATA CENSUS POTIGUAR LTDA,,47798321000147,N,2026-08-07,2026-08-10,2026-08-13,2026-08-13,2000,10000.00,2.2,texto,2.19,,1840,2120,MEGA ASSESSORIA E COMUNICACAO LTDA / MEGA PORTAL RN,MEGA ASSESSORIA E COMUNICACAO LTDA / MEGA PORTAL RN,S,04/10/2026 05:47:24
BR098032026,BR,"JS PORTAIS, COMUNICACAO E PUBLICIDADE LTDA",INSTITUTO GP1 DE PESQUISA,26269731000120,N,2026-08-11,2026-08-11,2026-08-13,2026-08-17,1200,45000.00,2.83,texto,2.83,,1481,259,J C S HOLANDA  LTDA / JC COMUNICACAO,J C S HOLANDA  LTDA / JC COMUNICACAO,S,04/10/2026 05:47:24
BR001362026,BR,AMERICAN ANALYTICS DO BRASIL CONSULTORIA LTDA,AMERICAN ANALYTICS,34972238000109,N,2026-08-10,2026-08-10,2026-08-14,2026-08-16,1000,20000.00,3.1,texto,3.10,,3212,171,TIMES BRASIL MEDIA LTDA,TIMES BRASIL MEDIA LTDA,Recursos Próprios,04/10/2026 05:47:24
BR022442026,BR,INSTITUTO VOX BRASIL OPINIAO E PESQUISAS LTDA,,45613076000120,S,2026-08-10,2026-08-11,2026-08-14,2026-08-16,2000,20000.00,2.2,texto,2.19,,2737,542,INSTITUTO VOX BRASIL OPINIAO E PESQUISAS LTDA,INSTITUTO VOX BRASIL OPINIAO E PESQUISAS LTDA,N,04/10/2026 05:47:24
BR080202026,BR,DMP PESQUISA E EVENTOS LTDA,DMP PESQUISA E EVENTOS,22714052000162,N,2026-08-11,2026-08-11,2026-08-14,2026-08-17,2000,40000.00,2.2,texto,2.19,Universo e Cobertura Populacional: O universo da pesquisa é composto por eleitores com idade a partir de 16 anos que res,1579,203,REDE DE RADIO E TELEVISAO TIRADENTES LTDA,REDE DE RADIO E TELEVISAO TIRADENTES LTDA,S,04/10/2026 05:47:24
BR086952026,BR,ERIVALDO TRINDADE DE ARAUJO,ITEM PESQUISAS TECNICAS,10307514000148,N,2026-08-09,2026-08-10,2026-08-14,2026-08-15,1250,15000.00,2.77,texto,2.77,,1866,630,RADIO DIFUSORA DE MOSSORO SA / RADIO DIFUSORA,RADIO DIFUSORA DE MOSSORO SA / RADIO DIFUSORA,S,04/10/2026 05:47:24
BR099232026,BR,INSTITUTO DATATRENDS LTDA,DATATRENDS,51772470000104,S,2026-08-11,2026-08-12,2026-08-14,2026-08-17,1200,15000.00,2.83,texto,2.83,,2597,2248,INSTITUTO DATATRENDS LTDA,INSTITUTO DATATRENDS LTDA,N,04/10/2026 05:47:24
BR060052026,BR,DOXA ARTE & COMUNICAO S/S LTDA,DOXA,07317438000147,S,2026-08-10,2026-08-10,2026-08-15,2026-08-16,2000,50000.00,3.1,texto,2.19,,2585,466,DOXA ARTE & COMUNICAO S/S LTDA,DOXA ARTE & COMUNICAO S/S LTDA,N,04/10/2026 05:47:24
BR085922026,BR,REAL TIME MIDIA LTDA,REAL TIME BIG DATA,22345021000181,S,2026-08-11,2026-08-12,2026-08-15,2026-08-17,1600,24000.00,2,texto,2.45,,3355,392,REAL TIME MIDIA LTDA,REAL TIME MIDIA LTDA,N,04/10/2026 05:47:24
BR033172026,BR,NEXUS PESQUISA E INTELIGENCIA DE DADOS LTDA,NEXUS,11077560000160,N,2026-08-11,2026-08-14,2026-08-16,2026-08-17,2000,164888.89,2,texto,2.19,,1815,474,BANCO BTG PACTUAL S.A.,BANCO BTG PACTUAL S.A.,S,04/10/2026 05:47:24
BR061882026,BR,PERFIL PESQUISAS TECNICAS LTDA,PERFIL PESQUISAS TECNICAS,40808743000107,N,2026-08-13,2026-08-13,2026-08-16,2026-08-19,1600,15000.00,2.45,texto,2.45,"universo composto pelos eleitores do estado do Rio Grande do Norte, a aleatorização da amostra foi planejada sobre a cob",2578,196,BG MIDIAS E ASSESSORIA DIGITAL LTDA / BG MIDIAS,BG MIDIAS E ASSESSORIA DIGITAL LTDA / BG MIDIAS,S,04/10/2026 05:47:24
BR079472026,BR,INSTITUTO DATATRENDS LTDA,DATATRENDS,51772470000104,S,2026-08-13,2026-08-15,2026-08-17,2026-08-19,1200,15000.00,2.83,texto,2.83,,3099,2387,INSTITUTO DATATRENDS LTDA,INSTITUTO DATATRENDS LTDA,N,04/10/2026 05:47:24
BR092752026,BR,REAL TIME MIDIA LTDA,REAL TIME BIG DATA,22345021000181,S,2026-08-12,2026-08-13,2026-08-17,2026-08-18,1600,24000.00,2,texto,2.45,,3246,388,REAL TIME MIDIA LTDA,REAL TIME MIDIA LTDA,N,04/10/2026 05:47:24
BR094792026,BR,ESTIMATIVA EDITORA COMUNICACAO E GRAFICA EIRELI,INSTITUTO ESTIMATIVA,35575890000144,N,2026-08-15,2026-08-16,2026-08-17,2026-08-21,301,2800.00,5.66,texto,5.65,,779,1826,R10 COMUNICACAO LTDA / PORTAL R10,R10 COMUNICACAO LTDA / PORTAL R10,S,04/10/2026 05:47:24
BR005232026,BR,BADRA COMUNICACAO LTDA,BADRA COMUNICACAO,04209958000148,S,2026-08-11,2026-08-12,2026-08-18,2026-08-17,1500,18000.00,2.5,texto,2.53,"universo, ou seja, o eleitorado de Pernambuco",1539,221,BADRA COMUNICACAO LTDA,BADRA COMUNICACAO LTDA,N,04/10/2026 05:47:24
BR009762026,BR,BOAS IDEIAS INTELIGENCIA EM PESQUISA E ESTRATEGIA DIGITAL LTDA,"BOAS IDEIAS, ESTRATEGIA E INTELIGENCIA DIGITAL.",13475743000160,N,2026-08-13,2026-08-14,2026-08-18,2026-08-19,1500,35000.00,13,texto,2.53,,1571,162,63.721.370 LUANA MOREIRA MARTINS,63.721.370 LUANA MOREIRA MARTINS,S,04/10/2026 05:47:24
BR019012026,BR,NEXUS PESQUISA E INTELIGENCIA DE DADOS LTDA,NEXUS,11077560000160,N,2026-08-13,2026-08-13,2026-08-18,2026-08-19,1200,90000.00,2.9,texto,2.83,,2295,465,FEDERACAO DAS ASSOCIACOES DAS RADIOS COMUNITARIAS DO ESTADO DO TOCANTINS / FARCOM-TO,FEDERACAO DAS ASSOCIACOES DAS RADIOS COMUNITARIAS DO ESTADO DO TOCANTINS / FARCOM-TO,S,04/10/2026 05:47:24
BR054232026,BR,REAL TIME MIDIA LTDA,REAL TIME BIG DATA,22345021000181,S,2026-08-13,2026-08-14,2026-08-18,2026-08-19,1600,24000.00,2,texto,2.45,,3362,388,REAL TIME MIDIA LTDA,REAL TIME MIDIA LTDA,N,04/10/2026 05:47:24
BR018182026,BR,MENSURY PESQUISAS LTDA,DATA PLUS PESQUISA E CONSULTORIA,31958173000140,N,2026-08-24,2026-08-15,2026-08-19,2026-08-30,1500,20000.00,2.53,texto,2.53,"universo da pesquisa foi constituído pelo eleitorado do Estado do Rio Grande do Norte, com 16 anos ou mais, apto a votar",1982,507,BRUNO E P BARRETO CIRILO / BLOG DO BARRETO,BRUNO E P BARRETO CIRILO / BLOG DO BARRETO,S,04/10/2026 05:47:24
BR062312026,BR,INTELIGENCIA EM PESQUISA E CONSULTORIA LTDA,IPEC,40735589000190,N,2026-08-13,2026-08-13,2026-08-19,2026-08-19,800,90000.00,3,texto,3.46,,1885,217,RADIO COSTA DO SOL LTDA,RADIO COSTA DO SOL LTDA,S,04/10/2026 05:47:24
BR062672026,BR,ATLASINTEL TECNOLOGIA DE DADOS LTDA,ATLASINTEL,19259002000128,N,2026-08-14,2026-08-14,2026-08-19,2026-08-20,1200,60000.00,3,texto,2.83,,1088,163,FEDERACAO DAS ASSOCIACOES COMERCIAIS E EMPRESARIAIS DO PARA - FACIAPA,FEDERACAO DAS ASSOCIACOES COMERCIAIS E EMPRESARIAIS DO PARA - FACIAPA,S,04/10/2026 05:47:24
BR087912026,BR,REAL TIME MIDIA LTDA,REAL TIME BIG DATA,22345021000181,S,2026-08-14,2026-08-15,2026-08-19,2026-08-20,1600,24000.00,2,texto,2.45,,3375,387,REAL TIME MIDIA LTDA,REAL TIME MIDIA LTDA,N,04/10/2026 05:47:24
BR040062026,BR,INSTITUTO VERITA LTDA,VERITA,00654576000172,S,2026-08-15,2026-08-16,2026-08-20,2026-08-21,3840,295680.00,2,texto,1.58,universo de eleitores aptos com 16 anos ou mais,3838,1385,INSTITUTO VERITA LTDA,INSTITUTO VERITA LTDA,N,04/10/2026 05:47:24
BR044962026,BR,DATAFOLHA INSTITUTO DE PESQUISAS LTDA.,,07630546000175,N,2026-08-15,2026-08-18,2026-08-20,2026-08-21,2058,307641.60,4,texto,2.16,Universo: Eleitorado brasileiro,2245,217,EMPRESA FOLHA DA MANHA S.A. | GLOBO COMUNICACAO E PARTICIPACOES S/A / TV/REDE/GLOBO.COM/CANAIS GLOBO/GLOBOPLAY/ELETROMIDIA,EMPRESA FOLHA DA MANHA S.A. | GLOBO COMUNICACAO E PARTICIPACOES S/A / TV/REDE/GLOBO.COM/CANAIS GLOBO/GLOBOPLAY/ELETROMIDIA,S | S,04/10/2026 05:47:24
BR074552026,BR,MT DADOS ASSESSORIA E MARKETING LTDA,MT DADOS PESQUISAS,11100635000187,S,2026-08-15,2026-08-15,2026-08-20,2026-08-21,3080,65000.00,3,texto,1.77,,1290,916,MT DADOS ASSESSORIA E MARKETING LTDA,MT DADOS ASSESSORIA E MARKETING LTDA,N,04/10/2026 05:47:24
BR082752026,BR,DATA TEMPO LIMITADA,,42532542000155,N,2026-08-17,2026-08-17,2026-08-20,2026-08-23,1000,55780.00,3.1,texto,3.10,"universo da pesquisa é composto por eleitores de Minas Gerais, com idade a partir de 16 anos",1099,263,SEMPRE EDITORA LTDA,SEMPRE EDITORA LTDA,S,04/10/2026 05:47:24
BR087572026,BR,INSTITUTO DE PESQUISAS PERFIL LTDA,,10175843000182,S,2026-08-17,2026-08-18,2026-08-20,2026-08-23,1000,20000.00,3.1,texto,3.10,"universo, adotou-se um delineamento amostral probabilístico por conglomerados,",3619,625,INSTITUTO DE PESQUISAS PERFIL LTDA,INSTITUTO DE PESQUISAS PERFIL LTDA,N,04/10/2026 05:47:24
BR001092026,BR,DATAFOLHA INSTITUTO DE PESQUISAS LTDA.,,07630546000175,N,2026-08-15,2026-08-18,2026-08-21,2026-08-21,1204,153527.92,3,texto,2.82,Universo: Eleitorado do estado de Pernambuco,2600,218,EMPRESA FOLHA DA MANHA S.A. | GLOBO COMUNICACAO E PARTICIPACOES S/A / TV/REDE/GLOBO.COM/CANAIS GLOBO/GLOBOPLAY/ELETROMIDIA,EMPRESA FOLHA DA MANHA S.A. | GLOBO COMUNICACAO E PARTICIPACOES S/A / TV/REDE/GLOBO.COM/CANAIS GLOBO/GLOBOPLAY/ELETROMIDIA,S | S,04/10/2026 05:47:24
BR020942026,BR,DATAFOLHA INSTITUTO DE PESQUISAS LTDA.,,07630546000175,N,2026-08-15,2026-08-18,2026-08-21,2026-08-21,910,100890.12,3,texto,3.25,Universo: Eleitorado do estado do Distrito Federal,2304,212,GLOBO COMUNICACAO E PARTICIPACOES S/A / TV/REDE/GLOBO.COM/CANAIS GLOBO/GLOBOPLAY/ELETROMIDIA | EMPRESA FOLHA DA MANHA S.A.,GLOBO COMUNICACAO E PARTICIPACOES S/A / TV/REDE/GLOBO.COM/CANAIS GLOBO/GLOBOPLAY/ELETROMIDIA | EMPRESA FOLHA DA MANHA S.A.,S | S,04/10/2026 05:47:24
BR024452026,BR,SETA INSTITUTO DE PESQUISA LTDA,INSTITUTO SETA DE PESQUISA,10783981000144,S,2026-08-18,2026-08-19,2026-08-21,2026-08-24,1500,15000.00,2.5,texto,2.53,,1989,186,SETA INSTITUTO DE PESQUISA LTDA,SETA INSTITUTO DE PESQUISA LTDA,N,04/10/2026 05:47:24
BR043962026,BR,DATAFOLHA INSTITUTO DE PESQUISAS LTDA.,,07630546000175,N,2026-08-15,2026-08-18,2026-08-21,2026-08-21,1204,162051.60,6,texto,2.82,Universo: Eleitorado do estado de Minas Gerais,2491,220,EMPRESA FOLHA DA MANHA S.A. | GLOBO COMUNICACAO E PARTICIPACOES S/A / TV/REDE/GLOBO.COM/CANAIS GLOBO/GLOBOPLAY/ELETROMIDIA,EMPRESA FOLHA DA MANHA S.A. | GLOBO COMUNICACAO E PARTICIPACOES S/A / TV/REDE/GLOBO.COM/CANAIS GLOBO/GLOBOPLAY/ELETROMIDIA,S | S,04/10/2026 05:47:24
BR056722026,BR,DATAFOLHA INSTITUTO DE PESQUISAS LTDA.,,07630546000175,N,2026-08-16,2026-08-18,2026-08-21,2026-08-21,826,115326.63,5,texto,3.41,Universo: Eleitorado do estado do Piauí,2356,212,TV RADIO CLUBE DE TERESINA SA,TV RADIO CLUBE DE TERESINA SA,S,04/10/2026 05:47:24
BR071852026,BR,DATAFOLHA INSTITUTO DE PESQUISAS LTDA.,,07630546000175,N,2026-08-15,2026-08-18,2026-08-21,2026-08-21,1610,185706.64,4,texto,2.44,Universo: Eleitorado do estado de São Paulo,2513,217,GLOBO COMUNICACAO E PARTICIPACOES S/A / TV/REDE/GLOBO.COM/CANAIS GLOBO/GLOBOPLAY/ELETROMIDIA | EMPRESA FOLHA DA MANHA S.A.,GLOBO COMUNICACAO E PARTICIPACOES S/A / TV/REDE/GLOBO.COM/CANAIS GLOBO/GLOBOPLAY/ELETROMIDIA | EMPRESA FOLHA DA MANHA S.A.,S | S,04/10/2026 05:47:24
BR077072026,BR,BOAS IDEIAS INTELIGENCIA EM PESQUISA E ESTRATEGIA DIGITAL LTDA,"BOAS IDEIAS, ESTRATEGIA E INTELIGENCIA DIGITAL.",13475743000160,N,2026-08-17,2026-08-18,2026-08-21,2026-08-23,1000,35000.00,3.1,texto,3.10,,1571,161,FUNDACAO BARCARENA DE COMUNICACAO E ASSISTENCIA SOCIAL / FBCAS,FUNDACAO BARCARENA DE COMUNICACAO E ASSISTENCIA SOCIAL / FBCAS,S,04/10/2026 05:47:24
BR084482026,BR,DATAFOLHA INSTITUTO DE PESQUISAS LTDA.,,07630546000175,N,2026-08-16,2026-08-18,2026-08-21,2026-08-21,1204,130418.94,3,texto,2.82,Universo: Eleitorado do estado do Rio de Janeiro,2539,220,EMPRESA FOLHA DA MANHA S.A. | GLOBO COMUNICACAO E PARTICIPACOES S/A / TV/REDE/GLOBO.COM/CANAIS GLOBO/GLOBOPLAY/ELETROMIDIA,EMPRESA FOLHA DA MANHA S.A. | GLOBO COMUNICACAO E PARTICIPACOES S/A / TV/REDE/GLOBO.COM/CANAIS GLOBO/GLOBOPLAY/ELETROMIDIA,S | S,04/10/2026 05:47:24
BR038372026,BR,V. C. H. A. SERVICOS LTDA.,VERITATE,05255333000185,N,2026-08-18,2026-08-17,2026-08-22,2026-08-24,1400,60000.00,2.6,texto,2.62,Universo: População do Estado do Pará com idade a partir de 16 anos,2023,532,A R CAMPOS DE SOUZA / BLOG DO JK,A R CAMPOS DE SOUZA / BLOG DO JK,S,04/10/2026 05:47:24
BR038682026,BR,"INSTITUTO OPNUS DE PESQUISA, CONSULTORIA E INTELIGENCIA DE DADOS LTDA",INSTITUTO OPNUS,09409427000112,N,2026-08-17,2026-08-17,2026-08-22,2026-08-23,1200,148800.00,3,texto,2.83,,1795,687,ALVES QUATRO ASSESSORIA DE COMUNICACAO LTDA / ALVES QUATRO,ALVES QUATRO ASSESSORIA DE COMUNICACAO LTDA / ALVES QUATRO,S,04/10/2026 05:47:24
BR059072026,BR,M B BARROS CONSULTORIA LTDA - ME,INSTITUTO DATASENSUS,17159578000198,N,2026-08-19,2026-08-20,2026-08-22,2026-08-25,5000,60000.00,9.5,texto,1.39,"Universo: Eleitores com 16 anos ou mais, do estado de Alagoas",2030,269,EXITO ESTRATEGIA LTDA / EXITO ESTRATEGIA,EXITO ESTRATEGIA LTDA / EXITO ESTRATEGIA,S,04/10/2026 05:47:24
BR065372026,BR,REAL TIME MIDIA LTDA,REAL TIME BIG DATA,22345021000181,S,2026-08-18,2026-08-19,2026-08-22,2026-08-24,2000,30000.00,2,texto,2.19,,3388,391,REAL TIME MIDIA LTDA,REAL TIME MIDIA LTDA,N,04/10/2026 05:47:24
BR087762026,BR,REAL TIME MIDIA LTDA,REAL TIME BIG DATA,22345021000181,S,2026-08-18,2026-08-19,2026-08-22,2026-08-24,1600,24000.00,2,texto,2.45,,3356,389,REAL TIME MIDIA LTDA,REAL TIME MIDIA LTDA,N,04/10/2026 05:47:24
BR004992026,BR,INSTITUTO VERITA LTDA,VERITA,00654576000172,S,2026-08-18,2026-08-19,2026-08-23,2026-08-24,1220,93940.00,3,texto,2.81,universo de eleitores aptos com 16 anos ou mais,3555,1413,INSTITUTO VERITA LTDA,INSTITUTO VERITA LTDA,N,04/10/2026 05:47:24
BR007412026,BR,DATA CONTROL INSTITUTO DE PESQUISA LTDA - ME,DATA CONTROL INSTITUTO DE PESQUISA,02170847000140,S,2026-08-17,2026-08-17,2026-08-23,2026-08-23,1620,20000.00,2.4,texto,2.43,,2454,947,DATA CONTROL INSTITUTO DE PESQUISA LTDA - ME,DATA CONTROL INSTITUTO DE PESQUISA LTDA - ME,N,04/10/2026 05:47:24
BR013892026,BR,"QUAEST PESQUISAS, CONSULTORIA E PROJETOS LTDA.",,22445600000104,N,2026-08-18,2026-08-20,2026-08-23,2026-08-24,900,106290.00,3,texto,3.27,,3124,582,TELEVISAO MIRANTE LTDA / TELEVISAO MIRANTE,TELEVISAO MIRANTE LTDA / TELEVISAO MIRANTE,S,04/10/2026 05:47:24
BR030452026,BR,INSTITUTO VERITA LTDA,VERITA,00654576000172,S,2026-08-18,2026-08-19,2026-08-23,2026-08-24,1220,93940.00,3,texto,2.81,universo de eleitores aptos com 16 anos ou mais,3566,1414,INSTITUTO VERITA LTDA,INSTITUTO VERITA LTDA,N,04/10/2026 05:47:24
BR035472026,BR,GERP MERCADOLOGIA LTDA,GRUPO GERP GERP MERCADO GERP OPINIAO GERPAUDIT,05270800000146,N,2026-08-19,2026-08-20,2026-08-23,2026-08-25,2400,20000.00,2.04,texto,2.00,"universo considerado infinito e um nível de confiança de 95,55%, a margem de erro para projeções dos dados é estimada em",1712,538,AESP ASSOC EMISSORAS DE RADIO E TELEVISAO EST SAO PAULO,AESP ASSOC EMISSORAS DE RADIO E TELEVISAO EST SAO PAULO,S,04/10/2026 05:47:24
BR037612026,BR,"QUAEST PESQUISAS, CONSULTORIA E PROJETOS LTDA.",,22445600000104,N,2026-08-18,2026-08-20,2026-08-23,2026-08-24,804,104319.00,3,texto,3.46,,3124,580,"SOCIEDADE RADIO EMISSORA PARANAENSE SA / TV PARANAENSE, REDE PARANAENSE","SOCIEDADE RADIO EMISSORA PARANAENSE SA / TV PARANAENSE, REDE PARANAENSE",S,04/10/2026 05:47:24
BR045232026,BR,INSTITUTO VERITA LTDA,VERITA,00654576000172,S,2026-08-18,2026-08-19,2026-08-23,2026-08-24,1220,93940.00,3,texto,2.81,universo de eleitores aptos com 16 anos ou mais,3563,1414,INSTITUTO VERITA LTDA,INSTITUTO VERITA LTDA,N,04/10/2026 05:47:24
BR046052026,BR,INSTITUTO VERITA LTDA,VERITA,00654576000172,S,2026-08-18,2026-08-19,2026-08-23,2026-08-24,1525,117425.00,2.5,texto,2.51,universo de eleitores aptos com 16 anos ou mais,3556,1414,INSTITUTO VERITA LTDA,INSTITUTO VERITA LTDA,N,04/10/2026 05:47:24
BR050042026,BR,INSTITUTO VERITA LTDA,VERITA,00654576000172,S,2026-08-18,2026-08-19,2026-08-23,2026-08-24,2030,156310.00,2.5,texto,2.18,universo de eleitores aptos com 16 anos ou mais,3566,1414,INSTITUTO VERITA LTDA,INSTITUTO VERITA LTDA,N,04/10/2026 05:47:24
BR050122026,BR,A. F. BARBOSA & CIA. LTDA - ME,INSTITUTO DE PESQUISA RESULTADO IPR,06270812000133,N,2026-08-19,2026-08-19,2026-08-23,2026-08-25,782,12500.00,3.5,texto,3.50,Universo: Eleitores dos municípios de maior eleitorado de Mato Grosso do Sul dentro das 12 Regiões Imediatas referenciad,2618,1900,CORREIO DO ESTADO LTDA,CORREIO DO ESTADO LTDA,S,04/10/2026 05:47:24
BR063662026,BR,INSTITUTO INDEXA PESQUISAS LTDA,INDEXA PESQUISAS,10340949000194,N,2026-08-20,2026-08-20,2026-08-23,2026-08-26,2000,164000.00,2.19,texto,2.19,,3283,367,AGENCIA ESTADO S.A / AGENCIA ESTADO,AGENCIA ESTADO S.A / AGENCIA ESTADO,S,04/10/2026 05:47:24
BR063842026,BR,"QUAEST PESQUISAS, CONSULTORIA E PROJETOS LTDA.",,22445600000104,N,2026-08-18,2026-08-20,2026-08-23,2026-08-24,804,104118.00,3,texto,3.46,,3124,593,TELEVISAO CABUGI LTDA / TV CABUGI,TELEVISAO CABUGI LTDA / TV CABUGI,S,04/10/2026 05:47:24
BR064772026,BR,INSTITUTO VERITA LTDA,VERITA,00654576000172,S,2026-08-18,2026-08-19,2026-08-23,2026-08-24,3025,232925.00,2,texto,1.78,universo de eleitores aptos com 16 anos ou mais,3555,1414,INSTITUTO VERITA LTDA,INSTITUTO VERITA LTDA,N,04/10/2026 05:47:24
BR071602026,BR,"QUAEST PESQUISAS, CONSULTORIA E PROJETOS LTDA.",,22445600000104,N,2026-08-18,2026-08-20,2026-08-23,2026-08-24,804,106329.00,3,texto,3.46,,3125,588,NC COMUNICACOES SA,NC COMUNICACOES SA,S,04/10/2026 05:47:24
BR075882026,BR,INSTITUTO VERITA LTDA,VERITA,00654576000172,S,2026-08-18,2026-08-19,2026-08-23,2026-08-24,1525,117425.00,2.5,texto,2.51,universo de eleitores aptos com 16 anos ou mais,3554,1414,INSTITUTO VERITA LTDA,INSTITUTO VERITA LTDA,N,04/10/2026 05:47:24
BR079892026,BR,PERFIL PESQUISAS TECNICAS LTDA,PERFIL PESQUISAS TECNICAS,40808743000107,N,2026-08-24,2026-08-21,2026-08-23,2026-08-30,700,7000.00,3.7,texto,3.70,"universo composto pelos eleitores do Município de Parnamirim, a aleatorização da amostra foi planejada sobre a cobertura",2002,280,VIA CERTA NATAL COMUNICACAO DIGITAL LTDA / VIA CERTA NATAL,VIA CERTA NATAL COMUNICACAO DIGITAL LTDA / VIA CERTA NATAL,S,04/10/2026 05:47:24
BR086122026,BR,"QUAEST PESQUISAS, CONSULTORIA E PROJETOS LTDA.",,22445600000104,N,2026-08-18,2026-08-20,2026-08-23,2026-08-24,900,141660.00,3,texto,3.27,,3125,591,RBS PARTICIPACOES S A / TELEVISAO GAUCHA S.A.,RBS PARTICIPACOES S A / TELEVISAO GAUCHA S.A.,S,04/10/2026 05:47:24
BR090282026,BR,NEXUS PESQUISA E INTELIGENCIA DE DADOS LTDA,NEXUS,11077560000160,N,2026-08-18,2026-08-21,2026-08-23,2026-08-24,2000,164888.89,2,texto,2.19,,1815,474,BANCO BTG PACTUAL S.A.,BANCO BTG PACTUAL S.A.,S,04/10/2026 05:47:24
BR090912026,BR,"QUAEST PESQUISAS, CONSULTORIA E PROJETOS LTDA.",,22445600000104,N,2026-08-18,2026-08-20,2026-08-23,2026-08-24,804,88440.00,3,texto,3.46,,3124,581,"ELO COMUNICACAO LTDA / TELA, ATV E TVA","ELO COMUNICACAO LTDA / TELA, ATV E TVA",S,04/10/2026 05:47:24
BR095172026,BR,CONSULTORIA E PESQUISA TECNICA LTDA,CONSULT PESQUISA,04843093000177,N,2026-08-21,2026-08-21,2026-08-23,2026-08-27,1700,40000.00,2.37,texto,2.38,,3843,446,EMPRESA JORNALISTICA TRIBUNA DO NORTE LTDA - EM RECUPERACAO JUDICIAL,EMPRESA JORNALISTICA TRIBUNA DO NORTE LTDA - EM RECUPERACAO JUDICIAL,S,04/10/2026 05:47:24
BR004902026,BR,"QUAEST PESQUISAS, CONSULTORIA E PROJETOS LTDA.",,22445600000104,N,2026-08-19,2026-08-21,2026-08-24,2026-08-25,804,131253.00,3,texto,3.46,,3125,583,RADIO TV DO AMAZONAS LTDA / REDE AMAZONICA RADIO E TELEVISAO,RADIO TV DO AMAZONAS LTDA / REDE AMAZONICA RADIO E TELEVISAO,S,04/10/2026 05:47:24
BR006992026,BR,"QUAEST PESQUISAS, CONSULTORIA E PROJETOS LTDA.",,22445600000104,N,2026-08-19,2026-08-21,2026-08-24,2026-08-25,804,97887.00,3,texto,3.46,,3124,581,TELEVISAO PARAIBA LTDA / TV PARAIBA | TELEVISAO CABO BRANCO LTDA / TV CABO BRANCO,TELEVISAO PARAIBA LTDA / TV PARAIBA | TELEVISAO CABO BRANCO LTDA / TV CABO BRANCO,S | S,04/10/2026 05:47:24
BR008172026,BR,"QUAEST PESQUISAS, CONSULTORIA E PROJETOS LTDA.",,22445600000104,N,2026-08-19,2026-08-21,2026-08-24,2026-08-25,804,104118.00,3,texto,3.46,,3124,585,RADIO E TELEVISAO MATOGROSSENSE LTDA / TV CENTRO AMERICA OU REDE MATOGROSSENSE DE TELEVISAO,RADIO E TELEVISAO MATOGROSSENSE LTDA / TV CENTRO AMERICA OU REDE MATOGROSSENSE DE TELEVISAO,S,04/10/2026 05:47:24
BR020962026,BR,"QUAEST PESQUISAS, CONSULTORIA E PROJETOS LTDA.",,22445600000104,N,2026-08-19,2026-08-21,2026-08-24,2026-08-25,1800,216900.00,2,texto,2.31,,3126,583,GLOBO COMUNICACAO E PARTICIPACOES S/A / TV/REDE/GLOBO.COM/CANAIS GLOBO/GLOBOPLAY/ELETROMIDIA,GLOBO COMUNICACAO E PARTICIPACOES S/A / TV/REDE/GLOBO.COM/CANAIS GLOBO/GLOBOPLAY/ELETROMIDIA,S,04/10/2026 05:47:24
BR024032026,BR,"QUAEST PESQUISAS, CONSULTORIA E PROJETOS LTDA.",,22445600000104,N,2026-08-19,2026-08-21,2026-08-24,2026-08-25,1104,128064.00,3,texto,2.95,,2866,590,GLOBO COMUNICACAO E PARTICIPACOES S/A / TV/REDE/GLOBO.COM/CANAIS GLOBO/GLOBOPLAY/ELETROMIDIA,GLOBO COMUNICACAO E PARTICIPACOES S/A / TV/REDE/GLOBO.COM/CANAIS GLOBO/GLOBOPLAY/ELETROMIDIA,S,04/10/2026 05:47:24
BR026432026,BR,DCASTRO COMUNICACAO E MARKETING LTDA,DIRETO AO PONTO PESQUISAS,11642489000111,S,2026-08-20,2026-08-19,2026-08-24,2026-08-26,1200,43500.00,3,texto,2.83,"Universo: População do estado do Amazonas, com 16 anos ou mais",2396,277,DCASTRO COMUNICACAO E MARKETING LTDA,DCASTRO COMUNICACAO E MARKETING LTDA,N,04/10/2026 05:47:24
BR028232026,BR,REAL TIME MIDIA LTDA,REAL TIME BIG DATA,22345021000181,S,2026-08-19,2026-08-20,2026-08-24,2026-08-25,1600,24000.00,2,texto,2.45,,3356,399,REAL TIME MIDIA LTDA,REAL TIME MIDIA LTDA,N,04/10/2026 05:47:24
BR042812026,BR,"QUAEST PESQUISAS, CONSULTORIA E PROJETOS LTDA.",,22445600000104,N,2026-08-19,2026-08-21,2026-08-24,2026-08-25,1302,173166.00,3,texto,2.72,,3126,584,GLOBO COMUNICACAO E PARTICIPACOES S/A / TV/REDE/GLOBO.COM/CANAIS GLOBO/GLOBOPLAY/ELETROMIDIA,GLOBO COMUNICACAO E PARTICIPACOES S/A / TV/REDE/GLOBO.COM/CANAIS GLOBO/GLOBOPLAY/ELETROMIDIA,S,04/10/2026 05:47:24
BR043122026,BR,"QUAEST PESQUISAS, CONSULTORIA E PROJETOS LTDA.",,22445600000104,N,2026-08-19,2026-08-21,2026-08-24,2026-08-25,804,104922.00,3,texto,3.46,,3124,592,TELEVISAO PONTA PORA LTDA / TV MORENA,TELEVISAO PONTA PORA LTDA / TV MORENA,S,04/10/2026 05:47:24
BR062522026,BR,"QUAEST PESQUISAS, CONSULTORIA E PROJETOS LTDA.",,22445600000104,N,2026-08-19,2026-08-21,2026-08-24,2026-08-25,804,124620.00,3,texto,3.46,,3125,582,RADIO TV DO AMAZONAS LTDA / REDE AMAZONICA RADIO E TELEVISAO,RADIO TV DO AMAZONAS LTDA / REDE AMAZONICA RADIO E TELEVISAO,S,04/10/2026 05:47:24
BR071842026,BR,F. FACANHA DE ALMEIDA,DELTA AGENCIA DE PESQUISA,08984712000102,N,2026-08-19,2026-08-20,2026-08-24,2026-08-25,1006,26000.00,3.1,texto,3.09,universo pesquisa é o mesmo daquele encontrado na amostra não sendo necessário nenhum tipo de ponderação,1446,357,RADIO E TELEVISAO NORTE LTDA,RADIO E TELEVISAO NORTE LTDA,S,04/10/2026 05:47:24
BR072542026,BR,E P P EMPRESA DE PESQUISA E CONSULTORIA LTDA,E P P,01403730000104,N,2026-09-12,2026-08-22,2026-08-24,2026-09-18,601,5000.00,4,texto,4.00,universo pesquisado (ou população de estudo) é o eleitorado do Município de Porangatu/GO com total de 31,1621,344,pessoa_fisica,pessoa_fisica,S,04/10/2026 05:47:24
BR078062026,BR,JOTA JORNALISMO S/A,JOTA JORNALISMO,21050733000100,S,2026-08-20,2026-07-27,2026-08-24,2026-08-26,6000,110000.00,13.5,texto,1.27,,692,165,JOTA JORNALISMO S/A,JOTA JORNALISMO S/A,N,04/10/2026 05:47:24
BR088272026,BR,"QUAEST PESQUISAS, CONSULTORIA E PROJETOS LTDA.",,22445600000104,N,2026-08-19,2026-08-21,2026-08-24,2026-08-25,804,128841.00,3,texto,3.46,,3125,580,RADIO TV DO AMAZONAS LTDA / REDE AMAZONICA RADIO E TELEVISAO,RADIO TV DO AMAZONAS LTDA / REDE AMAZONICA RADIO E TELEVISAO,S,04/10/2026 05:47:24
BR091352026,BR,"QUAEST PESQUISAS, CONSULTORIA E PROJETOS LTDA.",,22445600000104,N,2026-08-19,2026-08-21,2026-08-24,2026-08-25,804,117384.00,3,texto,3.46,,3124,583,CENTRO NORTE DE COMUNICACAO LTDA / TV ANHANGUERA,CENTRO NORTE DE COMUNICACAO LTDA / TV ANHANGUERA,S,04/10/2026 05:47:24
BR098182026,BR,"QUAEST PESQUISAS, CONSULTORIA E PROJETOS LTDA.",,22445600000104,N,2026-08-19,2026-08-21,2026-08-24,2026-08-25,1506,212346.00,3,texto,2.53,,3126,586,GLOBO COMUNICACAO E PARTICIPACOES S/A / TV/REDE/GLOBO.COM/CANAIS GLOBO/GLOBOPLAY/ELETROMIDIA,GLOBO COMUNICACAO E PARTICIPACOES S/A / TV/REDE/GLOBO.COM/CANAIS GLOBO/GLOBOPLAY/ELETROMIDIA,S,04/10/2026 05:47:24
BR098952026,BR,"QUAEST PESQUISAS, CONSULTORIA E PROJETOS LTDA.",,22445600000104,N,2026-08-19,2026-08-21,2026-08-24,2026-08-25,1302,158844.00,3,texto,2.72,,3126,588,GLOBO COMUNICACAO E PARTICIPACOES S/A / TV/REDE/GLOBO.COM/CANAIS GLOBO/GLOBOPLAY/ELETROMIDIA,GLOBO COMUNICACAO E PARTICIPACOES S/A / TV/REDE/GLOBO.COM/CANAIS GLOBO/GLOBOPLAY/ELETROMIDIA,S,04/10/2026 05:47:24
BR004052026,BR,FALPE PESQUISAS S/S LTDA,PALPE PESQUISAS,12282147000109,N,2026-08-26,2026-08-16,2026-08-25,2026-09-01,5000,50000.00,1.39,texto,1.39,"universo da pesquisa é composto pelos eleitores do estado de Alagoas, com 16 anos ou mais",1377,1212,MOVIMENTO DEMOCRATICO BRASILEIRO - ALAGOAS - AL - ESTADUAL / MDB ALAGOAS,MOVIMENTO DEMOCRATICO BRASILEIRO - ALAGOAS - AL - ESTADUAL / MDB ALAGOAS,S,04/10/2026 05:47:24
BR008282026,BR,100% CIDADES PARTICIPACOES LTDA,100 CIDADES,52908063000144,N,2026-08-21,2026-08-24,2026-08-25,2026-08-27,1000,63400.00,3.1,texto,3.10,,2892,462,POLITICA LIVRE COMUNICACAO LTDA / POLITICA LIVRE,POLITICA LIVRE COMUNICACAO LTDA / POLITICA LIVRE,S,04/10/2026 05:47:24
BR034342026,BR,DATAVERO PESQUISA E CONSULTORIA LTDA,DATAVERO INSTITUTO DE PESQUISAS,43941908000102,N,2026-08-22,2026-08-23,2026-08-25,2026-08-28,1500,20000.00,2.53,texto,2.53,,3988,396,TL COMUNICACAO E MARKETING LTDA,TL COMUNICACAO E MARKETING LTDA,S,04/10/2026 05:47:24
BR067082026,BR,REAL TIME MIDIA LTDA,REAL TIME BIG DATA,22345021000181,S,2026-08-20,2026-08-21,2026-08-25,2026-08-26,1600,24000.00,2,texto,2.45,,3350,391,REAL TIME MIDIA LTDA,REAL TIME MIDIA LTDA,N,04/10/2026 05:47:24
BR089892026,BR,INSTITUTO VERITA LTDA,VERITA,00654576000172,S,2026-08-21,2026-08-21,2026-08-25,2026-08-27,2010,154770.00,2.5,texto,2.19,universo de eleitores aptos com 16 anos ou mais,3549,1413,INSTITUTO VERITA LTDA,INSTITUTO VERITA LTDA,N,04/10/2026 05:47:24
BR091402026,BR,REAL TIME MIDIA LTDA,REAL TIME BIG DATA,22345021000181,S,2026-08-20,2026-08-21,2026-08-25,2026-08-26,1600,24000.00,2,texto,2.45,,3384,390,REAL TIME MIDIA LTDA,REAL TIME MIDIA LTDA,N,04/10/2026 05:47:24
BR028872026,BR,INSTITUTO FRANCA DE PESQUISAS LTDA,INSTITUTO FRANCA DE PESQUISA PESQUISA E ASSESSORIA,24899123000174,S,2026-08-28,2026-08-20,2026-08-26,2026-09-03,1326,25000.00,2.7,texto,2.69,Universo: eleitoras e eleitores com 16 anos de idade ou mais,3223,663,INSTITUTO FRANCA DE PESQUISAS LTDA,INSTITUTO FRANCA DE PESQUISAS LTDA,N,04/10/2026 05:47:24
BR031472026,BR,REAL TIME MIDIA LTDA,REAL TIME BIG DATA,22345021000181,S,2026-08-21,2026-08-22,2026-08-26,2026-08-27,2000,30000.00,2,texto,2.19,,3387,394,REAL TIME MIDIA LTDA,REAL TIME MIDIA LTDA,N,04/10/2026 05:47:24
BR035152026,BR,IPAT - INSTITUTO DE PESQUISAS A TRIBUNA LTDA,,09470150000133,N,2026-08-24,2026-08-20,2026-08-26,2026-08-30,1200,22102.05,2.8,texto,2.83,,916,297,A TRIBUNA DE SANTOS JORNAL E EDITORA LIMITADA / A TRIBUNA,A TRIBUNA DE SANTOS JORNAL E EDITORA LIMITADA / A TRIBUNA,S,04/10/2026 05:47:24
BR037062026,BR,REAL TIME MIDIA LTDA,REAL TIME BIG DATA,22345021000181,S,2026-08-21,2026-08-22,2026-08-26,2026-08-27,1600,24000.00,2,texto,2.45,,3428,396,REAL TIME MIDIA LTDA,REAL TIME MIDIA LTDA,N,04/10/2026 05:47:24
BR049742026,BR,"PODERDATA PESQUISA, JORNALISMO E COMUNICACAO LTDA",PODERDATA,29550908000150,S,2026-08-21,2026-08-23,2026-08-26,2026-08-27,2400,103715.00,2,texto,2.00,Universo: eleitoras e eleitores com 16 anos de idade ou mais,3408,226,"PODERDATA PESQUISA, JORNALISMO E COMUNICACAO LTDA","PODERDATA PESQUISA, JORNALISMO E COMUNICACAO LTDA",N,04/10/2026 05:47:24
BR062552026,BR,"QUAEST PESQUISAS, CONSULTORIA E PROJETOS LTDA.",,22445600000104,N,2026-08-21,2026-08-23,2026-08-26,2026-08-27,804,95877.00,3,texto,3.46,,3124,588,A GAZETA DO ESPIRITO SANTO RADIO E TV LTDA / TV GAZETA,A GAZETA DO ESPIRITO SANTO RADIO E TV LTDA / TV GAZETA,S,04/10/2026 05:47:24
BR070152026,BR,"QUAEST PESQUISAS, CONSULTORIA E PROJETOS LTDA.",,22445600000104,N,2026-08-21,2026-08-23,2026-08-26,2026-08-27,804,134871.00,3,texto,3.46,,3125,579,RADIO TV DO AMAZONAS LTDA / REDE AMAZONICA RADIO E TELEVISAO,RADIO TV DO AMAZONAS LTDA / REDE AMAZONICA RADIO E TELEVISAO,S,04/10/2026 05:47:24
BR072812026,BR,"QUAEST PESQUISAS, CONSULTORIA E PROJETOS LTDA.",,22445600000104,N,2026-08-21,2026-08-23,2026-08-26,2026-08-27,804,80400.00,3,texto,3.46,,3124,581,RADIO TELEVISAO DE SERGIPE LTDA / TV SERGIPE,RADIO TELEVISAO DE SERGIPE LTDA / TV SERGIPE,S,04/10/2026 05:47:24
BR078102026,BR,"QUAEST PESQUISAS, CONSULTORIA E PROJETOS LTDA.",,22445600000104,N,2026-08-21,2026-08-23,2026-08-26,2026-08-27,804,99093.00,3,texto,3.46,,3124,579,TELEVISAO ANHANGUERA S/A,TELEVISAO ANHANGUERA S/A,S,04/10/2026 05:47:24
BR079242026,BR,PIAUI VOX INSTITUTO DE PESQUISA E ASSESSORIA CONTABIL LTDA,PIAUI VOX,50969132000102,N,2026-08-30,2026-08-24,2026-08-26,2026-09-05,500,13000.00,4.38,texto,4.38,,785,1831,ELEICAO 2026 RODRIGO ANTONIO BONA IBIAPINA DEPUTADO ESTADUAL,ELEICAO 2026 RODRIGO ANTONIO BONA IBIAPINA DEPUTADO ESTADUAL,S,04/10/2026 05:47:24
BR088702026,BR,"QUAEST PESQUISAS, CONSULTORIA E PROJETOS LTDA.",,22445600000104,N,2026-08-21,2026-08-23,2026-08-26,2026-08-27,900,130770.00,3,texto,3.27,,3125,579,TELEVISAO BAHIA S.A. / TV BAHIA,TELEVISAO BAHIA S.A. / TV BAHIA,S,04/10/2026 05:47:24
BR089262026,BR,"QUAEST PESQUISAS, CONSULTORIA E PROJETOS LTDA.",,22445600000104,N,2026-08-21,2026-08-23,2026-08-26,2026-08-27,804,132861.00,3,texto,3.46,,3125,582,RADIO TV DO AMAZONAS LTDA / REDE AMAZONICA RADIO E TELEVISAO,RADIO TV DO AMAZONAS LTDA / REDE AMAZONICA RADIO E TELEVISAO,S,04/10/2026 05:47:24
BR090782026,BR,NEOBE GESTAO E SERVICOS LTDA,NEOKEMP PESQUISAS,29855711000120,N,2026-08-20,2026-08-24,2026-08-26,2026-08-26,1008,25000.00,3.1,texto,3.09,Universo: Eleitores do Estado de Santa Catarina com 16 (dezesseis) anos ou mais,3297,797,JORNAL O CORREIO DO POVO LTDA / JORNAL O CORREIO DO POVO,JORNAL O CORREIO DO POVO LTDA / JORNAL O CORREIO DO POVO,S,04/10/2026 05:47:24
BR018822026,BR,RANKING BRASIL INTELIGENCIA LTDA,RANKING BRASIL INTELIGENCIA,49860741000131,N,2026-08-22,2026-08-23,2026-08-27,2026-08-28,2000,20000.00,2.2,texto,2.19,,3858,304,RADIO FM D A LTDA / RADIO FM D.A.,RADIO FM D A LTDA / RADIO FM D.A.,S,04/10/2026 05:47:24
BR019272026,BR,INSTITUTO DATATRENDS LTDA,DATATRENDS,51772470000104,S,2026-08-23,2026-08-25,2026-08-27,2026-08-29,1200,15000.00,2.83,texto,2.83,universo com 16 anos ou mais e excluídos da apuração dessa variável os registros de 15 anos e de idade inválida: 16 a 24,3532,2402,INSTITUTO DATATRENDS LTDA,INSTITUTO DATATRENDS LTDA,N,04/10/2026 05:47:24
BR033962026,BR,INSTITUTO DATATRENDS LTDA,DATATRENDS,51772470000104,S,2026-08-24,2026-08-25,2026-08-27,2026-08-30,1200,15000.00,2.83,texto,2.83,universo com 16 anos ou mais e excluídos da apuração dessa variável os registros de 15 anos e de idade inválida: 16 a 24,3625,2387,INSTITUTO DATATRENDS LTDA,INSTITUTO DATATRENDS LTDA,N,04/10/2026 05:47:24
BR053202026,BR,NEOBE GESTAO E SERVICOS LTDA,NEOKEMP PESQUISAS,29855711000120,N,2026-08-21,2026-08-25,2026-08-27,2026-08-27,1008,25000.00,3.1,texto,3.09,Universo: Eleitores do Estado do Paraná com 16 (dezesseis) anos ou mais,3281,789,JORNAL O CORREIO DO POVO LTDA / JORNAL O CORREIO DO POVO,JORNAL O CORREIO DO POVO LTDA / JORNAL O CORREIO DO POVO,S,04/10/2026 05:47:24
BR055192026,BR,INSTITUTO VOX BRASIL OPINIAO E PESQUISAS LTDA,,45613076000120,S,2026-08-23,2026-08-25,2026-08-27,2026-08-29,2100,50000.00,2.15,texto,2.14,,2396,340,INSTITUTO VOX BRASIL OPINIAO E PESQUISAS LTDA,INSTITUTO VOX BRASIL OPINIAO E PESQUISAS LTDA,N,04/10/2026 05:47:24
BR059582026,BR,PARLA MENTORS CONSULTORIA LTDA,PARLA MENTORS CONSULTORIA,61407109000132,N,2026-08-27,2026-08-23,2026-08-27,2026-09-02,1500,20000.00,2.5,texto,2.53,,1410,337,J E FERREIRA / SISTEMA GAZETA RN DE COMUNICACAO,J E FERREIRA / SISTEMA GAZETA RN DE COMUNICACAO,S,04/10/2026 05:47:24
BR071712026,BR,REAL TIME MIDIA LTDA,REAL TIME BIG DATA,22345021000181,S,2026-08-22,2026-08-24,2026-08-27,2026-08-28,1600,24000.00,2,texto,2.45,,3246,388,REAL TIME MIDIA LTDA,REAL TIME MIDIA LTDA,N,04/10/2026 05:47:24
BR072962026,BR,INSTITUTO NOVO PERFIL PESQUISAS LTDA,PERFIL PESQUISAS,44338241000110,S,2026-08-21,2026-08-20,2026-08-27,2026-08-27,1430,55000.00,2.5,texto,2.59,,2962,965,INSTITUTO NOVO PERFIL PESQUISAS LTDA,INSTITUTO NOVO PERFIL PESQUISAS LTDA,N,04/10/2026 05:47:24
BR084922026,BR,REAL TIME MIDIA LTDA,REAL TIME BIG DATA,22345021000181,S,2026-08-22,2026-08-24,2026-08-27,2026-08-28,1600,24000.00,2,texto,2.45,,3383,387,REAL TIME MIDIA LTDA,REAL TIME MIDIA LTDA,N,04/10/2026 05:47:24
BR033462026,BR,INSTITUTO VERITA LTDA,VERITA,00654576000172,S,2026-08-23,2026-08-24,2026-08-28,2026-08-29,2030,156310.00,2.5,texto,2.18,universo de eleitores aptos com 16 anos ou mais,3558,1413,INSTITUTO VERITA LTDA,INSTITUTO VERITA LTDA,N,04/10/2026 05:47:24
BR036212026,BR,INSTITUTO VOX BRASIL OPINIAO E PESQUISAS LTDA,,45613076000120,S,2026-08-26,2026-08-27,2026-08-28,2026-09-01,1200,10000.00,2.82,texto,2.83,,2568,375,INSTITUTO VOX BRASIL OPINIAO E PESQUISAS LTDA,INSTITUTO VOX BRASIL OPINIAO E PESQUISAS LTDA,N,04/10/2026 05:47:24
BR036882026,BR,INSTITUTO VERITA LTDA,VERITA,00654576000172,S,2026-08-23,2026-08-24,2026-08-28,2026-08-29,1220,93940.00,3,texto,2.81,universo de eleitores aptos com 16 anos ou mais,3557,1414,INSTITUTO VERITA LTDA,INSTITUTO VERITA LTDA,N,04/10/2026 05:47:24
BR053092026,BR,"QUAEST PESQUISAS, CONSULTORIA E PROJETOS LTDA.",,22445600000104,N,2026-08-23,2026-08-25,2026-08-28,2026-08-29,804,92259.00,3,texto,3.46,,3125,579,TELEVISAO LIBERAL SA / TELEVISAO LIBERAL,TELEVISAO LIBERAL SA / TELEVISAO LIBERAL,S,04/10/2026 05:47:24
BR054622026,BR,INSTITUTO VERITA LTDA,VERITA,00654576000172,S,2026-08-23,2026-08-24,2026-08-28,2026-08-29,2020,155540.00,2.5,texto,2.18,universo de eleitores aptos com 16 anos ou mais,3559,1413,INSTITUTO VERITA LTDA,INSTITUTO VERITA LTDA,N,04/10/2026 05:47:24
BR081102026,BR,INSTITUTO VERITA LTDA,VERITA,00654576000172,S,2026-08-23,2026-08-24,2026-08-28,2026-08-29,1220,93940.00,3,texto,2.81,universo de eleitores aptos com 16 anos ou mais,3542,1414,INSTITUTO VERITA LTDA,INSTITUTO VERITA LTDA,N,04/10/2026 05:47:24
BR082902026,BR,INSTITUTO VERITA LTDA,VERITA,00654576000172,S,2026-08-23,2026-08-24,2026-08-28,2026-08-29,1030,79310.00,3.5,texto,3.05,universo de eleitores aptos com 16 anos ou mais,3548,1414,INSTITUTO VERITA LTDA,INSTITUTO VERITA LTDA,N,04/10/2026 05:47:24
BR085622026,BR,INSTITUTO DATATRENDS LTDA,DATATRENDS,51772470000104,S,2026-08-24,2026-08-26,2026-08-28,2026-08-30,1200,15000.00,2.83,texto,2.83,universo com 16 anos ou mais e excluídos da apuração dessa variável os registros de 15 anos e de idade inválida: 16 a 24,3537,2393,INSTITUTO DATATRENDS LTDA,INSTITUTO DATATRENDS LTDA,N,04/10/2026 05:47:24
BR086532026,BR,INSTITUTO VERITA LTDA,VERITA,00654576000172,S,2026-08-23,2026-08-24,2026-08-28,2026-08-24,1220,93940.00,3,texto,2.81,universo de eleitores aptos com 16 anos ou mais,3562,1413,INSTITUTO VERITA LTDA,INSTITUTO VERITA LTDA,N,04/10/2026 05:47:24
BR095242026,BR,INSTITUTO VERITA LTDA,VERITA,00654576000172,S,2026-08-23,2026-08-24,2026-08-28,2026-08-29,1220,93940.00,3,texto,2.81,universo de eleitores aptos com 16 anos ou mais,3550,1414,INSTITUTO VERITA LTDA,INSTITUTO VERITA LTDA,N,04/10/2026 05:47:24
BR099652026,BR,INSTITUTO VERITA LTDA,VERITA,00654576000172,S,2026-08-23,2026-08-24,2026-08-28,2026-08-29,1220,93940.00,3,texto,2.81,universo de eleitores aptos com 16 anos ou mais,3545,1414,INSTITUTO VERITA LTDA,INSTITUTO VERITA LTDA,N,04/10/2026 05:47:24
BR003412026,BR,A J TECH LTDA,VETOR TECNOLOGIA E PESQUISAS,55498337000162,N,2026-08-30,2026-08-24,2026-08-29,2026-09-05,1602,36000.00,2.45,texto,2.45,,808,1882,CONECTA PIAUI PRODUTORA E COMUNICACAO LTDA / CONECTA PIAUI PORTAL E PRODUTORA,CONECTA PIAUI PRODUTORA E COMUNICACAO LTDA / CONECTA PIAUI PORTAL E PRODUTORA,S,04/10/2026 05:47:24
BR015162026,BR,INSTITUTO NOVO PERFIL PESQUISAS LTDA,PERFIL PESQUISAS,44338241000110,S,2026-08-26,2026-08-25,2026-08-29,2026-09-01,1480,44000.00,2.5,texto,2.55,,3475,945,INSTITUTO NOVO PERFIL PESQUISAS LTDA,INSTITUTO NOVO PERFIL PESQUISAS LTDA,N,04/10/2026 05:47:24
BR027722026,BR,SECTRAL SERVICOS E COMERCIO EM GERAL LTDA,SECTRAL NEGOCIOS,32898151000103,N,2026-08-25,2026-08-25,2026-08-29,2026-08-30,1100,11000.00,2.95,texto,2.95,"universo, adotou-se um delineamento amostral probabilístico em três etapas:",3118,613,MVR2 EMPREENDIMENTOS LTDA,MVR2 EMPREENDIMENTOS LTDA,S,04/10/2026 05:47:24
BR034532026,BR,INSTITUTO GAZETA LTDA,IGAPE- INSTITUTO GAZETA DE PEQUISAS,04851508000154,N,2026-08-24,2026-08-25,2026-08-29,2026-08-30,2000,12000.00,2.2,texto,2.19,"universo da pesquisa é composto por eleitores do Distrito Federal, com idade a partir de 16 anos",1042,306,TV ATUAL LTDA / TV ATUAL,TV ATUAL LTDA / TV ATUAL,S,04/10/2026 05:47:24
BR044032026,BR,ERIVALDO TRINDADE DE ARAUJO,ITEM PESQUISAS TECNICAS,10307514000148,S,2026-08-25,2026-08-27,2026-08-29,2026-08-31,800,7500.00,3.46,texto,3.46,,1809,657,ERIVALDO TRINDADE DE ARAUJO,ERIVALDO TRINDADE DE ARAUJO,N,04/10/2026 05:47:24
BR051142026,BR,INSTITUTO GAZETA LTDA,IGAPE- INSTITUTO GAZETA DE PEQUISAS,04851508000154,N,2026-08-24,2026-08-20,2026-08-29,2026-08-30,3000,12000.00,1.8,texto,1.79,"universo da pesquisa é composto por eleitores de Goiás, com idade a partir de 16 anos",1020,279,TV ATUAL LTDA / TV ATUAL,TV ATUAL LTDA / TV ATUAL,S,04/10/2026 05:47:24
BR005302026,BR,INSTITUTO DE PESQUISAS PERFIL LTDA,,10175843000182,N,2026-08-25,2026-08-27,2026-08-30,2026-08-31,1800,40000.00,2.31,texto,2.31,"universo, adotou-se um delineamento amostral probabilístico em três etapas:",3174,937,BDC COMUNICACOES LTDA,BDC COMUNICACOES LTDA,S,04/10/2026 05:47:24
BR079722026,BR,ATLASINTEL TECNOLOGIA DE DADOS LTDA,ATLASINTEL,19259002000128,S,2026-08-25,2026-08-25,2026-08-30,2026-08-31,5000,75000.00,1,texto,1.39,,1091,165,ATLASINTEL TECNOLOGIA DE DADOS LTDA,ATLASINTEL TECNOLOGIA DE DADOS LTDA,N,04/10/2026 05:47:24
BR089002026,BR,NEXUS PESQUISA E INTELIGENCIA DE DADOS LTDA,NEXUS,11077560000160,N,2026-08-25,2026-08-28,2026-08-30,2026-08-31,2000,164888.89,2,texto,2.19,,1815,474,BANCO BTG PACTUAL S.A.,BANCO BTG PACTUAL S.A.,S,04/10/2026 05:47:24
BR025632026,BR,ATLASINTEL TECNOLOGIA DE DADOS LTDA,ATLASINTEL,19259002000128,S,2026-08-26,2026-08-26,2026-08-31,2026-09-01,1800,75000.00,2,texto,2.31,,1094,168,ATLASINTEL TECNOLOGIA DE DADOS LTDA,ATLASINTEL TECNOLOGIA DE DADOS LTDA,N,04/10/2026 05:47:24
BR034902026,BR,REAL TIME MIDIA LTDA,REAL TIME BIG DATA,22345021000181,S,2026-08-26,2026-08-27,2026-08-31,2026-09-01,2000,30000.00,2,texto,2.19,,3353,373,REAL TIME MIDIA LTDA,REAL TIME MIDIA LTDA,N,04/10/2026 05:47:24
BR059012026,BR,ATLASINTEL TECNOLOGIA DE DADOS LTDA,ATLASINTEL,19259002000128,S,2026-08-26,2026-08-26,2026-08-31,2026-09-01,1800,75000.00,2,texto,2.31,,1099,173,ATLASINTEL TECNOLOGIA DE DADOS LTDA,ATLASINTEL TECNOLOGIA DE DADOS LTDA,N,04/10/2026 05:47:24
BR064592026,BR,ATLASINTEL TECNOLOGIA DE DADOS LTDA,ATLASINTEL,19259002000128,S,2026-08-26,2026-08-26,2026-08-31,2026-09-01,1200,65000.00,3,texto,2.83,,1099,173,ATLASINTEL TECNOLOGIA DE DADOS LTDA,ATLASINTEL TECNOLOGIA DE DADOS LTDA,N,04/10/2026 05:47:24
BR027932026,BR,100% CIDADES PARTICIPACOES LTDA,100 CIDADES,52908063000144,N,2026-08-28,2026-08-28,2026-09-01,2026-09-03,2000,160000.00,2.2,texto,2.19,,3149,454,FUTURA CONSULTORIA E ASSESSORIA LTDA / FUTURA,FUTURA CONSULTORIA E ASSESSORIA LTDA / FUTURA,S,04/10/2026 05:47:24
BR030622026,BR,INSTITUTO VERITA LTDA,VERITA,00654576000172,S,2026-08-28,2026-08-29,2026-09-01,2026-09-03,1220,93940.00,3,texto,2.81,universo de eleitores aptos com 16 anos ou mais,3775,1413,INSTITUTO VERITA LTDA,INSTITUTO VERITA LTDA,N,04/10/2026 05:47:24
BR031742026,BR,INSTITUTO VERITA LTDA,VERITA,00654576000172,S,2026-08-29,2026-08-29,2026-09-01,2026-09-04,1220,93940.00,3,texto,2.81,universo de eleitores aptos com 16 anos ou mais,3772,1413,INSTITUTO VERITA LTDA,INSTITUTO VERITA LTDA,N,04/10/2026 05:47:24
BR032462026,BR,INSTITUTO VERITA LTDA,VERITA,00654576000172,S,2026-08-28,2026-08-29,2026-09-01,2026-09-03,1030,79310.00,3.5,texto,3.05,universo de eleitores aptos com 16 anos ou mais,3771,1413,INSTITUTO VERITA LTDA,INSTITUTO VERITA LTDA,N,04/10/2026 05:47:24
BR039312026,BR,ANDRE CAVALCANTE FALABELLA LTDA,INSTITUTO DE PESQUISA MULTIPLA,22198794000182,S,2026-09-01,2026-08-30,2026-09-01,2026-09-07,400,15000.00,4.9,texto,4.90,,2316,231,ANDRE CAVALCANTE FALABELLA LTDA,ANDRE CAVALCANTE FALABELLA LTDA,N,04/10/2026 05:47:24
BR045402026,BR,INSTITUTO VERITA LTDA,VERITA,00654576000172,S,2026-08-28,2026-08-29,2026-09-01,2026-09-03,2020,155540.00,2.5,texto,2.18,universo de eleitores aptos com 16 anos ou mais,3767,1413,INSTITUTO VERITA LTDA,INSTITUTO VERITA LTDA,N,04/10/2026 05:47:24
BR047262026,BR,ATLASINTEL TECNOLOGIA DE DADOS LTDA,ATLASINTEL,19259002000128,S,2026-08-27,2026-08-27,2026-09-01,2026-09-02,1200,65000.00,3,texto,2.83,,1101,175,ATLASINTEL TECNOLOGIA DE DADOS LTDA,ATLASINTEL TECNOLOGIA DE DADOS LTDA,N,04/10/2026 05:47:24
BR048432026,BR,ATLASINTEL TECNOLOGIA DE DADOS LTDA,ATLASINTEL,19259002000128,S,2026-08-27,2026-08-27,2026-09-01,2026-09-02,1200,65000.00,3,texto,2.83,,1103,177,ATLASINTEL TECNOLOGIA DE DADOS LTDA,ATLASINTEL TECNOLOGIA DE DADOS LTDA,N,04/10/2026 05:47:24
BR049192026,BR,INSTITUTO VERITA LTDA,VERITA,00654576000172,S,2026-08-28,2026-08-29,2026-09-01,2026-09-03,1525,117425.00,2.5,texto,2.51,universo de eleitores aptos com 16 anos ou mais,3769,1413,INSTITUTO VERITA LTDA,INSTITUTO VERITA LTDA,N,04/10/2026 05:47:24
BR050452026,BR,INSTITUTO VERITA LTDA,VERITA,00654576000172,S,2026-08-29,2026-08-29,2026-09-01,2026-09-04,1525,117425.00,2.5,texto,2.51,universo de eleitores aptos com 16 anos ou mais,3774,1413,INSTITUTO VERITA LTDA,INSTITUTO VERITA LTDA,N,04/10/2026 05:47:24
BR051502026,BR,BRASMARKET ANALISE E INVESTIGACAO DE MERCADO LTDA,BRASMARKET,49875610000128,N,2026-08-28,2026-08-31,2026-09-01,2026-09-03,1200,35000.00,2.84,texto,2.83,"Universo: eleitores com 16 anos ou mais, aptos a votar no Estado do Rio Grande do Sul, conforme dados do Tribunal Superi",2797,294,PORTO ALEGRE SERVICOS DIGITAIS LTDA / PORTO ALEGRE DIGITAL,PORTO ALEGRE SERVICOS DIGITAIS LTDA / PORTO ALEGRE DIGITAL,S,04/10/2026 05:47:24
BR052862026,BR,INSTITUTO VERITA LTDA,VERITA,00654576000172,S,2026-08-29,2026-08-29,2026-09-01,2026-09-04,1525,117425.00,2.5,texto,2.51,universo de eleitores aptos com 16 anos ou mais,3784,1413,INSTITUTO VERITA LTDA,INSTITUTO VERITA LTDA,N,04/10/2026 05:47:24
BR054882026,BR,INSTITUTO VERITA LTDA,VERITA,00654576000172,S,2026-08-29,2026-08-29,2026-09-01,2026-09-04,2010,154770.00,2.5,texto,2.19,universo de eleitores aptos com 16 anos ou mais,3779,1413,INSTITUTO VERITA LTDA,INSTITUTO VERITA LTDA,N,04/10/2026 05:47:24
BR057482026,BR,INSTITUTO VERITA LTDA,VERITA,00654576000172,S,2026-08-28,2026-08-29,2026-09-01,2026-09-03,1220,93940.00,3,texto,2.81,universo de eleitores aptos com 16 anos ou mais,3767,1413,INSTITUTO VERITA LTDA,INSTITUTO VERITA LTDA,N,04/10/2026 05:47:24
BR063562026,BR,INSTITUTO VERITA LTDA,VERITA,00654576000172,S,2026-08-29,2026-08-29,2026-09-01,2026-09-04,1220,93940.00,3,texto,2.81,universo de eleitores aptos com 16 anos ou mais,3780,1413,INSTITUTO VERITA LTDA,INSTITUTO VERITA LTDA,N,04/10/2026 05:47:24
BR064312026,BR,ATLASINTEL TECNOLOGIA DE DADOS LTDA,ATLASINTEL,19259002000128,S,2026-08-27,2026-08-27,2026-09-01,2026-09-02,1200,65000.00,3,texto,2.83,,1090,164,ATLASINTEL TECNOLOGIA DE DADOS LTDA,ATLASINTEL TECNOLOGIA DE DADOS LTDA,N,04/10/2026 05:47:24
BR066292026,BR,INSTITUTO VERITA LTDA,VERITA,00654576000172,S,2026-08-29,2026-08-29,2026-09-01,2026-09-04,1220,93940.00,3,texto,2.81,universo de eleitores aptos com 16 anos ou mais,3776,1413,INSTITUTO VERITA LTDA,INSTITUTO VERITA LTDA,N,04/10/2026 05:47:24
BR070652026,BR,"QUAEST PESQUISAS, CONSULTORIA E PROJETOS LTDA.",,22445600000104,N,2026-08-27,2026-08-30,2026-09-01,2026-09-02,2004,314628.00,2,texto,2.19,,3121,570,EDITORA GLOBO S/A / EDITORA GLOBO | GLOBO COMUNICACAO E PARTICIPACOES S/A / TV/REDE/GLOBO.COM/CANAIS GLOBO/GLOBOPLAY/ELETROMIDIA,EDITORA GLOBO S/A / EDITORA GLOBO | GLOBO COMUNICACAO E PARTICIPACOES S/A / TV/REDE/GLOBO.COM/CANAIS GLOBO/GLOBOPLAY/ELETROMIDIA,S | S,04/10/2026 05:47:24
BR076082026,BR,PERFIL PESQUISAS TECNICAS LTDA,PERFIL PESQUISAS TECNICAS,40808743000107,N,2026-08-28,2026-08-29,2026-09-01,2026-09-03,1600,15000.00,2.45,texto,2.45,"universo composto pelos eleitores do estado do Rio Grande do Norte, a aleatorização da amostra foi planejada sobre a cob",2566,197,BG MIDIAS E ASSESSORIA DIGITAL LTDA / BG MIDIAS,BG MIDIAS E ASSESSORIA DIGITAL LTDA / BG MIDIAS,S,04/10/2026 05:47:24
BR083332026,BR,REAL TIME MIDIA LTDA,REAL TIME BIG DATA,22345021000181,S,2026-08-27,2026-08-28,2026-09-01,2026-09-02,1600,24000.00,2,texto,2.45,,3384,396,REAL TIME MIDIA LTDA,REAL TIME MIDIA LTDA,N,04/10/2026 05:47:24
BR083972026,BR,INSTITUTO VERITA LTDA,VERITA,00654576000172,S,2026-08-29,2026-08-29,2026-09-01,2026-09-04,1030,79310.00,3.5,texto,3.05,universo de eleitores aptos com 16 anos ou mais,3774,1413,INSTITUTO VERITA LTDA,INSTITUTO VERITA LTDA,N,04/10/2026 05:47:24
BR085822026,BR,ATLASINTEL TECNOLOGIA DE DADOS LTDA,ATLASINTEL,19259002000128,S,2026-08-27,2026-08-27,2026-09-01,2026-09-02,1800,75000.00,2,texto,2.31,,1101,176,ATLASINTEL TECNOLOGIA DE DADOS LTDA,ATLASINTEL TECNOLOGIA DE DADOS LTDA,N,04/10/2026 05:47:24
BR086852026,BR,ATLASINTEL TECNOLOGIA DE DADOS LTDA,ATLASINTEL,19259002000128,N,2026-08-27,2026-08-29,2026-09-01,2026-09-02,2000,108500.00,2,texto,2.19,,2378,292,RADIO E TV DIFUSORA DO MARANHAO LTDA,RADIO E TV DIFUSORA DO MARANHAO LTDA,S,04/10/2026 05:47:24
BR091182026,BR,DATA CAPITAL PESQUISAS E CONSULTORIA LTDA,DATA CAPITAL PESQUISAS E CONSULTORIA,67147202000131,N,2026-08-28,2026-08-29,2026-09-01,2026-09-03,2150,19000.00,,ausente,2.11,,3573,438,SPN SISTEMA POTIGUAR DE NOTICIAS LTDA / SISTEMA POTIGUAR DE NOTICIAS SPN,SPN SISTEMA POTIGUAR DE NOTICIAS LTDA / SISTEMA POTIGUAR DE NOTICIAS SPN,S,04/10/2026 05:47:24
BR099602026,BR,INSTITUTO VERITA LTDA,VERITA,00654576000172,S,2026-08-29,2026-08-29,2026-09-01,2026-09-04,2010,154770.00,2.5,texto,2.19,universo de eleitores aptos com 16 anos ou mais,3773,1413,INSTITUTO VERITA LTDA,INSTITUTO VERITA LTDA,N,04/10/2026 05:47:24
BR036362026,BR,ATLASINTEL TECNOLOGIA DE DADOS LTDA,ATLASINTEL,19259002000128,N,2026-08-28,2026-08-28,2026-09-02,2026-09-03,1600,80000.00,2,texto,2.45,,1089,164,SISTEMA TIMON DE RADIODIFUSAO LTDA. / TV MEIO NORTE,SISTEMA TIMON DE RADIODIFUSAO LTDA. / TV MEIO NORTE,S,04/10/2026 05:47:24
BR040832026,BR,ATLASINTEL TECNOLOGIA DE DADOS LTDA,ATLASINTEL,19259002000128,S,2026-08-28,2026-08-28,2026-09-02,2026-09-03,1200,65000.00,3,texto,2.83,,1091,166,ATLASINTEL TECNOLOGIA DE DADOS LTDA,ATLASINTEL TECNOLOGIA DE DADOS LTDA,N,04/10/2026 05:47:24
BR046782026,BR,REAL TIME MIDIA LTDA,REAL TIME BIG DATA,22345021000181,S,2026-08-28,2026-08-29,2026-09-02,2026-09-03,1600,24000.00,2,texto,2.45,,3356,393,REAL TIME MIDIA LTDA,REAL TIME MIDIA LTDA,N,04/10/2026 05:47:24
BR047752026,BR,INSTITUTO PIAUIENSE DE OPINIAO PUBLICA LTDA - EPP,AMOSTRAGEM OPINIAO E MERCADO,10320257000184,N,2026-08-29,2026-08-29,2026-09-02,2026-09-04,1137,70000.00,2.85,texto,2.91,,1362,306,SISTEMA TIMON DE RADIODIFUSAO LTDA. / TV MEIO NORTE,SISTEMA TIMON DE RADIODIFUSAO LTDA. / TV MEIO NORTE,S,04/10/2026 05:47:24
BR055082026,BR,VILANI E BARBOSA NEGOCIOS LTDA,DATA RD,31884294000195,N,2026-08-28,2026-08-30,2026-09-02,2026-09-03,1495,12870.00,2.53,texto,2.53,universo de eleitores com acesso a telefone,3648,3425,MIDDAS COMUNICACAO E PUBLICIDADE LTDA / MIDDAS COMUNICACAO,MIDDAS COMUNICACAO E PUBLICIDADE LTDA / MIDDAS COMUNICACAO,S,04/10/2026 05:47:24
BR058622026,BR,REAL TIME MIDIA LTDA,REAL TIME BIG DATA,22345021000181,S,2026-08-28,2026-08-29,2026-09-02,2026-09-03,1600,24000.00,2,texto,2.45,,3353,392,REAL TIME MIDIA LTDA,REAL TIME MIDIA LTDA,N,04/10/2026 05:47:24
BR065972026,BR,INSTITUTO INDEXA PESQUISAS LTDA,INDEXA PESQUISAS,10340949000194,N,2026-08-29,2026-08-31,2026-09-02,2026-09-04,1500,80000.00,2.53,texto,2.53,,2864,363,PROCEDE PUBLICIDADE E PROPAGANDA LTDA / PROCEDE PUBLICIDADE E PROPAGANDA,PROCEDE PUBLICIDADE E PROPAGANDA LTDA / PROCEDE PUBLICIDADE E PROPAGANDA,S,04/10/2026 05:47:24
BR074112026,BR,ATLASINTEL TECNOLOGIA DE DADOS LTDA,ATLASINTEL,19259002000128,N,2026-08-28,2026-08-28,2026-09-02,2026-09-03,1800,55000.00,2,texto,2.31,,1089,164,FOCUS COMUNICACAO E MIDIA LTDA,FOCUS COMUNICACAO E MIDIA LTDA,S,04/10/2026 05:47:24
BR075612026,BR,"PODERDATA PESQUISA, JORNALISMO E COMUNICACAO LTDA",PODERDATA,29550908000150,S,2026-08-28,2026-08-30,2026-09-02,2026-09-03,3000,103715.00,2,texto,1.79,Universo: eleitoras e eleitores com 16 anos de idade ou mais,3408,226,"PODERDATA PESQUISA, JORNALISMO E COMUNICACAO LTDA","PODERDATA PESQUISA, JORNALISMO E COMUNICACAO LTDA",N,04/10/2026 05:47:24
BR077392026,BR,ATLASINTEL TECNOLOGIA DE DADOS LTDA,ATLASINTEL,19259002000128,N,2026-08-28,2026-08-28,2026-09-02,2026-09-03,1800,150000.00,2,texto,2.31,,1089,164,EMPRESA EDITORA A TARDE S A / A TARDE,EMPRESA EDITORA A TARDE S A / A TARDE,S,04/10/2026 05:47:24
BR079792026,BR,BADRA COMUNICACAO LTDA,BADRA COMUNICACAO,04209958000148,S,2026-08-28,2026-08-31,2026-09-02,2026-09-03,1500,18000.00,2.5,texto,2.53,"universo, ou seja, o eleitorado de Pernambuco",2005,673,BADRA COMUNICACAO LTDA,BADRA COMUNICACAO LTDA,N,04/10/2026 05:47:24
BR085232026,BR,FACTUM COMUNICACAO LTDA,FACTUM COMUNICACAO,38168812000113,S,2026-08-28,2026-08-31,2026-09-02,2026-09-03,700,20000.00,3.7,texto,3.70,,1022,284,FACTUM COMUNICACAO LTDA,FACTUM COMUNICACAO LTDA,N,04/10/2026 05:47:24
BR087682026,BR,DATA CAPITAL PESQUISAS E CONSULTORIA LTDA,DATA CAPITAL PESQUISAS E CONSULTORIA,67147202000131,N,2026-08-31,2026-09-01,2026-09-02,2026-09-06,850,8000.00,,ausente,3.36,,3581,462,SPN SISTEMA POTIGUAR DE NOTICIAS LTDA / SISTEMA POTIGUAR DE NOTICIAS SPN,SPN SISTEMA POTIGUAR DE NOTICIAS LTDA / SISTEMA POTIGUAR DE NOTICIAS SPN,S,04/10/2026 05:47:24
BR091472026,BR,INSTITUTO DATATRENDS LTDA,DATATRENDS,51772470000104,S,2026-08-29,2026-08-31,2026-09-02,2026-09-04,1200,15000.00,2.83,texto,2.83,universo com 16 anos ou mais e excluídos da apuração dessa variável os registros de 15 anos e de idade inválida: 16 a 24,3946,2393,INSTITUTO DATATRENDS LTDA,INSTITUTO DATATRENDS LTDA,N,04/10/2026 05:47:24
BR017992026,BR,ATLASINTEL TECNOLOGIA DE DADOS LTDA,ATLASINTEL,19259002000128,S,2026-08-29,2026-08-29,2026-09-03,2026-09-04,1200,65000.00,3,texto,2.83,,1092,167,ATLASINTEL TECNOLOGIA DE DADOS LTDA,ATLASINTEL TECNOLOGIA DE DADOS LTDA,N,04/10/2026 05:47:24
BR030462026,BR,ATLASINTEL TECNOLOGIA DE DADOS LTDA,ATLASINTEL,19259002000128,S,2026-08-29,2026-08-29,2026-09-03,2026-09-04,1200,65000.00,3,texto,2.83,,1088,163,ATLASINTEL TECNOLOGIA DE DADOS LTDA,ATLASINTEL TECNOLOGIA DE DADOS LTDA,N,04/10/2026 05:47:24
BR036692026,BR,DATAFOLHA INSTITUTO DE PESQUISAS LTDA.,,07630546000175,N,2026-08-28,2026-09-01,2026-09-03,2026-09-03,2002,307641.60,4,texto,2.19,Universo: Eleitorado brasileiro,2239,214,EMPRESA FOLHA DA MANHA S.A. | GLOBO COMUNICACAO E PARTICIPACOES S/A / TV/REDE/GLOBO.COM/CANAIS GLOBO/GLOBOPLAY/ELETROMIDIA,EMPRESA FOLHA DA MANHA S.A. | GLOBO COMUNICACAO E PARTICIPACOES S/A / TV/REDE/GLOBO.COM/CANAIS GLOBO/GLOBOPLAY/ELETROMIDIA,S | S,04/10/2026 05:47:24
BR037752026,BR,EXATUS CONSULTORIA E PESQUISA LTDA,EXATUS CONSULTORIA E PESQUISA,36443750000185,N,2026-08-28,2026-08-31,2026-09-03,2026-09-03,1500,30000.00,2.53,texto,2.53,"universo com 16 anos ou mais e excluídos os registros de 15 anos e idade inválida: 16 a 24 anos, 12,9%; 25 a 34 anos, 19",3659,1218,A DE O VIANA EDITORA E COMUNICACAO LTDA / GRUPO AGORA RN,A DE O VIANA EDITORA E COMUNICACAO LTDA / GRUPO AGORA RN,S,04/10/2026 05:47:24
BR040412026,BR,CAMARA DE DIRIGENTES LOJISTAS DE ARACAJU,C.D.L.,13045935000136,S,2026-08-22,2026-09-01,2026-09-03,2026-08-28,20000,2000.00,1.4,texto,0.69,"Universo: eleitoras e eleitores aptos do estado de Sergipe, num total de 1",2386,1968,CAMARA DE DIRIGENTES LOJISTAS DE ARACAJU,CAMARA DE DIRIGENTES LOJISTAS DE ARACAJU,N,04/10/2026 05:47:24
BR045762026,BR,"QUAEST PESQUISAS, CONSULTORIA E PROJETOS LTDA.",,22445600000104,N,2026-08-29,2026-08-31,2026-09-03,2026-09-04,900,112140.00,3,texto,3.27,,3119,579,TELEVISAO VERDES MARES LTDA,TELEVISAO VERDES MARES LTDA,S,04/10/2026 05:47:24
BR056352026,BR,DATAFOLHA INSTITUTO DE PESQUISAS LTDA.,,07630546000175,N,2026-08-28,2026-08-31,2026-09-03,2026-09-03,1204,120300.00,3,texto,2.82,Universo: Eleitores do estado do Ceará,2320,222,EMPRESA JORNALISTICA O POVO S A / JORNAL O POVO,EMPRESA JORNALISTICA O POVO S A / JORNAL O POVO,S,04/10/2026 05:47:24
BR065532026,BR,BADRA COMUNICACAO LTDA,BADRA COMUNICACAO,04209958000148,S,2026-08-29,2026-09-01,2026-09-03,2026-09-04,1060,18000.00,3,texto,3.01,"universo, ou seja, o eleitorado do Distrito Federal",2012,665,BADRA COMUNICACAO LTDA,BADRA COMUNICACAO LTDA,N,04/10/2026 05:47:24
BR067202026,BR,100% CIDADES PARTICIPACOES LTDA,100 CIDADES,52908063000144,N,2026-08-29,2026-09-01,2026-09-03,2026-09-04,1600,128000.00,2.4,texto,2.45,,2894,466,FUTURA CONSULTORIA E ASSESSORIA LTDA / FUTURA,FUTURA CONSULTORIA E ASSESSORIA LTDA / FUTURA,S,04/10/2026 05:47:24
BR097662026,BR,REAL TIME MIDIA LTDA,REAL TIME BIG DATA,22345021000181,S,2026-08-29,2026-08-31,2026-09-03,2026-09-04,1600,24000.00,2,texto,2.45,,3354,389,REAL TIME MIDIA LTDA,REAL TIME MIDIA LTDA,N,04/10/2026 05:47:24
BR001402026,BR,M B BARROS CONSULTORIA LTDA - ME,INSTITUTO DATASENSUS,17159578000198,N,2026-08-31,2026-09-02,2026-09-04,2026-09-06,5000,60000.00,9.5,texto,1.39,"Universo: Eleitores com 16 anos ou mais, do estado de Alagoas",2129,269,EXITO ESTRATEGIA LTDA / EXITO ESTRATEGIA,EXITO ESTRATEGIA LTDA / EXITO ESTRATEGIA,S,04/10/2026 05:47:24
BR003472026,BR,SETA INSTITUTO DE PESQUISA LTDA,INSTITUTO SETA DE PESQUISA,10783981000144,S,2026-09-02,2026-09-03,2026-09-04,2026-09-08,700,6000.00,4,texto,3.70,,1988,196,SETA INSTITUTO DE PESQUISA LTDA,SETA INSTITUTO DE PESQUISA LTDA,N,04/10/2026 05:47:24
BR058522026,BR,ATLASINTEL TECNOLOGIA DE DADOS LTDA,ATLASINTEL,19259002000128,S,2026-08-30,2026-08-30,2026-09-04,2026-09-05,1800,75000.00,2,texto,2.31,,1097,172,ATLASINTEL TECNOLOGIA DE DADOS LTDA,ATLASINTEL TECNOLOGIA DE DADOS LTDA,N,04/10/2026 05:47:24
BR078882026,BR,INSTITUTO NACIONAL DE DESENVOLVIMENTO E INOVACAO TECNOLOGICA DE POLITICAS PUBLICAS E PRIVADAS,INDITEPP,32002842000179,N,2026-09-10,2026-08-26,2026-09-04,2026-09-16,1200,12000.00,,ausente,2.83,"universo (não há marco amostral de contato), portanto a representatividade é buscada por construção: quotas proporcionai",1788,130,ESCOLA CENTRO-OESTE DE FORMACAO SINDICAL DA CUT-APOLONIO DE CARVALHO,ESCOLA CENTRO-OESTE DE FORMACAO SINDICAL DA CUT-APOLONIO DE CARVALHO,S,04/10/2026 05:47:24
BR094262026,BR,INSTITUTO VERITA LTDA,VERITA,00654576000172,S,2026-08-31,2026-09-01,2026-09-04,2026-09-06,3840,295680.00,2,texto,1.58,universo de eleitores aptos com 16 anos ou mais,3736,1385,INSTITUTO VERITA LTDA,INSTITUTO VERITA LTDA,N,04/10/2026 05:47:24
BR010552026,BR,INSTITUTO TRAVESSIA DIAGNOSTICO LTDA,,28343797000149,N,2026-09-01,2026-09-02,2026-09-05,2026-09-06,800,32000.00,4,texto,3.46,,1321,351,EMPRESA CRUZEIRENSE DE TELEC DE RADIO E TV LTDA / TV E RADIO JURUA,EMPRESA CRUZEIRENSE DE TELEC DE RADIO E TV LTDA / TV E RADIO JURUA,S,04/10/2026 05:47:24
BR027142026,BR,ANOVA - INOVACAO E INTELIGENCIA EM PESQUISAS LTDA,ANOVA INSTITUTO DE PESQUISA,10956929000142,N,2026-09-01,2026-09-03,2026-09-05,2026-09-07,2000,20000.00,2.2,texto,2.19,,3852,241,PB AGORA SERVICOS DE INTERNET E COMUNICACOES LTDA / PB AGORA,PB AGORA SERVICOS DE INTERNET E COMUNICACOES LTDA / PB AGORA,S,04/10/2026 05:47:24
BR070192026,BR,SETA INSTITUTO DE PESQUISA LTDA,INSTITUTO SETA DE PESQUISA,10783981000144,S,2026-09-04,2026-09-03,2026-09-05,2026-09-10,1500,15000.00,2.5,texto,2.53,,1990,181,SETA INSTITUTO DE PESQUISA LTDA,SETA INSTITUTO DE PESQUISA LTDA,N,04/10/2026 05:47:24
BR099202026,BR,INSTITUTO GAZETA LTDA,IGAPE- INSTITUTO GAZETA DE PEQUISAS,04851508000154,N,2026-09-04,2026-08-29,2026-09-05,2026-09-10,2000,15000.00,2.2,texto,2.19,"universo da pesquisa é composto por eleitores de Goiás, com idade a partir de 16 anos",1020,279,TV ATUAL LTDA / TV ATUAL,TV ATUAL LTDA / TV ATUAL,S,04/10/2026 05:47:24
BR017202026,BR,"QUAEST PESQUISAS, CONSULTORIA E PROJETOS LTDA.",,22445600000104,N,2026-09-01,2026-09-03,2026-09-06,2026-09-07,2004,314628.00,2,texto,2.19,,2968,570,EDITORA GLOBO S/A / EDITORA GLOBO | GLOBO COMUNICACAO E PARTICIPACOES S/A / TV/REDE/GLOBO.COM/CANAIS GLOBO/GLOBOPLAY/ELETROMIDIA,EDITORA GLOBO S/A / EDITORA GLOBO | GLOBO COMUNICACAO E PARTICIPACOES S/A / TV/REDE/GLOBO.COM/CANAIS GLOBO/GLOBOPLAY/ELETROMIDIA,S | S,04/10/2026 05:47:24
BR018252026,BR,REAL TIME MIDIA LTDA,REAL TIME BIG DATA,22345021000181,S,2026-09-02,2026-09-03,2026-09-07,2026-09-08,2000,30000.00,2,texto,2.19,,3388,394,REAL TIME MIDIA LTDA,REAL TIME MIDIA LTDA,N,04/10/2026 05:47:24
BR023172026,BR,"QUAEST PESQUISAS, CONSULTORIA E PROJETOS LTDA.",,22445600000104,N,2026-09-02,2026-09-04,2026-09-07,2026-09-08,1302,173166.00,3,texto,2.72,,2968,584,GLOBO COMUNICACAO E PARTICIPACOES S/A / TV/REDE/GLOBO.COM/CANAIS GLOBO/GLOBOPLAY/ELETROMIDIA,GLOBO COMUNICACAO E PARTICIPACOES S/A / TV/REDE/GLOBO.COM/CANAIS GLOBO/GLOBOPLAY/ELETROMIDIA,S,04/10/2026 05:47:24
BR044422026,BR,"QUAEST PESQUISAS, CONSULTORIA E PROJETOS LTDA.",,22445600000104,N,2026-09-02,2026-09-04,2026-09-07,2026-09-08,1104,128064.00,3,texto,2.95,,2706,580,GLOBO COMUNICACAO E PARTICIPACOES S/A / TV/REDE/GLOBO.COM/CANAIS GLOBO/GLOBOPLAY/ELETROMIDIA,GLOBO COMUNICACAO E PARTICIPACOES S/A / TV/REDE/GLOBO.COM/CANAIS GLOBO/GLOBOPLAY/ELETROMIDIA,S,04/10/2026 05:47:24
BR044852026,BR,REAL TIME MIDIA LTDA,REAL TIME BIG DATA,22345021000181,S,2026-09-02,2026-09-03,2026-09-07,2026-09-08,1600,24000.00,2,texto,2.45,,3322,386,REAL TIME MIDIA LTDA,REAL TIME MIDIA LTDA,N,04/10/2026 05:47:24
BR047052026,BR,"QUAEST PESQUISAS, CONSULTORIA E PROJETOS LTDA.",,22445600000104,N,2026-09-02,2026-09-04,2026-09-07,2026-09-08,1800,216900.00,2,texto,2.31,,2968,583,GLOBO COMUNICACAO E PARTICIPACOES S/A / TV/REDE/GLOBO.COM/CANAIS GLOBO/GLOBOPLAY/ELETROMIDIA,GLOBO COMUNICACAO E PARTICIPACOES S/A / TV/REDE/GLOBO.COM/CANAIS GLOBO/GLOBOPLAY/ELETROMIDIA,S,04/10/2026 05:47:24
BR056432026,BR,REAL TIME MIDIA LTDA,REAL TIME BIG DATA,22345021000181,S,2026-09-02,2026-09-03,2026-09-07,2026-09-08,1600,24000.00,2,texto,2.45,,3376,387,REAL TIME MIDIA LTDA,REAL TIME MIDIA LTDA,N,04/10/2026 05:47:24
BR067902026,BR,NEXUS PESQUISA E INTELIGENCIA DE DADOS LTDA,NEXUS,11077560000160,N,2026-09-02,2026-09-04,2026-09-07,2026-09-08,2000,164888.89,2,texto,2.19,,1812,474,BANCO BTG PACTUAL S.A.,BANCO BTG PACTUAL S.A.,S,04/10/2026 05:47:24
BR079352026,BR,BOAS IDEIAS INTELIGENCIA EM PESQUISA E ESTRATEGIA DIGITAL LTDA,"BOAS IDEIAS, ESTRATEGIA E INTELIGENCIA DIGITAL.",13475743000160,N,2026-09-03,2026-09-04,2026-09-07,2026-09-09,1500,27600.00,13,texto,2.53,,1571,158,CANAL MEIO S.A.,CANAL MEIO S.A.,S,04/10/2026 05:47:24
BR094172026,BR,"QUAEST PESQUISAS, CONSULTORIA E PROJETOS LTDA.",,22445600000104,N,2026-09-02,2026-09-04,2026-09-07,2026-09-08,1506,212346.00,3,texto,2.53,,2968,586,GLOBO COMUNICACAO E PARTICIPACOES S/A / TV/REDE/GLOBO.COM/CANAIS GLOBO/GLOBOPLAY/ELETROMIDIA,GLOBO COMUNICACAO E PARTICIPACOES S/A / TV/REDE/GLOBO.COM/CANAIS GLOBO/GLOBOPLAY/ELETROMIDIA,S,04/10/2026 05:47:24
BR095192026,BR,REAL TIME MIDIA LTDA,REAL TIME BIG DATA,22345021000181,S,2026-09-02,2026-09-03,2026-09-07,2026-09-08,1600,24000.00,2,texto,2.45,,3381,387,REAL TIME MIDIA LTDA,REAL TIME MIDIA LTDA,N,04/10/2026 05:47:24
BR097052026,BR,"QUAEST PESQUISAS, CONSULTORIA E PROJETOS LTDA.",,22445600000104,N,2026-09-02,2026-09-04,2026-09-07,2026-09-08,1302,158844.00,3,texto,2.72,,2968,588,GLOBO COMUNICACAO E PARTICIPACOES S/A / TV/REDE/GLOBO.COM/CANAIS GLOBO/GLOBOPLAY/ELETROMIDIA,GLOBO COMUNICACAO E PARTICIPACOES S/A / TV/REDE/GLOBO.COM/CANAIS GLOBO/GLOBOPLAY/ELETROMIDIA,S,04/10/2026 05:47:24
BR002512026,BR,GERP MERCADOLOGIA LTDA,GRUPO GERP GERP MERCADO GERP OPINIAO GERPAUDIT,05270800000146,S,2026-09-02,2026-09-03,2026-09-08,2026-09-08,2400,15000.00,2.04,texto,2.00,"universo considerado infinito e um nível de confiança de 95,55%, a margem de erro para projeções dos dados é estimada em",1712,538,GERP MERCADOLOGIA LTDA,GERP MERCADOLOGIA LTDA,N,04/10/2026 05:47:24
BR009192026,BR,DATAVERO PESQUISA E CONSULTORIA LTDA,DATAVERO INSTITUTO DE PESQUISAS,43941908000102,N,2026-09-04,2026-09-06,2026-09-08,2026-09-10,1500,20000.00,2.53,texto,2.53,,3982,396,TL COMUNICACAO E MARKETING LTDA,TL COMUNICACAO E MARKETING LTDA,S,04/10/2026 05:47:24
BR012262026,BR,DATA CONTROL INSTITUTO DE PESQUISA LTDA - ME,DATA CONTROL INSTITUTO DE PESQUISA,02170847000140,N,2026-09-04,2026-09-02,2026-09-08,2026-09-10,1800,70000.00,2.3,texto,2.31,,3268,947,UNIAO BRASIL / UNIAO BRASIL,UNIAO BRASIL / UNIAO BRASIL,S,04/10/2026 05:47:24
BR054202026,BR,PALVER CONSULTORIA E DESENVOLVIMENTO TECNOLOGICO LTDA.,PALVER,41522141000151,S,2026-09-03,2026-09-04,2026-09-08,2026-09-09,5000,30000.00,4,texto,1.39,,2116,519,PALVER CONSULTORIA E DESENVOLVIMENTO TECNOLOGICO LTDA.,PALVER CONSULTORIA E DESENVOLVIMENTO TECNOLOGICO LTDA.,N,04/10/2026 05:47:24
BR065662026,BR,REAL TIME MIDIA LTDA,REAL TIME BIG DATA,22345021000181,S,2026-09-03,2026-09-04,2026-09-08,2026-09-09,1600,24000.00,2,texto,2.45,,3388,387,REAL TIME MIDIA LTDA,REAL TIME MIDIA LTDA,N,04/10/2026 05:47:24
BR072752026,BR,REAL TIME MIDIA LTDA,REAL TIME BIG DATA,22345021000181,S,2026-09-03,2026-09-04,2026-09-08,2026-09-09,1600,24000.00,2,texto,2.45,,3100,388,REAL TIME MIDIA LTDA,REAL TIME MIDIA LTDA,N,04/10/2026 05:47:24
BR079322026,BR,REAL TIME MIDIA LTDA,REAL TIME BIG DATA,22345021000181,S,2026-09-03,2026-09-04,2026-09-08,2026-09-09,1600,24000.00,2,texto,2.45,,3363,388,REAL TIME MIDIA LTDA,REAL TIME MIDIA LTDA,N,04/10/2026 05:47:24
BR082362026,BR,REAL TIME MIDIA LTDA,REAL TIME BIG DATA,22345021000181,S,2026-09-03,2026-09-04,2026-09-08,2026-09-09,1600,24000.00,2,texto,2.45,,3428,396,REAL TIME MIDIA LTDA,REAL TIME MIDIA LTDA,N,04/10/2026 05:47:24
BR099272026,BR,STUDIO PESQUISAS E CONSULTORIA LTDA.,STUDIO PESQUISAS,72113046000128,N,2026-09-10,2026-09-05,2026-09-08,2026-09-16,960,50000.00,3.1,texto,3.16,,3035,591,TV PORTO ALEGRE 24 HORAS COMUNICACOES LTDA,TV PORTO ALEGRE 24 HORAS COMUNICACOES LTDA,S,04/10/2026 05:47:24
BR003772026,BR,REAL TIME MIDIA LTDA,REAL TIME BIG DATA,22345021000181,S,2026-09-04,2026-09-05,2026-09-09,2026-09-10,1600,24000.00,2,texto,2.45,,3325,390,REAL TIME MIDIA LTDA,REAL TIME MIDIA LTDA,N,04/10/2026 05:47:24
BR006312026,BR,REAL TIME MIDIA LTDA,REAL TIME BIG DATA,22345021000181,S,2026-09-04,2026-09-05,2026-09-09,2026-09-10,1600,24000.00,2,texto,2.45,,3385,399,REAL TIME MIDIA LTDA,REAL TIME MIDIA LTDA,N,04/10/2026 05:47:24
BR014522026,BR,ATLASINTEL TECNOLOGIA DE DADOS LTDA,ATLASINTEL,19259002000128,S,2026-09-04,2026-09-04,2026-09-09,2026-09-10,5000,75000.00,1,texto,1.39,,1096,165,ATLASINTEL TECNOLOGIA DE DADOS LTDA,ATLASINTEL TECNOLOGIA DE DADOS LTDA,N,04/10/2026 05:47:24
BR014622026,BR,INSTITUTO VERITA LTDA,VERITA,00654576000172,S,2026-09-03,2026-09-04,2026-09-09,2026-09-09,1220,93940.00,3,texto,2.81,universo de eleitores aptos com 16 anos ou mais,3701,1413,INSTITUTO VERITA LTDA,INSTITUTO VERITA LTDA,N,04/10/2026 05:47:24
BR017642026,BR,EXATUS CONSULTORIA E PESQUISA LTDA,EXATUS CONSULTORIA E PESQUISA,36443750000185,N,2026-09-03,2026-09-07,2026-09-09,2026-09-09,1500,30000.00,2.53,texto,2.53,"universo com 16 anos ou mais e excluídos os registros de 15 anos e idade inválida: 16 a 24 anos, 12,9%; 25 a 34 anos, 19",3659,1218,A DE O VIANA EDITORA E COMUNICACAO LTDA / GRUPO AGORA RN,A DE O VIANA EDITORA E COMUNICACAO LTDA / GRUPO AGORA RN,S,04/10/2026 05:47:24
BR023222026,BR,100% CIDADES PARTICIPACOES LTDA,100 CIDADES,52908063000144,N,2026-09-04,2026-09-04,2026-09-09,2026-09-10,2000,160000.00,2.2,texto,2.19,,3153,454,FUTURA CONSULTORIA E ASSESSORIA LTDA / FUTURA,FUTURA CONSULTORIA E ASSESSORIA LTDA / FUTURA,S,04/10/2026 05:47:24
BR031002026,BR,INSTITUTO VERITA LTDA,VERITA,00654576000172,S,2026-09-03,2026-09-04,2026-09-09,2026-09-09,1220,93940.00,3,texto,2.81,universo de eleitores aptos com 16 anos ou mais,3709,1413,INSTITUTO VERITA LTDA,INSTITUTO VERITA LTDA,N,04/10/2026 05:47:24
BR038382026,BR,REAL TIME MIDIA LTDA,REAL TIME BIG DATA,22345021000181,S,2026-09-04,2026-09-05,2026-09-09,2026-09-10,1600,24000.00,2,texto,2.45,,3384,401,REAL TIME MIDIA LTDA,REAL TIME MIDIA LTDA,N,04/10/2026 05:47:24
BR045512026,BR,INSTITUTO VERITA LTDA,VERITA,00654576000172,S,2026-09-03,2026-09-04,2026-09-09,2026-09-09,1525,117425.00,2.5,texto,2.51,universo de eleitores aptos com 16 anos ou mais,3703,1413,INSTITUTO VERITA LTDA,INSTITUTO VERITA LTDA,N,04/10/2026 05:47:24
BR047522026,BR,ATLASINTEL TECNOLOGIA DE DADOS LTDA,ATLASINTEL,19259002000128,S,2026-09-04,2026-09-04,2026-09-09,2026-09-10,1200,65000.00,3,texto,2.83,,1097,166,ATLASINTEL TECNOLOGIA DE DADOS LTDA,ATLASINTEL TECNOLOGIA DE DADOS LTDA,N,04/10/2026 05:47:24
BR049142026,BR,"PODERDATA PESQUISA, JORNALISMO E COMUNICACAO LTDA",PODERDATA,29550908000150,S,2026-09-04,2026-09-06,2026-09-09,2026-09-10,3000,103715.00,2,texto,1.79,Universo: eleitoras e eleitores com 16 anos de idade ou mais,3394,226,"PODERDATA PESQUISA, JORNALISMO E COMUNICACAO LTDA","PODERDATA PESQUISA, JORNALISMO E COMUNICACAO LTDA",N,04/10/2026 05:47:24
BR052872026,BR,INSTITUTO VERITA LTDA,VERITA,00654576000172,S,2026-09-03,2026-09-04,2026-09-09,2026-09-09,1030,79310.00,3.5,texto,3.05,universo de eleitores aptos com 16 anos ou mais,3706,1413,INSTITUTO VERITA LTDA,INSTITUTO VERITA LTDA,N,04/10/2026 05:47:24
BR054922026,BR,INSTITUTO VERITA LTDA,VERITA,00654576000172,S,2026-09-03,2026-09-04,2026-09-09,2026-09-09,2020,155540.00,2.5,texto,2.18,universo de eleitores aptos com 16 anos ou mais,3701,1413,INSTITUTO VERITA LTDA,INSTITUTO VERITA LTDA,N,04/10/2026 05:47:24
BR061002026,BR,PALVER CONSULTORIA E DESENVOLVIMENTO TECNOLOGICO LTDA.,PALVER,41522141000151,S,2026-09-14,2026-09-04,2026-09-09,2026-09-20,5000,30000.00,4,texto,1.39,,2562,549,PALVER CONSULTORIA E DESENVOLVIMENTO TECNOLOGICO LTDA.,PALVER CONSULTORIA E DESENVOLVIMENTO TECNOLOGICO LTDA.,N,04/10/2026 05:47:24
BR061282026,BR,INSTITUTO DATATRENDS LTDA,DATATRENDS,51772470000104,S,2026-09-05,2026-09-07,2026-09-09,2026-09-11,1200,15000.00,2.83,texto,2.83,universo com 16 anos ou mais e excluídos da apuração dessa variável os registros de 15 anos e de idade inválida: 16 a 24,3532,2402,INSTITUTO DATATRENDS LTDA,INSTITUTO DATATRENDS LTDA,N,04/10/2026 05:47:24
BR062302026,BR,ATLASINTEL TECNOLOGIA DE DADOS LTDA,ATLASINTEL,19259002000128,N,2026-09-04,2026-09-04,2026-09-09,2026-09-10,1200,55000.00,3,texto,2.83,,1102,173,TV O ESTADO FLORIANOPOLIS LTDA,TV O ESTADO FLORIANOPOLIS LTDA,S,04/10/2026 05:47:24
BR070202026,BR,ATLASINTEL TECNOLOGIA DE DADOS LTDA,ATLASINTEL,19259002000128,S,2026-09-04,2026-09-04,2026-09-09,2026-09-10,1200,65000.00,3,texto,2.83,,1096,166,ATLASINTEL TECNOLOGIA DE DADOS LTDA,ATLASINTEL TECNOLOGIA DE DADOS LTDA,N,04/10/2026 05:47:24
BR070822026,BR,ATLASINTEL TECNOLOGIA DE DADOS LTDA,ATLASINTEL,19259002000128,S,2026-09-04,2026-09-04,2026-09-09,2026-09-10,1800,75000.00,2,texto,2.31,,1100,169,ATLASINTEL TECNOLOGIA DE DADOS LTDA,ATLASINTEL TECNOLOGIA DE DADOS LTDA,N,04/10/2026 05:47:24
BR071742026,BR,REAL TIME MIDIA LTDA,REAL TIME BIG DATA,22345021000181,S,2026-09-04,2026-09-05,2026-09-09,2026-09-10,1600,24000.00,2,texto,2.45,,3383,400,REAL TIME MIDIA LTDA,REAL TIME MIDIA LTDA,N,04/10/2026 05:47:24
BR082292026,BR,ATLASINTEL TECNOLOGIA DE DADOS LTDA,ATLASINTEL,19259002000128,S,2026-09-04,2026-09-04,2026-09-09,2026-09-10,1200,65000.00,3,texto,2.83,,1097,166,ATLASINTEL TECNOLOGIA DE DADOS LTDA,ATLASINTEL TECNOLOGIA DE DADOS LTDA,N,04/10/2026 05:47:24
BR082882026,BR,RANKING BRASIL INTELIGENCIA LTDA,RANKING BRASIL INTELIGENCIA,49860741000131,N,2026-09-04,2026-09-04,2026-09-09,2026-09-10,2000,20000.00,2.2,texto,2.19,,3840,303,RADIO FM D A LTDA / RADIO FM D.A.,RADIO FM D A LTDA / RADIO FM D.A.,S,04/10/2026 05:47:24
BR085402026,BR,ATLASINTEL TECNOLOGIA DE DADOS LTDA,ATLASINTEL,19259002000128,S,2026-09-04,2026-09-04,2026-09-09,2026-09-10,1200,65000.00,3,texto,2.83,,1101,170,ATLASINTEL TECNOLOGIA DE DADOS LTDA,ATLASINTEL TECNOLOGIA DE DADOS LTDA,N,04/10/2026 05:47:24
BR087662026,BR,C. GOMES MARKETING,INSTITUTO AMAZONIA DE PESQUISA - IAP,23854801000110,S,2026-08-31,2026-09-01,2026-09-09,2026-09-06,2500,47500.00,1.96,texto,1.96,,1397,191,C. GOMES MARKETING,C. GOMES MARKETING,N,04/10/2026 05:47:24
BR094862026,BR,REAL TIME MIDIA LTDA,REAL TIME BIG DATA,22345021000181,S,2026-09-04,2026-09-05,2026-09-09,2026-09-10,1600,24000.00,2,texto,2.45,,3323,389,REAL TIME MIDIA LTDA,REAL TIME MIDIA LTDA,N,04/10/2026 05:47:24
BR095802026,BR,INSTITUTO VERITA LTDA,VERITA,00654576000172,S,2026-09-03,2026-09-04,2026-09-09,2026-09-09,1030,79310.00,3.5,texto,3.05,universo de eleitores aptos com 16 anos ou mais,3705,1413,INSTITUTO VERITA LTDA,INSTITUTO VERITA LTDA,N,04/10/2026 05:47:24
BR095812026,BR,ATLASINTEL TECNOLOGIA DE DADOS LTDA,ATLASINTEL,19259002000128,S,2026-09-04,2026-09-04,2026-09-09,2026-09-10,1800,75000.00,2,texto,2.31,,1095,165,ATLASINTEL TECNOLOGIA DE DADOS LTDA,ATLASINTEL TECNOLOGIA DE DADOS LTDA,N,04/10/2026 05:47:24
BR096242026,BR,DOXA ARTE & COMUNICAO S/S LTDA,DOXA,07317438000147,S,2026-09-05,2026-09-05,2026-09-09,2026-09-11,800,30000.00,3.5,texto,3.46,,3400,440,DOXA ARTE & COMUNICAO S/S LTDA,DOXA ARTE & COMUNICAO S/S LTDA,N,04/10/2026 05:47:24
BR097532026,BR,INSTITUTO VERITA LTDA,VERITA,00654576000172,S,2026-09-03,2026-09-04,2026-09-09,2026-09-09,1220,93940.00,3,texto,2.81,universo de eleitores aptos com 16 anos ou mais,3711,1413,INSTITUTO VERITA LTDA,INSTITUTO VERITA LTDA,N,04/10/2026 05:47:24
BR012602026,BR,MEDIA - INTELIGENCIA EM PESQUISA LTDA,MEDIA - INTELIGENCIA EM PESQUISA,61362466000121,N,2026-09-08,2026-09-09,2026-09-10,2026-09-14,500,5000.00,4.4,texto,4.38,Universo - Características da população e dos domicílios https://cidades,1725,618,ALEXANDRO DE MEDEIROS BLOG DO PASSARO LTDA,ALEXANDRO DE MEDEIROS BLOG DO PASSARO LTDA,Recursos Próprios,04/10/2026 05:47:24
BR021422026,BR,BADRA COMUNICACAO LTDA,BADRA COMUNICACAO,04209958000148,S,2026-09-07,2026-09-08,2026-09-10,2026-09-13,1500,18000.00,2.5,texto,2.53,"universo, ou seja, o eleitorado da Baixada Santista",2013,665,BADRA COMUNICACAO LTDA,BADRA COMUNICACAO LTDA,N,04/10/2026 05:47:24
BR027412026,BR,INSTITUTO VERITA LTDA,VERITA,00654576000172,S,2026-09-05,2026-09-05,2026-09-10,2026-09-11,1525,117425.00,2.5,texto,2.51,universo de eleitores aptos com 16 anos ou mais,3704,1413,INSTITUTO VERITA LTDA,INSTITUTO VERITA LTDA,N,04/10/2026 05:47:24
BR028902026,BR,IPEMS INSTITUTO DE PESQUISAS DE MATO GROSSO DO SUL LTDA,,36781946000180,N,2026-09-04,2026-09-05,2026-09-10,2026-09-10,800,40000.00,3.46,texto,3.46,Universo: Eleitorado do estado de Mato Grosso do Sul,2777,235,DRCOSTA'S JORNALISMO LTDA / JORNAL DE DOMINGO MS,DRCOSTA'S JORNALISMO LTDA / JORNAL DE DOMINGO MS,S,04/10/2026 05:47:24
BR050532026,BR,NEOBE GESTAO E SERVICOS LTDA,NEOKEMP PESQUISAS,29855711000120,N,2026-09-04,2026-09-08,2026-09-10,2026-09-10,1008,25000.00,3.1,texto,3.09,Universo: Eleitores do Estado do Paraná com 16 (dezesseis) anos ou mais,3281,789,JORNAL O CORREIO DO POVO LTDA / JORNAL O CORREIO DO POVO,JORNAL O CORREIO DO POVO LTDA / JORNAL O CORREIO DO POVO,S,04/10/2026 05:47:24
BR056112026,BR,"PODIUM CONSULTORIA, MARKETING, PESQUISAS E EDITORACAO LTDA",INSTITUTO PODIUM,06288268000157,N,2026-09-07,2026-09-08,2026-09-10,2026-09-13,600,6000.00,4,texto,4.00,"universo, em função das seguintes variáveis: Sexo: Masculino 46% e Feminino 54%",2281,585,EDITORA DIARIO DO ESTADO LTDA / JORNAL DIARIO DO ESTADO,EDITORA DIARIO DO ESTADO LTDA / JORNAL DIARIO DO ESTADO,S,04/10/2026 05:47:24
BR057702026,BR,INSTITUTO FRANCA DE PESQUISAS LTDA,INSTITUTO FRANCA DE PESQUISA PESQUISA E ASSESSORIA,24899123000174,S,2026-09-05,2026-09-08,2026-09-10,2026-09-11,1300,20000.00,2.7,texto,2.72,,3887,658,INSTITUTO FRANCA DE PESQUISAS LTDA,INSTITUTO FRANCA DE PESQUISAS LTDA,N,04/10/2026 05:47:24
BR068232026,BR,INSTITUTO VERITA LTDA,VERITA,00654576000172,S,2026-09-05,2026-09-05,2026-09-10,2026-09-11,1525,117425.00,3,texto,2.51,universo de eleitores aptos com 16 anos ou mais,3706,1413,INSTITUTO VERITA LTDA,INSTITUTO VERITA LTDA,N,04/10/2026 05:47:24
BR073422026,BR,INSTITUTO VERITA LTDA,VERITA,00654576000172,S,2026-09-05,2026-09-05,2026-09-10,2026-09-11,1220,93940.00,3,texto,2.81,universo de eleitores aptos com 16 anos ou mais,3715,1413,INSTITUTO VERITA LTDA,INSTITUTO VERITA LTDA,N,04/10/2026 05:47:24
BR079552026,BR,ATLASINTEL TECNOLOGIA DE DADOS LTDA,ATLASINTEL,19259002000128,N,2026-09-05,2026-09-05,2026-09-10,2026-09-11,1200,60000.00,3,texto,2.83,,1094,163,FEDERACAO DAS INDUSTRIAS DO ESTADO DO PARA,FEDERACAO DAS INDUSTRIAS DO ESTADO DO PARA,S,04/10/2026 05:47:24
BR080532026,BR,INSTITUTO VERITA LTDA,VERITA,00654576000172,S,2026-09-05,2026-09-05,2026-09-10,2026-09-11,1525,117425.00,3,texto,2.51,universo de eleitores aptos com 16 anos ou mais,3702,1413,INSTITUTO VERITA LTDA,INSTITUTO VERITA LTDA,N,04/10/2026 05:47:24
BR086592026,BR,INSTITUTO VERITA LTDA,VERITA,00654576000172,S,2026-09-05,2026-09-05,2026-09-10,2026-09-11,1220,93940.00,3,texto,2.81,universo de eleitores aptos com 16 anos ou mais,3713,1413,INSTITUTO VERITA LTDA,INSTITUTO VERITA LTDA,N,04/10/2026 05:47:24
BR089972026,BR,BADRA COMUNICACAO LTDA,BADRA COMUNICACAO,04209958000148,S,2026-09-05,2026-09-08,2026-09-10,2026-09-11,1060,18000.00,3,texto,3.01,"universo, ou seja, o eleitorado do Distrito Federal",2012,665,BADRA COMUNICACAO LTDA,BADRA COMUNICACAO LTDA,N,04/10/2026 05:47:24
BR097422026,BR,INSTITUTO VERITA LTDA,VERITA,00654576000172,S,2026-09-05,2026-09-05,2026-09-10,2026-09-11,1220,93940.00,3,texto,2.81,universo de eleitores aptos com 16 anos ou mais,3709,1413,INSTITUTO VERITA LTDA,INSTITUTO VERITA LTDA,N,04/10/2026 05:47:24
BR098212026,BR,INSTITUTO VERITA LTDA,VERITA,00654576000172,S,2026-09-05,2026-09-05,2026-09-10,2026-09-11,2030,156310.00,2.5,texto,2.18,universo de eleitores aptos com 16 anos ou mais,3705,1413,INSTITUTO VERITA LTDA,INSTITUTO VERITA LTDA,N,04/10/2026 05:47:24
BR007172026,BR,INSTITUTO VERITA LTDA,VERITA,00654576000172,S,2026-09-05,2026-09-06,2026-09-11,2026-09-11,2010,154770.00,2.5,texto,2.19,universo de eleitores aptos com 16 anos ou mais,3707,1413,INSTITUTO VERITA LTDA,INSTITUTO VERITA LTDA,N,04/10/2026 05:47:24
BR018332026,BR,DATAFOLHA INSTITUTO DE PESQUISAS LTDA.,,07630546000175,N,2026-09-05,2026-09-08,2026-09-11,2026-09-11,2002,307641.60,4,texto,2.19,Universo: Eleitorado brasileiro,2240,216,GLOBO COMUNICACAO E PARTICIPACOES S/A / TV/REDE/GLOBO.COM/CANAIS GLOBO/GLOBOPLAY/ELETROMIDIA | EMPRESA FOLHA DA MANHA S.A.,GLOBO COMUNICACAO E PARTICIPACOES S/A / TV/REDE/GLOBO.COM/CANAIS GLOBO/GLOBOPLAY/ELETROMIDIA | EMPRESA FOLHA DA MANHA S.A.,S | S,04/10/2026 05:47:24
BR023442026,BR,ERIVALDO TRINDADE DE ARAUJO,ITEM PESQUISAS TECNICAS,10307514000148,N,2026-09-07,2026-09-08,2026-09-11,2026-09-13,1250,15000.00,2.77,texto,2.77,,1877,630,GISELLE MURIELLE QUEIROZ DE AZEVEDO,GISELLE MURIELLE QUEIROZ DE AZEVEDO,S,04/10/2026 05:47:24
BR030022026,BR,"ECONOMIC PESQUISAS, CONSULTORIA EMPRESARIAL, ADMINISTRACAO PUBLICA E MARKETING LTDA",ECONOMIC PESQUISAS,02424348000131,N,2026-09-10,2026-09-08,2026-09-11,2026-09-16,1000,6000.00,3.0955,texto,3.10,,3010,750,AUGUTO FERREIRA JORNALISMO LTDA / A F ACESSORIA,AUGUTO FERREIRA JORNALISMO LTDA / A F ACESSORIA,S,04/10/2026 05:47:24
BR030222026,BR,DATAFOLHA INSTITUTO DE PESQUISAS LTDA.,,07630546000175,N,2026-09-05,2026-09-08,2026-09-11,2026-09-11,1204,162051.60,6,texto,2.82,Universo: Eleitorado do estado de Minas Gerais,2482,220,GLOBO COMUNICACAO E PARTICIPACOES S/A / TV/REDE/GLOBO.COM/CANAIS GLOBO/GLOBOPLAY/ELETROMIDIA | EMPRESA FOLHA DA MANHA S.A.,GLOBO COMUNICACAO E PARTICIPACOES S/A / TV/REDE/GLOBO.COM/CANAIS GLOBO/GLOBOPLAY/ELETROMIDIA | EMPRESA FOLHA DA MANHA S.A.,S | S,04/10/2026 05:47:24
BR039042026,BR,DATAFOLHA INSTITUTO DE PESQUISAS LTDA.,,07630546000175,N,2026-09-05,2026-09-08,2026-09-11,2026-09-11,1610,185706.64,4,texto,2.44,Universo: Eleitorado do estado de São Paulo,2505,215,GLOBO COMUNICACAO E PARTICIPACOES S/A / TV/REDE/GLOBO.COM/CANAIS GLOBO/GLOBOPLAY/ELETROMIDIA | EMPRESA FOLHA DA MANHA S.A.,GLOBO COMUNICACAO E PARTICIPACOES S/A / TV/REDE/GLOBO.COM/CANAIS GLOBO/GLOBOPLAY/ELETROMIDIA | EMPRESA FOLHA DA MANHA S.A.,S | S,04/10/2026 05:47:24
BR046232026,BR,DATAFOLHA INSTITUTO DE PESQUISAS LTDA.,,07630546000175,N,2026-09-05,2026-09-08,2026-09-11,2026-09-11,910,100820.12,3,texto,3.25,Universo: Eleitorado do estado do Distrito Federal,2297,213,EMPRESA FOLHA DA MANHA S.A. | GLOBO COMUNICACAO E PARTICIPACOES S/A / TV/REDE/GLOBO.COM/CANAIS GLOBO/GLOBOPLAY/ELETROMIDIA,EMPRESA FOLHA DA MANHA S.A. | GLOBO COMUNICACAO E PARTICIPACOES S/A / TV/REDE/GLOBO.COM/CANAIS GLOBO/GLOBOPLAY/ELETROMIDIA,S | S,04/10/2026 05:47:24
BR057712026,BR,INSTITUTO VERITA LTDA,VERITA,00654576000172,S,2026-09-05,2026-09-06,2026-09-11,2026-09-11,1220,93940.00,3,texto,2.81,universo de eleitores aptos com 16 anos ou mais,3700,1413,INSTITUTO VERITA LTDA,INSTITUTO VERITA LTDA,N,04/10/2026 05:47:24
BR057992026,BR,INSTITUTO VERITA LTDA,VERITA,00654576000172,N,2026-09-05,2026-09-06,2026-09-11,2026-09-11,1220,70000.00,3,texto,2.81,universo de eleitores aptos com 16 anos ou mais,3706,1413,TELEVISAO ATALAIA LTDA / TV ATALAIA,TELEVISAO ATALAIA LTDA / TV ATALAIA,S,04/10/2026 05:47:24
BR059232026,BR,DATAFOLHA INSTITUTO DE PESQUISAS LTDA.,,07630546000175,N,2026-09-05,2026-09-08,2026-09-11,2026-09-11,1204,153527.92,3,texto,2.82,Universo: Eleitorado do estado de Pernambuco,2593,217,GLOBO COMUNICACAO E PARTICIPACOES S/A / TV/REDE/GLOBO.COM/CANAIS GLOBO/GLOBOPLAY/ELETROMIDIA | EMPRESA FOLHA DA MANHA S.A.,GLOBO COMUNICACAO E PARTICIPACOES S/A / TV/REDE/GLOBO.COM/CANAIS GLOBO/GLOBOPLAY/ELETROMIDIA | EMPRESA FOLHA DA MANHA S.A.,S | S,04/10/2026 05:47:24
BR063612026,BR,DATAFOLHA INSTITUTO DE PESQUISAS LTDA.,,07630546000175,N,2026-09-05,2026-09-08,2026-09-11,2026-09-11,1204,130418.94,3,texto,2.82,Universo: Eleitorado do estado do Rio de Janeiro,2533,221,EMPRESA FOLHA DA MANHA S.A. | GLOBO COMUNICACAO E PARTICIPACOES S/A / TV/REDE/GLOBO.COM/CANAIS GLOBO/GLOBOPLAY/ELETROMIDIA,EMPRESA FOLHA DA MANHA S.A. | GLOBO COMUNICACAO E PARTICIPACOES S/A / TV/REDE/GLOBO.COM/CANAIS GLOBO/GLOBOPLAY/ELETROMIDIA,S | S,04/10/2026 05:47:24
BR076772026,BR,INSTITUTO VERITA LTDA,VERITA,00654576000172,S,2026-09-05,2026-09-06,2026-09-11,2026-09-11,1220,93940.00,3,texto,2.81,universo de eleitores aptos com 16 anos ou mais,3702,1413,INSTITUTO VERITA LTDA,INSTITUTO VERITA LTDA,N,04/10/2026 05:47:24
BR080932026,BR,INSTITUTO VERITA LTDA,VERITA,00654576000172,S,2026-09-05,2026-09-06,2026-09-11,2026-09-11,40500,200000.00,,ausente,0.49,universo de eleitores aptos com 16 anos ou mais,3920,1413,INSTITUTO VERITA LTDA,INSTITUTO VERITA LTDA,N,04/10/2026 05:47:24
BR095352026,BR,INSTITUTO VERITA LTDA,VERITA,00654576000172,S,2026-09-05,2026-09-06,2026-09-11,2026-09-11,2030,156310.00,2.5,texto,2.18,universo de eleitores aptos com 16 anos ou mais,3717,1413,INSTITUTO VERITA LTDA,INSTITUTO VERITA LTDA,N,04/10/2026 05:47:24
BR099322026,BR,INSTITUTO VERITA LTDA,VERITA,00654576000172,S,2026-09-05,2026-09-06,2026-09-11,2026-09-11,2010,154770.00,2.5,texto,2.19,universo de eleitores aptos com 16 anos ou mais,3713,1413,INSTITUTO VERITA LTDA,INSTITUTO VERITA LTDA,N,04/10/2026 05:47:24
BR009652026,BR,INSTITUTO VERITA LTDA,VERITA,00654576000172,S,2026-09-06,2026-09-07,2026-09-12,2026-09-12,3025,232925.00,2,texto,1.78,universo de eleitores aptos com 16 anos ou mais,3702,1413,INSTITUTO VERITA LTDA,INSTITUTO VERITA LTDA,N,04/10/2026 05:47:24
BR010192026,BR,PERCENT PESQUISA DE MERCADO E OPINIAO LTDA,PERCENT PESQUISA DE MERCADO E OPINIAO,10544202000158,S,2026-09-07,2026-09-08,2026-09-12,2026-09-13,1200,30000.00,2.83,texto,2.83,,1569,1011,PERCENT PESQUISA DE MERCADO E OPINIAO LTDA,PERCENT PESQUISA DE MERCADO E OPINIAO LTDA,N,04/10/2026 05:47:24
BR015082026,BR,INSTITUTO VERITA LTDA,VERITA,00654576000172,S,2026-09-06,2026-09-07,2026-09-12,2026-09-12,1220,93940.00,3,texto,2.81,universo de eleitores aptos com 16 anos ou mais,3710,1413,INSTITUTO VERITA LTDA,INSTITUTO VERITA LTDA,N,04/10/2026 05:47:24
BR021222026,BR,INSTITUTO VERITA LTDA,VERITA,00654576000172,S,2026-09-06,2026-09-07,2026-09-12,2026-09-12,1525,117425.00,2.5,texto,2.51,universo de eleitores aptos com 16 anos ou mais,3718,1413,INSTITUTO VERITA LTDA,INSTITUTO VERITA LTDA,N,04/10/2026 05:47:24
BR023292026,BR,DATA TEMPO LIMITADA,,42532542000155,N,2026-09-09,2026-09-09,2026-09-12,2026-09-15,1000,58100.00,3.1,texto,3.10,"universo da pesquisa é composto por eleitores de Minas Gerais, com idade a partir de 16 anos",1116,263,SEMPRE EDITORA LTDA,SEMPRE EDITORA LTDA,S,04/10/2026 05:47:24
BR023892026,BR,INSTITUTO VERITA LTDA,VERITA,00654576000172,S,2026-09-06,2026-09-07,2026-09-12,2026-09-12,1220,93940.00,3,texto,2.81,universo de eleitores aptos com 16 anos ou mais,3709,1413,INSTITUTO VERITA LTDA,INSTITUTO VERITA LTDA,N,04/10/2026 05:47:24
BR034602026,BR,INSTITUTO VERITA LTDA,VERITA,00654576000172,S,2026-09-06,2026-09-07,2026-09-12,2026-09-12,1220,93940.00,3,texto,2.81,universo de eleitores aptos com 16 anos ou mais,3714,1413,INSTITUTO VERITA LTDA,INSTITUTO VERITA LTDA,N,04/10/2026 05:47:24
BR035382026,BR,DOXA ARTE & COMUNICAO S/S LTDA,DOXA,07317438000147,N,2026-09-08,2026-09-08,2026-09-12,2026-09-14,2000,40000.00,2.2,texto,2.19,,2755,416,J C CHAVES CARNEIRO / BLOG DO JESO,J C CHAVES CARNEIRO / BLOG DO JESO,S,04/10/2026 05:47:24
BR038302026,BR,METADATA SOLUCOES INTELIGENTES LTDA,METADATA,41744280000120,S,2026-09-08,2026-09-10,2026-09-12,2026-09-14,1536,50000.00,2.5,texto,2.50,"universo de referência o eleitorado apto do Estado do Rio Grande do Norte, conforme dados oficiais do Tribunal Superior ",3682,1455,METADATA SOLUCOES INTELIGENTES LTDA,METADATA SOLUCOES INTELIGENTES LTDA,N,04/10/2026 05:47:24
BR039162026,BR,INSTITUTO VERITA LTDA,VERITA,00654576000172,S,2026-09-06,2026-09-07,2026-09-12,2026-09-12,1030,79310.00,3.5,texto,3.05,universo de eleitores aptos com 16 anos ou mais,3708,1413,INSTITUTO VERITA LTDA,INSTITUTO VERITA LTDA,N,04/10/2026 05:47:24
BR042542026,BR,INSTITUTO GAZETA LTDA,IGAPE- INSTITUTO GAZETA DE PEQUISAS,04851508000154,N,2026-09-07,2026-09-08,2026-09-12,2026-09-13,2000,12000.00,2.2,texto,2.19,"universo da pesquisa é composto por eleitores do Distrito Federal, com idade a partir de 16 anos",1041,281,TV ATUAL LTDA / TV ATUAL,TV ATUAL LTDA / TV ATUAL,S,04/10/2026 05:47:24
BR058242026,BR,REAL TIME MIDIA LTDA,REAL TIME BIG DATA,22345021000181,S,2026-09-08,2026-09-09,2026-09-12,2026-09-14,2000,30000.00,2,texto,2.19,,3387,391,REAL TIME MIDIA LTDA,REAL TIME MIDIA LTDA,N,04/10/2026 05:47:24
BR060542026,BR,LUIZ MIGUEL DE OLIVEIRA,L3 SISTEMAS E CONSULTORIA,05696791000150,N,2026-09-10,2026-09-10,2026-09-12,2026-09-16,602,2500.00,3.85,texto,3.99,"universo pesquisado, preservando o tamanho",2914,845,pessoa_fisica,pessoa_fisica,S,04/10/2026 05:47:24
BR067442026,BR,INSTITUTO VERITA LTDA,VERITA,00654576000172,S,2026-09-06,2026-09-07,2026-09-12,2026-09-12,2020,155540.00,2.5,texto,2.18,universo de eleitores aptos com 16 anos ou mais,3718,1413,INSTITUTO VERITA LTDA,INSTITUTO VERITA LTDA,N,04/10/2026 05:47:24
BR073582026,BR,DATA CAPITAL PESQUISAS E CONSULTORIA LTDA,DATA CAPITAL PESQUISAS E CONSULTORIA,67147202000131,N,2026-09-10,2026-09-09,2026-09-12,2026-09-16,2200,19000.00,,ausente,2.09,,3593,438,SPN SISTEMA POTIGUAR DE NOTICIAS LTDA / SISTEMA POTIGUAR DE NOTICIAS SPN,SPN SISTEMA POTIGUAR DE NOTICIAS LTDA / SISTEMA POTIGUAR DE NOTICIAS SPN,S,04/10/2026 05:47:24
BR086902026,BR,NEOBE GESTAO E SERVICOS LTDA,NEOKEMP PESQUISAS,29855711000120,N,2026-09-08,2026-09-10,2026-09-12,2026-09-14,1008,25000.00,3.1,texto,3.09,Universo: Eleitores do Estado de Santa Catarina com 16 (dezesseis) anos ou mais,3297,797,JORNAL O CORREIO DO POVO LTDA / JORNAL O CORREIO DO POVO,JORNAL O CORREIO DO POVO LTDA / JORNAL O CORREIO DO POVO,S,04/10/2026 05:47:24
BR091112026,BR,REAL TIME MIDIA LTDA,REAL TIME BIG DATA,22345021000181,S,2026-09-08,2026-09-09,2026-09-12,2026-09-14,2000,30000.00,2,texto,2.19,,3387,396,REAL TIME MIDIA LTDA,REAL TIME MIDIA LTDA,N,04/10/2026 05:47:24
BR029032026,BR,SECTRAL SERVICOS E COMERCIO EM GERAL LTDA,SECTRAL NEGOCIOS,32898151000103,N,2026-09-08,2026-09-08,2026-09-13,2026-09-14,1100,11000.00,2.95,texto,2.95,universo,2629,840,MVR2 EMPREENDIMENTOS LTDA,MVR2 EMPREENDIMENTOS LTDA,S,04/10/2026 05:47:24
BR034822026,BR,INSTITUTO INDEXA PESQUISAS LTDA,INDEXA PESQUISAS,10340949000194,N,2026-09-09,2026-09-10,2026-09-13,2026-09-15,2000,164000.00,2.19,texto,2.19,,3264,367,AGENCIA ESTADO S.A / AGENCIA ESTADO,AGENCIA ESTADO S.A / AGENCIA ESTADO,S,04/10/2026 05:47:24
BR036072026,BR,"QUAEST PESQUISAS, CONSULTORIA E PROJETOS LTDA.",,22445600000104,N,2026-09-08,2026-09-10,2026-09-13,2026-09-14,2004,314628.00,2,texto,2.19,,2968,570,EDITORA GLOBO S/A / EDITORA GLOBO | GLOBO COMUNICACAO E PARTICIPACOES S/A / TV/REDE/GLOBO.COM/CANAIS GLOBO/GLOBOPLAY/ELETROMIDIA,EDITORA GLOBO S/A / EDITORA GLOBO | GLOBO COMUNICACAO E PARTICIPACOES S/A / TV/REDE/GLOBO.COM/CANAIS GLOBO/GLOBOPLAY/ELETROMIDIA,S | S,04/10/2026 05:47:24
BR040762026,BR,NEXUS PESQUISA E INTELIGENCIA DE DADOS LTDA,NEXUS,11077560000160,N,2026-09-08,2026-09-11,2026-09-13,2026-09-14,2000,164888.89,2,texto,2.19,,1812,474,BANCO BTG PACTUAL S.A.,BANCO BTG PACTUAL S.A.,S,04/10/2026 05:47:24
BR069022026,BR,MDA-PESQUISA DE OPINIAO PUBLICA E CONSULT. ESTATIST. LTDA - EPP,,19090489000168,N,2026-09-09,2026-09-09,2026-09-13,2026-09-15,2002,222453.00,2.2,texto,2.19,universo desta pesquisa compreende os eleitores e eleitoras do Brasil com idade de 16 anos ou mais,2749,297,CONFEDERACAO NACIONAL DO TRANSPORTE,CONFEDERACAO NACIONAL DO TRANSPORTE,S,04/10/2026 05:47:24
BR076812026,BR,NOVA IBRAPE PESQUISAS DE OPINIAO PUBLICA LTDA,NOVO IBRAPE,42098826000185,N,2026-09-08,2026-09-08,2026-09-13,2026-09-14,1000,29000.00,3.1,texto,3.10,universo correspondente ao público-alvo da pesquisa,3559,566,CAMPO GRANDE NOTICIAS LTDA / CAMPO GRANDE NEWS LTDA,CAMPO GRANDE NOTICIAS LTDA / CAMPO GRANDE NEWS LTDA,S,04/10/2026 05:47:24
BR080882026,BR,INSTITUTO VOX BRASIL OPINIAO E PESQUISAS LTDA,,45613076000120,S,2026-09-11,2026-09-12,2026-09-13,2026-09-17,2000,15000.00,0.17,texto,2.19,,2377,378,INSTITUTO VOX BRASIL OPINIAO E PESQUISAS LTDA,INSTITUTO VOX BRASIL OPINIAO E PESQUISAS LTDA,N,04/10/2026 05:47:24
BR096072026,BR,INSTITUTO DATATRENDS LTDA,DATATRENDS,51772470000104,S,2026-09-11,2026-09-12,2026-09-13,2026-09-17,400,7000.00,4.88,texto,4.90,,2638,1164,INSTITUTO DATATRENDS LTDA,INSTITUTO DATATRENDS LTDA,N,04/10/2026 05:47:24
BR002832026,BR,REAL TIME MIDIA LTDA,REAL TIME BIG DATA,22345021000181,N,2026-09-09,2026-09-10,2026-09-14,2026-09-15,1600,20000.00,2,texto,2.45,,3384,392,RADIO E TELEVISAO RECORD S.A / REDE RECORD DE TELEVISAO E/OU RECORD TV,RADIO E TELEVISAO RECORD S.A / REDE RECORD DE TELEVISAO E/OU RECORD TV,S,04/10/2026 05:47:24
BR013152026,BR,REAL TIME MIDIA LTDA,REAL TIME BIG DATA,22345021000181,N,2026-09-09,2026-09-10,2026-09-14,2026-09-15,1600,20000.00,2,texto,2.45,,3378,391,RADIO E TELEVISAO RECORD S.A / REDE RECORD DE TELEVISAO E/OU RECORD TV,RADIO E TELEVISAO RECORD S.A / REDE RECORD DE TELEVISAO E/OU RECORD TV,S,04/10/2026 05:47:24
BR039302026,BR,INSTITUTO GAZETA LTDA,IGAPE- INSTITUTO GAZETA DE PEQUISAS,04851508000154,N,2026-09-09,2026-09-09,2026-09-14,2026-09-15,2000,15000.00,2.2,texto,2.19,"universo da pesquisa é composto por eleitores de Goiás, com idade a partir de 16 anos",1020,280,TV ATUAL LTDA / TV ATUAL,TV ATUAL LTDA / TV ATUAL,S,04/10/2026 05:47:24
BR040782026,BR,INSTITUTO NOVO PERFIL PESQUISAS LTDA,PERFIL PESQUISAS,44338241000110,S,2026-09-09,2026-09-09,2026-09-14,2026-09-15,1480,44000.00,2.5,texto,2.55,,3574,945,INSTITUTO NOVO PERFIL PESQUISAS LTDA,INSTITUTO NOVO PERFIL PESQUISAS LTDA,N,04/10/2026 05:47:24
BR051432026,BR,INSTITUTO PARANA DE PESQUISAS E ANALISE DE CONSUMIDOR LTDA,,81908345000140,N,2026-09-09,2026-09-12,2026-09-14,2026-09-15,1504,105000.00,2.6,texto,2.53,,3419,219,FEDERACAO DAS INDUSTRIAS DO ESTADO DO TOCANTINS / FIETO,FEDERACAO DAS INDUSTRIAS DO ESTADO DO TOCANTINS / FIETO,S,04/10/2026 05:47:24
BR057112026,BR,REAL TIME MIDIA LTDA,REAL TIME BIG DATA,22345021000181,N,2026-09-09,2026-09-10,2026-09-14,2026-09-15,1600,20000.00,2,texto,2.45,,3389,318,RADIO E TELEVISAO RECORD S.A / REDE RECORD DE TELEVISAO E/OU RECORD TV,RADIO E TELEVISAO RECORD S.A / REDE RECORD DE TELEVISAO E/OU RECORD TV,S,04/10/2026 05:47:24
BR086912026,BR,INSTITUTO DATATRENDS LTDA,DATATRENDS,51772470000104,S,2026-09-10,2026-09-12,2026-09-14,2026-09-16,2000,25000.00,2.19,texto,2.19,,2761,2394,INSTITUTO DATATRENDS LTDA,INSTITUTO DATATRENDS LTDA,N,04/10/2026 05:47:24
BR089182026,BR,REAL TIME MIDIA LTDA,REAL TIME BIG DATA,22345021000181,N,2026-09-09,2026-09-10,2026-09-14,2026-09-15,1600,20000.00,2,texto,2.45,,3322,386,RADIO E TELEVISAO RECORD S.A / REDE RECORD DE TELEVISAO E/OU RECORD TV,RADIO E TELEVISAO RECORD S.A / REDE RECORD DE TELEVISAO E/OU RECORD TV,S,04/10/2026 05:47:24
BR019882026,BR,INSTITUTO VERITA LTDA,VERITA,00654576000172,S,2026-09-10,2026-09-10,2026-09-15,2026-09-16,1220,93940.00,3,texto,2.81,universo de eleitores aptos com 16 anos ou mais,3711,1413,INSTITUTO VERITA LTDA,INSTITUTO VERITA LTDA,N,04/10/2026 05:47:24
BR023042026,BR,PERFIL PESQUISAS TECNICAS LTDA,PERFIL PESQUISAS TECNICAS,40808743000107,N,2026-09-11,2026-09-12,2026-09-15,2026-09-17,1600,15000.00,2.45,texto,2.45,"universo composto pelos eleitores do estado do Rio Grande do Norte, a aleatorização da amostra foi planejada sobre a cob",2559,196,BG MIDIAS E ASSESSORIA DIGITAL LTDA / BG MIDIAS,BG MIDIAS E ASSESSORIA DIGITAL LTDA / BG MIDIAS,S,04/10/2026 05:47:24
BR023862026,BR,INSTITUTO VERITA LTDA,VERITA,00654576000172,S,2026-09-10,2026-09-10,2026-09-15,2026-09-16,1030,79310.00,3.5,texto,3.05,universo de eleitores aptos com 16 anos ou mais,3705,1410,INSTITUTO VERITA LTDA,INSTITUTO VERITA LTDA,N,04/10/2026 05:47:24
BR043832026,BR,INSTITUTO VERITA LTDA,VERITA,00654576000172,S,2026-09-10,2026-09-10,2026-09-15,2026-09-16,1220,93940.00,3,texto,2.81,universo de eleitores aptos com 16 anos ou mais,3701,1413,INSTITUTO VERITA LTDA,INSTITUTO VERITA LTDA,N,04/10/2026 05:47:24
BR071802026,BR,SECULUS CONSULTORIA E ASSESSORIA LTDA ME,SECULUS CONSULTORIA E ASSESSORIA LTDA,24374946000186,N,2026-09-10,2026-09-10,2026-09-15,2026-09-16,1535,50000.00,2.5,texto,2.50,,2199,1542,RADIO CULTURA DA BAHIA FM LTDA / RADIO CULTURA DA BAHIA FM,RADIO CULTURA DA BAHIA FM LTDA / RADIO CULTURA DA BAHIA FM,S,04/10/2026 05:47:24
BR071972026,BR,INSTITUTO VERITA LTDA,VERITA,00654576000172,S,2026-09-10,2026-09-10,2026-09-15,2026-09-16,2020,155540.00,2.5,texto,2.18,universo de eleitores aptos com 16 anos ou mais,3701,1413,INSTITUTO VERITA LTDA,INSTITUTO VERITA LTDA,N,04/10/2026 05:47:24
BR072142026,BR,INSTITUTO VERITA LTDA,VERITA,00654576000172,S,2026-09-10,2026-09-10,2026-09-15,2026-09-16,1220,93940.00,3,texto,2.81,universo de eleitores aptos com 16 anos ou mais,3709,1413,INSTITUTO VERITA LTDA,INSTITUTO VERITA LTDA,N,04/10/2026 05:47:24
BR075512026,BR,INSTITUTO VERITA LTDA,VERITA,00654576000172,S,2026-09-10,2026-09-10,2026-09-15,2026-09-16,1525,117425.00,2.5,texto,2.51,universo de eleitores aptos com 16 anos ou mais,3703,3703,INSTITUTO VERITA LTDA,INSTITUTO VERITA LTDA,N,04/10/2026 05:47:24
BR078612026,BR,INSTITUTO VERITA LTDA,VERITA,00654576000172,S,2026-09-10,2026-09-10,2026-09-15,2026-09-16,1030,79310.00,3.5,texto,3.05,universo de eleitores aptos com 16 anos ou mais,3706,1413,INSTITUTO VERITA LTDA,INSTITUTO VERITA LTDA,N,04/10/2026 05:47:24
BR088432026,BR,REAL TIME MIDIA LTDA,REAL TIME BIG DATA,22345021000181,N,2026-09-10,2026-09-11,2026-09-15,2026-09-16,1600,20000.00,2,texto,2.45,,3246,388,RADIO E TELEVISAO RECORD S.A / REDE RECORD DE TELEVISAO E/OU RECORD TV,RADIO E TELEVISAO RECORD S.A / REDE RECORD DE TELEVISAO E/OU RECORD TV,S,04/10/2026 05:47:24
BR088472026,BR,TWS POLITICA LTDA,TWS POLITICA,55149265000148,S,2026-09-11,2026-09-13,2026-09-15,2026-09-17,1500,10000.00,2.53,texto,2.53,"universo estadual, com conversão dos valores fracionários em inteiros pelo método das maiores frações",3463,2376,TWS POLITICA LTDA,TWS POLITICA LTDA,N,04/10/2026 05:47:24
BR003572026,BR,ATLASINTEL TECNOLOGIA DE DADOS LTDA,ATLASINTEL,19259002000128,S,2026-09-11,2026-09-11,2026-09-16,2026-09-17,1800,75000.00,2,texto,2.31,,1064,169,ATLASINTEL TECNOLOGIA DE DADOS LTDA,ATLASINTEL TECNOLOGIA DE DADOS LTDA,N,04/10/2026 05:47:24
BR003602026,BR,"PODERDATA PESQUISA, JORNALISMO E COMUNICACAO LTDA",PODERDATA,29550908000150,S,2026-09-11,2026-09-13,2026-09-16,2026-09-17,3000,103715.00,2,texto,1.79,Universo: eleitoras e eleitores com 16 anos de idade ou mais,3394,226,"PODERDATA PESQUISA, JORNALISMO E COMUNICACAO LTDA","PODERDATA PESQUISA, JORNALISMO E COMUNICACAO LTDA",N,04/10/2026 05:47:24
BR005352026,BR,GERP MERCADOLOGIA LTDA,GRUPO GERP GERP MERCADO GERP OPINIAO GERPAUDIT,05270800000146,S,2026-09-11,2026-09-14,2026-09-16,2026-09-17,2400,12000.00,2.04,texto,2.00,"universo considerado infinito e um nível de confiança de 95,55%, a margem de erro para projeções dos dados é estimada em",1712,538,GERP MERCADOLOGIA LTDA,GERP MERCADOLOGIA LTDA,N,04/10/2026 05:47:24
BR048582026,BR,DATA CONTROL INSTITUTO DE PESQUISA LTDA - ME,DATA CONTROL INSTITUTO DE PESQUISA,02170847000140,S,2026-09-12,2026-09-12,2026-09-16,2026-09-18,1356,15000.00,2.6,texto,2.66,,3201,947,DATA CONTROL INSTITUTO DE PESQUISA LTDA - ME,DATA CONTROL INSTITUTO DE PESQUISA LTDA - ME,N,04/10/2026 05:47:24
BR055912026,BR,INSTITUTO MAIS,INSTITUTO MAIS,41296892000105,N,2026-09-11,2026-09-11,2026-09-16,2026-09-17,1200,9500.00,2.8,texto,2.83,Universo - Características da população e dos domicílios; https://cidades,3183,366,EDINA RIBEIRO DE ARAUJO LTDA / MAIS COMUNICAO E MARKETING,EDINA RIBEIRO DE ARAUJO LTDA / MAIS COMUNICAO E MARKETING,Recursos Próprios,04/10/2026 05:47:24
BR062212026,BR,ATLASINTEL TECNOLOGIA DE DADOS LTDA,ATLASINTEL,19259002000128,S,2026-09-11,2026-09-11,2026-09-16,2026-09-17,5000,75000.00,1,texto,1.39,,1060,165,ATLASINTEL TECNOLOGIA DE DADOS LTDA,ATLASINTEL TECNOLOGIA DE DADOS LTDA,N,04/10/2026 05:47:24
BR063112026,BR,EXATUS CONSULTORIA E PESQUISA LTDA,EXATUS CONSULTORIA E PESQUISA,36443750000185,N,2026-09-10,2026-09-14,2026-09-16,2026-09-16,1500,30000.00,2.53,texto,2.53,"universo com 16 anos ou mais e excluídos os registros de 15 anos e idade inválida: 16 a 24 anos, 12,9%; 25 a 34 anos, 19",3659,1218,A DE O VIANA EDITORA E COMUNICACAO LTDA / GRUPO AGORA RN,A DE O VIANA EDITORA E COMUNICACAO LTDA / GRUPO AGORA RN,S,04/10/2026 05:47:24
BR092642026,BR,ATLASINTEL TECNOLOGIA DE DADOS LTDA,ATLASINTEL,19259002000128,S,2026-09-11,2026-09-11,2026-09-16,2026-09-17,1800,75000.00,2,texto,2.31,,1059,165,ATLASINTEL TECNOLOGIA DE DADOS LTDA,ATLASINTEL TECNOLOGIA DE DADOS LTDA,N,04/10/2026 05:47:24
BR095822026,BR,REAL TIME MIDIA LTDA,REAL TIME BIG DATA,22345021000181,N,2026-09-11,2026-09-12,2026-09-16,2026-09-17,1600,20000.00,2,texto,2.45,,3387,396,RADIO E TELEVISAO RECORD S.A / REDE RECORD DE TELEVISAO E/OU RECORD TV,RADIO E TELEVISAO RECORD S.A / REDE RECORD DE TELEVISAO E/OU RECORD TV,S,04/10/2026 05:47:24
BR001802026,BR,DATAFOLHA INSTITUTO DE PESQUISAS LTDA.,,07630546000175,N,2026-09-12,2026-09-14,2026-09-17,2026-09-18,1204,120300.00,3,texto,2.82,Universo: Eleitores do estado do Ceará,2321,223,EMPRESA JORNALISTICA O POVO S A / JORNAL O POVO,EMPRESA JORNALISTICA O POVO S A / JORNAL O POVO,S,04/10/2026 05:47:24
BR007292026,BR,INSTITUTO VERITA LTDA,VERITA,00654576000172,S,2026-09-11,2026-09-12,2026-09-17,2026-09-17,1220,93940.00,3,texto,2.81,universo de eleitores aptos com 16 anos ou mais,3715,1413,INSTITUTO VERITA LTDA,INSTITUTO VERITA LTDA,N,04/10/2026 05:47:24
BR007492026,BR,100% CIDADES PARTICIPACOES LTDA,100 CIDADES,52908063000144,N,2026-09-11,2026-09-11,2026-09-17,2026-09-17,2000,160000.00,2.2,texto,2.19,,3153,454,FUTURA CONSULTORIA E ASSESSORIA LTDA / FUTURA,FUTURA CONSULTORIA E ASSESSORIA LTDA / FUTURA,S,04/10/2026 05:47:24
BR007682026,BR,NEOBE GESTAO E SERVICOS LTDA,NEOKEMP PESQUISAS,29855711000120,N,2026-09-11,2026-09-15,2026-09-17,2026-09-17,2016,50000.00,2.2,texto,2.18,Universo: Eleitores do Estado do Paraná com 16 (dezesseis) anos ou mais,3283,790,JORNAL O CORREIO DO POVO LTDA / JORNAL O CORREIO DO POVO,JORNAL O CORREIO DO POVO LTDA / JORNAL O CORREIO DO POVO,S,04/10/2026 05:47:24
BR012232026,BR,INSTITUTO VERITA LTDA,VERITA,00654576000172,S,2026-09-11,2026-09-12,2026-09-17,2026-09-17,1525,117425.00,2.5,texto,2.51,universo de eleitores aptos com 16 anos ou mais,3704,1413,INSTITUTO VERITA LTDA,INSTITUTO VERITA LTDA,N,04/10/2026 05:47:24
BR029392026,BR,INSTITUTO VERITA LTDA,VERITA,00654576000172,S,2026-09-11,2026-09-12,2026-09-17,2026-09-17,1220,93940.00,3,texto,2.81,universo de eleitores aptos com 16 anos ou mais,3709,1413,INSTITUTO VERITA LTDA,INSTITUTO VERITA LTDA,N,04/10/2026 05:47:24
BR031282026,BR,BADRA COMUNICACAO LTDA,BADRA COMUNICACAO,04209958000148,S,2026-09-12,2026-09-15,2026-09-17,2026-09-18,1060,18000.00,3,texto,3.01,"universo, ou seja, o eleitorado do Distrito Federal",2012,665,BADRA COMUNICACAO LTDA,BADRA COMUNICACAO LTDA,N,04/10/2026 05:47:24
BR032402026,BR,INSTITUTO VERITA LTDA,VERITA,00654576000172,S,2026-09-11,2026-09-12,2026-09-17,2026-09-17,2030,156310.00,2.5,texto,2.18,universo de eleitores aptos com 16 anos ou mais,3705,1413,INSTITUTO VERITA LTDA,INSTITUTO VERITA LTDA,N,04/10/2026 05:47:24
BR038222026,BR,REAL TIME MIDIA LTDA,REAL TIME BIG DATA,22345021000181,N,2026-09-12,2026-09-14,2026-09-17,2026-09-18,1600,20000.00,2,texto,2.45,,3376,387,RADIO E TELEVISAO RECORD S.A / REDE RECORD DE TELEVISAO E/OU RECORD TV,RADIO E TELEVISAO RECORD S.A / REDE RECORD DE TELEVISAO E/OU RECORD TV,S,04/10/2026 05:47:24
BR040292026,BR,DATAFOLHA INSTITUTO DE PESQUISAS LTDA.,,07630546000175,N,2026-09-11,2026-09-15,2026-09-17,2026-09-17,2002,307641.60,4,texto,2.19,Universo: Eleitorado brasileiro,2240,216,GLOBO COMUNICACAO E PARTICIPACOES S/A / TV/REDE/GLOBO.COM/CANAIS GLOBO/GLOBOPLAY/ELETROMIDIA | EMPRESA FOLHA DA MANHA S.A.,GLOBO COMUNICACAO E PARTICIPACOES S/A / TV/REDE/GLOBO.COM/CANAIS GLOBO/GLOBOPLAY/ELETROMIDIA | EMPRESA FOLHA DA MANHA S.A.,S | S,04/10/2026 05:47:24
BR062332026,BR,MT DADOS ASSESSORIA E MARKETING LTDA,MT DADOS PESQUISAS,11100635000187,S,2026-09-12,2026-09-11,2026-09-17,2026-09-18,3080,65000.00,3,texto,1.77,,1290,916,MT DADOS ASSESSORIA E MARKETING LTDA,MT DADOS ASSESSORIA E MARKETING LTDA,N,04/10/2026 05:47:24
BR067012026,BR,INSTITUTO VERITA LTDA,VERITA,00654576000172,S,2026-09-11,2026-09-12,2026-09-17,2026-09-17,1525,117425.00,2.5,texto,2.51,universo de eleitores aptos com 16 anos ou mais,3704,1413,INSTITUTO VERITA LTDA,INSTITUTO VERITA LTDA,N,04/10/2026 05:47:24
BR075042026,BR,INSTITUTO VERITA LTDA,VERITA,00654576000172,S,2026-09-11,2026-09-12,2026-09-17,2026-09-17,1525,117425.00,2.5,texto,2.51,universo de eleitores aptos com 16 anos ou mais,3708,1413,INSTITUTO VERITA LTDA,INSTITUTO VERITA LTDA,N,04/10/2026 05:47:24
BR078552026,BR,INSTITUTO VERITA LTDA,VERITA,00654576000172,S,2026-09-11,2026-09-12,2026-09-17,2026-09-17,1220,93940.00,3,texto,2.81,universo de eleitores aptos com 16 anos ou mais,3713,1413,INSTITUTO VERITA LTDA,INSTITUTO VERITA LTDA,N,04/10/2026 05:47:24
BR080612026,BR,INSTITUTO DATATRENDS LTDA,DATATRENDS,51772470000104,S,2026-09-13,2026-09-15,2026-09-17,2026-09-19,1200,15000.00,2.83,texto,2.83,universo com 16 anos ou mais e excluídos da apuração dessa variável os registros de 15 anos e de idade inválida: 16 a 24,3956,2950,INSTITUTO DATATRENDS LTDA,INSTITUTO DATATRENDS LTDA,N,04/10/2026 05:47:24
BR087282026,BR,MEDIA - INTELIGENCIA EM PESQUISA LTDA,MEDIA - INTELIGENCIA EM PESQUISA,61362466000121,N,2026-09-12,2026-09-12,2026-09-17,2026-09-18,2000,20000.00,2.2,texto,2.19,,3626,363,POTENGI COMUNICACAO LTDA,POTENGI COMUNICACAO LTDA,Recursos Próprios,04/10/2026 05:47:24
BR093772026,BR,DATAFOLHA INSTITUTO DE PESQUISAS LTDA.,,07630546000175,N,2026-09-11,2026-09-14,2026-09-17,2026-09-17,826,115326.63,5,texto,3.41,Universo: Eleitorado do estado do Piauí,2491,211,TV RADIO CLUBE DE TERESINA SA,TV RADIO CLUBE DE TERESINA SA,S,04/10/2026 05:47:24
BR098532026,BR,ERIVALDO TRINDADE DE ARAUJO,ITEM PESQUISAS TECNICAS,10307514000148,N,2026-09-13,2026-09-15,2026-09-17,2026-09-19,800,7500.00,2.46,texto,3.46,,1912,641,RADIO DIFUSORA DE MOSSORO SA / RADIO DIFUSORA,RADIO DIFUSORA DE MOSSORO SA / RADIO DIFUSORA,S,04/10/2026 05:47:24
BR018392026,BR,INSTITUTO VERITA LTDA,VERITA,00654576000172,S,2026-09-12,2026-09-13,2026-09-18,2026-09-18,2010,154770.00,2.5,texto,2.19,universo de eleitores aptos com 16 anos ou mais,3707,1413,INSTITUTO VERITA LTDA,INSTITUTO VERITA LTDA,N,04/10/2026 05:47:24
BR020322026,BR,INSTITUTO VERITA LTDA,VERITA,00654576000172,S,2026-09-12,2026-09-13,2026-09-18,2026-09-18,40500,200000.00,2,texto,0.49,universo de eleitores aptos com 16 anos ou mais,3913,1413,INSTITUTO VERITA LTDA,INSTITUTO VERITA LTDA,N,04/10/2026 05:47:24
BR023992026,BR,INSTITUTO VERITA LTDA,VERITA,00654576000172,S,2026-09-12,2026-09-13,2026-09-18,2026-09-18,1220,93940.00,3,texto,2.81,universo de eleitores aptos com 16 anos ou mais,3714,1413,INSTITUTO VERITA LTDA,INSTITUTO VERITA LTDA,N,04/10/2026 05:47:24
BR026982026,BR,INSTITUTO VERITA LTDA,VERITA,00654576000172,S,2026-09-12,2026-09-13,2026-09-18,2026-09-18,2030,156310.00,2.5,texto,2.18,universo de eleitores aptos com 16 anos ou mais,3717,1413,INSTITUTO VERITA LTDA,INSTITUTO VERITA LTDA,N,04/10/2026 05:47:24
BR031422026,BR,E P P EMPRESA DE PESQUISA E CONSULTORIA LTDA,E P P,01403730000104,N,2026-09-24,2026-09-12,2026-09-18,2026-09-30,2003,20000.00,2.19,texto,2.19,"universo territorial da pesquisa é constituído pelo eleitorado dos 19 Município da Região do Araguaia/MT, totalizando 22",1645,429,NORTE ARAGUAIA COMUNICACOES LTDA / ARAGUAIA COMUNICACOES,NORTE ARAGUAIA COMUNICACOES LTDA / ARAGUAIA COMUNICACOES,S,04/10/2026 05:47:24
BR040862026,BR,BRASMARKET ANALISE E INVESTIGACAO DE MERCADO LTDA,BRASMARKET,49875610000128,N,2026-09-15,2026-09-17,2026-09-18,2026-09-21,1200,35000.00,2.84,texto,2.83,"Universo: eleitores com 16 anos ou mais, aptos a votar no Estado do Rio Grande do Sul, conforme dados do Tribunal Superi",2781,294,PORTO ALEGRE SERVICOS DIGITAIS LTDA / PORTO ALEGRE DIGITAL,PORTO ALEGRE SERVICOS DIGITAIS LTDA / PORTO ALEGRE DIGITAL,S,04/10/2026 05:47:24
BR053602026,BR,STUDIO PESQUISAS E CONSULTORIA LTDA.,STUDIO PESQUISAS,72113046000128,N,2026-09-14,2026-09-15,2026-09-18,2026-09-20,960,50000.00,3.1,texto,3.16,,3035,1182,TV PORTO ALEGRE 24 HORAS COMUNICACOES LTDA,TV PORTO ALEGRE 24 HORAS COMUNICACOES LTDA,S,04/10/2026 05:47:24
BR064262026,BR,RANKING BRASIL INTELIGENCIA LTDA,RANKING BRASIL INTELIGENCIA,49860741000131,N,2026-09-13,2026-09-14,2026-09-18,2026-09-19,2000,20000.00,2.2,texto,2.19,,3841,303,RADIO FM D A LTDA / RADIO FM D.A.,RADIO FM D A LTDA / RADIO FM D.A.,S,04/10/2026 05:47:24
BR065992026,BR,CASA BRASIL EDITORES DE JORNAIS E REVISTAS LTDA,CASA BRASIL,07318001000128,N,2026-09-16,2026-09-17,2026-09-18,2026-09-22,250,1250.00,,ausente,6.20,,1243,1049,JORNAL DO POVO LTDA,JORNAL DO POVO LTDA,S,04/10/2026 05:47:24
BR070592026,BR,INSTITUTO VERITA LTDA,VERITA,00654576000172,S,2026-09-12,2026-09-13,2026-09-18,2026-09-18,1220,93940.00,3,texto,2.81,universo de eleitores aptos com 16 anos ou mais,3700,1413,INSTITUTO VERITA LTDA,INSTITUTO VERITA LTDA,N,04/10/2026 05:47:24
BR078022026,BR,INSTITUTO VERITA LTDA,VERITA,00654576000172,S,2026-09-12,2026-09-13,2026-09-18,2026-09-18,2010,154770.00,2.5,texto,2.19,universo de eleitores aptos com 16 anos ou mais,3713,1413,INSTITUTO VERITA LTDA,INSTITUTO VERITA LTDA,N,04/10/2026 05:47:24
BR083022026,BR,PERCENT PESQUISA DE MERCADO E OPINIAO LTDA,PERCENT PESQUISA DE MERCADO E OPINIAO,10544202000158,S,2026-09-21,2026-09-15,2026-09-18,2026-09-27,600,12000.00,4,texto,4.00,,1792,537,PERCENT PESQUISA DE MERCADO E OPINIAO LTDA,PERCENT PESQUISA DE MERCADO E OPINIAO LTDA,N,04/10/2026 05:47:24
BR087342026,BR,INSTITUTO VERITA LTDA,VERITA,00654576000172,S,2026-09-12,2026-09-13,2026-09-18,2026-09-18,1220,93940.00,3,texto,2.81,universo de eleitores aptos com 16 anos ou mais,3702,1413,INSTITUTO VERITA LTDA,INSTITUTO VERITA LTDA,N,04/10/2026 05:47:24
BR005102026,BR,V. C. H. A. SERVICOS LTDA.,VERITATE,05255333000185,N,2026-09-15,2026-09-14,2026-09-19,2026-09-21,1400,60000.00,2.5,texto,2.62,Universo: População do Estado do Pará com idade a partir de 16 anos,3476,541,A R CAMPOS DE SOUZA / BLOG DO JK,A R CAMPOS DE SOUZA / BLOG DO JK,S,04/10/2026 05:47:24
BR008132026,BR,"ECM - EDICAO, COMUNICACAO & MARKETING LTDA",ECM-PESQUISAS,35851783000100,N,2026-09-15,2026-09-16,2026-09-19,2026-09-21,1500,30000.00,2.53,texto,2.53,,2088,445,REDE RIO FM LTDA / REDE RIO FM,REDE RIO FM LTDA / REDE RIO FM,S,04/10/2026 05:47:24
BR012122026,BR,INSTITUTO VERITA LTDA,VERITA,00654576000172,S,2026-09-13,2026-09-14,2026-09-19,2026-09-19,1220,93940.00,3,texto,2.81,universo de eleitores aptos com 16 anos ou mais,3706,1413,INSTITUTO VERITA LTDA,INSTITUTO VERITA LTDA,N,04/10/2026 05:47:24
BR015312026,BR,REAL TIME MIDIA LTDA,REAL TIME BIG DATA,22345021000181,S,2026-09-15,2026-09-16,2026-09-19,2026-09-21,2000,20000.00,2,texto,2.19,,3388,394,REAL TIME MIDIA LTDA,REAL TIME MIDIA LTDA,N,04/10/2026 05:47:24
BR016202026,BR,REAL TIME MIDIA LTDA,REAL TIME BIG DATA,22345021000181,S,2026-09-15,2026-09-16,2026-09-19,2026-09-21,1600,20000.00,2,texto,2.45,,3385,386,REAL TIME MIDIA LTDA,REAL TIME MIDIA LTDA,N,04/10/2026 05:47:24
BR044702026,BR,INSTITUTO VERITA LTDA,VERITA,00654576000172,S,2026-09-13,2026-09-14,2026-09-19,2026-09-19,3025,232925.00,2,texto,1.78,universo de eleitores aptos com 16 anos ou mais,3702,1413,INSTITUTO VERITA LTDA,INSTITUTO VERITA LTDA,N,04/10/2026 05:47:24
BR051692026,BR,FABIO MARCELO DE MORAIS BATISTA,CONSULTE INTELIGENCIA E MERCADO,22889875000129,N,2026-09-20,2026-09-17,2026-09-19,2026-09-26,1000,12000.00,3.09,texto,3.10,,1618,289,CONECTA PIAUI PRODUTORA E COMUNICACAO LTDA / CONECTA PIAUI PORTAL E PRODUTORA,CONECTA PIAUI PRODUTORA E COMUNICACAO LTDA / CONECTA PIAUI PORTAL E PRODUTORA,S,04/10/2026 05:47:24
BR052392026,BR,A. F. BARBOSA & CIA. LTDA - ME,INSTITUTO DE PESQUISA RESULTADO IPR,06270812000133,N,2026-09-15,2026-09-15,2026-09-19,2026-09-21,784,12500.00,3.5,texto,3.50,Universo: Eleitores dos municípios de maior eleitorado de Mato Grosso do Sul dentro das 12 Regiões Imediatas referenciad,2618,1710,CORREIO DO ESTADO LTDA,CORREIO DO ESTADO LTDA,S,04/10/2026 05:47:24
BR058832026,BR,F5 ATUALIZA DADOS LTDA,F5 ATUALIZA DADOS,24089028000105,N,2026-09-16,2026-09-17,2026-09-19,2026-09-22,782,6500.00,3.5,texto,3.50,"universo, conforme os dados disponibilizados nos sites do TSE e do IBGE, considerando as variáveis sexo, faixa etária, g",1189,217,TV TIRADENTES LTDA,TV TIRADENTES LTDA,S,04/10/2026 05:47:24
BR069832026,BR,INSTITUTO VERITA LTDA,VERITA,00654576000172,S,2026-09-13,2026-09-14,2026-09-19,2026-09-19,2020,155540.00,2.5,texto,2.18,universo de eleitores aptos com 16 anos ou mais,3718,1413,INSTITUTO VERITA LTDA,INSTITUTO VERITA LTDA,N,04/10/2026 05:47:24
BR072422026,BR,INSTITUTO VERITA LTDA,VERITA,00654576000172,S,2026-09-13,2026-09-14,2026-09-19,2026-09-19,1030,79310.00,3.5,texto,3.05,universo de eleitores aptos com 16 anos ou mais,3708,1413,INSTITUTO VERITA LTDA,INSTITUTO VERITA LTDA,N,04/10/2026 05:47:24
BR074032026,BR,F. FACANHA DE ALMEIDA,DELTA AGENCIA DE PESQUISA,08984712000102,N,2026-09-14,2026-09-14,2026-09-19,2026-09-20,1201,30000.00,3,texto,2.83,universo pesquisa é o mesmo daquele encontrado na amostra não sendo necessário nenhum tipo de ponderação,1453,357,W.D COMERCIO E SERVICOS LTDA / W.D EMPREENDIMENTOS,W.D COMERCIO E SERVICOS LTDA / W.D EMPREENDIMENTOS,S,04/10/2026 05:47:24
BR079232026,BR,INSTITUTO VERITA LTDA,VERITA,00654576000172,S,2026-09-13,2026-09-14,2026-09-19,2026-09-19,1220,93940.00,3,texto,2.81,universo de eleitores aptos com 16 anos ou mais,3709,1413,INSTITUTO VERITA LTDA,INSTITUTO VERITA LTDA,N,04/10/2026 05:47:24
BR087622026,BR,INSTITUTO GAZETA LTDA,IGAPE- INSTITUTO GAZETA DE PEQUISAS,04851508000154,N,2026-09-15,2026-09-14,2026-09-19,2026-09-21,2000,15000.00,2.2,texto,2.19,"universo da pesquisa é composto por eleitores de Goiás, com idade a partir de 16 anos",1020,280,TV ATUAL LTDA / TV ATUAL,TV ATUAL LTDA / TV ATUAL,S,04/10/2026 05:47:24
BR093222026,BR,INSTITUTO VERITA LTDA,VERITA,00654576000172,S,2026-09-13,2026-09-14,2026-09-19,2026-09-19,1525,117425.00,2.5,texto,2.51,universo de eleitores aptos com 16 anos ou mais,3718,1413,INSTITUTO VERITA LTDA,INSTITUTO VERITA LTDA,N,04/10/2026 05:47:24
BR097022026,BR,REAL TIME MIDIA LTDA,REAL TIME BIG DATA,22345021000181,S,2026-09-15,2026-09-16,2026-09-19,2026-09-21,2000,30000.00,2,texto,2.19,,3387,391,REAL TIME MIDIA LTDA,REAL TIME MIDIA LTDA,N,04/10/2026 05:47:24
BR099462026,BR,INSTITUTO VERITA LTDA,VERITA,00654576000172,S,2026-09-13,2026-09-14,2026-09-19,2026-09-19,1220,93940.00,3,texto,2.81,universo de eleitores aptos com 16 anos ou mais,3710,1413,INSTITUTO VERITA LTDA,INSTITUTO VERITA LTDA,N,04/10/2026 05:47:24
BR004852026,BR,NEXUS PESQUISA E INTELIGENCIA DE DADOS LTDA,NEXUS,11077560000160,N,2026-09-15,2026-09-18,2026-09-20,2026-09-21,2000,164888.89,2,texto,2.19,,1812,474,BANCO BTG PACTUAL S.A.,BANCO BTG PACTUAL S.A.,S,04/10/2026 05:47:24
BR008602026,BR,PALVER CONSULTORIA E DESENVOLVIMENTO TECNOLOGICO LTDA.,PALVER,41522141000151,S,2026-09-14,2026-09-15,2026-09-20,2026-09-20,5000,30000.00,4,texto,1.39,,2562,549,PALVER CONSULTORIA E DESENVOLVIMENTO TECNOLOGICO LTDA.,PALVER CONSULTORIA E DESENVOLVIMENTO TECNOLOGICO LTDA.,N,04/10/2026 05:47:24
BR016222026,BR,ATLASINTEL TECNOLOGIA DE DADOS LTDA,ATLASINTEL,19259002000128,S,2026-09-15,2026-09-15,2026-09-20,2026-09-21,1800,75000.00,2,texto,2.31,,1068,173,ATLASINTEL TECNOLOGIA DE DADOS LTDA,ATLASINTEL TECNOLOGIA DE DADOS LTDA,N,04/10/2026 05:47:24
BR018162026,BR,ATLASINTEL TECNOLOGIA DE DADOS LTDA,ATLASINTEL,19259002000128,S,2026-09-15,2026-09-15,2026-09-20,2026-09-21,1800,75000.00,2,texto,2.31,,1069,176,ATLASINTEL TECNOLOGIA DE DADOS LTDA,ATLASINTEL TECNOLOGIA DE DADOS LTDA,N,04/10/2026 05:47:24
BR018762026,BR,IPC - INSTITUTO DE PESQUISA CATARINENSE LTDA,IPC - INSTITUTO DE PESQUISA,09256171000150,N,2026-09-16,2026-09-17,2026-09-20,2026-09-22,1050,55000.00,3,texto,3.02,,3839,517,ASSOCIACAO CATARINENSE DE JORNAIS / ASSOCIACAO CATARINENSE DE JORNAIS,ASSOCIACAO CATARINENSE DE JORNAIS / ASSOCIACAO CATARINENSE DE JORNAIS,S,04/10/2026 05:47:24
BR023452026,BR,DATA CAPITAL PESQUISAS E CONSULTORIA LTDA,DATA CAPITAL PESQUISAS E CONSULTORIA,67147202000131,N,2026-09-17,2026-09-18,2026-09-20,2026-09-23,1500,15000.00,,ausente,2.53,,3593,438,SPN SISTEMA POTIGUAR DE NOTICIAS LTDA / SISTEMA POTIGUAR DE NOTICIAS SPN,SPN SISTEMA POTIGUAR DE NOTICIAS LTDA / SISTEMA POTIGUAR DE NOTICIAS SPN,S,04/10/2026 05:47:24
BR025872026,BR,AMERICAN ANALYTICS DO BRASIL CONSULTORIA LTDA,AMERICAN ANALYTICS,34972238000109,N,2026-09-15,2026-09-15,2026-09-20,2026-09-21,2000,50000.00,2.2,texto,2.19,,2968,162,TIMES BRASIL MEDIA LTDA,TIMES BRASIL MEDIA LTDA,Recursos Próprios,04/10/2026 05:47:24
BR054932026,BR,ATLASINTEL TECNOLOGIA DE DADOS LTDA,ATLASINTEL,19259002000128,N,2026-09-15,2026-09-15,2026-09-20,2026-09-21,1800,55000.00,2,texto,2.31,,1058,164,FOCUS COMUNICACAO E MIDIA LTDA,FOCUS COMUNICACAO E MIDIA LTDA,S,04/10/2026 05:47:24
BR060042026,BR,"QUAEST PESQUISAS, CONSULTORIA E PROJETOS LTDA.",,22445600000104,N,2026-09-15,2026-09-17,2026-09-20,2026-09-21,2004,314628.00,2,texto,2.19,,2968,570,EDITORA GLOBO S/A / EDITORA GLOBO | GLOBO COMUNICACAO E PARTICIPACOES S/A / TV/REDE/GLOBO.COM/CANAIS GLOBO/GLOBOPLAY/ELETROMIDIA,EDITORA GLOBO S/A / EDITORA GLOBO | GLOBO COMUNICACAO E PARTICIPACOES S/A / TV/REDE/GLOBO.COM/CANAIS GLOBO/GLOBOPLAY/ELETROMIDIA,S | S,04/10/2026 05:47:24
BR069962026,BR,ATLASINTEL TECNOLOGIA DE DADOS LTDA,ATLASINTEL,19259002000128,S,2026-09-15,2026-09-15,2026-09-20,2026-09-21,1800,75000.00,2,texto,2.31,,1066,171,ATLASINTEL TECNOLOGIA DE DADOS LTDA,ATLASINTEL TECNOLOGIA DE DADOS LTDA,N,04/10/2026 05:47:24
BR079502026,BR,IPP - INSTITUTO PITAGORAS DE PESQUISAS LTDA,,42555570000198,N,2026-09-15,2026-09-16,2026-09-20,2026-09-21,1200,20000.00,2.83,texto,2.83,,3414,2932,VIA CERTA NATAL COMUNICACAO DIGITAL LTDA / VIA CERTA NATAL,VIA CERTA NATAL COMUNICACAO DIGITAL LTDA / VIA CERTA NATAL,S,04/10/2026 05:47:24
BR080122026,BR,CAMARA DE DIRIGENTES LOJISTAS DE ARACAJU,C.D.L.,13045935000136,S,2026-09-18,2026-09-13,2026-09-20,2026-09-24,19000,18000.00,1,texto,0.71,"Universo: eleitoras e eleitores aptos do estado de Sergipe, num total de 1",3958,2329,CAMARA DE DIRIGENTES LOJISTAS DE ARACAJU,CAMARA DE DIRIGENTES LOJISTAS DE ARACAJU,N,04/10/2026 05:47:24
BR084372026,BR,ATLASINTEL TECNOLOGIA DE DADOS LTDA,ATLASINTEL,19259002000128,S,2026-09-15,2026-09-15,2026-09-20,2026-09-21,1800,75000.00,2,texto,2.31,,1062,168,ATLASINTEL TECNOLOGIA DE DADOS LTDA,ATLASINTEL TECNOLOGIA DE DADOS LTDA,N,04/10/2026 05:47:24
BR089022026,BR,RUMO - PESQUISAS E MARKETING LTDA,RUMO PESQUISAS,54082718000101,N,2026-09-15,2026-09-18,2026-09-20,2026-09-21,2100,50000.00,2.1,texto,2.14,,3395,3056,RADIO COLON LTDA / RADIO COLON,RADIO COLON LTDA / RADIO COLON,S,04/10/2026 05:47:24
BR092562026,BR,ATLASINTEL TECNOLOGIA DE DADOS LTDA,ATLASINTEL,19259002000128,S,2026-09-15,2026-09-15,2026-09-20,2026-09-21,1800,75000.00,2,texto,2.31,,1064,169,ATLASINTEL TECNOLOGIA DE DADOS LTDA,ATLASINTEL TECNOLOGIA DE DADOS LTDA,N,04/10/2026 05:47:24
BR037082026,BR,REAL TIME MIDIA LTDA,REAL TIME BIG DATA,22345021000181,S,2026-09-16,2026-09-17,2026-09-21,2026-09-22,1600,40000.00,2,texto,2.45,,3385,389,REAL TIME MIDIA LTDA,REAL TIME MIDIA LTDA,N,04/10/2026 05:47:24
BR044912026,BR,100% CIDADES PARTICIPACOES LTDA,100 CIDADES,52908063000144,N,2026-09-15,2026-09-16,2026-09-21,2026-09-21,1000,63400.00,3.1,texto,3.10,,2843,462,POLITICA LIVRE COMUNICACAO LTDA / POLITICA LIVRE,POLITICA LIVRE COMUNICACAO LTDA / POLITICA LIVRE,S,04/10/2026 05:47:24
BR046522026,BR,REAL TIME MIDIA LTDA,REAL TIME BIG DATA,22345021000181,S,2026-09-16,2026-09-17,2026-09-21,2026-09-22,1600,20000.00,2,texto,2.45,,3385,387,REAL TIME MIDIA LTDA,REAL TIME MIDIA LTDA,N,04/10/2026 05:47:24
BR080322026,BR,INSTITUTO DATATRENDS LTDA,DATATRENDS,51772470000104,S,2026-09-17,2026-09-19,2026-09-21,2026-09-23,1200,15000.00,2.83,texto,2.83,universo com 16 anos ou mais e excluídos da apuração dessa variável os registros de 15 anos e de idade inválida: 16 a 24,3875,2941,INSTITUTO DATATRENDS LTDA,INSTITUTO DATATRENDS LTDA,N,04/10/2026 05:47:24
BR099902026,BR,"QUAEST PESQUISAS, CONSULTORIA E PROJETOS LTDA.",,22445600000104,N,2026-09-16,2026-09-18,2026-09-21,2026-09-22,804,97887.00,3,texto,3.46,,2967,581,TELEVISAO CABO BRANCO LTDA / TV CABO BRANCO | TELEVISAO PARAIBA LTDA / TV PARAIBA,TELEVISAO CABO BRANCO LTDA / TV CABO BRANCO | TELEVISAO PARAIBA LTDA / TV PARAIBA,S | S,04/10/2026 05:47:24
BR001642026,BR,INSITITUTO ARA DE PESQUISA LTDA,A. R. PUBLICIDADE E PESQUISA,09334545000109,S,2026-09-21,2026-09-21,2026-09-22,2026-09-27,1200,12000.00,2.9,texto,2.83,"universo eleitoral considerado para a pesquisa, de modo a preservar a representatividade territorial do conjunto da Regi",3873,2445,INSITITUTO ARA DE PESQUISA LTDA,INSITITUTO ARA DE PESQUISA LTDA,N,04/10/2026 05:47:24
BR007812026,BR,"QUAEST PESQUISAS, CONSULTORIA E PROJETOS LTDA.",,22445600000104,N,2026-09-17,2026-09-19,2026-09-22,2026-09-23,804,117384.00,3,texto,3.46,,2967,583,CENTRO NORTE DE COMUNICACAO LTDA / TV ANHANGUERA,CENTRO NORTE DE COMUNICACAO LTDA / TV ANHANGUERA,S,04/10/2026 05:47:24
BR019142026,BR,ERIVALDO TRINDADE DE ARAUJO,ITEM PESQUISAS TECNICAS,10307514000148,N,2026-09-17,2026-09-19,2026-09-22,2026-09-23,1250,15000.00,2.77,texto,2.77,,1878,630,RADIO DIFUSORA DE MOSSORO SA / RADIO DIFUSORA,RADIO DIFUSORA DE MOSSORO SA / RADIO DIFUSORA,S,04/10/2026 05:47:24
BR031842026,BR,"QUAEST PESQUISAS, CONSULTORIA E PROJETOS LTDA.",,22445600000104,N,2026-09-17,2026-09-19,2026-09-22,2026-09-23,900,112140.00,3,texto,3.27,,2967,579,TELEVISAO VERDES MARES LTDA,TELEVISAO VERDES MARES LTDA,S,04/10/2026 05:47:24
BR036092026,BR,"QUAEST PESQUISAS, CONSULTORIA E PROJETOS LTDA.",,22445600000104,N,2026-09-17,2026-09-19,2026-09-22,2026-09-23,1104,128064.00,3,texto,2.95,,2706,580,GLOBO COMUNICACAO E PARTICIPACOES S/A / TV/REDE/GLOBO.COM/CANAIS GLOBO/GLOBOPLAY/ELETROMIDIA,GLOBO COMUNICACAO E PARTICIPACOES S/A / TV/REDE/GLOBO.COM/CANAIS GLOBO/GLOBOPLAY/ELETROMIDIA,S,04/10/2026 05:47:24
BR047392026,BR,ATLASINTEL TECNOLOGIA DE DADOS LTDA,ATLASINTEL,19259002000128,S,2026-09-17,2026-09-17,2026-09-22,2026-09-23,5000,75000.00,1,texto,1.39,,1060,165,ATLASINTEL TECNOLOGIA DE DADOS LTDA,ATLASINTEL TECNOLOGIA DE DADOS LTDA,N,04/10/2026 05:47:24
BR050032026,BR,FALPE PESQUISAS S/S LTDA,PALPE PESQUISAS,12282147000109,N,2026-09-21,2026-09-13,2026-09-22,2026-09-27,5000,50000.00,1.39,texto,1.39,"universo da pesquisa é composto pelos eleitores do estado de Alagoas, com 16 anos ou mais",1355,1204,MOVIMENTO DEMOCRATICO BRASILEIRO - ALAGOAS - AL - ESTADUAL / MDB ALAGOAS,MOVIMENTO DEMOCRATICO BRASILEIRO - ALAGOAS - AL - ESTADUAL / MDB ALAGOAS,S,04/10/2026 05:47:24
BR052552026,BR,COLECTTA INSTITUTO DE PESQUISA E ESTATISTICA LTDA,,53568314000151,N,2026-09-19,2026-09-19,2026-09-22,2026-09-25,1800,148320.00,2.3,texto,2.31,,2210,696,EDITORA BRAZIL ECONOMY LTDA,EDITORA BRAZIL ECONOMY LTDA,S,04/10/2026 05:47:24
BR074362026,BR,M B BARROS CONSULTORIA LTDA - ME,INSTITUTO DATASENSUS,17159578000198,N,2026-09-18,2026-09-21,2026-09-22,2026-09-24,800,30000.00,13.3,texto,3.46,"Universo: Eleitores com 16 anos ou mais, do estado de Sergipe",2207,277,DANIEL ALFANO SANTOS LTDA / ALLFA - COMUNICACAO INTEGRADA,DANIEL ALFANO SANTOS LTDA / ALLFA - COMUNICACAO INTEGRADA,S,04/10/2026 05:47:24
BR076642026,BR,"QUAEST PESQUISAS, CONSULTORIA E PROJETOS LTDA.",,22445600000104,N,2026-09-17,2026-09-19,2026-09-22,2026-09-23,1506,212346.00,3,texto,2.53,,2968,586,GLOBO COMUNICACAO E PARTICIPACOES S/A / TV/REDE/GLOBO.COM/CANAIS GLOBO/GLOBOPLAY/ELETROMIDIA,GLOBO COMUNICACAO E PARTICIPACOES S/A / TV/REDE/GLOBO.COM/CANAIS GLOBO/GLOBOPLAY/ELETROMIDIA,S,04/10/2026 05:47:24
BR078182026,BR,"QUAEST PESQUISAS, CONSULTORIA E PROJETOS LTDA.",,22445600000104,N,2026-09-17,2026-09-19,2026-09-22,2026-09-23,1302,173166.00,3,texto,2.72,,2968,584,GLOBO COMUNICACAO E PARTICIPACOES S/A / TV/REDE/GLOBO.COM/CANAIS GLOBO/GLOBOPLAY/ELETROMIDIA,GLOBO COMUNICACAO E PARTICIPACOES S/A / TV/REDE/GLOBO.COM/CANAIS GLOBO/GLOBOPLAY/ELETROMIDIA,S,04/10/2026 05:47:24
BR085192026,BR,"QUAEST PESQUISAS, CONSULTORIA E PROJETOS LTDA.",,22445600000104,N,2026-09-17,2026-09-19,2026-09-22,2026-09-23,1302,158844.00,3,texto,2.72,,2968,588,GLOBO COMUNICACAO E PARTICIPACOES S/A / TV/REDE/GLOBO.COM/CANAIS GLOBO/GLOBOPLAY/ELETROMIDIA,GLOBO COMUNICACAO E PARTICIPACOES S/A / TV/REDE/GLOBO.COM/CANAIS GLOBO/GLOBOPLAY/ELETROMIDIA,S,04/10/2026 05:47:24
BR088862026,BR,"QUAEST PESQUISAS, CONSULTORIA E PROJETOS LTDA.",,22445600000104,N,2026-09-17,2026-09-19,2026-09-22,2026-09-23,1800,216900.00,2,texto,2.31,,2968,583,GLOBO COMUNICACAO E PARTICIPACOES S/A / TV/REDE/GLOBO.COM/CANAIS GLOBO/GLOBOPLAY/ELETROMIDIA,GLOBO COMUNICACAO E PARTICIPACOES S/A / TV/REDE/GLOBO.COM/CANAIS GLOBO/GLOBOPLAY/ELETROMIDIA,S,04/10/2026 05:47:24
BR094202026,BR,ANOVA - INOVACAO E INTELIGENCIA EM PESQUISAS LTDA,ANOVA INSTITUTO DE PESQUISA,10956929000142,N,2026-09-17,2026-09-20,2026-09-22,2026-09-23,2000,20000.00,2.2,texto,2.19,,3852,241,PB AGORA SERVICOS DE INTERNET E COMUNICACOES LTDA / PB AGORA,PB AGORA SERVICOS DE INTERNET E COMUNICACOES LTDA / PB AGORA,S,04/10/2026 05:47:24
BR008462026,BR,"PODERDATA PESQUISA, JORNALISMO E COMUNICACAO LTDA",PODERDATA,29550908000150,N,2026-09-18,2026-09-20,2026-09-23,2026-09-24,1200,75815.00,2.8,texto,2.83,Universo: eleitoras e eleitores com 16 anos de idade ou mais do Estado do Amazonas,2992,226,REALTIMEAM PORTAL DE NOTICIAS LTDA / REALTIMEAM,REALTIMEAM PORTAL DE NOTICIAS LTDA / REALTIMEAM,S,04/10/2026 05:47:24
BR014222026,BR,"QUAEST PESQUISAS, CONSULTORIA E PROJETOS LTDA.",,22445600000104,N,2026-09-18,2026-09-20,2026-09-23,2026-09-24,804,80400.00,3,texto,3.46,,2967,581,RADIO TELEVISAO DE SERGIPE LTDA / TV SERGIPE,RADIO TELEVISAO DE SERGIPE LTDA / TV SERGIPE,S,04/10/2026 05:47:24
BR017392026,BR,"PODERDATA PESQUISA, JORNALISMO E COMUNICACAO LTDA",PODERDATA,29550908000150,S,2026-09-18,2026-09-20,2026-09-23,2026-09-24,3000,103715.00,2,texto,1.79,Universo: eleitoras e eleitores com 16 anos de idade ou mais,3583,226,"PODERDATA PESQUISA, JORNALISMO E COMUNICACAO LTDA","PODERDATA PESQUISA, JORNALISMO E COMUNICACAO LTDA",N,04/10/2026 05:47:24
BR025122026,BR,ALFA INTELIGENCIA E SERVICOS DE SOFTWARE E OPINIAO S/A,ALFA INTELIGENCIA,22400349000153,N,2026-09-18,2026-09-18,2026-09-23,2026-09-24,2700,280800.00,1.8,texto,1.89,,3118,189,RADIO TRANSAMERICA DE SAO PAULO LTDA,RADIO TRANSAMERICA DE SAO PAULO LTDA,S,04/10/2026 05:47:24
BR032602026,BR,"QUAEST PESQUISAS, CONSULTORIA E PROJETOS LTDA.",,22445600000104,N,2026-09-18,2026-09-20,2026-09-23,2026-09-24,900,141660.00,3,texto,3.27,,2967,591,RBS PARTICIPACOES S A / TELEVISAO GAUCHA S.A.,RBS PARTICIPACOES S A / TELEVISAO GAUCHA S.A.,S,04/10/2026 05:47:24
BR035352026,BR,E P P EMPRESA DE PESQUISA E CONSULTORIA LTDA,E P P,01403730000104,N,2026-09-26,2026-09-22,2026-09-23,2026-10-02,566,10000.00,4.11,texto,4.12,universo pesquisado (ou população de estudo) é o eleitorado do Município de Planaltina /GO com total de 66,1625,348,pessoa_fisica,pessoa_fisica,S,04/10/2026 05:47:24
BR035932026,BR,PNH PESQUISA DE MERCADO E OPINIAO PUBLICA LTDA.,AFFARE INSTITUTE,47683946000163,N,2026-09-19,2026-09-20,2026-09-23,2026-09-25,1000,15000.00,3.8,texto,3.10,"Universo: eleitorado apto do Rio Grande do Norte, 2",3393,2844,BG MIDIAS E ASSESSORIA DIGITAL LTDA / BG MIDIAS,BG MIDIAS E ASSESSORIA DIGITAL LTDA / BG MIDIAS,S,04/10/2026 05:47:24
BR038642026,BR,"QUAEST PESQUISAS, CONSULTORIA E PROJETOS LTDA.",,22445600000104,N,2026-09-18,2026-09-20,2026-09-23,2026-09-24,804,99093.00,3,texto,3.46,,2967,579,TELEVISAO ANHANGUERA S/A,TELEVISAO ANHANGUERA S/A,S,04/10/2026 05:47:24
BR039612026,BR,"QUAEST PESQUISAS, CONSULTORIA E PROJETOS LTDA.",,22445600000104,N,2026-09-18,2026-09-20,2026-09-23,2026-09-24,900,130770.00,3,texto,3.27,,2967,579,TELEVISAO BAHIA S.A. / TV BAHIA,TELEVISAO BAHIA S.A. / TV BAHIA,S,04/10/2026 05:47:24
BR042022026,BR,REAL TIME MIDIA LTDA,REAL TIME BIG DATA,22345021000181,S,2026-09-18,2026-09-19,2026-09-23,2026-09-24,2000,30000.00,2,texto,2.19,,3354,373,REAL TIME MIDIA LTDA,REAL TIME MIDIA LTDA,N,04/10/2026 05:47:24
BR042032026,BR,"JS PORTAIS, COMUNICACAO E PUBLICIDADE LTDA",INSTITUTO GP1 DE PESQUISA,26269731000120,N,2026-09-18,2026-09-21,2026-09-23,2026-09-24,1200,45000.00,2.83,texto,2.83,,1482,258,J C S HOLANDA  LTDA / JC COMUNICACAO,J C S HOLANDA  LTDA / JC COMUNICACAO,S,04/10/2026 05:47:24
BR042942026,BR,EXATUS CONSULTORIA E PESQUISA LTDA,EXATUS CONSULTORIA E PESQUISA,36443750000185,N,2026-09-18,2026-09-21,2026-09-23,2026-09-24,1500,30000.00,2.53,texto,2.53,"universo com 16 anos ou mais e excluídos os registros de 15 anos e idade inválida: 16 a 24 anos, 12,9%; 25 a 34 anos, 19",3675,1221,A DE O VIANA EDITORA E COMUNICACAO LTDA / GRUPO AGORA RN,A DE O VIANA EDITORA E COMUNICACAO LTDA / GRUPO AGORA RN,S,04/10/2026 05:47:24
BR046072026,BR,"QUAEST PESQUISAS, CONSULTORIA E PROJETOS LTDA.",,22445600000104,N,2026-09-18,2026-09-20,2026-09-23,2026-09-24,804,104319.00,3,texto,3.46,,2967,580,"SOCIEDADE RADIO EMISSORA PARANAENSE SA / TV PARANAENSE, REDE PARANAENSE","SOCIEDADE RADIO EMISSORA PARANAENSE SA / TV PARANAENSE, REDE PARANAENSE",S,04/10/2026 05:47:24
BR048062026,BR,"QUAEST PESQUISAS, CONSULTORIA E PROJETOS LTDA.",,22445600000104,N,2026-09-18,2026-09-20,2026-09-23,2026-09-24,804,128841.00,3,texto,3.46,,2967,579,RADIO TV DO AMAZONAS LTDA / REDE AMAZONICA RADIO E TELEVISAO,RADIO TV DO AMAZONAS LTDA / REDE AMAZONICA RADIO E TELEVISAO,S,04/10/2026 05:47:24
BR065112026,BR,"QUAEST PESQUISAS, CONSULTORIA E PROJETOS LTDA.",,22445600000104,N,2026-09-18,2026-09-20,2026-09-23,2026-09-24,804,131253.00,3,texto,3.46,,2967,582,RADIO TV DO AMAZONAS LTDA / REDE AMAZONICA RADIO E TELEVISAO,RADIO TV DO AMAZONAS LTDA / REDE AMAZONICA RADIO E TELEVISAO,S,04/10/2026 05:47:24
BR065712026,BR,SECTRAL SERVICOS E COMERCIO EM GERAL LTDA,SECTRAL NEGOCIOS,32898151000103,N,2026-09-18,2026-09-19,2026-09-23,2026-09-24,1100,11000.00,2.95,texto,2.95,universo,2817,1029,MVR2 EMPREENDIMENTOS LTDA,MVR2 EMPREENDIMENTOS LTDA,S,04/10/2026 05:47:24
BR081012026,BR,"QUAEST PESQUISAS, CONSULTORIA E PROJETOS LTDA.",,22445600000104,N,2026-09-18,2026-09-20,2026-09-23,2026-09-24,804,124620.00,3,texto,3.46,,2967,582,RADIO TV DO AMAZONAS LTDA / REDE AMAZONICA RADIO E TELEVISAO,RADIO TV DO AMAZONAS LTDA / REDE AMAZONICA RADIO E TELEVISAO,S,04/10/2026 05:47:24
BR081512026,BR,INSTITUTO ALVES LIMA - INTELIGENCIA EM PESQUISAS SOCIAIS E CONSULTORIA ESTRATEGICA LTDA,INSTITUTO ALVES LIMA,52302483000182,N,2026-09-18,2026-09-16,2026-09-23,2026-09-24,1500,80000.00,2.6,texto,2.53,universo infinito (acima de 100,1848,841,SISTEMA MINEIRO DE COMUNICACAO LTDA,SISTEMA MINEIRO DE COMUNICACAO LTDA,S,04/10/2026 05:47:24
BR085172026,BR,METADATA SOLUCOES INTELIGENTES LTDA,METADATA,41744280000120,S,2026-09-19,2026-09-21,2026-09-23,2026-09-25,1536,50000.00,2.5,texto,2.50,"universo o eleitorado apto do Rio Grande do Norte, conforme dados do Tribunal Superior Eleitoral (TSE) de 01/09/2026, co",3727,2413,METADATA SOLUCOES INTELIGENTES LTDA,METADATA SOLUCOES INTELIGENTES LTDA,N,04/10/2026 05:47:24
BR090272026,BR,IPAT - INSTITUTO DE PESQUISAS A TRIBUNA LTDA,,09470150000133,N,2026-09-21,2026-09-17,2026-09-23,2026-09-27,1200,21419.55,2.8,texto,2.83,,915,297,A TRIBUNA DE SANTOS JORNAL E EDITORA LIMITADA / A TRIBUNA,A TRIBUNA DE SANTOS JORNAL E EDITORA LIMITADA / A TRIBUNA,S,04/10/2026 05:47:24
BR095872026,BR,PALVER CONSULTORIA E DESENVOLVIMENTO TECNOLOGICO LTDA.,PALVER,41522141000151,S,2026-09-18,2026-09-20,2026-09-23,2026-09-24,5000,30000.00,4,texto,1.39,,2562,549,PALVER CONSULTORIA E DESENVOLVIMENTO TECNOLOGICO LTDA.,PALVER CONSULTORIA E DESENVOLVIMENTO TECNOLOGICO LTDA.,N,04/10/2026 05:47:24
BR099692026,BR,"QUAEST PESQUISAS, CONSULTORIA E PROJETOS LTDA.",,22445600000104,N,2026-09-18,2026-09-20,2026-09-23,2026-09-24,804,106329.00,3,texto,3.46,,2967,588,NC COMUNICACOES SA,NC COMUNICACOES SA,S,04/10/2026 05:47:24
BR000732026,BR,INSTITUTO DATATRENDS LTDA,DATATRENDS,51772470000104,S,2026-09-20,2026-09-22,2026-09-24,2026-09-26,1200,30000.00,2.83,texto,2.83,"universo com 16 anos ou mais e excluídos os registros de 15 anos e idade inválida: 16 a 24 anos, 13,1%; 25 a 34 anos, 19",3637,1224,INSTITUTO DATATRENDS LTDA,INSTITUTO DATATRENDS LTDA,N,04/10/2026 05:47:24
BR003042026,BR,DATAFOLHA INSTITUTO DE PESQUISAS LTDA.,,07630546000175,N,2026-09-18,2026-09-22,2026-09-24,2026-09-24,2002,307641.60,4,texto,2.19,Universo: Eleitorado brasileiro,2240,216,EMPRESA FOLHA DA MANHA S.A. | GLOBO COMUNICACAO E PARTICIPACOES S/A / TV/REDE/GLOBO.COM/CANAIS GLOBO/GLOBOPLAY/ELETROMIDIA,EMPRESA FOLHA DA MANHA S.A. | GLOBO COMUNICACAO E PARTICIPACOES S/A / TV/REDE/GLOBO.COM/CANAIS GLOBO/GLOBOPLAY/ELETROMIDIA,S | S,04/10/2026 05:47:24
BR004682026,BR,M B BARROS CONSULTORIA LTDA - ME,INSTITUTO DATASENSUS,17159578000198,N,2026-09-18,2026-09-22,2026-09-24,2026-09-24,5000,60000.00,9.5,texto,1.39,"Universo: Eleitores com 16 anos ou mais, do estado de Alagoas",2130,269,EXITO ESTRATEGIA LTDA / EXITO ESTRATEGIA,EXITO ESTRATEGIA LTDA / EXITO ESTRATEGIA,S,04/10/2026 05:47:24
BR004962026,BR,BADRA COMUNICACAO LTDA,BADRA COMUNICACAO,04209958000148,S,2026-09-19,2026-09-22,2026-09-24,2026-09-25,1060,18000.00,3,texto,3.01,"universo, ou seja, o eleitorado do Distrito Federal",2012,665,BADRA COMUNICACAO LTDA,BADRA COMUNICACAO LTDA,N,04/10/2026 05:47:24
BR006202026,BR,RESULTADO PESQUISA E ASSESSORIA LTDA - ME,,07241393000174,N,2026-09-19,2026-09-21,2026-09-24,2026-09-25,600,24000.00,4,texto,4.00,"universo, conforme os dados disponibilizados nos sites do TSE e do IBGE, considerando as variáveis sexo, faixa etária, g",1526,215,PARTIDO DA SOCIAL DEMOCRACIA BRASILEIRA / PSDB-DIRETORIO REGIONAL EM MG,PARTIDO DA SOCIAL DEMOCRACIA BRASILEIRA / PSDB-DIRETORIO REGIONAL EM MG,S,04/10/2026 05:47:24
BR009772026,BR,INSTITUTO DE PESQUISAS PERFIL LTDA,,10175843000182,N,2026-09-20,2026-09-21,2026-09-24,2026-09-26,1800,40000.00,2.31,texto,2.31,"universo, adotou-se um delineamento amostral probabilístico em três etapas:",2743,536,BDC COMUNICACOES LTDA,BDC COMUNICACOES LTDA,S,04/10/2026 05:47:24
BR016842026,BR,INSTITUTO VERITA LTDA,VERITA,00654576000172,N,2026-09-19,2026-09-20,2026-09-24,2026-09-25,1525,37037.04,2.5,texto,2.51,universo de eleitores aptos com 16 anos ou mais,3704,1413,SISTEMA DE COMUNICACAO PANTANAL LTDA / REDE BRASIL DE TELEVISAO,SISTEMA DE COMUNICACAO PANTANAL LTDA / REDE BRASIL DE TELEVISAO,S,04/10/2026 05:47:24
BR017912026,BR,"DATAPRESS INSTITUTO DE PESQUISA, COMUNICACAO E PUBLICIDADE LTDA",,66990367000108,N,2026-09-21,2026-09-22,2026-09-24,2026-09-27,601,18000.00,3.99,texto,4.00,,741,219,MARZO COMUNICACOES LTDA,MARZO COMUNICACOES LTDA,S,04/10/2026 05:47:24
BR022942026,BR,NEOBE GESTAO E SERVICOS LTDA,NEOKEMP PESQUISAS,29855711000120,N,2026-09-18,2026-09-22,2026-09-24,2026-09-24,1008,25000.00,3.1,texto,3.09,Universo: Eleitores do Estado do Paraná com 16 (dezesseis) anos ou mais,3281,789,JORNAL O CORREIO DO POVO LTDA / JORNAL O CORREIO DO POVO,JORNAL O CORREIO DO POVO LTDA / JORNAL O CORREIO DO POVO,S,04/10/2026 05:47:24
BR025462026,BR,INSTITUTO VERITA LTDA,VERITA,00654576000172,N,2026-09-19,2026-09-20,2026-09-24,2026-09-25,2020,37037.04,2.5,texto,2.18,universo de eleitores aptos com 16 anos ou mais,3701,1413,SISTEMA DE COMUNICACAO PANTANAL LTDA / REDE BRASIL DE TELEVISAO,SISTEMA DE COMUNICACAO PANTANAL LTDA / REDE BRASIL DE TELEVISAO,S,04/10/2026 05:47:24
BR027572026,BR,INSTITUTO VERITA LTDA,VERITA,00654576000172,N,2026-09-19,2026-09-20,2026-09-24,2026-09-25,1525,37037.04,2.5,texto,2.51,universo de eleitores aptos com 16 anos ou mais,3708,1413,SISTEMA DE COMUNICACAO PANTANAL LTDA / REDE BRASIL DE TELEVISAO,SISTEMA DE COMUNICACAO PANTANAL LTDA / REDE BRASIL DE TELEVISAO,S,04/10/2026 05:47:24
BR027772026,BR,"QUAEST PESQUISAS, CONSULTORIA E PROJETOS LTDA.",,22445600000104,N,2026-09-19,2026-09-21,2026-09-24,2026-09-25,804,134871.00,3,texto,3.46,,2967,578,RADIO TV DO AMAZONAS LTDA / REDE AMAZONICA RADIO E TELEVISAO,RADIO TV DO AMAZONAS LTDA / REDE AMAZONICA RADIO E TELEVISAO,S,04/10/2026 05:47:24
BR028822026,BR,SETA INSTITUTO DE PESQUISA LTDA,INSTITUTO SETA DE PESQUISA,10783981000144,S,2026-09-20,2026-09-21,2026-09-24,2026-09-26,1500,15000.00,2.5,texto,2.53,,2068,181,SETA INSTITUTO DE PESQUISA LTDA,SETA INSTITUTO DE PESQUISA LTDA,N,04/10/2026 05:47:24
BR031172026,BR,INSTITUTO VERITA LTDA,VERITA,00654576000172,N,2026-09-19,2026-09-20,2026-09-24,2026-09-25,1030,37037.04,3.5,texto,3.05,universo de eleitores aptos com 16 anos ou mais,3705,1410,SISTEMA DE COMUNICACAO PANTANAL LTDA / REDE BRASIL DE TELEVISAO,SISTEMA DE COMUNICACAO PANTANAL LTDA / REDE BRASIL DE TELEVISAO,S,04/10/2026 05:47:24
BR032222026,BR,INSTITUTO VERITA LTDA,VERITA,00654576000172,N,2026-09-19,2026-09-20,2026-09-24,2026-09-25,1220,37037.04,3,texto,2.81,universo de eleitores aptos com 16 anos ou mais,3701,1413,SISTEMA DE COMUNICACAO PANTANAL LTDA / REDE BRASIL DE TELEVISAO,SISTEMA DE COMUNICACAO PANTANAL LTDA / REDE BRASIL DE TELEVISAO,S,04/10/2026 05:47:24
BR032962026,BR,DATAFOLHA INSTITUTO DE PESQUISAS LTDA.,,07630546000175,N,2026-09-19,2026-09-22,2026-09-24,2026-09-25,1204,120300.00,3,texto,2.82,Universo: Eleitores do estado do Ceará,3312,225,EMPRESA JORNALISTICA O POVO S A / JORNAL O POVO,EMPRESA JORNALISTICA O POVO S A / JORNAL O POVO,S,04/10/2026 05:47:24
BR034142026,BR,"QUAEST PESQUISAS, CONSULTORIA E PROJETOS LTDA.",,22445600000104,N,2026-09-19,2026-09-21,2026-09-24,2026-09-25,804,95877.00,3,texto,3.46,,2967,588,A GAZETA DO ESPIRITO SANTO RADIO E TV LTDA / TV GAZETA,A GAZETA DO ESPIRITO SANTO RADIO E TV LTDA / TV GAZETA,S,04/10/2026 05:47:24
BR034362026,BR,INSTITUTO VERITA LTDA,VERITA,00654576000172,N,2026-09-19,2026-09-20,2026-09-24,2026-09-25,1220,37037.04,3,texto,2.81,universo de eleitores aptos com 16 anos ou mais,3713,1413,SISTEMA DE COMUNICACAO PANTANAL LTDA / REDE BRASIL DE TELEVISAO,SISTEMA DE COMUNICACAO PANTANAL LTDA / REDE BRASIL DE TELEVISAO,S,04/10/2026 05:47:24
BR036252026,BR,F5 ATUALIZA DADOS LTDA,F5 ATUALIZA DADOS,24089028000105,N,2026-09-21,2026-09-23,2026-09-24,2026-09-27,468,14000.00,4.5,texto,4.53,"universo, conforme os dados disponibilizados nos sites do TSE e do IBGE, considerando as variáveis sexo, faixa etária, g",1417,212,TV MINAS SUL LTDA,TV MINAS SUL LTDA,S,04/10/2026 05:47:24
BR041132026,BR,"QUAEST PESQUISAS, CONSULTORIA E PROJETOS LTDA.",,22445600000104,N,2026-09-19,2026-09-21,2026-09-24,2026-09-25,804,104922.00,3,texto,3.46,,2967,592,TELEVISAO PONTA PORA LTDA / TV MORENA,TELEVISAO PONTA PORA LTDA / TV MORENA,S,04/10/2026 05:47:24
BR044182026,BR,INSTITUTO VERITA LTDA,VERITA,00654576000172,N,2026-09-19,2026-09-20,2026-09-24,2026-09-25,1220,37037.04,3,texto,2.81,universo de eleitores aptos com 16 anos ou mais,3709,1413,SISTEMA DE COMUNICACAO PANTANAL LTDA / REDE BRASIL DE TELEVISAO,SISTEMA DE COMUNICACAO PANTANAL LTDA / REDE BRASIL DE TELEVISAO,S,04/10/2026 05:47:24
BR044392026,BR,INSTITUTO VERITA LTDA,VERITA,00654576000172,N,2026-09-19,2026-09-20,2026-09-24,2026-09-25,1220,37037.04,3,texto,2.81,universo de eleitores aptos com 16 anos ou mais,3709,1413,SISTEMA DE COMUNICACAO PANTANAL LTDA / REDE BRASIL DE TELEVISAO,SISTEMA DE COMUNICACAO PANTANAL LTDA / REDE BRASIL DE TELEVISAO,S,04/10/2026 05:47:24
BR044742026,BR,DOXA ARTE & COMUNICAO S/S LTDA,DOXA,07317438000147,S,2026-09-19,2026-09-19,2026-09-24,2026-09-25,2000,30000.00,2.2,texto,2.19,,2840,416,DOXA ARTE & COMUNICAO S/S LTDA,DOXA ARTE & COMUNICAO S/S LTDA,N,04/10/2026 05:47:24
BR045152026,BR,INSTITUTO VERITA LTDA,VERITA,00654576000172,N,2026-09-19,2026-09-20,2026-09-24,2026-09-25,1220,37037.04,3,texto,2.81,universo de eleitores aptos com 16 anos ou mais,3715,1413,SISTEMA DE COMUNICACAO PANTANAL LTDA / REDE BRASIL DE TELEVISAO,SISTEMA DE COMUNICACAO PANTANAL LTDA / REDE BRASIL DE TELEVISAO,S,04/10/2026 05:47:24
BR047902026,BR,"QUAEST PESQUISAS, CONSULTORIA E PROJETOS LTDA.",,22445600000104,N,2026-09-19,2026-09-21,2026-09-24,2026-09-25,804,104118.00,3,texto,3.46,,2967,593,TELEVISAO CABUGI LTDA / TV CABUGI,TELEVISAO CABUGI LTDA / TV CABUGI,S,04/10/2026 05:47:24
BR048922026,BR,"QUAEST PESQUISAS, CONSULTORIA E PROJETOS LTDA.",,22445600000104,N,2026-09-19,2026-09-21,2026-09-24,2026-09-25,900,106290.00,3,texto,3.27,,2967,582,TELEVISAO MIRANTE LTDA / TELEVISAO MIRANTE,TELEVISAO MIRANTE LTDA / TELEVISAO MIRANTE,S,04/10/2026 05:47:24
BR049382026,BR,"QUAEST PESQUISAS, CONSULTORIA E PROJETOS LTDA.",,22445600000104,N,2026-09-19,2026-09-21,2026-09-24,2026-09-25,804,88440.00,3,texto,3.46,,2967,581,"ELO COMUNICACAO LTDA / TELA, ATV E TVA","ELO COMUNICACAO LTDA / TELA, ATV E TVA",S,04/10/2026 05:47:24
BR049942026,BR,RESULTADO PESQUISA E ASSESSORIA LTDA - ME,,07241393000174,N,2026-09-19,2026-09-21,2026-09-24,2026-09-25,500,24000.00,4.4,texto,4.38,"universo, conforme os dados disponibilizados nos sites do TSE e do IBGE, considerando as variáveis sexo, faixa etária, g",1532,218,PARTIDO DA SOCIAL DEMOCRACIA BRASILEIRA / PSDB-DIRETORIO REGIONAL EM MG,PARTIDO DA SOCIAL DEMOCRACIA BRASILEIRA / PSDB-DIRETORIO REGIONAL EM MG,S,04/10/2026 05:47:24
BR052542026,BR,A J TECH LTDA,VETOR TECNOLOGIA E PESQUISAS,55498337000162,N,2026-09-21,2026-09-19,2026-09-24,2026-09-27,1602,37000.00,2.45,texto,2.45,,804,1882,CONECTA PIAUI PRODUTORA E COMUNICACAO LTDA / CONECTA PIAUI PORTAL E PRODUTORA,CONECTA PIAUI PRODUTORA E COMUNICACAO LTDA / CONECTA PIAUI PORTAL E PRODUTORA,S,04/10/2026 05:47:24
BR052682026,BR,100% CIDADES PARTICIPACOES LTDA,100 CIDADES,52908063000144,N,2026-09-18,2026-09-18,2026-09-24,2026-09-24,2000,160000.00,2.2,texto,2.19,,3153,454,FUTURA CONSULTORIA E ASSESSORIA LTDA / FUTURA,FUTURA CONSULTORIA E ASSESSORIA LTDA / FUTURA,S,04/10/2026 05:47:24
BR053162026,BR,REAL TIME MIDIA LTDA,REAL TIME BIG DATA,22345021000181,S,2026-09-19,2026-09-21,2026-09-24,2026-09-25,1600,20000.00,2,texto,2.45,,3376,387,REAL TIME MIDIA LTDA,REAL TIME MIDIA LTDA,N,04/10/2026 05:47:24
BR054652026,BR,DATAFOLHA INSTITUTO DE PESQUISAS LTDA.,,07630546000175,N,2026-09-18,2026-09-22,2026-09-24,2026-09-24,1204,153527.92,3,texto,2.82,Universo: Eleitorado do estado de Pernambuco,2593,216,EMPRESA FOLHA DA MANHA S.A. | GLOBO COMUNICACAO E PARTICIPACOES S/A / TV/REDE/GLOBO.COM/CANAIS GLOBO/GLOBOPLAY/ELETROMIDIA,EMPRESA FOLHA DA MANHA S.A. | GLOBO COMUNICACAO E PARTICIPACOES S/A / TV/REDE/GLOBO.COM/CANAIS GLOBO/GLOBOPLAY/ELETROMIDIA,S | S,04/10/2026 05:47:24
BR057622026,BR,DATAFOLHA INSTITUTO DE PESQUISAS LTDA.,,07630546000175,N,2026-09-18,2026-09-22,2026-09-24,2026-09-24,1204,130418.94,3,texto,2.82,Universo: Eleitorado do estado do Rio de Janeiro,2532,221,EMPRESA FOLHA DA MANHA S.A. | GLOBO COMUNICACAO E PARTICIPACOES S/A / TV/REDE/GLOBO.COM/CANAIS GLOBO/GLOBOPLAY/ELETROMIDIA,EMPRESA FOLHA DA MANHA S.A. | GLOBO COMUNICACAO E PARTICIPACOES S/A / TV/REDE/GLOBO.COM/CANAIS GLOBO/GLOBOPLAY/ELETROMIDIA,S | S,04/10/2026 05:47:24
BR059342026,BR,RESULTADO PESQUISA E ASSESSORIA LTDA - ME,,07241393000174,N,2026-09-19,2026-09-21,2026-09-24,2026-09-25,400,16000.00,4.9,texto,4.90,"universo, conforme os dados disponibilizados nos sites do TSE e do IBGE, considerando as variáveis sexo, faixa etária, g",1524,215,PARTIDO DA SOCIAL DEMOCRACIA BRASILEIRA / PSDB-DIRETORIO REGIONAL EM MG,PARTIDO DA SOCIAL DEMOCRACIA BRASILEIRA / PSDB-DIRETORIO REGIONAL EM MG,S,04/10/2026 05:47:24
BR064462026,BR,INSTITUTO VERITA LTDA,VERITA,00654576000172,N,2026-09-19,2026-09-20,2026-09-24,2026-09-25,2010,37037.04,2.5,texto,2.19,universo de eleitores aptos com 16 anos ou mais,3707,1413,SISTEMA DE COMUNICACAO PANTANAL LTDA / REDE BRASIL DE TELEVISAO,SISTEMA DE COMUNICACAO PANTANAL LTDA / REDE BRASIL DE TELEVISAO,S,04/10/2026 05:47:24
BR064992026,BR,INSTITUTO DATA AZ DE PESQUISA LTDA,INSTITUTO DE PESQUISA DATA AZ,55105999000125,N,2026-09-18,2026-09-20,2026-09-24,2026-09-24,1200,15000.00,2.83,texto,2.83,,774,1864,JOSE DE ARIMATEIA AZEVEDO LTDA / PORTAL AZ,JOSE DE ARIMATEIA AZEVEDO LTDA / PORTAL AZ,S,04/10/2026 05:47:24
BR067692026,BR,DATAFOLHA INSTITUTO DE PESQUISAS LTDA.,,07630546000175,N,2026-09-18,2026-09-22,2026-09-24,2026-09-24,910,100890.12,3,texto,3.25,Universo: Eleitorado do estado do Distrito Federal,2297,213,GLOBO COMUNICACAO E PARTICIPACOES S/A / TV/REDE/GLOBO.COM/CANAIS GLOBO/GLOBOPLAY/ELETROMIDIA | EMPRESA FOLHA DA MANHA S.A.,GLOBO COMUNICACAO E PARTICIPACOES S/A / TV/REDE/GLOBO.COM/CANAIS GLOBO/GLOBOPLAY/ELETROMIDIA | EMPRESA FOLHA DA MANHA S.A.,S | S,04/10/2026 05:47:24
BR067742026,BR,INSTITUTO VERITA LTDA,VERITA,00654576000172,N,2026-09-19,2026-09-20,2026-09-24,2026-09-25,1220,37037.04,3,texto,2.81,universo de eleitores aptos com 16 anos ou mais,3711,1413,SISTEMA DE COMUNICACAO PANTANAL LTDA / REDE BRASIL DE TELEVISAO,SISTEMA DE COMUNICACAO PANTANAL LTDA / REDE BRASIL DE TELEVISAO,S,04/10/2026 05:47:24
BR068242026,BR,DATAFOLHA INSTITUTO DE PESQUISAS LTDA.,,07630546000175,N,2026-09-18,2026-09-22,2026-09-24,2026-09-24,1204,162051.60,6,texto,2.82,Universo: Eleitorado do estado de Minas Gerais,2482,218,GLOBO COMUNICACAO E PARTICIPACOES S/A / TV/REDE/GLOBO.COM/CANAIS GLOBO/GLOBOPLAY/ELETROMIDIA | EMPRESA FOLHA DA MANHA S.A.,GLOBO COMUNICACAO E PARTICIPACOES S/A / TV/REDE/GLOBO.COM/CANAIS GLOBO/GLOBOPLAY/ELETROMIDIA | EMPRESA FOLHA DA MANHA S.A.,S | S,04/10/2026 05:47:24
BR070972026,BR,INSTITUTO VERITA LTDA,VERITA,00654576000172,N,2026-09-19,2026-09-20,2026-09-24,2026-09-25,1030,37037.04,3.5,texto,3.05,universo de eleitores aptos com 16 anos ou mais,3706,1413,SISTEMA DE COMUNICACAO PANTANAL LTDA / REDE BRASIL DE TELEVISAO,SISTEMA DE COMUNICACAO PANTANAL LTDA / REDE BRASIL DE TELEVISAO,S,04/10/2026 05:47:24
BR071472026,BR,REAL TIME MIDIA LTDA,REAL TIME BIG DATA,22345021000181,S,2026-09-19,2026-09-21,2026-09-24,2026-09-25,1600,20000.00,2,texto,2.45,,3378,389,REAL TIME MIDIA LTDA,REAL TIME MIDIA LTDA,N,04/10/2026 05:47:24
BR071492026,BR,"QUAEST PESQUISAS, CONSULTORIA E PROJETOS LTDA.",,22445600000104,N,2026-09-19,2026-09-21,2026-09-24,2026-09-25,804,132861.00,3,texto,3.46,,2967,581,RADIO TV DO AMAZONAS LTDA / REDE AMAZONICA RADIO E TELEVISAO,RADIO TV DO AMAZONAS LTDA / REDE AMAZONICA RADIO E TELEVISAO,S,04/10/2026 05:47:24
BR077342026,BR,REAL TIME MIDIA LTDA,REAL TIME BIG DATA,22345021000181,S,2026-09-19,2026-09-21,2026-09-24,2026-09-25,1600,20000.00,2,texto,2.45,,3389,318,REAL TIME MIDIA LTDA,REAL TIME MIDIA LTDA,N,04/10/2026 05:47:24
BR087452026,BR,INSTITUTO VERITA LTDA,VERITA,00654576000172,N,2026-09-19,2026-09-20,2026-09-24,2026-09-25,1525,37037.04,2.5,texto,2.51,universo de eleitores aptos com 16 anos ou mais,3704,1413,SISTEMA DE COMUNICACAO PANTANAL LTDA / REDE BRASIL DE TELEVISAO,SISTEMA DE COMUNICACAO PANTANAL LTDA / REDE BRASIL DE TELEVISAO,S,04/10/2026 05:47:24
BR092692026,BR,INSTITUTO VERITA LTDA,VERITA,00654576000172,N,2026-09-19,2026-09-20,2026-09-24,2026-09-25,2030,37037.04,2.5,texto,2.18,universo de eleitores aptos com 16 anos ou mais,3705,1413,SISTEMA DE COMUNICACAO PANTANAL LTDA / REDE BRASIL DE TELEVISAO,SISTEMA DE COMUNICACAO PANTANAL LTDA / REDE BRASIL DE TELEVISAO,S,04/10/2026 05:47:24
BR093552026,BR,DATAFOLHA INSTITUTO DE PESQUISAS LTDA.,,07630546000175,N,2026-09-18,2026-09-22,2026-09-24,2026-09-24,1610,185706.64,4,texto,2.44,Universo: Eleitorado do estado de São Paulo,2504,215,GLOBO COMUNICACAO E PARTICIPACOES S/A / TV/REDE/GLOBO.COM/CANAIS GLOBO/GLOBOPLAY/ELETROMIDIA | EMPRESA FOLHA DA MANHA S.A.,GLOBO COMUNICACAO E PARTICIPACOES S/A / TV/REDE/GLOBO.COM/CANAIS GLOBO/GLOBOPLAY/ELETROMIDIA | EMPRESA FOLHA DA MANHA S.A.,S | S,04/10/2026 05:47:24
BR095942026,BR,"QUAEST PESQUISAS, CONSULTORIA E PROJETOS LTDA.",,22445600000104,N,2026-09-19,2026-09-21,2026-09-24,2026-09-25,804,104118.00,3,texto,3.46,,2967,585,RADIO E TELEVISAO MATOGROSSENSE LTDA / TV CENTRO AMERICA OU REDE MATOGROSSENSE DE TELEVISAO,RADIO E TELEVISAO MATOGROSSENSE LTDA / TV CENTRO AMERICA OU REDE MATOGROSSENSE DE TELEVISAO,S,04/10/2026 05:47:24
BR096082026,BR,E P P EMPRESA DE PESQUISA E CONSULTORIA LTDA,E P P,01403730000104,N,2026-09-26,2026-09-24,2026-09-24,2026-10-02,511,10000.00,4.32,texto,4.34,universo pesquisado (ou população de estudo) é o eleitorado do Município de Formosa/GO com total de 77,1622,338,pessoa_fisica,pessoa_fisica,S,04/10/2026 05:47:24
BR096612026,BR,INSTITUTO DATATRENDS LTDA,DATATRENDS,51772470000104,S,2026-09-20,2026-09-22,2026-09-24,2026-09-26,1200,15000.00,2.83,texto,2.83,,2850,2967,INSTITUTO DATATRENDS LTDA,INSTITUTO DATATRENDS LTDA,N,04/10/2026 05:47:24
BR098882026,BR,INSTITUTO VERITA LTDA,VERITA,00654576000172,N,2026-09-19,2026-09-20,2026-09-24,2026-09-25,1525,37037.04,2.5,texto,2.51,universo de eleitores aptos com 16 anos ou mais,3703,1413,SISTEMA DE COMUNICACAO PANTANAL LTDA / REDE BRASIL DE TELEVISAO,SISTEMA DE COMUNICACAO PANTANAL LTDA / REDE BRASIL DE TELEVISAO,S,04/10/2026 05:47:24
BR099342026,BR,F5 ATUALIZA DADOS LTDA,F5 ATUALIZA DADOS,24089028000105,N,2026-09-21,2026-09-23,2026-09-24,2026-09-27,595,14000.00,4,texto,4.02,"universo, conforme os dados disponibilizados nos sites do TSE e do IBGE, considerando as variáveis sexo, faixa etária, g",1417,212,TV MINAS SUL LTDA,TV MINAS SUL LTDA,S,04/10/2026 05:47:24
BR099482026,BR,REAL TIME MIDIA LTDA,REAL TIME BIG DATA,22345021000181,S,2026-09-19,2026-09-21,2026-09-24,2026-09-25,1600,20000.00,2,texto,2.45,,3429,396,REAL TIME MIDIA LTDA,REAL TIME MIDIA LTDA,N,04/10/2026 05:47:24
BR004672026,BR,INSTITUTO VERITA LTDA,VERITA,00654576000172,N,2026-09-20,2026-09-21,2026-09-25,2026-09-26,1220,37037.04,3,texto,2.81,universo de eleitores aptos com 16 anos ou mais,3710,1413,SISTEMA DE COMUNICACAO PANTANAL LTDA / REDE BRASIL DE TELEVISAO,SISTEMA DE COMUNICACAO PANTANAL LTDA / REDE BRASIL DE TELEVISAO,S,04/10/2026 05:47:24
BR007452026,BR,NILSON ANTONIO GONCALVES DE SOUZA LTDA,CLENIX COMUNICACAO,36066848000160,S,2026-09-18,2026-09-21,2026-09-25,2026-09-24,1064,15000.00,3,texto,3.00,universo da pesquisa é composto por 289,1265,1033,NILSON ANTONIO GONCALVES DE SOUZA LTDA,NILSON ANTONIO GONCALVES DE SOUZA LTDA,N,04/10/2026 05:47:24
BR010872026,BR,INSTITUTO PIAUIENSE DE OPINIAO PUBLICA LTDA - EPP,AMOSTRAGEM OPINIAO E MERCADO,10320257000184,N,2026-09-21,2026-09-21,2026-09-25,2026-09-27,1137,70000.00,2.85,texto,2.91,,1363,306,SISTEMA TIMON DE RADIODIFUSAO LTDA. / TV MEIO NORTE,SISTEMA TIMON DE RADIODIFUSAO LTDA. / TV MEIO NORTE,S,04/10/2026 05:47:24
BR028172026,BR,INSTITUTO VERITA LTDA,VERITA,00654576000172,N,2026-09-20,2026-09-21,2026-09-25,2026-09-26,1220,37037.04,3,texto,2.81,universo de eleitores aptos com 16 anos ou mais,3714,1413,SISTEMA DE COMUNICACAO PANTANAL LTDA / REDE BRASIL DE TELEVISAO,SISTEMA DE COMUNICACAO PANTANAL LTDA / REDE BRASIL DE TELEVISAO,S,04/10/2026 05:47:24
BR035662026,BR,INSTITUTO VERITA LTDA,VERITA,00654576000172,N,2026-09-20,2026-09-21,2026-09-25,2026-09-26,1220,37037.04,3,texto,2.81,universo de eleitores aptos com 16 anos ou mais,3709,1413,SISTEMA DE COMUNICACAO PANTANAL LTDA / REDE BRASIL DE TELEVISAO,SISTEMA DE COMUNICACAO PANTANAL LTDA / REDE BRASIL DE TELEVISAO,S,04/10/2026 05:47:24
BR038312026,BR,NEOBE GESTAO E SERVICOS LTDA,NEOKEMP PESQUISAS,29855711000120,N,2026-09-19,2026-09-23,2026-09-25,2026-09-25,1008,25000.00,3.1,texto,3.09,Universo: Eleitores do Estado do Rio Grande do Sul com 16 (dezesseis) anos ou mais,3302,800,JORNAL O CORREIO DO POVO LTDA / JORNAL O CORREIO DO POVO,JORNAL O CORREIO DO POVO LTDA / JORNAL O CORREIO DO POVO,S,04/10/2026 05:47:24
BR038702026,BR,INSTITUTO VERITA LTDA,VERITA,00654576000172,N,2026-09-20,2026-09-21,2026-09-25,2026-09-26,2010,51700.00,2.5,texto,2.19,universo de eleitores aptos com 16 anos ou mais,3707,1413,RADIO FM 104 LTDA,RADIO FM 104 LTDA,S,04/10/2026 05:47:24
BR041312026,BR,INSTITUTO VERITA LTDA,VERITA,00654576000172,N,2026-09-20,2026-09-21,2026-09-25,2026-09-26,3025,37037.04,2,texto,1.78,universo de eleitores aptos com 16 anos ou mais,3702,1413,SISTEMA DE COMUNICACAO PANTANAL LTDA / REDE BRASIL DE TELEVISAO,SISTEMA DE COMUNICACAO PANTANAL LTDA / REDE BRASIL DE TELEVISAO,S,04/10/2026 05:47:24
BR041572026,BR,MEDIA - INTELIGENCIA EM PESQUISA LTDA,MEDIA - INTELIGENCIA EM PESQUISA,61362466000121,N,2026-09-20,2026-09-21,2026-09-25,2026-09-26,2000,20000.00,2.2,texto,2.19,,3626,363,POTENGI COMUNICACAO LTDA,POTENGI COMUNICACAO LTDA,Recursos Próprios,04/10/2026 05:47:24
BR043242026,BR,INSTITUTO VERITA LTDA,VERITA,00654576000172,N,2026-09-20,2026-09-21,2026-09-25,2026-09-26,2020,37037.04,2.5,texto,2.18,universo de eleitores aptos com 16 anos ou mais,3718,1413,SISTEMA DE COMUNICACAO PANTANAL LTDA / REDE BRASIL DE TELEVISAO,SISTEMA DE COMUNICACAO PANTANAL LTDA / REDE BRASIL DE TELEVISAO,S,04/10/2026 05:47:24
BR044672026,BR,INSTITUTO VERITA LTDA,VERITA,00654576000172,N,2026-09-20,2026-09-20,2026-09-25,2026-09-26,40500,1000000.08,2,texto,0.49,universo de eleitores aptos com 16 anos ou mais,3913,1413,SISTEMA DE COMUNICACAO PANTANAL LTDA / REDE BRASIL DE TELEVISAO,SISTEMA DE COMUNICACAO PANTANAL LTDA / REDE BRASIL DE TELEVISAO,S,04/10/2026 05:47:24
BR046032026,BR,"QUAEST PESQUISAS, CONSULTORIA E PROJETOS LTDA.",,22445600000104,N,2026-09-20,2026-09-22,2026-09-25,2026-09-26,804,92259.00,3,texto,3.46,,2967,578,TELEVISAO LIBERAL SA / TELEVISAO LIBERAL,TELEVISAO LIBERAL SA / TELEVISAO LIBERAL,S,04/10/2026 05:47:24
BR047612026,BR,INSTITUTO VERITA LTDA,VERITA,00654576000172,N,2026-09-20,2026-09-21,2026-09-25,2026-09-26,1220,37037.04,3,texto,2.81,universo de eleitores aptos com 16 anos ou mais,3706,1413,SISTEMA DE COMUNICACAO PANTANAL LTDA / REDE BRASIL DE TELEVISAO,SISTEMA DE COMUNICACAO PANTANAL LTDA / REDE BRASIL DE TELEVISAO,S,04/10/2026 05:47:24
BR051052026,BR,INSTITUTO VERITA LTDA,VERITA,00654576000172,N,2026-09-20,2026-09-21,2026-09-25,2026-09-26,1220,37037.04,3,texto,2.81,universo de eleitores aptos com 16 anos ou mais,3702,1413,SISTEMA DE COMUNICACAO PANTANAL LTDA / REDE BRASIL DE TELEVISAO,SISTEMA DE COMUNICACAO PANTANAL LTDA / REDE BRASIL DE TELEVISAO,S,04/10/2026 05:47:24
BR051912026,BR,INSTITUTO DATATRENDS LTDA,DATATRENDS,51772470000104,S,2026-09-21,2026-09-23,2026-09-25,2026-09-27,1200,15000.00,2.83,texto,2.83,universo com 16 anos ou mais e excluídos da apuração dessa variável os registros de 15 anos e de idade inválida: 16 a 24,3875,2940,INSTITUTO DATATRENDS LTDA,INSTITUTO DATATRENDS LTDA,N,04/10/2026 05:47:24
BR052092026,BR,INSTITUTO VERITA LTDA,VERITA,00654576000172,N,2026-09-20,2026-09-21,2026-09-25,2026-09-26,1220,37037.04,3,texto,2.81,universo de eleitores aptos com 16 anos ou mais,3700,1413,SISTEMA DE COMUNICACAO PANTANAL LTDA / REDE BRASIL DE TELEVISAO,SISTEMA DE COMUNICACAO PANTANAL LTDA / REDE BRASIL DE TELEVISAO,S,04/10/2026 05:47:24
BR052652026,BR,INSTITUTO VERITA LTDA,VERITA,00654576000172,N,2026-09-20,2026-09-21,2026-09-25,2026-09-26,1030,37037.04,3.5,texto,3.05,universo de eleitores aptos com 16 anos ou mais,3708,1413,SISTEMA DE COMUNICACAO PANTANAL LTDA / REDE BRASIL DE TELEVISAO,SISTEMA DE COMUNICACAO PANTANAL LTDA / REDE BRASIL DE TELEVISAO,S,04/10/2026 05:47:24
BR055562026,BR,ESTIMATIVA EDITORA COMUNICACAO E GRAFICA EIRELI,INSTITUTO ESTIMATIVA,35575890000144,N,2026-09-24,2026-09-24,2026-09-25,2026-09-30,460,4216.87,4.57,texto,4.57,,782,1831,R10 COMUNICACAO LTDA / PORTAL R10,R10 COMUNICACAO LTDA / PORTAL R10,S,04/10/2026 05:47:24
BR056002026,BR,INSTITUTO VERITA LTDA,VERITA,00654576000172,N,2026-09-20,2026-09-21,2026-09-25,2026-09-26,2030,37037.04,2.5,texto,2.18,universo de eleitores aptos com 16 anos ou mais,3717,1413,SISTEMA DE COMUNICACAO PANTANAL LTDA / REDE BRASIL DE TELEVISAO,SISTEMA DE COMUNICACAO PANTANAL LTDA / REDE BRASIL DE TELEVISAO,S,04/10/2026 05:47:24
BR059412026,BR,INSIGHT DATA ANALYTICS INFORMACAO E ANALISE LTDA,INSIGHT BRASIL,41330463000107,N,2026-09-21,2026-09-21,2026-09-25,2026-09-27,3000,74325.00,2.3,texto,1.79,,2088,626,UNIAO BRASIL - MINAS GERAIS - MG - ESTADUAL,UNIAO BRASIL - MINAS GERAIS - MG - ESTADUAL,S,04/10/2026 05:47:24
BR067842026,BR,INSTITUTO FRANCA DE PESQUISAS LTDA,INSTITUTO FRANCA DE PESQUISA PESQUISA E ASSESSORIA,24899123000174,S,2026-09-21,2026-09-23,2026-09-25,2026-09-27,1500,30000.00,2.5,texto,2.53,Universo: eleitoras e eleitores com 16 anos de idade ou mais,3226,658,INSTITUTO FRANCA DE PESQUISAS LTDA,INSTITUTO FRANCA DE PESQUISAS LTDA,N,04/10/2026 05:47:24
BR069692026,BR,INSTITUTO VERITA LTDA,VERITA,00654576000172,N,2026-09-20,2026-09-21,2026-09-25,2026-09-26,2010,37037.04,2.5,texto,2.19,universo de eleitores aptos com 16 anos ou mais,3713,1413,SISTEMA DE COMUNICACAO PANTANAL LTDA / REDE BRASIL DE TELEVISAO,SISTEMA DE COMUNICACAO PANTANAL LTDA / REDE BRASIL DE TELEVISAO,S,04/10/2026 05:47:24
BR070782026,BR,INSTITUTO VERITA LTDA,VERITA,00654576000172,N,2026-09-20,2026-09-21,2026-09-25,2026-09-26,1525,37037.04,2.5,texto,2.51,universo de eleitores aptos com 16 anos ou mais,3718,1413,SISTEMA DE COMUNICACAO PANTANAL LTDA / REDE BRASIL DE TELEVISAO,SISTEMA DE COMUNICACAO PANTANAL LTDA / REDE BRASIL DE TELEVISAO,S,04/10/2026 05:47:24
BR070862026,BR,SETA INSTITUTO DE PESQUISA LTDA,INSTITUTO SETA DE PESQUISA,10783981000144,S,2026-09-26,2026-09-24,2026-09-25,2026-10-02,550,6000.00,3,texto,4.18,,1988,190,SETA INSTITUTO DE PESQUISA LTDA,SETA INSTITUTO DE PESQUISA LTDA,N,04/10/2026 05:47:24
BR085452026,BR,IPEN - INSTITUTO DE PESQUISA DO NORTE LTDA,IPEN - INSTITUTO DE PESQUISA DO NORTE,01864538000107,N,2026-09-22,2026-09-18,2026-09-25,2026-09-28,1200,68000.00,2.8,texto,2.83,universo,1817,186,N.C. DE SOUZA LTDA / BRASIL NORTE COMUNICACAO,N.C. DE SOUZA LTDA / BRASIL NORTE COMUNICACAO,S,04/10/2026 05:47:24
BR093482026,BR,RANKING BRASIL INTELIGENCIA LTDA,RANKING BRASIL INTELIGENCIA,49860741000131,N,2026-09-20,2026-09-21,2026-09-25,2026-09-26,2000,20000.00,2.2,texto,2.19,,3855,303,RADIO FM D A LTDA / RADIO FM D.A.,RADIO FM D A LTDA / RADIO FM D.A.,Recursos Próprios,04/10/2026 05:47:24
BR097732026,BR,QUALITTA EMPREEDIMENTOS LTDA,QUALITTA EMPREENDIMENTOS,36461578000192,S,2026-09-20,2026-09-20,2026-09-25,2026-09-26,1200,20000.00,2.8,texto,2.83,,2686,309,QUALITTA EMPREEDIMENTOS LTDA,QUALITTA EMPREEDIMENTOS LTDA,N,04/10/2026 05:47:24
BR008912026,BR,REAL TIME MIDIA LTDA,REAL TIME BIG DATA,22345021000181,S,2026-09-22,2026-09-23,2026-09-26,2026-09-28,1600,20000.00,2,texto,2.45,,3322,386,REAL TIME MIDIA LTDA,REAL TIME MIDIA LTDA,N,04/10/2026 05:47:24
BR009372026,BR,"DATAPRESS INSTITUTO DE PESQUISA, COMUNICACAO E PUBLICIDADE LTDA",,66990367000108,N,2026-09-21,2026-09-25,2026-09-26,2026-09-27,321,22939.40,5.46,texto,5.47,,737,219,ELEICAO 2026 ANA MARIA FREIRE DA SILVA MONDINI DEPUTADO ESTADUAL,ELEICAO 2026 ANA MARIA FREIRE DA SILVA MONDINI DEPUTADO ESTADUAL,S,04/10/2026 05:47:24
BR021062026,BR,C. GOMES MARKETING,INSTITUTO AMAZONIA DE PESQUISA - IAP,23854801000110,S,2026-09-23,2026-09-23,2026-09-26,2026-09-29,2500,47500.00,1.96,texto,1.96,,1397,190,C. GOMES MARKETING,C. GOMES MARKETING,N,04/10/2026 05:47:24
BR023192026,BR,REAL TIME MIDIA LTDA,REAL TIME BIG DATA,22345021000181,S,2026-09-22,2026-09-23,2026-09-26,2026-09-28,1600,20000.00,2,texto,2.45,,3388,387,REAL TIME MIDIA LTDA,REAL TIME MIDIA LTDA,N,04/10/2026 05:47:24
BR028052026,BR,100% CIDADES PARTICIPACOES LTDA,100 CIDADES,52908063000144,N,2026-09-22,2026-09-22,2026-09-26,2026-09-28,1600,128000.00,2.4,texto,2.45,,2897,466,FUTURA CONSULTORIA E ASSESSORIA LTDA / FUTURA,FUTURA CONSULTORIA E ASSESSORIA LTDA / FUTURA,S,04/10/2026 05:47:24
BR029382026,BR,REAL TIME MIDIA LTDA,REAL TIME BIG DATA,22345021000181,S,2026-09-22,2026-09-23,2026-09-26,2026-09-28,1600,20000.00,2,texto,2.45,,3384,392,REAL TIME MIDIA LTDA,REAL TIME MIDIA LTDA,N,04/10/2026 05:47:24
BR037172026,BR,INSTITUTO GAZETA LTDA,IGAPE- INSTITUTO GAZETA DE PEQUISAS,04851508000154,N,2026-09-21,2026-09-22,2026-09-26,2026-09-27,2000,15000.00,2.2,texto,2.19,"universo da pesquisa é composto por eleitores de Goiás, com idade a partir de 16 anos",1221,281,TV ATUAL LTDA / TV ATUAL,TV ATUAL LTDA / TV ATUAL,S,04/10/2026 05:47:24
BR039292026,BR,GERP MERCADOLOGIA LTDA,GRUPO GERP GERP MERCADO GERP OPINIAO GERPAUDIT,05270800000146,S,2026-09-21,2026-09-23,2026-09-26,2026-09-27,2400,20000.00,2.04,texto,2.00,universo considerado infinito,1712,538,GERP MERCADOLOGIA LTDA,GERP MERCADOLOGIA LTDA,N,04/10/2026 05:47:24
BR048252026,BR,CONSULTORIA E PESQUISA TECNICA LTDA,CONSULT PESQUISA,04843093000177,N,2026-09-25,2026-09-24,2026-09-26,2026-10-01,1700,30000.00,2.37,texto,2.38,,3473,412,EMPRESA JORNALISTICA TRIBUNA DO NORTE LTDA - EM RECUPERACAO JUDICIAL,EMPRESA JORNALISTICA TRIBUNA DO NORTE LTDA - EM RECUPERACAO JUDICIAL,S,04/10/2026 05:47:24
BR056422026,BR,F5 ATUALIZA DADOS LTDA,F5 ATUALIZA DADOS,24089028000105,N,2026-09-22,2026-09-25,2026-09-26,2026-09-28,777,14000.00,3.5,texto,3.52,"universo, conforme os dados disponibilizados nos sites do TSE e do IBGE, considerando as variáveis sexo, faixa etária, g",1414,211,TV MINAS SUL LTDA,TV MINAS SUL LTDA,S,04/10/2026 05:47:24
BR058392026,BR,F5 ATUALIZA DADOS LTDA,F5 ATUALIZA DADOS,24089028000105,N,2026-09-23,2026-09-25,2026-09-26,2026-09-29,775,5500.00,3.5,texto,3.52,"universo, conforme os dados disponibilizados nos sites do TSE e do IBGE, considerando as variáveis sexo, faixa etária, g",1420,213,TV MINAS SUL LTDA,TV MINAS SUL LTDA,S,04/10/2026 05:47:24
BR059632026,BR,IPESPE INST DE PESQUISAS SOCIAIS POLITICAS E ECONOMICAS,,11849437000110,N,2026-09-22,2026-09-23,2026-09-26,2026-09-28,1000,60000.00,3.2,texto,3.10,,1888,463,EDITORA FOLHA DE PERNAMBUCO LTDA / FOLHA DE PERNAMBUCO,EDITORA FOLHA DE PERNAMBUCO LTDA / FOLHA DE PERNAMBUCO,S,04/10/2026 05:47:24
BR062892026,BR,REAL TIME MIDIA LTDA,REAL TIME BIG DATA,22345021000181,S,2026-09-22,2026-09-23,2026-09-26,2026-09-28,2000,20000.00,2,texto,2.19,,3388,394,REAL TIME MIDIA LTDA,REAL TIME MIDIA LTDA,N,04/10/2026 05:47:24
BR063892026,BR,INSTITUTO GAZETA LTDA,IGAPE- INSTITUTO GAZETA DE PEQUISAS,04851508000154,N,2026-09-21,2026-09-22,2026-09-26,2026-09-27,2000,12000.00,2.2,texto,2.19,"universo da pesquisa é composto por eleitores do município do Distrito Federal, com idade a partir de 16 anos",1257,295,TV ATUAL LTDA / TV ATUAL,TV ATUAL LTDA / TV ATUAL,S,04/10/2026 05:47:24
BR066802026,BR,DATA CAPITAL PESQUISAS E CONSULTORIA LTDA,DATA CAPITAL PESQUISAS E CONSULTORIA,67147202000131,N,2026-09-25,2026-09-22,2026-09-26,2026-10-01,2300,20000.00,,ausente,2.04,,3593,438,SPN SISTEMA POTIGUAR DE NOTICIAS LTDA / SISTEMA POTIGUAR DE NOTICIAS SPN,SPN SISTEMA POTIGUAR DE NOTICIAS LTDA / SISTEMA POTIGUAR DE NOTICIAS SPN,S,04/10/2026 05:47:24
BR066832026,BR,INSTITUTO DATA CENSUS POTIGUAR LTDA,,47798321000147,N,2026-09-21,2026-09-22,2026-09-26,2026-09-27,2000,10000.00,2.2,texto,2.19,,2377,2383,MEGA ASSESSORIA E COMUNICACAO LTDA / MEGA PORTAL RN,MEGA ASSESSORIA E COMUNICACAO LTDA / MEGA PORTAL RN,S,04/10/2026 05:47:24
BR078592026,BR,INSTITUTO FRANCA DE PESQUISAS LTDA,INSTITUTO FRANCA DE PESQUISA PESQUISA E ASSESSORIA,24899123000174,S,2026-09-21,2026-09-23,2026-09-26,2026-09-27,2000,30000.00,2.2,texto,2.19,Universo: eleitoras e eleitores com 16 anos de idade ou mais,3231,654,INSTITUTO FRANCA DE PESQUISAS LTDA,INSTITUTO FRANCA DE PESQUISAS LTDA,N,04/10/2026 05:47:24
BR091442026,BR,REAL TIME MIDIA LTDA,REAL TIME BIG DATA,22345021000181,S,2026-09-22,2026-09-23,2026-09-26,2026-09-28,2000,30000.00,2,texto,2.19,,3059,513,REAL TIME MIDIA LTDA,REAL TIME MIDIA LTDA,N,04/10/2026 05:47:24
BR091892026,BR,VIAVOX CONSULTORIA ADMINISTRATIVA E PESQUISAS DE OPINIAO LTDA,,14476135000132,N,2026-09-22,2026-09-24,2026-09-26,2026-09-28,401,7000.00,4.9,texto,4.89,universo de 45,1277,746,SOCIEDADE TRESPONTANA DE RADIODIFUSAO LTDA,SOCIEDADE TRESPONTANA DE RADIODIFUSAO LTDA,S,04/10/2026 05:47:24
BR020032026,BR,IPP - INSTITUTO PITAGORAS DE PESQUISAS LTDA,,42555570000198,N,2026-09-23,2026-09-24,2026-09-27,2026-09-29,1200,20000.00,2.83,texto,2.83,,3407,2929,VIA CERTA NATAL COMUNICACAO DIGITAL LTDA / VIA CERTA NATAL,VIA CERTA NATAL COMUNICACAO DIGITAL LTDA / VIA CERTA NATAL,S,04/10/2026 05:47:24
BR036902026,BR,IPEMS INSTITUTO DE PESQUISAS DE MATO GROSSO DO SUL LTDA,,36781946000180,N,2026-09-22,2026-09-22,2026-09-27,2026-09-28,820,40000.00,3.42,texto,3.42,Universo: Eleitorado do estado de Mato Grosso do Sul,2777,235,DRCOSTA'S JORNALISMO LTDA / JORNAL DE DOMINGO MS,DRCOSTA'S JORNALISMO LTDA / JORNAL DE DOMINGO MS,S,04/10/2026 05:47:24
BR037622026,BR,ENFOQUE ASSESSORIA DE COMUNICACAO INTEGRADA LTDA - ME,,62292602000117,S,2026-09-23,2026-09-23,2026-09-27,2026-09-29,800,8500.00,3.5,texto,3.46,"universo pesquisado, não sendo necessário qualquer tipo de ponderação quanto ao sexo, idade e nível econômico",822,288,ENFOQUE ASSESSORIA DE COMUNICACAO INTEGRADA LTDA - ME,ENFOQUE ASSESSORIA DE COMUNICACAO INTEGRADA LTDA - ME,N,04/10/2026 05:47:24
BR045272026,BR,DATA TEMPO LIMITADA,,42532542000155,N,2026-09-23,2026-09-24,2026-09-27,2026-09-29,1000,58100.00,,ausente,3.10,"universo da pesquisa é composto por eleitores de Minas Gerais, com idade a partir de 16 anos",955,263,SEMPRE EDITORA LTDA,SEMPRE EDITORA LTDA,S,04/10/2026 05:47:24
BR054102026,BR,LAIS CRISTINA RODRIGUES DE OLIVEIRA LTDA,IPSENSUS PESQUISAS,64500153000180,N,2026-09-23,2026-09-25,2026-09-27,2026-09-29,400,4000.00,4.9,texto,4.90,,2783,630,E. TORMES E CIA LTDA / DIARIO DA SERRA,E. TORMES E CIA LTDA / DIARIO DA SERRA,Recursos Próprios,04/10/2026 05:47:24
BR062432026,BR,ATLASINTEL TECNOLOGIA DE DADOS LTDA,ATLASINTEL,19259002000128,S,2026-09-22,2026-09-22,2026-09-27,2026-09-28,1200,55000.00,3,texto,2.83,,1099,178,ATLASINTEL TECNOLOGIA DE DADOS LTDA,ATLASINTEL TECNOLOGIA DE DADOS LTDA,N,04/10/2026 05:47:24
BR065202026,BR,"QUAEST PESQUISAS, CONSULTORIA E PROJETOS LTDA.",,22445600000104,N,2026-09-22,2026-09-24,2026-09-27,2026-09-28,2004,314628.00,2,texto,2.19,,2968,570,GLOBO COMUNICACAO E PARTICIPACOES S/A / TV/REDE/GLOBO.COM/CANAIS GLOBO/GLOBOPLAY/ELETROMIDIA | EDITORA GLOBO S/A / EDITORA GLOBO,GLOBO COMUNICACAO E PARTICIPACOES S/A / TV/REDE/GLOBO.COM/CANAIS GLOBO/GLOBOPLAY/ELETROMIDIA | EDITORA GLOBO S/A / EDITORA GLOBO,S | S,04/10/2026 05:47:24
BR073232026,BR,AMERICAN ANALYTICS DO BRASIL CONSULTORIA LTDA,AMERICAN ANALYTICS,34972238000109,N,2026-09-22,2026-09-23,2026-09-27,2026-09-28,1000,30000.00,3.1,texto,3.10,,3013,175,TIMES BRASIL MEDIA LTDA,TIMES BRASIL MEDIA LTDA,Recursos Próprios,04/10/2026 05:47:24
BR074012026,BR,ATLASINTEL TECNOLOGIA DE DADOS LTDA,ATLASINTEL,19259002000128,S,2026-09-22,2026-09-22,2026-09-27,2026-09-28,1800,75000.00,2,texto,2.31,,1094,173,ATLASINTEL TECNOLOGIA DE DADOS LTDA,ATLASINTEL TECNOLOGIA DE DADOS LTDA,N,04/10/2026 05:47:24
BR075572026,BR,NEXUS PESQUISA E INTELIGENCIA DE DADOS LTDA,NEXUS,11077560000160,N,2026-09-22,2026-09-25,2026-09-27,2026-09-28,2000,164888.89,2,texto,2.19,,1812,474,BANCO BTG PACTUAL S.A.,BANCO BTG PACTUAL S.A.,S,04/10/2026 05:47:24
BR089842026,BR,ATLASINTEL TECNOLOGIA DE DADOS LTDA,ATLASINTEL,19259002000128,S,2026-09-22,2026-09-22,2026-09-27,2026-09-28,1800,75000.00,2,texto,2.31,,1092,171,ATLASINTEL TECNOLOGIA DE DADOS LTDA,ATLASINTEL TECNOLOGIA DE DADOS LTDA,N,04/10/2026 05:47:24
BR092782026,BR,ATLASINTEL TECNOLOGIA DE DADOS LTDA,ATLASINTEL,19259002000128,S,2026-09-22,2026-09-22,2026-09-27,2026-09-28,1800,75000.00,2,texto,2.31,,1088,168,ATLASINTEL TECNOLOGIA DE DADOS LTDA,ATLASINTEL TECNOLOGIA DE DADOS LTDA,N,04/10/2026 05:47:24
BR097832026,BR,NEOBE GESTAO E SERVICOS LTDA,NEOKEMP PESQUISAS,29855711000120,N,2026-09-22,2026-09-24,2026-09-27,2026-09-28,1008,25000.00,3.1,texto,3.09,Universo: Eleitores do Estado do Paraná com 16 (dezesseis) anos ou mais,3281,789,JORNAL O CORREIO DO POVO LTDA / JORNAL O CORREIO DO POVO,JORNAL O CORREIO DO POVO LTDA / JORNAL O CORREIO DO POVO,S,04/10/2026 05:47:24
BR005312026,BR,"QUAEST PESQUISAS, CONSULTORIA E PROJETOS LTDA.",,22445600000104,N,2026-09-23,2026-09-25,2026-09-28,2026-09-29,1104,128064.00,3,texto,2.95,,2706,720,GLOBO COMUNICACAO E PARTICIPACOES S/A / TV/REDE/GLOBO.COM/CANAIS GLOBO/GLOBOPLAY/ELETROMIDIA,GLOBO COMUNICACAO E PARTICIPACOES S/A / TV/REDE/GLOBO.COM/CANAIS GLOBO/GLOBOPLAY/ELETROMIDIA,S,04/10/2026 05:47:24
BR006432026,BR,INSTITUTO DATATRENDS LTDA,DATATRENDS,51772470000104,S,2026-09-25,2026-09-26,2026-09-28,2026-10-01,1200,30000.00,2.83,texto,2.83,"universo com 16 anos ou mais e excluídos os registros de 15 anos e idade inválida: 16 a 24 anos, 14,8%; 25 a 34 anos, 20",3979,1221,INSTITUTO DATATRENDS LTDA,INSTITUTO DATATRENDS LTDA,N,04/10/2026 05:47:24
BR008952026,BR,INSTITUTO VOX BRASIL OPINIAO E PESQUISAS LTDA,,45613076000120,S,2026-09-23,2026-09-26,2026-09-28,2026-09-29,2100,50000.00,2.15,texto,2.14,,2396,340,INSTITUTO VOX BRASIL OPINIAO E PESQUISAS LTDA,INSTITUTO VOX BRASIL OPINIAO E PESQUISAS LTDA,N,04/10/2026 05:47:24
BR011462026,BR,ASN PESQUISAS PUBLICAS LTDA,ASN PESQUISAS PUBLICAS,51617475000162,S,2026-09-21,2026-09-25,2026-09-28,2026-09-27,700,20000.00,3.7,texto,3.70,Universo de eleitores do município de Santo André-SP,1090,613,ASN PESQUISAS PUBLICAS LTDA,ASN PESQUISAS PUBLICAS LTDA,N,04/10/2026 05:47:24
BR012802026,BR,INSTITUTO VOX BRASIL OPINIAO E PESQUISAS LTDA,,45613076000120,S,2026-09-23,2026-09-27,2026-09-28,2026-09-29,1200,10000.00,2.82,texto,2.83,,2568,375,INSTITUTO VOX BRASIL OPINIAO E PESQUISAS LTDA,INSTITUTO VOX BRASIL OPINIAO E PESQUISAS LTDA,N,04/10/2026 05:47:24
BR015742026,BR,NELSON RANNIERI TIRONE LTDA,STATS - PESQUISA E GESTAO,48106687000170,N,2026-09-23,2026-09-23,2026-09-28,2026-09-29,600,11000.00,4,texto,4.00,universo é de 236,2193,1642,ASSOCIACAO PARA O DESENVOLVIMENTO DE UBERABA - ADUB / ADUB - ASSOCIACAO PARA O DESENVOLVIMENTO DE UBERABA,ASSOCIACAO PARA O DESENVOLVIMENTO DE UBERABA - ADUB / ADUB - ASSOCIACAO PARA O DESENVOLVIMENTO DE UBERABA,S,04/10/2026 05:47:24
BR016552026,BR,ASN PESQUISAS PUBLICAS LTDA,ASN PESQUISAS PUBLICAS,51617475000162,S,2026-09-24,2026-09-26,2026-09-28,2026-09-30,700,20000.00,3.7,texto,3.70,Universo de eleitores do município de Santo André-SP,1091,613,ASN PESQUISAS PUBLICAS LTDA,ASN PESQUISAS PUBLICAS LTDA,N,04/10/2026 05:47:24
BR029902026,BR,PALVER CONSULTORIA E DESENVOLVIMENTO TECNOLOGICO LTDA.,PALVER,41522141000151,S,2026-09-23,2026-09-24,2026-09-28,2026-09-29,5000,30000.00,4,texto,1.39,,2562,549,PALVER CONSULTORIA E DESENVOLVIMENTO TECNOLOGICO LTDA.,PALVER CONSULTORIA E DESENVOLVIMENTO TECNOLOGICO LTDA.,N,04/10/2026 05:47:24
BR035342026,BR,"QUAEST PESQUISAS, CONSULTORIA E PROJETOS LTDA.",,22445600000104,N,2026-09-23,2026-09-25,2026-09-28,2026-09-29,1302,158844.00,3,texto,2.72,,2968,728,GLOBO COMUNICACAO E PARTICIPACOES S/A / TV/REDE/GLOBO.COM/CANAIS GLOBO/GLOBOPLAY/ELETROMIDIA,GLOBO COMUNICACAO E PARTICIPACOES S/A / TV/REDE/GLOBO.COM/CANAIS GLOBO/GLOBOPLAY/ELETROMIDIA,S,04/10/2026 05:47:24
BR035362026,BR,ATLASINTEL TECNOLOGIA DE DADOS LTDA,ATLASINTEL,19259002000128,S,2026-09-23,2026-09-23,2026-09-28,2026-09-29,1200,55000.00,3,texto,2.83,,1099,178,ATLASINTEL TECNOLOGIA DE DADOS LTDA,ATLASINTEL TECNOLOGIA DE DADOS LTDA,N,04/10/2026 05:47:24
BR038752026,BR,REAL TIME MIDIA LTDA,REAL TIME BIG DATA,22345021000181,S,2026-09-23,2026-09-24,2026-09-28,2026-09-29,1600,20000.00,2,texto,2.45,,3246,388,REAL TIME MIDIA LTDA,REAL TIME MIDIA LTDA,N,04/10/2026 05:47:24
BR041942026,BR,ATLASINTEL TECNOLOGIA DE DADOS LTDA,ATLASINTEL,19259002000128,N,2026-09-23,2026-09-23,2026-09-28,2026-09-29,1800,55000.00,3,texto,2.31,,1084,164,FOCUS COMUNICACAO E MIDIA LTDA,FOCUS COMUNICACAO E MIDIA LTDA,S,04/10/2026 05:47:24
BR043912026,BR,ATLASINTEL TECNOLOGIA DE DADOS LTDA,ATLASINTEL,19259002000128,S,2026-09-23,2026-09-23,2026-09-28,2026-09-29,5000,75000.00,1,texto,1.39,,1060,165,ATLASINTEL TECNOLOGIA DE DADOS LTDA,ATLASINTEL TECNOLOGIA DE DADOS LTDA,N,04/10/2026 05:47:24
BR044822026,BR,REAL TIME MIDIA LTDA,REAL TIME BIG DATA,22345021000181,S,2026-09-23,2026-09-24,2026-09-28,2026-09-29,1600,20000.00,2,texto,2.45,,3363,388,REAL TIME MIDIA LTDA,REAL TIME MIDIA LTDA,N,04/10/2026 05:47:24
BR051552026,BR,"QUAEST PESQUISAS, CONSULTORIA E PROJETOS LTDA.",,22445600000104,N,2026-09-23,2026-09-25,2026-09-28,2026-09-29,1800,216900.00,2,texto,2.31,,2968,723,GLOBO COMUNICACAO E PARTICIPACOES S/A / TV/REDE/GLOBO.COM/CANAIS GLOBO/GLOBOPLAY/ELETROMIDIA,GLOBO COMUNICACAO E PARTICIPACOES S/A / TV/REDE/GLOBO.COM/CANAIS GLOBO/GLOBOPLAY/ELETROMIDIA,S,04/10/2026 05:47:24
BR058692026,BR,JOTA JORNALISMO S/A,JOTA JORNALISMO,21050733000100,S,2026-09-23,2026-09-03,2026-09-28,2026-09-29,6000,110000.00,13.5,texto,1.27,,692,165,JOTA JORNALISMO S/A,JOTA JORNALISMO S/A,N,04/10/2026 05:47:24
BR074222026,BR,ATLASINTEL TECNOLOGIA DE DADOS LTDA,ATLASINTEL,19259002000128,N,2026-09-23,2026-09-23,2026-09-28,2026-09-29,1200,80000.00,3,texto,2.83,,1085,164,SISTEMA TIMON DE RADIODIFUSAO LTDA. / TV MEIO NORTE,SISTEMA TIMON DE RADIODIFUSAO LTDA. / TV MEIO NORTE,S,04/10/2026 05:47:24
BR074722026,BR,NOVA IBRAPE PESQUISAS DE OPINIAO PUBLICA LTDA,NOVO IBRAPE,42098826000185,N,2026-09-23,2026-09-23,2026-09-28,2026-09-29,1000,29000.00,3,texto,3.10,universo correspondente ao público-alvo da pesquisa,3558,566,CAMPO GRANDE NOTICIAS LTDA / CAMPO GRANDE NEWS LTDA,CAMPO GRANDE NOTICIAS LTDA / CAMPO GRANDE NEWS LTDA,S,04/10/2026 05:47:24
BR082892026,BR,"QUAEST PESQUISAS, CONSULTORIA E PROJETOS LTDA.",,22445600000104,N,2026-09-23,2026-09-25,2026-09-28,2026-09-29,1302,173166.00,3,texto,2.72,,2968,724,GLOBO COMUNICACAO E PARTICIPACOES S/A / TV/REDE/GLOBO.COM/CANAIS GLOBO/GLOBOPLAY/ELETROMIDIA,GLOBO COMUNICACAO E PARTICIPACOES S/A / TV/REDE/GLOBO.COM/CANAIS GLOBO/GLOBOPLAY/ELETROMIDIA,S,04/10/2026 05:47:24
BR084672026,BR,"QUAEST PESQUISAS, CONSULTORIA E PROJETOS LTDA.",,22445600000104,N,2026-09-23,2026-09-25,2026-09-28,2026-09-29,1506,212346.00,3,texto,2.53,,2968,726,GLOBO COMUNICACAO E PARTICIPACOES S/A / TV/REDE/GLOBO.COM/CANAIS GLOBO/GLOBOPLAY/ELETROMIDIA,GLOBO COMUNICACAO E PARTICIPACOES S/A / TV/REDE/GLOBO.COM/CANAIS GLOBO/GLOBOPLAY/ELETROMIDIA,S,04/10/2026 05:47:24
BR085462026,BR,REAL TIME MIDIA LTDA,REAL TIME BIG DATA,22345021000181,S,2026-09-23,2026-09-24,2026-09-28,2026-09-29,1600,20000.00,2,texto,2.45,,3385,399,REAL TIME MIDIA LTDA,REAL TIME MIDIA LTDA,N,04/10/2026 05:47:24
BR087062026,BR,BOAS IDEIAS INTELIGENCIA EM PESQUISA E ESTRATEGIA DIGITAL LTDA,"BOAS IDEIAS, ESTRATEGIA E INTELIGENCIA DIGITAL.",13475743000160,N,2026-09-24,2026-09-25,2026-09-28,2026-09-30,2000,46000.00,13,texto,2.19,,1571,158,CANAL MEIO S.A.,CANAL MEIO S.A.,S,04/10/2026 05:47:24
BR098522026,BR,PNH PESQUISA DE MERCADO E OPINIAO PUBLICA LTDA.,AFFARE INSTITUTE,47683946000163,N,2026-09-25,2026-09-26,2026-09-28,2026-10-01,1000,15000.00,3.8,texto,3.10,"Universo: eleitorado apto do Rio Grande do Norte, 2",3131,2844,BG MIDIAS E ASSESSORIA DIGITAL LTDA / BG MIDIAS,BG MIDIAS E ASSESSORIA DIGITAL LTDA / BG MIDIAS,S,04/10/2026 05:47:24
BR098912026,BR,REAL TIME MIDIA LTDA,REAL TIME BIG DATA,22345021000181,S,2026-09-23,2026-09-24,2026-09-28,2026-09-29,2000,30000.00,2,texto,2.19,,3387,391,REAL TIME MIDIA LTDA,REAL TIME MIDIA LTDA,N,04/10/2026 05:47:24
BR099522026,BR,100% CIDADES PARTICIPACOES LTDA,100 CIDADES,52908063000144,N,2026-09-23,2026-09-24,2026-09-28,2026-09-29,1000,80000.00,3.1,texto,3.10,,2895,461,FUTURA CONSULTORIA E ASSESSORIA LTDA / FUTURA,FUTURA CONSULTORIA E ASSESSORIA LTDA / FUTURA,S,04/10/2026 05:47:24
BR006332026,BR,ATLASINTEL TECNOLOGIA DE DADOS LTDA,ATLASINTEL,19259002000128,N,2026-09-24,2026-09-24,2026-09-29,2026-09-30,2000,75000.00,2,texto,2.19,,1084,164,EMPRESA EDITORA A TARDE S A / A TARDE,EMPRESA EDITORA A TARDE S A / A TARDE,S,04/10/2026 05:47:24
BR006982026,BR,INSTITUTO INDEXA PESQUISAS LTDA,INDEXA PESQUISAS,10340949000194,N,2026-09-24,2026-09-27,2026-09-29,2026-09-30,2000,164000.00,2.2,texto,2.19,,3270,368,AGENCIA ESTADO S.A / AGENCIA ESTADO,AGENCIA ESTADO S.A / AGENCIA ESTADO,S,04/10/2026 05:47:24
BR011222026,BR,100% CIDADES PARTICIPACOES LTDA,100 CIDADES,52908063000144,N,2026-09-24,2026-09-24,2026-09-29,2026-09-30,2000,160000.00,2.2,texto,2.19,,3153,454,FUTURA CONSULTORIA E ASSESSORIA LTDA / FUTURA,FUTURA CONSULTORIA E ASSESSORIA LTDA / FUTURA,S,04/10/2026 05:47:24
BR015982026,BR,PERFIL PESQUISAS TECNICAS LTDA,PERFIL PESQUISAS TECNICAS,40808743000107,N,2026-09-25,2026-09-26,2026-09-29,2026-10-01,2000,15000.00,2.19,texto,2.19,"universo composto pelos eleitores do estado do Rio Grande do Norte, a aleatorização da amostra foi planejada sobre a cob",2545,197,BG MIDIAS E ASSESSORIA DIGITAL LTDA / BG MIDIAS,BG MIDIAS E ASSESSORIA DIGITAL LTDA / BG MIDIAS,S,04/10/2026 05:47:24
BR018142026,BR,INSTITUTO DATATRENDS LTDA,DATATRENDS,51772470000104,N,2026-09-27,2026-09-28,2026-09-29,2026-10-03,400,12000.00,4.85,texto,4.90,,3101,1150,ELEICAO 2026 ANTONIO DE MORAIS ANDRADE NETO DEPUTADO ESTADUAL,ELEICAO 2026 ANTONIO DE MORAIS ANDRADE NETO DEPUTADO ESTADUAL,S,04/10/2026 05:47:24
BR039022026,BR,DOXA ARTE & COMUNICAO S/S LTDA,DOXA,07317438000147,S,2026-09-25,2026-09-25,2026-09-29,2026-10-01,800,40000.00,3.5,texto,3.46,,3309,440,DOXA ARTE & COMUNICAO S/S LTDA,DOXA ARTE & COMUNICAO S/S LTDA,N,04/10/2026 05:47:24
BR051932026,BR,REAL TIME MIDIA LTDA,REAL TIME BIG DATA,22345021000181,N,2026-09-24,2026-09-25,2026-09-29,2026-09-30,2000,20000.00,2,texto,2.19,,3387,396,3 PODERES MIDIA E COMUNICACAO LTDA / 3 PODERES,3 PODERES MIDIA E COMUNICACAO LTDA / 3 PODERES,S,04/10/2026 05:47:24
BR055222026,BR,PIAUI VOX INSTITUTO DE PESQUISA E ASSESSORIA CONTABIL LTDA,PIAUI VOX,50969132000102,N,2026-09-24,2026-09-27,2026-09-29,2026-09-30,500,7500.00,4.38,texto,4.38,,785,1831,R10 COMUNICACAO LTDA / PORTAL R10,R10 COMUNICACAO LTDA / PORTAL R10,S,04/10/2026 05:47:24
BR058472026,BR,INSTITUTO FRANCA DE PESQUISAS LTDA,INSTITUTO FRANCA DE PESQUISA PESQUISA E ASSESSORIA,24899123000174,S,2026-09-27,2026-09-24,2026-09-29,2026-10-03,1141,20000.00,2.9,texto,2.90,Universo: eleitoras e eleitores com 16 anos de idade ou mais,3233,655,INSTITUTO FRANCA DE PESQUISAS LTDA,INSTITUTO FRANCA DE PESQUISAS LTDA,N,04/10/2026 05:47:24
BR072872026,BR,BOAS IDEIAS INTELIGENCIA EM PESQUISA E ESTRATEGIA DIGITAL LTDA,"BOAS IDEIAS, ESTRATEGIA E INTELIGENCIA DIGITAL.",13475743000160,N,2026-09-25,2026-09-25,2026-09-29,2026-10-01,1000,35000.00,11,texto,3.10,,1571,169,SISTEMA MINEIRO DE COMUNICACAO LTDA,SISTEMA MINEIRO DE COMUNICACAO LTDA,S,04/10/2026 05:47:24
BR076472026,BR,PERCENT PESQUISA DE MERCADO E OPINIAO LTDA,PERCENT PESQUISA DE MERCADO E OPINIAO,10544202000158,S,2026-09-24,2026-09-26,2026-09-29,2026-09-30,1200,30000.00,2.83,texto,2.83,,1569,1011,PERCENT PESQUISA DE MERCADO E OPINIAO LTDA,PERCENT PESQUISA DE MERCADO E OPINIAO LTDA,N,04/10/2026 05:47:24
BR084762026,BR,F. FACANHA DE ALMEIDA,DELTA AGENCIA DE PESQUISA,08984712000102,N,2026-09-24,2026-09-23,2026-09-29,2026-09-30,800,30000.00,3.5,texto,3.46,universo pesquisa é o mesmo daquele encontrado na amostra não sendo necessário nenhum tipo de ponderação,1446,254,W.D COMERCIO E SERVICOS LTDA / W.D EMPREENDIMENTOS,W.D COMERCIO E SERVICOS LTDA / W.D EMPREENDIMENTOS,S,04/10/2026 05:47:24
BR098162026,BR,AGILI PESQUISAS E MARKETING EIRELI,AGILI PESQUISAS,09610985000141,N,2026-09-24,2026-09-24,2026-09-29,2026-09-30,1200,22500.00,2.8,texto,2.83,Universo: Eleitores do Estado do Espírito Santo,2519,580,BRAND CONSULTORIA E GESTAO LTDA,BRAND CONSULTORIA E GESTAO LTDA,S,04/10/2026 05:47:24
BR098702026,BR,MENSURY PESQUISAS LTDA,DATA PLUS PESQUISA E CONSULTORIA,31958173000140,N,2026-09-28,2026-09-28,2026-09-29,2026-10-04,400,4000.00,4.9,texto,4.90,"universo da pesquisa foi constituído pelo eleitorado do município de Pau dos Ferros, Estado do Rio Grande do Norte, com ",1868,590,BRUNO E P BARRETO CIRILO / BLOG DO BARRETO,BRUNO E P BARRETO CIRILO / BLOG DO BARRETO,S,04/10/2026 05:47:24
BR002422026,BR,EXATUS CONSULTORIA E PESQUISA LTDA,EXATUS CONSULTORIA E PESQUISA,36443750000185,N,2026-09-25,2026-09-28,2026-09-30,2026-10-01,1500,30000.00,2.53,texto,2.53,"universo com 16 anos ou mais e excluídos os registros de 15 anos e idade inválida: 16 a 24 anos, 12,9%; 25 a 34 anos, 19",3660,1218,A DE O VIANA EDITORA E COMUNICACAO LTDA / GRUPO AGORA RN,A DE O VIANA EDITORA E COMUNICACAO LTDA / GRUPO AGORA RN,S,04/10/2026 05:47:24
BR007592026,BR,LUIZ MIGUEL DE OLIVEIRA,L3 SISTEMAS E CONSULTORIA,05696791000150,N,2026-09-28,2026-09-29,2026-09-30,2026-10-03,300,2000.00,5.36,texto,5.66,"universo pesquisado, preservando o tamanho total da amostra Considerando um nivel de confiança de 95% a margem de erro m",2901,845,pessoa_fisica,pessoa_fisica,S,04/10/2026 05:47:24
BR019742026,BR,METADATA SOLUCOES INTELIGENTES LTDA,METADATA,41744280000120,S,2026-09-26,2026-09-28,2026-09-30,2026-10-02,1536,50000.00,2.5,texto,2.50,"Universo: eleitorado apto do Rio Grande do Norte, 2",3883,1781,METADATA SOLUCOES INTELIGENTES LTDA,METADATA SOLUCOES INTELIGENTES LTDA,N,04/10/2026 05:47:24
BR024212026,BR,INSTITUTO DE PESQUISAS PERFIL LTDA,,10175843000182,S,2026-09-24,2026-09-28,2026-09-30,2026-09-30,500,16000.00,4.36,texto,4.38,"universo, adotou-se um delineamento amostral probabilístico em três etapas:",2851,875,INSTITUTO DE PESQUISAS PERFIL LTDA,INSTITUTO DE PESQUISAS PERFIL LTDA,N,04/10/2026 05:47:24
BR024442026,BR,SETA INSTITUTO DE PESQUISA LTDA,INSTITUTO SETA DE PESQUISA,10783981000144,S,2026-09-25,2026-09-27,2026-09-30,2026-10-01,1500,15000.00,2.5,texto,2.53,,2067,186,SETA INSTITUTO DE PESQUISA LTDA,SETA INSTITUTO DE PESQUISA LTDA,N,04/10/2026 05:47:24
BR027242026,BR,DATA CONTROL INSTITUTO DE PESQUISA LTDA - ME,DATA CONTROL INSTITUTO DE PESQUISA,02170847000140,S,2026-09-23,2026-09-24,2026-09-30,2026-09-29,1000,15000.00,3.1,texto,3.10,,3175,947,DATA CONTROL INSTITUTO DE PESQUISA LTDA - ME,DATA CONTROL INSTITUTO DE PESQUISA LTDA - ME,N,04/10/2026 05:47:24
BR036162026,BR,CERRADO PESQUISAS PRODUCOES E EVENTOS LTDA,CERRADO PESQUISAS E CONSULTORIA,13805175000118,S,2026-09-25,2026-09-28,2026-09-30,2026-10-01,706,3000.00,3.5,texto,3.69,universo: 290567,1110,359,CERRADO PESQUISAS PRODUCOES E EVENTOS LTDA,CERRADO PESQUISAS PRODUCOES E EVENTOS LTDA,N,04/10/2026 05:47:24
BR036542026,BR,MT DADOS ASSESSORIA E MARKETING LTDA,MT DADOS PESQUISAS,11100635000187,S,2026-09-25,2026-09-25,2026-09-30,2026-10-01,3080,65000.00,3,texto,1.77,,1290,916,MT DADOS ASSESSORIA E MARKETING LTDA,MT DADOS ASSESSORIA E MARKETING LTDA,N,04/10/2026 05:47:24
BR040742026,BR,PIMENTEL & CARPENTIERI CONSULTORIA DE MARKETING LTDA,PIMENTEL & CARPENTIERI CONSULTORIA DE MARKETING LTDA,44185256000196,S,2026-09-26,2026-09-28,2026-09-30,2026-10-02,1000,15000.00,,ausente,3.10,,921,296,PIMENTEL & CARPENTIERI CONSULTORIA DE MARKETING LTDA,PIMENTEL & CARPENTIERI CONSULTORIA DE MARKETING LTDA,N,04/10/2026 05:47:24
BR042522026,BR,INSTITUTO DATATRENDS LTDA,DATATRENDS,51772470000104,S,2026-09-26,2026-09-28,2026-09-30,2026-10-02,1200,15000.00,2.83,texto,2.83,universo com 16 anos ou mais e excluídos da apuração dessa variável os registros de 15 anos e de idade inválida: 16 a 24,3875,2941,INSTITUTO DATATRENDS LTDA,INSTITUTO DATATRENDS LTDA,N,04/10/2026 05:47:24
BR043902026,BR,INSTITUTO DATATRENDS LTDA,DATATRENDS,51772470000104,S,2026-09-26,2026-09-28,2026-09-30,2026-10-02,1200,15000.00,2.83,texto,2.83,universo com 16 anos ou mais e excluídos da apuração dessa variável os registros de 15 anos e de idade inválida: 16 a 24,3537,2393,INSTITUTO DATATRENDS LTDA,INSTITUTO DATATRENDS LTDA,N,04/10/2026 05:47:24
BR044142026,BR,INSTITUTO DATATRENDS LTDA,DATATRENDS,51772470000104,S,2026-09-26,2026-09-28,2026-09-30,2026-10-02,1200,25000.00,2.19,texto,2.83,,2761,2394,INSTITUTO DATATRENDS LTDA,INSTITUTO DATATRENDS LTDA,N,04/10/2026 05:47:24
BR053622026,BR,PROMIDIA PESQUISA DE OPINIAO PUBLICA E MARKETING LTDA,PROMIDIA PESQUISAS DE OPINIAO PUBLICA,54078523000180,N,2026-09-26,2026-09-25,2026-09-30,2026-10-02,1230,70000.00,2.8,texto,2.79,,2226,204,EXPRESSO FM E RADIODIFUSAO LTDA,EXPRESSO FM E RADIODIFUSAO LTDA,S,04/10/2026 05:47:24
BR057202026,BR,DOXA ARTE & COMUNICAO S/S LTDA,DOXA,07317438000147,S,2026-09-27,2026-09-27,2026-09-30,2026-10-03,800,30000.00,3.5,texto,3.46,,3309,440,DOXA ARTE & COMUNICAO S/S LTDA,DOXA ARTE & COMUNICAO S/S LTDA,N,04/10/2026 05:47:24
BR064232026,BR,DOXA ARTE & COMUNICAO S/S LTDA,DOXA,07317438000147,S,2026-09-27,2026-09-27,2026-09-30,2026-10-03,2000,40000.00,2.2,texto,2.19,,2836,416,DOXA ARTE & COMUNICAO S/S LTDA,DOXA ARTE & COMUNICAO S/S LTDA,N,04/10/2026 05:47:24
BR067072026,BR,DOXA ARTE & COMUNICAO S/S LTDA,DOXA,07317438000147,S,2026-09-27,2026-09-27,2026-09-30,2026-10-03,2000,40000.00,2.2,texto,2.19,,2726,452,DOXA ARTE & COMUNICAO S/S LTDA,DOXA ARTE & COMUNICAO S/S LTDA,N,04/10/2026 05:47:24
BR078642026,BR,VILANI E BARBOSA NEGOCIOS LTDA,DATA RD,31884294000195,N,2026-09-26,2026-09-26,2026-09-30,2026-10-02,1495,12870.00,2.53,texto,2.53,universo de eleitores com acesso a telefone,3653,3425,MIDDAS COMUNICACAO E PUBLICIDADE LTDA / MIDDAS COMUNICACAO,MIDDAS COMUNICACAO E PUBLICIDADE LTDA / MIDDAS COMUNICACAO,S,04/10/2026 05:47:24
BR078982026,BR,LUIZ MIGUEL DE OLIVEIRA,L3 SISTEMAS E CONSULTORIA,05696791000150,N,2026-09-27,2026-09-28,2026-09-30,2026-10-03,602,2500.00,3.85,texto,3.99,"universo pesquisado, preservando o tamanho total da amostra",2933,842,pessoa_fisica,pessoa_fisica,S,04/10/2026 05:47:24
BR079022026,BR,SETA INSTITUTO DE PESQUISA LTDA,INSTITUTO SETA DE PESQUISA,10783981000144,S,2026-09-25,2026-09-27,2026-09-30,2026-10-01,1500,15000.00,2.5,texto,2.53,,2068,181,SETA INSTITUTO DE PESQUISA LTDA,SETA INSTITUTO DE PESQUISA LTDA,N,04/10/2026 05:47:24
BR081842026,BR,TS2 SOLUCOES EMPRESARIAL LTDA,TS2 SOLUCOES,38061259000115,N,2026-09-25,2026-09-26,2026-09-30,2026-10-01,1800,46204.00,2.3,texto,2.31,,3964,329,SISTEMA OESTE DE COMUNICACAO LTDA / TCM TV CABO MOSSORO,SISTEMA OESTE DE COMUNICACAO LTDA / TCM TV CABO MOSSORO,S,04/10/2026 05:47:24
BR087482026,BR,ERIVALDO TRINDADE DE ARAUJO,ITEM PESQUISAS TECNICAS,10307514000148,N,2026-09-26,2026-09-28,2026-09-30,2026-10-02,800,7500.00,3.46,texto,3.46,,1922,639,RADIO DIFUSORA DE MOSSORO SA / RADIO DIFUSORA,RADIO DIFUSORA DE MOSSORO SA / RADIO DIFUSORA,S,04/10/2026 05:47:24
BR095032026,BR,REAL TIME MIDIA LTDA,REAL TIME BIG DATA,22345021000181,S,2026-09-25,2026-09-26,2026-09-30,2026-10-01,2000,30000.00,2,texto,2.19,,3354,373,REAL TIME MIDIA LTDA,REAL TIME MIDIA LTDA,N,04/10/2026 05:47:24
BR097492026,BR,RANKING BRASIL INTELIGENCIA LTDA,RANKING BRASIL INTELIGENCIA,49860741000131,N,2026-09-25,2026-09-27,2026-09-30,2026-10-01,2000,20000.00,2.2,texto,2.19,,3855,303,RADIO FM D A LTDA / RADIO FM D.A.,RADIO FM D A LTDA / RADIO FM D.A.,Recursos Próprios,04/10/2026 05:47:24
BR097952026,BR,INSTITUTO DATATRENDS LTDA,DATATRENDS,51772470000104,S,2026-09-26,2026-09-28,2026-09-30,2026-10-02,1200,30000.00,2.83,texto,2.83,"universo com 16 anos ou mais e excluídos os registros de 15 anos e idade inválida: 16 a 24 anos, 13,1%; 25 a 34 anos, 19",3965,1224,INSTITUTO DATATRENDS LTDA,INSTITUTO DATATRENDS LTDA,N,04/10/2026 05:47:24
BR001482026,BR,INSTITUTO VOX BRASIL OPINIAO E PESQUISAS LTDA,,45613076000120,S,2026-09-26,2026-09-29,2026-10-01,2026-10-02,2100,50000.00,2.15,texto,2.14,,2396,340,INSTITUTO VOX BRASIL OPINIAO E PESQUISAS LTDA,INSTITUTO VOX BRASIL OPINIAO E PESQUISAS LTDA,N,04/10/2026 05:47:24
BR005972026,BR,NEOBE GESTAO E SERVICOS LTDA,NEOKEMP PESQUISAS,29855711000120,N,2026-09-25,2026-09-29,2026-10-01,2026-10-01,1008,25000.00,3.1,texto,3.09,Universo: Eleitores do Estado de Santa Catarina com 16 (dezesseis) anos ou mais,3297,797,JORNAL O CORREIO DO POVO LTDA / JORNAL O CORREIO DO POVO,JORNAL O CORREIO DO POVO LTDA / JORNAL O CORREIO DO POVO,S,04/10/2026 05:47:24
BR009502026,BR,DATAFOLHA INSTITUTO DE PESQUISAS LTDA.,,07630546000175,N,2026-09-25,2026-09-28,2026-10-01,2026-10-01,1204,153527.92,3,texto,2.82,Universo: Eleitorado do estado de Pernambuco,2592,217,EMPRESA FOLHA DA MANHA S.A. | GLOBO COMUNICACAO E PARTICIPACOES S/A / TV/REDE/GLOBO.COM/CANAIS GLOBO/GLOBOPLAY/ELETROMIDIA,EMPRESA FOLHA DA MANHA S.A. | GLOBO COMUNICACAO E PARTICIPACOES S/A / TV/REDE/GLOBO.COM/CANAIS GLOBO/GLOBOPLAY/ELETROMIDIA,S | S,04/10/2026 05:47:24
BR012722026,BR,DATAFOLHA INSTITUTO DE PESQUISAS LTDA.,,07630546000175,N,2026-09-25,2026-09-28,2026-10-01,2026-10-01,1204,130418.94,3,texto,2.82,Universo: Eleitorado do estado do Rio de Janeiro,2533,220,EMPRESA FOLHA DA MANHA S.A. | GLOBO COMUNICACAO E PARTICIPACOES S/A / TV/REDE/GLOBO.COM/CANAIS GLOBO/GLOBOPLAY/ELETROMIDIA,EMPRESA FOLHA DA MANHA S.A. | GLOBO COMUNICACAO E PARTICIPACOES S/A / TV/REDE/GLOBO.COM/CANAIS GLOBO/GLOBOPLAY/ELETROMIDIA,S | S,04/10/2026 05:47:24
BR013462026,BR,INSTITUTO VERITA LTDA,VERITA,00654576000172,S,2026-09-26,2026-09-26,2026-10-01,2026-10-02,1220,93940.00,3,texto,2.81,universo de eleitores aptos com 16 anos ou mais,3715,1413,INSTITUTO VERITA LTDA,INSTITUTO VERITA LTDA,N,04/10/2026 05:47:24
BR014482026,BR,BADRA COMUNICACAO LTDA,BADRA COMUNICACAO,04209958000148,S,2026-09-26,2026-09-29,2026-10-01,2026-10-02,1060,18000.00,3,texto,3.01,"universo, ou seja, o eleitorado do Distrito Federal",2012,665,BADRA COMUNICACAO LTDA,BADRA COMUNICACAO LTDA,N,04/10/2026 05:47:24
BR017702026,BR,INSTITUTO VERITA LTDA,VERITA,00654576000172,S,2026-09-26,2026-09-26,2026-10-01,2026-10-02,1525,117425.00,2.5,texto,2.51,universo de eleitores aptos com 16 anos ou mais,3708,1413,INSTITUTO VERITA LTDA,INSTITUTO VERITA LTDA,N,04/10/2026 05:47:24
BR018922026,BR,ANOVA - INOVACAO E INTELIGENCIA EM PESQUISAS LTDA,ANOVA INSTITUTO DE PESQUISA,10956929000142,N,2026-09-26,2026-09-30,2026-10-01,2026-10-02,2000,20000.00,2.2,texto,2.19,,3840,241,PB AGORA SERVICOS DE INTERNET E COMUNICACOES LTDA / PB AGORA,PB AGORA SERVICOS DE INTERNET E COMUNICACOES LTDA / PB AGORA,S,04/10/2026 05:47:24
BR020682026,BR,INSTITUTO VERITA LTDA,VERITA,00654576000172,S,2026-09-26,2026-09-26,2026-10-01,2026-10-02,1220,93940.00,3,texto,2.81,universo de eleitores aptos com 16 anos ou mais,3713,1413,INSTITUTO VERITA LTDA,INSTITUTO VERITA LTDA,N,04/10/2026 05:47:24
BR022682026,BR,INSTITUTO VERITA LTDA,VERITA,00654576000172,S,2026-09-26,2026-09-26,2026-10-01,2026-10-02,1030,79310.00,3.5,texto,3.05,universo de eleitores aptos com 16 anos ou mais,3705,1410,INSTITUTO VERITA LTDA,INSTITUTO VERITA LTDA,N,04/10/2026 05:47:24
BR023122026,BR,INSTITUTO PARANA DE PESQUISAS E ANALISE DE CONSUMIDOR LTDA,,81908345000140,N,2026-09-26,2026-09-29,2026-10-01,2026-10-02,1504,105000.00,2.6,texto,2.53,,3597,218,FEDERACAO DAS INDUSTRIAS DO ESTADO DO TOCANTINS / FIETO,FEDERACAO DAS INDUSTRIAS DO ESTADO DO TOCANTINS / FIETO,S,04/10/2026 05:47:24
BR026762026,BR,DATAFOLHA INSTITUTO DE PESQUISAS LTDA.,,07630546000175,N,2026-09-25,2026-09-28,2026-10-01,2026-10-01,1610,185706.64,4,texto,2.44,Universo: Eleitorado do estado de São Paulo,2505,215,GLOBO COMUNICACAO E PARTICIPACOES S/A / TV/REDE/GLOBO.COM/CANAIS GLOBO/GLOBOPLAY/ELETROMIDIA | EMPRESA FOLHA DA MANHA S.A.,GLOBO COMUNICACAO E PARTICIPACOES S/A / TV/REDE/GLOBO.COM/CANAIS GLOBO/GLOBOPLAY/ELETROMIDIA | EMPRESA FOLHA DA MANHA S.A.,S | S,04/10/2026 05:47:24
BR026932026,BR,AMERICAN ANALYTICS DO BRASIL CONSULTORIA LTDA,AMERICAN ANALYTICS,34972238000109,N,2026-09-26,2026-09-27,2026-10-01,2026-10-02,1000,30000.00,3.1,texto,3.10,,3189,170,TIMES BRASIL MEDIA LTDA,TIMES BRASIL MEDIA LTDA,Recursos Próprios,04/10/2026 05:47:24
BR029812026,BR,INSTITUTO VERITA LTDA,VERITA,00654576000172,S,2026-09-26,2026-09-26,2026-10-01,2026-10-02,2020,155540.00,2.5,texto,2.18,universo de eleitores aptos com 16 anos ou mais,3701,1413,INSTITUTO VERITA LTDA,INSTITUTO VERITA LTDA,N,04/10/2026 05:47:24
BR034632026,BR,ERIVALDO TRINDADE DE ARAUJO,ITEM PESQUISAS TECNICAS,10307514000148,N,2026-09-26,2026-09-28,2026-10-01,2026-10-02,1250,15000.00,2.77,texto,2.77,,1860,630,RADIO DIFUSORA DE MOSSORO SA / RADIO DIFUSORA,RADIO DIFUSORA DE MOSSORO SA / RADIO DIFUSORA,S,04/10/2026 05:47:24
BR036042026,BR,DATAFOLHA INSTITUTO DE PESQUISAS LTDA.,,07630546000175,N,2026-09-25,2026-09-28,2026-10-01,2026-10-01,1204,162051.60,6,texto,2.82,Universo: Eleitorado do estado de Minas Gerais,2483,219,EMPRESA FOLHA DA MANHA S.A. | GLOBO COMUNICACAO E PARTICIPACOES S/A / TV/REDE/GLOBO.COM/CANAIS GLOBO/GLOBOPLAY/ELETROMIDIA,EMPRESA FOLHA DA MANHA S.A. | GLOBO COMUNICACAO E PARTICIPACOES S/A / TV/REDE/GLOBO.COM/CANAIS GLOBO/GLOBOPLAY/ELETROMIDIA,S | S,04/10/2026 05:47:24
BR038732026,BR,BOAS IDEIAS INTELIGENCIA EM PESQUISA E ESTRATEGIA DIGITAL LTDA,"BOAS IDEIAS, ESTRATEGIA E INTELIGENCIA DIGITAL.",13475743000160,N,2026-09-27,2026-09-28,2026-10-01,2026-10-03,1000,51120.00,13,texto,3.10,,1571,167,NOVA COMUNICACAO INTEGRADA LTDA,NOVA COMUNICACAO INTEGRADA LTDA,S,04/10/2026 05:47:24
BR046702026,BR,M B BARROS CONSULTORIA LTDA - ME,INSTITUTO DATASENSUS,17159578000198,N,2026-09-26,2026-09-30,2026-10-01,2026-10-02,5000,60000.00,9.5,texto,1.39,"Universo: Eleitores com 16 anos ou mais, do estado de Alagoas",2130,269,EXITO ESTRATEGIA LTDA / EXITO ESTRATEGIA,EXITO ESTRATEGIA LTDA / EXITO ESTRATEGIA,S,04/10/2026 05:47:24
BR053422026,BR,INSTITUTO VERITA LTDA,VERITA,00654576000172,S,2026-09-26,2026-09-26,2026-10-01,2026-10-02,1220,93940.00,3,texto,2.81,universo de eleitores aptos com 16 anos ou mais,3709,1413,INSTITUTO VERITA LTDA,INSTITUTO VERITA LTDA,N,04/10/2026 05:47:24
BR059462026,BR,INSTITUTO VERITA LTDA,VERITA,00654576000172,S,2026-09-26,2026-09-26,2026-10-01,2026-10-02,1525,117425.00,2.5,texto,2.51,universo de eleitores aptos com 16 anos ou mais,3704,1413,INSTITUTO VERITA LTDA,INSTITUTO VERITA LTDA,N,04/10/2026 05:47:24
BR060952026,BR,INSTITUTO VERITA LTDA,VERITA,00654576000172,S,2026-09-26,2026-09-26,2026-10-01,2026-10-02,2030,156310.00,2.5,texto,2.18,universo de eleitores aptos com 16 anos ou mais,3705,1413,INSTITUTO VERITA LTDA,INSTITUTO VERITA LTDA,N,04/10/2026 05:47:24
BR071212026,BR,RUMON MARKETING DIGITAL E PESQUISAS LTDA,ACADEMIA DE PESQUISA,41555199000100,N,2026-09-27,2026-09-26,2026-10-01,2026-10-03,500,10000.00,4.4,texto,4.38,,2752,621,EVODIA COMUNICACAO LTDA,EVODIA COMUNICACAO LTDA,Recursos Próprios,04/10/2026 05:47:24
BR078282026,BR,RUMON MARKETING DIGITAL E PESQUISAS LTDA,ACADEMIA DE PESQUISA,41555199000100,N,2026-09-27,2026-09-26,2026-10-01,2026-10-03,400,15000.00,4.9,texto,4.90,,2778,629,EVODIA COMUNICACAO LTDA,EVODIA COMUNICACAO LTDA,N,04/10/2026 05:47:24
BR080272026,BR,INSTITUTO VERITA LTDA,VERITA,00654576000172,S,2026-09-26,2026-09-26,2026-10-01,2026-10-02,1030,79310.00,3.5,texto,3.05,universo de eleitores aptos com 16 anos ou mais,3706,1413,INSTITUTO VERITA LTDA,INSTITUTO VERITA LTDA,N,04/10/2026 05:47:24
BR080392026,BR,DATAFOLHA INSTITUTO DE PESQUISAS LTDA.,,07630546000175,N,2026-09-25,2026-09-28,2026-10-01,2026-10-01,2506,384552.00,4,texto,1.96,Universo: Eleitorado brasileiro,2240,216,EMPRESA FOLHA DA MANHA S.A. | GLOBO COMUNICACAO E PARTICIPACOES S/A / TV/REDE/GLOBO.COM/CANAIS GLOBO/GLOBOPLAY/ELETROMIDIA,EMPRESA FOLHA DA MANHA S.A. | GLOBO COMUNICACAO E PARTICIPACOES S/A / TV/REDE/GLOBO.COM/CANAIS GLOBO/GLOBOPLAY/ELETROMIDIA,S | S,04/10/2026 05:47:24
BR082742026,BR,INSTITUTO VERITA LTDA,VERITA,00654576000172,S,2026-09-26,2026-09-26,2026-10-01,2026-10-02,1220,93940.00,3,texto,2.81,universo de eleitores aptos com 16 anos ou mais,3711,1413,INSTITUTO VERITA LTDA,INSTITUTO VERITA LTDA,N,04/10/2026 05:47:24
BR084742026,BR,BADRA COMUNICACAO LTDA,BADRA COMUNICACAO,04209958000148,S,2026-09-26,2026-09-29,2026-10-01,2026-10-02,1500,18000.00,2.5,texto,2.53,"universo, ou seja, o eleitorado da Baixada Santista",2013,665,BADRA COMUNICACAO LTDA,BADRA COMUNICACAO LTDA,N,04/10/2026 05:47:24
BR085632026,BR,NEOBE GESTAO E SERVICOS LTDA,NEOKEMP PESQUISAS,29855711000120,N,2026-09-25,2026-09-29,2026-10-01,2026-10-01,1008,25000.00,3.1,texto,3.09,Universo: Eleitores do Estado do Paraná com 16 (dezesseis) anos ou mais,3281,789,JORNAL O CORREIO DO POVO LTDA / JORNAL O CORREIO DO POVO,JORNAL O CORREIO DO POVO LTDA / JORNAL O CORREIO DO POVO,S,04/10/2026 05:47:24
BR087822026,BR,INSTITUTO VERITA LTDA,VERITA,00654576000172,S,2026-09-26,2026-09-26,2026-10-01,2026-10-02,1525,117425.00,2.5,texto,2.51,universo de eleitores aptos com 16 anos ou mais,3703,1413,INSTITUTO VERITA LTDA,INSTITUTO VERITA LTDA,N,04/10/2026 05:47:24
BR091282026,BR,RADAR INTELIGENCIA LTDA,RADAR ESTATISTICA,00481961000165,N,2026-09-26,2026-09-26,2026-10-01,2026-10-02,1100,76000.00,2.95,texto,2.95,,3885,204,ADIPR ASSOCIACAO DOS JORNAIS E PORTAIS DO PARANA / A D I,ADIPR ASSOCIACAO DOS JORNAIS E PORTAIS DO PARANA / A D I,S,04/10/2026 05:47:24
BR093852026,BR,NILSON ANTONIO GONCALVES DE SOUZA LTDA,CLENIX COMUNICACAO,36066848000160,S,2026-09-27,2026-09-28,2026-10-01,2026-10-03,1064,15000.00,3,texto,3.00,universo da pesquisa é composto por 289,1265,1033,NILSON ANTONIO GONCALVES DE SOUZA LTDA,NILSON ANTONIO GONCALVES DE SOUZA LTDA,N,04/10/2026 05:47:24
BR094342026,BR,INSTITUTO VERITA LTDA,VERITA,00654576000172,S,2026-09-26,2026-09-26,2026-10-01,2026-10-02,1220,93940.00,3,texto,2.81,universo de eleitores aptos com 16 anos ou mais,3709,1413,INSTITUTO VERITA LTDA,INSTITUTO VERITA LTDA,N,04/10/2026 05:47:24
BR095302026,BR,DATAFOLHA INSTITUTO DE PESQUISAS LTDA.,,07630546000175,N,2026-09-25,2026-09-28,2026-10-01,2026-10-01,921,100890.12,3,texto,3.23,Universo: Eleitorado do estado do Distrito Federal,2297,213,EMPRESA FOLHA DA MANHA S.A. | GLOBO COMUNICACAO E PARTICIPACOES S/A / TV/REDE/GLOBO.COM/CANAIS GLOBO/GLOBOPLAY/ELETROMIDIA,EMPRESA FOLHA DA MANHA S.A. | GLOBO COMUNICACAO E PARTICIPACOES S/A / TV/REDE/GLOBO.COM/CANAIS GLOBO/GLOBOPLAY/ELETROMIDIA,S | S,04/10/2026 05:47:24
BR096492026,BR,INSTITUTO VERITA LTDA,VERITA,00654576000172,S,2026-09-26,2026-09-26,2026-10-01,2026-10-02,1220,93940.00,3,texto,2.81,universo de eleitores aptos com 16 anos ou mais,3701,1413,INSTITUTO VERITA LTDA,INSTITUTO VERITA LTDA,N,04/10/2026 05:47:24
BR098472026,BR,INSTITUTO VERITA LTDA,VERITA,00654576000172,S,2026-09-26,2026-09-26,2026-10-01,2026-10-02,1525,117425.00,2.5,texto,2.51,universo de eleitores aptos com 16 anos ou mais,3704,1413,INSTITUTO VERITA LTDA,INSTITUTO VERITA LTDA,N,04/10/2026 05:47:24
BR099992026,BR,BADRA COMUNICACAO LTDA,BADRA COMUNICACAO,04209958000148,S,2026-09-26,2026-09-28,2026-10-01,2026-10-02,2946,18000.00,2,texto,1.81,"universo, ou seja, o eleitorado do Estado de São Paulo",2014,671,BADRA COMUNICACAO LTDA,BADRA COMUNICACAO LTDA,N,04/10/2026 05:47:24
BR000012026,BR,INSTITUTO DE PESQUISAS PERFIL LTDA,,10175843000182,N,2026-09-26,2026-09-29,2026-10-02,2026-10-02,1800,40000.00,2.31,texto,2.31,"universo, adotou-se um delineamento amostral probabilístico em três etapas: Na primeira etapa realiza-se um sorteio prob",2714,536,BDC COMUNICACOES LTDA,BDC COMUNICACOES LTDA,S,04/10/2026 05:47:24
BR002612026,BR,INSTITUTO VERITA LTDA,VERITA,00654576000172,S,2026-09-27,2026-09-28,2026-10-02,2026-10-03,1525,117425.00,2.5,texto,2.51,universo de eleitores aptos com 16 anos ou mais,3718,1413,INSTITUTO VERITA LTDA,INSTITUTO VERITA LTDA,N,04/10/2026 05:47:24
BR004372026,BR,INSTITUTO VERITA LTDA,VERITA,00654576000172,S,2026-09-27,2026-09-28,2026-10-02,2026-10-03,2030,156310.00,2.5,texto,2.18,universo de eleitores aptos com 16 anos ou mais,3717,1413,INSTITUTO VERITA LTDA,INSTITUTO VERITA LTDA,N,04/10/2026 05:47:24
BR005092026,BR,GERP MERCADOLOGIA LTDA,GRUPO GERP GERP MERCADO GERP OPINIAO GERPAUDIT,05270800000146,S,2026-09-23,2026-09-30,2026-10-02,2026-09-29,2400,20000.00,2.04,texto,2.00,"universo considerado infinito e um nível de confiança de 95,55%, a margem de erro para projeções dos dados é estimada em",1712,538,GERP MERCADOLOGIA LTDA,GERP MERCADOLOGIA LTDA,N,04/10/2026 05:47:24
BR006002026,BR,NEOBE GESTAO E SERVICOS LTDA,NEOKEMP PESQUISAS,29855711000120,N,2026-09-27,2026-10-01,2026-10-02,2026-10-03,1008,25000.00,3.1,texto,3.09,Universo: Eleitores do Estado do Paraná com 16 (dezesseis) anos ou mais,3281,789,JORNAL O CORREIO DO POVO LTDA / JORNAL O CORREIO DO POVO,JORNAL O CORREIO DO POVO LTDA / JORNAL O CORREIO DO POVO,S,04/10/2026 05:47:24
BR007312026,BR,100% CIDADES PARTICIPACOES LTDA,100 CIDADES,52908063000144,N,2026-09-26,2026-09-28,2026-10-02,2026-10-02,1000,63400.00,3.1,texto,3.10,,2843,462,POLITICA LIVRE COMUNICACAO LTDA / POLITICA LIVRE,POLITICA LIVRE COMUNICACAO LTDA / POLITICA LIVRE,S,04/10/2026 05:47:24
BR008862026,BR,INSTITUTO FRANCA DE PESQUISAS LTDA,INSTITUTO FRANCA DE PESQUISA PESQUISA E ASSESSORIA,24899123000174,S,2026-09-27,2026-09-28,2026-10-02,2026-10-03,1531,20000.00,3,texto,2.50,Universo: eleitoras e eleitores com 16 anos de idade ou mais,3225,654,INSTITUTO FRANCA DE PESQUISAS LTDA,INSTITUTO FRANCA DE PESQUISAS LTDA,N,04/10/2026 05:47:24
BR009992026,BR,ATLASINTEL TECNOLOGIA DE DADOS LTDA,ATLASINTEL,19259002000128,S,2026-09-27,2026-09-27,2026-10-02,2026-10-03,5000,75000.00,1,texto,1.39,,1086,165,ATLASINTEL TECNOLOGIA DE DADOS LTDA,ATLASINTEL TECNOLOGIA DE DADOS LTDA,N,04/10/2026 05:47:24
BR010682026,BR,REAL TIME MIDIA LTDA,REAL TIME BIG DATA,22345021000181,N,2026-09-27,2026-09-28,2026-10-02,2026-10-03,2000,20000.00,2,texto,2.19,,3388,394,TELEVISAO SOCIEDADE LIMITADA / REDE RECORD MINAS E/OU RECORD TV MINAS,TELEVISAO SOCIEDADE LIMITADA / REDE RECORD MINAS E/OU RECORD TV MINAS,S,04/10/2026 05:47:24
BR011772026,BR,ATLASINTEL TECNOLOGIA DE DADOS LTDA,ATLASINTEL,19259002000128,N,2026-09-27,2026-09-27,2026-10-02,2026-10-03,2200,75000.00,2,texto,2.09,,1084,164,EMPRESA EDITORA A TARDE S A / A TARDE,EMPRESA EDITORA A TARDE S A / A TARDE,S,04/10/2026 05:47:24
BR014872026,BR,INSTITUTO VERITA LTDA,VERITA,00654576000172,S,2026-09-27,2026-09-28,2026-10-02,2026-10-03,1220,93940.00,3,texto,2.81,universo de eleitores aptos com 16 anos ou mais,3706,1413,INSTITUTO VERITA LTDA,INSTITUTO VERITA LTDA,N,04/10/2026 05:47:24
BR017172026,BR,INSTITUTO VERITA LTDA,VERITA,00654576000172,S,2026-09-27,2026-09-28,2026-10-02,2026-10-03,1030,79310.00,3.5,texto,3.05,universo de eleitores aptos com 16 anos ou mais,3708,1413,INSTITUTO VERITA LTDA,INSTITUTO VERITA LTDA,N,04/10/2026 05:47:24
BR019932026,BR,INSTITUTO VERITA LTDA,VERITA,00654576000172,S,2026-09-27,2026-09-28,2026-10-02,2026-10-03,1220,93940.00,3,texto,2.81,universo de eleitores aptos com 16 anos ou mais,3700,1413,INSTITUTO VERITA LTDA,INSTITUTO VERITA LTDA,N,04/10/2026 05:47:24
BR020892026,BR,ATLASINTEL TECNOLOGIA DE DADOS LTDA,ATLASINTEL,19259002000128,S,2026-09-27,2026-09-27,2026-10-02,2026-10-03,1200,75000.00,3,texto,2.83,,1094,173,ATLASINTEL TECNOLOGIA DE DADOS LTDA,ATLASINTEL TECNOLOGIA DE DADOS LTDA,N,04/10/2026 05:47:24
BR021672026,BR,ATLASINTEL TECNOLOGIA DE DADOS LTDA,ATLASINTEL,19259002000128,S,2026-09-27,2026-09-27,2026-10-02,2026-10-03,1200,75000.00,3,texto,2.83,,1091,170,ATLASINTEL TECNOLOGIA DE DADOS LTDA,ATLASINTEL TECNOLOGIA DE DADOS LTDA,N,04/10/2026 05:47:24
BR022122026,BR,ATLASINTEL TECNOLOGIA DE DADOS LTDA,ATLASINTEL,19259002000128,S,2026-09-27,2026-09-27,2026-10-02,2026-10-03,800,75000.00,3,texto,3.46,,1083,163,ATLASINTEL TECNOLOGIA DE DADOS LTDA,ATLASINTEL TECNOLOGIA DE DADOS LTDA,N,04/10/2026 05:47:24
BR022982026,BR,ATLASINTEL TECNOLOGIA DE DADOS LTDA,ATLASINTEL,19259002000128,S,2026-09-27,2026-09-27,2026-10-02,2026-10-03,800,75000.00,3,texto,3.46,,1085,164,ATLASINTEL TECNOLOGIA DE DADOS LTDA,ATLASINTEL TECNOLOGIA DE DADOS LTDA,N,04/10/2026 05:47:24
BR023182026,BR,ATLASINTEL TECNOLOGIA DE DADOS LTDA,ATLASINTEL,19259002000128,S,2026-09-27,2026-09-27,2026-10-02,2026-10-03,1200,75000.00,3,texto,2.83,,1085,164,ATLASINTEL TECNOLOGIA DE DADOS LTDA,ATLASINTEL TECNOLOGIA DE DADOS LTDA,N,04/10/2026 05:47:24
BR024542026,BR,INSTITUTO VERITA LTDA,VERITA,00654576000172,S,2026-09-27,2026-09-28,2026-10-02,2026-10-03,2010,154770.00,2.5,texto,2.19,universo de eleitores aptos com 16 anos ou mais,3713,1413,INSTITUTO VERITA LTDA,INSTITUTO VERITA LTDA,N,04/10/2026 05:47:24
BR024782026,BR,ATLASINTEL TECNOLOGIA DE DADOS LTDA,ATLASINTEL,19259002000128,S,2026-09-27,2026-09-27,2026-10-02,2026-10-03,1200,75000.00,3,texto,2.83,,1099,178,ATLASINTEL TECNOLOGIA DE DADOS LTDA,ATLASINTEL TECNOLOGIA DE DADOS LTDA,N,04/10/2026 05:47:24
BR026282026,BR,ATLASINTEL TECNOLOGIA DE DADOS LTDA,ATLASINTEL,19259002000128,S,2026-09-27,2026-09-27,2026-10-02,2026-10-03,1800,75000.00,2,texto,2.31,,1095,176,ATLASINTEL TECNOLOGIA DE DADOS LTDA,ATLASINTEL TECNOLOGIA DE DADOS LTDA,N,04/10/2026 05:47:24
BR028422026,BR,ATLASINTEL TECNOLOGIA DE DADOS LTDA,ATLASINTEL,19259002000128,S,2026-09-27,2026-09-27,2026-10-02,2026-10-03,2200,75000.00,2,texto,2.09,,1094,173,ATLASINTEL TECNOLOGIA DE DADOS LTDA,ATLASINTEL TECNOLOGIA DE DADOS LTDA,N,04/10/2026 05:47:24
BR029282026,BR,INSTITUTO FRANCA DE PESQUISAS LTDA,INSTITUTO FRANCA DE PESQUISA PESQUISA E ASSESSORIA,24899123000174,S,2026-09-26,2026-09-28,2026-10-02,2026-10-02,2000,80000.00,2.2,texto,2.19,Universo: eleitoras e eleitores com 16 anos de idade ou mais,3226,645,INSTITUTO FRANCA DE PESQUISAS LTDA,INSTITUTO FRANCA DE PESQUISAS LTDA,N,04/10/2026 05:47:24
BR029502026,BR,NOVA IBRAPE PESQUISAS DE OPINIAO PUBLICA LTDA,NOVO IBRAPE,42098826000185,N,2026-09-27,2026-09-27,2026-10-02,2026-10-03,1000,29000.00,3,texto,3.10,universo correspondente ao público-alvo da pesquisa,3558,566,CAMPO GRANDE NOTICIAS LTDA / CAMPO GRANDE NEWS LTDA,CAMPO GRANDE NOTICIAS LTDA / CAMPO GRANDE NEWS LTDA,S,04/10/2026 05:47:24
BR029582026,BR,INSTITUTO VERITA LTDA,VERITA,00654576000172,S,2026-09-27,2026-09-28,2026-10-02,2026-10-03,2020,155540.00,2.5,texto,2.18,universo de eleitores aptos com 16 anos ou mais,3718,1413,INSTITUTO VERITA LTDA,INSTITUTO VERITA LTDA,N,04/10/2026 05:47:24
BR030912026,BR,V. C. H. A. SERVICOS LTDA.,VERITATE,05255333000185,N,2026-09-27,2026-09-27,2026-10-02,2026-10-03,1400,60000.00,2.5,texto,2.62,Universo: Eleitores do Estado do Pará com idade a partir de 16 anos conforme as estatísticas do eleitorado do TSE (setem,3740,754,"SEDEK SERVICOS, TECNOLOGIA & INFORMACAO LTDA / SEDEK","SEDEK SERVICOS, TECNOLOGIA & INFORMACAO LTDA / SEDEK",S,04/10/2026 05:47:24
BR031262026,BR,ATLASINTEL TECNOLOGIA DE DADOS LTDA,ATLASINTEL,19259002000128,S,2026-09-27,2026-09-27,2026-10-02,2026-10-03,1200,75000.00,3,texto,2.83,,1088,167,ATLASINTEL TECNOLOGIA DE DADOS LTDA,ATLASINTEL TECNOLOGIA DE DADOS LTDA,N,04/10/2026 05:47:24
BR031722026,BR,INSTITUTO VERITA LTDA,VERITA,00654576000172,S,2026-09-27,2026-09-28,2026-10-02,2026-10-03,1220,93940.00,3,texto,2.81,universo de eleitores aptos com 16 anos ou mais,3702,1413,INSTITUTO VERITA LTDA,INSTITUTO VERITA LTDA,N,04/10/2026 05:47:24
BR032932026,BR,IPEMS INSTITUTO DE PESQUISAS DE MATO GROSSO DO SUL LTDA,,36781946000180,N,2026-09-27,2026-09-28,2026-10-02,2026-10-03,820,40000.00,3.42,texto,3.42,Universo: Eleitorado do estado de Mato Grosso do Sul,2778,235,DRCOSTA'S JORNALISMO LTDA / JORNAL DE DOMINGO MS,DRCOSTA'S JORNALISMO LTDA / JORNAL DE DOMINGO MS,S,04/10/2026 05:47:24
BR035192026,BR,"PODERDATA PESQUISA, JORNALISMO E COMUNICACAO LTDA",PODERDATA,29550908000150,S,2026-09-27,2026-09-30,2026-10-02,2026-10-03,4000,103715.00,2,texto,1.55,Universo: eleitoras e eleitores com 16 anos de idade ou mais,3583,226,"PODERDATA PESQUISA, JORNALISMO E COMUNICACAO LTDA","PODERDATA PESQUISA, JORNALISMO E COMUNICACAO LTDA",N,04/10/2026 05:47:24
BR037032026,BR,ATLASINTEL TECNOLOGIA DE DADOS LTDA,ATLASINTEL,19259002000128,S,2026-09-27,2026-09-27,2026-10-02,2026-10-03,800,75000.00,3,texto,3.46,,1089,168,ATLASINTEL TECNOLOGIA DE DADOS LTDA,ATLASINTEL TECNOLOGIA DE DADOS LTDA,N,04/10/2026 05:47:24
BR043062026,BR,ATLASINTEL TECNOLOGIA DE DADOS LTDA,ATLASINTEL,19259002000128,S,2026-09-27,2026-09-27,2026-10-02,2026-10-03,1200,75000.00,3,texto,2.83,,1086,166,ATLASINTEL TECNOLOGIA DE DADOS LTDA,ATLASINTEL TECNOLOGIA DE DADOS LTDA,N,04/10/2026 05:47:24
BR043552026,BR,INSTITUTO VERITA LTDA,VERITA,00654576000172,S,2026-09-27,2026-09-28,2026-10-02,2026-10-03,3025,232925.00,2,texto,1.78,universo de eleitores aptos com 16 anos ou mais,3702,1413,INSTITUTO VERITA LTDA,INSTITUTO VERITA LTDA,N,04/10/2026 05:47:24
BR045222026,BR,INSTITUTO VERITA LTDA,VERITA,00654576000172,S,2026-09-27,2026-09-26,2026-10-02,2026-10-03,40500,200000.00,1,texto,0.49,universo de eleitores aptos com 16 anos ou mais,3911,1413,INSTITUTO VERITA LTDA,INSTITUTO VERITA LTDA,N,04/10/2026 05:47:24
BR045592026,BR,ATLASINTEL TECNOLOGIA DE DADOS LTDA,ATLASINTEL,19259002000128,S,2026-09-27,2026-09-27,2026-10-02,2026-10-03,1200,75000.00,3,texto,2.83,,1088,167,ATLASINTEL TECNOLOGIA DE DADOS LTDA,ATLASINTEL TECNOLOGIA DE DADOS LTDA,N,04/10/2026 05:47:24
BR046662026,BR,"JS PORTAIS, COMUNICACAO E PUBLICIDADE LTDA",INSTITUTO GP1 DE PESQUISA,26269731000120,N,2026-09-26,2026-09-30,2026-10-02,2026-10-02,1200,45000.00,2.83,texto,2.83,,1482,258,J C S HOLANDA  LTDA / JC COMUNICACAO,J C S HOLANDA  LTDA / JC COMUNICACAO,S,04/10/2026 05:47:24
BR047562026,BR,MDA-PESQUISA DE OPINIAO PUBLICA E CONSULT. ESTATIST. LTDA - EPP,,19090489000168,N,2026-09-27,2026-09-29,2026-10-02,2026-10-03,2002,222453.00,2.2,texto,2.19,universo desta pesquisa compreende os eleitores e eleitoras do Brasil com idade de 16 anos ou mais,2767,297,CONFEDERACAO NACIONAL DO TRANSPORTE,CONFEDERACAO NACIONAL DO TRANSPORTE,S,04/10/2026 05:47:24
BR049422026,BR,F. FACANHA DE ALMEIDA,DELTA AGENCIA DE PESQUISA,08984712000102,N,2026-09-27,2026-09-28,2026-10-02,2026-10-03,1000,30000.00,3.1,texto,3.10,universo pesquisa é o mesmo daquele encontrado na amostra não sendo necessário nenhum tipo de ponderação,1464,254,W.D COMERCIO E SERVICOS LTDA / W.D EMPREENDIMENTOS,W.D COMERCIO E SERVICOS LTDA / W.D EMPREENDIMENTOS,S,04/10/2026 05:47:24
BR054062026,BR,INSTITUTO VERITA LTDA,VERITA,00654576000172,S,2026-09-27,2026-09-28,2026-10-02,2026-10-03,1220,93940.00,3,texto,2.81,universo de eleitores aptos com 16 anos ou mais,3714,1413,INSTITUTO VERITA LTDA,INSTITUTO VERITA LTDA,N,04/10/2026 05:47:24
BR054712026,BR,ATLASINTEL TECNOLOGIA DE DADOS LTDA,ATLASINTEL,19259002000128,S,2026-09-27,2026-09-27,2026-10-02,2026-10-03,1200,75000.00,3,texto,2.83,,1087,166,ATLASINTEL TECNOLOGIA DE DADOS LTDA,ATLASINTEL TECNOLOGIA DE DADOS LTDA,N,04/10/2026 05:47:24
BR055882026,BR,ATLASINTEL TECNOLOGIA DE DADOS LTDA,ATLASINTEL,19259002000128,S,2026-09-27,2026-09-27,2026-10-02,2026-10-03,1200,75000.00,3,texto,2.83,,1087,167,ATLASINTEL TECNOLOGIA DE DADOS LTDA,ATLASINTEL TECNOLOGIA DE DADOS LTDA,N,04/10/2026 05:47:24
BR056612026,BR,ATLASINTEL TECNOLOGIA DE DADOS LTDA,ATLASINTEL,19259002000128,S,2026-09-27,2026-09-27,2026-10-02,2026-10-03,1200,75000.00,3,texto,2.83,,1094,175,ATLASINTEL TECNOLOGIA DE DADOS LTDA,ATLASINTEL TECNOLOGIA DE DADOS LTDA,N,04/10/2026 05:47:24
BR059742026,BR,ATLASINTEL TECNOLOGIA DE DADOS LTDA,ATLASINTEL,19259002000128,S,2026-09-27,2026-09-27,2026-10-02,2026-10-03,2200,75000.00,2,texto,2.09,,1092,171,ATLASINTEL TECNOLOGIA DE DADOS LTDA,ATLASINTEL TECNOLOGIA DE DADOS LTDA,N,04/10/2026 05:47:24
BR060912026,BR,INSTITUTO VERITA LTDA,VERITA,00654576000172,S,2026-09-27,2026-09-28,2026-10-02,2026-10-03,2010,154770.00,2.5,texto,2.19,universo de eleitores aptos com 16 anos ou mais,3707,1413,INSTITUTO VERITA LTDA,INSTITUTO VERITA LTDA,N,04/10/2026 05:47:24
BR062452026,BR,ATLASINTEL TECNOLOGIA DE DADOS LTDA,ATLASINTEL,19259002000128,N,2026-09-27,2026-09-27,2026-10-02,2026-10-03,1200,80000.00,3,texto,2.83,,1085,164,SISTEMA TIMON DE RADIODIFUSAO LTDA. / TV MEIO NORTE,SISTEMA TIMON DE RADIODIFUSAO LTDA. / TV MEIO NORTE,S,04/10/2026 05:47:24
BR063502026,BR,ATLASINTEL TECNOLOGIA DE DADOS LTDA,ATLASINTEL,19259002000128,S,2026-09-27,2026-09-27,2026-10-02,2026-10-03,800,75000.00,3,texto,3.46,,1087,166,ATLASINTEL TECNOLOGIA DE DADOS LTDA,ATLASINTEL TECNOLOGIA DE DADOS LTDA,N,04/10/2026 05:47:24
BR069292026,BR,NEOBE GESTAO E SERVICOS LTDA,NEOKEMP PESQUISAS,29855711000120,N,2026-09-27,2026-10-01,2026-10-02,2026-10-03,1008,25000.00,3.1,texto,3.09,Universo: Eleitores do Estado do Rio Grande do Sul com 16 (dezesseis) anos ou mais,3302,800,JORNAL O CORREIO DO POVO LTDA / JORNAL O CORREIO DO POVO,JORNAL O CORREIO DO POVO LTDA / JORNAL O CORREIO DO POVO,S,04/10/2026 05:47:24
BR070922026,BR,ATLASINTEL TECNOLOGIA DE DADOS LTDA,ATLASINTEL,19259002000128,S,2026-09-27,2026-09-27,2026-10-02,2026-10-03,1200,75000.00,3,texto,2.83,,1086,166,ATLASINTEL TECNOLOGIA DE DADOS LTDA,ATLASINTEL TECNOLOGIA DE DADOS LTDA,N,04/10/2026 05:47:24
BR075022026,BR,ATLASINTEL TECNOLOGIA DE DADOS LTDA,ATLASINTEL,19259002000128,S,2026-09-27,2026-09-27,2026-10-02,2026-10-03,2200,75000.00,2,texto,2.09,,1090,169,ATLASINTEL TECNOLOGIA DE DADOS LTDA,ATLASINTEL TECNOLOGIA DE DADOS LTDA,N,04/10/2026 05:47:24
BR075072026,BR,PERCENT PESQUISA DE MERCADO E OPINIAO LTDA,PERCENT PESQUISA DE MERCADO E OPINIAO,10544202000158,S,2026-09-24,2026-09-29,2026-10-02,2026-09-30,1200,30000.00,2.83,texto,2.83,,1569,1011,PERCENT PESQUISA DE MERCADO E OPINIAO LTDA,PERCENT PESQUISA DE MERCADO E OPINIAO LTDA,N,04/10/2026 05:47:24
BR077272026,BR,ATLASINTEL TECNOLOGIA DE DADOS LTDA,ATLASINTEL,19259002000128,N,2026-09-27,2026-09-27,2026-10-02,2026-10-03,1200,60000.00,3,texto,2.83,,1084,163,FEDERACAO DA AGRICULTURA E PECUARIA DO PARA,FEDERACAO DA AGRICULTURA E PECUARIA DO PARA,S,04/10/2026 05:47:24
BR078162026,BR,INSTITUTO DE PESQUISA INOPE EXCELENCIA LTDA,INST. DO NORTE DE OPINIAO PUBLICA E ESTATISTICA - INOPE,15625058000106,S,2026-09-25,2026-10-01,2026-10-02,2026-10-01,1079,15000.00,2.98,texto,2.98,"Universo: Eleitores aptos, com 16 anos ou mais, residentes no estado de Roraima, totalizando",1466,928,INSTITUTO DE PESQUISA INOPE EXCELENCIA LTDA,INSTITUTO DE PESQUISA INOPE EXCELENCIA LTDA,N,04/10/2026 05:47:24
BR078442026,BR,DATAVERO PESQUISA E CONSULTORIA LTDA,DATAVERO INSTITUTO DE PESQUISAS,43941908000102,N,2026-09-26,2026-09-30,2026-10-02,2026-10-02,1500,20000.00,2.53,texto,2.53,,3995,396,TL COMUNICACAO E MARKETING LTDA,TL COMUNICACAO E MARKETING LTDA,S,04/10/2026 05:47:24
BR079642026,BR,ATLASINTEL TECNOLOGIA DE DADOS LTDA,ATLASINTEL,19259002000128,S,2026-09-27,2026-09-27,2026-10-02,2026-10-03,1200,75000.00,3,texto,2.83,,1097,177,ATLASINTEL TECNOLOGIA DE DADOS LTDA,ATLASINTEL TECNOLOGIA DE DADOS LTDA,N,04/10/2026 05:47:24
BR080892026,BR,ATLASINTEL TECNOLOGIA DE DADOS LTDA,ATLASINTEL,19259002000128,S,2026-09-27,2026-09-27,2026-10-02,2026-10-03,1800,75000.00,2,texto,2.31,,1085,165,ATLASINTEL TECNOLOGIA DE DADOS LTDA,ATLASINTEL TECNOLOGIA DE DADOS LTDA,N,04/10/2026 05:47:24
BR081642026,BR,DOXA ARTE & COMUNICAO S/S LTDA,DOXA,07317438000147,N,2026-09-27,2026-09-27,2026-10-02,2026-10-03,2000,50000.00,2.2,texto,2.19,,2836,416,TV CIDADE VERDE BELEM LTDA / TV CIDADE VERDE BELEM,TV CIDADE VERDE BELEM LTDA / TV CIDADE VERDE BELEM,S,04/10/2026 05:47:24
BR083002026,BR,ATLASINTEL TECNOLOGIA DE DADOS LTDA,ATLASINTEL,19259002000128,S,2026-09-27,2026-09-27,2026-10-02,2026-10-03,2200,75000.00,2,texto,2.09,,1088,168,ATLASINTEL TECNOLOGIA DE DADOS LTDA,ATLASINTEL TECNOLOGIA DE DADOS LTDA,N,04/10/2026 05:47:24
BR086462026,BR,INSTITUTO FRANCA DE PESQUISAS LTDA,INSTITUTO FRANCA DE PESQUISA PESQUISA E ASSESSORIA,24899123000174,S,2026-09-26,2026-09-28,2026-10-02,2026-10-02,1500,58692.97,2.5,texto,2.53,Universo: eleitoras e eleitores com 16 anos de idade ou mais,3229,658,INSTITUTO FRANCA DE PESQUISAS LTDA,INSTITUTO FRANCA DE PESQUISAS LTDA,N,04/10/2026 05:47:24
BR087792026,BR,INSTITUTO FRANCA DE PESQUISAS LTDA,INSTITUTO FRANCA DE PESQUISA PESQUISA E ASSESSORIA,24899123000174,S,2026-09-27,2026-09-28,2026-10-02,2026-10-03,1067,23459.00,3,texto,3.00,Universo: eleitoras e eleitores com 16 anos de idade ou mais,3221,663,INSTITUTO FRANCA DE PESQUISAS LTDA,INSTITUTO FRANCA DE PESQUISAS LTDA,N,04/10/2026 05:47:24
BR091262026,BR,INSTITUTO VERITA LTDA,VERITA,00654576000172,S,2026-09-27,2026-09-28,2026-10-02,2026-10-03,1220,93940.00,3,texto,2.81,universo de eleitores aptos com 16 anos ou mais,3709,1413,INSTITUTO VERITA LTDA,INSTITUTO VERITA LTDA,N,04/10/2026 05:47:24
BR094282026,BR,100% CIDADES PARTICIPACOES LTDA,100 CIDADES,52908063000144,N,2026-09-26,2026-09-28,2026-10-02,2026-10-02,1600,128000.00,2.4,texto,2.45,,2897,466,FUTURA CONSULTORIA E ASSESSORIA LTDA / FUTURA,FUTURA CONSULTORIA E ASSESSORIA LTDA / FUTURA,S,04/10/2026 05:47:24
BR094652026,BR,ATLASINTEL TECNOLOGIA DE DADOS LTDA,ATLASINTEL,19259002000128,S,2026-09-27,2026-09-27,2026-10-02,2026-10-03,1200,75000.00,3,texto,2.83,,1092,173,ATLASINTEL TECNOLOGIA DE DADOS LTDA,ATLASINTEL TECNOLOGIA DE DADOS LTDA,N,04/10/2026 05:47:24
BR096002026,BR,INSTITUTO FRANCA DE PESQUISAS LTDA,INSTITUTO FRANCA DE PESQUISA PESQUISA E ASSESSORIA,24899123000174,S,2026-09-27,2026-09-30,2026-10-02,2026-10-03,1814,30000.00,2.3,texto,2.30,,3887,658,INSTITUTO FRANCA DE PESQUISAS LTDA,INSTITUTO FRANCA DE PESQUISAS LTDA,N,04/10/2026 05:47:24
BR096682026,BR,INSTITUTO VERITA LTDA,VERITA,00654576000172,S,2026-09-27,2026-09-28,2026-10-02,2026-10-03,1220,93940.00,3,texto,2.81,universo de eleitores aptos com 16 anos ou mais,3710,1413,INSTITUTO VERITA LTDA,INSTITUTO VERITA LTDA,N,04/10/2026 05:47:24
BR097562026,BR,ATLASINTEL TECNOLOGIA DE DADOS LTDA,ATLASINTEL,19259002000128,N,2026-09-27,2026-09-27,2026-10-02,2026-10-03,2200,55000.00,2,texto,2.09,,1084,164,FOCUS COMUNICACAO E MIDIA LTDA,FOCUS COMUNICACAO E MIDIA LTDA,S,04/10/2026 05:47:24
BR001982026,BR,PALVER CONSULTORIA E DESENVOLVIMENTO TECNOLOGICO LTDA.,PALVER,41522141000151,S,2026-09-27,2026-09-30,2026-10-03,2026-10-03,5000,30000.00,4,texto,1.39,,2562,549,PALVER CONSULTORIA E DESENVOLVIMENTO TECNOLOGICO LTDA.,PALVER CONSULTORIA E DESENVOLVIMENTO TECNOLOGICO LTDA.,N,04/10/2026 05:47:24
BR010232026,BR,RANKING BRASIL INTELIGENCIA LTDA,RANKING BRASIL INTELIGENCIA,49860741000131,N,2026-09-27,2026-10-01,2026-10-03,2026-10-03,2000,20000.00,2.2,texto,2.19,,3856,303,RADIO FM D A LTDA / RADIO FM D.A.,RADIO FM D A LTDA / RADIO FM D.A.,Recursos Próprios,04/10/2026 05:47:24
BR017082026,BR,DATAFOLHA INSTITUTO DE PESQUISAS LTDA.,,07630546000175,N,2026-09-27,2026-10-03,2026-10-03,2026-10-03,4006,461462.40,4,texto,1.55,Universo: Eleitorado brasileiro,2246,203,EMPRESA FOLHA DA MANHA S.A. | GLOBO COMUNICACAO E PARTICIPACOES S/A / TV/REDE/GLOBO.COM/CANAIS GLOBO/GLOBOPLAY/ELETROMIDIA,EMPRESA FOLHA DA MANHA S.A. | GLOBO COMUNICACAO E PARTICIPACOES S/A / TV/REDE/GLOBO.COM/CANAIS GLOBO/GLOBOPLAY/ELETROMIDIA,S | S,04/10/2026 05:47:24
BR021972026,BR,"QUAEST PESQUISAS, CONSULTORIA E PROJETOS LTDA.",,22445600000104,N,2026-09-27,2026-10-02,2026-10-03,2026-10-03,3702,570108.00,2,texto,1.61,,3228,570,GLOBO COMUNICACAO E PARTICIPACOES S/A / TV/REDE/GLOBO.COM/CANAIS GLOBO/GLOBOPLAY/ELETROMIDIA | EDITORA GLOBO S/A / EDITORA GLOBO,GLOBO COMUNICACAO E PARTICIPACOES S/A / TV/REDE/GLOBO.COM/CANAIS GLOBO/GLOBOPLAY/ELETROMIDIA | EDITORA GLOBO S/A / EDITORA GLOBO,S | S,04/10/2026 05:47:24
BR024312026,BR,100% CIDADES PARTICIPACOES LTDA,100 CIDADES,52908063000144,N,2026-09-27,2026-09-29,2026-10-03,2026-10-03,2000,160000.00,2.2,texto,2.19,,3153,454,FUTURA CONSULTORIA E ASSESSORIA LTDA / FUTURA,FUTURA CONSULTORIA E ASSESSORIA LTDA / FUTURA,S,04/10/2026 05:47:24
BR034622026,BR,DATAFOLHA INSTITUTO DE PESQUISAS LTDA.,,07630546000175,N,2026-09-27,2026-10-02,2026-10-03,2026-10-03,1650,204703.92,2,texto,2.41,Universo: Eleitorado do estado de Pernambuco,2593,217,GLOBO COMUNICACAO E PARTICIPACOES S/A / TV/REDE/GLOBO.COM/CANAIS GLOBO/GLOBOPLAY/ELETROMIDIA | EMPRESA FOLHA DA MANHA S.A.,GLOBO COMUNICACAO E PARTICIPACOES S/A / TV/REDE/GLOBO.COM/CANAIS GLOBO/GLOBOPLAY/ELETROMIDIA | EMPRESA FOLHA DA MANHA S.A.,S | S,04/10/2026 05:47:24
BR051982026,BR,DATAFOLHA INSTITUTO DE PESQUISAS LTDA.,,07630546000175,N,2026-09-27,2026-10-01,2026-10-03,2026-10-03,1564,219346.74,5,texto,2.48,Universo: Eleitorado do estado do Piauí,2333,212,TV RADIO CLUBE DE TERESINA SA,TV RADIO CLUBE DE TERESINA SA,S,04/10/2026 05:47:24
BR058462026,BR,A J TECH LTDA,VETOR TECNOLOGIA E PESQUISAS,55498337000162,N,2026-09-27,2026-09-26,2026-10-03,2026-10-03,1602,33000.00,2.45,texto,2.45,,804,1882,CONECTA PIAUI PRODUTORA E COMUNICACAO LTDA / CONECTA PIAUI PORTAL E PRODUTORA,CONECTA PIAUI PRODUTORA E COMUNICACAO LTDA / CONECTA PIAUI PORTAL E PRODUTORA,S,04/10/2026 05:47:24
BR064692026,BR,DATAFOLHA INSTITUTO DE PESQUISAS LTDA.,,07630546000175,N,2026-09-27,2026-10-02,2026-10-03,2026-10-03,1560,155200.00,2,texto,2.48,Universo: Eleitores do estado do Ceará,2320,222,EMPRESA JORNALISTICA O POVO S A / JORNAL O POVO,EMPRESA JORNALISTICA O POVO S A / JORNAL O POVO,S,04/10/2026 05:47:24
BR070252026,BR,DATAFOLHA INSTITUTO DE PESQUISAS LTDA.,,07630546000175,N,2026-09-27,2026-10-02,2026-10-03,2026-10-03,2520,290166.66,4,texto,1.95,universo,2381,240,GLOBO COMUNICACAO E PARTICIPACOES S/A / TV/REDE/GLOBO.COM/CANAIS GLOBO/GLOBOPLAY/ELETROMIDIA | EMPRESA FOLHA DA MANHA S.A.,GLOBO COMUNICACAO E PARTICIPACOES S/A / TV/REDE/GLOBO.COM/CANAIS GLOBO/GLOBOPLAY/ELETROMIDIA | EMPRESA FOLHA DA MANHA S.A.,S | S,04/10/2026 05:47:24
BR079192026,BR,DATAFOLHA INSTITUTO DE PESQUISAS LTDA.,,07630546000175,N,2026-09-27,2026-10-02,2026-10-03,2026-10-03,2010,270086.00,6,texto,2.19,Universo: Eleitorado do estado de Minas Gerais,2468,218,GLOBO COMUNICACAO E PARTICIPACOES S/A / TV/REDE/GLOBO.COM/CANAIS GLOBO/GLOBOPLAY/ELETROMIDIA | EMPRESA FOLHA DA MANHA S.A.,GLOBO COMUNICACAO E PARTICIPACOES S/A / TV/REDE/GLOBO.COM/CANAIS GLOBO/GLOBOPLAY/ELETROMIDIA | EMPRESA FOLHA DA MANHA S.A.,S | S,04/10/2026 05:47:24
BR079332026,BR,DATAFOLHA INSTITUTO DE PESQUISAS LTDA.,,07630546000175,N,2026-09-27,2026-10-02,2026-10-03,2026-10-03,2010,217364.00,3,texto,2.19,Universo: Eleitorado do estado do Rio de Janeiro,2511,220,EMPRESA FOLHA DA MANHA S.A. | GLOBO COMUNICACAO E PARTICIPACOES S/A / TV/REDE/GLOBO.COM/CANAIS GLOBO/GLOBOPLAY/ELETROMIDIA,EMPRESA FOLHA DA MANHA S.A. | GLOBO COMUNICACAO E PARTICIPACOES S/A / TV/REDE/GLOBO.COM/CANAIS GLOBO/GLOBOPLAY/ELETROMIDIA,S | S,04/10/2026 05:47:24
BR081682026,BR,GERP MERCADOLOGIA LTDA,GRUPO GERP GERP MERCADO GERP OPINIAO GERPAUDIT,05270800000146,S,2026-09-23,2026-10-01,2026-10-03,2026-09-29,2400,20000.00,2.04,texto,2.00,"universo considerado infinito e um nível de confiança de 95,55%, a margem de erro para projeções dos dados é estimada em",1712,538,GERP MERCADOLOGIA LTDA,GERP MERCADOLOGIA LTDA,N,04/10/2026 05:47:24
BR098122026,BR,DATAFOLHA INSTITUTO DE PESQUISAS LTDA.,,07630546000175,N,2026-09-27,2026-10-02,2026-10-03,2026-10-03,1620,179360.22,3,texto,2.43,Universo: Eleitorado do estado do Distrito Federal,2298,212,EMPRESA FOLHA DA MANHA S.A. | GLOBO COMUNICACAO E PARTICIPACOES S/A / TV/REDE/GLOBO.COM/CANAIS GLOBO/GLOBOPLAY/ELETROMIDIA,EMPRESA FOLHA DA MANHA S.A. | GLOBO COMUNICACAO E PARTICIPACOES S/A / TV/REDE/GLOBO.COM/CANAIS GLOBO/GLOBOPLAY/ELETROMIDIA,S | S,04/10/2026 05:47:24
BR081342026,BR,"PODERDATA PESQUISA, JORNALISMO E COMUNICACAO LTDA",PODERDATA,29550908000150,S,2026-10-02,2026-10-05,2026-10-07,2026-10-08,3000,103715.00,1.8,texto,1.79,Universo: eleitoras e eleitores com 16 anos de idade ou mais,3450,226,"PODERDATA PESQUISA, JORNALISMO E COMUNICACAO LTDA","PODERDATA PESQUISA, JORNALISMO E COMUNICACAO LTDA",N,04/10/2026 05:47:24
BR096232026,BR,INSTITUTO VOX BRASIL OPINIAO E PESQUISAS LTDA,,45613076000120,S,2026-10-03,2026-10-05,2026-10-07,2026-10-09,2100,50000.00,2.15,texto,2.14,,2396,340,INSTITUTO VOX BRASIL OPINIAO E PESQUISAS LTDA,INSTITUTO VOX BRASIL OPINIAO E PESQUISAS LTDA,N,04/10/2026 05:47:24
BR018802026,BR,DATAFOLHA INSTITUTO DE PESQUISAS LTDA.,,07630546000175,N,2026-10-02,2026-10-06,2026-10-08,2026-10-08,1204,130418.94,3,texto,2.82,Universo: Eleitorado do estado do Rio de Janeiro,2517,245,EMPRESA FOLHA DA MANHA S.A. | GLOBO COMUNICACAO E PARTICIPACOES S/A / TV/REDE/GLOBO.COM/CANAIS GLOBO/GLOBOPLAY/ELETROMIDIA,EMPRESA FOLHA DA MANHA S.A. | GLOBO COMUNICACAO E PARTICIPACOES S/A / TV/REDE/GLOBO.COM/CANAIS GLOBO/GLOBOPLAY/ELETROMIDIA,S | S,04/10/2026 05:47:24
BR020362026,BR,DATAFOLHA INSTITUTO DE PESQUISAS LTDA.,,07630546000175,N,2026-10-02,2026-10-06,2026-10-08,2026-10-08,1204,162051.60,6,texto,2.82,universo,2435,218,GLOBO COMUNICACAO E PARTICIPACOES S/A / TV/REDE/GLOBO.COM/CANAIS GLOBO/GLOBOPLAY/ELETROMIDIA | EMPRESA FOLHA DA MANHA S.A.,GLOBO COMUNICACAO E PARTICIPACOES S/A / TV/REDE/GLOBO.COM/CANAIS GLOBO/GLOBOPLAY/ELETROMIDIA | EMPRESA FOLHA DA MANHA S.A.,S | S,04/10/2026 05:47:24
BR029492026,BR,DATAFOLHA INSTITUTO DE PESQUISAS LTDA.,,07630546000175,N,2026-10-02,2026-10-06,2026-10-08,2026-10-08,2520,384552.00,4,texto,1.95,Universo: Eleitorado brasileiro,2258,216,GLOBO COMUNICACAO E PARTICIPACOES S/A / TV/REDE/GLOBO.COM/CANAIS GLOBO/GLOBOPLAY/ELETROMIDIA | EMPRESA FOLHA DA MANHA S.A.,GLOBO COMUNICACAO E PARTICIPACOES S/A / TV/REDE/GLOBO.COM/CANAIS GLOBO/GLOBOPLAY/ELETROMIDIA | EMPRESA FOLHA DA MANHA S.A.,S | S,04/10/2026 05:47:24
BR036632026,BR,ATLASINTEL TECNOLOGIA DE DADOS LTDA,ATLASINTEL,19259002000128,S,2026-10-03,2026-10-03,2026-10-08,2026-10-09,5000,75000.00,1,texto,1.39,,1060,165,ATLASINTEL TECNOLOGIA DE DADOS LTDA,ATLASINTEL TECNOLOGIA DE DADOS LTDA,N,04/10/2026 05:47:24
BR058152026,BR,DATAFOLHA INSTITUTO DE PESQUISAS LTDA.,,07630546000175,N,2026-10-02,2026-10-06,2026-10-08,2026-10-08,1610,185706.64,4,texto,2.44,Universo: Eleitorado do estado de São Paulo,2505,215,EMPRESA FOLHA DA MANHA S.A. | GLOBO COMUNICACAO E PARTICIPACOES S/A / TV/REDE/GLOBO.COM/CANAIS GLOBO/GLOBOPLAY/ELETROMIDIA,EMPRESA FOLHA DA MANHA S.A. | GLOBO COMUNICACAO E PARTICIPACOES S/A / TV/REDE/GLOBO.COM/CANAIS GLOBO/GLOBOPLAY/ELETROMIDIA,S | S,04/10/2026 05:47:24
BR084752026,BR,DATAFOLHA INSTITUTO DE PESQUISAS LTDA.,,07630546000175,N,2026-10-02,2026-10-06,2026-10-08,2026-10-08,1204,153527.92,3,texto,2.82,Universo: Eleitorado do estado de Pernambuco,2557,219,EMPRESA FOLHA DA MANHA S.A. | GLOBO COMUNICACAO E PARTICIPACOES S/A / TV/REDE/GLOBO.COM/CANAIS GLOBO/GLOBOPLAY/ELETROMIDIA,EMPRESA FOLHA DA MANHA S.A. | GLOBO COMUNICACAO E PARTICIPACOES S/A / TV/REDE/GLOBO.COM/CANAIS GLOBO/GLOBOPLAY/ELETROMIDIA,S | S,04/10/2026 05:47:24
BR098562026,BR,DATAFOLHA INSTITUTO DE PESQUISAS LTDA.,,07630546000175,N,2026-10-02,2026-10-06,2026-10-08,2026-10-08,910,100890.12,3,texto,3.25,Universo: Eleitorado do estado do Distrito Federal,2297,212,EMPRESA FOLHA DA MANHA S.A. | GLOBO COMUNICACAO E PARTICIPACOES S/A / TV/REDE/GLOBO.COM/CANAIS GLOBO/GLOBOPLAY/ELETROMIDIA,EMPRESA FOLHA DA MANHA S.A. | GLOBO COMUNICACAO E PARTICIPACOES S/A / TV/REDE/GLOBO.COM/CANAIS GLOBO/GLOBOPLAY/ELETROMIDIA,S | S,04/10/2026 05:47:24
